0.0,6.287897696159971,0.0,0.17071654754451168,0.0,-1.4232656904359742
0.0,6.040905540363071,0.0,0.2063520697399554,1.7939027955944373e-17,-1.4097998476938784
0.0,6.4457292924125715,0.0,0.23799817858229086,-7.196258505154948e-17,-1.3340573735998231
0.0,6.850853044462072,0.0,0.26864966267815243,-7.728654229198469e-17,-1.2521689750263252
0.0,7.256276796511571,0.0,0.2983371083391248,-7.347081775121586e-17,-1.1638259935553803
0.0,7.662000548561072,0.0,0.33343215794801295,-1.1936317535267987e-16,-1.0641997678985304
0.0,7.94735372032405,0.0,0.3678670217173074,-1.544697245169865e-16,-0.9707993595269528
0.0,8.04375748017905,0.0,0.39441057771912413,-8.034264113824961e-17,-0.8957281738673403
0.0,7.990845943844748,0.0,0.4093909390457184,-8.192102681169572e-17,-0.8359257952892927
0.0,7.817098852711772,0.0,0.40991731786813873,-6.073668908834897e-17,-0.7888079253685795
0.0,7.544396128888467,0.0,0.3939269324649177,-6.586435092460796e-17,-0.7524078754016061
0.0,7.248022799941582,0.0,0.37317947653484,-6.122104974234056e-17,-0.7228349192406038
0.0,6.978645940925171,0.0,0.35551058562436405,-8.275810319640359e-17,-0.6925082056968995
0.0,6.759417827495919,0.0,0.34301095708621726,-5.91430942145205e-17,-0.6586192223841375
0.0,6.57648061544632,0.0,0.3345804530861487,-2.1054195039686188e-17,-0.6228111940578337
0.0,6.420116733294348,0.0,0.3293714180133151,-6.038448944062692e-17,-0.586218668112097
0.0,6.2834191202013,0.0,0.3267152215355922,-9.008130850622205e-17,-0.5496368730798948
0.0,6.16162512665001,0.0,0.3260997892292538,-1.861779879890343e-16,-0.5136053687391811
0.0,6.051717761522031,0.0,0.32716412476162077,-2.180932146816661e-16,-0.4784583727839469
0.0,5.952147544484956,0.0,0.3296972525335574,-1.801582321824751e-16,-0.44436155499069313
0.0,5.862592780478802,0.0,0.3336336364592255,-1.641245297192354e-16,-0.4113453212542682
0.0,5.78363024925507,0.0,0.33902899702265876,-1.8516236885849355e-16,-0.3793471663385661
0.0,5.667074874907152,0.0,0.3390055134451139,-1.590190774958445e-16,-0.36030554818936683
0.0,5.516040513552062,0.0,0.33466787786800845,-1.3864233158456434e-16,-0.3524338490776598
0.0,5.337948025178026,0.0,0.32739510781394343,-1.009347173446564e-16,-0.35205615304595544
0.0,5.1476143348485,0.0,0.31837245475292203,-9.823960336621374e-17,-0.3529245136655914
0.0,4.974987442193727,0.0,0.30627779751944567,-9.886441362444072e-17,-0.34730086558177364
0.0,4.779518109019781,0.0,0.2862197128407407,-9.053579062003987e-17,-0.3434339421485951
0.0,4.591726483543705,0.0,0.26661195407147903,-8.512468658491505e-17,-0.34155790192053703
0.0,4.411311132066758,0.0,0.24807658398877197,-8.323564497141745e-17,-0.34007835956016713
0.0,4.237982456848194,0.0,0.23068264668536775,-7.727286194211291e-17,-0.3387034854023031
0.0,4.071462231354917,0.0,0.2144142140982251,-6.692697937384273e-17,-0.3373220872455244
0.0,3.9114831537600088,0.0,0.19923638116689396,-5.837292377199578e-17,-0.335857422850278
0.0,3.757788417973573,0.0,0.18510600931148316,-6.147593139040534e-17,-0.33424970772382534
0.0,3.6101313015174825,0.0,0.17197529472722867,-5.604733184438666e-17,-0.3324516694632551
0.0,3.468274769582611,0.0,0.15979379178567424,-4.3320384277480786e-17,-0.33042623876723504
0.0,3.3319910946331683,0.0,0.14850983499237722,-2.926609837975551e-17,-0.3281448302027545
0.0,3.2010614909476196,0.0,0.13807159140056627,-2.2626720744400266e-17,-0.3255859197931155
0.0,3.075275763509738,0.0,0.12842784116148973,-1.723083337177854e-17,-0.3227338402621014
0.0,2.9544319706862794,0.0,0.1195285484533687,-3.960605467432476e-18,-0.31957775668656174
0.0,2.838336100149944,0.0,0.11132526926422154,1.0822420601427841e-18,-0.3161107961450278
0.0,2.726801757527556,0.0,0.10377143225793292,1.092755137998845e-17,-0.31232930962682665
0.0,2.619649867273764,0.0,0.09682252128098277,-2.436768341754204e-18,-0.30823224761179435
0.0,2.5167083852902463,0.0,0.09043618208340176,-8.886026506321242e-18,-0.3038206332720542
0.0,2.417812022829173,0.0,0.08457227110475202,-1.1133312972365705e-17,-0.2990971194142092
0.0,2.322801981237905,0.0,0.07919286042987317,-1.3325724410852792e-18,-0.2940656171540662
0.0,2.231525697119178,0.0,0.07426221004076249,6.699465703857913e-19,-0.2887309859438336
0.0,2.143836597497835,0.0,0.06974671612057642,7.048947094355543e-18,-0.28309877598790845
0.0,2.0595938646011653,0.0,0.06561484227688143,1.2236362576034808e-17,-0.2771750153147075
0.0,1.978662209875389,0.0,0.06183703904709211,1.5828760804990218e-17,-0.27096603484257825
0.0,1.9009116568755846,0.0,0.058327298914313375,2.811682313390959e-17,-0.26458489105869026
0.0,1.8262173326806819,0.0,0.05510147938243567,3.929927071129755e-17,-0.2580440367655716
0.0,1.7544592674987283,0.0,0.05214234741044485,3.5353142729677967e-17,-0.25132298869902986
0.0,1.6855222021408598,0.0,0.04943264661417632,4.434085239429652e-17,-0.24440571903581104
0.0,1.619295403054998,0.0,0.046955341189327045,4.90389255064061e-17,-0.237279869244122
0.0,1.5556724846224195,0.0,0.04469379486930988,5.774001653518531e-17,-0.22993610087197708
0.0,1.4945512384320385,0.0,0.0426318995573886,6.349771156097017e-17,-0.2223675577040736
0.0,1.4358334692583932,0.0,0.040754164949564665,7.564924131109844e-17,-0.2145694191145515
0.0,1.379424837480113,0.0,0.03904577794706603,8.42379888980625e-17,-0.20653852852909244
0.0,1.3252347076859943,0.0,0.03748620675255717,8.207065862142078e-17,-0.19831861804025866
0.0,1.273176003225691,0.0,0.03599388770337884,6.636089245726369e-17,-0.19042103335650234
0.0,1.2231650664716245,0.0,0.034565674209535095,6.587723214072828e-17,-0.1828329636115343
0.0,1.175121524567844,0.0,0.03319859732828173,5.691540388962443e-17,-0.17554209485617725
0.0,1.1289681604503865,0.0,0.03188985196712164,4.4416978280996817e-17,-0.16853659453061234
0.0,1.0846307889321538,0.0,0.03063678467331909,7.274843670578437e-17,-0.16180509563246284
0.0,1.0420381376534342,0.0,0.02943688275638902,7.689691854666644e-17,-0.15533668075979715
0.0,1.00112173270702,0.0,0.028287764539772317,6.12402484630113e-17,-0.1491208661738092
0.0,0.9618157887543701,0.0,0.027187170577297852,7.271758212624736e-17,-0.14314758599713806
0.0,0.9240571034564605,0.0,0.02613295570015937,4.915711161801629e-17,-0.13740717663939597
0.0,0.8877849560499214,0.0,0.025123081784374245,2.3220384579140448e-17,-0.13189036152124003
0.0,0.8529410099056732,0.0,0.02415561114731587,5.354534300020786e-17,-0.1265882361513587
0.0,0.8194692189136996,0.0,0.023228700497247498,5.189014260549245e-17,-0.12149225359683904
0.0,0.7873157375437086,0.0,0.022340595371832007,6.549068071445426e-17,-0.1165942103758956
0.0,0.7564288344373534,0.0,0.02148962501102894,5.87694560259139e-17,-0.11188623279249009
0.0,0.7267588093933404,0.0,0.020674197618448492,6.129767718969628e-17,-0.10736076372486789
0.0,0.698257913612192,0.0,0.0198927959709607,5.0401140662064094e-17,-0.10301054987376404
0.0,0.6708802730726856,0.0,0.01914397334222652,4.605270190126072e-17,-0.09882862947117228
0.0,0.6445818149169854,0.0,0.018426349710231993,2.1215759246930357e-17,-0.09480832044666643
0.0,0.619320196726337,0.0,0.01773860822244963,-7.6904730869498e-18,-0.09094320904516212
0.0,0.5950547385738194,0.0,0.01707949189549897,-1.132203132704018e-17,-0.08722713888767446
0.0,0.5717463577451138,0.0,0.0164478005291993,1.4905931160443885e-18,-0.08365420046484226
0.0,0.5493575060225263,0.0,0.015842387816369954,-1.3875440459473188e-17,-0.0802187210515982
0.0,0.5278521094316098,0.0,0.015262158632821252,-2.7306457839381582e-17,-0.0769152550305233
0.0,0.5071955103537016,0.0,0.014706066492438604,-2.244102862434525e-17,-0.07373857461065399
0.0,0.4873544119114611,0.0,0.01417311115499814,1.793108018619309e-18,-0.07068366092826989
0.0,0.46829682453817006,0.0,0.01366233637449594,-1.1658407137177526e-17,-0.06774569551585823
0.0,0.44999201464503913,0.0,0.013172827777865753,-2.1926573136713435e-17,-0.0649200521255357
0.0,0.4324104553041409,0.0,0.012703710864110438,-2.548054378919514e-17,-0.06220228889322227
0.0,0.41552377886782954,0.0,0.012254149115516156,-2.4447771215133663e-17,-0.05958814083010085
0.0,0.39930473144860357,0.0,0.011823342212920841,-3.394314959996533e-17,-0.05707351262814844
0.0,0.383727129186361,0.0,0.0114105243477137,-3.227023976544974e-17,-0.05465447176683352
0.0,0.36876581623286286,0.0,0.011014962624277303,-2.3231037156226172e-17,-0.05232724190846259
0.0,0.35439662438598385,0.0,0.010635955546548809,-2.4523207515716205e-17,-0.05008819657002814
0.0,0.3405963343089523,0.0,0.010272831583487262,-1.4900024841102245e-17,-0.04793385305984105
0.0,0.3273426382723679,0.0,0.009924947808179417,-7.828150427872287e-18,-0.04586086666763446
0.0,0.31461410435917886,0.0,0.009591688605947377,-7.435399099013157e-18,-0.043866025097269556
0.0,0.30239014207519377,0.0,0.009272464447467665,-1.1044912271921533e-17,-0.04194624313159184
0.0,0.29065096930992795,0.0,0.008966710722436967,-6.265070271870725e-18,-0.04009855751940926
0.0,0.2793775805947617,0.0,0.008673886630714618,-9.195108292698538e-18,-0.03832012207498712
0.0,0.2685517166074781,0.0,0.008393474127188024,-5.336691168554371e-18,-0.03660820298085568
0.0,0.2581558348742314,0.0,0.008124976917381177,-5.499078362976625e-18,-0.03496017428512383
0.0,0.24817308162193252,0.0,0.007867919500951961,-7.53331992346735e-18,-0.033373513584878986
0.0,0.23858726473587677,0.0,0.007621846260413269,-7.22986247050528e-18,-0.03184579788761916
0.0,0.22938282777922198,0.0,0.007386320592412503,-1.5104296235627923e-17,-0.030374699643029378
0.0,0.2205448250326083,0.0,0.007160924079676643,-1.3085711614769826e-17,-0.02895798293774805
0.0,0.21205889751388005,0.0,0.006912496737124067,-6.6367635167709665e-18,-0.02761259991213709
0.0,0.20391124993941392,0.0,0.006707463091263332,-1.8674472997816778e-18,-0.026297569357931934
0.0,0.19608862859008153,0.0,0.006511353801098692,-1.5204180680480943e-18,-0.02503075370817536
0.0,0.18857830004632742,0.0,0.006323817705395305,4.151394552014637e-18,-0.023810247534619376
0.0,0.18136803075823754,0.0,0.0061445181343216995,4.92902455586889e-19,-0.0226342202699414
0.0,0.17444606741780536,0.0,0.0059731322874135,-2.7196567468414042e-18,-0.02150091324214763
0.0,0.16780111810190287,0.0,0.005809350639219026,-4.8236476595757715e-18,-0.020408636829065723
0.0,0.16142233415568957,0.0,0.005652876371205781,-3.936938666150262e-18,-0.019355767727850158
0.0,0.15529929278738763,0.0,0.005503424829148357,-6.360511324643715e-18,-0.018340746334646555
0.0,0.1494219803464941,0.0,0.005360723004280857,-9.183732439314297e-18,-0.01736207422978986
0.0,0.14378077625857963,0.0,0.0052245090372920865,-1.253596501312386e-17,-0.016418311764117177
0.0,0.1383664375909176,0.0,0.0050945317442925376,-1.4815714386026092e-17,-0.015508075742156468
0.0,0.13317008422414883,0.0,0.004970550163395726,-1.3713249147811331e-17,-0.014630037198164914
0.0,0.12818318460619738,0.0,0.00485233312117146,-1.2738429944214317e-17,-0.013782919261159914
0.0,0.12339754206557434,0.0,0.0047396588181023245,-1.444813795132356e-17,-0.012965495105243804
0.0,0.11880528166210388,0.0,0.004632314432035181,-1.3767673863396362e-17,-0.012176585981710345
0.0,0.11439883755396472,0.0,0.004530095738928712,-1.2894336283761559e-17,-0.011415059329551922
0.0,0.11017094086078069,0.0,0.00443280675013734,-1.169065243749366e-17,-0.0106798269611541
0.0,0.10611460800327978,0.0,0.004340259365387433,-1.153583907067215e-17,-0.009969843320086873
0.0,0.10222312950080109,0.0,0.004252273040821729,-1.3396981808955533e-17,-0.009284103808053046
0.0,0.09849005920868828,0.0,0.004168674471499147,-1.2510970202366029e-17,-0.008621643178163954
0.0,0.09490920397827722,0.0,0.004089297287629372,-1.1582035640815708e-17,-0.007981533991852207
0.0,0.09147461372290482,0.0,0.004013981763877083,-1.6724219267733488e-17,-0.007362885136827743
0.0,0.08818057187397788,0.0,0.003942574541418699,-1.676872161152747e-17,-0.00676484040361678
0.0,0.08502158621179415,0.0,0.003874928361801801,-1.4310194046811224e-17,-0.006186577118307366
0.0,0.0819923800564084,0.0,0.0038109018125254837,-1.4498980761728087e-17,-0.005627304829234719
0.0,0.07908788380438461,0.0,0.003750359083442196,-1.2448751576583463e-17,-0.005086264045440356
0.0,0.07630322679787846,0.0,0.0036931697337729613,-1.1505335343722378e-17,-0.0045627250248223075
0.0,0.07363372951298072,0.0,0.0036392084691170036,-1.3333414188152998e-17,-0.004055986609979967
0.0,0.07107489605479406,0.0,0.0035883549280687106,-1.1923865080577593e-17,-0.003565375109856817
0.0,0.06862240694720081,0.0,0.0035404934781088325,-9.751426792604274e-18,-0.0030902432253354095
0.0,0.06627211220574589,0.0,0.0034955130201308427,-7.886943821538733e-18,-0.002629969017040424
0.0,0.06402002468251719,0.0,0.0034533068015215364,-9.284019251157752e-18,-0.0021839549136730835
0.0,0.06186231367235134,0.0,0.003413772237193487,-9.826305285592117e-18,-0.0017516267592479554
0.0,0.0597952987700929,0.0,0.003376810738236118,-7.655428152550398e-18,-0.0013324328977126938
0.0,0.05781544396905719,0.0,0.0033423275480704657,-9.617066931974193e-18,-0.0009258432934419816
0.0,0.05591935199122178,0.0,0.0033102315854452655,-8.149324483718345e-18,-0.0005313486862011489
0.0,0.05410375884004873,0.0,0.0032804352942465836,-9.399350021370198e-18,-0.00014845977921387754
0.0,0.05236552856719526,0.0,0.003252854499713643,-8.859073484085706e-18,0.0002232935409839515
0.0,0.050701648244715375,0.0,0.0032274082707076292,-1.1433092110455138e-17,0.0005843629541442998
0.0,0.04910922313468302,0.0,0.0032040187879516504,-1.1252330392094242e-17,0.0009351824265793583
0.0,0.0475854720484816,0.0,0.003182611217741013,-1.0758356167694991e-17,0.001276168903250774
0.0,0.0461277228883224,0.0,0.0031631135911675285,-1.0062723888960247e-17,0.0016077229727981743
0.0,0.04473340836382206,0.0,0.003145456688311671,-9.018429512719322e-18,0.0019302295065555877
0.0,0.043400061876777446,0.0,0.0031295739273474316,-1.0359423914433689e-17,0.00224405827258509
0.0,0.04212531356752719,0.0,0.003115401258468136,-9.867667274389154e-18,0.002549564525722574
0.0,0.040906886516557606,0.0,0.003102877062108938,-1.0002100567721324e-17,0.002847089574549027
0.0,0.039742593095254464,0.0,0.003091942051503373,-1.104829999497023e-17,0.003136961326218282
0.0,0.03863033145995112,0.0,0.003082539179338836,-9.856004221989451e-18,0.003419494809995479
0.0,0.037568082183631196,0.0,0.003074613548357667,-9.565189149274577e-18,0.003694992680345552
0.0,0.03655390501990452,0.0,0.0030681123255529,-9.146646269506354e-18,0.0039637457003687225
0.0,0.03558593579403593,0.0,0.003062984660096046,-8.762854860642045e-18,0.004226033206360093
0.0,0.03466238341605618,0.0,0.0030591816046144533,-8.518201258899204e-18,0.004482123554220764
0.0,0.03378152701116205,0.0,0.0030566560396378785,-8.09000179224978e-18,0.004732274548441811
0.0,0.03294171316278102,0.0,0.003055362601372116,-8.054245270909159e-18,0.004976733854336394
0.0,0.03214135326389961,0.0,0.003055257612254058,-7.707594483905913e-18,0.005215739394172268
0.0,0.031378920972394336,0.0,0.0030562990144866915,-7.577260950716087e-18,0.005449519727845461
0.0,0.030652949766272725,0.0,0.0030584463062533016,-7.389108967609854e-18,0.005678294418681694
0.0,0.029962030594922306,0.0,0.003061660480591818,-6.899310673760908e-18,0.00590227438496611
0.0,0.02930480962257706,0.0,0.003065906856242897,-6.679292610970805e-18,0.006121662589375489
0.0,0.028679986060390766,0.0,0.0030711433515279727,-6.4119101657094224e-18,0.006336652946395006
0.0,0.028086310083640043,0.0,0.003077336208740647,-6.246103491430188e-18,0.006547432182327919
0.0,0.027522580830698584,0.0,0.0030844490213938966,-5.892547501751598e-18,0.006754178741795246
0.0,0.02698764448060667,0.0,0.003092448189637824,-5.65121667768618e-18,0.0069570644333531925
0.0,0.02648039240609945,0.0,0.0031013014543555444,-5.482666480285376e-18,0.007156254349212049
0.0,0.0259997593991754,0.0,0.003110977832419274,-5.283192941817579e-18,0.007351907121161839
0.0,0.02554472196633853,0.0,0.0031214475561611044,-5.059686948252334e-18,0.007544175167301749
0.0,0.025114296690772392,0.0,0.003132682016538201,-4.7674976382307844e-18,0.007733204929863735
0.0,0.024707538658832795,0.0,0.003144653709750099,-4.7353733556810545e-18,0.007919137104395377
0.0,0.024323539948317208,0.0,0.0031573361873505294,-4.548855158987935e-18,0.008102106860594673
0.0,0.023961428176105387,0.0,0.003170704009001047,-3.991200848847546e-18,0.008282244055039235
0.0,0.023620365102811958,0.0,0.0031847326982865527,-3.664171256979857e-18,0.008459673436092389
0.0,0.02329954529224859,0.0,0.0031993987009348223,-3.2961884276093494e-18,0.008634514841222726
0.0,0.022998194823508483,0.0,0.003214679345396097,-3.4908102117258216e-18,0.008806883386997113
0.0,0.022715570053624123,0.0,0.0032305528057534052,-3.641852323499666e-18,0.008976889651984375
0.0,0.022450956428820612,0.0,0.003246998066373191,-3.2111114728076287e-18,0.009144639852806228
0.0,0.022203667342434452,0.0,0.0032639948887681243,-2.9828439766376275e-18,0.00931023601357234
0.0,0.021973043037677692,0.0,0.003281523779920128,-2.500241758655392e-18,0.009473776128910306
0.0,0.021758449553502396,0.0,0.0032995659623029725,-2.261234244750184e-18,0.009635354320827932
0.0,0.02155927771183297,0.0,0.003318103345418576,-2.1114097352852096e-18,0.009795060989598522
0.0,0.021374942144582854,0.0,0.003337118498654551,-2.0713768781720917e-18,0.009952982958895424
0.0,0.021204880358869194,0.0,0.003356594625430767,-1.855231905160004e-18,0.010109203615360954
0.0,0.02104855183894072,0.0,0.003376515538491915,-1.4558755961526612e-18,0.010263803042811586
0.0,0.02090543718335111,0.0,0.0033968656363660248,-1.6327561398785888e-18,0.01041685815126596
0.0,0.020775037276036135,0.0,0.0034176298807341975,-1.7920818644968005e-18,0.01056844280098081
0.0,0.020656872489919043,0.0,0.0034387937748633426,-7.178306535806625e-19,0.010718627921667584
0.0,0.02055048192180539,0.0,0.0034603433427363526,-5.057978762576262e-19,0.010867481627066796
0.0,0.020455422657293998,0.0,0.0034822651091640207,-7.89613490500141e-19,0.01101506932504489
0.0,0.02037126906458639,0.0,0.0035045460805725554,-3.1436358575354354e-19,0.011161453823380327
0.0,0.020297612115998898,0.0,0.003527173726519372,1.44512889825618e-19,0.01130669543139149
0.0,0.02023405873612205,0.0,0.0035501359617615665,1.7022956837710078e-19,0.011450852057553567
0.0,0.02018023117558243,0.0,0.0035734211291670254,7.991326561349012e-19,0.011593979303275093
0.0,0.02013576640939152,0.0,0.0035970179830050863,8.607685575911151e-19,0.011736130552956619
0.0,0.020100315558912674,0.0,0.0036209156728358397,7.22537670057296e-19,0.011877357060475283
0.0,0.020073543336531663,0.0,0.0036451037279867024,9.80565003096798e-19,0.012017708032242884
0.0,0.02005512751213359,0.0,0.003669572042507367,1.2428572204049416e-18,0.012157230706964044
0.0,0.02004475840052372,0.0,0.0036943108604891644,1.9335021850150455e-18,0.012295970432210295
0.0,0.02004213836897234,0.0,0.0037193107620404914,1.5923329783496008e-18,0.012433970737955831
0.0,0.020046981364121447,0.0,0.0037445626495243647,9.38063176157562e-19,0.012571273407189162
0.0,0.020059012457420033,0.0,0.0037700577343361286,2.041337888612988e-18,0.012707918543690501
0.0,0.02007796740845888,0.0,0.0037957875240563982,1.7033398249322544e-18,0.012843944637145454
0.0,0.020103592245426044,0.0,0.0038217438100596364,2.175020590509468e-18,0.01297938862564866
0.0,0.020135642862025627,0.0,0.003847918655406509,1.7263092401444036e-18,0.013114285955720943
0.0,0.020173884630260097,0.0,0.003874304383306512,1.5900104501734428e-18,0.013248670639975643
0.0,0.02021809202837002,0.0,0.0039008935658421335,2.0603689735781547e-18,0.013382575312461096
0.0,0.020268048283425266,0.0,0.003927679013123363,2.4213653181213182e-18,0.013516031281858656
0.0,0.02032354502792863,0.0,0.00395465376285803,1.7550907600097723e-18,0.01364906858256346
0.0,0.020384381969904775,0.0,0.003981811070196694,2.6751976688072534e-18,0.01378171602375327
0.0,0.02045036657594773,0.0,0.004009144398108254,2.8053419205826254e-18,0.013914001236558383
0.0,0.020521313766706656,0.0,0.004036647407939803,3.337144477567563e-18,0.014045950719359056
0.0,0.02059704562435108,0.0,0.004064313950544942,2.7632774318006097e-18,0.014177589881350473
0.0,0.02067739111148012,0.0,0.004092138057603343,1.025256040409707e-18,0.014308943084385354
0.0,0.020762185801118743,0.0,0.004120113933380224,1.1550091206606295e-18,0.014440033683225936
0.0,0.020851271617277095,0.0,0.004148235946798007,1.6052050661239346e-18,0.014570884064220378
0.0,0.020944496585718814,0.0,0.0041764986239318305,1.969853431863807e-18,0.014701515682507205
0.0,0.021041714594505767,0.0,0.004204896640669126,1.8584066202732137e-18,0.0148319490977834
0.0,0.02114278516394799,0.0,0.004233424815935863,2.085608930538101e-18,0.0149622040087115
0.0,0.02124757322558926,0.0,0.004262078105027711,3.1089225472199526e-18,0.01509229928601358
0.0,0.021355948909871247,0.0,0.004290851593364988,2.8491809287358873e-18,0.015222253004301172
0.0,0.021467787342121958,0.0,0.0043197404905342685,2.822337861658911e-18,0.015352082472702883
0.0,0.02158296844658028,0.0,0.004348740124603297,2.7665722985908882e-18,0.015481804264334185
0.0,0.02170137675808506,0.0,0.004377845936731891,1.9206781381504205e-18,0.015611434244640586
0.0,0.02182290124119174,0.0,0.004407053476063334,2.0280226600982635e-18,0.015740987598690324
0.0,0.02194743511636585,0.0,0.004436358394827988,1.9830512480100227e-18,0.01587047885742294
0.0,0.02207487569299668,0.0,0.004465756443795252,1.5987275060991589e-18,0.015999921922906394
0.0,0.022205124209012855,0.0,0.004495243467873954,2.1116196223166456e-18,0.016129330092671045
0.0,0.022338085676730318,0.0,0.0045248154019657824,2.6293716703280992e-18,0.016258716083086086
0.0,0.022473668734799362,0.0,0.004554468267088356,3.0115157240871166e-18,0.01638809205189343
0.0,0.02261178550596646,0.0,0.004584198166609216,2.2243476711018712e-18,0.016517469619880123
0.0,0.02275235146037974,0.0,0.004614001282824609,2.297099236057821e-18,0.016646859891728472
0.0,0.022895285284310146,0.0,0.004643873873521636,2.0948589227675182e-18,0.016776273476092698
0.0,0.023040508753994438,0.0,0.004673812268935756,2.070176784471485e-18,0.016905720504915973
0.0,0.02318794661445056,0.0,0.004703812868736437,1.7891797052665118e-18,0.017035210652017203
0.0,0.023337526463043157,0.0,0.004733872139152777,2.7963491214856948e-18,0.017164753150977756
0.0,0.02348917863761954,0.0,0.004763986610445532,1.5901076631229058e-18,0.01729435681235462
0.0,0.023642836109046994,0.0,0.0047941528742118334,1.9215416924017503e-18,0.01742403004023552
0.0,0.023798434377951927,0.0,0.004824367581106303,1.853803818312715e-18,0.017553780848175316
0.0,0.023955911375540567,0.0,0.004854627438552403,2.380886743385858e-18,0.0176836168745246
0.0,0.024115207368290176,0.0,0.00488492920852075,2.330702734762671e-18,0.017813545397171036
0.0,0.024276264866389674,0.0,0.004915269705544886,2.4798331459087285e-18,0.017943573347721776
0.0,0.02443902853578675,0.0,0.004945645794799237,2.116616948460875e-18,0.018073707325155255
0.0,0.024603445113664163,0.0,0.004976054390169767,2.0681635456896692e-18,0.018203953608926862
0.0,0.02476946332726601,0.0,0.005006492452575453,2.602158664672135e-18,0.018334318171603872
0.0,0.024937033815886273,0.0,0.00503695698823155,2.016141661098056e-18,0.01846480669098768
0.0,0.025106109055920478,0.0,0.005067445047107355,2.342702667559363e-18,0.01859542456178289
0.0,0.025276643288898976,0.0,0.00509795372139271,2.378726152448466e-18,0.018726176906828592
0.0,0.02544859245227632,0.0,0.005128480144035371,2.101956181602562e-18,0.0188570685878631
0.0,0.025621914113006072,0.0,0.0051590214873300675,2.48231312106861e-18,0.0189881042159053
0.0,0.025796567403696402,0.0,0.005189574961648552,2.40483026112157e-18,0.019119288161225195
0.0,0.025972512961249028,0.0,0.005220137814141932,1.9468260693653313e-18,0.01925062456290835
0.0,0.026149712867954727,0.0,0.005250707327514925,2.0248514147102537e-18,0.019382117338077594
0.0,0.026328130594871546,0.0,0.005281280818861617,1.5901311246741241e-18,0.019513770190734626
0.0,0.026507730947420316,0.0,0.005311855638573493,1.4255860805342823e-18,0.019645586620263486
0.0,0.026688480013147053,0.0,0.005342429169240815,1.7924397318709303e-18,0.019777569929602185
0.0,0.02687034511150574,0.0,0.005372998824631535,1.6024110715099285e-18,0.01990972323309555
0.0,0.027053294745630035,0.0,0.005403562048675959,2.0480987666144585e-18,0.020042049464032995
0.0,0.027237298555987166,0.0,0.005434116314538276,2.549713909328919e-18,0.02017455138189545
0.0,0.02742232727587432,0.0,0.0054646591236571325,2.849376282260503e-18,0.020307231579321617
0.0,0.02760835268862888,0.0,0.005495188004949054,2.613088801799988e-18,0.020440092488793683
0.0,0.027795347586543118,0.0,0.005525700513790789,3.2592348437102567e-18,0.020573136389045812
0.0,0.02798328573140052,0.0,0.005556194231368731,3.557894166539827e-18,0.02070636541126349
0.0,0.028172141816512758,0.0,0.005586666763749097,3.4586669946934192e-18,0.02083978154497016
0.0,0.02836189143031384,0.0,0.005617115741154875,3.262462771013083e-18,0.020973386643742698
0.0,0.02855251102134493,0.0,0.005647538817267063,2.8588123157821895e-18,0.02110718243067885
0.0,0.028743977864599424,0.0,0.005677933668370976,3.1619111062904937e-18,0.02124117050361547
0.0,0.028936270029238598,0.0,0.005708297992817314,2.924370108673766e-18,0.021375352340199157
0.0,0.02912936634752672,0.0,0.0057386295102253215,2.528006992140567e-18,0.02150972930270215
0.0,0.029323246385018792,0.0,0.005768925960895508,2.6505473247830103e-18,0.021644302642672315
0.0,0.02951789041189984,0.0,0.005799185105133124,2.9446719781501414e-18,0.021779073505399257
0.0,0.029713279375456175,0.0,0.005829404722636761,2.9079342169867577e-18,0.02191404293418084
0.0,0.029909394873629924,0.0,0.005859582611990956,2.9473167326218935e-18,0.02204921187444909
0.0,0.030106219129603484,0.0,0.005889716589924602,3.0699801713886244e-18,0.022184581177696755
0.0,0.030303734967401658,0.0,0.005919804490911953,3.013689875238607e-18,0.02232015160528335
0.0,0.03050192578842431,0.0,0.0059498441665248245,3.1619628043004407e-18,0.022455923832055757
0.0,0.030700775548912262,0.0,0.005979833484971613,3.53380489280833e-18,0.02259189844983655
0.0,0.03090026873831994,0.0,0.00600977033054395,3.3343054830925973e-18,0.022728075970786635
0.0,0.031100390358495544,0.0,0.006039652603163668,3.719692404488389e-18,0.022864456830605843
0.0,0.03130112590370776,0.0,0.0060694782178207065,3.4719240689269125e-18,0.023001041391614113
0.0,0.031502461341452764,0.0,0.006099245104269509,3.7676193428581215e-18,0.023137829945731426
0.0,0.0317043830940166,0.0,0.006128951206388328,3.3404544143684677e-18,0.02327482271729736
0.0,0.03190687802073949,0.0,0.006158594481864721,3.679313040090976e-18,0.023412019865806873
0.0,0.03210993340100246,0.0,0.006188172901781369,4.021202296211577e-18,0.023549421488523327
0.0,0.03231353691788438,0.0,0.006217684450075735,3.805787042523281e-18,0.02368702762299367
0.0,0.0325176766424321,0.0,0.006247127123315736,4.11766572248021e-18,0.02382483824945014
0.0,0.03272234101857066,0.0,0.006276498930191311,4.679529936345969e-18,0.023962853293123365
0.0,0.03292751884861214,0.0,0.006305797891212675,4.32864264091584e-18,0.024101072626471026
0.0,0.033133199279300085,0.0,0.006335022038256704,4.412587714485848e-18,0.024239496071277355
0.0,0.03333937178844429,0.0,0.006364169414352455,4.3864856257021594e-18,0.024378123400726787
0.0,0.033546026172063315,0.0,0.006393238073205618,4.578983077787725e-18,0.024516954341345112
0.0,0.03375315253199576,0.0,0.006422226078983181,4.31057087117443e-18,0.024655988574875293
0.0,0.033960741264069644,0.0,0.006451131505907791,4.367466495397071e-18,0.024795225740087492
0.0,0.03416878304668419,0.0,0.006479952438002451,3.99383941874596e-18,0.02493466543451266
0.0,0.03437726882983447,0.0,0.006508686968774359,3.1885949908719104e-18,0.025074307216076713
0.0,0.034586189824624664,0.0,0.006537333200922651,3.1327994529778136e-18,0.025214150604731148
0.0,0.03479553749311309,0.0,0.006565889246097082,2.812579237202545e-18,0.025354195083937263
0.0,0.03500530353863121,0.0,0.006594353224556878,1.9698159536487538e-18,0.025494440102162685
0.0,0.035215479896422985,0.0,0.006622723264970093,1.962539952321606e-18,0.02563488507425902
0.0,0.03542605872469615,0.0,0.006650997504175562,1.6288393315498836e-18,0.02577552938283414
0.0,0.035637032396002216,0.0,0.0066791740868543574,1.756732570032939e-18,0.025916372379523697
0.0,0.0358483934889392,0.0,0.00670725116540973,1.9256456553967908e-18,0.026057413386230615
0.0,0.03606013478024317,0.0,0.0067352268996036906,1.8415398587372855e-18,0.026198651696329584
0.0,0.036272249237097876,0.0,0.006763099456519795,1.2574349601764896e-18,0.02634008657578878
0.0,0.036484730009834376,0.0,0.006790867010157326,8.386287079816867e-19,0.026481717264269174
0.0,0.03669757042485139,0.0,0.006818527741369243,4.90175151773675e-19,0.026623542976166675
0.0,0.036910763977863414,0.0,0.006846079837584824,6.254966995385247e-19,0.02676556290162552
0.0,0.03712430432737471,0.0,0.006873521492683028,6.564094254170057e-19,0.02690777620749306
0.0,0.037338185288431025,0.0,0.006900850906771935,7.440920114594122e-19,0.027050182038242884
0.0,0.03755240082662695,0.0,0.006928066286004134,8.086536161114426e-19,0.02719277951687234
0.0,0.03776694505229489,0.0,0.00695516584244327,6.257319404793626e-19,0.027335567745721972
0.0,0.03798181221500316,0.0,0.006982147793878674,8.836707273780571e-19,0.02747854580732293
0.0,0.03819699669822316,0.0,0.007009010363700825,1.0693862138552465e-18,0.027621712765164473
0.0,0.03841249301415961,0.0,0.0070357517806543465,6.150977607832693e-19,0.0277650676644141
0.0,0.03862829579890953,0.0,0.007062370278842564,6.314567015877684e-19,0.02790860953268228
0.0,0.038844399807689084,0.0,0.007088864097486013,8.07471300608786e-19,0.02805233738067587
0.0,0.03906079991029329,0.0,0.007115231480808757,7.576687503633518e-19,0.028196250202853993
0.0,0.03927749108676706,0.0,0.0071414706778999745,7.630253495172629e-19,0.028340346978079377
0.0,0.039494468423188295,0.0,0.007167579942658673,1.7005386239949197e-19,0.028484626670206348
0.0,0.039711727107664796,0.0,0.007193557533590668,4.218234063729118e-19,0.02862908822867072
0.0,0.039929262426423584,0.0,0.007219401713763361,4.531175825514613e-19,0.02877373058902011
0.0,0.04014706976016921,0.0,0.007245110750636427,4.46894385826857e-19,0.02891855267348548
0.0,0.040365144580447626,0.0,0.0072706829160197215,7.607423363513988e-19,0.02906355339145158
0.0,0.04058348244623869,0.0,0.007296116485932076,9.153032472864092e-19,0.02920873163995973
0.0,0.04080207900068855,0.0,0.0073214097405655786,1.3878425151117946e-18,0.029354086304188228
0.0,0.04102092996790607,0.0,0.007346560964073131,1.822325339771587e-18,0.029499616257870058
0.0,0.04124003114993105,0.0,0.007371568444677924,1.3986479824789915e-18,0.029645320363743535
0.0,0.04145937842384448,0.0,0.007396430474391213,1.3945063018649138e-18,0.029791197473957115
0.0,0.041678967738913414,0.0,0.007421145349074164,1.3791798591799091e-18,0.02993724643045576
0.0,0.04189879511394182,0.0,0.007445711368316613,1.0813168674654736e-18,0.030083466065371343
0.0,0.04211885663462783,0.0,0.007470126835319955,6.79175662430996e-19,0.030229855201350218
0.0,0.04233914845113701,0.0,0.0074943900569410145,7.648016592482138e-19,0.03037641265194375
0.0,0.04255966677565781,0.0,0.007518499343580966,1.0801020266156016e-18,0.03052313722190247
0.0,0.042780407880127214,0.0,0.00754245300902767,1.2122453919722707e-18,0.030670027707494985
0.0,0.04300136809403496,0.0,0.007566249370582357,1.4445113510172248e-18,0.03081708289683222
0.0,0.043222543802272945,0.0,0.007589886748873163,1.7809755992057026e-18,0.03096430157012697
0.0,0.043443931443118255,0.0,0.007613363467835396,1.785932188758066e-18,0.03111168249998079
0.0,0.04366552750629857,0.0,0.007636677854715118,1.4642323223265932e-18,0.031259224451674957
0.0,0.04388732853104646,0.0,0.007659828239980609,1.751511902688646e-18,0.031406926183369474
0.0,0.04410933110436974,0.0,0.0076828129572464095,1.7237788682189268e-18,0.031554786446387366
0.0,0.04433153185925834,0.0,0.007705630343335048,1.8690431747463327e-18,0.03170280398542921
0.0,0.0445539274730378,0.0,0.007728278738159358,1.9374300899738196e-18,0.03185097753879304
0.0,0.044776514665781225,0.0,0.007750756484747887,2.3107128900208904e-18,0.03199930583859284
0.0,0.04499929019875126,0.0,0.007773061929138852,2.3362371599058175e-18,0.032147787610950454
0.0,0.04522225087292789,0.0,0.007795193420473811,2.6108202903754925e-18,0.03229642157619783
0.0,0.0454453935275784,0.0,0.007817149310807158,2.1469136168680884e-18,0.03244520644904296
0.0,0.04566871503890882,0.0,0.007838927955258536,2.2799898367443564e-18,0.032594140938766905
0.0,0.0458922123187637,0.0,0.007860527711879084,1.825647541482872e-18,0.03274322374938708
0.0,0.04611588231330804,0.0,0.007881946941640957,1.8147139517860103e-18,0.03289245357979354
0.0,0.04633972200190101,0.0,0.007903184008498905,2.2571267715209226e-18,0.03304182912394041
0.0,0.04656372839586423,0.0,0.007924237279286433,2.063690587563071e-18,0.03319134907095661
0.0,0.04678789853739185,0.0,0.007945105123751087,2.103530949118604e-18,0.0333410121052994
0.0,0.04701222949848727,0.0,0.007965785914536196,2.2155021564891343e-18,0.033490816906893456
0.0,0.047236718379914694,0.0,0.007986278027156447,2.2261092325345415e-18,0.03364076215124574
0.0,0.04746136231022083,0.0,0.008006579840017044,1.937914134289186e-18,0.033790846509566166
0.0,0.04768615844476129,0.0,0.008026689734419461,2.024258027094194e-18,0.03394106864888842
0.0,0.04791110396482279,0.0,0.008046606094506683,2.0348897530176312e-18,0.034091427232175814
0.0,0.04813619607671915,0.0,0.008066327307266011,2.3260002554395673e-18,0.03424192091842827
0.0,0.04836143201093415,0.0,0.008085851762614083,1.8059454691579575e-18,0.03439254836276259
0.0,0.04858680902136581,0.0,0.008105177853315979,1.6422813970970018e-18,0.03454330821655338
0.0,0.04881232438447969,0.0,0.008124303974985656,1.5614715245242076e-18,0.03469419912745443
0.0,0.049037975398591824,0.0,0.008143228526152891,1.297780453055004e-18,0.03484521973954041
0.0,0.04926375938319151,0.0,0.00816194990820597,1.0029070632803847e-18,0.03499636869337715
0.0,0.04948967367815128,0.0,0.00818046652541856,1.2227057318654164e-18,0.03514764462605745
0.0,0.049715715643161656,0.0,0.008198776784998746,1.2631857413999121e-18,0.035299046171337424
0.0,0.04994188265704716,0.0,0.008216879097022404,1.320506197088928e-18,0.03545057195965337
0.0,0.05016817211713667,0.0,0.008234771874510653,1.2325133074936712e-18,0.03560222061821087
0.0,0.05039458143873121,0.0,0.008252453533398334,1.1543262532758803e-18,0.0357539907710467
0.0,0.050621108054492214,0.0,0.008269922492588986,1.3176157208835344e-18,0.035905881039089135
0.0,0.050847749413898,0.0,0.00828717717392346,1.5484880528934075e-18,0.03605789004019247
0.0,0.05107450298275573,0.0,0.008304216002209673,1.8383886954540816e-18,0.03621001638921917
0.0,0.0513013662426656,0.0,0.008321037405259761,1.7103598397388798e-18,0.03636225869807125
0.0,0.05152833669057415,0.0,0.008337639813903414,2.0109369801711875e-18,0.03651461557574877
0.0,0.051755411838263085,0.0,0.008354021661968924,2.140889674406403e-18,0.036667085628374015
0.0,0.051982589211960945,0.0,0.008370181386301696,2.2670102693006025e-18,0.036819667459257986
0.0,0.052209866351870735,0.0,0.008386117426913331,2.255396668156735e-18,0.03697235966893472
0.0,0.052437240811773575,0.0,0.00840182822677214,2.4871243216568218e-18,0.03712516085517098
0.0,0.052664710158656605,0.0,0.008417312232024712,2.266746094658847e-18,0.03727806961305063
0.0,0.0528922719722941,0.0,0.008432567891931801,1.987596351698018e-18,0.03743108453495647
0.0,0.0531199238449319,0.0,0.008447593658889052,2.244138056124912e-18,0.03758420421064408
0.0,0.053347663380871796,0.0,0.008462387988468587,2.1409553964518733e-18,0.037737427227228615
0.0,0.05357548819621602,0.0,0.008476949339461838,1.8487855274579716e-18,0.03789075216925665
0.0,0.05380339591847676,0.0,0.008491276173852511,2.060950413385122e-18,0.03804417761870024
0.0,0.05403138418629283,0.0,0.008505366956877848,2.1364454186756165e-18,0.03819770215498054
0.0,0.05425945064916329,0.0,0.008519220157047985,1.945917859178927e-18,0.03835132435502149
0.0,0.054487592967080486,0.0,0.008532834246188243,1.760877799384356e-18,0.03850504279322166
0.0,0.054715808810343575,0.0,0.008546207699450458,1.9012001143751696e-18,0.03865885604151573
0.0,0.05494409585924555,0.0,0.008559338995314542,1.998561866746115e-18,0.03881276266937608
0.0,0.05517245180381394,0.0,0.008572226615648782,2.0971105123360486e-18,0.03896676124381252
0.0,0.05540087434360333,0.0,0.008584869045793671,2.1694738152733457e-18,0.039120850329426485
0.0,0.05562936118742501,0.0,0.00859726477443062,2.0634793841680807e-18,0.03927502848838266
0.0,0.05585791005315821,0.0,0.008609412293808832,2.1545981551029865e-18,0.03942929428045656
0.0,0.05608651866747584,0.0,0.0086213100996259,2.401950646856833e-18,0.03958364626301249
0.0,0.05631518476571465,0.0,0.008632956691112846,1.8745229871040758e-18,0.03973808299104603
0.0,0.056543906091620244,0.0,0.008644350571092477,1.6688676228541048e-18,0.0398926030171811
0.0,0.05677268039713931,0.0,0.008655490245958804,1.800039450596436e-18,0.040047204891653046
0.0,0.05700150544232732,0.0,0.008666374225760233,1.929628511825421e-18,0.04020188716238038
0.0,0.057230378995053593,0.0,0.008677001024187642,1.9664463319447083e-18,0.0403566483748929
0.0,0.05745929883092807,0.0,0.008687369158605789,1.830280816558165e-18,0.040511487072401695
0.0,0.05768826273306776,0.0,0.008697477150161646,1.8032350924241805e-18,0.0406664017957602
0.0,0.05791726849201409,0.0,0.008707323523701575,1.7691629905352e-18,0.04082139108351983
0.0,0.058146313905461405,0.0,0.008716906807905201,1.7044793496685091e-18,0.04097645347184242
0.0,0.058375396778279603,0.0,0.008726225535280466,1.425201228569869e-18,0.041131587494632374
0.0,0.05860451492223487,0.0,0.008735278242155314,1.3794862988920563e-18,0.04128679168342825
0.0,0.05883366615589025,0.0,0.008744063468816447,1.3913706061295594e-18,0.04144206456743956
0.0,0.05906284830453429,0.0,0.008752579759435532,1.605537181523475e-18,0.04159740467358647
0.0,0.05929205920001179,0.0,0.008760825662158392,1.798737831756276e-18,0.041752810526453764
0.0,0.0595212966805545,0.0,0.008768799729169906,2.1910784132561688e-18,0.041908280648288485
0.0,0.05975055859080228,0.0,0.0087765005166364,2.5437948604507513e-18,0.0420638135590513
0.0,0.05997984278155534,0.0,0.008783926584844224,2.3911640794506413e-18,0.042219407776364085
0.0,0.06020914710976959,0.0,0.008791076498171468,2.0446280542405383e-18,0.042375061815541855
0.0,0.060438469438345965,0.0,0.008797948825117866,2.2107601329748932e-18,0.04253077418953799
0.0,0.06066780763618755,0.0,0.00880454213843526,2.445143478477614e-18,0.04268654340904361
0.0,0.06089715957797896,0.0,0.008810855015021463,2.5424417771181056e-18,0.04284236798239048
0.0,0.06112652314410241,0.0,0.008816886036065988,2.34309359366555e-18,0.04299824641557065
0.0,0.06135589622066176,0.0,0.008822633787058488,2.0776316316073624e-18,0.04315417721228691
0.0,0.061585276699266306,0.0,0.008828096857786391,1.9372955065430415e-18,0.043310158873880705
0.0,0.06181466247701986,0.0,0.008833273842431051,2.0307367867616925e-18,0.04346618989935361
0.0,0.06204405145647264,0.0,0.008838163339580082,2.1105849160799455e-18,0.043622268785406065
0.0,0.062273441545455124,0.0,0.008842763952255622,1.9988160028084126e-18,0.0437783940263617
0.0,0.06250283065711779,0.0,0.0088470742879613,2.0677917542855925e-18,0.043934564114230155
0.0,0.06273221670974403,0.0,0.00885109295869641,2.107154888774527e-18,0.04409077753863322
0.0,0.06296159762681762,0.0,0.008854818581059418,2.201318961468305e-18,0.04424703278689626
0.0,0.0631909713368475,0.0,0.008858249776212839,2.117490430310064e-18,0.04440332834394495
0.0,0.0634203357733598,0.0,0.00886138516995069,2.255651121383126e-18,0.04455966269236662
0.0,0.06364968887485264,0.0,0.008864223392762674,2.2130593901745228e-18,0.04471603431239087
0.0,0.06387902858468986,0.0,0.008866763079790833,6.538687867306313e-19,0.04487244168186709
0.0,0.06410835285112199,0.0,0.008869002870992765,5.2414565128008315e-19,0.045028883276297255
0.0,0.064337659627129,0.0,0.008870941411069845,2.5534981678359555e-19,0.04518535756877809
0.0,0.06456694687049729,0.0,0.008872577349535853,6.029598989763115e-19,0.04534186303006002
0.0,0.06479621254368173,0.0,0.008873909340795022,6.220794301314168e-19,0.04549839812849621
0.0,0.0650254546137688,0.0,0.008874936044141243,6.030913428217496e-19,0.04565496133004818
0.0,0.06525467105250685,0.0,0.008875656123793286,8.153939768238626e-19,0.045811551098314765
0.0,0.06548385983615218,0.0,0.008876068248949268,8.033383751426565e-19,0.04596816589447056
0.0,0.06571301894551555,0.0,0.008876171093861747,8.141727845719184e-19,0.0461248041773098
0.0,0.06594214636589069,0.0,0.008875963337755553,8.852405129346327e-19,0.046281464403224254
0.0,0.0661712400870151,0.0,0.0088754436650349,1.0729941687189506e-18,0.046438145026197475
0.0,0.06640029810305882,0.0,0.008874610765164874,8.822855987371312e-19,0.04659484449781175
0.0,0.0666293184125338,0.0,0.008873463332832909,9.281389084084386e-19,0.04675156126722246
0.0,0.06685829901835044,0.0,0.008872000067894868,9.173277528710813e-19,0.04690829378119488
0.0,0.06708723792768874,0.0,0.00887021967546417,1.0824102574319893e-18,0.04706504048405402
0.0,0.06731613315203037,0.0,0.008868120865962153,1.1786960467195267e-18,0.04722179981770765
0.0,0.06754498270712848,0.0,0.008865702355080373,1.0339075777503648e-18,0.04737857022164964
0.0,0.06777378461294273,0.0,0.008862962863937549,1.0572994581576027e-18,0.0475353501329393
0.0,0.06800253689362672,0.0,0.008859901118998158,1.1211641004506462e-18,0.04769213798619132
0.0,0.06823123757754673,0.0,0.008856515852188022,1.0206863995610797e-18,0.04784893221362116
0.0,0.06845988469717627,0.0,0.008852805800900063,1.0268582148938451e-18,0.04800573124497433
0.0,0.06868847628915493,0.0,0.008848769708057536,8.836431900087064e-19,0.04816253350759116
0.0,0.06891701039417308,0.0,0.00884440632212203,8.031726105425485e-19,0.048319337426334985
0.0,0.0691454850570524,0.0,0.008839714397158846,9.752970360235143e-19,0.04847614142365607
0.0,0.06937389832667781,0.0,0.008834692692837674,8.44430706985269e-19,0.04863294391957073
0.0,0.06960224825590097,0.0,0.008829339974541356,1.0627342658857618e-18,0.04878974333160434
0.0,0.06983053290169111,0.0,0.008823655013306418,1.2107663604879746e-18,0.048946538074885
0.0,0.0700587503249577,0.0,0.008817636585942371,1.339872572889676e-18,0.049103326562076936
0.0,0.07028689859059338,0.0,0.008811283475042606,1.4241180984453685e-18,0.049260107203378166
0.0,0.07051497576748883,0.0,0.008804594469005044,1.3712528363833009e-18,0.04941687840656508
0.0,0.07074297992847443,0.0,0.00879756836210549,1.2472054102630266e-18,0.049573638576968324
0.0,0.07097090915029099,0.0,0.00879020395446544,1.2161879013065066e-18,0.049730386117438505
0.0,0.07119876151361133,0.0,0.008782500052223266,7.935009549540855e-19,0.04988711942839874
0.0,0.0714265351030344,0.0,0.008774455467394566,7.818914230166864e-19,0.050043836907834
0.0,0.07165422800702079,0.0,0.008766069018075019,8.77196446058033e-19,0.05020053695126694
0.0,0.07188183831788249,0.0,0.008757339528373122,7.880183887541751e-19,0.05035721795176219
0.0,0.07210936413186497,0.0,0.008748265828455802,8.579722861507952e-19,0.05051387829997306
0.0,0.07233680354901353,0.0,0.008738846754657347,8.688526096465008e-19,0.050670516384086026
0.0,0.07256415467320015,0.0,0.008729081149460168,7.288413743549113e-19,0.05082713058984144
0.0,0.07279141561217055,0.0,0.008718967861497682,8.571892589733806e-19,0.050983719300560115
0.0,0.07301858447744314,0.0,0.008708505745647924,5.567036852680291e-19,0.0511402808971049
0.0,0.07324565938436804,0.0,0.008697693663128362,3.980387121610474e-19,0.05129681375792941
0.0,0.07347263845205478,0.0,0.00868653048135581,4.837340997488414e-19,0.05145331625901954
0.0,0.07369951980345009,0.0,0.008675015074119094,5.604915459373129e-19,0.051609786773969726
0.0,0.07392630156521704,0.0,0.008663146321623169,3.594075782134855e-19,0.051766223673924416
0.0,0.07415298186782114,0.0,0.008650923110459861,2.1550333628707133e-19,0.05192262532761314
0.0,0.07437955884548786,0.0,0.008638344333634747,1.4682791272654684e-19,0.052078990101368794
0.0,0.0746060306361661,0.0,0.00862540889068952,1.0920717852363652e-19,0.05223531635907977
0.0,0.0748323953815553,0.0,0.00861211568766994,3.2193721171904826e-19,0.05239160246224579
0.0,0.07505865122709583,0.0,0.00859846363715101,5.372369646095217e-19,0.052547846769964796
0.0,0.07528479632193504,0.0,0.008584451658333603,6.469478625568048e-19,0.05270404763893244
0.0,0.07551082881897661,0.0,0.008570078677033237,3.2409110647577387e-19,0.052860203423468866
0.0,0.07573674687477003,0.0,0.008555343625711918,2.484553976170467e-19,0.05301631247547921
0.0,0.07596254864962383,0.0,0.008540245443559115,2.3585843369266916e-19,0.05317237314451992
0.0,0.07618823230754958,0.0,0.008524783076475835,3.9930400108139083e-19,0.05332838377777892
0.0,0.07641379601618678,0.0,0.008508955477119199,2.630306309787625e-19,0.05348434272005054
0.0,0.07663923794692948,0.0,0.008492761604964122,3.9517671252381764e-19,0.05364024831379595
0.0,0.07686455627482423,0.0,0.008476200426336029,5.323910743014562e-19,0.053796098899139874
0.0,0.07708974917858,0.0,0.008459270914390051,3.9414235303467346e-19,0.053951892813829935
0.0,0.07731481484058582,0.0,0.008441972049211103,4.869563612162797e-19,0.054107628393319424
0.0,0.07753975144692322,0.0,0.008424302817832418,9.871163695359658e-19,0.05426330397072763
0.0,0.07776455718728267,0.0,0.008406262214230912,1.1100581210719187e-18,0.05441891787685448
0.0,0.07798923025504095,0.0,0.00838784923941291,1.0509571833316546e-18,0.05457446844020552
0.0,0.0782137688472244,0.0,0.0083690629014052,1.2571680666695338e-18,0.054729953986991924
0.0,0.07843817116450198,0.0,0.008349902215325682,1.249545380137248e-18,0.05488537284115288
0.0,0.07866243541117407,0.0,0.008330366203365646,1.465576291641268e-18,0.055040723324335135
0.0,0.07888655979519982,0.0,0.008310453894903803,1.3767868893827377e-18,0.05519600375594741
0.0,0.07911054252815616,0.0,0.008290164326436469,1.5080631897662969e-18,0.055351212453144435
0.0,0.07933438182525747,0.0,0.00826949654170713,1.5636314663743037e-18,0.05550634773083682
0.0,0.07955807590535698,0.0,0.008248449591661914,1.334392471655624e-18,0.055661407901731325
0.0,0.07978162299089069,0.0,0.00822702253453312,1.5903471850805456e-18,0.05581639127630041
0.0,0.0800050213079923,0.0,0.00820521443585051,1.625887541310137e-18,0.05597129616284749
0.0,0.08022826908633406,0.0,0.008183024368453619,1.537973161732052e-18,0.056126120867475024
0.0,0.08045136455922354,0.0,0.00816045141258534,1.5678350157099056e-18,0.05628086369410521
0.0,0.08067430596364458,0.0,0.008137494655859553,1.6850844196104626e-18,0.05643552294455355
0.0,0.08089709154007547,0.0,0.008114153193283695,1.4275859832991048e-18,0.05659009691842278
0.0,0.08111971953269088,0.0,0.008090426127374302,1.952341614970275e-18,0.056744583913256146
0.0,0.08134218818927172,0.0,0.008066312568114829,1.8332758649828726e-18,0.056898982224473135
0.0,0.08156449576112279,0.0,0.008041811632991197,1.629328931747586e-18,0.05705329014537273
0.0,0.08178664050322039,0.0,0.00801692244705569,2.2335719707035495e-18,0.05720750596720206
0.0,0.08200862067411455,0.0,0.00799164414292488,2.3635983994465854e-18,0.057361627979148136
0.0,0.08223043453595315,0.0,0.00796597586083022,2.4709562493781507e-18,0.05751565446835514
0.0,0.08245208035444947,0.0,0.007939916748605249,2.3946203170600688e-18,0.057669583719922514
0.0,0.08267355639897474,0.0,0.00791346596180911,2.4834386266142205e-18,0.057823414016984806
0.0,0.08289486094240109,0.0,0.00788662266365019,2.7869613776449736e-18,0.05797714364064933
0.0,0.08311599226125646,0.0,0.007859386025065713,2.8790364045686125e-18,0.05813077087006514
0.0,0.08333694863564489,0.0,0.007831755224765525,3.2665985739490084e-18,0.058284293982458754
0.0,0.08355772834919625,0.0,0.007803729449189422,3.154515979663495e-18,0.05843771125307329
0.0,0.083778329689211,0.0,0.007775307892657044,3.1443517304354014e-18,0.05859102095530366
0.0,0.08399875094650779,0.0,0.007746489757245076,2.8963388526302353e-18,0.05874422136060868
0.0,0.08421899041547996,0.0,0.007717274252953242,2.834642647285778e-18,0.05889731073858692
0.0,0.08443904639415493,0.0,0.007687660597630311,3.1483172459381083e-18,0.059050287357022134
0.0,0.08465891718408197,0.0,0.007657648017065322,3.002438584871779e-18,0.05920314948182811
0.0,0.08487860109039809,0.0,0.007627235744979806,3.159304321459377e-18,0.059355895377143614
0.0,0.08509809642184901,0.0,0.007596423023066904,3.0213869760399348e-18,0.05950852330533051
0.0,0.08531740149069382,0.0,0.007565209100987963,3.011175523923039e-18,0.05966103152696091
0.0,0.08553651461278607,0.0,0.007533593236486776,2.456797892748382e-18,0.05981341830089621
0.0,0.08575543410759129,0.0,0.00750157469527845,2.245897022862527e-18,0.059965681884301195
0.0,0.08597415829811228,0.0,0.007469152751217702,2.5043641346952927e-18,0.06011782053264689
0.0,0.08619268551084294,0.0,0.007436326686179627,2.4964184693960336e-18,0.06026983249967713
0.0,0.08641101407599155,0.0,0.007403095790223599,2.3346621094664557e-18,0.06042171603761315
0.0,0.08662914232725014,0.0,0.007369459361537751,2.454015253982388e-18,0.06057346939699704
0.0,0.08684706860182556,0.0,0.007335416706443902,2.5851317698858666e-18,0.06072509082675334
0.0,0.08706479124060733,0.0,0.007300967139485988,2.54381100305548e-18,0.060876578574329765
0.0,0.08728230858798246,0.0,0.0072661099834246505,2.067057865996403e-18,0.06102793088560283
0.0,0.08749961899185284,0.0,0.00723084456922623,2.4869201213945045e-18,0.061179146004894144
0.0,0.08771672080377896,0.0,0.007195170236149759,2.483341276624369e-18,0.06133022217513408
0.0,0.08793361237883401,0.0,0.007159086331720376,2.5392635096368028e-18,0.06148115763774939
0.0,0.0881502920756454,0.0,0.0071225922117518405,2.8136909661965915e-18,0.06163195063275012
0.0,0.08836675825639126,0.0,0.007085687240417297,3.0643270095518493e-18,0.061782599398743726
0.0,0.08858300928686746,0.0,0.0070483707901926995,3.4394685398546913e-18,0.06193310217301738
0.0,0.08879904353634203,0.0,0.007010642241924916,2.9211932218295114e-18,0.06208345719144857
0.0,0.08901485937770466,0.0,0.006972500984895865,2.87306376985733e-18,0.06223366268867906
0.0,0.08923045518738972,0.0,0.006933946416715736,3.1971057860899716e-18,0.06238371689803457
0.0,0.08944582934536015,0.0,0.006894977943490222,3.4524035406319145e-18,0.06253361805159788
0.0,0.08966098023516826,0.0,0.0068555949796986464,3.2572418886273565e-18,0.06268336438025393
0.0,0.08987590624389905,0.0,0.006815796948329511,3.2925304519281628e-18,0.06283295411368248
0.0,0.09009060576219881,0.0,0.0067755832808527134,3.6265793334186836e-18,0.06298238548042744
0.0,0.09030507718429501,0.0,0.006734953417174162,3.627598971717193e-18,0.06313165670790573
0.0,0.09051931890790911,0.0,0.00669390680580031,3.662200571285648e-18,0.06328076602244759
0.0,0.09073332933435284,0.0,0.006652442903689159,3.719448723057526e-18,0.06342971164930816
0.0,0.090947106868518,0.0,0.0066105611763963455,3.716240358467135e-18,0.06357849181277564
0.0,0.09116064991878985,0.0,0.006568261097996921,3.631447237265876e-18,0.06372710473607461
0.0,0.09137395689712756,0.0,0.0065255421511676865,3.5845290664379866e-18,0.063875548641524
0.0,0.0915870262190967,0.0,0.006482403827187798,3.434271058984923e-18,0.06402382175052843
0.0,0.09179985630371568,0.0,0.006438845625897031,3.743825934882145e-18,0.0641719222835547
0.0,0.09201244557360802,0.0,0.006394867055790246,4.0578777129429164e-18,0.06431984846026473
0.0,0.09222479245499046,0.0,0.00635046763399257,3.820548978416297e-18,0.06446759849950105
0.0,0.09243689537752475,0.0,0.006305646886225705,3.678349139382857e-18,0.06461517061929188
0.0,0.09264875277450278,0.0,0.0062604043469251785,3.532336442600161e-18,0.06476256303693802
0.0,0.09286036308277626,0.0,0.006214739559154609,3.4043368462315385e-18,0.06490977396906379
0.0,0.09307172474266731,0.0,0.006168652074660123,3.428070434394819e-18,0.06505680163156279
0.0,0.09328283619809649,0.0,0.006122141453863277,3.6080801229917334e-18,0.06520364423970658
0.0,0.09349369589657934,0.0,0.006075207265924899,3.5196438137439624e-18,0.0653503000082358
0.0,0.09370430228906676,0.0,0.006027849088631491,3.994344773202477e-18,0.06549676715121683
0.0,0.09391465383016943,0.0,0.005980066508554587,3.850224064301375e-18,0.06564304388228784
0.0,0.0941247489779975,0.0,0.005931859120922249,3.989162092678592e-18,0.065789128414566
0.0,0.09433458619415222,0.0,0.00588322652972726,3.854748018210804e-18,0.06593501896068651
0.0,0.09454416394392798,0.0,0.005834168347692735,3.838266906033878e-18,0.06608071373295912
0.0,0.09475348069601473,0.0,0.00578468419621485,3.620968646824111e-18,0.066226210943245
0.0,0.09496253492271726,0.0,0.005734773705504682,3.0375973463090536e-18,0.06637150880310572
0.0,0.09517132509992748,0.0,0.005684436514455505,2.8372840471594897e-18,0.06651660552384592
0.0,0.09537984970699206,0.0,0.00563367227074793,1.2427606117882123e-18,0.06666149931646329
0.0,0.09558810722687519,0.0,0.005582480630748052,1.5178002280658793e-18,0.06680618839177538
0.0,0.09579609614606865,0.0,0.005530861259631347,6.53142332625781e-19,0.06695067096045143
0.0,0.09600381495459269,0.0,0.005478813831277876,1.0960404058212277e-18,0.0670949452329784
0.0,0.09621126214602617,0.0,0.005426338028282495,6.924658266908558e-19,0.06723900941980557
0.0,0.09641843621751281,0.0,0.0053734335420613216,2.8965825063424826e-19,0.0673828617313226
0.0,0.09662533566972865,0.0,0.005320100072668636,2.3091179334491587e-19,0.06752650037792345
0.0,0.09683195900684281,0.0,0.005266337328954617,7.436951108448015e-19,0.06766992356999568
0.0,0.09703830473666475,0.0,0.005212145028453306,4.4603419764065435e-19,0.06781312951807085
0.0,0.09724437137051083,0.0,0.005157522897478765,6.256052922578116e-19,0.06795611643279142
0.0,0.09745015742317759,0.0,0.005102470670960315,2.1694957357337934e-19,0.06809888252491578
0.0,0.09765566141311839,0.0,0.0050469880926170664,5.255777464607734e-19,0.06824142600548086
0.0,0.09786088186227118,0.0,0.0049910749147681725,5.770235870520793e-19,0.06838374508574574
0.0,0.09806581729606886,0.0,0.004934730898492861,5.10700714401055e-19,0.06852583797722747
0.0,0.09827046624361538,0.0,0.0048779558134969,4.51151889593577e-19,0.06866770289188669
0.0,0.09847482723748147,0.0,0.00482074943811213,3.080049756061631e-19,0.06880933804199073
0.0,0.09867889881372356,0.0,0.004763111559342098,3.462146110901656e-19,0.068950741640226
0.0,0.09888267951206015,0.0,0.004705041972798306,4.0231402799287085e-19,0.06909191189981906
0.0,0.09908616787573288,0.0,0.004646540482638034,4.466018093713183e-19,0.06923284703449012
0.0,0.0992893624514155,0.0,0.004587606901651785,4.598701323333907e-19,0.06937354525848874
0.0,0.09949226178947437,0.0,0.004528241051167675,1.8748714789257966e-19,0.06951400478674259
0.0,0.09969486444373589,0.0,0.004468442761026461,3.4715187089621053e-19,0.06965422383480932
0.0,0.09989716897157282,0.0,0.004408211869558938,3.5152790819552717e-19,0.06979420061892598
0.0,0.10009917393391579,0.0,0.004347548223600116,4.848882444376955e-19,0.06993393335611064
0.0,0.10030087789527396,0.0,0.00428645167841649,4.671173682724979e-19,0.07007342026421268
0.0,0.10050227942363764,0.0,0.00422492209766952,5.94621612824839e-19,0.07021265956185846
0.0,0.10070337709059261,0.0,0.0041629593534036535,1.3689251979837858e-18,0.07035164946862991
0.0,0.10090416947122267,0.0,0.004100563326014445,1.7962856945281696e-18,0.07049038820501408
0.0,0.1011046551441698,0.0,0.004037733904169599,1.7702915176682772e-18,0.0706288739924962
0.0,0.1013048326916932,0.0,0.003974470984841595,1.666432877282754e-18,0.07076710505364182
0.0,0.10150470069945243,0.0,0.003910774473158803,1.6081390178099578e-18,0.07090507961204469
0.0,0.10170425775676122,0.0,0.0038466442824794424,1.5033320367780361e-18,0.07104279589248143
0.0,0.10190350245647917,0.0,0.0037820803342301992,1.5367904691849585e-18,0.0711802521209342
0.0,0.10210243339490771,0.0,0.0037170825579449815,1.5319259108740939e-18,0.07131744652454447
0.0,0.10230104917200562,0.0,0.003651650891163647,1.455218926759797e-18,0.07145437733184203
0.0,0.10249934839122186,0.0,0.003585785279344997,1.7700485811929795e-18,0.07159104277264292
0.0,0.10269732965955715,0.0,0.003519485675903763,2.218085789520252e-18,0.07172744107816592
0.0,0.10289499158751081,0.0,0.0034527520420379364,2.3265640028071733e-18,0.07186357048105975
0.0,0.10309233278925134,0.0,0.003385584346755804,2.25757995255137e-18,0.07199942921555844
0.0,0.10328935188232473,0.0,0.003317982566687725,2.281237712698811e-18,0.0721350155173053
0.0,0.10348604748793419,0.0,0.0032499466861471787,2.2730387672100115e-18,0.07227032762366019
0.0,0.10368241823082239,0.0,0.0031814766969677374,1.9299977473699394e-18,0.07240536377362264
0.0,0.10387846273919622,0.0,0.0031125725984245626,1.972581976843617e-18,0.07254012220785025
0.0,0.10407417964489236,0.0,0.003043234397176568,1.8509933199384124e-18,0.07267460116885692
0.0,0.10426956758323808,0.0,0.0029734621071708916,1.8155411860556426e-18,0.07280879890090113
0.0,0.10446462519312064,0.0,0.002903255749484639,1.967393468258727e-18,0.07294271365016859
0.0,0.10465935111699166,0.0,0.0028326153523446653,1.9601490847408055e-18,0.07307634366479061
0.0,0.10485374400077148,0.0,0.002761540950903652,1.8135852906624413e-18,0.07320968719485085
0.0,0.10504780249402862,0.0,0.002690032587185279,1.7929196306036177e-18,0.07334274249253751
0.0,0.1052415252497982,0.0,0.002618090309982301,1.465316267743555e-18,0.07347550781212742
0.0,0.10543491092466918,0.0,0.0025457141746767133,1.4093978468280473e-18,0.07360798141007302
0.0,0.10562795817881937,0.0,0.002472904243153313,1.3659680242597833e-18,0.073740161545081
0.0,0.10582066567588748,0.0,0.002399660583657485,1.4002955134291328e-18,0.07387204647813159
0.0,0.106013032083168,0.0,0.0023259832706648727,1.1983284781243513e-18,0.07400363447261331
0.0,0.10620505607135619,0.0,0.002251872384697851,1.2007943922623574e-18,0.07413492379424323
0.0,0.10639673631480634,0.0,0.0021773280121928683,7.730890819103497e-19,0.07426591271134467
0.0,0.10658807149141136,0.0,0.0021023502453278563,1.194167893425347e-18,0.07439659949475316
0.0,0.10677906028246927,0.0,0.0020269391818633353,1.0851835575736247e-18,0.07452698241785631
0.0,0.10696970137303685,0.0,0.0019510949249190663,1.194753778957151e-18,0.074657059756877
0.0,0.10715999345156062,0.0,0.0018748175828809362,1.131718054799876e-18,0.07478682979069722
0.0,0.10734993520999195,0.0,0.001798107269060446,1.5235511601282196e-18,0.07491629080100694
0.0,0.10753952534399981,0.0,0.0017209641016188203,1.120153476609283e-18,0.07504544107252246
0.0,0.10772876255268395,0.0,0.001643388203260883,1.5165982005449753e-18,0.07517427889288282
0.0,0.10791764553865034,0.0,0.001565379701031681,1.3704797914937431e-18,0.07530280255271313
0.0,0.10810617300811397,0.0,0.0014869387260835571,1.3447796041537363e-18,0.07543101034587113
0.0,0.10829434367085472,0.0,0.0014080654134268024,1.2874892141594128e-18,0.07555890056942133
0.0,0.10848215624012189,0.0,0.0013287599016117545,8.116091550587873e-19,0.07568647152366718
0.0,0.10866960943271672,0.0,0.0012490223325141844,7.619665724668304e-19,0.07581372151231751
0.0,0.10885670196908016,0.0,0.0011688528510163118,9.243600782790803e-19,0.0759406488426097
0.0,0.10904343257305359,0.0,0.0010882516046601945,1.2890254634822905e-18,0.07606725182522238
0.0,0.10922979997210003,0.0,0.0010072187433723002,1.6437174917455266e-18,0.07619352877456823
0.0,0.10941580289724863,0.0,0.0009257544190863646,1.557989783992021e-18,0.0763194780087796
0.0,0.10960144008302354,0.0,0.0008438587854335813,1.4693252895483366e-18,0.07644509784980424
0.0,0.10978671026750118,0.0,0.000761531997278941,1.3215152317434844e-18,0.07657038662355597
0.0,0.10997161219231454,0.0,0.0006787742104117037,1.1521209743368702e-18,0.0766953426599608
0.0,0.11015614460257844,0.0,0.0005955855810577532,7.461062451192219e-19,0.07681996429306305
0.0,0.11034030624707603,0.0,0.0005119662654660979,6.598806097410631e-19,0.07694424986125133
0.0,0.11052409587801226,0.0,0.0004279164194621859,9.647277731223471e-19,0.0770681977071964
0.0,0.11070751225117606,0.0,0.00034343619791365326,1.3107837376012292e-18,0.07719180617805844
0.0,0.11089055412594706,0.0,0.0002585257542705539,2.026847742758535e-18,0.07731507362567615
0.0,0.11107322026514134,0.0,0.00017318523994338565,2.3110546586125797e-18,0.07743799840651042
0.0,0.11125550943521656,0.0,8.741480382852638e-05,2.251126117111311e-18,0.07756057888197913
0.0,0.11143742040612757,0.0,1.2145915914444846e-06,2.634882313164344e-18,0.07768281341845493
0.0,0.11161895195139586,0.0,-8.541525483867721e-05,2.532242083448604e-18,0.07780470038746398
0.0,0.11180010284802075,0.0,-0.00017247459807887347,3.2424847934139758e-18,0.07792623816579788
0.0,0.1119808718766566,0.0,-0.0002599633059338488,4.084307330309766e-18,0.07804742513573254
0.0,0.11216125782137648,0.0,-0.0003478812520823415,4.469939318393224e-18,0.07816825968511261
0.0,0.11234125946987085,0.0,-0.0004362283170533301,4.649529169968606e-18,0.07828874020754344
0.0,0.1125208756133983,0.0,-0.0005250043888540704,4.92814816386288e-18,0.07840886510264608
0.0,0.11270010504664811,0.0,-0.0006142093639944658,4.805900080881179e-18,0.0785286327760767
0.0,0.11287894656797752,0.0,-0.0007038431483890033,4.7113608926236455e-18,0.07864804163990495
0.0,0.1130573989791976,0.0,-0.0007939056583162246,5.357296735529473e-18,0.07876709011264112
0.0,0.11323546108569603,0.0,-0.0008843968215422118,5.924682349728089e-18,0.07888577661958392
0.0,0.1134131316964469,0.0,-0.0009753165783261452,5.589824257003347e-18,0.07900409959300497
0.0,0.11359040962387358,0.0,-0.0010666648827084126,5.346980487758002e-18,0.07912205747229552
0.0,0.1137672936839469,0.0,-0.0011584417036919975,5.512336124469151e-18,0.07923964870433421
0.0,0.1139437826963421,0.0,-0.001250647026605596,5.3924810656717155e-18,0.07935687174373371
0.0,0.11411987548404702,0.0,-0.0013432808544407288,5.753562620952047e-18,0.07947372505298028
0.0,0.11429557087375196,0.0,-0.00143634320949211,5.513409082336167e-18,0.07959020710286856
0.0,0.11447086769565305,0.0,-0.0015298341347663004,5.706703962832713e-18,0.07970631637279277
0.0,0.1146457647834381,0.0,-0.001623753695768523,5.5442740703278004e-18,0.07982205135094847
0.0,0.11482026097436665,0.0,-0.0017181019823420043,5.458312559260432e-18,0.07993741053478548
0.0,0.11499435510928815,0.0,-0.0018128791104322995,4.9634238341177895e-18,0.08005239243135842
0.0,0.1151680460325591,0.0,-0.0019080852242503122,4.9344775654190874e-18,0.08016699555768228
0.0,0.11534133259198111,0.0,-0.002003720498393643,5.6178498293556325e-18,0.08028121844102892
0.0,0.11551421363910956,0.0,-0.0020997851401108655,5.4450471597634286e-18,0.08039505961966491
0.0,0.11568668802889454,0.0,-0.0021962793918292945,5.779023249220266e-18,0.0805085176429421
0.0,0.11585875461974858,0.0,-0.0022932035337349856,5.53198493394082e-18,0.08062159107195672
0.0,0.11603041227389906,0.0,-0.0023905578865930366,5.7259670684210765e-18,0.08073427848018616
0.0,0.11620165985683562,0.0,-0.0024883428147272433,5.513982516078911e-18,0.08084657845375473
0.0,0.11637249623773706,0.0,-0.002586558729241268,5.665576810402381e-18,0.08095848959224333
0.0,0.11654292028929572,0.0,-0.002685206091410778,5.8838952132514905e-18,0.0810700105092473
0.0,0.11671293088776148,0.0,-0.0027842854163415377,6.121507048120509e-18,0.08118113983303606
0.0,0.1168825269128824,0.0,-0.0028837972769732685,7.212559366557049e-18,0.08129187620724448
0.0,0.11705170724796787,0.0,-0.002983742308132211,6.8941892933192275e-18,0.08140221829166934
0.0,0.11722047077992444,0.0,-0.003084121211215293,7.17931662348987e-18,0.08151216476310509
0.0,0.11738881639911497,0.0,-0.003184934758804458,6.90176480863523e-18,0.08162171431617948
0.0,0.11755674299945941,0.0,-0.003286183800120873,6.784408614414769e-18,0.08173086566426235
0.0,0.11772424947851305,0.0,-0.0033878692663428496,7.435874870188051e-18,0.08183961754061461
0.0,0.1178913347372397,0.0,-0.0034899921767696735,8.083724807186195e-18,0.08194796869926556
0.0,0.11805799768024061,0.0,-0.0035925536451548662,7.590210084994656e-18,0.08205591791638525
0.0,0.11822423721563909,0.0,-0.0036955548867512117,6.973645628483348e-18,0.08216346399138687
0.0,0.11839005225503056,0.0,-0.0037989972256601825,7.278063318855765e-18,0.0822706057483233
0.0,0.11855544171371145,0.0,-0.0039028821029193084,6.989618056268868e-18,0.08237734203743693
0.0,0.11872040451031456,0.0,-0.004007211085195362,6.198444469164747e-18,0.08248367173653773
0.0,0.1188849395671936,0.0,-0.004111985874133042,5.350655651058398e-18,0.08258959375290012
0.0,0.11904904581015945,0.0,-0.0042172083163601,5.3424080390394244e-18,0.08269510702499303
0.0,0.11921272216854958,0.0,-0.004322880414492884,6.655942507311225e-18,0.08280021052446347
0.0,0.11937596757530249,0.0,-0.004429004338837488,6.191340563860056e-18,0.08290490325833114
0.0,0.11953878096686166,0.0,-0.004535582440101025,5.761429761604656e-18,0.08300918427129018
0.0,0.11970116128321111,0.0,-0.004642617263086455,5.146408575303301e-18,0.0831130526482616
0.0,0.11986310746787576,0.0,-0.004750111561637867,4.92667200447282e-18,0.08321650751706837
0.0,0.12002461846799004,0.0,-0.004858068314577064,4.137414389666776e-18,0.08331954805152639
0.0,0.12018569323409564,0.0,-0.004966490743072556,3.56100786080915e-18,0.08342217347455813
0.0,0.12034633072040796,0.0,-0.005075382329436522,5.027075142377842e-18,0.0835243830617915
0.0,0.12050652988462776,0.0,-0.005184746837329237,4.527957989062035e-18,0.08362617614534948
0.0,0.12066628968795017,0.0,-0.005294588333645668,6.525908572141709e-18,0.08372755211795949
0.0,0.12082560909523414,0.0,-0.005404911212062355,5.7824790038700215e-18,0.08382851043763676
0.0,0.12098448707479124,0.0,-0.005515720218610617,7.487720967837806e-18,0.08392905063244659
0.0,0.12114292259844231,0.0,-0.00562702047891848,7.538456913014969e-18,0.08402917230589788
0.0,0.1213009146416821,0.0,-0.005738817527745592,6.703303627013031e-18,0.08412887514290655
0.0,0.12145846218343238,0.0,-0.005851117340408477,5.7870319831218624e-18,0.08422815891597284
0.0,0.1216155642061659,0.0,-0.0059639263665811505,7.779582967738911e-18,0.08432702349216853
0.0,0.12177221969595842,0.0,-0.006077251566036237,8.270424610921353e-18,0.08442546884065576
0.0,0.12192842764241343,0.0,-0.006191100446593323,1.0121086830715521e-17,0.08452349504076288
0.0,0.12208418703861566,0.0,-0.006305481103976727,1.2293231773053586e-17,0.08462110229074808
0.0,0.12223949688123993,0.0,-0.0064204022632527325,1.3460609836886351e-17,0.08471829091735773
0.0,0.12239435617052699,0.0,-0.006535873321453801,1.2521257454946138e-17,0.08481506138593008
0.0,0.12254876391019659,0.0,-0.006651904390698695,1.178268833754721e-17,0.08491141431135793
0.0,0.12270271910758648,0.0,-0.0067685063405845056,1.3715774746211372e-17,0.08500735046964164
0.0,0.1228562207735148,0.0,-0.006885690838619052,1.209178801257808e-17,0.08510287081002949
0.0,0.12300926792231681,0.0,-0.007003470386288673,1.1099014014646818e-17,0.08519797646775076
0.0,0.1231618595719696,0.0,-0.007121858348071212,9.02959090333218e-18,0.08529266877708082
0.0,0.12331399474396373,0.0,-0.007240868969092282,1.0230865741668021e-17,0.08538694928421921
0.0,0.12346567246323406,0.0,-0.007360517376021278,1.085768442605037e-17,0.08548081975990418
0.0,0.12361689175838386,0.0,-0.0074808195537226585,1.3502363100462279e-17,0.08557428221094492
0.0,0.12376765166147949,0.0,-0.007601792287132661,1.3276348136900814e-17,0.0856673388896485
0.0,0.12391795120814891,0.0,-0.007723453054882172,1.320898632992465e-17,0.08575999230004897
0.0,0.12406778943756949,0.0,-0.007845819855915629,1.5769858043381104e-17,0.08585224519908966
0.0,0.12421716539254757,0.0,-0.007968910944553667,1.6229669947053682e-17,0.0859441005902584
0.0,0.12436607811920045,0.0,-0.008092744440898138,1.2721622976935523e-17,0.08603556170606855
0.0,0.12451452666741769,0.0,-0.008217337773067646,1.5904950132047768e-17,0.08612663197573603
0.0,0.12466251009053922,0.0,-0.008342706894564428,1.7733206837118763e-17,0.08621731497077197
0.0,0.12481002744543856,0.0,-0.008468865202452935,1.802893170705182e-17,0.08630761432139879
0.0,0.12495707779255724,0.0,-0.008595822062400478,1.6941618859700377e-17,0.08639753359309536
0.0,0.12510366019584013,0.0,-0.00872358082303838,1.539735104681602e-17,0.0864870761100259
0.0,0.12524977372286625,0.0,-0.008852136177634752,1.8998100258355204e-17,0.08657624470917881
0.0,0.12539541744459096,0.0,-0.00898147071068454,2.289521481119706e-17,0.08666504140567902
0.0,0.1255405904357235,0.0,-0.009111550459634781,2.1470444997037005e-17,0.08675346694883088
0.0,0.12568529177431853,0.0,-0.00924231934418066,1.906255090411114e-17,0.08684152024768756
0.0,0.12582952054213523,0.0,-0.009373692396233063,1.9492657294738164e-17,0.08692919765330534
0.0,0.12597327582434545,0.0,-0.009505547905093902,1.8849164143621125e-17,0.08701649209938317
0.0,0.12611655670969868,0.0,-0.009637718929687204,2.0044713272649305e-17,0.0871033921360848
0.0,0.12625936229059573,0.0,-0.009769985181908046,2.4106485448266906e-17,0.0871898809443995
0.0,0.1264016916628064,0.0,-0.009902067073289373,2.769741275446068e-17,0.08727593549604412
0.0,0.12654354392574338,0.0,-0.010033624659971173,3.2720512529922707e-17,0.0873615261181905
0.0,0.12668491818238645,0.0,-0.010164265014922767,3.935323820717056e-17,0.08744661680368432
0.0,0.1268258135391708,0.0,-0.010293561600671169,4.101490262412903e-17,0.08753116661960597
0.0,0.12696622910611283,0.0,-0.010421087675367004,4.328504131169249e-17,0.08761513243295381
0.0,0.12710616399683633,0.0,-0.010546462036695764,4.03092863131885e-17,0.08769847283443646
0.0,0.12724561732839682,0.0,-0.010669399957831546,4.3993036875419184e-17,0.08778115264918566
0.0,0.12738458822141574,0.0,-0.010789757226428477,6.119479351775203e-17,0.08786314698117598
0.0,0.1275230758002024,0.0,-0.010907554145595515,6.420298809653087e-17,0.0879444436463228
0.0,0.12766107919236194,0.0,-0.011022971338313994,6.654611685452122e-17,0.088025043284213
0.0,0.12779859752921463,0.0,-0.011136318615444226,6.460826424265448e-17,0.08810495724474694
0.0,0.1279356299455895,0.0,-0.011247987037108394,7.236452895415856e-17,0.08818420407834646
0.0,0.1280721755798995,0.0,-0.011358397952111066,9.041297217612303e-17,0.0882628057424993
0.0,0.12820823357390929,0.0,-0.011467960364714026,8.459677532004481e-17,0.08834078441781124
0.0,0.12834380307320134,0.0,-0.011577042246447684,9.670957602634222e-17,0.08841816035958504
0.0,0.12847888322668308,0.0,-0.011685955953146608,1.0848940917444271e-16,0.0884949507823714
0.0,0.1286134731869482,0.0,-0.011794954689647117,1.1114784306878452e-16,0.08857116953949357
0.0,0.12874757210997628,0.0,-0.011904236051135508,1.1838577304534643e-16,0.08864682729912716
0.0,0.12888117915545022,0.0,-0.012013949182193073,1.1376770773064786e-16,0.08872193196814593
0.0,0.1290142934865535,0.0,-0.01212420312211051,1.1299040812609273e-16,0.08879648919294958
0.0,0.12914691426991573,0.0,-0.012235074895824732,1.0979664610376607e-16,0.08887050284150513
0.0,0.129279040675815,0.0,-0.012346616645599967,1.0881119278046538e-16,0.0889439754216526
0.0,0.12941067187799865,0.0,-0.012458861564889588,9.201468173533459e-17,0.0890169084226703
0.0,0.1295418070538431,0.0,-0.012571828652028171,1.0388582096828083e-16,0.08908930258316863
0.0,0.12967244538417275,0.0,-0.012685526420734443,1.016449528003308e-16,0.08916115809572701
0.0,0.12980258605345382,0.0,-0.012799955742937533,9.659540737049991e-17,0.089232474760388
0.0,0.12993222824959236,0.0,-0.012915111997778051,1.0138910056622381e-16,0.08930325209774488
0.0,0.13006137116408817,0.0,-0.013030986679184302,9.816207117819305e-17,0.08937348943197555
0.0,0.1301900139919771,0.0,-0.013147568589101329,9.878944456522392e-17,0.08944318595100821
0.0,0.13031815593188092,0.0,-0.013264844716800908,1.0178325980324577e-16,0.08951234074974412
0.0,0.130445796185859,0.0,-0.013382800883126482,8.768679017267789e-17,0.08958095286123269
0.0,0.13057293395960437,0.0,-0.01350142220970533,8.506729500924699e-17,0.08964902127881398
0.0,0.13069956846237207,0.0,-0.013620693458157133,8.055294541801224e-17,0.08971654497187942
0.0,0.1308256989068027,0.0,-0.013740599273814939,6.832405114575925e-17,0.08978352289680028
0.0,0.13095132450925756,0.0,-0.01386112435877412,7.833268427646548e-17,0.08984995400490679
0.0,0.1310764444896091,0.0,-0.01398225359349963,8.365869900994407e-17,0.08991583724773264
0.0,0.13120105807112584,0.0,-0.014103972120447155,7.283775425964495e-17,0.08998117158065679
0.0,0.13132516448082032,0.0,-0.014226265400335048,8.654416294148332e-17,0.09004595596552054
0.0,0.13144876294913152,0.0,-0.0143491192482706,7.496081443950495e-17,0.09011018937222329
0.0,0.13157185270999947,0.0,-0.014472519855452167,7.208566119560314e-17,0.09017387077959244
0.0,0.13169443300103748,0.0,-0.014596453800339002,7.565456957416682e-17,0.09023699917631471
0.0,0.1318165030633279,0.0,-0.014720908052505852,9.313415871499495e-17,0.09029957356103825
0.0,0.13193806214148557,0.0,-0.01484586997103066,9.64412018506592e-17,0.0903615929425237
0.0,0.13205910948367736,0.0,-0.014971327299296976,9.764013454348552e-17,0.09042305633974346
0.0,0.13217964434161913,0.0,-0.015097268157107425,9.047448041081495e-17,0.09048396278174359
0.0,0.1322996659705758,0.0,-0.015223681031281022,7.59229835430445e-17,0.09054431130748813
0.0,0.13241917362933658,0.0,-0.015350554764900487,6.746348293755148e-17,0.0906041009657247
0.0,0.1325381665802587,0.0,-0.015477878546057311,8.17041646479503e-17,0.0906633308147585
0.0,0.13265664408920713,0.0,-0.015605641896172785,7.433202149725453e-17,0.09072199992228348
0.0,0.13277460542561198,0.0,-0.015733834658282226,8.558045123886846e-17,0.09078010736519795
0.0,0.1328920498624695,0.0,-0.015862446985196458,9.310204329980464e-17,0.09083765222938865
0.0,0.13300897667621459,0.0,-0.015991469328009603,1.0204995187046688e-16,0.09089463360952649
0.0,0.13312538514699745,0.0,-0.016120892424717048,9.272340502832347e-17,0.09095105060901829
0.0,0.1332412745583389,0.0,-0.016250707289034973,9.517808250444078e-17,0.09100690233970857
0.0,0.1333566441974695,0.0,-0.016380905199801007,1.1078948653373995e-16,0.0910621879218544
0.0,0.13347149335488517,0.0,-0.016511477690386606,8.578389706550442e-17,0.09111690648379292
0.0,0.13358582132503244,0.0,-0.016642416538770813,9.765301236088782e-17,0.091171057162242
0.0,0.13369962740549404,0.0,-0.016773713757632043,9.419874456307855e-17,0.09122463910164345
0.0,0.13381291089775255,0.0,-0.01690536158516766,9.124606552431012e-17,0.09127765145459497
0.0,0.13392567110642195,0.0,-0.01703735247580229,9.579266641794827e-17,0.0913300933812857
0.0,0.1340379073401207,0.0,-0.017169679091776104,9.527196256643821e-17,0.09138196404990198
0.0,0.1341496189107118,0.0,-0.017302334294519713,1.0194028028338388e-16,0.09143326263620608
0.0,0.13426080513359284,0.0,-0.01743531113675441,1.122411200032483e-16,0.09148398832356339
0.0,0.13437146532780417,0.0,-0.017568602854717324,1.0762477733497047e-16,0.09153414030301588
0.0,0.13448159881603552,0.0,-0.017702202860693492,1.1208850357300812e-16,0.09158371777323612
0.0,0.13459120492421622,0.0,-0.017836104735911826,1.0256247214670217e-16,0.09163271994029193
0.0,0.13470028298210546,0.0,-0.017970302223653367,1.0134460949354205e-16,0.09168114601788943
0.0,0.13480883232289112,0.0,-0.01810478922265808,1.13941733442014e-16,0.09172899522722043
0.0,0.13491685228325007,0.0,-0.01823955978076538,1.0531158707941828e-16,0.09177626679694624
0.0,0.13502434220339918,0.0,-0.01837460808888708,1.1468349701106562e-16,0.09182295996320525
0.0,0.1351313014272875,0.0,-0.018509928475090528,1.261083324377677e-16,0.09186907396975946
0.0,0.13523772930220904,0.0,-0.01864551539905095,1.3488139728230205e-16,0.09191460806782775
0.0,0.13534362517902104,0.0,-0.018781363446582454,1.3756403175321866e-16,0.09195956151606562
0.0,0.1354489884123048,0.0,-0.018917467324508098,1.3752748554632833e-16,0.092003933580913
0.0,0.13555381835990313,0.0,-0.019053821855675532,1.396967354411998e-16,0.0920477235361136
0.0,0.13565811438329545,0.0,-0.019190421974201365,1.5532347817016884e-16,0.09209093066310671
0.0,0.1357618758477705,0.0,-0.01932726272083249,1.4857930136259229e-16,0.09213355425114031
0.0,0.13586510212172004,0.0,-0.019464339238585385,1.3972674745524309e-16,0.09217559359681796
0.0,0.13596779257746794,0.0,-0.01960164676851379,1.3169909489104903e-16,0.09221704800470923
0.0,0.13606994659055432,0.0,-0.01973918064562324,1.3034488335277256e-16,0.09225791678689597
0.0,0.13617156354033746,0.0,-0.01987693629498724,1.3403019644582609e-16,0.09229819926342928
0.0,0.1362726428095501,0.0,-0.020014909228031466,1.373094981018872e-16,0.09233789476206915
0.0,0.13637318378450336,0.0,-0.020153095038858926,1.2021874946955005e-16,0.09237700261845778
0.0,0.13647318585503587,0.0,-0.02029148940091745,1.2090239768105498e-16,0.09241552217610623
0.0,0.13657264841467834,0.0,-0.020430088063586278,1.1601007703124152e-16,0.0924534527866397
0.0,0.1366715708602294,0.0,-0.020568886849047122,1.14817483515426e-16,0.09249079380946779
0.0,0.1367699525922565,0.0,-0.020707881649210013,1.0839848877973618e-16,0.09252754461222164
0.0,0.13686779301483953,0.0,-0.02084706842278317,1.1873882731731295e-16,0.09256370457063068
0.0,0.136965091535438,0.0,-0.020986443192486055,1.1592008294841413e-16,0.09259927306845363
0.0,0.1370618475652784,0.0,-0.021126002042327712,1.0578185618428364e-16,0.09263424949784065
0.0,0.13715806051892407,0.0,-0.021265741115033945,1.2612728682440166e-16,0.09266863325904505
0.0,0.13725372981463094,0.0,-0.021405656609502367,1.3160965518110104e-16,0.09270242376080008
0.0,0.1373488548742225,0.0,-0.02154574477851342,1.2851047713872557e-16,0.09273562042013524
0.0,0.13744343512284032,0.0,-0.021686001926354417,1.4243068294799613e-16,0.09276822266249553
0.0,0.13753746998943214,0.0,-0.021826424406689676,1.5032772991727374e-16,0.092800229921867
0.0,0.1376309589062401,0.0,-0.02196700862033643,1.6325766534541036e-16,0.09283164164073668
0.0,0.13772390130933526,0.0,-0.0221077510134126,1.7688235460804713e-16,0.09286245727025814
0.0,0.13781629663807754,0.0,-0.022248648075262906,1.8330058975346051e-16,0.09289267627019558
0.0,0.13790814433552628,0.0,-0.022389696336622026,1.8772333254713213e-16,0.09292229810906202
0.0,0.1379994438481365,0.0,-0.022530892367847426,1.8971844360239171e-16,0.09295132226407767
0.0,0.1380901946260376,0.0,-0.02267223277722673,1.9640905478481772e-16,0.09297974822133014
0.0,0.13818039612295366,0.0,-0.022813714209275245,2.0098058240845376e-16,0.09300757547590496
0.0,0.1382700477958707,0.0,-0.022955333343192188,1.913067520023965e-16,0.09303480353157295
0.0,0.1383591491055997,0.0,-0.023097086891341802,1.8064636115487947e-16,0.09306143190131747
0.0,0.13844769951642616,0.0,-0.02323897159784301,1.7843552279032703e-16,0.09308746010714194
0.0,0.13853569849609995,0.0,-0.023380984237084543,1.7866881874204998e-16,0.09311288768004998
0.0,0.13862314551596905,0.0,-0.02352312161245699,1.963689197497628e-16,0.0931377141602823
0.0,0.13871004005086912,0.0,-0.023665380555080693,1.9361787700875451e-16,0.09316193909726299
0.0,0.1387963815793753,0.0,-0.023807757922583987,2.0321753205379762e-16,0.09318556204978373
0.0,0.13888216958324998,0.0,-0.023950250597826454,1.9600391106836588e-16,0.09320858258572295
0.0,0.13896740354808396,0.0,-0.024092855487930793,1.8479067317531118e-16,0.09323100028252106
0.0,0.13905208296302596,0.0,-0.024235569523103597,1.798141106354449e-16,0.09325281472710369
0.0,0.1391362073205199,0.0,-0.02437838965557018,1.7920527163214204e-16,0.09327402551557493
0.0,0.13921977611679898,0.0,-0.024521312858704944,1.8308657287124944e-16,0.09329463225387878
0.0,0.1393027888514629,0.0,-0.02466433612595357,1.8634367719952137e-16,0.09331463455729397
0.0,0.13938524502785793,0.0,-0.02480745646998898,1.871853444328387e-16,0.09333403205093242
0.0,0.13946714415255562,0.0,-0.02495067092187056,1.848710793101683e-16,0.09335282436931114
0.0,0.13954848573606926,0.0,-0.02509397653012232,1.7546817412069849e-16,0.09337101115696318
0.0,0.1396292692920596,0.0,-0.0252373703599827,1.8058244480965622e-16,0.09338859206793777
0.0,0.13970949433803104,0.0,-0.02538084949267151,1.727992959459402e-16,0.093405566766218
0.0,0.1397891603949316,0.0,-0.025524411024566093,1.6492293628799954e-16,0.09342193492566923
0.0,0.1398682669871369,0.0,-0.02566805206660814,1.7699656008356487e-16,0.09343769622991889
0.0,0.1399468136427357,0.0,-0.025811769743559296,1.75156261654919e-16,0.09345285037268328
0.0,0.14002479989320696,0.0,-0.02595556119336076,1.6799525802794788e-16,0.09346739705754462
0.0,0.1401022252737507,0.0,-0.02609942356657835,1.5877222271130722e-16,0.09348133599824274
0.0,0.1401790893230188,0.0,-0.02624335402577389,1.4450726305762894e-16,0.09349466691851609
0.0,0.14025539158313163,0.0,-0.026387349744885713,1.668888677392671e-16,0.0935073895522102
0.0,0.1403311315997548,0.0,-0.02653140790880081,1.7334865427885424e-16,0.09351950364326193
0.0,0.14040630892232006,0.0,-0.0266755257128202,1.7278592705068227e-16,0.09353100894600691
0.0,0.1404809231035567,0.0,-0.026819700362100136,1.5137715511974388e-16,0.09354190522479595
0.0,0.1405549736997736,0.0,-0.026963929071208786,1.6494984475649503e-16,0.09355219225430259
0.0,0.14062846027091314,0.0,-0.0271082090637219,1.7033357539790612e-16,0.09356186981960102
0.0,0.14070138238045982,0.0,-0.027252537571805156,1.7379678380479962e-16,0.09357093771601793
0.0,0.1407737395953202,0.0,-0.027396911835701202,1.8576124602456146e-16,0.09357939574926785
0.0,0.1408455314860917,0.0,-0.027541329103460837,1.8305869733386673e-16,0.09358724373552761
0.0,0.1409167576267672,0.0,-0.027685786630509707,1.8564898574712452e-16,0.09359448150134314
0.0,0.14098741759500993,0.0,-0.027830281679302814,1.8002720290387267e-16,0.09360110888381694
0.0,0.14105751097191543,0.0,-0.027974811518992632,1.9085477330938742e-16,0.09360712573049526
0.0,0.1411270373422788,0.0,-0.028119373425117316,1.9087094528061632e-16,0.09361253189957719
0.0,0.14119599629421203,0.0,-0.0282639646792944,1.9595956985354705e-16,0.09361732725969565
0.0,0.1412643874195933,0.0,-0.028408582568910448,2.0178567070392865e-16,0.09362151169021285
0.0,0.1413322103136897,0.0,-0.028553224386844243,2.0650360435417535e-16,0.093625085081061
0.0,0.14139946457536728,0.0,-0.028697887431220887,2.1727540137462863e-16,0.09362804733285605
0.0,0.14146614980706035,0.0,-0.028842569005204675,2.2020470364041817e-16,0.09363039835692925
0.0,0.14153226561470145,0.0,-0.028987266416648932,2.091299241856447e-16,0.09363213807528861
0.0,0.14159781160777637,0.0,-0.02913197697794907,2.1376528083658988e-16,0.09363326642077562
0.0,0.1416627873993351,0.0,-0.029276698005860153,2.286051791271204e-16,0.09363378333687325
0.0,0.1417271926059101,0.0,-0.029421426821206506,2.3117654016394736e-16,0.09363368877800163
0.0,0.14179102684773567,0.0,-0.029566160748743103,2.371213227644141e-16,0.09363298270935416
0.0,0.1418542897482447,0.0,-0.029710897116946713,2.4887097477975503e-16,0.0936316651068767
0.0,0.14191698093486982,0.0,-0.02985563325791223,2.5897873987176765e-16,0.09362973595760159
0.0,0.1419791000382856,0.0,-0.03000036650711347,2.5478364196153987e-16,0.09362719525929952
0.0,0.14204064669270153,0.0,-0.03014509420322902,2.3635987651611047e-16,0.09362404302063874
0.0,0.14210162053605316,0.0,-0.03028981368813089,2.397379297811993e-16,0.09362027926134743
0.0,0.14216202120963026,0.0,-0.030434522306578705,2.420586430621824e-16,0.0936159040120269
0.0,0.14222184835840765,0.0,-0.030579217406259736,2.412431898434538e-16,0.09361091731429969
0.0,0.14228110163085522,0.0,-0.030723896337503952,2.3961483185262907e-16,0.0936053192207805
0.0,0.1423397806788258,0.0,-0.030868556453320366,2.4772560634900346e-16,0.09359910979500134
0.0,0.14239788515807883,0.0,-0.03101319510918429,2.497213376228136e-16,0.09359228911178329
0.0,0.14245541472747725,0.0,-0.031157809662945492,2.5887550034290625e-16,0.0935848572566791
0.0,0.1425123690498624,0.0,-0.03130239747489557,2.511262380021964e-16,0.093576814326617
0.0,0.14256874779130313,0.0,-0.031446955907430706,2.354846092089109e-16,0.09356816042941804
0.0,0.14262455062140403,0.0,-0.031591482325117735,2.272678692234246e-16,0.09355889568397341
0.0,0.14267977721361202,0.0,-0.0317359740946539,2.3271471382632553e-16,0.09354902022051388
0.0,0.14273442724458235,0.0,-0.03188042858472221,2.3845508972632653e-16,0.09353853418018211
0.0,0.14278850039472352,0.0,-0.03202484316591314,2.2967441512850055e-16,0.09352743771537933
0.0,0.14284199634787825,0.0,-0.032169215210766766,2.362266942604837e-16,0.09351573098962698
0.0,0.14289491479152938,0.0,-0.03231354209363434,2.4486763959670655e-16,0.09350341417764853
0.0,0.14294725541659054,0.0,-0.03245782119064016,2.4989851407629047e-16,0.09349048746529894
0.0,0.14299901791750558,0.0,-0.032602049879662,2.568333507266254e-16,0.09347695104963544
0.0,0.14305020199249563,0.0,-0.03274622554035388,2.732532928902238e-16,0.09346280513903699
0.0,0.14310080734299058,0.0,-0.032890345553925775,2.8619321846567903e-16,0.09344804995289707
0.0,0.14315083367419051,0.0,-0.033034407303319385,2.8729229880708327e-16,0.09343268572198697
0.0,0.14320028069478904,0.0,-0.03317840817307569,2.827585298274706e-16,0.09341671268827734
0.0,0.1432491481170276,0.0,-0.033322345549327656,2.760206258941567e-16,0.09340013110496433
0.0,0.14329743565659026,0.0,-0.0334662168197821,2.817442413087859e-16,0.09338294123647259
0.0,0.1433451430327926,0.0,-0.03361001937370926,2.843081201192246e-16,0.09336514335850027
0.0,0.14339226996856036,0.0,-0.03375375060192294,2.831288304709979e-16,0.09334673775807129
0.0,0.1434388161901619,0.0,-0.033897407896826576,2.666982691829871e-16,0.09332772473335146
0.0,0.14348478142769133,0.0,-0.03404098865232054,2.7369148487412397e-16,0.09330810459394187
0.0,0.14353016541447147,0.0,-0.034184490263814815,2.651276503653725e-16,0.09328787766057611
0.0,0.14357496788759455,0.0,-0.03432791012830682,2.6176705604956706e-16,0.09326704426534405
0.0,0.14361918858762796,0.0,-0.03447124564430304,2.5743501089387487e-16,0.09324560475164007
0.0,0.1436628272585751,0.0,-0.03461449421183602,2.6346637679734294e-16,0.09322355947405167
0.0,0.14370588364814824,0.0,-0.0347576532325606,2.5769767360167325e-16,0.09320090879860186
0.0,0.14374835750758955,0.0,-0.034900720109612315,2.6030327152531424e-16,0.09317765310254635
0.0,0.14379024859162076,0.0,-0.03504369224777029,2.5889133806460353e-16,0.09315379277443601
0.0,0.14383155665838468,0.0,-0.03518656705333938,2.443422531331578e-16,0.09312932821405266
0.0,0.14387228146977626,0.0,-0.03532934193426269,2.318824611535459e-16,0.09310425983262083
0.0,0.14391242279121097,0.0,-0.03547201430012738,2.43993375330666e-16,0.09307858805256114
0.0,0.14395198039143264,0.0,-0.03561458156214359,2.5484294337888633e-16,0.09305231330760577
0.0,0.14399095404303863,0.0,-0.03575704113320348,2.445989100230881e-16,0.09302543604285197
0.0,0.14402934352196556,0.0,-0.035899390427918905,2.401480921779637e-16,0.09299795671466587
0.0,0.14406714860767572,0.0,-0.03604162686256726,2.345410887471059e-16,0.09296987579060037
0.0,0.14410436908325136,0.0,-0.03618374785521123,2.238170862305041e-16,0.09294119374966286
0.0,0.1441410047354486,0.0,-0.03632575082573311,2.245018981722275e-16,0.09291191108213301
0.0,0.1441770553542288,0.0,-0.03646763319574954,2.0224166281531284e-16,0.09288202828943629
0.0,0.14421252073333402,0.0,-0.03660939238878616,1.9623794308966461e-16,0.09285154588438295
0.0,0.14424740067006786,0.0,-0.036751025830210435,2.0877492667567658e-16,0.09282046439110671
0.0,0.14428169496518192,0.0,-0.03689253094736933,2.2522023130095666e-16,0.09278878434497896
0.0,0.1443154034229726,0.0,-0.03703390516947781,2.1232116830724117e-16,0.092756506292569
0.0,0.14434852585128644,0.0,-0.0371751459277764,2.0633167066360938e-16,0.09272363079176844
0.0,0.14438106206164353,0.0,-0.0373162506555556,2.1763096238903614e-16,0.09269015841180292
0.0,0.14441301186880698,0.0,-0.03745721678815847,1.9840960328181833e-16,0.09265608973293463
0.0,0.1444443750914368,0.0,-0.03759804176307977,1.910722274682583e-16,0.09262142534694068
0.0,0.14447515155148744,0.0,-0.03773872301989895,2.0449694592010954e-16,0.0925861658566168
0.0,0.14450534107457408,0.0,-0.03787925800045773,2.1257506987203283e-16,0.0925503118761034
0.0,0.14453494348978368,0.0,-0.03801964414882082,2.057542130241123e-16,0.09251386403069592
0.0,0.14456395862977633,0.0,-0.03815987891132999,2.0333946538320024e-16,0.09247682295692561
0.0,0.1445923863307709,0.0,-0.03829995973668156,2.0391415866277995e-16,0.09243918930253418
0.0,0.14462022643246444,0.0,-0.03843988407595477,1.8446297091177133e-16,0.09240096372638794
0.0,0.1446474787782427,0.0,-0.038579649382656275,1.8604876276272641e-16,0.09236214689868166
0.0,0.14467414321488326,0.0,-0.0387192531127683,1.8824159773219247e-16,0.09232273950060782
0.0,0.14470021959269697,0.0,-0.038858692724804016,1.9474151378376814e-16,0.0922827422245634
0.0,0.1447257077657501,0.0,-0.03899796567987519,2.0386437197607818e-16,0.09224215577422011
0.0,0.14475060759134206,0.0,-0.039137069441698966,2.1458466804281985e-16,0.09220098086414381
0.0,0.14477491893059785,0.0,-0.03927600147671508,2.1691432610568504e-16,0.09215921822023422
0.0,0.1447986416479517,0.0,-0.03941475925401815,2.231510030094098e-16,0.09211686857935111
0.0,0.1448217756115527,0.0,-0.03955334024558972,2.2790798017339967e-16,0.09207393268954442
0.0,0.14484432069305989,0.0,-0.03969174192618541,2.2587407962889475e-16,0.0920304113099036
0.0,0.14486627676752173,0.0,-0.03982996177347134,2.1968068623281869e-16,0.0919863052105258
0.0,0.14488764371379204,0.0,-0.03996799726808243,2.1603873462074128e-16,0.09194161517267233
0.0,0.14490842141410804,0.0,-0.04010584589366197,2.1253737253661459e-16,0.0918963419885781
0.0,0.14492860975415844,0.0,-0.04024350513682686,2.1251968559192282e-16,0.09185048646139843
0.0,0.14494820862331553,0.0,-0.040380972487389886,2.2695957913373293e-16,0.09180404940542912
0.0,0.1449672179145412,0.0,-0.04051824543836241,2.226281197779718e-16,0.09175703164589966
0.0,0.14498563752421456,0.0,-0.04065532148588535,2.304901745334187e-16,0.09170943401902124
0.0,0.14500346735228603,0.0,-0.0407921981294345,2.262042325253229e-16,0.09166125737187364
0.0,0.14502070730231864,0.0,-0.04092887287186628,2.151596239063136e-16,0.09161250256258663
0.0,0.14503735728124223,0.0,-0.04106534321932223,2.1923513258140813e-16,0.09156317046004256
0.0,0.1450534171997975,0.0,-0.041201606681511994,2.2003738211712907e-16,0.09151326194420727
0.0,0.14506888697203757,0.0,-0.04133766077160258,2.23137381227986e-16,0.09146277790577222
0.0,0.1450837665156649,0.0,-0.04147350300631253,2.2793130431774487e-16,0.09141171924633808
0.0,0.14509805575193696,0.0,-0.04160913090606606,2.308747775887267e-16,0.09136008687833899
0.0,0.14511175460548056,0.0,-0.04174454199484058,2.346342799307592e-16,0.09130788172493128
0.0,0.145124863004786,0.0,-0.041879733800515254,2.551857011416787e-16,0.09125510472023786
0.0,0.14513738088157951,0.0,-0.04201470385466671,2.3263785078226047e-16,0.09120175680901293
0.0,0.1451493081712704,0.0,-0.04214944969277337,2.2968905008898564e-16,0.09114783894673209
0.0,0.14516064481289373,0.0,-0.0422839688542366,2.2755324700976296e-16,0.0910933520997566
0.0,0.14517139074873325,0.0,-0.04241825888239182,2.398194549326523e-16,0.09103829724495408
0.0,0.1451815459249667,0.0,-0.042552317324703444,2.4915555987639457e-16,0.09098267536998925
0.0,0.14519111029110587,0.0,-0.04268614173269078,2.474188853294661e-16,0.09092648747316938
0.0,0.14520008380025015,0.0,-0.04281972966199296,2.4964673421279035e-16,0.09086973456338843
0.0,0.14520846640907745,0.0,-0.04295307867253774,2.584722374357799e-16,0.09081241766019944
0.0,0.14521625807768618,0.0,-0.04308618632846617,2.4297301768378337e-16,0.09075453779364404
0.0,0.1452234587698632,0.0,-0.04321905019835312,2.24174577566531e-16,0.09069609600440584
0.0,0.14523006845295475,0.0,-0.043351667855083834,2.2672448802517867e-16,0.09063709334371274
0.0,0.14523608709764896,0.0,-0.043484036876036095,2.1513044372856308e-16,0.09057753087319444
0.0,0.14524151467842467,0.0,-0.04361615484314647,2.1316603959933177e-16,0.09051740966504389
0.0,0.14524635117302176,0.0,-0.04374801934281825,2.1522720567955763e-16,0.09045673080183378
0.0,0.14525059656306205,0.0,-0.04387962796624742,2.09745136186016e-16,0.09039549537665029
0.0,0.1452542508333896,0.0,-0.04401097830920612,2.0125992404720345e-16,0.09033370449285501
0.0,0.14525731397262065,0.0,-0.04414206797231324,2.0028140975537417e-16,0.09027135926431663
0.0,0.14525978597279326,0.0,-0.04427289456094557,1.9777394802299105e-16,0.09020846081510644
0.0,0.14526166682951344,0.0,-0.04440345568537628,1.9415469920079018e-16,0.09014501027969568
0.0,0.1452629565419959,0.0,-0.04453374896087444,1.8621071882668196e-16,0.09008100880279131
0.0,0.14526365511277933,0.0,-0.04466377200759422,1.8609411356223326e-16,0.09001645753930598
0.0,0.1452637625483607,0.0,-0.04479352245092352,1.6136702371288527e-16,0.08995135765456537
0.0,0.14526327885820728,0.0,-0.044922997921139254,1.6844345863119373e-16,0.08988571032375786
0.0,0.145262204055922,0.0,-0.045052196053926595,1.683929998367135e-16,0.0898195167325623
0.0,0.1452605381581994,0.0,-0.045181114490088006,1.707170460453279e-16,0.08975277807655556
0.0,0.14525828118556697,0.0,-0.04530975087576936,1.7745021409878934e-16,0.08968549556155539
0.0,0.14525543316190165,0.0,-0.04543810286241058,1.7168581166816116e-16,0.08961767040333804
0.0,0.14525199411464973,0.0,-0.04556616810691682,1.6848270825630029e-16,0.0895493038277162
0.0,0.14524796407496082,0.0,-0.04569394427173722,1.8866363426702782e-16,0.08948039707059884
0.0,0.14524334307737946,0.0,-0.04582142902477753,1.8902606771329192e-16,0.08941095137779424
0.0,0.14523813115996353,0.0,-0.04594862003950707,1.9033191783596504e-16,0.08934096800496304
0.0,0.14523232836445954,0.0,-0.04607551499518151,1.8444401659562892e-16,0.08927044821785124
0.0,0.14522593473609638,0.0,-0.04620211157666015,1.7926946384294182e-16,0.0891993932919295
0.0,0.14521895032351187,0.0,-0.046328407474597925,1.8113741848879508e-16,0.08912780451247972
0.0,0.14521137517898935,0.0,-0.04645440038547724,1.8270722901157313e-16,0.0890556831746256
0.0,0.14520320935853437,0.0,-0.046580088011792066,1.922518966948087e-16,0.0889830305833561
0.0,0.14519445292134373,0.0,-0.04670546806179916,1.8791760782955272e-16,0.08890984805314078
0.0,0.14518510593044132,0.0,-0.04683053824988326,1.8677044179253004e-16,0.08883613690836441
0.0,0.14517516845224623,0.0,-0.046955296296472895,1.8610597636781679e-16,0.08876189848294527
0.0,0.14516464055680545,0.0,-0.0470797399281089,1.8992956722233269e-16,0.08868713412045857
0.0,0.1451535223175755,0.0,-0.04720386687750374,1.9772965832822324e-16,0.08861184517397575
0.0,0.14514181381171148,0.0,-0.04732767488366648,1.8592991552850899e-16,0.08853603300620129
0.0,0.14512951511987213,0.0,-0.04745116169186234,1.8791944451988328e-16,0.08845969898936676
0.0,0.1451166263261012,0.0,-0.04757432505366266,1.7834938652537159e-16,0.08838284450501326
0.0,0.14510314751841685,0.0,-0.04769716272721865,1.8826210383270222e-16,0.08830547094434
0.0,0.1450890787875767,0.0,-0.04781967247689396,1.87476080187963e-16,0.08822757970756215
0.0,0.14507442022889194,0.0,-0.04794185207385984,1.7366650936565664e-16,0.0881491722047238
0.0,0.14505917194036136,0.0,-0.04806369929564431,1.7997949663568786e-16,0.08807024985475403
0.0,0.1450433340240286,0.0,-0.04818521192654902,1.8836029947635587e-16,0.08799081408611847
0.0,0.14502690658530096,0.0,-0.04830638775752755,1.9517375108436612e-16,0.0879108663363645
0.0,0.14500988973316578,0.0,-0.048427224586280695,2.1067585288163023e-16,0.0878304080523165
0.0,0.1449922835799708,0.0,-0.04854772021730279,1.9817297172292012e-16,0.0877494406897858
0.0,0.14497408824212765,0.0,-0.04866787246203596,2.0590351196103826e-16,0.08766796571404054
0.0,0.14495530383881572,0.0,-0.04878767913870937,1.9046717128784435e-16,0.08758598459888332
0.0,0.1449359304934249,0.0,-0.04890713807263337,1.8063467906906893e-16,0.08750349882763021
0.0,0.14491596833258075,0.0,-0.049026247096098874,1.8925565388373747e-16,0.08742050989230189
0.0,0.14489541748665496,0.0,-0.049145004048550656,1.8720807097758682e-16,0.08733701929403342
0.0,0.14487427808904102,0.0,-0.049263406776359236,1.8293235832511352e-16,0.08725302854252145
0.0,0.14485255027737823,0.0,-0.049381453133401323,2.0356012314986334e-16,0.08716853915675231
0.0,0.14483023419245608,0.0,-0.04949914098057329,1.846526082127493e-16,0.08708355266423262
0.0,0.14480732997861268,0.0,-0.04961646818613959,1.9307368468538903e-16,0.08699807060132891
0.0,0.14478383778375337,0.0,-0.0497334326257204,2.0264084479919415e-16,0.08691209451303633
0.0,0.14475975775953726,0.0,-0.04985003218236818,1.986108394228802e-16,0.08682562595323878
0.0,0.14473509006076674,0.0,-0.049966264746535635,2.1142665571977486e-16,0.08673866648413378
0.0,0.14470983484607958,0.0,-0.05008212821621324,2.0994455899123966e-16,0.08665121767676072
0.0,0.1446839922777529,0.0,-0.05019762049705461,1.9206579688700466e-16,0.08656328111067961
0.0,0.1446575625211331,0.0,-0.050312739502107566,1.825527884519417e-16,0.08647485837371721
0.0,0.1446305457455496,0.0,-0.05042748315229767,1.6211703637336315e-16,0.08638595106239116
0.0,0.1446029421239639,0.0,-0.050541849376284274,1.5505239592754289e-16,0.0862965607816543
0.0,0.14457475183220997,0.0,-0.05065583611021995,1.695536724842821e-16,0.08620668914446036
0.0,0.14454597505048666,0.0,-0.05076944129844775,1.7587647446900461e-16,0.08611633777250943
0.0,0.14451661196190432,0.0,-0.05088266289294603,1.633419563218338e-16,0.08602550829544733
0.0,0.14448666275359984,0.0,-0.050995498853712636,1.5406344140684042e-16,0.08593420235135037
0.0,0.14445612761587368,0.0,-0.05110794714869705,1.5779457458043174e-16,0.0858424215863188
0.0,0.14442500674267572,0.0,-0.051220005753843494,1.644435416530246e-16,0.08575016765453393
0.0,0.1443933003315955,0.0,-0.051331672653248984,1.709219315099789e-16,0.08565744221840825
0.0,0.14436100858372408,0.0,-0.051442945839082335,1.6067316250928075e-16,0.08556424694828839
0.0,0.1443281317037744,0.0,-0.05155382331175591,1.5602254689937186e-16,0.08547058352253603
0.0,0.1442946698995473,0.0,-0.05166430307969832,1.6216012047957542e-16,0.08537645362723348
0.0,0.14426062338330764,0.0,-0.05177438315999599,1.7625118895740136e-16,0.08528185895679063
0.0,0.14422599236976996,0.0,-0.05188406157760755,1.8106605944915477e-16,0.08518680121284834
0.0,0.14419077707800104,0.0,-0.051993336366215726,1.7840806095342368e-16,0.0850912821053267
0.0,0.14415497773024577,0.0,-0.05210220556773883,1.8269354590224866e-16,0.08499530335158706
0.0,0.14411859455240486,0.0,-0.05221066723263045,1.85999828837196e-16,0.08489886667678487
0.0,0.14408162777393968,0.0,-0.05231871941984402,1.7656031008123342e-16,0.08480197381367136
0.0,0.14404407762771548,0.0,-0.052426360196870664,1.7638056006830534e-16,0.08470462650254204
0.0,0.1440059443502163,0.0,-0.05253358763976007,1.7441193772249507e-16,0.08460682649117779
0.0,0.14396722818158642,0.0,-0.05264039983337223,1.882762765967343e-16,0.08450857553499133
0.0,0.14392792936532806,0.0,-0.05274679487113732,2.0141894063554453e-16,0.0844098753966348
0.0,0.1438880481486205,0.0,-0.052852770855245375,2.0193171225376648e-16,0.08431072784623238
0.0,0.14384758478211807,0.0,-0.052958325896723786,2.0281446652189649e-16,0.08421113466117201
0.0,0.14380653952005135,0.0,-0.053063458115396166,2.1116873596146408e-16,0.08411109762612881
0.0,0.1437649126199756,0.0,-0.053168165639888014,2.1455892415348973e-16,0.08401061853287325
0.0,0.14372270434365206,0.0,-0.05327244660802583,2.1954974120776738e-16,0.08390969918069353
0.0,0.14367991495535198,0.0,-0.05337629916620531,2.0792691685824203e-16,0.08380834137539717
0.0,0.1436365447238085,0.0,-0.053479721470169904,1.9515055206362184e-16,0.08370654693035218
0.0,0.1435925939209619,0.0,-0.05358271168457864,2.1407135768816174e-16,0.08360431766574508
0.0,0.14354806282218405,0.0,-0.05368526798321159,2.2049258287393423e-16,0.08350165540863116
0.0,0.14350295170632055,0.0,-0.05378738854888601,2.287262827055386e-16,0.08339856199294665
0.0,0.1434572608562691,0.0,-0.05388907157381829,2.2134606409327458e-16,0.08329503925967537
0.0,0.1434109905577226,0.0,-0.05399031525921146,2.2181750973859218e-16,0.08319108905623493
0.0,0.14336414110078294,0.0,-0.054091117815813515,2.222137692826446e-16,0.08308671323722133
0.0,0.14331671277816543,0.0,-0.05419147746336328,2.1351424257267748e-16,0.08298191366335919
0.0,0.14326870588698576,0.0,-0.05429139243125257,2.268265162957838e-16,0.08287669220248708
0.0,0.1432201207272102,0.0,-0.05439086095804051,2.2270719519160686e-16,0.08277105072861807
0.0,0.14317095760279985,0.0,-0.05448988129180786,2.3166414624576164e-16,0.08266499112251158
0.0,0.14312121682098766,0.0,-0.05458845169011822,2.1989526830552162e-16,0.08255851527121884
0.0,0.14307089869292927,0.0,-0.05468657042010403,2.0912194199959654e-16,0.08245162506838859
0.0,0.143020003532708,0.0,-0.054784235758260726,2.068080172280369e-16,0.08234432241366503
0.0,0.14296853165849532,0.0,-0.05488144599084448,2.226045557701609e-16,0.08223660921329598
0.0,0.14291648339176283,0.0,-0.0549781994136956,2.227087026688517e-16,0.08212848737956491
0.0,0.14286385905768162,0.0,-0.05507449433235953,2.1083110776460339e-16,0.08201995883104124
0.0,0.14281065898464257,0.0,-0.05517032906195319,2.190265821879463e-16,0.081911025492244
0.0,0.14275688350507765,0.0,-0.05526570192753095,2.1152551787929473e-16,0.08180168929391744
0.0,0.14270253295423635,0.0,-0.05536061126369793,2.0485894639575628e-16,0.08169195217253077
0.0,0.14264760767187806,0.0,-0.055455055415191835,2.0490684920555385e-16,0.08158181607092589
0.0,0.14259210800031946,0.0,-0.055549032736244744,1.9697671427659707e-16,0.0814712829372901
0.0,0.14253603428621303,0.0,-0.05564254159127307,1.8591259636060241e-16,0.08136035472610645
0.0,0.1424793868792091,0.0,-0.05573558035448333,1.9604325889705578e-16,0.08124903339727141
0.0,0.14242216613278244,0.0,-0.05582814741004672,1.9539637165169825e-16,0.08113732091656743
0.0,0.14236437240391947,0.0,-0.05592024115221077,1.9456361159466653e-16,0.08102521925538392
0.0,0.14230600605304503,0.0,-0.056011859985147336,1.888249777900345e-16,0.08091273039065917
0.0,0.14224706744409654,0.0,-0.05610300232312942,1.9007488980009097e-16,0.08079985630479111
0.0,0.14218755694484808,0.0,-0.056193666590673284,1.8571142597419273e-16,0.08068659898585573
0.0,0.14212747492631728,0.0,-0.05628385122221802,1.9210611766683608e-16,0.08057296042715217
0.0,0.1420668217631556,0.0,-0.056373554662528566,2.01765999912203e-16,0.08045894262738229
0.0,0.1420055978334646,0.0,-0.056462775366437484,1.898117580489389e-16,0.08034454759045978
0.0,0.14194380351920433,0.0,-0.05655151179918279,1.9871061029319055e-16,0.08022977732572467
0.0,0.14188143920550877,0.0,-0.056639762436149176,2.069824793413687e-16,0.08011463384747643
0.0,0.14181850528113288,0.0,-0.05672752576300635,2.087015769439406e-16,0.07999911917517731
0.0,0.14175500213861633,0.0,-0.05681480027588229,2.0684996502315337e-16,0.07988323533341268
0.0,0.14169093017384282,0.0,-0.056901584481177714,1.9223604507256432e-16,0.07976698435173513
0.0,0.1416262897862035,0.0,-0.05698787689567849,1.9227939249700105e-16,0.07965036826453692
0.0,0.1415610813786215,0.0,-0.05707367604659776,1.9990616626565192e-16,0.07953338911108909
0.0,0.14149530535772203,0.0,-0.057158980471634646,1.881868751639116e-16,0.07941604893556406
0.0,0.1414289621336679,0.0,-0.05724378871904506,1.83656021895179e-16,0.07929834978685119
0.0,0.14136205211993305,0.0,-0.057328099347426234,1.9514580409710044e-16,0.0791802937184214
0.0,0.1412945757338316,0.0,-0.05741191092608071,1.850821918767589e-16,0.07906188278853925
0.0,0.14122653339593594,0.0,-0.0574952220347934,1.8589307537623739e-16,0.07894311905985214
0.0,0.1411579255305268,0.0,-0.057578031263955116,2.051593508706028e-16,0.07882400459957936
0.0,0.14108875256552753,0.0,-0.05766033721467571,2.0289681322811554e-16,0.0787045414794719
0.0,0.141019014931968,0.0,-0.057742138498532096,2.0402449510759983e-16,0.07858473177540487
0.0,0.14094871306507772,0.0,-0.05782343373806573,1.9932101950087286e-16,0.07846457756793915
0.0,0.14087784740310477,0.0,-0.05790422156626338,2.0947888256043131e-16,0.07834408094154417
0.0,0.14080641838808397,0.0,-0.05798450062704211,2.2315079605319275e-16,0.0782232439851064
0.0,0.14073442646529724,0.0,-0.058064269574873054,2.314245428320766e-16,0.07810206879141161
0.0,0.14066187208414999,0.0,-0.05814352707530854,2.237164182249944e-16,0.07798055745762295
0.0,0.14058875569694562,0.0,-0.05822227180443425,2.2903602858961126e-16,0.07785871208460868
0.0,0.14051507775980665,0.0,-0.05830050244929263,2.41975671268139e-16,0.07773653477729935
0.0,0.1404408387328449,0.0,-0.0583782177079514,2.3713218527970806e-16,0.0776140276447337
0.0,0.14036603907867895,0.0,-0.05845541628902459,2.3267796487224584e-16,0.07749119279924983
0.0,0.14029067926437327,0.0,-0.058532096912304855,2.3690535608188707e-16,0.07736803235735351
0.0,0.1402147597603202,0.0,-0.05860825830848046,2.339599407339244e-16,0.07724454843922558
0.0,0.14013828104024,0.0,-0.05868389921913966,2.473823302149273e-16,0.07712074316846929
0.0,0.14006124358142724,0.0,-0.05875901839683445,2.4483510743677575e-16,0.0769966186723197
0.0,0.13998364786488915,0.0,-0.058833614605184575,2.3995882867743616e-16,0.07687217708159214
0.0,0.1399054943752444,0.0,-0.05890768661888352,2.276540644990959e-16,0.07674742053057829
0.0,0.13982678360029746,0.0,-0.0589812332235376,2.3849925880031534e-16,0.07662235115676613
0.0,0.13974751603175783,0.0,-0.059054253215946866,2.372732600022714e-16,0.07649697110114824
0.0,0.13966769216461605,0.0,-0.05912674540391387,2.2810688712909436e-16,0.0763712825077853
0.0,0.13958731249763634,0.0,-0.059198708606453196,2.390680470826227e-16,0.07624528752411096
0.0,0.13950637753284656,0.0,-0.05927014165356519,2.3351684655372463e-16,0.07611898830050169
0.0,0.13942488777607887,0.0,-0.059341043386537846,2.426123482128602e-16,0.07599238699053942
0.0,0.13934284373662703,0.0,-0.05941141265779011,2.4403215150882536e-16,0.07586548575076217
0.0,0.13926024592715194,0.0,-0.05948124833085212,2.3553393297594186e-16,0.0757382867405214
0.0,0.13917709486429775,0.0,-0.05955054928070096,2.256778573319407e-16,0.07561079212230955
0.0,0.13909339106762816,0.0,-0.059619314393145814,2.174061667679973e-16,0.07548300406108178
0.0,0.13900913506078744,0.0,-0.05968754256564416,2.2719350248415825e-16,0.07535492472480293
0.0,0.13892432737069804,0.0,-0.059755232706631384,2.3406189358069354e-16,0.07522655628398624
0.0,0.13883896852797764,0.0,-0.059822383736029015,2.3767431862227956e-16,0.07509790091185373
0.0,0.13875305906649155,0.0,-0.05988899458485208,2.3187859023698914e-16,0.07496896078399437
0.0,0.138666599524048,0.0,-0.0599550641956472,2.3155082153596315e-16,0.07483973807873251
0.0,0.13857959044172202,0.0,-0.060020591522097766,2.201824347399588e-16,0.07471023497664153
0.0,0.13849203236417845,0.0,-0.06008557552931955,2.21535385063361e-16,0.07458045366067778
0.0,0.13840392583979544,0.0,-0.060150015193826865,2.2446724325419474e-16,0.07445039631617999
0.0,0.13831527142008432,0.0,-0.060213909503367184,2.1597820906799973e-16,0.07432006513054135
0.0,0.1382260696606114,0.0,-0.060277257457232704,2.228122233104107e-16,0.07418946229352708
0.0,0.1381363211201368,0.0,-0.060340058066091995,2.3020944574176167e-16,0.07405858999689328
0.0,0.13804602636124524,0.0,-0.060402310351970835,2.2341183931647725e-16,0.07392745043452159
0.0,0.13795518594954578,0.0,-0.06046401334826894,2.379386571870226e-16,0.07379604580202519
0.0,0.13786380045477503,0.0,-0.06052516609999162,2.250013326118393e-16,0.07366437829721718
0.0,0.13777187044994516,0.0,-0.06058576766353672,2.309064345310774e-16,0.0735324501196737
0.0,0.13767939651162098,0.0,-0.060645817106685485,2.325072074227854e-16,0.07340026347068496
0.0,0.13758637921984518,0.0,-0.060705313508793185,2.3938469090964024e-16,0.0732678205532469
0.0,0.1374928191584062,0.0,-0.06076425596068491,2.3632429350759066e-16,0.0731351235721596
0.0,0.1373987169143701,0.0,-0.060822643564642495,2.2828462229503943e-16,0.07300217473360987
0.0,0.1373040730787129,0.0,-0.060880475434598166,2.36232880994837e-16,0.07286897624556611
0.0,0.1372088882453812,0.0,-0.060937750695751594,2.1711092668476947e-16,0.0727355303171154
0.0,0.1371131630125178,0.0,-0.06099446848511181,2.0811991373953431e-16,0.07260183915909943
0.0,0.13701689798138195,0.0,-0.06105062795107689,1.9093999317955077e-16,0.07246790498345973
0.0,0.1369200937568738,0.0,-0.061106228253634966,1.8920305457321128e-16,0.07233373000350213
0.0,0.13682275094756569,0.0,-0.06116126856435282,1.9459594030697106e-16,0.07219931643374285
0.0,0.1367248701651655,0.0,-0.061215748066222195,1.921892049240895e-16,0.07206466648969427
0.0,0.13662645202553503,0.0,-0.06126966595406601,1.994093921861948e-16,0.07192978238820238
0.0,0.13652749714772888,0.0,-0.06132302143416044,2.0304880190036983e-16,0.07179466634700885
0.0,0.13642800615417566,0.0,-0.061375813724257655,2.0524916619792328e-16,0.07165932058467583
0.0,0.13632797967121285,0.0,-0.06142804205391041,2.1169884608668758e-16,0.07152374732084768
0.0,0.13622741832856014,0.0,-0.06147970566422658,2.0423420841086273e-16,0.07138794877592285
0.0,0.1361263227594165,0.0,-0.06153080380781664,1.978336695339133e-16,0.07125192717103505
0.0,0.13602469360056835,0.0,-0.06158133574895267,1.999126304023905e-16,0.0711156847279726
0.0,0.1359225314923755,0.0,-0.061631300763650566,1.8072769016492402e-16,0.07097922366930488
0.0,0.13581983707878237,0.0,-0.06168069813940189,1.880639344564739e-16,0.07084254621803784
0.0,0.1357166110071733,0.0,-0.06172952717543596,1.8949022753068142e-16,0.070705654597734
0.0,0.135612853928548,0.0,-0.061777787182559586,1.9038687757312774e-16,0.07056855103239532
0.0,0.1355085664973832,0.0,-0.0618254774832239,1.774583663382712e-16,0.07043123774638896
0.0,0.1354037493715986,0.0,-0.061872597411497456,1.727159449608279e-16,0.07029371696433262
0.0,0.1352984032131973,0.0,-0.06191914631331174,1.8177970716753366e-16,0.07015599091135634
0.0,0.13519252868676568,0.0,-0.06196512354577697,1.5915673104982566e-16,0.07001806181233157
0.0,0.1350861264615865,0.0,-0.062010528478320226,1.532385791199036e-16,0.06987993189279376
0.0,0.13497919720934565,0.0,-0.062055360491349534,1.6889609338653422e-16,0.069741603377819
0.0,0.1348717416061168,0.0,-0.06209961897741715,1.7054583868205678e-16,0.06960307849286214
0.0,0.134763760331351,0.0,-0.06214330334058121,1.7918765934943848e-16,0.06946435946323365
0.0,0.1346552540673655,0.0,-0.06218641299635032,1.7626069097412435e-16,0.06932544851382673
0.0,0.13454622350104567,0.0,-0.062228947372256746,1.79755661010062e-16,0.0691863478697897
0.0,0.13443666932227233,0.0,-0.06227090590731198,1.8515340889142914e-16,0.06904705975579412
0.0,0.13432659222424734,0.0,-0.0623122880521047,1.8724401921788369e-16,0.06890758639610427
0.0,0.1342159929042956,0.0,-0.062353093269051946,1.9128879216159622e-16,0.06876793001481522
0.0,0.13410487206281668,0.0,-0.062393321032124145,1.8356980765483715e-16,0.06862809283543153
0.0,0.13399323040392774,0.0,-0.0624329708269846,1.796958059036982e-16,0.06848807708101862
0.0,0.13388106863538524,0.0,-0.06247204215098923,1.9291971525242125e-16,0.06834788497409892
0.0,0.1337683874682315,0.0,-0.06251053451308697,2.1137611390352678e-16,0.06820751873648023
0.0,0.13365518761748924,0.0,-0.06254844743399599,2.0474610980717884e-16,0.06806698058948096
0.0,0.13354146980095968,0.0,-0.06258578044575905,2.0991429422101653e-16,0.06792627275325852
0.0,0.13342723474097262,0.0,-0.06262253309262591,2.0726085892187562e-16,0.06778539744773705
0.0,0.1333124831623937,0.0,-0.06265870492991572,1.958634811278307e-16,0.06764435689139794
0.0,0.1331972157947307,0.0,-0.06269429552508167,1.9611297486999888e-16,0.06750315330229532
0.0,0.13308143337000403,0.0,-0.06272930445682925,2.0396140289022135e-16,0.06736178889709118
0.0,0.13296513662412174,0.0,-0.06276373131562726,1.9630419747112186e-16,0.06722026589147088
0.0,0.1328483262968948,0.0,-0.06279757570370327,1.9342147325722687e-16,0.06707858650021355
0.0,0.1327310031314789,0.0,-0.06283083723482684,1.9265678957212273e-16,0.06693675293678926
0.0,0.13261316787397187,0.0,-0.06286351553418999,1.9788132443144803e-16,0.06679476741318978
0.0,0.1324948212751569,0.0,-0.06289561023899805,2.0285574968049973e-16,0.0666526321406046
0.0,0.13237596408842017,0.0,-0.06292712099774739,2.1663950799525217e-16,0.06651034932844851
0.0,0.13225659707103007,0.0,-0.06295804747061545,2.238753611471943e-16,0.0663679211848157
0.0,0.1321367209838136,0.0,-0.06298838932942834,2.3458397069268203e-16,0.06622534991641733
0.0,0.13201633659090542,0.0,-0.06301814625745665,2.2720950728585615e-16,0.06608263772821202
0.0,0.13189544466061276,0.0,-0.06304731794987982,2.3381742367885154e-16,0.06593978682392747
0.0,0.13177404596402054,0.0,-0.063075904113088,2.319796803470456e-16,0.06579679940522641
0.0,0.13165214127622976,0.0,-0.06310390446522479,2.3117761571045447e-16,0.0656536776722606
0.0,0.1315297313754749,0.0,-0.06313131873584782,2.2220768867601026e-16,0.06551042382324647
0.0,0.13140681704429005,0.0,-0.06315814666639522,2.0907584872268209e-16,0.0653670400548675
0.0,0.13128339906772146,0.0,-0.06318438800933934,2.0220741935824884e-16,0.06522352856146196
0.0,0.13115947823538926,0.0,-0.06321004252919321,1.9218412527713442e-16,0.06507989153585174
0.0,0.13103505533948384,0.0,-0.0632351100016142,1.8869564908704805e-16,0.06493613116843107
0.0,0.130910131176875,0.0,-0.06325959021410507,1.9268149605598517e-16,0.0647922496479669
0.0,0.13078470654656676,0.0,-0.06328348296520185,1.9819968791482133e-16,0.06464824916049824
0.0,0.13065878225228536,0.0,-0.06330678806539324,1.8195109363027685e-16,0.06450413189040044
0.0,0.13053235910091565,0.0,-0.06332950533649989,1.696392620906296e-16,0.06435990001958364
0.0,0.130405437902571,0.0,-0.06335163461165491,1.683136936440072e-16,0.06421555572753976
0.0,0.13027801947140683,0.0,-0.06337317573567425,1.6544726171608107e-16,0.06407110119159576
0.0,0.13015010462485974,0.0,-0.06339412856469623,1.5997551004370608e-16,0.06392653858652375
0.0,0.13002169418389975,0.0,-0.06341449296629463,1.5426877397296179e-16,0.06378187008459639
0.0,0.12989278897309386,0.0,-0.0634342688195419,1.420807595829062e-16,0.06363709785561072
0.0,0.12976338982050994,0.0,-0.06345345601477491,1.456114996675919e-16,0.06349222406666073
0.0,0.129633497557762,0.0,-0.06347205445387664,1.511621282009143e-16,0.06334725088225755
0.0,0.12950311302006484,0.0,-0.06349006405001137,1.483513625514634e-16,0.06320218046417594
0.0,0.1293722370463814,0.0,-0.06350748472792812,1.4351664008433586e-16,0.06305701497153901
0.0,0.12924087047859723,0.0,-0.06352431642331126,1.4490996022001437e-16,0.06291175656031957
0.0,0.12910901416278187,0.0,-0.06354055908356712,1.5697581506615738e-16,0.06276640738391587
0.0,0.12897666894797066,0.0,-0.06355621266719352,1.4392336171840228e-16,0.06262096959252697
0.0,0.1288438356875523,0.0,-0.06357127714427592,1.4687715647993422e-16,0.06247544533368709
0.0,0.12871051523755794,0.0,-0.06358575249587488,1.369973591153231e-16,0.06232983675150221
0.0,0.12857670845803587,0.0,-0.06359963871444542,1.4341128038872885e-16,0.06218414598715558
0.0,0.12844241621289776,0.0,-0.06361293580398833,1.4118387254042306e-16,0.06203837517883045
0.0,0.1283076393685073,0.0,-0.06362564377913678,1.3647626432988626e-16,0.061892526460948
0.0,0.12817237879608057,0.0,-0.06363776266643148,1.1828945029039118e-16,0.06174660196531455
0.0,0.12803663536950163,0.0,-0.0636492925031722,1.2765806029674013e-16,0.06160060381992413
0.0,0.1279004099665571,0.0,-0.06366023333806958,1.3082908100202677e-16,0.06145453414961308
0.0,0.1277637034683635,0.0,-0.06367058523090004,1.2809645277284056e-16,0.06130839507564416
0.0,0.12762651675980352,0.0,-0.06368034825267181,1.2793827191403425e-16,0.06116218871588182
0.0,0.1274888507291459,0.0,-0.06368952248558406,1.2316002793012802e-16,0.06101591718459813
0.0,0.12735070626830203,0.0,-0.06369810802284732,1.245834805755724e-16,0.06086958259245772
0.0,0.12721208427264913,0.0,-0.0637061049688648,1.4052784212999163e-16,0.060723187046483135
0.0,0.12707298564115574,0.0,-0.06371351343914214,1.4218015171451724e-16,0.060576732649996266
0.0,0.12693341127631363,0.0,-0.06372033356019458,1.2794320605204258e-16,0.060430221502478294
0.0,0.12679336208404293,0.0,-0.06372656546958272,1.2487216439359153e-16,0.06028365569964399
0.0,0.12665283897411836,0.0,-0.06373220931606818,1.3415108393283875e-16,0.060137037333397744
0.0,0.12651184285960237,0.0,-0.06373726525924388,1.1991252096435534e-16,0.05999036849164819
0.0,0.12637037465694997,0.0,-0.06374173346965353,1.2751881269422331e-16,0.05984365125823608
0.0,0.12622843528662653,0.0,-0.06374561412905617,1.2627357502074367e-16,0.05969688771321145
0.0,0.12608602567250293,0.0,-0.0637489074301173,1.2705260908364055e-16,0.059550079932444475
0.0,0.12594314674115548,0.0,-0.06375161357593488,1.188116139278196e-16,0.05940322998733388
0.0,0.12579979942439487,0.0,-0.06375373278147686,1.2894885125680643e-16,0.05925633994583853
0.0,0.12565598465571012,0.0,-0.0637552652715972,1.237977075315847e-16,0.059109411870847416
0.0,0.1255117033736805,0.0,-0.0637562112828066,1.2628038643955478e-16,0.058962447821656
0.0,0.12536695651950752,0.0,-0.06375657106202239,1.285843138927298e-16,0.058815449852825157
0.0,0.12522174503818256,0.0,-0.0637563448671046,1.3477414453909693e-16,0.0586684200146251
0.0,0.1250760698781318,0.0,-0.06375553296661414,1.4222830110216479e-16,0.05852136035284594
0.0,0.12492993199154688,0.0,-0.06375413564011957,1.3704724056333968e-16,0.05837427290891865
0.0,0.12478333233426299,0.0,-0.06375215317784268,1.3140992670817499e-16,0.05822715971972996
0.0,0.12463627186509275,0.0,-0.06374958588061815,1.3456564264303834e-16,0.058080022817360764
0.0,0.12448875154713308,0.0,-0.06374643406024087,1.3702865674943728e-16,0.057932864229608805
0.0,0.12434077234619936,0.0,-0.06374269803887629,1.3318722229080366e-16,0.05778568597919411
0.0,0.12419233523249606,0.0,-0.0637383781496539,1.257663354317912e-16,0.057638490084471104
0.0,0.12404344117920883,0.0,-0.06373347473622541,1.186492125536746e-16,0.05749127855881096
0.0,0.12389409116308817,0.0,-0.0637279881527619,1.1096022773779538e-16,0.05734405341071767
0.0,0.12374428616480249,0.0,-0.06372191876419478,1.1651263578358682e-16,0.05719681664400197
0.0,0.12359402716827968,0.0,-0.06371526694600393,1.0808402745095478e-16,0.05704957025746507
0.0,0.12344331516079256,0.0,-0.06370803308394572,1.199951370208768e-16,0.056902316244785575
0.0,0.1232921511335587,0.0,-0.06370021757465613,1.153489016911673e-16,0.056755056594843575
0.0,0.12314053608136354,0.0,-0.06369182082519978,1.1544511529430704e-16,0.05660779329146522
0.0,0.12298847100206657,0.0,-0.0636828432528012,1.2204804600495864e-16,0.05646052831313334
0.0,0.12283595689733834,0.0,-0.06367328528542193,1.126264898903003e-16,0.05631326363332318
0.0,0.12268299477264165,0.0,-0.06366314736145677,1.1475877030102196e-16,0.05616600122041028
0.0,0.12252958563660343,0.0,-0.06365242992950418,1.21210113525e-16,0.05601874303734368
0.0,0.1223757305017605,0.0,-0.06364113344873308,1.235327239108089e-16,0.05587149104193152
0.0,0.12222143038327771,0.0,-0.06362925838818631,1.181381159697384e-16,0.055724247186288614
0.0,0.12206668630148004,0.0,-0.06361680522800228,1.0628713666393413e-16,0.05557701341779642
0.0,0.12191149927866134,0.0,-0.06360377445783864,1.2221680022335093e-16,0.05542979167774816
0.0,0.12175587034166381,0.0,-0.06359016657809771,1.1666238697453578e-16,0.05528258390242284
0.0,0.12159980052018228,0.0,-0.06357598209910525,1.1499123358018073e-16,0.055135392022240326
0.0,0.12144329084802392,0.0,-0.06356122154154785,9.721321512662224e-17,0.054988217962345404
0.0,0.12128634236213409,0.0,-0.06354588543625606,1.0250795343174043e-16,0.054841063642091736
0.0,0.12112895610333482,0.0,-0.06352997432421074,9.899010772878684e-17,0.05469393097531655
0.0,0.12097113311579112,0.0,-0.06351348875651971,1.0048368591037255e-16,0.05454682187011565
0.0,0.12081287444721048,0.0,-0.06349642929428671,1.012029744622356e-16,0.05439973822880169
0.0,0.12065418114870226,0.0,-0.06347879650868482,1.0880190903716444e-16,0.05425268194789755
0.0,0.12049505427525563,0.0,-0.0634605909810072,1.123967026609771e-16,0.05410565491826011
0.0,0.12033549488544053,0.0,-0.06344181330263401,1.1559816245050916e-16,0.053958659024870334
0.0,0.12017550404061204,0.0,-0.06342246407447093,1.1967491521367114e-16,0.05381169614650041
0.0,0.12001508280691782,0.0,-0.06340254390805675,1.160662047818948e-16,0.05366476815653428
0.0,0.11985423225263686,0.0,-0.06338205342405147,1.1943942155404517e-16,0.0535178769217189
0.0,0.11969295345087072,0.0,-0.06336099325373584,1.1983793335247696e-16,0.0533710243034307
0.0,0.11953124747741256,0.0,-0.06333936403771571,1.2196044764050932e-16,0.05322421215652008
0.0,0.1193691154118923,0.0,-0.06331716642662889,1.25394945527404e-16,0.05307744232990057
0.0,0.11920655833758474,0.0,-0.06329440108091804,1.288131678299285e-16,0.052930716666394755
0.0,0.11904357734113642,0.0,-0.06327106867074105,1.353509680047772e-16,0.052784037002566585
0.0,0.11888017351292433,0.0,-0.06324716987602426,1.3965432697493164e-16,0.052637405168838955
0.0,0.11871634794627489,0.0,-0.06322270538612962,1.4461199201175883e-16,0.05249082298915008
0.0,0.11855210173920014,0.0,-0.06319767590065406,1.393323380971255e-16,0.05234429228158733
0.0,0.1183874359919931,0.0,-0.06317208212818538,1.4164880560134784e-16,0.052197814857389085
0.0,0.11822235180951911,0.0,-0.06314592478745082,1.4753552321546686e-16,0.05205139252188325
0.0,0.118056850299433,0.0,-0.06311920460634635,1.5474684013037275e-16,0.0519050270736369
0.0,0.11789093257324852,0.0,-0.06309192232246771,1.6429709691508164e-16,0.05175872030491971
0.0,0.11772459974620904,0.0,-0.06306407868305716,1.6838937512346893e-16,0.05161247400160375
0.0,0.11755785293681133,0.0,-0.0630356744445933,1.6675113189844745e-16,0.05146628994290898
0.0,0.11739069326704028,0.0,-0.06300671037307923,1.684984060643522e-16,0.051320169901471646
0.0,0.11722312186278572,0.0,-0.06297718724406856,1.6467947357217763e-16,0.05117411564351934
0.0,0.1170551398532258,0.0,-0.06294710584233958,1.651470611897128e-16,0.051028128928551686
0.0,0.11688674837109053,0.0,-0.06291646696200448,1.5911164706758748e-16,0.050882211509344674
0.0,0.11671794855236575,0.0,-0.06288527140646777,1.6722025524238623e-16,0.05073636513194854
0.0,0.11654874153760723,0.0,-0.06285351998881346,1.7896546698858838e-16,0.05059059153606631
0.0,0.11637912846958992,0.0,-0.06282121353066795,1.7182321883604605e-16,0.050444892454065644
0.0,0.11620911049535898,0.0,-0.06278835286340811,1.8618267058125634e-16,0.05029926961186919
0.0,0.11603868876558661,0.0,-0.06275493882748694,1.8282709944286934e-16,0.05015372472856837
0.0,0.11586786443409237,0.0,-0.06272097227237029,1.8509387212478488e-16,0.05000825951625935
0.0,0.11569663865849855,0.0,-0.06268645405670896,1.7514402820503895e-16,0.0498628756801795
0.0,0.11552501260007471,0.0,-0.06265138504838974,1.6465114136864277e-16,0.049717574918775057
0.0,0.1153529874231058,0.0,-0.06261576612396502,1.6479736653382132e-16,0.049572358923252194
0.0,0.11518056429605117,0.0,-0.0625795981694002,1.7258682733354146e-16,0.049427229378083595
0.0,0.11500774439068971,0.0,-0.06254288207953473,1.712766194826462e-16,0.04928218796067386
0.0,0.11483452888185153,0.0,-0.062505618757787,1.6227747242114212e-16,0.04913723634109388
0.0,0.11466091894887274,0.0,-0.06246780911709226,1.5413212897003723e-16,0.0489923761828065
0.0,0.11448691577395761,0.0,-0.06242945407886843,1.6868824250482468e-16,0.04884760914180092
0.0,0.11431252054275083,0.0,-0.06239055457334675,1.6355824609055352e-16,0.048702936866929634
0.0,0.11413773444499795,0.0,-0.06235111153983879,1.700163357532013e-16,0.04855836100010044
0.0,0.11396255867356338,0.0,-0.062311125926153434,1.7500944097045517e-16,0.04841388317579798
0.0,0.11378699442497364,0.0,-0.06227059868895166,1.8470693066006778e-16,0.0482695050213447
0.0,0.11361104289914604,0.0,-0.06222953079358835,1.8251395634593082e-16,0.0481252281567571
0.0,0.11343470530010469,0.0,-0.062187923214212154,1.8155618198692944e-16,0.04798105419494165
0.0,0.11325798283461203,0.0,-0.06214577693330757,1.795727551465943e-16,0.0478369847411831
0.0,0.11308087671354095,0.0,-0.062103092942212036,1.8279867137633802e-16,0.04769302139366845
0.0,0.11290338815098204,0.0,-0.06205987224063229,1.8597295477954777e-16,0.04754916574301883
0.0,0.11272551836496014,0.0,-0.062016115837063415,1.8981651515276028e-16,0.04740541937267363
0.0,0.1125472685764233,0.0,-0.061971824748065896,1.8181220175303977e-16,0.04726178385833807
0.0,0.1123686400107739,0.0,-0.06192699999924937,1.902918348042899e-16,0.04711826076866951
0.0,0.11218963389587805,0.0,-0.06188164262398456,1.8888690552867665e-16,0.04697485166437375
0.0,0.11201025146413215,0.0,-0.061835753664561295,1.8685570540999012e-16,0.04683155809907093
0.0,0.11183049395063883,0.0,-0.061789334171198175,1.8627751491354513e-16,0.04668838161848457
0.0,0.11165036259448365,0.0,-0.061742385202649776,1.7507438831078212e-16,0.046545323760990236
0.0,0.11146985863883868,0.0,-0.061694907826215256,1.6992056557015936e-16,0.04640238605755667
0.0,0.11128898332916137,0.0,-0.06164690311676717,1.6842615465751716e-16,0.04625957003107491
0.0,0.11110773791519363,0.0,-0.06159837215778331,1.573462923634017e-16,0.04611687719708399
0.0,0.11092612365050629,0.0,-0.06154931604101601,1.6024877220640632e-16,0.045974309063561446
0.0,0.11074414179132361,0.0,-0.06149973586594317,1.5934457120973576e-16,0.04583186713051267
0.0,0.11056179359836621,0.0,-0.06144963274058166,1.6229203563173347e-16,0.04568955289051866
0.0,0.11037908033536181,0.0,-0.061399007780738965,1.6388219093573987e-16,0.04554736782835221
0.0,0.11019600326981056,0.0,-0.06134786211038299,1.7439723471429542e-16,0.045405313421003124
0.0,0.11001256367226651,0.0,-0.06129619686116086,1.6471583079560175e-16,0.045263391137573744
0.0,0.10982876281733475,0.0,-0.06124401317293366,1.6639441474183794e-16,0.045121602439540935
0.0,0.10964460198339315,0.0,-0.06119131219365684,1.5921671971925979e-16,0.0449799487807032
0.0,0.1094600824515018,0.0,-0.06113809507862903,1.5873690831004962e-16,0.0448384316066259
0.0,0.1092752055069039,0.0,-0.061084362991345606,1.5647470243859719e-16,0.04469705235531633
0.0,0.10908997243837867,0.0,-0.06103011710310225,1.5873558356925732e-16,0.04455581245689818
0.0,0.10890438453786572,0.0,-0.060975358592756955,1.5388298711028053e-16,0.04441471333343247
0.0,0.10871844310138952,0.0,-0.06092008864710825,1.5452621285537864e-16,0.04427375639926907
0.0,0.10853214942780813,0.0,-0.060864308460427265,1.4533093429597617e-16,0.04413294306062196
0.0,0.10834550482029101,0.0,-0.06080801923482486,1.5540924259472924e-16,0.04399227471595105
0.0,0.10815851058509089,0.0,-0.060751222179948196,1.5564184739221095e-16,0.043851752755635465
0.0,0.10797116803196054,0.0,-0.06069391851293073,1.583005894496488e-16,0.043711378562017816
0.0,0.10778347847430678,0.0,-0.06063610945848892,1.6447088683574853e-16,0.04357115350950883
0.0,0.10759544322944507,0.0,-0.0605777962490464,1.722009480101731e-16,0.04343107896458226
0.0,0.1074070636175264,0.0,-0.060518980124136326,1.6365178655937318e-16,0.043291156285465496
0.0,0.10721834096284842,0.0,-0.06045966233097639,1.7108103441227649e-16,0.04315138682249428
0.0,0.10702927659275448,0.0,-0.060399844123987634,1.653370858467821e-16,0.043011771917810596
0.0,0.10683987183852543,0.0,-0.06033952676509752,1.6499741993665732e-16,0.04287231290555298
0.0,0.10665012803507305,0.0,-0.06027871152357355,1.5780887919497923e-16,0.04273301111181389
0.0,0.10646004652021086,0.0,-0.060217399675639306,1.4808408031656657e-16,0.04259386785432939
0.0,0.10626962863617163,0.0,-0.06015559250526696,1.4919219410732388e-16,0.042454884443014825
0.0,0.10607887572779814,0.0,-0.060093291303081046,1.5484431460816372e-16,0.04231606217931368
0.0,0.10588778914418888,0.0,-0.06003049736719754,1.6253741767743251e-16,0.04217740235670813
0.0,0.10569637023773631,0.0,-0.059967212002852106,1.6742640570536153e-16,0.04203890626049961
0.0,0.10550462036441839,0.0,-0.05990343652228597,1.6440624677235468e-16,0.041900575167723775
0.0,0.10531254088376858,0.0,-0.05983917224480513,1.7438200693320725e-16,0.04176241034727702
0.0,0.1051201331585329,0.0,-0.059774420496624805,1.7229937620770648e-16,0.04162441305968165
0.0,0.10492739855544267,0.0,-0.05970918261102525,1.6602350190111686e-16,0.041486584557397864
0.0,0.10473433844485547,0.0,-0.059643459928469485,1.6925330257025845e-16,0.041348926084705466
0.0,0.10454095420007505,0.0,-0.05957725379583259,1.7258542272541207e-16,0.04121143887737459
0.0,0.10434724719843548,0.0,-0.059510565567118236,1.7184010371095516e-16,0.04107412416306844
0.0,0.10415321882069684,0.0,-0.05944339660318795,1.6718619189240235e-16,0.04093698316118611
0.0,0.10395887045095255,0.0,-0.05937574827153345,1.676957587091025e-16,0.04080001708274467
0.0,0.10376420347756583,0.0,-0.05930762194674253,1.5859579979565191e-16,0.040663227130693036
0.0,0.1035692192911411,0.0,-0.05923901900943024,1.5183186865290932e-16,0.040526614499216435
0.0,0.10337391928718843,0.0,-0.059169940847692046,1.6308764553498055e-16,0.04039018037471498
0.0,0.10317830486400681,0.0,-0.05910038885572145,1.6438875459657084e-16,0.04025392593492787
0.0,0.102982377423408,0.0,-0.059030364434368265,1.6790579807171951e-16,0.0401178523492736
0.0,0.10278613837113643,0.0,-0.058959868991260725,1.6576724612417662e-16,0.03998196077897638
0.0,0.10258958911628384,0.0,-0.05888890394040878,1.662737784473609e-16,0.039846252376815036
0.0,0.10239273107121587,0.0,-0.05881747070218854,1.511598629426756e-16,0.03971072828714105
0.0,0.10219556565235702,0.0,-0.05874557070367022,1.4444645906449102e-16,0.03957538964609072
0.0,0.10199809427944538,0.0,-0.058673205378202434,1.3828700882887248e-16,0.0394402375813236
0.0,0.10180031837551917,0.0,-0.05860037616545403,1.3677641434917714e-16,0.03930527321211709
0.0,0.10160223936745513,0.0,-0.05852708451145654,1.362461454571726e-16,0.03917049764933982
0.0,0.10140385868559387,0.0,-0.05845333186861952,1.3631244232419973e-16,0.03903591199555389
0.0,0.10120517776398705,0.0,-0.0583791196955988,1.341089200406582e-16,0.03890151734490238
0.0,0.10100619803978368,0.0,-0.058304449457084496,1.2741530703798302e-16,0.038767314782972066
0.0,0.10080692095422747,0.0,-0.05822932262428729,1.16618954488554e-16,0.03863330538719014
0.0,0.10060734795140286,0.0,-0.058153740674063016,1.154484255396932e-16,0.03849949022622978
0.0,0.10040748047991498,0.0,-0.05807770509002876,1.1694693017390924e-16,0.03836587036075416
0.0,0.10020731999096306,0.0,-0.05800121736127699,1.1664713720182138e-16,0.038232446842649245
0.0,0.10000686793987026,0.0,-0.05792427898333317,1.0539547789391566e-16,0.038099220715562945
0.0,0.0998061257848793,0.0,-0.057846891457229654,1.0846506979845368e-16,0.03796619301449336
0.0,0.09960509498924902,0.0,-0.05776905629092958,1.0649629600112447e-16,0.03783336476654947
0.0,0.09940377701724515,0.0,-0.057690774996831916,1.0851934820925702e-16,0.03770073698944937
0.0,0.09920217333964988,0.0,-0.05761204909488977,1.1408574881252726e-16,0.0375683106935816
0.0,0.0990002854284786,0.0,-0.057532880109618774,1.0459170044503851e-16,0.03743608688003967
0.0,0.09879811476008354,0.0,-0.05745326957174713,1.0669900185588366e-16,0.03730406654174463
0.0,0.09859566281472393,0.0,-0.057373219018060556,1.036031376839437e-16,0.03717225066333852
0.0,0.09839293107609628,0.0,-0.05729272999098467,1.0330126409980615e-16,0.03704064022096862
0.0,0.09818992103037061,0.0,-0.05721180403797416,1.0263956808756535e-16,0.03690923618188899
0.0,0.09798663416897926,0.0,-0.057130442713246146,1.1396747709792018e-16,0.036778039505625124
0.0,0.09778307198551522,0.0,-0.05704864757575866,1.1241375100204361e-16,0.03664705114266344
0.0,0.09757923597794373,0.0,-0.056966420190585655,1.0918147504181076e-16,0.03651627203541403
0.0,0.09737512764722285,0.0,-0.05688376212797612,1.0702252423401085e-16,0.03638570311758331
0.0,0.09717074849809802,0.0,-0.05680067496392926,1.0525229139276031e-16,0.03625534531456712
0.0,0.09696610003909048,0.0,-0.05671716027996622,1.2040496892580075e-16,0.036125199543356024
0.0,0.09676118378158881,0.0,-0.056633219662739924,1.2362435629155518e-16,0.0359952667123027
0.0,0.09655600124139604,0.0,-0.05654885470473629,1.2525685388062645e-16,0.0358655477215868
0.0,0.09635055393702328,0.0,-0.05646406700338412,1.2662611828352343e-16,0.03573604346266656
0.0,0.09614484339149171,0.0,-0.056378858161979996,1.179931317095399e-16,0.035606754818921886
0.0,0.0959388711299111,0.0,-0.056293229788266,1.1777823768179951e-16,0.03547768266475496
0.0,0.09573263868284243,0.0,-0.056207183496403655,1.23493181431291e-16,0.03534882786687136
0.0,0.09552614758239782,0.0,-0.05612072090455923,1.2925470829640401e-16,0.03522019128276452
0.0,0.09531939936571353,0.0,-0.05603384363698028,1.299635588692266e-16,0.035091773762094686
0.0,0.09511239557314187,0.0,-0.05594655332289451,1.337291656467004e-16,0.0349635761459588
0.0,0.09490513774781341,0.0,-0.05585885159614426,1.3427615907086019e-16,0.03483559926677927
0.0,0.09469762743736757,0.0,-0.05577074009627221,1.3046514596756666e-16,0.03470784394892684
0.0,0.09448986619260276,0.0,-0.055682220467613765,1.3083839451387452e-16,0.03458031100819967
0.0,0.09428185556741488,0.0,-0.05559329435926969,1.3214680620196145e-16,0.03445300125186042
0.0,0.09407359712038335,0.0,-0.055503963425985084,1.3852818437619698e-16,0.03432591547921847
0.0,0.09386509241231937,0.0,-0.05541422932664014,1.2927475287264804e-16,0.03419905448067792
0.0,0.09365634300850062,0.0,-0.05532409372557265,1.2222324723189901e-16,0.03407241903860579
0.0,0.09344735047709368,0.0,-0.05523355829164926,1.2649308360178132e-16,0.033946009926802
0.0,0.09323811639054393,0.0,-0.05514262469894021,1.2917649328741788e-16,0.03381982791094996
0.0,0.09302864232425448,0.0,-0.05505129462603746,1.2474727034569537e-16,0.033693873748152095
0.0,0.09281892985724331,0.0,-0.05495956975626985,1.2282737698376355e-16,0.033568148187189284
0.0,0.09260898057270744,0.0,-0.05486745177807347,1.214289656086988e-16,0.03344265196875283
0.0,0.0923987960560451,0.0,-0.05477494238384565,1.2110020222178961e-16,0.03331738582472887
0.0,0.09218837789737241,0.0,-0.05468204327128008,1.1908841713734074e-16,0.03319235047906223
0.0,0.09197772769040771,0.0,-0.054588756142748156,1.2253095851360182e-16,0.03306754664745789
0.0,0.09176684703126119,0.0,-0.054495082704521705,1.1364517048457138e-16,0.0329429750368599
0.0,0.09155573752097113,0.0,-0.05440102466826458,1.0879237451351137e-16,0.032818636346464675
0.0,0.09134440076288687,0.0,-0.0543065837493844,1.109080029033027e-16,0.03269453126669612
0.0,0.09113283836501786,0.0,-0.05421176166852485,1.0655172864045633e-16,0.032570660480143385
0.0,0.09092105193777927,0.0,-0.05411656014998798,1.0608685512256522e-16,0.03244702466071585
0.0,0.09070904309645793,0.0,-0.05402098092339166,1.0333049915248584e-16,0.03232362447455804
0.0,0.09049681345856897,0.0,-0.05392502572186088,9.676675018549561e-17,0.03220046057909516
0.0,0.0902843646457563,0.0,-0.05382869628330579,9.5938067846139e-17,0.03207753362374244
0.0,0.09007169828367957,0.0,-0.05373199435017184,1.0240698145094747e-16,0.031954844249859386
0.0,0.08985881600086484,0.0,-0.05363492166880357,9.553684778334013e-17,0.0318323930903976
0.0,0.0896457194291815,0.0,-0.05353747998965652,8.782343282515578e-17,0.03171018077000346
0.0,0.0894324102046841,0.0,-0.053439671067839076,8.45337094166794e-17,0.03158820790542477
0.0,0.08921888996714264,0.0,-0.053341496662667555,8.588308102564122e-17,0.03146647510525645
0.0,0.08900516035870724,0.0,-0.05324295853696539,9.373557856341522e-17,0.03134498296960296
0.0,0.08879122302654037,0.0,-0.05314405845853734,9.459848918006721e-17,0.03122373209088094
0.0,0.08857707962008013,0.0,-0.05304479819845694,9.018446226885344e-17,0.03110272305298963
0.0,0.08836273179309265,0.0,-0.05294517953244182,8.272591960888757e-17,0.03098195643198451
0.0,0.08814818120278477,0.0,-0.052845204240041715,8.225764826044697e-17,0.03086143279581634
0.0,0.08793342950919888,0.0,-0.05274487410438701,7.874690353840539e-17,0.030741152704065418
0.0,0.08771847837735855,0.0,-0.05264419091351435,8.045245605647958e-17,0.030621116708816058
0.0,0.08750332947407662,0.0,-0.05254315645820297,8.139156774094507e-17,0.03050132535345855
0.0,0.08728798447093326,0.0,-0.05244177253393063,8.489514244740459e-17,0.030381779173812684
0.0,0.08707244504323765,0.0,-0.052340040940063795,8.764342337235131e-17,0.030262478697705843
0.0,0.08685671286871686,0.0,-0.05223796347923287,9.340273618743315e-17,0.030143424444632784
0.0,0.08664078962887607,0.0,-0.05213554195792603,9.933550608880884e-17,0.030024616926192252
0.0,0.0864246770101133,0.0,-0.05203277818715228,8.932309633998889e-17,0.029906056646442022
0.0,0.08620837670064169,0.0,-0.051929673980719106,8.520391715767603e-17,0.02978774410096132
0.0,0.08599189039299103,0.0,-0.051826231156531045,9.399967421682847e-17,0.029669679777629663
0.0,0.08577521978390887,0.0,-0.05172245153651187,9.499631441705702e-17,0.029551864156691754
0.0,0.08555836657207282,0.0,-0.05161833694534093,9.626940081516172e-17,0.02943429770991386
0.0,0.08534133246098814,0.0,-0.05151388921204782,9.65889977613264e-17,0.029316980901690576
0.0,0.0851241191574833,0.0,-0.05140911016904351,9.646151846270752e-17,0.02919991418843732
0.0,0.0849067283713985,0.0,-0.051304001652018226,1.0592579339598613e-16,0.029083098018581856
0.0,0.08468916181675729,0.0,-0.05119856550050573,1.0302803211026248e-16,0.028966532832969412
0.0,0.08447142121090927,0.0,-0.05109280355745097,9.662188809004052e-17,0.02885021906460236
0.0,0.084253508274299,0.0,-0.05098671766887953,9.226321104946118e-17,0.028734157138496485
0.0,0.08403542473155819,0.0,-0.05088030968473217,8.946270045663647e-17,0.028618347472222826
0.0,0.08381717231091827,0.0,-0.0507735814582961,8.508003841409626e-17,0.02850279047559519
0.0,0.08359875274312785,0.0,-0.0506665348455707,8.917258850661651e-17,0.028387486550366436
0.0,0.08338016776399523,0.0,-0.050559171706875024,9.734999533809551e-17,0.028272436091152806
0.0,0.08316141911108574,0.0,-0.05045149390470866,9.398720374769216e-17,0.028157639484311076
0.0,0.08294250852763033,0.0,-0.0503435033061116,9.73052126480442e-17,0.02804309710923505
0.0,0.08272343775830296,0.0,-0.050235201780049595,1.0399298711865138e-16,0.027928809337001634
0.0,0.08250420855304101,0.0,-0.05012659119983347,9.921295774770357e-17,0.02781477653171765
0.0,0.0822848226637017,0.0,-0.050017673440880185,9.431547378630906e-17,0.027700999049324285
0.0,0.08206528184740637,0.0,-0.04990845038285912,9.071257751533201e-17,0.027587477238814127
0.0,0.08184558786352063,0.0,-0.04979892390767135,9.6384865895219e-17,0.02747421144118317
0.0,0.0816257424753369,0.0,-0.04968909590069963,9.787825817399453e-17,0.02736120199014654
0.0,0.08140574744997035,0.0,-0.04957896825041586,1.0028393057028182e-16,0.027248449211929437
0.0,0.08118560455761258,0.0,-0.04946854284807777,1.0554881677303377e-16,0.027135953425196965
0.0,0.08096531557247523,0.0,-0.04935782158829332,1.1059424922361115e-16,0.027023714941362034
0.0,0.08074488227210196,0.0,-0.049246806368425565,1.0937604873376697e-16,0.026911734064318106
0.0,0.0805243064370959,0.0,-0.04913549908858413,1.126081142743026e-16,0.026800011090476025
0.0,0.08030358985251863,0.0,-0.0490239016522434,1.1683519153927344e-16,0.026688546309133317
0.0,0.08008273430638635,0.0,-0.048912015965548374,1.1790021749494992e-16,0.026577340002116964
0.0,0.0798617415905531,0.0,-0.04879984393753815,1.1779195700774146e-16,0.026466392444028982
0.0,0.07964061349982784,0.0,-0.04868738747987929,1.1563943302985026e-16,0.026355703902007414
0.0,0.0794193518332811,0.0,-0.04857464850731857,1.1375618447845057e-16,0.026245274636155183
0.0,0.07919795839305512,0.0,-0.04846162893723118,1.1341195198298485e-16,0.026135104899228514
0.0,0.07897643498526259,0.0,-0.04834833068999309,1.1352821510527183e-16,0.026025194936928786
0.0,0.07875478341931372,0.0,-0.04823475568841374,1.128637328937636e-16,0.025915544987662593
0.0,0.07853300550765639,0.0,-0.04812090585790127,1.082603090795918e-16,0.025806155282597998
0.0,0.07831110306720118,0.0,-0.04800678312696076,9.78869408737671e-17,0.02569702604603637
0.0,0.07808907791821659,0.0,-0.0478923894266199,1.0371331087898964e-16,0.025588157495146487
0.0,0.07786693188377734,0.0,-0.04777772669018408,9.82807322094518e-17,0.025479549839824353
0.0,0.07764466679091252,0.0,-0.04766279685371531,8.37500295441454e-17,0.025371203283039448
0.0,0.07742228447094161,0.0,-0.04754760185631225,9.022110056910805e-17,0.025263118021013393
0.0,0.07719978675729659,0.0,-0.04743214363872225,8.519343364904418e-17,0.025155294242533106
0.0,0.07697717548840771,0.0,-0.0473164241451891,9.375895540113624e-17,0.02504773212994059
0.0,0.07675445250510773,0.0,-0.04720044532161811,9.93783301219661e-17,0.02494043185824235
0.0,0.07653161965209901,0.0,-0.04708420911666825,1.0707700641262257e-16,0.024833393595712676
0.0,0.07630867877834087,0.0,-0.04696771748183286,1.0811002199136681e-16,0.024726617503980024
0.0,0.07608563173546377,0.0,-0.046850972370489005,1.0218713024154152e-16,0.024620103737581063
0.0,0.07586248037820201,0.0,-0.04673397573816092,9.483738853013875e-17,0.02451385244412311
0.0,0.07563922656717838,0.0,-0.04661672954413291,9.312244648019062e-17,0.02440786376517881
0.0,0.075415872163253,0.0,-0.046499235747982426,9.710265259802306e-17,0.024302137834544383
0.0,0.07519241903365294,0.0,-0.04638149631341484,9.290825509635775e-17,0.024196674780233168
0.0,0.07496886904750502,0.0,-0.04626351320537189,8.755381279388636e-17,0.024091474723056422
0.0,0.0747452240775244,0.0,-0.04614528839102567,9.456696263292548e-17,0.02398653777718497
0.0,0.0745214860016944,0.0,-0.046026823840925546,9.152435723009815e-17,0.023881864050742354
0.0,0.07429765669920228,0.0,-0.04590812152639958,9.087178032105291e-17,0.023777453644569898
0.0,0.07407373805412201,0.0,-0.04578918342172151,9.029512390027418e-17,0.023673306653338028
0.0,0.0738497319539753,0.0,-0.04567001150335294,9.546742008343846e-17,0.023569423165209148
0.0,0.07362564028918407,0.0,-0.04555060774948279,9.960713496494301e-17,0.023465803261664687
0.0,0.07340146495482822,0.0,-0.045430974141021874,9.786187574828786e-17,0.02336244701808781
0.0,0.07317720784835006,0.0,-0.045311112660402365,1.0787637060896822e-16,0.023259354503095516
0.0,0.0729528708715388,0.0,-0.04519102529249573,1.0297314868370415e-16,0.023156525779144187
0.0,0.0727284559292863,0.0,-0.04507071402404145,9.971437368173479e-17,0.023053960902254242
0.0,0.07250396493037577,0.0,-0.04495018084396964,1.0434164083919687e-16,0.02295165992221463
0.0,0.07227939978671954,0.0,-0.04482942774296526,9.985892900268972e-17,0.022849622882424564
0.0,0.07205476241429323,0.0,-0.04470845671404184,1.0169506697454087e-16,0.022747849820190694
0.0,0.071830054731661,0.0,-0.044587269751567134,1.0107140162515447e-16,0.022646340766342837
0.0,0.07160527866269685,0.0,-0.044465868852921794,9.631721923835106e-17,0.02254509574604327
0.0,0.07138043613251056,0.0,-0.04434425601603717,9.205028592775591e-17,0.022444114777654685
0.0,0.07115552907185826,0.0,-0.04422243324193767,9.38650640537972e-17,0.02234339787402883
0.0,0.07093055941374066,0.0,-0.044100402532842975,9.103870938940393e-17,0.022242945041613588
0.0,0.07070552909475862,0.0,-0.04397816589274101,8.625516693736159e-17,0.022142756280795314
0.0,0.07048044005640668,0.0,-0.0438557253283672,8.684249679974509e-17,0.022042831586399088
0.0,0.07025529424148069,0.0,-0.04373308284683668,8.391373401156274e-17,0.021943170946585877
0.0,0.07003009359851728,0.0,-0.04361024045842904,8.650789495997841e-17,0.02184377434430565
0.0,0.06980484007833661,0.0,-0.04348720017442414,9.015187572060213e-17,0.021744641756194755
0.0,0.06957953563515205,0.0,-0.04336396400766249,9.228830163630659e-17,0.021645773152993725
0.0,0.06935418222748276,0.0,-0.043240533973333606,9.671109124969457e-17,0.021547168499899606
0.0,0.0691287818174544,0.0,-0.043116912088251066,9.495145908758711e-17,0.021448827756304877
0.0,0.06890333636970185,0.0,-0.042993100370316915,9.229696614013275e-17,0.021350750875593592
0.0,0.06867784785331998,0.0,-0.0428691008396455,9.084145974426305e-17,0.021252937805670426
0.0,0.06845231824082347,0.0,-0.04274491551797242,8.951761812270201e-17,0.021155388488779944
0.0,0.06822674950773845,0.0,-0.04262054642825432,9.328878808823602e-17,0.021058102861377083
0.0,0.06800114363383122,0.0,-0.04249599559550425,9.144064181682194e-17,0.020961080854503267
0.0,0.06777550260204705,0.0,-0.04237126504612333,9.424015785015277e-17,0.020864322393564227
0.0,0.06754982839886334,0.0,-0.04224635680807497,9.324524728341532e-17,0.020767827398459122
0.0,0.06732412301441193,0.0,-0.04212127291086777,9.17671096030116e-17,0.020671595783615892
0.0,0.06709838844197345,0.0,-0.04199601538535665,9.07229601161566e-17,0.020575627457917307
0.0,0.06687262667931558,0.0,-0.04187058626446975,8.653545046231979e-17,0.020479922325136575
0.0,0.06664683972683855,0.0,-0.041744987582071055,7.827458252717965e-17,0.020384480283410316
0.0,0.06642102958860106,0.0,-0.04161922137355965,7.548772862609493e-17,0.020289301225603407
0.0,0.0661951982726214,0.0,-0.04149328967600411,7.458497107347196e-17,0.020194385039387107
0.0,0.0659693477898685,0.0,-0.04136719452762929,8.071857011508382e-17,0.020099731607061376
0.0,0.06574348015635574,0.0,-0.04124093796889379,8.071163784216642e-17,0.02000534080613261
0.0,0.06551759738894748,0.0,-0.041114522040085255,7.581040366356047e-17,0.019911212508170864
0.0,0.06529170151053947,0.0,-0.040987948784339645,7.486521742759297e-17,0.019817346580342846
0.0,0.06506579454656176,0.0,-0.04086122024556388,7.515730930927783e-17,0.01972374288445864
0.0,0.06483987852552613,0.0,-0.04073433846871005,8.284053094113237e-17,0.019630401277109865
0.0,0.06461395548087098,0.0,-0.04060730550095399,8.217406193218414e-17,0.01953732161034484
0.0,0.06438802744808798,0.0,-0.04048012338975729,8.695608623345003e-17,0.019444503730757866
0.0,0.06416209646704422,0.0,-0.0403527941845348,8.725886942484858e-17,0.019351947480330957
0.0,0.06393616458110211,0.0,-0.04022531993580072,9.203171478456071e-17,0.01925965269609145
0.0,0.0637102338364981,0.0,-0.0400977026949745,9.24313638938662e-17,0.019167619210061083
0.0,0.06348430628434447,0.0,-0.03996994451561027,9.027653917106023e-17,0.019075846849877252
0.0,0.06325838397786948,0.0,-0.039842047451454046,8.855104366432666e-17,0.01898433543794912
0.0,0.06303246897437889,0.0,-0.039714013557940575,9.177644007100305e-17,0.018893084792183105
0.0,0.06280656333555021,0.0,-0.039585844892077254,9.255823862524214e-17,0.018802094726015614
0.0,0.062580669124868,0.0,-0.039457543511080835,8.764960032410643e-17,0.018711365047775593
0.0,0.06235478841125479,0.0,-0.0393291114744628,8.993876817584947e-17,0.018620895561727337
0.0,0.062128923265680744,0.0,-0.03920055084194404,8.250810994715666e-17,0.0185306860671847
0.0,0.06190307576359903,0.0,-0.03907186367490529,8.356858867816399e-17,0.01844073635919815
0.0,0.06167724798312926,0.0,-0.03894305203540917,8.601989183183725e-17,0.018351046228124553
0.0,0.06145144200740249,0.0,-0.03881411798746093,8.889942581177795e-17,0.018261615460331115
0.0,0.061225659920626035,0.0,-0.0386850635946037,8.374758798253244e-17,0.018172443837074698
0.0,0.060999903813787594,0.0,-0.03855589092346254,8.085048426319019e-17,0.018083531136208895
0.0,0.06077417577886081,0.0,-0.03842660204019234,7.8146758194512e-17,0.017994877130606296
0.0,0.060548477911963404,0.0,-0.03829719901222877,7.162809382226725e-17,0.017906481589002154
0.0,0.06032281231340744,0.0,-0.03816768390856513,7.183500174511765e-17,0.017818344276160678
0.0,0.060097181086503956,0.0,-0.0380380587988306,7.079478161548272e-17,0.017730464952510495
0.0,0.05987158633834969,0.0,-0.037908325753756585,6.794722245597151e-17,0.017642843374441664
0.0,0.05964603017931741,0.0,-0.037778486844874705,6.462882734147264e-17,0.017555479294171984
0.0,0.05942051472323013,0.0,-0.03764854414472322,6.35134287420843e-17,0.017468372459886833
0.0,0.05919504208856301,0.0,-0.03751849972737588,6.490044649589433e-17,0.01738152261609875
0.0,0.05896961439575194,0.0,-0.03738835566690894,6.61722288192041e-17,0.017294929502903518
0.0,0.058744233769426515,0.0,-0.03725811403873899,6.682831930002882e-17,0.017208592856720828
0.0,0.05851890233801652,0.0,-0.03712777691932262,6.926000629383314e-17,0.01712251241016038
0.0,0.05829362223360125,0.0,-0.036997346386091146,7.110575773928242e-17,0.017036687892062266
0.0,0.05806839559140081,0.0,-0.036866824517142564,6.753143046043845e-17,0.01695111902739469
0.0,0.05784322454974156,0.0,-0.03673621339108381,6.6422067962017e-17,0.016865805537266017
0.0,0.057618111251339345,0.0,-0.036605515088036215,6.447184641028681e-17,0.016780747139367596
0.0,0.05739305784286422,0.0,-0.036474731689069874,6.369560916922941e-17,0.01669594354784304
0.0,0.05716806647293489,0.0,-0.0363438652752651,6.50246782783021e-17,0.016611394472846056
0.0,0.0569431392944758,0.0,-0.036212917928813836,6.926885883718303e-17,0.01652709962116759
0.0,0.05671827846467203,0.0,-0.03608189173333313,6.765453777957927e-17,0.01644305869631399
0.0,0.056493486143778734,0.0,-0.035950788772809966,6.38377907275786e-17,0.016359271398218325
0.0,0.05626876449430623,0.0,-0.03581961113131475,6.480501915356991e-17,0.016275737423036892
0.0,0.0560441156849131,0.0,-0.03568836089521143,6.888408497806288e-17,0.01619245646429024
0.0,0.05581954188589922,0.0,-0.035557040150517756,6.694831090668794e-17,0.016109428211662634
0.0,0.05559504527069427,0.0,-0.03542565098368714,6.619150697394993e-17,0.016026652351454042
0.0,0.05537062801822921,0.0,-0.035294195483176555,6.244498498529283e-17,0.015944128567279146
0.0,0.05514629230915663,0.0,-0.03516267573704378,6.054988201734469e-17,0.015861856539085166
0.0,0.05492204032892337,0.0,-0.035031093834706845,6.3794846447045e-17,0.01577983594400053
0.0,0.05469787426600746,0.0,-0.0348994518661627,6.309833814513901e-17,0.015698066455961838
0.0,0.05447379631165711,0.0,-0.03476775192145253,5.99784402843523e-17,0.015616547745630427
0.0,0.05424980866244607,0.0,-0.03463599609249784,5.670912882605288e-17,0.015535279481192252
0.0,0.054025913516653326,0.0,-0.03450418647072127,5.967341868890163e-17,0.015454261327334124
0.0,0.053802113077545746,0.0,-0.034372325149098826,6.242013919404244e-17,0.015373492946280348
0.0,0.05357840955060808,0.0,-0.034240414220455366,6.260185643655225e-17,0.01529297399703596
0.0,0.053354805146531244,0.0,-0.034108455779190965,6.328425786181031e-17,0.015212704136203115
0.0,0.05313130207745579,0.0,-0.033976451919194725,6.13306118148545e-17,0.015132683017132833
0.0,0.05290790256112472,0.0,-0.03384440473608958,6.045629920835988e-17,0.015052910290938104
0.0,0.05268460881729607,0.0,-0.03371231632525087,6.356988188214326e-17,0.014973385605708264
0.0,0.05246142307004817,0.0,-0.033580188783138884,6.38072755104204e-17,0.014894108607099617
0.0,0.05223834754710096,0.0,-0.03344802420674955,7.053303372642098e-17,0.014815078938206197
0.0,0.05201538447880815,0.0,-0.033315824693282,7.005479510597804e-17,0.014736296239378482
0.0,0.05179253610034257,0.0,-0.03318359234106989,7.038292794671286e-17,0.014657760148806358
0.0,0.05156980464957513,0.0,-0.03305132924867297,7.06515041563517e-17,0.014579470302027995
0.0,0.05134719236775824,0.0,-0.03291903751500989,6.920643272972397e-17,0.014501426332148001
0.0,0.05112470150044342,0.0,-0.03278671923999162,6.573851545093746e-17,0.014423627870150637
0.0,0.05090233429596092,0.0,-0.032654376523626044,6.32459583805509e-17,0.014346074544483967
0.0,0.05068009300738805,0.0,-0.03252201146718059,6.44112203961198e-17,0.014268765981717689
0.0,0.05045797988931701,0.0,-0.03238962617114356,6.555320994688205e-17,0.014191701805644285
0.0,0.05023599720188989,0.0,-0.03225722273780575,6.802916924137979e-17,0.014114881638466024
0.0,0.050014147207717435,0.0,-0.032124803269254196,6.868773135836025e-17,0.01403830509999766
0.0,0.04979243217309775,0.0,-0.03199236986813607,6.668032226869922e-17,0.013961971808004639
0.0,0.04957085436810475,0.0,-0.03185992463775805,6.652612975212034e-17,0.01388588137834513
0.0,0.04934941606642994,0.0,-0.0317274696819311,6.666870931863471e-17,0.013810033424913257
0.0,0.04912811954491333,0.0,-0.03159500710462402,6.699914491021115e-17,0.013734427559582109
0.0,0.04890696708382011,0.0,-0.03146253901030323,6.720422355826936e-17,0.013659063392351286
0.0,0.04868596096759828,0.0,-0.03133006750417682,6.821947541519774e-17,0.013583940531553172
0.0,0.04846510348425193,0.0,-0.031197594691894478,6.796637670683191e-17,0.013509058583747464
0.0,0.048244396924358224,0.0,-0.03106512267905271,6.512838466281995e-17,0.013434417153540983
0.0,0.04802384358275316,0.0,-0.03093265357197715,6.207129921324936e-17,0.013360015844028043
0.0,0.047803445758274006,0.0,-0.030800189477741876,6.509287884775017e-17,0.01328585425680582
0.0,0.04758320575218895,0.0,-0.030667732503179473,6.046631034018571e-17,0.013211931991622034
0.0,0.0473631258699274,0.0,-0.030535284755821877,5.741639587981865e-17,0.01313824864681937
0.0,0.04714320842080305,0.0,-0.03040284834386096,5.961731064779036e-17,0.013064803819360728
0.0,0.04692345571697541,0.0,-0.030270425375444387,6.099589664353946e-17,0.012991597104604319
0.0,0.04670387007424524,0.0,-0.030138017959133883,5.938954392811545e-17,0.012918628096533111
0.0,0.04648445381307765,0.0,-0.030005628204555317,5.992245498914334e-17,0.012845896388083838
0.0,0.046265209254947315,0.0,-0.029873258220150967,5.475868503550546e-17,0.012773401570243603
0.0,0.04604613872809345,0.0,-0.029740910116738364,5.198718017043983e-17,0.012701143233603752
0.0,0.04582724456184365,0.0,-0.029608586003898006,5.6152241224586e-17,0.01262912096691132
0.0,0.04560852909021053,0.0,-0.029476287992242306,5.39103851010634e-17,0.012557334358050358
0.0,0.0453899946499486,0.0,-0.029344018192404044,5.4618415900310856e-17,0.012485782993636431
0.0,0.045171643582723985,0.0,-0.029211778715961284,5.0556204845635434e-17,0.012414466459549262
0.0,0.044953478232299934,0.0,-0.029079571674071415,5.036419123994527e-17,0.012343384340309373
0.0,0.044735500946422584,0.0,-0.028947399178430196,4.748817615944947e-17,0.012272536219589406
0.0,0.04451771407712637,0.0,-0.02881526334152406,4.7754982449262096e-17,0.012201921680361359
0.0,0.0443001199790039,0.0,-0.028683166275557285,4.749772483981838e-17,0.012131540304469278
0.0,0.044082721010413405,0.0,-0.028551110093116148,4.3428960583321865e-17,0.012061391673010286
0.0,0.04386551953358913,0.0,-0.028419096907321716,4.418930030355602e-17,0.01199147536639221
0.0,0.04364851791464236,0.0,-0.028287128831782346,4.441346080298321e-17,0.01192179096442324
0.0,0.04343171852181217,0.0,-0.028155207979541068,4.153395098145985e-17,0.011852338045839862
0.0,0.04321512372816309,0.0,-0.02802333646470148,4.354747738876887e-17,0.011783116189137615
0.0,0.042998735910228424,0.0,-0.027891516401548275,4.6794225863980686e-17,0.01171412497216955
0.0,0.04278255744715261,0.0,-0.02775974990411098,4.829980379046355e-17,0.011645363972066367
0.0,0.04256659072299229,0.0,-0.02762803908756035,4.7620774306542916e-17,0.011576832765835814
0.0,0.04235083812428793,0.0,-0.027496386066538404,4.7217214889707485e-17,0.01150853092976123
0.0,0.04213530204103634,0.0,-0.027364792956001686,4.5466186486853945e-17,0.011440458039729009
0.0,0.04191998486755122,0.0,-0.02723326187164251,3.882116328641998e-17,0.011372613671526343
0.0,0.04170488900174099,0.0,-0.027101794929313836,4.120604529110845e-17,0.01130499740062536
0.0,0.041490016843772355,0.0,-0.026970394244463555,3.638600796762764e-17,0.011237608801975888
0.0,0.04127537079896489,0.0,-0.02683906193361981,3.497740620619701e-17,0.011170447450722607
0.0,0.041060953275026825,0.0,-0.026707800112907062,3.5898828026966644e-17,0.011103512921586286
0.0,0.04084676668325416,0.0,-0.026576610898702953,3.154413302275068e-17,0.011036804789206614
0.0,0.040632813440092196,0.0,-0.026445496408572668,3.4287912356905345e-17,0.010970322628608678
0.0,0.040419095962613366,0.0,-0.026314458758536177,3.500311237665802e-17,0.010904066014048319
0.0,0.040205616674521896,0.0,-0.02618350006662846,3.6894828651335675e-17,0.010838034520628249
0.0,0.039992378001002506,0.0,-0.026052622449928564,3.854035059551984e-17,0.01077222772304395
0.0,0.039779382371728365,0.0,-0.025921828026268818,3.881950599949724e-17,0.010706645196359606
0.0,0.03956663221936484,0.0,-0.025791118913336936,3.983490877271504e-17,0.01064128651570962
0.0,0.039354129980081906,0.0,-0.025660497228940038,3.943166739920431e-17,0.010576151256443036
0.0,0.03914187809430516,0.0,-0.025529965091596867,3.954995082114222e-17,0.010511238994399229
0.0,0.03892987900546295,0.0,-0.025399524619585,4.294479211022136e-17,0.01044654930559569
0.0,0.03871813516075421,0.0,-0.02526917793167473,3.973551121653333e-17,0.010382081766527596
0.0,0.03850664901095821,0.0,-0.025138927146624076,4.045507678452681e-17,0.01031783595409059
0.0,0.03829542300988196,0.0,-0.025008774383208518,4.0159018249248563e-17,0.010253811445560939
0.0,0.03808445961498611,0.0,-0.024878721760329143,4.0503427213547637e-17,0.0101900078187597
0.0,0.037873761288483375,0.0,-0.024748771397878816,3.9717736316210435e-17,0.010126424652374637
0.0,0.03766333049359309,0.0,-0.02461892541433123,4.088606084691989e-17,0.010063061525105083
0.0,0.03745316970076604,0.0,-0.024489185930596125,3.912413811933607e-17,0.00999991801721959
0.0,0.03724328138043841,0.0,-0.0243595550655204,4.118262973810717e-17,0.009936993708817397
0.0,0.03703366800811943,0.0,-0.024230034939081782,4.382889646353379e-17,0.009874288181150671
0.0,0.03682433206304338,0.0,-0.02410062767151211,4.1632996428704446e-17,0.009811801016322374
0.0,0.03661527602806462,0.0,-0.02397133538325349,3.943412531236744e-17,0.009749531797311875
0.0,0.036406502388374125,0.0,-0.023842160194081995,3.967790447321538e-17,0.009687480107691045
0.0,0.036198013634911874,0.0,-0.0237131042253575,3.8058471478766286e-17,0.0096256455325411
0.0,0.03598981225898742,0.0,-0.023584169596627836,3.9379262550852546e-17,0.009564027657158426
0.0,0.03578190075856881,0.0,-0.023455358429384943,3.638360916013945e-17,0.009502626068625229
0.0,0.03557428163403395,0.0,-0.023326672844691483,3.404542309024612e-17,0.00944144035487969
0.0,0.035366957388411134,0.0,-0.023198114963109893,3.404207373770854e-17,0.009380470104728245
0.0,0.035159930529024296,0.0,-0.02306968690579654,3.500224713236563e-17,0.009319714908367398
0.0,0.034953203567951174,0.0,-0.022941390794853366,3.537494885057605e-17,0.009259174357528403
0.0,0.034746779017258124,0.0,-0.0228132287501932,3.709302720451106e-17,0.009198848044315895
0.0,0.03454065939714318,0.0,-0.022685202894790552,3.7337551959211016e-17,0.009138735563311268
0.0,0.03433484722848344,0.0,-0.022557315349901602,3.729347191864223e-17,0.009078836509738434
0.0,0.034129345035608834,0.0,-0.022429568236904562,3.4224045853105346e-17,0.00901915048022291
0.0,0.03392415534735574,0.0,-0.022301963677815048,3.615703471013709e-17,0.00895967707307659
0.0,0.03371928069645697,0.0,-0.022174503794999585,3.2763974003584984e-17,0.00890041588821242
0.0,0.033514723617866504,0.0,-0.02204719071017265,3.2317271649374033e-17,0.00884136652675319
0.0,0.033310486651154846,0.0,-0.021920026545737648,3.304641433898312e-17,0.008782528591689293
0.0,0.03310657233842422,0.0,-0.02179301342360175,3.4980390606729064e-17,0.00872390168739299
0.0,0.03290298322683723,0.0,-0.02166615346678695,3.637692966787294e-17,0.008665485420322206
0.0,0.032699721866068183,0.0,-0.021539448797658872,3.714381530037314e-17,0.008607279398375502
0.0,0.03249679080918038,0.0,-0.0214129015386519,3.523451891300171e-17,0.008549283231211065
0.0,0.03229419261295952,0.0,-0.02128651381239795,3.332589659317073e-17,0.00849149653032492
0.0,0.03209192983789831,0.0,-0.021160287741765108,3.208303748347811e-17,0.00843391890917735
0.0,0.03189000504854347,0.0,-0.021034225449944627,3.091505709769861e-17,0.008376549983186966
0.0,0.03168842081191593,0.0,-0.020908329059637975,2.8592385015257114e-17,0.008319389369517226
0.0,0.031487179699262485,0.0,-0.020782600694002142,2.890243873363739e-17,0.008262436687486573
0.0,0.0312862842847968,0.0,-0.020657042475934348,3.0330296230026054e-17,0.008205691558289223
0.0,0.031085737147318618,0.0,-0.0205316565291219,2.7148074898579268e-17,0.00814915360551197
0.0,0.03088554086863153,0.0,-0.020406444976937166,2.8965736235673876e-17,0.008092822454684862
0.0,0.03068569803298956,0.0,-0.020281409942176254,2.8880982270290135e-17,0.008036697733286465
0.0,0.030486211230673327,0.0,-0.020156553549258563,2.6348986682631483e-17,0.007980779071592291
0.0,0.030287083052085426,0.0,-0.020031877920575862,2.6747658015004002e-17,0.007925066101332354
0.0,0.030088316094961688,0.0,-0.01990738518091514,2.7745395697928204e-17,0.007869558457444383
0.0,0.02988991295783109,0.0,-0.019783077453472478,2.652643583053258e-17,0.007814255776555746
0.0,0.029691876243589953,0.0,-0.019658956862015763,2.5471535311244225e-17,0.007759157697892778
0.0,0.02949420855857835,0.0,-0.019535025530313208,2.4339575345035786e-17,0.007704263863067671
0.0,0.029296912514069073,0.0,-0.01941128558308676,2.1175817686476396e-17,0.007649573916536399
0.0,0.029099990722520355,0.0,-0.019287739143681586,2.1327164172847933e-17,0.007595087504697799
0.0,0.028903445800576237,0.0,-0.019164388335871238,2.0151996522717488e-17,0.007540804276653177
0.0,0.028707280370824872,0.0,-0.019041235285021708,2.1601524652311706e-17,0.007486723884719126
0.0,0.02851149705573608,0.0,-0.01891828211425108,2.2283910043842634e-17,0.007432845982937899
0.0,0.028316098483805154,0.0,-0.018795530948384338,2.185239000867031e-17,0.007379170228689772
0.0,0.028121087286188104,0.0,-0.018672983911667523,2.359933691395183e-17,0.007325696281829015
0.0,0.027926466097645847,0.0,-0.018550643128483247,2.2833561622974033e-17,0.0072724238050385645
0.0,0.027732237556731328,0.0,-0.01842851072342326,2.416954778315763e-17,0.007219352463835121
0.0,0.027538404305775893,0.0,-0.018306588821320708,2.3383285553150053e-17,0.007166481926690848
0.0,0.027344968988644323,0.0,-0.018184879545836505,2.495681351697061e-17,0.007113811864474628
0.0,0.02715193425715618,0.0,-0.018063385023358452,2.5646288402929845e-17,0.007061341952047841
0.0,0.02695930276108624,0.0,-0.01794210737691273,2.837221364641639e-17,0.0070090718659247325
0.0,0.0267670771581483,0.0,-0.01782104873235377,2.828969041143003e-17,0.006957001286702868
0.0,0.026575260107179262,0.0,-0.017700211214018914,2.6966889574630894e-17,0.00690512989744175
0.0,0.026383854272104823,0.0,-0.017579596947297344,2.6772235715900842e-17,0.006853457384679242
0.0,0.026192862319267936,0.0,-0.017459208056968288,2.805729520279886e-17,0.006801983437846518
0.0,0.026002286918721945,0.0,-0.017339046667958356,2.898053193323785e-17,0.00675070774957739
0.0,0.025812130744662577,0.0,-0.017219114905533118,3.1343052838777536e-17,0.006699630015872452
0.0,0.025622396474342793,0.0,-0.01709941489490628,3.0804993167995684e-17,0.006648749935904293
0.0,0.025433086788809747,0.0,-0.016979948761330917,3.02941921341868e-17,0.006598067212184744
0.0,0.025244204372332532,0.0,-0.01686071862996056,3.107121690158032e-17,0.006547581550481056
0.0,0.02505575191254633,0.0,-0.016741726625970108,3.0113134022204616e-17,0.006497292659939413
0.0,0.024867732101478177,0.0,-0.016622974875016322,3.011355811013262e-17,0.00644720025328991
0.0,0.02468014763421774,0.0,-0.016504465502553144,2.846392494931509e-17,0.006397304046625208
0.0,0.024493001209496962,0.0,-0.016386200634185333,2.5666301189465988e-17,0.006347603759558708
0.0,0.024306295529016614,0.0,-0.016268182395164227,2.613738571978422e-17,0.006298099115104716
0.0,0.024120033298641576,0.0,-0.016150412911241425,2.5273597876255512e-17,0.0062487898399944475
0.0,0.02393421722749446,0.0,-0.016032894307908996,3.1566537923249497e-17,0.006199675664486584
0.0,0.02374885002882477,0.0,-0.01591562871129163,2.4394916719252828e-17,0.006150756322680701
0.0,0.023563934418742792,0.0,-0.015798618246929658,2.3775271904566324e-17,0.006102031552128539
0.0,0.023379473116820787,0.0,-0.015681865040549803,2.367608985257437e-17,0.006053501094163214
0.0,0.02319546884679892,0.0,-0.015565371218168861,2.1670020791736832e-17,0.006005164693968956
0.0,0.023011924335798205,0.0,-0.01544913890579911,1.9076461479390092e-17,0.005957022100504978
0.0,0.022828842313704564,0.0,-0.015333170229141782,2.0599199337487927e-17,0.0059090730664124805
0.0,0.022646225515147472,0.0,-0.01521746731450635,2.2335080194893333e-17,0.005861317348439456
0.0,0.022464076677360167,0.0,-0.015102032287826231,2.140158416783932e-17,0.005813754707056307
0.0,0.02228239854221964,0.0,-0.014986867275655142,2.1534247710163307e-17,0.005766384906921339
0.0,0.022101193853039006,0.0,-0.014871974403410997,2.201588154095261e-17,0.005719207716188496
0.0,0.02192046535926409,0.0,-0.01475735579804863,2.1912154603559e-17,0.005672222907608263
0.0,0.021740215812155295,0.0,-0.014643013585622667,2.5772622621791724e-17,0.005625430257608119
0.0,0.021560447966798055,0.0,-0.014528949892294744,2.2792905479671586e-17,0.005578829546742197
0.0,0.021381164582383462,0.0,-0.014415166844779712,2.32616921123439e-17,0.005532420559839972
0.0,0.021202368421746186,0.0,-0.014301666569733317,2.153261191631876e-17,0.005486203085884725
0.0,0.02102406224974024,0.0,-0.014188451193034104,1.873380366446967e-17,0.005440176917694452
0.0,0.020846248836570422,0.0,-0.014075522841795474,1.186858814020732e-17,0.005394341852769123
0.0,0.020668930954558212,0.0,-0.01396288364208045,1.0347755898559196e-17,0.005348697692462394
0.0,0.020492111381896605,0.0,-0.013850535721711705,1.0497094275553055e-17,0.005303244243042982
0.0,0.020315792896383862,0.0,-0.013738481205925489,1.0033797736292715e-17,0.005257981314118529
0.0,0.020139978283577088,0.0,-0.013626722222718967,9.95132000680908e-18,0.005212908720661102
0.0,0.019964670330013895,0.0,-0.013515260898585199,9.803655759360874e-18,0.005168026281449394
0.0,0.019789871825280407,0.0,-0.013404099359645493,7.173044542774723e-18,0.005123333819540216
0.0,0.019615585566362254,0.0,-0.013293239734673267,6.5871497450755876e-18,0.005078831163370284
0.0,0.01944181434813913,0.0,-0.013182684148764983,6.5346800952635826e-18,0.005034518144512312
0.0,0.01926856097374508,0.0,-0.01307243473015153,5.9684711813052336e-18,0.004990394600185186
0.0,0.01909582824773235,0.0,-0.01296249360573882,5.778886138078974e-18,0.0049464603716412635
0.0,0.018923618978292527,0.0,-0.012852862902611676,5.4697397354367014e-18,0.004902715304756058
0.0,0.01875193597721448,0.0,-0.012743544747852146,5.3183635740238225e-18,0.004859159249998743
0.0,0.01858078206067424,0.0,-0.012634541269216166,3.395033489651543e-18,0.004815792062701192
0.0,0.018410160047128823,0.0,-0.01252585459371272,3.404087630752753e-18,0.004772613602569028
0.0,0.01824007276036243,0.0,-0.012417486849508405,3.2898636955474463e-18,0.004729623734407378
0.0,0.018070523024569907,0.0,-0.01230944016289694,2.271957008941374e-18,0.004686822327048218
0.0,0.017901513670610485,0.0,-0.012201716662131845,1.796077740860956e-18,0.004644209254790366
0.0,0.01773304753256638,0.0,-0.012094318475408886,1.5879890396977752e-18,0.004601784396658681
0.0,0.01756512744513862,0.0,-0.01198724772913241,1.4437966680371143e-18,0.004559547635814387
0.0,0.017397756250822682,0.0,-0.011880506552394351,1.0636878710919788e-18,0.004517498861250922
0.0,0.017230936792211722,0.0,-0.01177409707222543,1.160893471328133e-18,0.0044756379660339796
0.0,0.017064671916427923,0.0,-0.01166802141638582,5.605256225129629e-19,0.0044339648483757155
0.0,0.016898964475703902,0.0,-0.01156228171360715,-4.644917072642779e-18,0.004392479411766882
0.0,0.016733817323597584,0.0,-0.01145688009134702,-8.883653592139396e-18,0.004351181564148568
0.0,0.016569233318540176,0.0,-0.011351818677992093,-6.840261976244115e-18,0.004310071218758748
0.0,0.016405215321286103,0.0,-0.011247099601123637,-4.651140419760915e-18,0.004269148293549989
0.0,0.016241766198496432,0.0,-0.011142724990003279,-4.072294375999219e-18,0.00422841271207516
0.0,0.016078888818066572,0.0,-0.011038696972503134,-1.9861964680917555e-18,0.004187864402424487
0.0,0.01591658605115394,0.0,-0.010935017676297919,-1.6495726810110523e-18,0.004147503297678414
0.0,0.01575486077546255,0.0,-0.010831689231131933,-1.0582951526823127e-18,0.004107329336762303
0.0,0.015593715869059999,0.0,-0.010728713764780351,-2.221257989696991e-18,0.004067342462994874
0.0,0.015433154214590884,0.0,-0.010626093405739575,-1.1130270262049432e-18,0.004027542625089017
0.0,0.015273178699143318,0.0,-0.01052383028320532,-9.278002068291471e-19,0.003987929777178161
0.0,0.015113792213185907,0.0,-0.010421926526245781,-8.084084861081771e-19,0.003948503878543185
0.0,0.014954997648174456,0.0,-0.010320384262508423,-7.561087774625008e-19,0.00390926489312958
0.0,0.014796797902713696,0.0,-0.010219205621978535,6.283624334160684e-19,0.0038702127909728164
0.0,0.014639195877943358,0.0,-0.01011839273403094,-2.778363419150372e-19,0.003831347547160184
0.0,0.014482194476104791,0.0,-0.010017947726642365,1.878075225493949e-18,0.0037926691415225873
0.0,0.014325796605769658,0.0,-0.00991787272962313,3.4380901812540546e-18,0.003754177559853384
0.0,0.01417000517841923,0.0,-0.00981816987251948,4.5419585794293896e-18,0.0037158727931712963
0.0,0.014014823108678472,0.0,-0.00971884128456613,2.8439998338409776e-18,0.003677754837744838
0.0,0.013860253313933465,0.0,-0.009619889094807732,9.636762121612376e-19,0.003639823695083883
0.0,0.01370629871729101,0.0,-0.009521315433577907,3.388177629013529e-18,0.0036020793725986015
0.0,0.01355296224301357,0.0,-0.00942312242990421,6.173875563144531e-18,0.0035645218825953286
0.0,0.013400246821023136,0.0,-0.009325312214224522,6.8687264510709405e-18,0.003527151243306925
0.0,0.013248155382553535,0.0,-0.009227886915646768,6.646195674908606e-18,0.0034899674779521397
0.0,0.013096690864635635,0.0,-0.009130848664836702,4.032435195860758e-18,0.0034529706157399023
0.0,0.01294585620690794,0.0,-0.009034199591958097,2.061146081073529e-18,0.0034161606911943497
0.0,0.012795654350965788,0.0,-0.008937941826268917,-6.086071772001053e-19,0.0033795377439942344
0.0,0.012646088244691947,0.0,-0.008842077498875087,2.4360595882074738e-18,0.0033431018200083817
0.0,0.012497160838501956,0.0,-0.008746608740361523,2.048042290123025e-18,0.0033068529704384916
0.0,0.01234887508503573,0.0,-0.008651537680594058,2.601361524301663e-18,0.0032707912517778263
0.0,0.012201233941816415,0.0,-0.008556866450382342,2.884729511311438e-18,0.0032349167264246644
0.0,0.012054240370495815,0.0,-0.008462597181043006,4.1243916651719025e-18,0.0031992294625267483
0.0,0.011907897334006379,0.0,-0.008368732002535299,5.095562321615866e-18,0.0031637295333543846
0.0,0.011762207802000234,0.0,-0.008275273047040989,5.900480963839173e-18,0.003128417018583897
0.0,0.011617174744001965,0.0,-0.008182222444433994,5.562064743451065e-18,0.003093292002664055
0.0,0.011472801136002825,0.0,-0.008089582326650746,7.127358816092516e-18,0.0030583545764530295
0.0,0.011329089956225724,0.0,-0.007997354824899109,6.7072746228660126e-18,0.0030236048361773496
0.0,0.011186044186922837,0.0,-0.007905542070759681,9.68083087707603e-18,0.0029890428838868282
0.0,0.01104366681362716,0.0,-0.007814146195904512,1.0337900086893578e-17,0.0029546688273295154
0.0,0.010901960825227416,0.0,-0.007723169331912273,9.941745576407044e-18,0.0029204827799032404
0.0,0.01076092921469611,0.0,-0.0076326136108819985,1.0722409206383868e-17,0.002886484860928182
0.0,0.010620574977938113,0.0,-0.007542481164700875,1.0480167398392935e-17,0.0028526751953169725
0.0,0.010480901115051143,0.0,-0.007452774125799432,1.0447173281852375e-17,0.0028190539139566423
0.0,0.01034191062888129,0.0,-0.007363494626136613,9.818818485757871e-18,0.0027856211532738713
0.0,0.010203606526726694,0.0,-0.007274644798602138,1.0155593974281494e-17,0.0027523770557868624
0.0,0.010065991819075991,0.0,-0.007186226775856321,1.0016820690165057e-17,0.002719321769676546
0.0,0.009929069519021512,0.0,-0.007098242690156882,9.444438344896236e-18,0.002686455448783262
0.0,0.009792842644376472,0.0,-0.007010694674700897,9.062381762390718e-18,0.0026537782530208984
0.0,0.00965731421719427,0.0,-0.006923584863288181,9.30103789335141e-18,0.0026212903483354465
0.0,0.009522487260580137,0.0,-0.006836915388242167,8.725448790460801e-18,0.002588991905925711
0.0,0.009388364803600835,0.0,-0.006750688383642464,8.731649934699926e-18,0.002556883103430254
0.0,0.009254949876680574,0.0,-0.006664905982359406,9.26932962560167e-18,0.002524964123855662
0.0,0.00912224551713757,0.0,-0.0065795703195460995,9.02766405063543e-18,0.00249323515685185
0.0,0.008990254761044932,0.0,-0.006494683527477042,8.367472496422972e-18,0.002461696396853401
0.0,0.008858980652929623,0.0,-0.006410247741728671,8.480139166839838e-18,0.002430348045327679
0.0,0.008728426237185054,0.0,-0.006326265095804719,7.690877641230061e-18,0.0023991903087974753
0.0,0.00859859456370142,0.0,-0.006242737724526817,8.295611538028335e-18,0.0023682234001325313
0.0,0.00846948868593645,0.0,-0.006159667763018293,8.451360518797723e-18,0.002337447538133074
0.0,0.008341111659297719,0.0,-0.006077057345539883,7.933215476004193e-18,0.002306862947153496
0.0,0.008213466544184887,0.0,-0.005994908607466031,7.16434034369422e-18,0.0022764698577756835
0.0,0.008086556404177193,0.0,-0.00591322368418261,7.125779706032303e-18,0.002246268506474373
0.0,0.007960384305910742,0.0,-0.00583200471092452,7.260453575133029e-18,0.0022162591355076354
0.0,0.007834953321008996,0.0,-0.005751253824125931,7.452650446655812e-18,0.0021864419934107763
0.0,0.007710266522977488,0.0,-0.005670973159361527,7.24294184944306e-18,0.0021568173342936276
0.0,0.0075863269892411725,0.0,-0.005591164852586578,7.62438511427608e-18,0.0021273854182559558
0.0,0.0074631378010838745,0.0,-0.005511831040345383,7.62363399764443e-18,0.0020981465114595687
0.0,0.007340702043907271,0.0,-0.005432973859568816,7.115181735730229e-18,0.002069100886094225
0.0,0.0072190228055138625,0.0,-0.005354595446939213,7.633690355995314e-18,0.002040248820086526
0.0,0.007098103178143238,0.0,-0.005276697939747524,7.8690855736055e-18,0.0020115905974560783
0.0,0.006977946257087191,0.0,-0.005199283475303346,6.874767092775745e-18,0.001983126508104619
0.0,0.006858555140693036,0.0,-0.005122354190866745,6.842705416777314e-18,0.0019548568477501856
0.0,0.006739932931915202,0.0,-0.005045912224565895,7.153253780481717e-18,0.0019267819182904695
0.0,0.006622082737282792,0.0,-0.004969959714935348,7.484848551185644e-18,0.001898902027599009
0.0,0.006505007665493806,0.0,-0.004894498799744421,6.92209733603011e-18,0.0018712174891352068
0.0,0.006388710830323684,0.0,-0.00481953161814222,6.551350625241225e-18,0.0018437286227036874
0.0,0.006273195348787612,0.0,-0.004745060309284078,6.230051556896655e-18,0.001816435753930798
0.0,0.006158464338946706,0.0,-0.004671087010996659,6.88748543138168e-18,0.0017893392138154992
0.0,0.006044520927643425,0.0,-0.004597613864872124,6.237180783570699e-18,0.001762439340504244
0.0,0.005931368240055052,0.0,-0.00452464300930119,6.29923098478748e-18,0.0017357364768552618
0.0,0.005819009407416427,0.0,-0.004452176584654867,6.4250981473715115e-18,0.0017092309722194056
0.0,0.005707447564338983,0.0,-0.004380216731556676,5.89437301830497e-18,0.0016829231818424545
0.0,0.0055966858488422574,0.0,-0.004308765590782283,5.153039003593355e-18,0.0016568134668386728
0.0,0.005486727402480247,0.0,-0.004237825303421669,5.092124497163542e-18,0.0016309021942082216
0.0,0.005377575370051145,0.0,-0.004167398010735367,4.639623148645323e-18,0.0016051897367999933
0.0,0.005269232899247189,0.0,-0.004097485853860898,4.745940480680961e-18,0.0015796764731785254
0.0,0.0051617031439253475,0.0,-0.004028090976018145,4.39283031134754e-18,0.0015543627884122314
0.0,0.005054989258371015,0.0,-0.003959215518648439,4.4634200298681504e-18,0.001529249072689201
0.0,0.004949094402153957,0.0,-0.003890861624806715,4.629952264200314e-18,0.0015043357225017024
0.0,0.004844021738141094,0.0,-0.003823031437656882,4.479963827760381e-18,0.001479623140099852
0.0,0.004739774432533608,0.0,-0.0037557271006517716,4.304988012683407e-18,0.00145511173354232
0.0,0.004636355655172147,0.0,-0.00368895075757118,4.029495576438825e-18,0.001430801916732412
0.0,0.004533768578790967,0.0,-0.0036227045522809606,3.9044718737862835e-18,0.0014066941092499641
0.0,0.004432016381151156,0.0,-0.003556990629922551,4.417057887301337e-18,0.0013827887368146035
0.0,0.004331102242724448,0.0,-0.003491811135496375,4.58033760627706e-18,0.0013590862307434918
0.0,0.0042310293466766916,0.0,-0.003427168213858567,4.66011071755481e-18,0.00133558702795512
0.0,0.00413180088100637,0.0,-0.0033630640111578956,4.436041612476312e-18,0.001312291571404934
0.0,0.0040334200365595915,0.0,-0.0032995006734512027,4.126657248332272e-18,0.0012892003096671633
0.0,0.003935890008880061,0.0,-0.003236480347931893,3.917056722271004e-18,0.0012663136972922802
0.0,0.003839213994250433,0.0,-0.0031740051805558243,3.507328366246072e-18,0.0012436321939303299
0.0,0.0037433951961437367,0.0,-0.003112077319927924,3.3640261447141214e-18,0.001221156265756018
0.0,0.003648436819644399,0.0,-0.0030506989139280974,3.3653845801259716e-18,0.001198886384208329
0.0,0.003554342071743384,0.0,-0.002989872109830561,3.4153288936162e-18,0.001176823025987291
0.0,0.0034611141666975875,0.0,-0.0029295990577750666,3.114336270893226e-18,0.0011549666743460385
0.0,0.0033687563198495987,0.0,-0.002869881906798189,2.932636104590242e-18,0.001133317817569062
0.0,0.0032772717502438167,0.0,-0.0028107228065319496,2.970865352844128e-18,0.0011118769496174206
0.0,0.0031866636807546117,0.0,-0.0027521239072383396,2.88215757860166e-18,0.0010906445700952245
0.0,0.003096935338470122,0.0,-0.00269408736020168,2.790508842331287e-18,0.001069621184361231
0.0,0.0030080899529864175,0.0,-0.0026366153164704953,2.665963218783718e-18,0.0010488073030671544
0.0,0.002920130758302504,0.0,-0.002579709928214685,2.677870418195605e-18,0.0010282034425971604
0.0,0.002833060991108312,0.0,-0.002523373347626082,3.1750322801810406e-18,0.0010078101246802362
0.0,0.002746883892214398,0.0,-0.0024676077276928276,2.7992127822940573e-18,0.0009876278766196619
0.0,0.0026616027050290897,0.0,-0.0024124152214686175,3.0067109786835304e-18,0.0009676572310090732
0.0,0.0025772206791722582,0.0,-0.0023577979842647205,2.8385889281473937e-18,0.0009478987264735896
0.0,0.002493741064435416,0.0,-0.0023037581697382937,2.8807101179013684e-18,0.0009283529062837663
0.0,0.0024111671161306247,0.0,-0.0022502979334648563,3.0207709966061744e-18,0.0009090203195640384
0.0,0.0023295020922538823,0.0,-0.0021974194310412447,2.8426545055893316e-18,0.0008899015205936838
0.0,0.0022487492549749105,0.0,-0.0021451248190573233,2.8575284592477364e-18,0.0008709970691483226
0.0,0.0021689118705082513,0.0,-0.0020934162551048655,2.6377186256379356e-18,0.0008523075304249315
0.0,0.002089993206782381,0.0,-0.0020422958961646164,3.1136410633768958e-18,0.0008338334744800993
0.0,0.002011996536521718,0.0,-0.001991765900728084,2.8217550034801526e-18,0.0008155754769232516
0.0,0.0019349251362941536,0.0,-0.0019418284280568348,2.911936827795984e-18,0.0007975341186575741
0.0,0.00185878228501387,0.0,-0.0018924856373889,2.6316212433580962e-18,0.0007797099855022128
0.0,0.001783571267033185,0.0,-0.0018437396897859554,2.6862330603004888e-18,0.0007621036688819317
0.0,0.0017092953677954256,0.0,-0.001795592745521993,2.848802866581807e-18,0.0007447157647986783
0.0,0.0016359578782652387,0.0,-0.0017480469666949646,2.701587777957442e-18,0.0007275468748006849
0.0,0.0015635620916914297,0.0,-0.0017011045154723208,2.5714952201346553e-18,0.0007105976052295647
0.0,0.001492111306499247,0.0,-0.0016547675557001666,2.6247433261504862e-18,0.0006938685678382992
0.0,0.0014216088227183912,0.0,-0.0016090382507449063,2.4615608113631844e-18,0.00067736037892757
0.0,0.001352057944459896,0.0,-0.0015639187651026007,2.5221247535639593e-18,0.0006610736599193361
0.0,0.0012834619812123818,0.0,-0.0015194112651464742,2.4289466948982007e-18,0.000645009037563025
0.0,0.001215824242436929,0.0,-0.001475517915842162,2.4193560309765196e-18,0.0006291671427014487
0.0,0.0011491480450214892,0.0,-0.0014322408853146402,2.5745047821425028e-18,0.0006135486119230081
0.0,0.001083436705890027,0.0,-0.0013895823404115456,2.6218167766427634e-18,0.0005981540858649966
0.0,0.0010186935488144186,0.0,-0.001347544450763682,2.7316451964207538e-18,0.0005829842106700707
0.0,0.0009549218988193706,0.0,-0.0013061293855051994,2.655297200676429e-18,0.0005680396367399726
0.0,0.0008921250842589198,0.0,-0.0012653393143778066,2.541009397096355e-18,0.0005533210191115898
0.0,0.000830306439929672,0.0,-0.0012251764099730127,2.296915077227704e-18,0.0005388290181807679
0.0,0.000769469300181784,0.0,-0.0011856428430815301,2.462946629101351e-18,0.0005245642980372129
0.0,0.0007096170054080933,0.0,-0.001146740787096371,2.4345654568312864e-18,0.0005105275279486069
0.0,0.0006507528999815868,0.0,-0.0011084724165300978,2.499452891268369e-18,0.0004967193818175997
0.0,0.0005928803298521981,0.0,-0.001070839905663752,2.3797394916643546e-18,0.0004831405376207456
0.0,0.0005360026450449973,0.0,-0.0010338454299645187,2.2354421747168986e-18,0.00046979167787499637
0.0,0.00048012320164080025,0.0,-0.0009974911675502975,2.0998559523435035e-18,0.00045667349014624943
0.0,0.00042524535467319824,0.0,-0.0009617792945380999,2.0997062260713374e-18,0.0004437866652610119
0.0,0.0003713724669691387,0.0,-0.0009267119908127164,2.0310779565034113e-18,0.0004311318993942383
0.0,0.0003185079030221735,0.0,-0.0008922914359862587,1.9127733760774377e-18,0.0004187098925346388
0.0,0.00026665502998399204,0.0,-0.000858519810275407,1.7833720662266732e-18,0.0004065213487275763
0.0,0.00021581722095666278,0.0,-0.0008253992963292572,1.770281853917952e-18,0.00039456697673564186
0.0,0.0001659978503044529,0.0,-0.0007929320765233247,1.6514755849592745e-18,0.00038284748893450266
0.0,0.00011720029731489973,0.0,-0.0007611203351753416,1.5272417168434226e-18,0.00037136360212111294
0.0,6.942794377109984e-05,0.0,-0.000729966257000292,1.4195925597446945e-18,0.0003601160368646751
0.0,2.2684176567505654e-05,0.0,-0.0006994720288624294,1.4065224928071462e-18,0.0003491055180858179
0.0,-2.3027615095240483e-05,0.0,-0.0006696398380209548,1.3290110184614795e-18,0.0003383327743706798
0.0,-6.770404009771858e-05,0.0,-0.0006404718717842642,1.2319336331086191e-18,0.00032779853779669327
0.0,-0.00011134169859339238,0.0,-0.000611970322012385,1.174732092681644e-18,0.0003175035454623656
0.0,-0.00015393719284567675,0.0,-0.0005841373781383238,1.0752866417453875e-18,0.00030744853695317993
0.0,-0.00019548711901887922,0.0,-0.0005569752324377851,1.0353482137875891e-18,0.00029763425613518746
0.0,-0.00023598806864137678,0.0,-0.0005304860791270384,9.208113175238681e-19,0.0002880614508215069
0.0,-0.00027543663237630106,0.0,-0.0005046721119886122,8.533068204510698e-19,0.00027873087179712455
0.0,-0.0003138293952987259,0.0,-0.0004795355273924831,6.584660462181475e-19,0.0002696432738781094
0.0,-0.00035116293977014573,0.0,-0.0004550785224464362,6.369925548050101e-19,0.0002607994151613774
0.0,-0.0003874338444026723,0.0,-0.00043130329581427375,6.13520797957168e-19,0.00025220005726412763
0.0,-0.0004226386844369684,0.0,-0.0004082120472535442,6.246137129619509e-19,0.00024384596509802788
0.0,-0.00045677403132027283,0.0,-0.0003858069781455982,5.945625816096502e-19,0.00023573790698109415
0.0,-0.0004898364528748492,0.0,-0.00036409029127456183,5.650729581123975e-19,0.00022787665446457293
0.0,-0.0005218225143485758,0.0,-0.000343064190283739,5.115544173559621e-19,0.00022026298211450315
0.0,-0.0005527287756145471,0.0,-0.00032273088131833235,4.180925025177489e-19,0.00021289766801126098
0.0,-0.0005825517947381093,0.0,-0.00030309257098651895,3.7592863949988874e-19,0.00020578149292155724
0.0,-0.0006112881252149927,0.0,-0.0002841514678790587,2.9760868674261125e-19,0.00019891524083765714
0.0,-0.000638934318245174,0.0,-0.00026590978147891494,2.4863122226888075e-19,0.00019229969840524937
0.0,-0.0006654869194453253,0.0,-0.00024836972400485305,1.5540230087751862e-19,0.0001859356556160657
0.0,-0.0006909424719995436,0.0,-0.0002315335085003368,1.122046547337263e-19,0.0001798239049999352
0.0,-0.0007152975172035336,0.0,-0.00021540334855025753,5.871496808117623e-20,0.00017396524145061026
0.0,-0.0007385485895812227,0.0,-0.00019998146139341057,2.1379860998464788e-20,0.00016836046325605786
0.0,-0.0007606922219805592,0.0,-0.0001852700648058282,-2.329525679258708e-20,0.00016301037090640184
0.0,-0.0007817249445480137,0.0,-0.00017127137749650212,-7.752491941916036e-20,0.0001579157671801135
0.0,-0.0008016432810869223,0.0,-0.00015798762180103346,-8.613040606595284e-20,0.00015307745800976266
0.0,-0.0008204437550386814,0.0,-0.0001454210195913656,-1.4414001815682433e-19,0.00014849625092529066
0.0,-0.0008381228837640239,0.0,-0.00013357379623728368,-1.8747227539495174e-19,0.0001441729564013684
0.0,-0.0008546771829469127,0.0,-0.00012244817753620952,-2.1130279021181447e-19,0.0001401083866944628
0.0,-0.0008701031639064827,0.0,-0.00011204639170181874,-2.518418668370082e-19,0.00013630335642672402
0.0,-0.0008843973334044727,0.0,-0.00010237066931357902,-2.880880224276704e-19,0.00013275868253449612
0.0,-0.0008975561976510005,0.0,-9.34232409797904e-05,-3.5127044504220426e-19,0.000129475183303915
0.0,-0.0009095762549586051,0.0,-8.52063418315058e-05,-3.8731496723062695e-19,0.00012645367991321287
0.0,-0.0009204540044140327,0.0,-7.772220625768857e-05,-4.2270042803283035e-19,0.00012369499444737225
0.0,-0.0009301859387558162,0.0,-7.097307230292602e-05,-4.493770197037152e-19,0.0001211999514136768
0.0,-0.0009387685476868676,0.0,-6.496117962635729e-05,-5.0110173168703e-19,0.00011896937686892064
0.0,-0.0009461983192743384,0.0,-5.968876866812049e-05,-5.584505237431564e-19,0.0001170040980948599
0.0,-0.0009524717347436512,0.0,-5.515808399719074e-05,-5.8015291838706e-19,0.00011530494463655831
0.0,-0.0009575852748951244,0.0,-5.137137022240409e-05,-6.15624994463537e-19,0.00011387274680760544
0.0,-0.0009615354149182104,0.0,-4.833087532073914e-05,-6.520450402885783e-19,0.00011270833673000455
0.0,-0.0009643186270869297,0.0,-4.603884899117162e-05,-6.843791623678862e-19,0.00011181254771069123
0.0,-0.0009673056790053744,0.0,-4.449555324936242e-05,-7.16969557008163e-19,0.00011118701114179366
0.0,-0.0009665116248323974,0.0,-4.370896617926761e-05,-7.356378735630082e-19,0.00011083026973897434
0.0,-0.0009657674436106267,0.0,-4.355000399453501e-05,-7.44649389702705e-19,0.00011069995945267325
0.0,-0.0009650319164949545,0.0,-4.3541501672308535e-05,-7.156671137194108e-19,0.00011257535379438893
0.0,-0.0009642968595079265,0.0,-4.3655963868687205e-05,-7.534177826672412e-19,0.00012419332718805604
0.0,-0.0009635622758938089,0.0,-4.391579447489066e-05,-8.159113140840308e-19,0.00014735233115225916
0.0,-0.0009628281687563828,0.0,-4.4318447485260874e-05,-8.036490983031468e-19,0.00018187661223727572
0.0,-0.0009620945410600337,0.0,-4.486139640333701e-05,-8.523163939778941e-19,0.00022759130643720295
0.0,-0.0009613613956343317,0.0,-4.554213468846305e-05,-8.826183485642144e-19,0.0002843224390080019
0.0,-0.0009606287351840367,0.0,-4.63581761467745e-05,-9.211898640755494e-19,0.0003518969243206261
0.0,-0.0009598965622895222,0.0,-4.730705528179814e-05,-9.83110239122242e-19,0.0004301425656859188
0.0,-0.0009591648794149352,0.0,-4.838632759097657e-05,-1.0333959843471398e-18,0.0005188880552366082
0.0,-0.0009584336889073217,0.0,-4.9593569835837056e-05,-1.0398728389496669e-18,0.000617962973819791
0.0,-0.0009577029930100817,0.0,-5.092638027021784e-05,-1.0561123857845976e-18,0.0007271977908698841
0.0,-0.0009569727938585001,0.0,-5.238237881868531e-05,-1.0478356114481782e-18,0.0008464238643441629
0.0,-0.0009562430934889968,0.0,-5.395920723547847e-05,-1.076902479716858e-18,0.0009754734406299832
0.0,-0.0009555138938427202,0.0,-5.56545292311624e-05,-1.1699019834182647e-18,0.001114179654491925
0.0,-0.0009547851967656243,0.0,-5.746603055558925e-05,-1.1657817199777486e-18,0.0012623765290092253
0.0,-0.0009540570040154975,0.0,-5.939141906566303e-05,-1.2310344551858458e-18,0.001419898975539637
0.0,-0.0009533293172645785,0.0,-6.142842475812243e-05,-1.2407830567284554e-18,0.001586582793694555
0.0,-0.0009526021381036157,0.0,-6.35747997840175e-05,-1.3595030451296967e-18,0.001762264671309982
0.0,-0.000951875468045052,0.0,-6.582831842747187e-05,-1.3453052143725018e-18,0.0019467821844312196
0.0,-0.0009511493085249609,0.0,-6.818677707478649e-05,-1.4864119091801284e-18,0.0021399737973249343
0.0,-0.0009504236609075012,0.0,-7.064799416026286e-05,-1.3471221627421923e-18,0.0023416788624684845
0.0,-0.0009496985264832031,0.0,-7.320981007991447e-05,-1.454450026224415e-18,0.0025517376205741868
0.0,-0.0009489739064809238,0.0,-7.58700871059865e-05,-1.41023530963142e-18,0.002769991200606714
0.0,-0.0009482498020629213,0.0,-7.862670927034215e-05,-9.974187848543772e-19,0.0029962816198071647
0.0,-0.0009475262143259361,0.0,-8.147758223961757e-05,-8.511485578346611e-19,0.0032304517837373377
0.0,-0.0009468031443121,0.0,-8.442063316883028e-05,-7.916792491588153e-19,0.003472345486307004
0.0,-0.0009460805930043281,0.0,-8.74538105511604e-05,-9.981333720020695e-19,0.003721807409828597
0.0,-0.0009453585613313012,0.0,-9.057508404690905e-05,-1.0997863210982803e-18,0.003978683125072856
0.0,-0.0009446370501691725,0.0,-9.378244430278959e-05,-1.013237487819223e-18,0.004242819091311548
0.0,-0.0009439160603410754,0.0,-9.707390275917474e-05,-1.2758026556447065e-18,0.004514062656392817
0.0,-0.00094319559262529,0.0,-0.00010044749145839225,-1.303926923382059e-18,0.004792262056798869
0.0,-0.000942475647749387,0.0,-0.00010390126282911133,-1.5317460912472928e-18,0.005077266417723416
0.0,-0.000941756226398853,0.0,-0.0001074332894723186,-1.3427204049451096e-18,0.005368925753129911
0.0,-0.0009410373292166874,0.0,-0.0001110416639320622,-1.6048694977772535e-18,0.005667090965848469
0.0,-0.0009403189568003983,0.0,-0.00011472449847548319,-1.2438453667173937e-18,0.005971613847639186
0.0,-0.0009396011097140763,0.0,-0.00011847992484651524,-1.4559142767811464e-18,0.006282347079283854
0.0,-0.0009388837884767715,0.0,-0.00012230609402912518,-1.2731977698197753e-18,0.006599144230668628
0.0,-0.0009381669935765655,0.0,-0.00012620117600342824,-1.4354448117965594e-18,0.006921859760868842
0.0,-0.0009374507254615166,0.0,-0.00013016335949341462,-1.773599815245443e-18,0.007250349018245769
0.0,-0.0009367349845501929,0.0,-0.00013419085171446085,-1.746321631288659e-18,0.007584468240525679
0.0,-0.00093601977122406,0.0,-0.00013828187812099614,-8.155249271114696e-19,0.007924074554906454
0.0,-0.0009353050858383477,0.0,-0.00014243468214726,-6.263924261305531e-19,0.008269025978139341
0.0,-0.0009345909287164916,0.0,-0.00014664752495128618,2.416178192613486e-19,0.008619181416631372
0.0,-0.0009338773001506262,0.0,-0.000150918685148885,4.180062236349166e-19,0.008974400666533164
0.0,-0.0009331642004091548,0.0,-0.00015524645856254335,6.083460558787858e-19,0.00933454441384628
0.0,-0.0009324516297303242,0.0,-0.00015962915795211374,7.007364684710411e-19,0.009699474234509668
0.0,-0.000931739588330989,0.0,-0.00016406511276215912,2.6950191062323866e-19,0.01006905259449136
0.0,-0.0009310280763983464,0.0,-0.00016855266885422784,-1.0774938529442575e-18,0.010443142849906554
0.0,-0.0009303170941026492,0.0,-0.00017309018825784842,-6.010781672974182e-19,0.010821609247085797
0.0,-0.000929606641584077,0.0,-0.00017767604890624481,-2.629583187010119e-19,0.011204316922689625
0.0,-0.0009288967189674813,0.0,-0.00018230864437995126,-7.147154270690226e-19,0.011591131903794374
0.0,-0.0009281873263549331,0.0,-0.000186986383661796,-4.9999087418439415e-19,0.011981921107987709
0.0,-0.0009274784638269654,0.0,-0.00019170769087605835,-6.321855223569426e-19,0.012376552343464452
0.0,-0.0009267701314461946,0.0,-0.00019647100504477898,-4.784190734602594e-19,0.012774894309108963
0.0,-0.0009260623292565578,0.0,-0.00020127477984144227,-1.3599809461048848e-18,0.01317681659459568
0.0,-0.0009253550572850128,0.0,-0.00020611748335086066,-9.194909647139298e-19,0.013582189680470494
0.0,-0.0009246483155386162,0.0,-0.0002109975978218737,-7.786617017749008e-20,0.013990884938238784
0.0,-0.0009239421040133297,0.0,-0.00021591361944276865,-1.7555194539022953e-18,0.01440277463044934
0.0,-0.0009232364226869141,0.0,-0.00022086405809975968,-2.6012406433153843e-18,0.014817731910780417
0.0,-0.0009225312715211986,0.0,-0.00022584743715453517,-2.739792371234835e-18,0.015235630824116459
0.0,-0.000921826650463059,0.0,-0.00023086229321831212,-3.038200090449238e-18,0.015656346306628828
0.0,-0.0009211225594484285,0.0,-0.00023590717593334302,-3.991222569249384e-18,0.016079754185846604
0.0,-0.0009204189983976485,0.0,-0.00024098064775904607,-3.2054807298555834e-18,0.01650573118074137
0.0,-0.0009197159672188759,0.0,-0.00024608128375560147,-3.2414718607915532e-18,0.01693415490177685
0.0,-0.0009190134658066257,0.0,-0.00025120767138712844,-2.4736439138697094e-18,0.017364903851007574
0.0,-0.0009183114940479603,0.0,-0.00025635841031457435,-2.0737121316791293e-18,0.017797857422112963
0.0,-0.000917610051814885,0.0,-0.0002615321121987903,-2.0828528219312072e-18,0.0182328959004785
0.0,-0.0009169091389695308,0.0,-0.00026672740051853676,-2.287953699944256e-18,0.0186699004632463
0.0,-0.0009162087553633014,0.0,-0.0002719429103735459,-2.7568394785219544e-18,0.0191087531793811
0.0,-0.0009155089008394679,0.0,-0.00027717728831317843,-4.525392414750317e-18,0.0195493370097117
0.0,-0.0009148095752293528,0.0,-0.0002824291921541978,-3.364782682368737e-18,0.019991535806983176
0.0,-0.0009141107783567359,0.0,-0.0002876972908167552,-3.0809677288133246e-18,0.020435234315912855
0.0,-0.000913412510036099,0.0,-0.000292980264156301,-7.313949289506749e-18,0.020880318173221068
0.0,-0.0009127147700722094,0.0,-0.00029827680280634363,-5.7595803783460675e-18,0.021326673907678482
0.0,-0.0009120175582629578,0.0,-0.00030358560802429485,-6.319842626854665e-18,0.021774188940138883
0.0,-0.0009113208744005591,0.0,-0.0003089053915463209,-6.023485524013181e-18,0.022222751583575645
0.0,-0.0009106247182657443,0.0,-0.00031423487543944147,-6.154679310769978e-18,0.022672251043106585
0.0,-0.0009099290896349491,0.0,-0.00031957279196896194,-6.635194835191498e-18,0.023122577416025185
0.0,-0.0009092339882773928,0.0,-0.00032491788347073025,-6.793654601660658e-18,0.02357362169181581
0.0,-0.000908539413953649,0.0,-0.0003302689022146835,-7.853124166855283e-18,0.02402527575217967
0.0,-0.0009078453664207592,0.0,-0.00033562461029592976,-6.976021266699205e-18,0.024477432371049268
0.0,-0.0009071518454285485,0.0,-0.00034098377951392476,-7.001691553632717e-18,0.024929985214593633
0.0,-0.0009064588507208954,0.0,-0.00034634519126644243,-7.23767005551199e-18,0.025382828841233315
0.0,-0.0009057663820361619,0.0,-0.0003517076364435087,-7.52235308947663e-18,0.025835858701642296
0.0,-0.0009050744391057713,0.0,-0.0003570699153336108,-6.0486520809102456e-18,0.026288971138750877
0.0,-0.0009043830216603002,0.0,-0.0003624308375267406,-5.985050619435354e-18,0.02674206338774366
0.0,-0.0009036921294222552,0.0,-0.0003677892218303747,-1.0860746867674447e-18,0.02719503357604816
0.0,-0.000903001762108592,0.0,-0.000373143896185714,-1.3908564880014084e-18,0.027647780723332637
0.0,-0.000902311919435031,0.0,-0.0003784936975928092,-3.036505879230219e-18,0.02810020474148968
0.0,-0.0009016226011112904,0.0,-0.0003838374720388986,-2.8576914154927518e-18,0.028552206434621332
0.0,-0.0009009338068426687,0.0,-0.00038917407443402703,-2.7599432839396507e-18,0.029003687499023365
0.0,-0.0009002455363307099,0.0,-0.00039450236854485926,-3.9930121116417714e-18,0.02945455052315304
0.0,-0.0008995577892720458,0.0,-0.00039982122694881073,-7.392834793975413e-18,0.029904698987617093
0.0,-0.0008988705653639531,0.0,-0.00040512953097298146,-8.145169578953597e-18,0.030354037265125977
0.0,-0.0008981838642938139,0.0,-0.00041042617065336923,-7.694784784815437e-18,0.03080247062048372
0.0,-0.0008974976857511197,0.0,-0.00041571004469853493,-8.587586106349093e-18,0.0312499052105323
0.0,-0.0008968120294195261,0.0,-0.0004209800604414041,-7.66855516975388e-18,0.03169624808412245
0.0,-0.0008961268949799206,0.0,-0.00042623513382329756,-7.051309740673253e-18,0.032141407182076365
0.0,-0.0008954422821109628,0.0,-0.0004314741893531476,-8.24965580148486e-18,0.032585291337142434
0.0,-0.0008947581904891755,0.0,-0.00043669616009379573,-9.203738440973545e-18,0.03302781027394084
0.0,-0.0008940746197861268,0.0,-0.00044189998764385596,-8.479040267585217e-18,0.03346887460892753
0.0,-0.0008933915696720598,0.0,-0.00044708462211898127,-1.0233244068402673e-17,0.033908395850333166
0.0,-0.000892709039815906,0.0,-0.00045224902214907126,-1.0505401359417053e-17,0.03434628639811875
0.0,-0.0008920270298840918,0.0,-0.0004573921548695014,-1.0899978288397628e-17,0.034782459543902786
0.0,-0.000891345539536112,0.0,-0.0004625129959205231,-1.1788776332378866e-17,0.0352168294709284
0.0,-0.0008906645684368455,0.0,-0.0004676105294534683,-1.230214632099379e-17,0.03564931125397569
0.0,-0.0008899841162457317,0.0,-0.00047268374813209165,-1.3151876586747824e-17,0.03607982085931851
0.0,-0.0008893041826173176,0.0,-0.0004777316531520662,-1.5252363551868297e-17,0.03650827514465454
0.0,-0.0008886247672097794,0.0,-0.00048275325424171085,-1.799001489286199e-17,0.036934591859033486
0.0,-0.0008879458696747083,0.0,-0.00048774756969867817,-1.799398078695574e-17,0.037358689642797954
0.0,-0.000887267489665125,0.0,-0.0004927136263927472,-1.823665942558944e-17,0.03778048802750466
0.0,-0.000886589626830199,0.0,-0.0004976504598029172,-1.915911637545516e-17,0.03819990743586288
0.0,-0.0008859122808205361,0.0,-0.0005025571140403959,-2.064559901163647e-17,0.03861686918165113
0.0,-0.0008852354512824748,0.0,-0.0005074326418794146,-2.11323119776461e-17,0.039031295469652755
0.0,-0.0008845591378637274,0.0,-0.0005122761047965533,-2.2308725131175262e-17,0.03944310939557493
0.0,-0.0008838833402076834,0.0,-0.0005170865729987634,-2.4522810088471356e-17,0.039852234945978594
0.0,-0.0008832080579553661,0.0,-0.0005218631254739889,-2.783606253998532e-17,0.04025859699818935
0.0,-0.0008825332907540645,0.0,-0.000526604850024212,-2.915257790314027e-17,0.04066212132023089
0.0,-0.0008818590382405969,0.0,-0.0005313108433176216,-2.8530113274254286e-17,0.04106273457074167
0.0,-0.0008811853000563197,0.0,-0.0005359802109321573,-3.0288297827364333e-17,0.0414603642988985
0.0,-0.0008805120758415483,0.0,-0.0005406120674071721,-3.39145196738176e-17,0.04185493894432405
0.0,-0.0008798393652324696,0.0,-0.0005452055362967002,-3.590511393837004e-17,0.04224638783702689
0.0,-0.0008791671678666305,0.0,-0.0005497597502201255,-3.733202380363072e-17,0.04263464119730415
0.0,-0.0008784954833800027,0.0,-0.0005542738509244803,-3.6326943394404355e-17,0.04301963013566243
0.0,-0.0008778243114091755,0.0,-0.0005587469893398164,-3.674229233297314e-17,0.04340128665274842
0.0,-0.0008771536515881501,0.0,-0.0005631783256374889,-3.645328296082957e-17,0.043779543639244446
0.0,-0.0008764835035491025,0.0,-0.0005675670292958701,-3.417093189664475e-17,0.04415433487581764
0.0,-0.0008758138669272622,0.0,-0.0005719122791647733,-3.3929455184580654e-17,0.04452559503301271
0.0,-0.0008751447413545971,0.0,-0.0005762132635237002,-3.2793782855424333e-17,0.04489325967117983
0.0,-0.00087447612646218,0.0,-0.0005804691801607502,-3.252095089299638e-17,0.04525726524040252
0.0,-0.000873808021881306,0.0,-0.0005846792364265336,-3.4361324276585166e-17,0.04561754908040572
0.0,-0.0008731404272429716,0.0,-0.0005888426493160983,-3.462649703055974e-17,0.0459740494204814
0.0,-0.0008724733421775627,0.0,-0.0005929586455308733,-3.5160673202462045e-17,0.04632670537940744
0.0,-0.0008718067663146187,0.0,-0.0005970264615538152,-3.3359177557560174e-17,0.04667545696537892
0.0,-0.0008711406992828394,0.0,-0.0006010453437243894,-2.801592111839796e-17,0.04702024507591128
0.0,-0.0008704751407123956,0.0,-0.0006050145483028116,-2.777551507203473e-17,0.047361011497790706
0.0,-0.0008698100902297945,0.0,-0.0006089333415536281,-2.8183468043552725e-17,0.04769769890697034
0.0,-0.000869145547463937,0.0,-0.0006128009998196101,-1.927117385022868e-17,0.04803025086851915
0.0,-0.0008684815120417536,0.0,-0.0006166168095890451,-2.171850323507538e-17,0.04835861183653654
0.0,-0.0008678179835921729,0.0,-0.000620380067581651,-2.2363749445506155e-17,0.048682727154081465
0.0,-0.0008671549617410776,0.0,-0.0006240900808186295,-2.326291043612264e-17,0.049002543053104294
0.0,-0.0008664924461138923,0.0,-0.0006277461667013725,-2.2608010423913642e-17,0.04931800665438086
0.0,-0.0008658304363392128,0.0,-0.0006313476530876321,-1.9186315558339165e-17,0.04962906596743647
0.0,-0.000865168932042984,0.0,-0.0006348938783704368,-1.9655096477734748e-17,0.04993566989048117
0.0,-0.0008645079328511718,0.0,-0.0006383841915521687,-2.0718619706519562e-17,0.05023776821035776
0.0,-0.000863847438387827,0.0,-0.000641817952324519,-1.995736934541121e-17,0.050535311602458534
0.0,-0.0008631874482798799,0.0,-0.0006451945311456058,-1.7614253845101215e-17,0.05082825163067706
0.0,-0.0008625279621529147,0.0,-0.0006485133093164061,-1.5986780793270733e-17,0.05111654074734094
0.0,-0.0008618689796326337,0.0,-0.0006517736790555085,-1.6054719417528112e-17,0.051400132293171086
0.0,-0.0008612105003426435,0.0,-0.0006549750435787985,-1.7735893793041964e-17,0.051678980497195555
0.0,-0.000860552523909229,0.0,-0.0006581168171751668,-1.9503305061993607e-17,0.05195304047672452
0.0,-0.0008598950499593763,0.0,-0.0006611984252817113,-1.867230639349523e-17,0.052222268237275084
0.0,-0.0008592380781153805,0.0,-0.0006642193045605063,-2.845949609666925e-17,0.052486620672543984
0.0,-0.0008585816080020625,0.0,-0.0006671789029710153,-2.7731724866180354e-17,0.05274605556432872
0.0,-0.000857925639245305,0.0,-0.0006700766798465796,-2.823897710067477e-17,0.053000531582522804
0.0,-0.0008572701714686104,0.0,-0.0006729121059708314,-2.6382449276045756e-17,0.053250008285021695
0.0,-0.0008566152042985692,0.0,-0.0006756846636426289,-2.541171183170251e-17,0.05349444611772614
0.0,-0.0008559607373591557,0.0,-0.000678393846757404,-2.5711719379002386e-17,0.05373380641447122
0.0,-0.0008553067702753298,0.0,-0.0006810391608751453,-2.6600780087432824e-17,0.05396805139700266
0.0,-0.0008546533026726269,0.0,-0.0006836201232900793,-2.2998904568741247e-17,0.054197144174935374
0.0,-0.0008540003341742999,0.0,-0.0006861362631027717,-1.662019075637349e-17,0.05442104874573284
0.0,-0.0008533478644046563,0.0,-0.000688587121287242,-1.868054683439149e-17,0.054639729994643844
0.0,-0.0008526958929914244,0.0,-0.0006909722507616131,-2.0150407359396537e-17,0.05485315369471975
0.0,-0.0008520444195579263,0.0,-0.0006932912164511994,-2.093296067458557e-17,0.05506128650673613
0.0,-0.0008513934437277756,0.0,-0.0006955435953598741,-1.9981887260247002e-17,0.055264095979209185
0.0,-0.0008507429651284301,0.0,-0.0006977289766309262,-2.0012034443098006e-17,0.055461550548364984
0.0,-0.0008500929833846205,0.0,-0.0006998469616134487,-1.844425357707792e-17,0.05565361953808941
0.0,-0.0008494434981206611,0.0,-0.0007018971639195393,-7.005796203550046e-18,0.05584027315994805
0.0,-0.0008487945089619767,0.0,-0.0007038792094965379,-7.358974717050326e-18,0.05602148251315606
0.0,-0.0008481460155343942,0.0,-0.0007057927366746347,-8.822418311641054e-18,0.056197219584550005
0.0,-0.0008474980174636992,0.0,-0.0007076373962368095,-1.0678788113333053e-17,0.056367457248608484
0.0,-0.000846850514375587,0.0,-0.0007094128514690268,-1.0918229324102145e-17,0.0565321692674015
0.0,-0.0008462035058954542,0.0,-0.0007111187782213976,-1.1089567338419663e-17,0.05669133029063171
0.0,-0.000845556991648462,0.0,-0.0007127548649586085,-1.2467787589398155e-17,0.05684491585558445
0.0,-0.0008449109712616032,0.0,-0.0007143208128180061,-1.41264741606944e-17,0.0569929023871488
0.0,-0.0008442654443609615,0.0,-0.0007158163356608752,-1.3629617002103044e-17,0.057135267197822914
0.0,-0.0008436204105738976,0.0,-0.0007172411601218537,-1.2755905167436726e-17,0.05727198848769645
0.0,-0.0008429758695256626,0.0,-0.0007185950256574888,-2.5169732320421025e-17,0.057403045344467524
0.0,-0.0008423318208440889,0.0,-0.0007198776845997105,-2.2760236447739048e-17,0.05752841774344635
0.0,-0.0008416882641552534,0.0,-0.0007210889021942602,-2.4835968535687544e-17,0.05764808654756276
0.0,-0.0008410451990848236,0.0,-0.0007222284566508461,-2.787069357675595e-17,0.0577620335073757
0.0,-0.0008404026252621447,0.0,-0.0007232961391865473,-2.7553719175561802e-17,0.05787024126109026
0.0,-0.0008397605423135918,0.0,-0.0007242917540652525,-2.5638826086326034e-17,0.05797269333455889
0.0,-0.0008391189498660398,0.0,-0.0007252151186388483,-2.3802424917141798e-17,0.05806937414131998
0.0,-0.0008384778475478555,0.0,-0.000726066063385193,-2.3540329986874444e-17,0.05816026898258918
0.0,-0.0008378372349874333,0.0,-0.0007268444319485977,-2.4909674864863484e-17,0.058245364047310115
0.0,-0.0008371971118118632,0.0,-0.0007275500811691257,-2.179741264249027e-17,0.05832464641214398
0.0,-0.0008365574776505943,0.0,-0.0007281828811199281,-2.2485938412824277e-17,0.05839810404152927
0.0,-0.0008359183321310013,0.0,-0.000728742715141939,-2.2327988747936324e-17,0.05846572578766484
0.0,-0.0008352796748826996,0.0,-0.0007292294798664899,-1.826971960430096e-17,0.058527501390581826
0.0,-0.0008346415055340353,0.0,-0.000729643085251325,-1.6305915511218064e-17,0.05858342147814436
0.0,-0.0008340038237125216,0.0,-0.0007299834546016523,-1.6092145931634057e-17,0.0586334775660904
0.0,-0.0008333666290510217,0.0,-0.0007302505246020189,-1.883676050354992e-17,0.0586776620580664
0.0,-0.0008327299211754735,0.0,-0.0007304442453310021,-2.4166783459613583e-17,0.058715968245650375
0.0,-0.0008320936997190595,0.0,-0.0007305645802913483,-1.9946992729235203e-17,0.05874839030840682
0.0,-0.0008314579643091402,0.0,-0.0007306115064209867,-1.7837203402477548e-17,0.058774923313918113
0.0,-0.0008308227145779543,0.0,-0.0007305850141193604,-1.7465482174516875e-17,0.05879556321780304
0.0,-0.0008301879501531051,0.0,-0.0007304851072578663,-1.5726536841750973e-17,0.05881030686379467
0.0,-0.000829553670667782,0.0,-0.0007303118031970611,-1.6569480375574518e-17,0.05881915198375477
0.0,-0.0008289198757507679,0.0,-0.0007300651327968356,-1.7567092073362348e-17,0.05882209719772237
0.0,-0.0008282865650344751,0.0,-0.0007297451404285158,-1.7553339440429152e-17,0.058819142013963835
0.0,-0.0008276537381501151,0.0,-0.0007293518839818129,-1.610639527129056e-17,0.0588102868290266
0.0,-0.00082702139472874,0.0,-0.0007288854348740776,-1.825054634438284e-17,0.0587955329277752
0.0,-0.0008263895344029284,0.0,-0.00072834587805167,-2.2872033926390364e-17,0.05877488248341855
0.0,-0.0008257581568027611,0.0,-0.0007277333119964505,-2.367925010778558e-17,0.05874833855762622
0.0,-0.0008251272615628011,0.0,-0.0007270478487274798,-2.3877558690984436e-17,0.05871590510051372
0.0,-0.0008244968483134066,0.0,-0.0007262896137902163,-2.237438385579162e-17,0.05867758695070149
0.0,-0.0008238669166903828,0.0,-0.0007254587462697576,-2.1235491093927727e-17,0.05863338983541606
0.0,-0.0008232374663242198,0.0,-0.0007245553987712176,-1.9533895292227077e-17,0.058583320370491104
0.0,-0.000822608496848086,0.0,-0.0007235797374210496,-1.8000918283073086e-17,0.058527386060462136
0.0,-0.0008219800078968567,0.0,-0.00072253194185673,-1.771916958341777e-17,0.05846559529857826
0.0,-0.0008213519991028401,0.0,-0.0007214122052123123,-1.7494353167066397e-17,0.058397957366916504
0.0,-0.0008207244701010641,0.0,-0.0007202207341125498,-2.1868520943327827e-17,0.0583244824363681
0.0,-0.0008200974205253078,0.0,-0.0007189577486494459,-2.2311291408550214e-17,0.05824518156676824
0.0,-0.0008194708500101205,0.0,-0.0007176234823727773,-2.2713689548236904e-17,0.05816006670690501
0.0,-0.0008188447581892674,0.0,-0.0007162181822665487,-2.0184474407108602e-17,0.05806915069458066
0.0,-0.0008182191446992199,0.0,-0.0007147421087319436,-1.898185878631464e-17,0.05797244725672686
0.0,-0.0008175940091746936,0.0,-0.0007131955355593864,-1.7589976062495008e-17,0.057869971009373085
0.0,-0.0008169693512508833,0.0,-0.0007115787499079747,-1.6952752607281922e-17,0.057761737457792284
0.0,-0.0008163451705621647,0.0,-0.0007098920522758125,-1.704533448045669e-17,0.05764776299650006
0.0,-0.0008157214667470075,0.0,-0.0007081357564708425,-1.0486310490958503e-17,0.05752806490936154
0.0,-0.0008150982394400444,0.0,-0.0007063101895833273,-9.195087163445872e-18,0.05740266136961983
0.0,-0.0008144754882777813,0.0,-0.0007044156919475155,-3.916319155698339e-18,0.05727157143996399
0.0,-0.0008138532128974391,0.0,-0.0007024526171100843,-3.9208430360089155e-18,0.057134815072608536
0.0,-0.0008132314129356485,0.0,-0.0007004213317897672,-3.9300026408833495e-18,0.05699241310933395
0.0,-0.0008126100880318579,0.0,-0.0006983222158429183,-3.0613263348886525e-18,0.056844387281565906
0.0,-0.0008119892378200058,0.0,-0.0006961556622140843,-3.308758426230894e-18,0.05669076021039466
0.0,-0.0008113688619393392,0.0,-0.0006939220769020418,-3.135787178468024e-18,0.0565315554067201
0.0,-0.0008107489600287787,0.0,-0.0006916218789063035,-6.52224486305071e-19,0.0563667972711994
0.0,-0.0008101295317245252,0.0,-0.000689255500184535,-2.2386631026745037e-18,0.05619651109442095
0.0,-0.000809510576667137,0.0,-0.0006868233855982938,-1.6425475015084417e-18,0.0560207230568798
0.0,-0.0008088920944961039,0.0,-0.0006843259928706611,-5.563586484424778e-19,0.05583946022907559
0.0,-0.0008082740848470507,0.0,-0.0006817637925193697,5.035680750138046e-19,0.05565275057159447
0.0,-0.0008076565473627909,0.0,-0.0006791372678100177,-3.117536081423021e-18,0.05546062293509288
0.0,-0.0008070394816812529,0.0,-0.0006764469146973869,-2.996214710028453e-18,0.05526310706043884
0.0,-0.0008064228874417947,0.0,-0.0006736932417629716,-2.084648660442898e-18,0.05506023357871645
0.0,-0.000805806764285745,0.0,-0.0006708767701569377,-1.1681182909075454e-18,0.05485203401131661
0.0,-0.000805191111853433,0.0,-0.000667998033528062,-5.225220609523718e-19,0.054638540769976096
0.0,-0.0008045759297852645,0.0,-0.0006650575779665277,-4.0900543012049574e-19,0.05441978715680935
0.0,-0.0008039612177208125,0.0,-0.0006620559619287835,1.984599095526988e-19,0.05419580736444418
0.0,-0.0008033469753029043,0.0,-0.0006589937561706804,6.929176792445592e-19,0.0539666364759587
0.0,-0.000802733202173167,0.0,-0.00065587154367959,-1.7039156250633856e-18,0.053732310465066546
0.0,-0.0008021198979713332,0.0,-0.0006526899195921825,-1.4565938386689826e-18,0.053492866196026265
0.0,-0.0008015070623418816,0.0,-0.0006494494911284383,-2.4531572463531652e-18,0.0532483414238536
0.0,-0.000800894694924989,0.0,-0.0006461508775052129,-2.2406311822872652e-18,0.05299877479420858
0.0,-0.0008002827953646555,0.0,-0.0006427947098651817,-2.813654633063542e-18,0.052744205843579646
0.0,-0.0007996713633023553,0.0,-0.0006393816311891919,-3.0528709873722694e-18,0.05248467499924454
0.0,-0.0007990603983818734,0.0,-0.0006359122962175711,-2.6458670251136934e-18,0.05222022357936244
0.0,-0.0007984499002462453,0.0,-0.0006323873713613305,-2.0980037841268023e-18,0.05195089379302344
0.0,-0.0007978398685382498,0.0,-0.0006288075346189579,-2.456079409391449e-18,0.05167672874023816
0.0,-0.000797230302903261,0.0,-0.0006251734754837447,-1.933820115768343e-18,0.05139777241206643
0.0,-0.0007966212029845848,0.0,-0.0006214858948584943,-2.6615977271465984e-18,0.05111406969057572
0.0,-0.0007960125684260272,0.0,-0.0006177455049573106,-3.1561381022610018e-18,0.050825666348941916
0.0,-0.0007954043988737322,0.0,-0.0006139530292155625,-2.1012570140384492e-18,0.05053260905148277
0.0,-0.0007947966939706938,0.0,-0.0006101092021937272,-1.6964820995651267e-18,0.05023494535366257
0.0,-0.0007941894533634794,0.0,-0.0006062147694765663,-1.9565193699100752e-18,0.049932723702140476
0.0,-0.0007935826766966927,0.0,-0.000602270487577715,-1.8672758403109966e-18,0.04962599343483377
0.0,-0.0007929763636148335,0.0,-0.0005982771238377026,-2.2860904515369725e-18,0.04931480478094116
0.0,-0.0007923705137674736,0.0,-0.0005942354563174719,-2.0531452316305943e-18,0.04899920886094262
0.0,-0.000791765126798176,0.0,-0.000590146273701822,-2.4530775260970925e-18,0.04867925768668226
0.0,-0.0007911602023530362,0.0,-0.0005860103751802598,-2.0523368115688553e-18,0.04835500416133223
0.0,-0.0007905557400813834,0.0,-0.0005818285703575743,-2.0989831504574267e-18,0.04802650207954129
0.0,-0.0007899517396266487,0.0,-0.0005776016791241368,-1.517822345689817e-17,0.047693806127255274
0.0,-0.0007893482006386746,0.0,-0.0005733305315625363,-1.4800102378193357e-17,0.0473569718820131
0.0,-0.0007887451227643061,0.0,-0.0005690159678223216,-1.5337625260443983e-17,0.04701605581267813
0.0,-0.0007881425056521368,0.0,-0.0005646588380170598,-1.5018845337594627e-17,0.04667111527975515
0.0,-0.0007875403489478253,0.0,-0.000560260002094334,-1.441662688596678e-17,0.04632220853512672
0.0,-0.0007869386523012833,0.0,-0.0005558203297338802,-1.452911448805481e-17,0.045969394722284174
0.0,-0.000786337415361632,0.0,-0.0005513407002195828,-1.3885990908470427e-17,0.04561273387624888
0.0,-0.00078573663777666,0.0,-0.0005468220023220024,-1.2380120869894177e-17,0.04525228692360148
0.0,-0.0007851363191954536,0.0,-0.0005422651341766647,-1.0742369482221452e-17,0.04488811568250699
0.0,-0.0007845364592696177,0.0,-0.0005376710031630896,-1.0068744037939328e-17,0.04452028286270243
0.0,-0.0007839370576450885,0.0,-0.0005330405257748076,-9.615404222454113e-18,0.04414885206550814
0.0,-0.0007833381139744355,0.0,-0.0005283746275025856,-8.357497594160819e-18,0.04377388778393644
0.0,-0.0007827396279080912,0.0,-0.0005236742426996774,-7.93993138000665e-18,0.04339545540250065
0.0,-0.0007821415990950167,0.0,-0.0005189403144564863,-7.416976322176337e-18,0.043013621197357986
0.0,-0.0007815440271857071,0.0,-0.0005141737944710254,-7.107871397967393e-18,0.04262845233635406
0.0,-0.0007809469118319132,0.0,-0.0005093756429217753,-8.613571595760401e-18,0.04224001687889335
0.0,-0.0007803502526862321,0.0,-0.0005045468283287921,-8.559251013200914e-18,0.04184838377598113
0.0,-0.0007797540493980973,0.0,-0.0004996883274243173,-8.24319083585906e-18,0.04145362287031398
0.0,-0.000779158301620668,0.0,-0.0004948011250206926,-7.769045275837961e-18,0.04105580489614094
0.0,-0.0007785630090045084,0.0,-0.0004898862138728883,-7.66891261237166e-18,0.04065500147935264
0.0,-0.0007779681712029793,0.0,-0.00048494459453976547,-7.276633591508008e-18,0.04025128513742267
0.0,-0.0007773737878682963,0.0,-0.00047997727525292194,-6.553254037061981e-18,0.039844729279415306
0.0,-0.0007767798586526542,0.0,-0.00047498527177424203,-5.6335732296392645e-18,0.03943540820599859
0.0,-0.0007761863832109334,0.0,-0.0004699696072577547,-5.453318463600019e-18,0.03902339710941096
0.0,-0.0007755933611943849,0.0,-0.00046493131210594897,-4.523636983085206e-18,0.03860877207340306
0.0,-0.000775000792258472,0.0,-0.000459871423836486,-4.31135622520692e-18,0.0381916100733217
0.0,-0.0007744086760572144,0.0,-0.00045479098693577925,-3.914672785424323e-18,0.037771988975999024
0.0,-0.0007738170122420368,0.0,-0.0004496910527133082,-3.855250126891433e-18,0.037349987539802745
0.0,-0.000773225800470255,0.0,-0.0004445726791691795,-3.5664901786999696e-18,0.03692568541457513
0.0,-0.0007726350403948548,0.0,-0.00043943693083836177,-3.4301581026789005e-18,0.036499163141572866
0.0,-0.0007720447316702586,0.0,-0.0004342848786547738,-3.1396898266609808e-18,0.03607050215358632
0.0,-0.0007714548739539348,0.0,-0.000429117599800606,-3.2030472634162278e-18,0.035639784774759264
0.0,-0.0007708654668990914,0.0,-0.00042393617756481374,-3.1103571382405053e-18,0.03520709422060758
0.0,-0.0007702765101632522,0.0,-0.0004187417011992929,-2.413164884366324e-18,0.03477251459810477
0.0,-0.0007696880034016099,0.0,-0.0004135352657653338,-2.466593138743624e-18,0.034336130905440174
0.0,-0.0007690999462697523,0.0,-0.0004083179719936861,-2.540539591039976e-18,0.03389802903218264
0.0,-0.0007685123384243223,0.0,-0.00040309092613603856,-2.4450072019440316e-18,0.03345829575917757
0.0,-0.0007679251795242245,0.0,-0.0003978552398184456,-4.8627381861021216e-18,0.033017018758449646
0.0,-0.0007673384692237842,0.0,-0.00039261202989217606,-4.573293512312115e-18,0.03257428659331105
0.0,-0.0007667522071811636,0.0,-0.0003873624182894821,-4.934542768137528e-18,0.03213018871817781
0.0,-0.0007661663930533871,0.0,-0.00038210753187684294,-5.0839948108298386e-18,0.03168481547865277
0.0,-0.000765581026499984,0.0,-0.0003768485023045126,-5.1181379104664725e-18,0.031238258111389958
0.0,-0.000764996107177035,0.0,-0.00037158646586428045,-4.914535196422396e-18,0.030790608744185672
0.0,-0.0007644116347437155,0.0,-0.0003663225633377585,-5.050114397584374e-18,0.03034196039576189
0.0,-0.0007638276088593604,0.0,-0.0003610579398579312,-5.034820340678506e-18,0.02989240697587414
0.0,-0.0007632440291822848,0.0,-0.0003557937447543091,-5.1747313834411204e-18,0.02944204328523947
0.0,-0.0007626608953707134,0.0,-0.00035053113141447724,-4.639397564177166e-18,0.028990965015464432
0.0,-0.0007620782070862364,0.0,-0.00034527125713760686,-4.291387808107962e-18,0.02853926874900023
0.0,-0.0007614959639847957,0.0,-0.000340015282984851,-4.255794888878039e-18,0.028087051959076903
0.0,-0.0007609141657300769,0.0,-0.0003347643736461043,-2.9070378308346105e-18,0.027634413009830827
0.0,-0.000760332811979722,0.0,-0.0003295196972884851,-2.8016609806696122e-18,0.02718145115599995
0.0,-0.0007597519023949048,0.0,-0.0003242824254213793,-2.660592206418753e-18,0.026728266543017278
0.0,-0.0007591714366370905,0.0,-0.00031905373274851326,-2.3137345282426406e-18,0.026274960207065243
0.0,-0.000758591414367106,0.0,-0.0003138347970333803,-1.9937923626027626e-18,0.025821634074766633
0.0,-0.0007580118352441892,0.0,-0.00030862679896044836,-2.0870920103313564e-18,0.02536839096344474
0.0,-0.0007574326989318036,0.0,-0.0003034309219961005,-2.268218714511457e-18,0.024915334580852988
0.0,-0.0007568540050896938,0.0,-0.0002982483522527492,-2.1458891534750903e-18,0.024462569525149136
0.0,-0.0007562757533827111,0.0,-0.00029308027835616476,-1.9095291002958743e-18,0.024010201285050086
0.0,-0.0007556979434704819,0.0,-0.0002879278913098988,-1.8799786234375445e-18,0.023558336239478322
0.0,-0.0007551205750171777,0.0,-0.00028279238436792467,-1.7263809402006382e-18,0.0231070816577615
0.0,-0.0007545436476850687,0.0,-0.00027767495290022585,-1.4563444569314097e-18,0.022656545699533064
0.0,-0.0007539671611358906,0.0,-0.00027257679426719483,-8.833163503576725e-19,0.022206837414573903
0.0,-0.0007533911150351819,0.0,-0.0002674991076965052,-9.239570655771289e-19,0.02175806674291164
0.0,-0.0007528155090431379,0.0,-0.0002624430941533548,-8.397533850971655e-19,0.021310344514646785
0.0,-0.00075224034282622,0.0,-0.0002574099562266529,-9.580319061433144e-19,0.020863782450008687
0.0,-0.0007516656160476906,0.0,-0.000252400898002625,-8.948986543608334e-19,0.020418493159299125
0.0,-0.0007510913283723317,0.0,-0.0002474171249507329,-6.420462285420384e-19,0.01997459014273998
0.0,-0.000750517479464044,0.0,-0.00024245984381224338,-7.434397612989646e-19,0.019532187790634405
0.0,-0.0007499440689875195,0.0,-0.0002375302624794027,-7.278102944113283e-19,0.019091401383066576
0.0,-0.0007493710966073874,0.0,-0.0002326295898997274,-8.73289662533842e-19,0.018652347090038345
0.0,-0.0007487985619906504,0.0,-0.00022775903595764735,-1.0257459720853107e-18,0.018215141971462106
0.0,-0.0007482264648005985,0.0,-0.00022291981137527667,-9.59378461902428e-19,0.01777990397690426
0.0,-0.0007476548047038456,0.0,-0.00021811312761607486,-7.61198774518141e-19,0.01734675194573059
0.0,-0.0007470835813669918,0.0,-0.00021334019678049317,2.905569796699362e-18,0.01691580560709422
0.0,-0.0007465127944567065,0.0,-0.00020860223151728018,2.9819671967138813e-18,0.016487185579695626
0.0,-0.0007459424436387016,0.0,-0.00020390044493273033,2.9633379652916765e-18,0.01606101337187677
0.0,-0.000745372528580944,0.0,-0.00019923605050021684,2.9812611662600504e-18,0.015637411381703176
0.0,-0.0007448030489482019,0.0,-0.00019461026197874318,1.8124735921317292e-18,0.015216502896595943
0.0,-0.0007442340044106696,0.0,-0.00019002429333654799,1.9073595648288913e-18,0.014798412093719215
0.0,-0.000743665394634753,0.0,-0.00018547935866976306,1.6046371981038815e-18,0.01438326403953262
0.0,-0.0007430972192878985,0.0,-0.0001809766721343367,1.5802986215281292e-18,0.013971184690019883
0.0,-0.0007425294780372613,0.0,-0.00017651744787885526,1.5449036843854598e-18,0.01356230089069229
0.0,-0.0007419621705546248,0.0,-0.00017210289997934402,1.5458467258804312e-18,0.0131567403762838
0.0,-0.0007413952965046045,0.0,-0.00016773424237920297,1.5224978274909686e-18,0.01275463177098916
0.0,-0.0007408288555576098,0.0,-0.00016341268884015282,1.453299585137891e-18,0.012356104588393745
0.0,-0.0007402628473838282,0.0,-0.0001591394528860249,1.251452836731076e-18,0.011961289231270055
0.0,-0.0007396972716507411,0.0,-0.00015491574776114016,1.2402402590259999e-18,0.01157031699173559
0.0,-0.0007391321280286467,0.0,-0.00015074278639331867,1.2419402160929005e-18,0.01118332005131992
0.0,-0.000738567416187566,0.0,-0.00014662178134946234,1.0480521375473484e-18,0.010800431480457432
0.0,-0.0007380031357970759,0.0,-0.0001425539448143599,1.062642347355166e-18,0.010421785239221909
0.0,-0.000737439286529272,0.0,-0.00013854048856425127,1.0890131690711829e-18,0.01004751617659868
0.0,-0.0007368758680525098,0.0,-0.00013458262394052843,1.0434326684354963e-18,0.00967776003082444
0.0,-0.0007363128800391416,0.0,-0.0001306815618469545,1.0749762246338283e-18,0.009312653429436994
0.0,-0.0007357503221600212,0.0,-0.00012683851273540187,1.0414549817936487e-18,0.00895233388905909
0.0,-0.0007351881940859881,0.0,-0.00012305468660069106,1.480081515563145e-18,0.008596939815372628
0.0,-0.0007346264954897902,0.0,-0.00011933129298857576,1.2828276576927421e-18,0.008246610503358058
0.0,-0.0007340652260425032,0.0,-0.00011566954100567916,1.3026070131030035e-18,0.007901486137115044
0.0,-0.0007335043854163961,0.0,-0.00011207063933262994,1.2690450457885372e-18,0.007561707789743156
0.0,-0.0007329439732834883,0.0,-0.00010853579624660477,1.211168180192596e-18,0.007227417423585623
0.0,-0.0007323839893164028,0.0,-0.00010506621965144939,1.098765591092998e-18,0.006898757890096415
0.0,-0.0007318244331885049,0.0,-0.00010166311711055464,1.2013773374882916e-18,0.006575872929809777
0.0,-0.000731265304573861,0.0,-9.832769589248756e-05,1.0671830764367242e-18,0.006258907172415839
0.0,-0.0007307066031441573,0.0,-9.50611630117378e-05,1.009083690177228e-18,0.005948006136646235
0.0,-0.0007301483285726204,0.0,-9.186472529457818e-05,1.0044791569792685e-18,0.005643316230545788
0.0,-0.0007295904805348571,0.0,-8.873958943444635e-05,1.420887397015596e-18,0.0053449847510989605
0.0,-0.0007290330587031782,0.0,-8.56869620635913e-05,1.3945876153598412e-18,0.005053159884525132
0.0,-0.0007284760627544254,0.0,-8.270804983222832e-05,1.3085985622811332e-18,0.004767990706094791
0.0,-0.000727919492359945,0.0,-7.98040594905047e-05,1.0641985176942757e-18,0.004489627180506855
0.0,-0.0007273633471977584,0.0,-7.697619798728138e-05,9.980462833118625e-19,0.004218220161257446
0.0,-0.0007268076269408494,0.0,-7.422567255691384e-05,9.03173384289423e-19,0.003953921391269806
0.0,-0.0007262523312661778,0.0,-7.155369084494248e-05,8.7747946745936e-19,0.003696883502589084
0.0,-0.0007256974598477059,0.0,-6.896146101164117e-05,8.210944006728931e-19,0.003447260016544945
0.0,-0.0007251430123619701,0.0,-6.64501918619853e-05,7.742184766698435e-19,0.0032052053436360016
0.0,-0.0007245889884872139,0.0,-6.402109297792965e-05,7.775656198390112e-19,0.002970874783591637
0.0,-0.0007240353878963379,0.0,-6.167537485705444e-05,7.183950851571543e-19,0.0027444245254408814
0.0,-0.0007234822102678978,0.0,-5.941424906529664e-05,7.155293664255441e-19,0.002526011647588515
0.0,-0.0007229294552779583,0.0,-5.7238928396368934e-05,6.744128276603482e-19,0.0023157941175923546
0.0,-0.0007223771226043882,0.0,-5.5150627037022686e-05,6.152129391855059e-19,0.002113930792546608
0.0,-0.0007218252119240154,0.0,-5.315056074424343e-05,1.3071316736096983e-18,0.0019205814187722159
0.0,-0.0007212737229151389,0.0,-5.123994703502008e-05,1.2422106525982547e-18,0.00173590663202494
0.0,-0.0007207226552539622,0.0,-4.942000537399411e-05,1.2104569132806247e-18,0.0015600679575427639
0.0,-0.0007201720086197072,0.0,-4.769195738626216e-05,1.1469115170550166e-18,0.00139322780996719
0.0,-0.0007196217826901802,0.0,-4.605702706602342e-05,1.1120176148829737e-18,0.0012355494934050849
0.0,-0.0007190719771455398,0.0,-4.451644100373947e-05,1.044933981644709e-18,0.001087197201550756
0.0,-0.0007185225916615107,0.0,-4.307142862057154e-05,9.876172079464635e-19,0.0009483360175644578
0.0,-0.0007179736259212213,0.0,-4.172322240964346e-05,9.137662382522638e-19,0.0008191319143147696
0.0,-0.000717425079600445,0.0,-4.047305819216383e-05,8.577852147580644e-19,0.0006997517541486213
0.0,-0.0007168769523805893,0.0,-3.932217538559933e-05,7.998581121670046e-19,0.0005903632892043063
0.0,-0.0007163292439406679,0.0,-3.827181727443941e-05,7.419207887317787e-19,0.0004911351612150103
0.0,-0.0007157819539604648,0.0,-3.73232312960263e-05,6.846462513687364e-19,0.00040223690165613196
0.0,-0.0007152350821217554,0.0,-3.6477669342370846e-05,6.304055072207294e-19,0.0003238389318196179
0.0,-0.0007146886281046844,0.0,-3.5736388061590645e-05,5.6485134958098e-19,0.00025611256276197696
0.0,-0.0007141425915888344,0.0,-3.5100649184508816e-05,5.195766429167421e-19,0.00019922999544586938
0.0,-0.0007135969722563695,0.0,-3.457171984697755e-05,4.516099618543287e-19,0.00015336432062206494
0.0,-0.0007130517697871083,0.0,-3.415087293844347e-05,4.0626673104607713e-19,0.00011868951911982
0.0,-0.0007125069838643042,0.0,-3.383938745211458e-05,3.622327096495167e-19,9.538046159779986e-05
0.0,-0.0007119626141683863,0.0,-3.3638548849738124e-05,3.349876937530507e-19,8.361290872977399e-05
0.0,-0.0007114186603820044,0.0,-3.353125711307459e-05,2.799297928882998e-19,8.158834471056961e-05
0.0,-0.0007108751221878082,0.0,-3.3444788295276156e-05,2.33457097994091e-19,8.152428388459414e-05
0.0,-0.0007103319992663795,0.0,-3.336077453451039e-05,1.774644958590538e-19,8.146035109419907e-05
0.0,-0.0007097892913030465,0.0,-3.327912016448382e-05,1.402450965513854e-19,8.139654268184745e-05
0.0,-0.0007092469979784813,0.0,-3.319973327399733e-05,1.3278222338554134e-19,8.133285515056921e-05
0.0,-0.0007087051189778593,0.0,-3.3122525560514175e-05,1.0800480869513413e-19,8.12692851579807e-05
0.0,-0.0007081636539838093,0.0,-3.304741218629944e-05,9.8210589749029e-20,8.120582950843589e-05
0.0,-0.0007076226026802648,0.0,-3.29743116451002e-05,4.657827021811484e-20,8.11424851467268e-05
0.0,-0.0007070819647497506,0.0,-3.290314562740112e-05,1.561176596180865e-20,8.107924915147675e-05
0.0,-0.0007065417398774768,0.0,-3.283383890200506e-05,-1.1591634963027084e-20,8.101611873004809e-05
0.0,-0.0007060019277485077,0.0,-3.2766319183311554e-05,-4.3573579383136195e-20,8.095309121231888e-05
0.0,-0.0007054625280460275,0.0,-3.2700517030488175e-05,-8.232238381567892e-20,8.089016404553596e-05
0.0,-0.0007049235404572723,0.0,-3.2636365725670835e-05,-1.1578230308055711e-19,8.082733478946384e-05
0.0,-0.0007043849646641218,0.0,-3.2573801166747894e-05,-1.4486472013334534e-19,8.076460111087862e-05
0.0,-0.0007038468003548598,0.0,-3.251276177293396e-05,-1.8348087448376268e-19,8.070196077877064e-05
0.0,-0.0007033090472125317,0.0,-3.245318837516854e-05,-2.085334728816629e-19,8.063941166199396e-05
0.0,-0.0007027717049258933,0.0,-3.2395024130890595e-05,-2.528267904726855e-19,8.057695171889614e-05
0.0,-0.0007022347731790446,0.0,-3.233821442758249e-05,-2.869465286388687e-19,8.05145790026109e-05
0.0,-0.0007016982516594716,0.0,-3.2282706794759886e-05,-3.085148513996227e-19,8.045229164753073e-05
0.0,-0.0007011621400514617,0.0,-3.222845082204661e-05,-3.0759472417442775e-19,8.039008787294293e-05
0.0,-0.0007006264380448324,0.0,-3.217539807811578e-05,-3.3009517629736416e-19,8.0327965974329e-05
0.0,-0.0007000911453249811,0.0,-3.2123502032665226e-05,-3.6466114645762443e-19,8.02659243233127e-05
0.0,-0.0006995562615799908,0.0,-3.207271798055973e-05,-3.891129910824778e-19,8.020396136148873e-05
0.0,-0.0006990217864975695,0.0,-3.202300297123497e-05,-4.052203476790188e-19,8.014207559999507e-05
0.0,-0.0006984877197638226,0.0,-3.197431574073102e-05,-4.2666335381319614e-19,8.008026561514073e-05
0.0,-0.0006979540610683246,0.0,-3.192661664366521e-05,-4.456720783523572e-19,8.001853004487892e-05
0.0,-0.0006974208100983814,0.0,-3.1879867591807706e-05,-4.620461176366532e-19,7.995686758870916e-05
0.0,-0.0006968879665438313,0.0,-3.1834031990870355e-05,-4.696751856343921e-19,7.98952769988882e-05
0.0,-0.0006963555300910848,0.0,-3.178907468206495e-05,-4.898147745237076e-19,7.983375708780355e-05
0.0,-0.0006958235004312641,0.0,-3.1744961887705554e-05,-5.083326754324465e-19,7.977230671442001e-05
0.0,-0.0006952918772522021,0.0,-3.170166115445765e-05,-5.299905666466843e-19,7.97109247918865e-05
0.0,-0.0006947606602452916,0.0,-3.1659141303730506e-05,-5.496248773263829e-19,7.96496102780167e-05
0.0,-0.0006942298490977272,0.0,-3.161737237931039e-05,-5.760539759744235e-19,7.95883621774688e-05
0.0,-0.0006936994435022686,0.0,-3.15763256016489e-05,-5.88283132157047e-19,7.952717953762026e-05
0.0,-0.0006931694431452917,0.0,-3.153597331854779e-05,-5.970850655215735e-19,7.94660614477612e-05
0.0,-0.0006926398477207912,0.0,-3.149628896603621e-05,-6.261427933774463e-19,7.940500703595022e-05
0.0,-0.0006921106569161631,0.0,-3.145724701898137e-05,-6.394193862994674e-19,7.934401546959464e-05
0.0,-0.0006915818704256171,0.0,-3.141882295768406e-05,-6.526951237629057e-19,7.928308595040769e-05
0.0,-0.0006910534879386449,0.0,-3.1380993220644525e-05,-6.55788247384289e-19,7.922221771600266e-05
0.0,-0.0006905255091454385,0.0,-3.134373517286451e-05,-6.565408666091764e-19,7.916141003697173e-05
0.0,-0.0006899979337393058,0.0,-3.130702706878705e-05,-6.866406456896209e-19,7.910066221507826e-05
0.0,-0.0006894707614102796,0.0,-3.127084801298765e-05,-6.94917383350695e-19,7.903997358206603e-05
0.0,-0.0006889439918526113,0.0,-3.123517793148824e-05,-7.127878654914852e-19,7.897934349924453e-05
0.0,-0.0006884176247578463,0.0,-3.119999753863089e-05,-7.249441348663582e-19,7.89187713541922e-05
0.0,-0.0006878916598182447,0.0,-3.116528830389865e-05,-7.33508417570235e-19,7.885825656132796e-05
0.0,-0.0006873660967253586,0.0,-3.113103242538442e-05,-7.332588740084662e-19,7.879779856154612e-05
0.0,-0.0006868409351742585,0.0,-3.10972127970403e-05,-7.414218978284733e-19,7.873739681715612e-05
0.0,-0.0006863161748567881,0.0,-3.106381298608688e-05,-7.516196923159321e-19,7.867705081510915e-05
0.0,-0.0006857918154663384,0.0,-3.103081720465359e-05,-7.634172581012823e-19,7.861676006360417e-05
0.0,-0.0006852678566972026,0.0,-3.099821028093889e-05,-7.675851661303365e-19,7.855652409257795e-05
0.0,-0.0006847442982429938,0.0,-3.096597764369342e-05,-7.941187479854226e-19,7.849634245123138e-05
0.0,-0.0006842211397991502,0.0,-3.0934105287574705e-05,-8.158327975547946e-19,7.843621470698166e-05
0.0,-0.0006836983810580843,0.0,-3.0902579759353125e-05,-7.835544823948503e-19,7.837614044705395e-05
0.0,-0.0006831760217154981,0.0,-3.087138813390373e-05,-8.130159078431938e-19,7.831611927512465e-05
0.0,-0.0006826540614656013,0.0,-3.0840517992386475e-05,-8.335464083909272e-19,7.825615081211677e-05
0.0,-0.0006821325000036516,0.0,-3.0809957402196716e-05,-8.420012656054517e-19,7.819623469468902e-05
0.0,-0.0006816113370257393,0.0,-3.077969489912488e-05,-8.364664956938228e-19,7.81363705732235e-05
0.0,-0.0006810905722270111,0.0,-3.0749719470372656e-05,-8.489444857889289e-19,7.80765581145041e-05
0.0,-0.0006805702053028564,0.0,-3.072002053135258e-05,-8.48983506597925e-19,7.80167969990312e-05
0.0,-0.0006800502359486094,0.0,-3.069058791580837e-05,-8.505633640496183e-19,7.795708691846204e-05
0.0,-0.0006795306638622198,0.0,-3.0661411854785055e-05,-8.56257249458928e-19,7.789742757894919e-05
0.0,-0.0006790114887394796,0.0,-3.0632482961839196e-05,-8.678396454688838e-19,7.783781869816729e-05
0.0,-0.0006784927102772495,0.0,-3.060379221999786e-05,-8.85412548449021e-19,7.777826000490186e-05
0.0,-0.0006779743281712589,0.0,-3.0575330963818984e-05,-8.892137434739452e-19,7.771875124018644e-05
0.0,-0.0006774563421202626,0.0,-3.05470908685628e-05,-8.915006806632536e-19,7.765929215319822e-05
0.0,-0.0006769387518202469,0.0,-3.051906393621495e-05,-9.03095991962917e-19,7.759988250586117e-05
0.0,-0.0006764215569711324,0.0,-3.049124248331414e-05,-9.00421545152398e-19,7.754052206766955e-05
0.0,-0.0006759047572687873,0.0,-3.0463619123857755e-05,-9.0902536134471e-19,7.748121061678607e-05
0.0,-0.0006753883524118348,0.0,-3.04361867641816e-05,-9.177088982065131e-19,7.742194794230998e-05
0.0,-0.0006748723420984953,0.0,-3.0408938588096348e-05,-9.255684621780838e-19,7.736273384055005e-05
0.0,-0.0006743567260265454,0.0,-3.0381868047317084e-05,-8.164140724366017e-19,7.73035681154088e-05
0.0,-0.0006738415038962595,0.0,-3.0354968846115545e-05,-8.061810326041385e-19,7.724445057768689e-05
0.0,-0.000673326675406101,0.0,-3.032823494284213e-05,-8.174298316749439e-19,7.718538104707282e-05
0.0,-0.0006728122402546929,0.0,-3.030166052391133e-05,-8.254856964459414e-19,7.712635934927804e-05
0.0,-0.0006722981981429066,0.0,-3.0275240011082803e-05,-8.382930551530145e-19,7.706738531618705e-05
0.0,-0.0006717845487697605,0.0,-3.0248968039421273e-05,-8.53618726600567e-19,7.700845878693893e-05
0.0,-0.0006712712918348143,0.0,-3.0222839456131448e-05,-8.572483881402822e-19,7.69495796060296e-05
0.0,-0.0006707584270389949,0.0,-3.019684931138654e-05,-8.649956337802041e-19,7.689074762374116e-05
0.0,-0.0006702459540821118,0.0,-3.017099284515542e-05,-8.834837598690904e-19,7.683196269543235e-05
0.0,-0.0006697338726637525,0.0,-3.014526548867475e-05,-8.945843315536285e-19,7.677322468321868e-05
0.0,-0.0006692221824869046,0.0,-3.011966284860966e-05,-9.022959238939545e-19,7.671453345165034e-05
0.0,-0.0006687108832513708,0.0,-3.0094180705399036e-05,-9.056162945254536e-19,7.665588887244713e-05
0.0,-0.0006681999746588896,0.0,-3.00688150040643e-05,-9.215340015596254e-19,7.659729082090932e-05
0.0,-0.0006676894564106028,0.0,-3.0043561847672984e-05,-9.182540364791809e-19,7.65387391758925e-05
0.0,-0.0006671793282081936,0.0,-3.001841749167701e-05,-9.183773488828597e-19,7.648023382099151e-05
0.0,-0.0006666695897542749,0.0,-2.9993378340914013e-05,-9.306553171722964e-19,7.64217746447235e-05
0.0,-0.0006661602407513761,0.0,-2.9968440936851276e-05,-9.257014391285648e-19,7.636336153814607e-05
0.0,-0.0006656512809008475,0.0,-2.994360195946225e-05,-9.469029955679907e-19,7.63049943950907e-05
0.0,-0.0006651427099058152,0.0,-2.991885821532203e-05,-9.483979944720615e-19,7.624667311491914e-05
0.0,-0.0006646345274695514,0.0,-2.989420663860958e-05,-9.647686458230465e-19,7.618839759906612e-05
0.0,-0.000664126733295238,0.0,-2.986964428142191e-05,-9.673228557715182e-19,7.613016775230748e-05
0.0,-0.0006636193270850785,0.0,-2.984516831520197e-05,-9.715971362291095e-19,7.607198348232383e-05
0.0,-0.0006631123085438298,0.0,-2.982077601572028e-05,-9.783939417015374e-19,7.601384469900063e-05
0.0,-0.0006626056773753608,0.0,-2.979646476848185e-05,-9.782763245707641e-19,7.595575131619193e-05
0.0,-0.0006620994332835264,0.0,-2.9772232062157426e-05,-1.0114156576296299e-18,7.589770324897523e-05
0.0,-0.0006615935759720568,0.0,-2.9748075482425446e-05,-1.0997586716202062e-18,7.583970041672057e-05
0.0,-0.0006610881051458614,0.0,-2.972399270851386e-05,-1.1040863827567665e-18,7.578174273786733e-05
0.0,-0.0006605830205086913,0.0,-2.9699981509683643e-05,-1.1133673859578967e-18,7.572383013834021e-05
0.0,-0.0006600783217661846,0.0,-2.9676039745783886e-05,-1.1191623387426222e-18,7.566596254092537e-05
0.0,-0.0006595740086257074,0.0,-2.9652165355742574e-05,-1.0754748574522166e-18,7.56081398714109e-05
0.0,-0.000659070080789026,0.0,-2.96283563625036e-05,-1.1072033997467926e-18,7.555036206177701e-05
0.0,-0.0006585665379634717,0.0,-2.9468916782775072e-05,-1.1086471936576121e-18,5.975079595951435e-05
0.0,-0.0006580633798554114,0.0,-2.8639981300571408e-05,-1.0885497718219572e-18,-3.380721350843994e-05
0.0,-0.000657560606170067,0.0,-2.7029985902454973e-05,-1.0706108061060756e-18,-0.00021826411115541703
0.0,-0.0006570582166139233,0.0,-2.4664935797281008e-05,-1.1071620504226546e-18,-0.0004908082307805636
0.0,-0.0006565562108940756,0.0,-2.1570578316467467e-05,-1.1160801072064346e-18,-0.0008486567372223189
0.0,-0.0006560545887158639,0.0,-1.77724301660318e-05,-1.097880552496683e-18,-0.0012890556240278206
0.0,-0.0006555533497863628,0.0,-1.3295800351091581e-05,-1.098603166247707e-18,-0.0018092797115256479
0.0,-0.0006550524938157901,0.0,-8.165809097488309e-06,-1.1131169706465875e-18,-0.0024066326452911522
0.0,-0.0006545520205076538,0.0,-2.407403099846314e-06,-1.1308503399338956e-18,-0.0030784468949723526
0.0,-0.0006540519295719152,0.0,3.954632643625661e-06,-1.1246410125426644e-18,-0.0038220837534801403
0.0,-0.0006535522207155794,0.0,1.0895666092742076e-05,-1.0888668639957943e-18,-0.004634933336502956
0.0,-0.000653052893646304,0.0,1.8391212299480927e-05,-1.0180122213509116e-18,-0.00551441458235165
0.0,-0.0006525539480727177,0.0,2.6416930132026114e-05,-1.0285300687271717e-18,-0.006457975252110613
0.0,-0.0006520553837040463,0.0,3.494862136895361e-05,-1.0503216035930438e-18,-0.007463091930079134
0.0,-0.0006515572002487036,0.0,4.3962231942270766e-05,-1.132630895753025e-18,-0.008527270024497647
0.0,-0.0006510593974158804,0.0,5.343385510303317e-05,-1.1824571112535703e-18,-0.009648043768530904
0.0,-0.0006505619749140601,0.0,6.333973633502088e-05,-1.1107628274762955e-18,-0.010822976221503595
0.0,-0.0006500649324530164,0.0,7.3656279796095e-05,-1.3260905239760284e-18,-0.012049659270368674
0.0,-0.0006495682697429117,0.0,8.436005613423952e-05,-1.5482504751766982e-18,-0.013325713631384037
0.0,-0.0006490719864935129,0.0,9.542781150028508e-05,-1.6610812357541534e-18,-0.014648788851988233
0.0,-0.0006485760824138376,0.0,0.00010683647760627107,4.90354595370205e-19,-0.01601656331285215
0.0,-0.0006480805572153178,0.0,0.00011856318266102424,3.5560601550722894e-19,-0.017426744230089143
0.0,-0.0006475854106082271,0.0,0.00013058526307297954,-1.5832962725125223e-18,-0.018877067657595167
0.0,-0.0006470906423022699,0.0,0.0001428802757600504,-1.668579872893475e-18,-0.020365298489509014
0.0,-0.0006465962520089477,0.0,0.00015542601096354145,-1.6453347228200652e-18,-0.021889230462759382
0.0,-0.0006461022394402618,0.0,0.00016820050543586273,-1.511788396967338e-18,-0.023446686159684746
0.0,-0.0006456086043076167,0.0,0.00018118205591088378,-1.4213494533655693e-18,-0.025035517010699615
0.0,-0.0006451153463222434,0.0,0.0001943492327305832,-1.668300535607677e-18,-0.0266536032969811
0.0,-0.0006446224651965732,0.0,0.00020768089356282184,-1.5898327238132411e-18,-0.02829885415316033
0.0,-0.0006441299606400538,0.0,0.00022115619710152382,-5.087431323313269e-18,-0.02996920756998596
0.0,-0.0006436378323682115,0.0,0.00023475461667649567,-5.24123480173769e-18,-0.0316626303969484
0.0,-0.0006431460800912989,0.0,0.00024845595369543693,-5.114749036993175e-18,-0.033377118344830425
0.0,-0.0006426547035249114,0.0,0.00026224035085159404,-5.1263094240552184e-18,-0.03511069598817236
0.0,-0.0006421637023793433,0.0,0.0002760883050301141,-1.0494705854646237e-17,-0.0368614167676257
0.0,-0.0006416730763672898,0.0,0.00028998067985845123,-1.0629648607013391e-17,-0.03862736299217344
0.0,-0.0006411828252037358,0.0,0.0003038987178414182,-1.046009587695873e-17,-0.040406645841203674
0.0,-0.0006406929486015983,0.0,0.0003178240520379074,-1.044050460048114e-17,-0.04219740536641326
0.0,-0.0006402034462768408,0.0,0.0003317387172378349,-1.0637919902307093e-17,-0.043997810493529674
0.0,-0.0006397143179404652,0.0,0.00034562516059250523,-1.0938552080289927e-17,-0.04580605902382241
0.0,-0.0006392255633080116,0.0,0.00035946625167082536,-1.0850293143985697e-17,-0.04762037763541111
0.0,-0.000638737182094784,0.0,0.00037324529190416417,-1.0631800135186116e-17,-0.04943902188434283
0.0,-0.0006382491740136095,0.0,0.00038694602340986605,-1.0379000569505617e-17,-0.05126027620542365
0.0,-0.000637761538781291,0.0,0.00040055263714407316,-1.023279979664935e-17,-0.05308245391281158
0.0,-0.0006372742761113145,0.0,0.0004140497803890701,-9.881465376487646e-18,-0.0549038972003468
0.0,-0.0006367873857211562,0.0,0.0004274225635547053,-2.368105158529085e-18,-0.0567229771416228
0.0,-0.0006363008673247253,0.0,0.0004406565662658261,-2.392478152986324e-18,-0.05853809368978979
0.0,-0.0006358147206374024,0.0,0.0004537378427587472,-2.3312979801883102e-18,-0.06034767567708841
0.0,-0.000635328945376705,0.0,0.0004666529265395581,-1.6200514193426372e-18,-0.06215018081411644
0.0,-0.0006348435412576181,0.0,0.00047938883434627184,-1.6650260136011095e-18,-0.06394409568881881
0.0,-0.0006343585079970904,0.0,0.0004919330693806428,-1.5088605990080754e-18,-0.06572793576521468
0.0,-0.0006338738453112169,0.0,0.0005042736238241462,-2.0677386161777494e-18,-0.06750024538186991
0.0,-0.0006333895529176681,0.0,0.000516398980656937,-4.406113075120372e-18,-0.06925959775008919
0.0,-0.0006329056305336284,0.0,0.0005282981147519152,-3.493874972861195e-18,-0.07100459495188183
0.0,-0.0006324220778754844,0.0,0.0005399604932991315,-3.4263123195902035e-18,-0.07273386793767311
0.0,-0.0006319388946614476,0.0,0.0005513760755293968,-3.3158971980221256e-18,-0.07444607652378364
0.0,-0.0006314560806090705,0.0,0.0005625353117781912,-4.1755041969189615e-18,-0.07613990938968711
0.0,-0.0006309736354358775,0.0,0.0005734291418992945,-3.965710908555487e-18,-0.07781408407507359
0.0,-0.0006304915588612806,0.0,0.0005840489930272764,-4.1781136383937726e-18,-0.07946734697668845
0.0,-0.0006300098506031443,0.0,0.0005943867767317436,-3.620400590529829e-18,-0.08109847334502931
0.0,-0.000629528510379708,0.0,0.0006044348855664616,-2.5189770222851394e-18,-0.08270626728083749
0.0,-0.0006290475379103835,0.0,0.0006141861890376298,-2.7428979380831847e-18,-0.08428956173147192
0.0,-0.0006285669329131258,0.0,0.0006236340290114254,-2.6397887303340113e-18,-0.08584721848714663
0.0,-0.0006280866951077907,0.0,0.0006327722145860754,-2.8831513993401298e-18,-0.08737812817702738
0.0,-0.0006276068242134364,0.0,0.0006415950164389539,-2.7697667247981583e-18,-0.08888121026527351
0.0,-0.0006271273199499883,0.0,0.0006500971606949222,-2.981404043012955e-18,-0.09035541304696786
0.0,-0.0006266481820381697,0.0,0.0006582738223131243,-3.426184669590766e-18,-0.09179971364400749
0.0,-0.0006261694101966434,0.0,0.0006661206180351287,-3.3142954151312924e-18,-0.09321311800095149
0.0,-0.0006256910041482003,0.0,0.0006736335989053691,-3.299610178272983e-18,-0.09459466088083593
0.0,-0.0006252129636101778,0.0,0.0006808092424013578,-3.428018149745476e-18,-0.09594340586101183
0.0,-0.0006247352883045898,0.0,0.0006876444441830504,-3.3245520731356277e-18,-0.09725844532897765
0.0,-0.0006242579779534366,0.0,0.0006941365094974609,6.676727373641581e-18,-0.09853890047825899
0.0,-0.0006237810322760329,0.0,0.0007002831442607222,6.40996778625916e-18,-0.09978392130435837
0.0,-0.0006233044509952254,0.0,0.0007060824458313793,6.902303910044412e-18,-0.10099268660074236
0.0,-0.0006228282338326327,0.0,0.0007115328935097749,6.883697050411561e-18,-0.1021644039549734
0.0,-0.0006223523805091377,0.0,0.0007166333387869598,7.060764186884009e-18,-0.10329830974490276
0.0,-0.0006218768907464978,0.0,0.0007213829953580832,6.842364631453759e-18,-0.10439366913501784
0.0,-0.0006214017642678718,0.0,0.0007257814289282515,7.272611806473e-18,-0.105449776072955
0.0,-0.0006209270007959677,0.0,0.0007298285468357436,6.366609596382799e-18,-0.10646595328611645
0.0,-0.0006204526000525498,0.0,0.0007335245875038073,6.108626184167742e-18,-0.107441552278521
0.0,-0.0006199785617613598,0.0,0.0007368701097604551,7.15580640120707e-18,-0.10837595332782433
0.0,-0.0006195048856438637,0.0,0.0007398659820363575,1.1947051671395545e-17,-0.10926856548253595
0.0,-0.0006190315714265718,0.0,0.0007425133714467778,1.243199561141561e-17,-0.1101188265594908
0.0,-0.0006185586188290904,0.0,0.0007448137328243889,1.2796811713532253e-17,-0.11092620314150593
0.0,-0.0006180860275766462,0.0,0.0007467687976647735,1.2400905264596451e-17,-0.11169019057531913
0.0,-0.0006176137973936749,0.0,0.0007483805630492985,1.2721436646820745e-17,-0.1124103129697912
0.0,-0.0006171419280042306,0.0,0.0007496512805459896,1.1895647519147689e-17,-0.11308612319432328
0.0,-0.000616670419132874,0.0,0.000750583445111807,1.1678831997423799e-17,-0.11371720287762078
0.0,-0.0006161992705040684,0.0,0.0007511797840075817,1.0892460830508636e-17,-0.11430316240666324
0.0,-0.0006157284818416944,0.0,0.0007514432457650063,1.0671991814667636e-17,-0.11484364092604572
0.0,-0.0006152580528706944,0.0,0.0007513769891972081,1.0103377686228966e-17,-0.11533830633755764
0.0,-0.0006147879833176134,0.0,0.0007509843724919004,8.947743834294276e-18,-0.11578685530006999
0.0,-0.0006143182729077962,0.0,0.0007502689423992293,1.1579272355585598e-17,-0.1161890132297857
0.0,-0.0006138489213649984,0.0,0.0007492344235281525,8.394097068101564e-18,-0.11654453430069463
0.0,-0.0006133799284169725,0.0,0.0007478847077762133,8.522568199707594e-18,-0.11685320144545612
0.0,-0.0006129112937899514,0.0,0.0007462238438966624,8.968273918255967e-18,-0.11711482635650257
0.0,-0.0006124430172086207,0.0,0.0007442560272429654,1.837874063294937e-17,-0.11732924948749163
0.0,-0.0006119750984000874,0.0,0.0007419855896822996,1.857037542317361e-17,-0.1174963400550631
0.0,-0.000611507537090529,0.0,0.0007394169897064225,1.783250087453677e-17,-0.11761599604089623
0.0,-0.0006110403330073372,0.0,0.0007365548027670214,1.7429470730658917e-17,-0.11768814419406269
0.0,-0.0006105734858779799,0.0,0.0007334037118207078,1.7263791149280043e-17,-0.1177127400337003
0.0,-0.0006101069954288774,0.0,0.0007299684981357884,1.6898065949255726e-17,-0.11768976785193151
0.0,-0.0006096408613883372,0.0,0.0007262540323376644,2.4115633667114904e-17,-0.11761924071709044
0.0,-0.0006091750834831891,0.0,0.0007222652657465721,2.3366935958678957e-17,-0.11750120047723155
0.0,-0.000608709661440443,0.0,0.0007180072219815251,2.255483989127844e-17,-0.1173357177638609
0.0,-0.0006082445949914111,0.0,0.0007134849888757802,2.4722775935752695e-17,-0.11712289199596412
0.0,-0.0006077798838608484,0.0,0.0007087037107007833,2.416076134883688e-17,-0.11686285138424085
0.0,-0.0006073155277804554,0.0,0.0007036685807036567,2.4484689878276463e-17,-0.11655575293554485
0.0,-0.0006068515264774574,0.0,0.0006983848339944574,2.2391193563794024e-17,-0.11620178245763081
0.0,-0.0006063878796804811,0.0,0.0006928577407627903,2.215262903039847e-17,-0.11580115456393845
0.0,-0.0006059245871182575,0.0,0.0006870925998579072,2.232892135154029e-17,-0.11535411267873205
0.0,-0.000605461648521155,0.0,0.000681094732732501,2.1690714368568246e-17,-0.11486092904223401
0.0,-0.0006049990636184041,0.0,0.0006748694777536054,2.3075693915598214e-17,-0.11432190471609228
0.0,-0.0006045368321402171,0.0,0.0006684221849045701,2.387027693769111e-17,-0.11373736958874363
0.0,-0.0006040749538168862,0.0,0.0006617582108655566,2.5166944415178805e-17,-0.11310768238114845
0.0,-0.0006036134283768785,0.0,0.0006548829145063704,2.7676020186657305e-17,-0.1124332306523437
0.0,-0.0006031522555522799,0.0,0.0006478016527588068,2.907296948831413e-17,-0.11171443080532048
0.0,-0.0006026914350723278,0.0,0.0006405197769290983,3.032325764245787e-17,-0.11095172809277425
0.0,-0.0006022309666693197,0.0,0.0006330426294006504,3.0427191662695235e-17,-0.11014559662292206
0.0,-0.0006017708500723126,0.0,0.0006253755407754636,2.94361744759423e-17,-0.1092965393654229
0.0,-0.0006013110850148495,0.0,0.0006175238274354896,2.8560456015843866e-17,-0.10840508815709887
0.0,-0.0006008516712262442,0.0,0.0006094927895389182,2.8597472264361033e-17,-0.10747180370783614
0.0,-0.0006003926084385269,0.0,0.0006012877094561829,2.7365669733046744e-17,-0.10649727560625652
0.0,-0.0005999338963841548,0.0,0.0005929138506408297,2.630657906481939e-17,-0.10548212232540284
0.0,-0.0005994755347950506,0.0,0.0005843764569594698,2.747472565451627e-17,-0.10442699122823958
0.0,-0.0005990175234046949,0.0,0.000575680752451308,2.7029339445141858e-17,-0.10333255857313994
0.0,-0.0005985598619435879,0.0,0.0005668319415710029,2.5912109100501964e-17,-0.10219952951916628
0.0,-0.0005981025501455815,0.0,0.0005578352098528606,3.2951686318572846e-17,-0.10102863813106591
0.0,-0.0005976455877435803,0.0,0.0005486957250714008,3.4195464883500223e-17,-0.0998206473843862
0.0,-0.0005971889744677203,0.0,0.0005394186388318755,3.3594205770347044e-17,-0.09857634916993854
0.0,-0.0005967327100553053,0.0,0.0005300090886526983,3.614316659620614e-17,-0.09729656429848263
0.0,-0.0005962767942382964,0.0,0.000520472200498436,3.94561348244782e-17,-0.09598214250476723
0.0,-0.000595821226749043,0.0,0.0005108130917825096,3.734869655269607e-17,-0.09463396245157547
0.0,-0.0005953660073236486,0.0,0.0005010368748465161,4.265227385760975e-17,-0.09325293173323496
0.0,-0.0005949111356959337,0.0,0.0004911486609017469,4.3804924084279906e-17,-0.09183998687906815
0.0,-0.0005944566115971724,0.0,0.000481153564436698,4.248642548578974e-17,-0.09039609335625988
0.0,-0.0005940024347650882,0.0,0.0004710567080980589,4.277244182145491e-17,-0.08892224557251167
0.0,-0.0005935486049331064,0.0,0.0004608632280360388,4.1869594621073045e-17,-0.08741946687832709
0.0,-0.0005930951218353873,0.0,0.00045057827970022856,4.1272224211613407e-17,-0.08588880956878114
0.0,-0.0005926419852084266,0.0,0.0004402070441043732,4.352148723770725e-17,-0.08433135488512315
0.0,-0.0005921891947872418,0.0,0.0004297547345404843,4.1976474187001023e-17,-0.08274821301563151
0.0,-0.0005917367503074297,0.0,0.00041922660373228224,4.4330610769629886e-17,-0.08114052309646541
0.0,-0.0005912846515041398,0.0,0.0004086279514297533,4.4257083852128846e-17,-0.07950945321163087
0.0,-0.0005908328981123478,0.0,0.0003979641324357093,4.2093880526339953e-17,-0.07785620039286435
0.0,-0.0005903814898694341,0.0,0.0003872405650420104,4.169808582185713e-17,-0.07618199061888681
0.0,-0.0005899304265119115,0.0,0.0003764627398813933,4.2672965484371444e-17,-0.07448807881421218
0.0,-0.0005894797077762373,0.0,0.000365636229162079,4.176799888897374e-17,-0.07277574884755102
0.0,-0.0005890293333996738,0.0,0.00035476669628482153,3.829639778373263e-17,-0.07104631352977075
0.0,-0.0005885793031173599,0.0,0.0003438599058195142,4.112418871860595e-17,-0.06930111461125824
0.0,-0.0005881296166662386,0.0,0.00033292173382719207,4.2103357934671926e-17,-0.06754152277910594
0.0,-0.0005876802737858414,0.0,0.0003219581784901571,4.0856108478706856e-17,-0.06576893765348492
0.0,-0.000587231274212327,0.0,0.0003109753710611189,4.02468558445884e-17,-0.06398478778393613
0.0,-0.0005867826176827462,0.0,0.0002999795870714491,3.7537998419358663e-17,-0.06219053064513211
0.0,-0.0005863343039372373,0.0,0.0002889772577954746,3.778167725479544e-17,-0.060387652631959436
0.0,-0.0005858863327111406,0.0,0.00027797498193894666,3.676022527900835e-17,-0.058577669054674174
0.0,-0.0005854387037448859,0.0,0.0002669795375106702,3.5012087933510635e-17,-0.056762124133344985
0.0,-0.000584991416774712,0.0,0.00025599789386997066,3.519453392641049e-17,-0.05494259099206971
0.0,-0.0005845444715432309,0.0,0.0002450372238798858,3.6162585026784775e-17,-0.05312067165281233
0.0,-0.000584097867784867,0.0,0.00023410491617470376,3.657834619604578e-17,-0.05129799702903953
0.0,-0.0005836516052420242,0.0,0.00022320858746749449,3.688873251484876e-17,-0.049476226918975096
0.0,-0.0005832056836516733,0.0,0.00021235609487987232,3.657463473725877e-17,-0.04765704999873181
0.0,-0.0005827601027555869,0.0,0.00020155554823906457,3.646847642467259e-17,-0.045842183814955494
0.0,-0.0005823148622925434,0.0,0.0001908153223242671,3.7512992187422866e-17,-0.04403337477783317
0.0,-0.000581869962001897,0.0,0.0001801440689809784,3.894174612236359e-17,-0.042232398153380715
0.0,-0.000581425401622461,0.0,0.00016955072909242259,3.790769964730052e-17,-0.04044105805600182
0.0,-0.0005809811808968474,0.0,0.00015904454433795959,3.6318720386262285e-17,-0.03866118744082158
0.0,-0.0005805372995652119,0.0,0.00014863506870379487,3.4488915042231834e-17,-0.03689464809612502
0.0,-0.0005800937573676793,0.0,0.00013833217969195458,3.530553399274019e-17,-0.035143330635750876
0.0,-0.000579650554044648,0.0,0.00012814608915908874,3.49595610425533e-17,-0.033409154491560546
0.0,-0.0005792076893397051,0.0,0.0001180873537642475,3.4563143880373867e-17,-0.03169406790590609
0.0,-0.0005787651629915805,0.0,0.00010816688495116165,3.4266131404374946e-17,-0.030000047924638243
0.0,-0.0005783229747416616,0.0,9.839595839817553e-05,3.3069897271044426e-17,-0.02832910038968244
0.0,-0.0005778811243329247,0.0,8.878622291873923e-05,3.3059594612503697e-17,-0.02668325993263274
0.0,-0.0005774396115076318,0.0,7.934970871004599e-05,3.158505057695202e-17,-0.02506458996780834
0.0,-0.000576998436006386,0.0,7.009883492839941e-05,3.0399530701697627e-17,-0.023475182686418215
0.0,-0.0005765575975715531,0.0,6.104641650816383e-05,2.932816867203623e-17,-0.021917159050372524
0.0,-0.000576117095947036,0.0,5.220567018269324e-05,2.7902281436362784e-17,-0.020392668787301886
0.0,-0.0005756769308743782,0.0,4.359021963250384e-05,2.6795428980960128e-17,-0.01890389038511723
0.0,-0.0005752371020959664,0.0,3.521409971921638e-05,2.7335154125253338e-17,-0.017453031087831302
0.0,-0.0005747976093564248,0.0,2.7091759715055976e-05,2.7121669859590104e-17,-0.016042326891609147
0.0,-0.0005743584523982374,0.0,1.9238065503533134e-05,2.608280347944031e-17,-0.014674042541039633
0.0,-0.0005739196309638359,0.0,1.1668300667589185e-05,2.5997282221553843e-17,-0.013350471526904993
0.0,-0.0005734811447987084,0.0,4.398166393385257e-06,2.5360610474781213e-17,-0.012073936083313211
0.0,-0.0005730429936460849,0.0,-2.556219833132513e-06,2.415943622362751e-17,-0.010846787186743716
0.0,-0.0005726051772491289,0.0,-9.178326844411439e-06,2.3516166125360967e-17,-0.009671404554757148
0.0,-0.0005721676953520313,0.0,-1.54512137510224e-05,2.2986047050064248e-17,-0.008550196646028397
0.0,-0.0005717305477014947,0.0,-2.1357535328671426e-05,2.2297366329125214e-17,-0.007485600660828042
0.0,-0.0005712937340395449,0.0,-2.6879548877839282e-05,2.1600845597159315e-17,-0.006480082542406722
0.0,-0.0005708572541123329,0.0,-3.1999122634836534e-05,2.1080525884268578e-17,-0.005536136978654986
0.0,-0.0005704211076650104,0.0,-3.669774577734399e-05,2.058075660034194e-17,-0.00465628740535735
0.0,-0.0005699852944419936,0.0,-4.095654011298882e-05,1.9822213034515463e-17,-0.0038430860093550917
0.0,-0.0005695498141892394,0.0,-4.475627348824785e-05,1.91553021867574e-17,-0.0030991137331682593
0.0,-0.0005691146666514033,0.0,-4.8077375006032406e-05,1.834380859139362e-17,-0.0024269802797874055
0.0,-0.0005686798515757117,0.0,-5.089995209282198e-05,1.7687048411578104e-17,-0.0018293241190726567
0.0,-0.0005682453687076913,0.0,-5.32038095088787e-05,1.7083166120010898e-17,-0.001308812493852461
0.0,-0.0005678112177924521,0.0,-5.4968470332770634e-05,1.649639272563632e-17,-0.0008681414282177701
0.0,-0.0005673773985778799,0.0,-5.617319902544008e-05,1.5974436262039533e-17,-0.0005100357351365777
0.0,-0.0005669439108094768,0.0,-5.679702660790981e-05,1.5438890951456355e-17,-0.00023724902612558404
0.0,-0.0005665107542352499,0.0,-5.681877805265999e-05,1.4924862055437773e-17,-5.256372116459098e-05
0.0,-0.0005660779286006633,0.0,-5.6217101926832975e-05,1.441768243454285e-17,4.120894059662624e-05
0.0,-0.0005656454336536512,0.0,-5.5088821290543615e-05,1.386055324705268e-17,5.720999052489812e-05
0.0,-0.0005652132691417976,0.0,-5.3767002512382584e-05,-1.250937687053121e-07,5.7458079135882124e-05
0.0,-0.0005647814348119749,0.0,-5.186677830724203e-05,-8.758450854332583e-07,5.7699345305542004e-05
0.0,-0.0005643499304125617,0.0,-4.926330355448159e-05,-2.37994662353954e-06,5.793513084586827e-05
0.0,-0.0005639187556919362,0.0,-4.5957080609123875e-05,-4.640587769431346e-06,5.8165832994408907e-05
0.0,-0.0005634879103964437,0.0,-4.194867823518805e-05,-7.660770458891462e-06,5.8391832596120605e-05
0.0,-0.0005630573942763985,0.0,-3.7238728915611015e-05,-1.1443315217370174e-05,5.861349474120146e-05
0.0,-0.0005626272070790583,0.0,-3.18279263033178e-05,-1.5990867008424166e-05,5.883116937350705e-05
-7.364118793192089e-07,-0.0005621973485537557,0.00010007577670507468,-2.5717040852960525e-05,-2.1272953161811586e-05,5.904519174614693e-05
-3.258135309190543e-07,-0.0005617678184457291,4.631385403107975e-05,-1.8906846029792838e-05,-2.82385261990805e-05,5.9255883514107606e-05
-4.0876196632429133e-07,-0.0005613386165079469,5.848570003505736e-05,-1.1398233434210467e-05,-3.5446038889654144e-05,5.946355240947325e-05
-4.815434918520778e-07,-0.0005609097424950776,6.677606506918761e-05,-3.192144105416137e-06,-4.203324590277074e-05,5.966849325754649e-05
-5.777311635155369e-07,-0.0005604811961464097,8.033512720254892e-05,5.710501065355356e-06,-5.0509790017122644e-05,5.987098897333428e-05
-6.826912183541392e-07,-0.0005600529772154944,9.518842409331755e-05,1.5308666806036287e-05,-5.9777557338068465e-05,6.0071310041179445e-05
-7.964254914920023e-07,-0.0005596250854510675,0.0001113454913108125,2.5601290504741886e-05,-6.983926839279375e-05,6.0269715601535875e-05
-9.189351371105443e-07,-0.0005591975206047615,0.00012881568468909606,3.658726490463277e-05,-8.069748452761075e-05,6.046645375922888e-05
-1.050220625507273e-06,-0.0005587702824257183,0.00014760817881764404,4.8265439793340444e-05,-9.235461196516782e-05,6.066176201288817e-05
-1.1902817408623976e-06,-0.0005583433706624896,0.00016773196572049555,6.063462367890708e-05,-0.00010481290577941179,6.085586766285331e-05
-1.33911757968129e-06,-0.0005579167850679224,0.00018919585371610526,7.36935854122457e-05,-0.00011807447378957713,6.104898821186928e-05
-1.4967265498807136e-06,-0.0005574905253920709,0.00021200846645033316,8.744105572758873e-05,-0.00013214128037444944,6.12413317422891e-05
-1.6631063704898138e-06,-0.0005570645913850411,0.0002361782420952475,0.00010187572871645846,-0.00014701515020815512,6.143309728417166e-05
-1.8382540719361857e-06,-0.0005566389827965056,0.0002617134327066765,0.00011699626317601903,-0.00016269777191872298,6.162447516743679e-05
-2.022165996889252e-06,-0.0005562136993796131,0.0002886221037336049,0.00013280128403470037,-0.00017919070167063503,6.181564735904333e-05
-2.214837801632928e-06,-0.0005557887408843346,0.00031691213367281027,0.00014928938367963877,-0.00019649536667261022,6.200678778900707e-05
-2.416264457942757e-06,-0.0005553641070597699,0.00034659121386227667,0.00016645912313084156,-0.00021461306861181705,6.219806266326029e-05
-2.6107569514585395e-06,-0.0005549397976984255,0.0003733484312726825,0.00018430898368845382,-0.00023151173127942455,6.238963034115941e-05
-2.8283364910352133e-06,-0.0005545158095664124,0.0003969649530850634,0.00020283724205923006,-0.0002491250988942016,6.258164278033279e-05
-3.038918824201071e-06,-0.0005540921478720158,0.0004255482836684563,0.00022204284164651657,-0.00026745115482372067,6.277424468411523e-05
-3.2569712108714354e-06,-0.0005536688098469258,0.0004552544096580228,0.0002419240107661739,-0.000286486585666384,6.29675742765414e-05
-3.482459557636385e-06,-0.0005532457952461094,0.0004860784893946797,0.00026247916798177295,-0.0003062285503754928,6.316176340171679e-05
-3.715349354831266e-06,-0.0005528231038221358,0.0005180157395819376,0.0002837067068384529,-0.00032667423887194,6.33569378173872e-05
-3.955605706062826e-06,-0.0005524007353327892,0.0005510614331334364,0.00030560499678687365,-0.000347820871064456,6.355321743028476e-05
-4.203193356227422e-06,-0.0005519786895316695,0.0005852108971049366,0.00032817238398175693,-0.0003696656959098406,6.37507165223779e-05
-4.458076718099535e-06,-0.0005515569661741909,0.0006204595107075997,0.00035140719228050985,-0.00039220599051062,6.394954397580515e-05
-4.7202198975546564e-06,-0.0005511355650151747,0.0006568027033991598,0.0003753077239285117,-0.0004154390592496628,6.414980347932723e-05
-4.9895867174965185e-06,-0.0005507144858100423,0.0006942359530501795,0.000399872260399116,-0.00043936223295933563,6.435159373046912e-05
-5.26614074054821e-06,-0.0005502937283162097,0.0007327547841821569,0.0004250990631361276,-0.000463972868129232,6.455500863244935e-05
-5.549845290568269e-06,-0.0005498732922869544,0.0007723547662749352,0.000450986374328811,-0.0004892683461398856,6.476013748166155e-05
-5.840663473051584e-06,-0.000549453177480428,0.0008130315121405158,0.00047753241746984984,-0.0005152460725357921,6.496706514562628e-05
-6.138558194462592e-06,-0.0005490333836509244,0.0008547806763606628,0.0005047353981341052,-0.0005419034763206881,6.517587223748688e-05
-6.4434921805624945e-06,-0.000548613910556512,0.0008975979537860652,0.000532593504555821,-0.0005692380092875761,6.538663528191883e-05
-6.755427993768085e-06,-0.000548194757951679,0.0009414790780940686,0.0005611049082675942,-0.0005972471453740432,6.559942687447366e-05
-7.074328049601834e-06,-0.0005477759255932413,0.0009864198204034753,0.0005902677646900943,-0.0006259283800435044,6.581431583832596e-05
-7.400154632267438e-06,-0.0005473574132390316,0.0010324159879433034,0.0006200802135774302,-0.0006552792296960857,6.603136736514073e-05
-7.732869909399175e-06,-0.0005469392206442214,0.0010794634227741563,0.0006505403797383137,-0.0006852972310978337,6.625064316597134e-05
-8.072435946025674e-06,-0.0005465213475652625,0.0011275580005596128,0.0006816463733850299,-0.000715979940838813,6.647220160123585e-05
-8.418814717784916e-06,-0.0005461037937605356,0.0011766956293858646,0.000713396290677759,-0.0007473249348116958,6.669609781384317e-05
-8.77196812342724e-06,-0.0005456865589857744,0.0012268722486278043,0.0007457882142883865,-0.0007793298077130982,6.692238385770611e-05
-9.131857996645285e-06,-0.0005452696429991896,0.0012780838278595129,0.0007788202136511427,-0.0008119921725636737,6.715110881451002e-05
-9.49844611725855e-06,-0.0005448530455560846,0.0013303263658076222,0.0008124903455826454,-0.0008453096602493343,6.738231891431287e-05
-9.87169422179129e-06,-0.0005444367664160232,0.001383595889345716,0.0008467966545980685,-0.0008792799190826226,6.761605764602765e-05
-1.0251564013466357e-05,-0.0005440208053348224,0.0014378884525282143,0.0008817371732938011,-0.0009139006143824826,6.785236586447736e-05
-1.0638017171652155e-05,-0.0005436051620705262,0.0014932001356622526,0.00091730992281126,-0.0009491694280686425,6.809128189478155e-05
-1.1031015360783858e-05,-0.0005431898363807558,0.0015495270444159579,0.0009535129131193593,-0.000985084058277069,6.833284163379688e-05
-1.1430520238787197e-05,-0.0005427748280229204,0.001606865308961597,0.0009903441433874013,-0.001021642218989464,6.857707864063112e-05
-1.1836493465034273e-05,-0.0005423601367566151,0.0016652110831527937,0.0010278016023125378,-0.0010588416396785975,6.882402423414279e-05
-1.224889670784373e-05,-0.0005419457623377782,0.0017245605437335072,0.0010658832685003115,-0.0010966800649683825,6.907370757938507e-05
-1.2667691651563369e-05,-0.0005415317045263206,0.001784909889578432,0.0011045871105838942,-0.0011351552543083397,6.932615577023892e-05
-1.3092840003243219e-05,-0.0005411179630797555,0.0018462553409632175,0.0011439110878138637,-0.0011742649816629798,6.958139391528883e-05
-1.3524303498926474e-05,-0.0005407045377571924,0.0019085931388629484,0.0011838531500038382,-0.0012140070352119814,6.983944521301785e-05
-1.3962043909578096e-05,-0.0005402914283153051,0.001971919544278986,0.0012244112380842898,-0.0012543792170656588,7.010033102950114e-05
-1.440602304666678e-05,-0.0005398786345158467,0.0020362308375910954,0.0012655832841254539,-0.0012953793429906998,7.03640709691887e-05
-1.4856202767417263e-05,-0.0005394661561156505,0.002101523317936164,0.0013073672118036272,-0.0013370052421493171,7.063068294588899e-05
-1.531254497975514e-05,-0.0005390539928734651,0.002167793302610484,0.0013497609364333818,-0.0013792547568469737,7.090018325076877e-05
-1.577501164695635e-05,-0.0005386421445492916,0.0022350371264959856,0.0013927623653063354,-0.0014221257422921182,7.117258661207921e-05
-1.6243564792014877e-05,-0.0005382306109040433,0.0023032511415086924,0.0014363693979022782,-0.0014656160663679976,7.14479062646294e-05
-1.6718166501744106e-05,-0.0005378193916944184,0.0023724317160690334,0.0014805799260329102,-0.0015097236094102765,7.172615400310176e-05
-1.719877893063217e-05,-0.000537408486680567,0.0024425752345928076,0.001525391834074602,-0.0015544462639971001,7.200734024081189e-05
-1.768536430445806e-05,-0.0005369978956234998,0.002513678097002528,0.0015708029991808833,-0.001599781934748331,7.22914740675898e-05
-1.8177884923672133e-05,-0.0005365876182822707,0.0025857367182570007,0.001616811291427572,-0.0016457285381307727,7.257856329846496e-05
-1.8676303166579628e-05,-0.0005361776544184869,0.0026587475279007435,0.0016634145739554186,-0.0016922840022746267,7.286861452752329e-05
-1.9180581492302947e-05,-0.0005357680037898771,0.0027327069696298062,0.0017106107032425206,-0.0017394462667958894,7.316163317487405e-05
-1.9690682443570526e-05,-0.0005353586661599914,0.002807611500875465,0.0017583975290705173,-0.0017872132826260542,7.345762353613188e-05
-2.0192696699171965e-05,-0.0005349496612654277,0.002887419986238214,0.0018067747109249265,-0.0018355818172028902,7.375658882266805e-05
-2.0729280985556573e-05,-0.0005345409277167333,0.002960086085391896,0.0018557345637837143,-0.0018845534541305684,7.405853146946794e-05
-2.1242585482187625e-05,-0.0005341325488850621,0.003041809322221494,0.001905282446902069,-0.0019341212372607722,7.436345212957036e-05
-2.1790606913137364e-05,-0.0005337244383856257,0.0031163094097433858,0.0019554084223170117,-0.001984288325718182,7.467135156994037e-05
-2.2329140958938097e-05,-0.0005333166622204788,0.003195898511393288,0.0020061162607377557,-0.0020350487503269137,7.498222854201595e-05
-2.2859662410328696e-05,-0.0005329092199120693,0.0032803162213436666,0.002057403799147264,-0.0020864004366365823,7.529608175626916e-05
-2.3424048940272633e-05,-0.0005325020429895744,0.0033576908018367047,0.0021092626587011806,-0.002138345718711697,7.5612909081685e-05
-2.396562554223801e-05,-0.0005320952242163814,0.0034439527225656737,0.002161699049201669,-0.002190876762854398,7.593270670536775e-05
-2.4540962202848386e-05,-0.0005316886681155514,0.0035231619459187564,0.0022147021501120936,-0.002243997695407162,7.625547122173948e-05
-2.5093500385387095e-05,-0.0005312824718645207,0.00361124027132982,0.002268278573890119,-0.0022977002853551407,7.658119726775079e-05
-2.566569406963746e-05,-0.0005308765613495602,0.003696285412846467,0.0023224194373700014,-0.0023519873633146885,7.690988000065698e-05
-2.6257508724004206e-05,-0.0005304709340453115,0.0037781265021702122,0.0023771222613505733,-0.002406857263482731,7.724151295826313e-05
-2.6825880570144377e-05,-0.0005300656704514753,0.003868996467616773,0.002432392176824341,-0.0024623026477504674,7.75760889874565e-05
-2.742815638323035e-05,-0.0005296606617737447,0.00395267565437454,0.002488217092529466,-0.0025183288974385625,7.791360132970108e-05
-2.8007258121402007e-05,-0.0005292560181555453,0.004045293203180271,0.00254460481008501,-0.0025749266428862455,7.825404124309817e-05
-2.8619817175081378e-05,-0.0005288516272327938,0.004130807420936852,0.0026015428877135694,-0.0026321016551971938,7.859740080697541e-05
-2.920954120002945e-05,-0.000528447602567178,0.004225149435585546,0.0026590394448206475,-0.0026898442228230073,7.894367012180499e-05
-2.981856159917546e-05,-0.0005280438579485236,0.00431644421295278,0.0027170844272456428,-0.0027481583891244307,7.929284019679832e-05
-3.0446627385338793e-05,-0.0005276403911379825,0.004404584220938133,0.0027756753381554685,-0.00280704254710295,7.964490044243136e-05
-3.1051658924885234e-05,-0.0005272372938818111,0.004501586925343178,0.002834818347849046,-0.002866488313068428,7.999983975400405e-05
-3.167592827904763e-05,-0.0005268344739637713,0.004595510459017048,0.0028945028223963222,-0.0029265003146083973,8.03576477191024e-05
-3.231909870224313e-05,-0.0005264319292754317,0.004686271501303789,0.0029547262588895838,-0.0029870769679869722,8.071831231415156e-05
-3.293920875173654e-05,-0.0005260297571785845,0.004785881356476816,0.0030154953504617013,-0.0030482093782493187,8.108182106214556e-05
-3.3578412255365265e-05,-0.00052562785984233,0.004882404303239999,0.003076798917298293,-0.003109902734423682,8.144816230377027e-05
-3.4236298231017615e-05,-0.0005252262353065071,0.004975779019385303,0.0031386344523968578,-0.0031721554735031623,8.181732275402021e-05
-3.487125077171649e-05,-0.0005248249861086393,0.005077945257167715,0.0032010091348558855,-0.0032349582162199777,8.218928872702784e-05
-3.552507670105126e-05,-0.000524424009241721,0.005177038384654744,0.0032639112765277508,-0.0032983166853381516,8.256404747201398e-05
-3.61837063104152e-05,-0.0005240233387287657,0.0052769812805955356,0.003327341697235488,-0.003362226623551489,8.294158459451256e-05
-3.68608986411934e-05,-0.000523622937290795,0.005373745604360399,0.0033912946551854983,-0.0034266890800243818,8.332188579996975e-05
-3.751498512774996e-05,-0.0005232229158313589,0.005479322995899375,0.0034557781169517877,-0.0034916939143582234,8.370493601028185e-05
-3.818782649132843e-05,-0.0005228231629787541,0.005581797324060024,0.0035207795792778084,-0.00355724767385215,8.409072124365225e-05
-3.886533554731561e-05,-0.0005224237155447772,0.005685108536378537,0.003586300110043312,-0.0036233458735650363,8.447922582664226e-05
-3.956117545135743e-05,-0.0005220245336921905,0.005785244183349991,0.003652333701194873,-0.003689989848612752,8.487043427562752e-05
-4.023396887714985e-05,-0.0005216257360016879,0.00589414861675058,0.003718889048862936,-0.003757168740702978,8.526433034279635e-05
-4.092528438754842e-05,-0.0005212272034267711,0.005999952704174682,0.003785952893283327,-0.0038248898774781845,8.566089902201958e-05
-4.162113339861199e-05,-0.0005208289753393242,0.006106580859010231,0.003853526531772457,-0.003893148560018021,8.606012356815376e-05
-4.232148266679774e-05,-0.0005204310515049757,0.0062140298945852135,0.003921607636068126,-0.003961943085414832,8.646198750325964e-05
-4.303994212820327e-05,-0.0005200333886080238,0.006318287832207857,0.003990189837148295,-0.004031275170400349,8.686647412836472e-05
-4.373529733191144e-05,-0.000519636115669804,0.006431297703143423,0.004059282829360979,-0.004101132983763638,8.727356599075222e-05
-4.4448954058992235e-05,-0.0005192391032046335,0.006541191727646961,0.004128872323015478,-0.004171524901794696,8.768324706387876e-05
-4.5166979067192134e-05,-0.000518842394065331,0.006651893898781542,0.004198959930986774,-0.004242445932789853,8.809549949971877e-05
-4.5889339663196536e-05,-0.0005184459880186836,0.00676340105039318,0.004269543306063188,-0.004313894414549362,8.851030581020396e-05
-4.661600326247473e-05,-0.0005180498848350104,0.006875710020290302,0.0043406200972111505,-0.0043858686929202995,8.892764833103636e-05
-4.736049901341588e-05,-0.0005176540369361653,0.006984814469308944,0.004412183491449372,-0.00445837095307192,8.934750923477071e-05
-4.808185896141537e-05,-0.0005172585861282809,0.007102640720048995,0.004484244416953295,-0.0045313881605007,8.976986993538324e-05
-4.88212421649487e-05,-0.0005168633901427924,0.007217337635775708,0.004556787313909825,-0.004604929983308064,9.019471348652207e-05
-4.956479901544947e-05,-0.0005164684960960869,0.007332823733027011,0.00462981418622185,-0.004678991065986265,9.062202100564238e-05
-5.03124974701752e-05,-0.0005160739037557288,0.0074490958698290415,0.004703322664596437,-0.004753569794183553,9.105177407348194e-05
-5.106430559350481e-05,-0.0005156796128924571,0.007566150908113568,0.004777310376140959,-0.004828664561425627,9.148395413721786e-05
-5.182019155665664e-05,-0.0005152856232750885,0.007683985713710419,0.0048517749443671675,-0.004904273769092119,9.191854252270067e-05
-5.258012363743148e-05,-0.0005148919346738071,0.007802597156340489,0.004926713989212184,-0.004980395826391655,9.235552043712538e-05
-5.3344070219950896e-05,-0.0005144985468585814,0.007921982109610122,0.005002125127080378,-0.005057029150334339,9.279486897705545e-05
-5.412553800443998e-05,-0.0005141054052084856,0.008038113597086902,0.005078000810035507,-0.005134176690057854,9.323656913154182e-05
-5.4883630676100336e-05,-0.000513712672666377,0.008162979582529761,0.0051543540274167935,-0.0052118234159403976,9.368060110851069e-05
-5.565943713717484e-05,-0.0005133201858303141,0.00828466778008916,0.005231167107727078,-0.00528998111887892,9.41269470723584e-05
-5.643913259413871e-05,-0.0005129279988612574,0.008407116993837402,0.0053084427113101115,-0.005368643834048109,9.457558704130745e-05
-5.7222685960792605e-05,-0.0005125361115324405,0.008530324117239233,0.005386178436919199,-0.005447810017116866,9.50265016353806e-05
-5.801006625563439e-05,-0.0005121445236130062,0.008654286047594738,0.005464371879857222,-0.005527478131417133,9.547967139461122e-05
-5.880124260164275e-05,-0.0005117532348755255,0.008778999686036999,0.005543020632048382,-0.005607646647922634,9.593507678301626e-05
-5.9596184225974865e-05,-0.0005113622450891968,0.008904461937522552,0.0056221222818456955,-0.00568831404522306,9.639269819377086e-05
-6.0394860459759195e-05,-0.0005109715540277462,0.009030669710829118,0.005701674414214203,-0.005769478809505396,9.685251595226846e-05
-6.119724073781026e-05,-0.0005105811614616734,0.009157619918549301,0.005781674610701932,-0.005851139434530962,9.731451032142253e-05
-6.200329459839267e-05,-0.0005101910671640661,0.009285309477084972,0.005862120449400628,-0.005933294421613118,9.777866150369576e-05
-6.281299168294825e-05,-0.0005098012709064473,0.009413735306641344,0.005943009505049972,-0.006015942279595464,9.824494964785638e-05
-6.362630173587045e-05,-0.000509411772460576,0.009542894331224036,0.006024339348905065,-0.006099081524831185,9.871335484909786e-05
-6.445654372687375e-05,-0.0005090225070888167,0.00966877620602506,0.006106101359707834,-0.006182716221749553,9.91838571541611e-05
-6.526339345266237e-05,-0.000508633668094699,0.009803319532759293,0.006188311547236487,-0.006266828410016996,9.965643575670854e-05
-6.60873668420871e-05,-0.0005082450617212818,0.009934661150459982,0.00627094915060906,-0.006351432988980544,0.00010013107224018242
-6.691483310297637e-05,-0.0005078567522503741,0.010066723669626429,0.006354017793664405,-0.006436523095272541,0.00010060774570991088
-6.774576249266983e-05,-0.0005074687394565416,0.010199504033718098,0.006437515030875915,-0.00652209728247194,0.00010108643605191269
-6.858012536990506e-05,-0.0005070810231121159,0.01033299918995438,0.006521438413391102,-0.006608154111538948,0.00010156712311675106
-6.941789219458558e-05,-0.000506693602989574,0.010467206089311244,0.006605785488983986,-0.006694692150792824,0.00010204978672526685
-7.025903352754397e-05,-0.0005063064788654904,0.010602121686516936,0.00669055380213629,-0.006781709975891405,0.00010253440667034935
-7.110352003028649e-05,-0.000505919650510292,0.010737742940049533,0.006775740894055977,-0.0068692061698087895,0.00010302096271909769
-7.195132246475352e-05,-0.0005055331177019409,0.0108740668121287,0.006861344302587499,-0.006957179322812969,0.00010350943461663164
-7.280241169308456e-05,-0.0005051468802110201,0.011011090268717959,0.006947361562331157,-0.0070456280324461724,0.00010399980208491153
-7.365675867736763e-05,-0.0005047609378130251,0.011148810279515638,0.007033790204621747,-0.007134550903500454,0.00010449204483031597
-7.451433447940843e-05,-0.0005043752902833994,0.011287223817953171,0.007120627757440552,-0.007223946547996166,0.000104986142539299
-7.537511026048694e-05,-0.0005039899373968648,0.011426327861192383,0.007207871745606235,-0.007313813585162741,0.00010548207488756105
-7.623905728110571e-05,-0.0005036048789270574,0.011566119390119473,0.007295519690620709,-0.007404150641412975,0.00010597982153594167
-7.71061469007716e-05,-0.0005032201146497745,0.011706595389343339,0.0073835691107556846,-0.007494956350320888,0.00010647936213473109
-7.797635057775715e-05,-0.0005028356443388914,0.011847752847193433,0.007472017521089035,-0.0075862293526019545,0.00010698067632736001
-7.884963986884037e-05,-0.0005024514677721623,0.01198958875571081,0.007560862433418175,-0.007677968296084855,0.0001074837437483084
-7.972598642910227e-05,-0.0005020675847243646,0.012132100110652534,0.0076501013563452696,-0.007770171835695935,0.0001079885440269531
-8.060536201166334e-05,-0.0005016839949710319,0.012275283911482686,0.007739731795290102,-0.007862838633430156,0.00010849505678980909
-8.148773846744567e-05,-0.0005013006982876357,0.012419137161368868,0.007829751252461183,-0.00795596735832843,0.00010900326166089118
-8.23730877449847e-05,-0.0005009176944516698,0.012563656867185215,0.007920157226853502,-0.008049556686456728,0.00010951313826255494
-8.3261381890136e-05,-0.0005005349832371032,0.01270884003950321,0.008010947214341311,-0.008143605300880678,0.0001100246662201123
-8.415259304587409e-05,-0.0005001525644221516,0.012854683692589032,0.008102118707561336,-0.008238111891639305,0.00011053782515840554
-8.504669345206534e-05,-0.000499770437781346,0.013001184844406039,0.008193669196096156,-0.008333075155726701,0.00011105259470688524
-8.594365544521454e-05,-0.0004993886030937658,0.013148340516604027,0.008285596166264586,-0.008428493797060217,0.00011156895450006301
-8.684345145825446e-05,-0.0004990070601365408,0.013296147734522484,0.008377897101356597,-0.008524366526460499,0.00011208688417652926
-8.774605402030849e-05,-0.0004986258086858639,0.013444603527187123,0.008470569481442347,-0.008620692061626323,0.00011260636338322142
-8.865143575644136e-05,-0.0004982448485185212,0.013593704927302046,0.008563610783540057,-0.008717469127106229,0.00011312737177578787
-8.955956938746938e-05,-0.0004978641794115141,0.013743448971255172,0.008657018481542707,-0.008814696454277512,0.00011364988901768928
-9.047042772969206e-05,-0.0004974838011445396,0.013893832699106502,0.00875079004623183,-0.008912372781314884,0.00011417389478230941
-9.13839836946952e-05,-0.0004971037134932528,0.014044853154594252,0.008844922945357013,-0.009010496853170066,0.00011469936875595612
-9.230021028910843e-05,-0.0004967239162367403,0.014196507385126662,0.008939414643501755,-0.009109067421541453,0.00011522629063551127
-9.321908061437294e-05,-0.0004963444091528671,0.01434879244178049,0.009034262602296226,-0.009208083244848621,0.00011575464013084766
-9.414056786653162e-05,-0.0004959651920204977,0.014501705379300558,0.009129464280216982,-0.009307543088207035,0.00011628439696670986
-9.506464533598716e-05,-0.0004955862646184965,0.014655243256094037,0.009225017132757484,-0.009407445723399266,0.00011681554088061648
-9.599128640729291e-05,-0.0004952076267239133,0.014809403134233508,0.009320918612375736,-0.00950778992884792,0.00011734805162676686
-9.692046455890054e-05,-0.0004948292781156126,0.014964182079447219,0.00941716616852938,-0.009608574489586868,0.00011788190897643472
-9.785215336299225e-05,-0.0004944512185739887,0.015119577161124657,0.009513757247601534,-0.009709798197235657,0.00011841709271551452
-9.878632648518548e-05,-0.0004940734478777499,0.015275585452307672,0.00961068929305091,-0.009811459849968736,0.00011895358264937383
-9.972295768435381e-05,-0.0004936959658050043,0.015432204029691381,0.009707959745315466,-0.009913558252487976,0.0001194913585993774
-0.00010066202081241522,-0.0004933187721361566,0.015589429973624896,0.00980556604185152,-0.010016092215995778,0.00012003040040836892
-0.00010160348981407076,-0.0004929418666522502,0.01574726036810179,0.009903505617200364,-0.010119060558160514,0.00012057068793571964
-0.0001025473387266146,-0.000492565249130588,0.015905692300766276,0.010001775902887025,-0.010222462103092763,0.00012111220106262449
-0.00010349354167970893,-0.0004921889193530947,0.016064722862906278,0.010100374327577526,-0.010326295681313123,0.0001216549196903006
-0.00010444207289512668,-0.0004918128770985929,0.016224349149448564,0.010199298316986048,-0.010430560129718975,0.00012219882374035545
-0.00010539290668660607,-0.0004914371221475047,0.016384568258967693,0.010298545293850124,-0.010535254291562624,0.0001227438931566227
-0.00010634601745957731,-0.0004910616542819005,0.016545377293673138,0.010398112678107379,-0.010640377016411134,0.00012329010790314851
-0.00010730137971093614,-0.0004906864732810608,0.016706773359411092,0.010497997886774768,-0.010745927160120764,0.00012383744796734064
-0.00010825896802886223,-0.0004903115789257895,0.01686875356566474,0.010598198333958848,-0.010851903584803525,0.00012438589335978661
-0.00010921875709259597,-0.0004899369709977404,0.017031315025551424,0.01069871143096187,-0.010958305158797426,0.00012493542411260187
-0.00011018072167217675,-0.0004895626492762636,0.017194454855816957,0.01079953458618239,-0.01106513075663278,0.00012548602028184148
-0.00011114483662831219,-0.0004891886135459551,0.017358170176841433,0.010900665205254704,-0.011172379259001547,0.00012603766194641593
-0.00011211107691205615,-0.0004888148635845795,0.017522458112629702,0.011002100690937858,-0.011280049552722684,0.00012659032921063292
-0.00011307941756470981,-0.0004884413991772842,0.01768731579081738,0.011103838443182301,-0.011388140530712066,0.00012714400220105579
-0.00011404983371748321,-0.0004880682201041757,0.017852740342659698,0.011205875859212911,-0.01149665109194595,0.0001276986610697999
-0.0001150223005913871,-0.00048769532614712993,0.01801872890304068,0.011308210333388304,-0.011605580141431024,0.00012825428599232613
-0.00011599679349696241,-0.00048732271708867847,0.018185278610463877,0.0114108392573851,-0.011714926590169936,0.00012881085717062835
-0.00011697328783408857,-0.0004869503927111517,0.0183523866070545,0.011513760020036328,-0.011824689355124941,0.00012936835482909442
-0.00011795175909173916,-0.00048657835279717135,0.018520050038553282,0.011616970007529953,-0.01193486735918546,0.00012992675921818467
-0.00011893218284782357,-0.00048620659712882153,0.018688266054324096,0.011720466603278775,-0.012045459531133904,0.00013048605061451602
-0.00011991453476892304,-0.00048583512548855054,0.01885703180734242,0.011824247187989745,-0.012156464805607978,0.00013104620931734179
-0.00012089879061011586,-0.00048546393766201595,0.019026344454199068,0.011928309139724815,-0.01226788212306847,0.00013160721565329573
-0.00012188492621473486,-0.0004850930334289981,0.019196201155099332,0.012032649833782372,-0.012379710429763978,0.00013216904997284716
-0.00012287291751419968,-0.0004847224125736453,0.019366599073861845,0.012137266642910474,-0.0124919486776933,0.0001327316926519554
-0.00012386274052774405,-0.00048435207488054313,0.019537535377909247,0.0122421569370679,-0.012604595824565164,0.00013329512409165174
-0.0001248543713623145,-0.00048398202013279906,0.01970900723828534,0.012347318083743933,-0.01271765083377572,0.0001338593247177072
-0.00012584778621219493,-0.00048361224811455106,0.01988101182962755,0.012452747447681725,-0.012831112674350838,0.00013442427498137465
-0.00012684296135896127,-0.00048324275861048177,0.02005354633018896,0.012558442391071465,-0.012944980320930125,0.0001349899553581774
-0.00012783987317120082,-0.00048287355140263014,0.020226607921829655,0.012664400273494478,-0.013059252753717209,0.0001355563463491783
-0.00012883849810426954,-0.00048250462627751414,0.02040019379000465,0.012770618452027583,-0.013173928958440988,0.00013612342847787963
-0.00012983881270019402,-0.0004821359830181858,0.020574301123785374,0.01287709428110943,-0.013289007926330648,0.00013669118229420315
-0.00013084079358732868,-0.000481767621410608,0.020748927115831792,0.012983825112648463,-0.013404488654059235,0.0001372595883698262
-0.00013184441748024202,-0.00048139954123777723,0.020924068962411814,0.013090808296095699,-0.013520370143720685,0.00013782862730340496
-0.00013284966117951168,-0.0004810317422849729,0.021099723863394208,0.013198041178336027,-0.013636651402783657,0.0001383982797140376
-0.00013385650157146607,-0.0004806642243390252,0.021275889022241853,0.013305521103773406,-0.013753331444053092,0.0001389685262432284
-0.00013486491562803073,-0.0004802969871850367,0.02145256164601942,0.01341324541433227,-0.013870409285632896,0.00013953934755870116
-0.0001358748804064544,-0.0004799300306064687,0.02162973894538168,0.013521211449508994,-0.013987883950884369,0.00014011072434592627
-0.00013688637304922163,-0.0004795633543895443,0.02180741813458927,0.01362941654630178,-0.014105754468388226,0.00014068263731566904
-0.00013789937078372155,-0.00047919695832199585,0.021985596431485396,0.013737858039318545,-0.014224019871901193,0.00014125506719730617
-0.00013891385092212424,-0.0004788308421883533,0.022164271057512872,0.013846533260777389,-0.01434267920032027,0.00014182799474240972
-0.00013992979086116823,-0.00047846500577367057,0.022343439237709456,0.013955439540431104,-0.014461731497638679,0.00014240140072208692
-0.0001409471680819403,-0.00047809944886563135,0.02252309820069897,0.014064574205727893,-0.014581175812906706,0.00014297526592566044
-0.00014196596014968141,-0.00047773417125135387,0.02270324517869943,0.014173934581684883,-0.014701011200188964,0.00014354957116207052
-0.00014298614471356454,-0.00047736917271529525,0.02288387740751522,0.014283517991060765,-0.014821236718522424,0.00014412429725802877
-0.00014400769950654612,-0.00047700445304689476,0.023064992126540687,0.014393321754201794,-0.014941851431878135,0.00014469942505624094
-0.00014503060234512285,-0.00047664001203050893,0.023246586578761677,0.014503343189175368,-0.015062854409116776,0.00014527493541723491
-0.0001460548311291262,-0.0004762758494554209,0.023428658010744122,0.014613579611719432,-0.015184244723944912,0.00014585080921407237
-0.00014708036384159212,-0.00047591196510743394,0.023611203672649014,0.014724028335397005,-0.01530602145487688,0.0001464270273354518
-0.00014810717854842238,-0.0004755483587740618,0.023794220818211073,0.014834686671389211,-0.015428183685185956,0.00014700357068475438
-0.00014913525339835135,-0.0004751850302436231,0.023977706704758156,0.014945551928677758,-0.015550730502866952,0.0001475804201728501
-0.00015016456662265843,-0.00047482197930268435,0.024161658593203954,0.015056621414032946,-0.015673661000594707,0.0001481575567260484
-0.00015119509653491363,-0.0004744592057395365,0.024346073748030925,0.015167892431964798,-0.01579697427566742,0.0001487349612755498
-0.0001522268215309545,-0.00047409670934337594,0.024530949437322685,0.015279362284802495,-0.01592066942998179,0.00014931261476351827
-0.00015325972008852274,-0.000473734489902098,0.02471628293273117,0.01539102827274144,-0.016044745569974733,0.0001498904981370279
-0.00015429377076708954,-0.000473372547204004,0.024902071509487384,0.015502887693735725,-0.01616920180658224,0.00015046859234839295
-0.0001553289522077991,-0.0004730108810375791,0.02508831244641529,0.01561493784362289,-0.01629403725520299,0.00015104687835239706
-0.0001563652431330765,-0.00047264949119141947,0.025275003025904186,0.01572717601612788,-0.016419251035641777,0.00015162533710684793
-0.00015740262234657703,-0.0004722883774533754,0.025462140533930817,0.015839599502785257,-0.0165448422720729,0.00015220394956656476
-0.00015844106873294,-0.0004719275396144196,0.025649722260044826,0.015952205593127003,-0.016670810092991668,0.000152782696685806
-0.00015948056125756534,-0.0004715669774621109,0.025837745497372798,0.016064991574535028,-0.016797153631168484,0.00015336155941293554
-0.00016052107896649887,-0.00047120669078774824,0.026026207542622175,0.016177954732291704,-0.016923872023608465,0.0001539405186889429
-0.00016156260098613973,-0.0004708466793782867,0.0262151056960724,0.016291092349695713,-0.017050964411499135,0.00015451955544731064
-0.0001626051065231411,-0.0004704869430257712,0.026404437261579698,0.016404401707966965,-0.01717842994016806,0.00015509865060775972
-0.00016364857486413054,-0.0004701274815190476,0.02659419954657134,0.016517880086246425,-0.01730626775903308,0.0001556777850751168
-0.00016469298537560511,-0.00046976829464764197,0.026784389862055384,0.016631524761747982,-0.01743447702156453,0.00015625693973752262
-0.00016573831750365563,-0.00046940938220205175,0.026975005522606694,0.016745333009602438,-0.01756305688522681,0.00015683609546281478
-0.0001667845507738442,-0.00046905074397405114,0.027166043846374464,0.016859302102992375,-0.017692006511439973,0.00015741523309323194
-0.00016783166479097012,-0.00046869237975187203,0.027357502155084396,0.016973429313146333,-0.01782132506553269,0.00015799433344673838
-0.00016887963923887308,-0.00046833428932702495,0.027549377774025132,0.017087711909320853,-0.01795101171668812,0.00015857337730722492
-0.00016992845388030036,-0.00046797647249083654,0.027741668032065316,0.017202147158732882,-0.018081065637904323,0.0001591523454250788
-0.00017097808855665966,-0.000467618929033603,0.027934370261641146,0.017316732326784316,-0.0182114860059433,0.00015973121851351043
-0.000172028523187816,-0.000467261658747789,0.028127481798750315,0.017431464676867323,-0.018342272001279154,0.00016030997723930638
-0.00017307973777201812,-0.0004669046614234548,0.028320999982978805,0.017546341470476148,-0.018473422808064945,0.00016088860222467083
-0.00017413171238551704,-0.0004665479368516044,0.028514922157461205,0.01766135996723706,-0.018604937614062712,0.0001614670740382163
-0.00017518442718253194,-0.0004661914848241057,0.028709245668909863,0.01777651742482026,-0.018736815610611038,0.00016204537319025993
-0.00017623786239508976,-0.0004658353051338049,0.028903967867611687,0.017891811098991663,-0.018869055992576596,0.00016262348012825332
-0.00017729199833262872,-0.00046547939757123763,0.0290990861074059,0.018007238243701023,-0.019001657958293127,0.00016320137523159447
-0.00017834681538203825,-0.0004651237619300898,0.02929459774570969,0.018122796110983136,-0.019134620709526925,0.00016377903880443424
-0.00017940229400736164,-0.0004647683980009698,0.029490500143506144,0.018238481950972222,-0.01926794345141972,0.00016435645106974974
-0.00018045841474959823,-0.0004644133055765956,0.029686790665338036,0.01835429301203005,-0.01940162539244175,0.00016493359216157837
-0.0001815151582265878,-0.00046405848445177367,0.02988346667931873,0.018470226540535137,-0.019535665744342123,0.00016551044211966185
-0.0001825725051327565,-0.0004637039344170743,0.03008052555712711,0.018586279781080926,-0.019670063722101398,0.00016608698087989052
-0.00018363043623895065,-0.0004633496552645597,0.030277964674006234,0.018702449976402708,-0.019804818543880998,0.0001666631882677491
-0.000184688932392264,-0.00046299564678937283,0.030475781408757084,0.01881873436738302,-0.019939929430968166,0.000167239043987767
-0.00018574797451587855,-0.00046264190878360714,0.030673973143756205,0.018935130192958928,-0.020075395607738137,0.00016781452761719133
-0.0001868075436088104,-0.00046228844104003255,0.030872537264935423,0.019051634690373433,-0.020211216301593345,0.00016838961859322365
-0.00018786762074574946,-0.0004619352433540072,0.031071471161786015,0.01916824509483627,-0.020347390742914275,0.0001689642962053703
-0.00018892818707698397,-0.00046158231551749265,0.03127077222737976,0.019284958639813846,-0.02048391816502561,0.00016953853958223079
-0.00018998922382799596,-0.0004612296573251809,0.03147043785832791,0.01940177255679794,-0.020620797804115475,0.00017011232768330414
-0.0001910507122994852,-0.00046087726857144476,0.031670465454814965,0.01951868407548412,-0.02075802889921203,0.0001706856392835526
-0.0001921126338671084,-0.0004605251490491444,0.03187085242059353,0.019635690423643812,-0.020895610692129075,0.00017125845296173635
-0.00019317496998125827,-0.00046017329855477934,0.03207159616296203,0.019752788827131763,-0.021033542427395753,0.00017183074708766862
-0.00019423770216695058,-0.00045982171687993303,0.032272694092794665,0.01986997650987208,-0.021171823352233554,0.00017240249980658272
-0.00019530081202358295,-0.0004594704038208379,0.03247414362451335,0.01998725069385281,-0.021310452716486204,0.00017297368902389988
-0.00019636428122480042,-0.00045911935917129776,0.03267594217610951,0.020104608599153216,-0.02144942977257519,0.00017354429239016837
-0.00019742809151830458,-0.00045876858272805507,0.032878087169130585,0.0202220474438374,-0.021588753775449967,0.0001741142872824005
-0.00019849222472565788,-0.00045841807428455283,0.033080576028683945,0.02033956444391893,-0.02172842398253617,0.00017468365078592354
-0.00019955666274210294,-0.0004580678336366939,0.033283406183437274,0.020457156813481363,-0.021868439653686605,0.00017525235967663557
-0.00020062138753637498,-0.00045771786057987804,0.03348657506561109,0.020574821764457015,-0.02200880005112074,0.00017582039039949196
-0.0002016863811505779,-0.0004573681549085648,0.033690080110994454,0.020692556506725676,-0.02214950443939108,0.00017638771904621457
-0.00020275162569997475,-0.0004570187164204646,0.033893918758931524,0.020810358248036374,-0.022290552085317817,0.00017695432133385232
-0.00020381710337270372,-0.00045666954490997114,0.034098088452314566,0.0209282241939198,-0.02243194225793799,0.0001775201725780812
-0.00020488279642981086,-0.0004563206401738337,0.03430258663760757,0.021046151547712093,-0.022573674228463507,0.00017808524767018224
-0.00020594868720489955,-0.00045597200200699767,0.034507410764824935,0.02116413751054936,-0.02271574727022837,0.000178649521049643
-0.00020701475810401833,-0.0004556236302079436,0.03471255828753681,0.021282179281085296,-0.022858160658624314,0.00017921296667099
-0.0002080809916054594,-0.0004552755245704303,0.03491802666287267,0.021400274055733397,-0.023000913671069805,0.00017977555797930606
-0.0002091473702596564,-0.0004549276848942359,0.035123813351521385,0.021518419028428024,-0.023144005586942868,0.00018033726787286975
-0.00021021387668889124,-0.00045458011097442713,0.035329915817724065,0.02163661139051143,-0.023287435687539184,0.00018089806867179533
-0.00021128049358717325,-0.0004542328026079165,0.035536331529273775,0.021754848330850576,-0.02343120325601501,0.00018145793207959785
-0.00021234720372010038,-0.00045388575959135966,0.035743057957529696,0.021873127035551203,-0.02357530757734328,0.00018201682914606616
-0.000213413989924654,-0.000453538981722814,0.03595009257740063,0.0219914446880117,-0.023719747938257263,0.0001825747302258711
-0.00021448083510897074,-0.0004531924687997159,0.03615743286734625,0.022109798468749945,-0.023864523627196675,0.00018313160493423465
-0.0002155477222522977,-0.00045284622061888755,0.03636507630939666,0.022228185555357893,-0.02400963393427384,0.00018368742210417548
-0.00021661463440464615,-0.00045250023698058944,0.03657302038911462,0.02234660312234279,-0.02415507815119561,0.00018424214973443084
-0.00021768155468670835,-0.00045215451767797316,0.036781262595631935,0.022465048341087788,-0.02430085557123774,0.00018479575494026847
-0.00021874846628983796,-0.000451809062513131,0.03698980042164204,0.022583518379566375,-0.02444696548918891,0.00018534820389944908
-0.00021981535247552083,-0.00045146387128387755,0.03719863136336968,0.022702010402439028,-0.024593407201283654,0.00018589946179362353
-0.00022088219657548673,-0.00045111894378681294,0.03740775292060975,0.02282052157071585,-0.024740180005174695,0.0001864494927478564
-0.00022194898199154106,-0.00045077427982300605,0.03761716259671517,0.02293904904170863,-0.024887283199877614,0.00018699825976514328
-0.00022301569219508474,-0.0004504298791869442,0.037826857898571584,0.02305758996883972,-0.025034716085700345,0.000187545724663939
-0.00022408231072740858,-0.00045008574168031723,0.038036836336643884,0.023176141501417374,-0.025182477964234503,0.00018809184799786598
-0.00022514882119910166,-0.0004497418671020534,0.03824709542492743,0.023294700784553705,-0.02533056813826287,0.00018863658898621207
-0.0002262152072901397,-0.0004493982552507096,0.03845763268098626,0.02341326495891467,-0.025478985911742504,0.00018917990543087073
-0.0002272814527495912,-0.00044905490592666436,0.03866844562592676,0.023531831160452862,-0.02562773058973434,0.00018972175363184
-0.0002283475413954828,-0.00044871181892835316,0.038879531784413425,0.02365039652030819,-0.025776801478373752,0.0001902620882998085
-0.0002294134571146579,-0.00044836899405415603,0.039090888684666925,0.023768958164416702,-0.02592619788480832,0.00019080086245875857
-0.00023047918386249572,-0.00044802643110557205,0.039302513858442696,0.023887513213441524,-0.0260759191171501,0.00019133802734740179
-0.0002315447056629737,-0.0004476841298827368,0.03951440484107429,0.024006058782299885,-0.026225964484444343,0.00019187353231400273
-0.00023261000660818103,-0.0004473420901840684,0.03972655917142209,0.024124591980070914,-0.026376333296601887,0.0001924073247064704
-0.00023367507085843224,-0.00044700031180998703,0.03993897439191875,0.024243109909554948,-0.026527024864372434,0.0001929393497539975
-0.00023473988264193006,-0.00044665879456333435,0.040151648048529553,0.02436160966703654,-0.026678038499276236,0.000193469550445414
-0.0002358044262546509,-0.0004463175382420151,0.04036457769078506,0.024480088341901834,-0.026829373513577493,0.00019399786739875222
-0.00023686868606018484,-0.0004459765426471293,0.040577760871762764,0.024598543016280817,-0.02698102922023516,0.00019452423872576502
-0.00023793264648953565,-0.00044563580757922897,0.0407911951480852,0.024716970764757075,-0.027133004932849664,0.0001950485998896698
-0.00023899629204107885,-0.00044529533284045145,0.041004878079943255,0.024835368653814374,-0.027285299965636358,0.0001955708835516155
-0.00024005960728009848,-0.00044495511823104336,0.041218807231050446,0.024953733741574013,-0.027437913633353475,0.00019609101941756892
-0.00024112257683896426,-0.00044461516355310746,0.0414329801686912,0.02507206307727586,-0.027590845251293822,0.00019660893406904176
-0.00024218518541684793,-0.000444275468607664,0.04164739446371019,0.025190353700831867,-0.0277440941352283,0.00019712455079275897
-0.00024324741777930742,-0.0004439360331946092,0.04186204769046537,0.02530860264229258,-0.027897659601344025,0.0001976377893976528
-0.000244309258758562,-0.0004435968571173156,0.04207693742690086,0.025426806921445503,-0.028051540966242856,0.00019814856602650473
-0.0002453706932530265,-0.0004432579401773898,0.04229206125449881,0.025544963547192736,-0.02820573754687743,0.00019865679295603218
-0.0002464317062271476,-0.00044291928217742027,0.042507416758278335,0.025663069517049462,-0.028360248660507542,0.00019916237839490104
-0.00024749228271143806,-0.0004425808829190657,0.04272300152682757,0.02578112181650011,-0.028515073624684223,0.0001996652262647794
-0.0002485524078020761,-0.0004422427422054488,0.04293881315227274,0.025899117418455433,-0.028670211757195235,0.00020016523597999897
-0.00024961206666093255,-0.00044190485983730196,0.04315484923030096,0.026017053282576544,-0.028825662376042005,0.00020066230221534075
-0.00025067124451521504,-0.0004415672356172795,0.04337110736012226,0.026134926354686925,-0.02898142479938307,0.00020115631466513517
-0.00025172992665759117,-0.0004412298693494722,0.0435875851445322,0.026252733565974132,-0.029137498345532812,0.00020164715779515336
-0.0002527880984457094,-0.00044089276083676687,0.04380428018985101,0.026370471832433063,-0.029293882332902216,0.00020213471059098674
-0.0002538457453021727,-0.0004405559098817312,0.04402119010594589,0.0264881380540571,-0.029450576079973152,0.00020261884628962768
-0.0002549028527144718,-0.0004402193162874289,0.04423831250625322,0.026605729114099887,-0.02960757890528616,0.00020309943211408756
-0.000255959406234669,-0.0004398829798569724,0.044455645007742045,0.026723241878353177,-0.02976489012738482,0.00020357632899401477
-0.00025701539147925166,-0.0004395469003939563,0.04467318523092453,0.0268406731943669,-0.029922509064804297,0.00020404939128713115
-0.00025807079412915095,-0.00043921107770345316,0.04489093079988186,0.026958019890587225,-0.030080435036044365,0.0002045184664913012
-0.0002591255999293118,-0.0004388755115885129,0.04510887934222554,0.0270752787757129,-0.0302386673595429,0.00020498339495943945
-0.0002601797946887659,-0.00043854020185127296,0.04532702848913175,0.0271924466377433,-0.03039720535365502,0.00020544400960563133
-0.00026123336428023774,-0.000438205148297878,0.04554537587529742,0.027309520243246833,-0.030556048336613843,0.00020590013561588502
-0.00026228629464029445,-0.00043787035073305364,0.04576391913900198,0.027426496336547562,-0.03071519562654566,0.00020635159016082474
-0.0002633385717688613,-0.0004375358089592704,0.04598265592204923,0.02754337163898759,-0.03087464654142013,0.00020679818211057684
-0.00026439018172927955,-0.0004372015227831101,0.04620158386979479,0.02766014284803506,-0.03103440039903948,0.0002072397117548041
-0.00026544111064808444,-0.0004368674920084102,0.04642070063115408,0.02777680663674614,-0.031194456517038182,0.00020767597053908578
-0.00026649134471477224,-0.0004365337164394384,0.04664000385857314,0.027893359652819118,-0.031354814212847644,0.00020810674080327897
-0.0002675408701816962,-0.00043620019588128806,0.04685949120804604,0.028009798518125094,-0.03151547280369056,0.0002085317955461516
-0.0002685896733641059,-0.00043586693014028774,0.047079160339143084,0.02812611982808796,-0.03167643160659154,0.00020895089820430852
-0.0002696377406395213,-0.00043553391902080574,0.047299008914939766,0.028242320151023372,-0.03183768993832631,0.0002093638024575394
-0.0002706850584481076,-0.0004352011623281471,0.04751903460209442,0.02835839602782362,-0.03199924711544762,0.00020977025206362146
-0.0002717316132921031,-0.00043486865986991016,0.04773923507079152,0.028474343971575465,-0.032161102454264436,0.00021016998072792342
-0.0002727773917358638,-0.00043453641144948485,0.04795960799476579,0.02859016046738739,-0.032323255270830416,0.00021056271201416905
-0.00027382238040566975,-0.0004342044168727105,0.04818015105130685,0.02870584197223112,-0.032485704880955396,0.00021094815930310443
-0.00027486656598958703,-0.00043387267594703627,0.04840086192124788,0.02882138491501651,-0.03264845060018784,0.0002113260258007955
-0.00027590993523730613,-0.0004335411884780621,0.048621738288969533,0.02893678569693943,-0.032811491743814675,0.00021169600461685197
-0.00027695247495986523,-0.0004332099542718182,0.04884277784239076,0.02905204069180184,-0.03297482762685618,0.0002120577789002133
-0.000277994172029684,-0.00043287897313668694,0.04906397827298312,0.029167146246812096,-0.03313845756406859,0.00021241102206326877
-0.0002790350133803364,-0.0004325482448756038,0.049285337275781,0.029282098683456458,-0.033302380869944956,0.00021275539808484874
-0.0002800749860062994,-0.00043221776929937977,0.049506852549329065,0.02939689429869779,-0.03346659685869138,0.00021309056190904401
-0.0002811140769629675,-0.00043188754621212994,0.04972852179575624,0.029511529366485042,-0.03363110484424836,0.00021341615994980353
-0.00028215227336634863,-0.00043155757542236856,0.049950342720717425,0.029626000139700938,-0.033795904140269416,0.00021373183070585305
-0.00028318956239296097,-0.00043122785673733316,0.050172313033410985,0.029740302852249472,-0.03396099406011236,0.00021403720550000052
-0.00028422593127976536,-0.00043089838996458393,0.05039443044659533,0.029854433721663347,-0.03412637391684476,0.00021433190934655455
-0.0002852613673238658,-0.00043056917491033145,0.05061669267656834,0.029968388952205216,-0.034292043023218054,0.00021461556196119592
-0.0002862958578824509,-0.00043024021138193813,0.05083909744317626,0.03008216473818487,-0.03445800069165103,0.00021488777891920906
-0.0002873293903725573,-0.00042991149918928176,0.05106164246979975,0.030195757267973786,-0.034624246234215145,0.0002151481729625016
-0.0002883619522710877,-0.00042958303813991905,0.05128432548338339,0.03030916272831639,-0.03479077896261344,0.00021539635547651462
-0.0002893935311144745,-0.00042925482804031384,0.051507144214413304,0.03042237730922015,-0.03495759818813727,0.00021563193812713499
-0.0002904241144985214,-0.0004289268686996986,0.051730096396899815,0.030535397209393036,-0.03512470322162466,0.00021585453466976563
-0.00029145369007853956,-0.00042859915992674025,0.05195317976844114,0.030648218642067425,-0.03529209337345421,0.00021606376292955662
-0.0002924822455687683,-0.0004282717015292037,0.05217639207014432,0.030760837841427854,-0.035459767953426966,0.0002162592469499209
-0.000293509768742523,-0.0004279444933183961,0.05239973104666523,0.030873251069538647,-0.03562772627075242,0.0002164406193102819
-0.00029453624743205106,-0.00042761753510041356,0.05262319444624315,0.03098545462370828,-0.03579596763397142,0.00021660752360218001
-0.00029556166952808826,-0.0004272908266856404,0.052846780020608206,0.031097444844322798,-0.03596449135082924,0.00021675961705768876
-0.00029658602298007574,-0.00042696436788233066,0.053070485525076656,0.031209218123147236,-0.03613329672823586,0.00021689657331563006
-0.0002976092957958004,-0.00042663815849846784,0.05329430871850111,0.03132077091188385,-0.03630238307210984,0.0002170180853102643
-0.00029863147604122634,-0.00042631219834583095,0.0535182473632585,0.03143209973122062,-0.03647174968726631,0.00021712386826096492
-0.0002996525518405119,-0.0004259864872337947,0.05374229922530286,0.03154320117993466,-0.036641395877289935,0.0002172136627384266
-0.0003006725113757658,-0.00042566102497296546,0.053966462074122735,0.03165407194425124,-0.03681132094436289,0.00021728723778205016
-0.00030169134288669086,-0.00042533581137005685,0.054190733682734575,0.0317647088072653,-0.03698152418909138,0.00021734439403633043
-0.00030270903467085296,-0.0004250108462377812,0.054415111827723586,0.03187510865829797,-0.037152004910321154,0.00021738496686459288
-0.000303725575083186,-0.0004246861293854959,0.05463959428920298,0.031985268502069064,-0.03732276240493238,0.00021740882941284276
-0.00030474095253607607,-0.0004243616606230613,0.054864178850851875,0.03209518546772552,-0.03749379596761374,0.0002174158955741503
-0.0003057551554989598,-0.000424037439762482,0.05508886329986572,0.032204856817178544,-0.0376651048906051,0.0002174061228095779
-0.0003067681724984468,-0.00042371346661171025,0.05531364542701466,0.032314279953307976,-0.037836688463465565,0.00021737951479390083
-0.0003077799921180284,-0.0004233897409827124,0.055538523026596315,0.03242345242707806,-0.03800854597277978,0.00021733612382089824
-0.00030879060299788294,-0.00042306626268798567,0.05576349389644896,0.032532371944010104,-0.03818067670185727,0.0002172760529395236
-0.00030979999383491273,-0.000422743031536648,0.05598855583797787,0.03264103636988592,-0.038353079930463795,0.00021719945777130259
-0.00031080815338233264,-0.00042242004734084626,0.05621370665610773,0.03274944373501186,-0.03852575493445285,0.0002171065479710881
-0.0003118150704498688,-0.00042209730991051714,0.05643894415933752,0.03285759223758099,-0.03869870098548357,0.00021699758828609694
-0.0003128207339031582,-0.0004217748190579809,0.0566642661596694,0.03296548024558984,-0.038871917350633944,0.00021687289918965015
-0.00031382513266413965,-0.0004214525745956585,0.05688967047269576,0.03307310629753829,-0.03904540329210459,0.00021673285705828054
-0.00031482825571046914,-0.0004211305763345899,0.057115154917525765,0.0331804691014521,-0.03921915806682612,0.00021657789386940723
-0.0003158300920754775,-0.00042080882408571454,0.05734071731681015,0.03328756753268802,-0.039393180926120264,0.00021640849640881853
-0.00031683063084836236,-0.00042048731766301806,0.05756635549678056,0.03339440062999106,-0.03956747111537275,0.00021622520497999653
-0.0003178298611734017,-0.00042016605687742944,0.05779206728716081,0.03350096759018054,-0.039742027873628835,0.00021602861161864294
-0.00031882777225043796,-0.0004198450415419733,0.05801785052126049,0.033607267761422574,-0.03991685043331656,0.00021581935782120747
-0.0003198243533343994,-0.00041952427146813714,0.05824370303592227,0.03371330063481541,-0.04009193801987477,0.00021559813181068824
-0.00032081959373514223,-0.0004192037464686542,0.05846962267151957,0.03381906583494333,-0.04026728985144034,0.00021536566535808972
-0.0003218134828175369,-0.0004188834663587278,0.05869560727198827,0.033924563109094245,-0.040442905138575326,0.00021512273020475462
-0.00032280601000103377,-0.0004185634309482565,0.058921654684799075,0.034029792315152,-0.04061878308394393,0.0002148701341173915
-0.0003237971647598246,-0.00041824364005029965,0.059147762760983415,0.034134753408864356,-0.04079492288209211,0.00021460871662800068
-0.0003247869366223337,-0.000417924093479842,0.05937392935508154,0.03423944642997154,-0.04097132371917418,0.00021433934450983084
-0.0003257753151715434,-0.00041760479105008505,0.059600152325220014,0.03434387148793549,-0.041147984772776126,0.00021406290704544364
-0.00032676229004439505,-0.00041728573257270377,0.05982642953305137,0.03444802874705666,-0.041324905211720595,0.00021378031114318045
-0.0003277478509317973,-0.00041696691786316173,0.060052758843746355,0.03455191841123878,-0.041502084195886885,0.0002134924763633108
-0.0003287319875788199,-0.00041664834673321716,0.06027913812607895,0.03465554070892876,-0.04167952087615009,0.0002132003299160001
-0.00032971468978394106,-0.0004163300189988853,0.06050556525230927,0.03475889587779659,-0.04185721439421817,0.00021290480167904073
-0.0003306959473994755,-0.00041601193447363474,0.06073203809828366,0.03486198414978069,-0.042035163882620866,0.0002126068193050814
-0.000331675750331003,-0.00041569409297217974,0.06095855454336011,0.03496480573662613,-0.04221336846464182,0.0002123073034622806
-0.00033265408853761896,-0.00041537649430631665,0.061185112470487094,0.03506736081590719,-0.042391827254365064,0.0002120071632540489
-0.0003336309520312261,-0.0004150591382930356,0.06141170976607764,0.03516964951755318,-0.04257053935660422,0.00021170729186518154
-0.00033460633087722453,-0.0004147420247457845,0.06163834432018053,0.035271671911597115,-0.042749503867094515,0.00021140856247853527
-0.0003355802151936459,-0.00041442515348075887,0.06186501402633869,0.035373427996322516,-0.042928719872455605,0.00021111182447518468
-0.0003365525951511292,-0.0004141085243099113,0.06209171678162421,0.03547491768773979,-0.04310818645031756,0.00021081789996319714
-0.0003375234609732583,-0.00041379213705109233,0.06231845048669667,0.035576140810038605,-0.04328790266950649,0.00021052758064194323
-0.0003384928029359611,-0.00041347599151783654,0.06254521304575075,0.035677097086951694,-0.043467867590121646,0.00021024162502146894
-0.00033946061136730274,-0.0004131600875269849,0.06277200236647486,0.03577778613443137,-0.04364808026369329,0.0002099607560003612
-0.0003404268766478576,-0.0004128444248932203,0.0629988163601767,0.03587820745433349,-0.043828539733423336,0.00020968565880899763
-0.00034139158921006027,-0.0004125290034321452,0.0632256529416547,0.03597836042926168,-0.04400924503430553,0.00020941697930743032
-0.00034235473953839814,-0.0004122138229588207,0.06345251002929023,0.03607824431845491,-0.0441901951933627,0.00020915532264431918
-0.0003433163181688701,-0.0004118988832909204,0.0636793855449409,0.03617785825461235,-0.044371389229794486,0.00020890125224745388
-0.00034427631568945485,-0.00041158418424134743,0.06390627741409592,0.03627720124221096,-0.0445528261552914,0.0002086552891482265
-0.00034523472273958897,-0.0004112697256296975,0.06413318356574695,0.036376272156028455,-0.04473450497415031,0.00020841791161210895
-0.0003461915300097412,-0.00041095550726968216,0.06436010193239529,0.036475069741167064,-0.04491642468349738,0.00020818955505928338
-0.00034714672824210047,-0.0004106415289791901,0.06458703045015793,0.03657359261385887,-0.04509858427358197,0.00020797061225548115
-0.00034810030822966456,-0.0004103277905755792,0.06481396705864172,0.03667183926248622,-0.04528098272788333,0.0002077614337428488
-0.0003490522608163244,-0.0004100142918733174,0.06504090970100088,0.03676980805006416,-0.045463619023368776,0.00020756232850204078
-0.000350002576897123,-0.0004097010326899256,0.06526785632397833,0.036867497216861576,-0.04564649213071097,0.0002073735648075916
-0.0003509512474174811,-0.0004093880128435111,0.06549480487779973,0.03696490488355496,-0.045829601014425486,0.00020719537125875277
-0.0003518982633735909,-0.00040907523214957567,0.06572175331629423,0.03706202905520475,-0.04601294463311788,0.00020702793796680387
-0.0003528436158118843,-0.0004087626904280689,0.06594869959676786,0.037158867625199384,-0.04619652193958184,0.00020687141786897116
-0.00035378729582930256,-0.00040845038749524193,0.06617564168013867,0.037255418379959,-0.046380331881063164,0.0002067259281571792
-0.00035472929457272426,-0.0004081383231669712,0.06640257753082562,0.03735167900361652,-0.046564373399332774,0.0002065915517872577
-0.0003556696032391276,-0.000407826497261881,0.0666295051167967,0.03744764708297994,-0.046748645430861505,0.00020646833906707305
-0.0003566082130754768,-0.0004075149095980751,0.06685642240958507,0.03754332011288365,-0.04693314690697752,0.0002063563092887309
-0.00035754511537833044,-0.00040720355999280394,0.06708332738423706,0.03763869550121429,-0.047117876753948226,0.00020625545240362262
-0.00035848030149411163,-0.00040689244826578805,0.06731021801938356,0.03773377057452441,-0.047302833893136186,0.00020616573071404473
-0.00035941376281834505,-0.0004065815742350966,0.0675370922971374,0.037828542583172815,-0.04748801724103634,0.00020608708057315165
-0.0003603454907962584,-0.0004062709377174664,0.0677639482032182,0.03792300870687379,-0.047673425709451954,0.00020601941408213836
-0.0003612754769222116,-0.00040596053853242386,0.06799078372686307,0.038017166059917756,-0.04785905820550682,0.00020596262077050538
-0.00036220371273947954,-0.0004056503764993252,0.06821759686083018,0.038111011696377387,-0.04804491363172004,0.00020591656925052606
-0.00036313018984063873,-0.0004053404514361911,0.06844438560147738,0.03820454261536138,-0.04823099088612732,0.00020588110884361271
-0.0003640548998667312,-0.0004050307631618677,0.06867114794864898,0.03829775576589708,-0.04841728886222844,0.0002058560711609707
-0.0003649778345077183,-0.00040472131149503834,0.06889788190576283,0.038390648051896306,-0.048603806449114224,0.00020584127164324176
-0.00036589898550205743,-0.0004044120962561383,0.06912458547977589,0.03848321633682632,-0.04879054253145507,0.0002058365110477081
-0.00036681834463665546,-0.00040410311726362877,0.06935125668118247,0.0385754574482503,-0.04897749598951968,0.00020584157688211847
-0.000367735903746773,-0.0004037943743371991,0.06957789352403836,0.03866736818216824,-0.04916466569921683,0.0002058562447784058
-0.0003686516547156299,-0.00040348586729586217,0.06980449402590652,0.038758945307275604,-0.0493520505320593,0.0002058802798147832
-0.00036956558947484614,-0.00040317759596076447,0.07003105620794407,0.038850185568879675,-0.049539649355212254,0.00020591343776485763
-0.00037047770000361537,-0.00040286956015149825,0.07025757809480838,0.038941085692699946,-0.04972746103144405,0.00020595546629379033
-0.00037138797832907773,-0.0004025617596868647,0.07048405771471228,0.03903164238842948,-0.049915484419118736,0.00020600610608985988
-0.00037229641652607984,-0.00040225419438880486,0.07071049309943302,0.03912185235319084,-0.05010371837220264,0.0002060650919317162
-0.0003732030067169073,-0.00040194686407775057,0.07093688228426868,0.039211712274778855,-0.05029216174021079,0.00020613215369567157
-0.00037410774107115067,-0.00040163976857277364,0.07116322330805024,0.039301218834519196,-0.05048081336816774,0.00020620701730189985
-0.0003750106118058813,-0.0004013329076945592,0.07138951421319524,0.03939036871019639,-0.05066967209662988,0.000206289405596965
-0.0003759116111851587,-0.0004010262812638686,0.07161575304561903,0.039479158578680326,-0.05085873676156485,0.00020637903918700696
-0.00037681073152017743,-0.0004007198891026985,0.07184193785482251,0.03956758511843286,-0.051048006194392995,0.0002064756372038212
-0.00037770796516878384,-0.00040041373103103656,0.0720680666937939,0.039655645011630415,-0.051237479221852775,0.00020657891802175043
-0.000378603304535813,-0.0004001078068704804,0.07229413761911885,0.03974333494650133,-0.05142715466603316,0.00020668859992114923
-0.0003794967420728014,-0.000399802116442579,0.07252014869092692,0.03983065161905853,-0.051617031344298556,0.00020680440169987269
-0.00038038827027732066,-0.0003994966595666956,0.07274609797282097,0.039917591735164556,-0.051807108069174684,0.00020692604323478735
-0.0003812778816939173,-0.00039919143606661003,0.07297198353204025,0.040004152011930916,-0.05199738364839626,0.00020705324599896253
-0.0003821655689129969,-0.000398886445763285,0.07319780343931193,0.04009032917937157,-0.052187856884780406,0.00020718573353499786
-0.0003830513245711402,-0.00039858168847873784,0.07342355576890083,0.040176119981771403,-0.05237852657616314,0.00020732323187977464
-0.0003839351413511005,-0.0003982771640364674,0.07364923859865154,0.04026152117894261,-0.052569391515394484,0.0002074654699578916
-0.0003848170119813484,-0.00039797287225628447,0.07387485000994,0.040346529547344176,-0.05276045049024063,0.00020761217993050347
-0.0003856969292360994,-0.000397668812961615,0.07410038808766378,0.04043114188106478,-0.05295170228330922,0.00020776309751254114
-0.00038657488593518154,-0.00039736498597426825,0.0743258509202764,0.04051535499282433,-0.05314314567201057,0.0002079179622496369
-0.00038745087494405987,-0.00039706139111580704,0.07455123659979991,0.04059916571478433,-0.05333477942851652,0.0002080765177739953
-0.0003883248891734601,-0.000396758028210549,0.07477654322176944,0.040682570899178344,-0.05352660231965096,0.00020823851202125213
-0.00038919692157915746,-0.00039645489708043866,0.07500176888524172,0.04076556741898378,-0.05371861310683094,0.0002084036974202958
-0.0003900669651625335,-0.00039615199754812133,0.07522691169288792,0.0408481521685678,-0.05391081054608106,0.0002085718310633083
-0.0003909350129696129,-0.00039584932943808465,0.07545196975087076,0.040930322064014306,-0.05410319338786082,0.00020874267484467324
-0.00039180105809121164,-0.00039554689257222456,0.07567694116888653,0.041012074043672415,-0.05429576037707285,0.00020891599558231413
-0.00039265465861185975,-0.0003952450825017162,0.07590585830630908,0.041093459978845774,-0.054488469224581865,0.00020909156510579095
-0.00039352730577794107,-0.00039494271186747004,0.07612669722862193,0.041174313191869906,-0.054681440918666654,0.00020926916515291326
-0.0003943872979751069,-0.00039464096767487244,0.07635139598485664,0.041254793263142374,-0.054874552778322705,0.0002094485681017411
-0.00039524526037430324,-0.00039433945402218146,0.07657600060308856,0.04133484339992881,-0.05506784370780354,0.0002096295661796416
-0.0003961011862876123,-0.0003940381707312375,0.07680050921024904,0.04141446065541755,-0.055261312423268386,0.00020981195191814139
-0.0003969550690709958,-0.00039373711762748925,0.07702491993676387,0.041493642106168495,-0.05545495763492461,0.00020999552309526213
-0.00039780690212466165,-0.0003934362945341892,0.07724923091665187,0.0415723848522212,-0.05564877804700454,0.0002101800827404069
-0.00039864631050383397,-0.0003931361026153074,0.07747747026513503,0.04165074223221795,-0.05584273081043829,0.00021036543911350783
-0.00039950458454257983,-0.0003928353376755969,0.07769762679194507,0.0417285438426215,-0.05603693841774062,0.00021055141059959275
-0.00040035022541021854,-0.00039253520355980384,0.07792162593738103,0.04180595329058926,-0.05623127661145078,0.00021073780595498234
-0.0004011937906635554,-0.00039223529875362026,0.07814551793538713,0.04188291266787102,-0.0564257847612797,0.0002109244540326586
-0.00040203527391953893,-0.0003919356230787825,0.07836930093719356,0.04195941919092596,-0.05662046154071904,0.00021111118375900665
-0.0004028746688386455,-0.00039163617636352524,0.07859297309762825,0.042035470099221234,-0.05681530561697637,0.00021129782910710854
-0.0004037119691243589,-0.0003913369584317358,0.07881653257502019,0.04211106265498679,-0.05701031565087872,0.00021148422903985269
-0.0004045368876758043,-0.0003910383751064492,0.07904399491991274,0.042186251549919535,-0.05720544834107134,0.0002116702274331775
-0.00040538045088652505,-0.0003907392082180723,0.07926338648180058,0.042260862989497196,-0.05740082735307255,0.00021185567801315077
-0.00040621142611984933,-0.00039044067558839657,0.07948659546623833,0.042335064268314945,-0.05759632717672059,0.00021204042419113896
-0.000407040282040074,-0.00039014237104299104,0.07970968446427486,0.042408796468278116,-0.057791987536645655,0.0002122243292933695
-0.0004078670125635166,-0.00038984429440714827,0.07993265165154992,0.04248205696285766,-0.05798780706126723,0.00021240725613857342
-0.0004086916116490415,-0.00038954644550879755,0.08015549520725787,0.04255484314690452,-0.05818378437233804,0.00021258907207359883
-0.00040951407329786613,-0.0003892488241735506,0.08037821331417637,0.04262715243667692,-0.05837991808498092,0.00021276964888463593
-0.0004103343915537074,-0.0003889514302255412,0.0806008041586796,0.04269898226947936,-0.05857620680760949,0.00021294886270972627
-0.0004111423113427893,-0.00038865467737271217,0.08082729550040763,0.04277038926124795,-0.058772606470074665,0.0002131265939351941
-0.0004119687637464838,-0.00038835732380387844,0.08104567741701929,0.04284119456952171,-0.058969242817956284,0.0002133027322489744
-0.0004127826127132878,-0.0003880606109814902,0.08126787419397782,0.04291157084297982,-0.059165988169668,0.00021347715591767385
-0.00041359429495772153,-0.0003877641248530052,0.0814899365172122,0.04298145761440679,-0.05936288289689197,0.0002136497628102258
-0.0004144038047314395,-0.0003874678652465158,0.08171186259036681,0.04305085242253711,-0.059559925573946314,0.0002138204494250332
-0.0004152111363278099,-0.00038717183198839697,0.08193365062068383,0.04311975282560331,-0.05975711476825533,0.00021398911604755821
-0.00041601628408159495,-0.0003868760249053846,0.08215529881896468,0.04318815640102588,-0.05995444904028254,0.00021415566666038027
-0.00041680911311510927,-0.0003865808607232159,0.08238080919106038,0.043256120903715216,-0.060151884058358786,0.0002143200088368367
-0.00041762019286596696,-0.00038628508857417587,0.08259824865836214,0.04332346464509319,-0.060349546155117756,0.00021448205886317974
-0.00041841875176573695,-0.0003859899589808355,0.08281946523627946,0.043390363371460385,-0.06054730696955267,0.00021464172073849125
-0.0004192151046497477,-0.0003856950548725216,0.08304053488861576,0.043456755767475756,-0.06074520703309855,0.0002147989176153912
-0.0004200092460567412,-0.0003854003760776284,0.08326145584348882,0.04352263950295291,-0.06094324487098809,0.00021495357055322005
-0.0004208011705664479,-0.0003851059224224754,0.0834822263326181,0.04358801226533447,-0.061141419001350145,0.0002151056037528313
-0.0004215908727994705,-0.0003848116937358176,0.08370284459136755,0.043652871759619405,-0.06133972793518405,0.00021525494446697144
-0.0004223783474165945,-0.0003845176898454178,0.08392330885857001,0.04371721570790761,-0.06153817017625171,0.00021540152291470247
-0.0004231535214732642,-0.000384224333830549,0.08414762122341994,0.04378110359338142,-0.06173670080991131,0.00021554527218350114
-0.00042394677876949753,-0.00038393035576798906,0.08436384847085197,0.04384434914252777,-0.06193544767923395,0.00021568613347427643
-0.0004247275351841681,-0.00038363702523797755,0.08458383880780922,0.04390713293499377,-0.06213428080957593,0.00021582403465394842
-0.00042550604310501703,-0.00038334391881770374,0.08480366817207363,0.0439693922383122,-0.062333241189823196,0.00021595892239561392
-0.00042628229739281474,-0.0003830510363386254,0.08502333481990887,0.04403112485739907,-0.06253232728757015,0.00021609074048064116
-0.00042705629294799186,-0.00038275837762750953,0.0852428370111634,0.04409232861311471,-0.06273153756311028,0.00021621943516004095
-0.0004278280247107944,-0.0003824659425123861,0.085462173009246,0.04415300134199213,-0.06293087046939054,0.00021634495507978939
-0.0004285974876614083,-0.0003821737308229954,0.08568134108121742,0.04421314089614942,-0.06313032445207452,0.00021646725120642212
-0.0004293646768192298,-0.0003818817423906079,0.08590033949763634,0.044272745142918964,-0.06332989794940257,0.0002165862767478737
-0.0004301195258776017,-0.000381590409959328,0.08612319550123863,0.044331875900101785,-0.06352954515388885,0.00021670198707830117
-0.0004308924000356873,-0.00038129843460920146,0.08633790104560189,0.04439034050420153,-0.0637293963071991,0.00021681434515620664
-0.00043165273460363083,-0.00038100711492044387,0.08655637872106711,0.044448326162994406,-0.06392931892160877,0.00021692329944411354
-0.00043241077592497,-0.00038071601780623535,0.08677467988688307,0.04450576813394043,-0.06412935472957072,0.0002170288170392446
-0.0004331665192137115,-0.0003804251430950985,0.0869928028310153,0.044562664358348165,-0.0643295021323628,0.00021713086133855804
-0.00043391995972283945,-0.00038013449061934795,0.08721074584501301,0.044619012791804136,-0.06452975952379754,0.00021722939757622692
-0.00043467109274432174,-0.0003798440602071733,0.08742850722407414,0.04467481140413391,-0.06473012529030342,0.0002173243927709725
-0.0004354199136085118,-0.00037955385168967834,0.08764608526692681,0.044730058179055794,-0.0649305978107938,0.00021741581565844692
-0.0004361564392557408,-0.00037926430294206795,0.08786749854020583,0.04478481651933292,-0.06513113085867735,0.0002175036366234566
-0.0004369107848502716,-0.00037897409966081846,0.08808076496424024,0.04483888949406026,-0.06533185568763733,0.00021758783323942536
-0.0004376526379186164,-0.00037868455581009305,0.08829778139614738,0.044892468776068783,-0.06553263868645602,0.00021766836779949124
-0.0004383921606099274,-0.0003783952331768252,0.0885146077502633,0.04494548829333517,-0.06573352187983952,0.00021774522105847067
-0.0004391293484451129,-0.00037810613159134157,0.08873124234277127,0.044997946097577526,-0.0659345036093108,0.00021781836951214207
-0.00043986419698294454,-0.00037781725088686935,0.08894768349341847,0.0450498402538429,-0.06613558220887039,0.00021788779104900272
-0.0004405967018196125,-0.00037752859089240295,0.08916392952546479,0.04510116884013709,-0.06633675600494124,0.0002179534649050241
-0.00044132685858993615,-0.00037724015144074974,0.08937997876591001,0.04515192994765762,-0.06653802331654787,0.00021801537161589887
-0.00044204477380712455,-0.00037695237504715637,0.0895998382798088,0.045202188507994526,-0.0667393375666674,0.00021807349295831138
-0.0004427802934770309,-0.00037666393348808475,0.08981156037425571,0.04525174345577233,-0.06694083081405428,0.0002181278175922832
-0.0004435033765715918,-0.00037637615465178215,0.0900270078106849,0.045300790780590315,-0.06714236852846313,0.0002181783182372385
-0.0004442240945864015,-0.00037608859568388775,0.09024225182659393,0.045349263119683764,-0.06734399295860673,0.0002182249859816565
-0.0004449424433415062,-0.0003758012564162999,0.09045729076627186,0.04539715862783288,-0.06754570238576449,0.00021826780719894122
-0.0004456584186945995,-0.000375514136683356,0.09067212297770233,0.0454444754723773,-0.0677474950837594,0.00021830676930995486
-0.00044637201654008983,-0.0003752272363133531,0.09088674681241556,0.04549121183295535,-0.06794936931881948,0.00021834186074107037
-0.00044708323280948705,-0.00037494055514285946,0.09110116062553174,0.04553736590165064,-0.06815132334964757,0.0002183730708935753
-0.00044779206347084574,-0.00037465409300160846,0.09131536277575358,0.04558293588271311,-0.0683533554273985,0.00021840039010277224
-0.00044848864646347155,-0.00037436830053893394,0.09153337533945055,0.04562798889497542,-0.06855541831115738,0.0002184238095964959
-0.000449202734271754,-0.0003740818251399894,0.09174320601671658,0.045672317800956326,-0.0687576457681029,0.00021844332728796672
-0.00044990438063809715,-0.00037379601908550317,0.09195676193463499,0.04571612484444589,-0.06895990143645178,0.0002184589243950292
-0.0004506036257087774,-0.00037351043139334517,0.09217009968807624,0.04575934073953047,-0.0691622280806991,0.000218470600619706
-0.0004513004656328937,-0.0003732250618943278,0.0923832176531641,0.045801963751009006,-0.06936462391435598,0.00021847835049499092
-0.0004519948965961868,-0.0003729399104243948,0.09259611420965318,0.04584399215570219,-0.06956708714342054,0.00021848216930739567
-0.00045268691482017783,-0.0003726549768168462,0.0928087877408758,0.045885424242231125,-0.06976961596636329,0.00021848205306401833
-0.0004533765165624021,-0.00037237026090370176,0.09302123663376376,0.045926258311242654,-0.06997220857414357,0.00021847799847007562
-0.0004540539379934344,-0.00037208621716616763,0.09323746744933266,0.045966562932168865,-0.07017481750194081,0.00021847000288569918
-0.0004547486362460494,-0.0003718014814969167,0.09344553423568207,0.046006127024689016,-0.07037757694452919,0.0002184580702185761
-0.0004554309628355263,-0.000371517417671996,0.09365729814473464,0.04604515693968914,-0.0705803499958355,0.00021844218721618234
-0.0004561108584037281,-0.0003712335708765009,0.09386883102663963,0.04608358215792536,-0.07078317952045306,0.00021842235915180792
-0.0004567883193849526,-0.00037094994094587913,0.09408013128573875,0.04612140103886626,-0.07098606367183886,0.0002183985858457394
-0.00045746334224897045,-0.0003706665277142529,0.09429119732999733,0.0461586119536643,-0.07118900059602751,0.00021837086767599123
-0.00045813592350122637,-0.00037038333101674717,0.0945020275710328,0.046195213285228624,-0.07139198843158592,0.0002183392055567614
-0.0004588060596815156,-0.00037010035068673133,0.09471262042396245,0.04623120342807423,-0.07159502530958638,0.00021830360091984555
-0.0004594737473652364,-0.0003698175865589591,0.09492297430755925,0.04626658078841656,-0.07179810935369303,0.00021826405569423495
-0.0004601292619190061,-0.00036953550053275483,0.09513710740463682,0.04630141607788247,-0.07200119256313407,0.00021822057227540662
-0.0004608019434348242,-0.0003692527062526159,0.09534303925706507,0.04633549225059264,-0.07220441046212142,0.0002181731595516461
-0.0004614622618325642,-0.0003689705897430666,0.09555266535073631,0.04636902179334718,-0.07240762469078334,0.00021812180868096762
-0.000462120118455372,-0.0003686886887764827,0.09576204621369405,0.0464019322951691,-0.07261087850556149,0.00021806652957192868
-0.0004627755100505283,-0.0003684070031868755,0.09597118028209678,0.046434222220456775,-0.0728141699930105,0.00021800732638703555
-0.00046342843339989225,-0.00036812553281043853,0.09618006599575375,0.04646589004508317,-0.07301749723233297,0.00021794420368678605
-0.00046407888531998815,-0.0003678442774843402,0.09638870179812241,0.04649693425673185,-0.07322085829543884,0.00021787716641817525
-0.0004647268626609356,-0.0003675632370416376,0.09659708613614516,0.04652735335456036,-0.07342425124676591,0.0002178062198971535
-0.00046537236230771327,-0.00036728241132066505,0.09680521746047582,0.046557145849393404,-0.07362767414350692,0.00021773136980183247
-0.0004660057013036513,-0.0003670022693446316,0.09701712450816741,0.04658638458857203,-0.07383107851033413,0.00021765262214021221
-0.0004666560951774361,-0.0003667214033836637,0.09722079549604053,0.04661484657665746,-0.07403460102134761,0.00021756998941190216
-0.0004672941398067815,-0.0003664412208399352,0.09742815708459066,0.04664275041935035,-0.07423810204304798,0.00021748346587708786
-0.00046792969469095614,-0.0003661612523621627,0.09763525952542838,0.04667002181914319,-0.07444162516532235,0.00021739306481957264
-0.00046856275688217266,-0.0003658814977856445,0.09784210128660346,0.04669665934504638,-0.07464516840887961,0.00021729879352933804
-0.00046919332346638504,-0.00036560195694761155,0.09804868083981341,0.04672266157779252,-0.07484872978722018,0.00021720065958751424
-0.0004698213915625294,-0.000365322629683449,0.09825499666025951,0.046748027109814225,-0.07505230730654522,0.0002170986708554196
-0.00047044695832323957,-0.0003650435158315292,0.09846104722681648,0.046772754545158536,-0.0752558989659147,0.0002169928354656776
-0.000471060444267714,-0.0003647650873260626,0.09867084278832722,0.046796918114636814,-0.07545945623423336,0.00021688316179982025
-0.0004716907536571221,-0.00036448592770946253,0.09887242676896327,0.04682029107094318,-0.0756631157210629,0.0002167696647207575
-0.00047230879611455655,-0.00036420745311497096,0.09907767105525886,0.04684309593341718,-0.0758667377419551,0.00021665234056487742
-0.00047292432624860897,-0.0003639291912805147,0.09928264406656503,0.04686525723352531,-0.07607036582691679,0.00021653120483120913
-0.0004735373413754164,-0.000363651142043106,0.09948734429919358,0.04688677363413778,-0.07627399793924897,0.00021640626688414124
-0.00047414783884364153,-0.00036337330524131156,0.09969177025300771,0.04690764380995664,-0.07647763203510029,0.00021627753631054542
-0.00047475581603509815,-0.00036309568071278553,0.09989592043156599,0.04692786644752711,-0.07668126606363178,0.00021614502291550201
-0.0004753612703637628,-0.0003628182682955221,0.10009979334199194,0.04694744024530541,-0.0768848979669271,0.0002160087367127357
-0.0004759641992758791,-0.0003625410678261762,0.10030338749494354,0.04696636391351345,-0.07708852567999921,0.00021586868792256584
-0.00047655506733199635,-0.00036226455784803616,0.10051072240956865,0.04698471380391575,-0.07729210031159016,0.00021572488694642867
-0.0004771626470326505,-0.0003619873020854758,0.10070981401150716,0.04700225727086753,-0.07749575929081273,0.0002155773507284374
-0.0004777579811696689,-0.0003617107364910603,0.10091256156145326,0.04701922290583726,-0.07769936199290635,0.00021542607726001122
-0.0004783507800692217,-0.0003614343821982807,0.10111502446040643,0.04703553337230408,-0.07790295217480915,0.00021527108401193755
-0.00047894104133680554,-0.0003611582390452457,0.101317201236529,0.04705118744035894,-0.07810652773677466,0.0002151123821414326
-0.0004795287626097765,-0.00036088230687220807,0.1015190904215308,0.04706618389209542,-0.0783100865721484,0.00021494998297579178
-0.0004801139415575726,-0.00036060658551658256,0.10172069055084325,0.04708052152183322,-0.07851362656750177,0.0002147838980139467
-0.0004806965758812799,-0.0003603310748174042,0.10192200016347656,0.04709419913585339,-0.07871714560252868,0.0002146141389164709
-0.00048127666331300233,-0.0003600557746135241,0.1021230178019303,0.04710721555260897,-0.07892064155007064,0.00021444071750636009
-0.00048184471284148147,-0.00035978116984866984,0.1023277720243707,0.047119649250036436,-0.07912406521553071,0.00021426364574628123
-0.0004824293640067155,-0.00035950580505122315,0.10252425194701842,0.04713126167670635,-0.07932755468557622,0.00021408294222072678
-0.00048300179396123475,-0.0003592311353698939,0.10272438352039952,0.04714228750795621,-0.07953096855986429,0.00021389860616489618
-0.00048357166833766236,-0.0003589566755417724,0.10292421735358065,0.047152647538215416,-0.07973435077026228,0.00021371065661995956
-0.0004841389850236285,-0.0003586824254063828,0.10312375200663375,0.04716234064713526,-0.07993769915606384,0.00021351910615692842
-0.0004847037419372589,-0.00035840838480336035,0.10332298604317182,0.04717136572657982,-0.08014101154984347,0.00021332396748618542
-0.00048526593702791215,-0.0003581345535732944,0.1035219180304633,0.047179721680842224,-0.08034428577762698,0.00021312525345649124
-0.0004858255682755493,-0.00035786093155736054,0.10372054653933488,0.04718740742656847,-0.08054751965882317,0.00021292297705182957
-0.0004863732478825878,-0.0003575880059115723,0.10392288087331718,0.04719450278834529,-0.0807506640950744,0.00021271715137382262
-0.0004869373048297616,-0.00035731431452065004,0.10411696763979225,0.047200765592701685,-0.08095385667446757,0.0002125077961814023
-0.0004874892292620134,-0.0003570413191839039,0.10431467574722059,0.04720643431032422,-0.08115695638655686,0.00021229491168497233
-0.00048803858214678395,-0.00035676853241974407,0.10451207472313509,0.047211428611117934,-0.08136000696408158,0.00021207851806085126
-0.0004885853616154186,-0.0003564959540702656,0.10470916315588787,0.04721574747414857,-0.08156300619403614,0.0002118586289365683
-0.0004891295658289392,-0.0003562235839757004,0.10490593963733015,0.047219389891099625,-0.08176595185692719,0.00021163525806032913
-0.0004896711929790255,-0.00035595142197762664,0.10510240276303703,0.04722235486635322,-0.08196884172701771,0.0002114084193028335
-0.0004902102412872742,-0.00035567946791786875,0.10529855113213062,0.04722464141687913,-0.08217167357216415,0.00021117812665356894
-0.0004907467090050988,-0.0003554077216357844,0.10549438334734874,0.047226248572341235,-0.08237444515393108,0.00021094439421993167
-0.0004912712522695204,-0.00035513667629131357,0.1056939176411085,0.04722725828375266,-0.08257710717870793,0.00021070723620961662
-0.0004918120685317177,-0.00035486485177065735,0.10588517413952535,0.04722742249080686,-0.08277979758762902,0.0002104666735880836
-0.0004923407808283415,-0.0003545937278726166,0.10608004811500106,0.04722698573918067,-0.08298237490597872,0.00021022270741112006
-0.0004928669059070816,-0.0003543228111172504,0.10627460041108545,0.04722586583944957,-0.08318488294454474,0.00020997535903874215
-0.0004933904421666049,-0.00035405210134837814,0.10646882964800512,0.047224061885346134,-0.08338731943395167,0.0002097246431491456
-0.0004939113880343009,-0.00035378159840634624,0.10666273444951453,0.047221572983414666,-0.08358968209867891,0.00020947057453192574
-0.000494429741967534,-0.00035351130213455775,0.1068563134430578,0.047218398253301305,-0.08379196865725132,0.00020921316808592298
-0.0004949455024525132,-0.00035324121237513204,0.10704956525963356,0.047214536827532405,-0.08399417682208354,0.00020895243881925707
-0.000495458668004572,-0.0003529713289694321,0.1072424885338579,0.047209987851664796,-0.0841963042996688,0.00020868840184972695
-0.0004959599380286065,-0.00035270215091558893,0.10743911064459007,0.047204835413412825,-0.08439830165674041,0.0002084210723848146
-0.00049647738042911,-0.0003524321805907331,0.10762742458851011,0.04719882554630836,-0.0846003070328617,0.00020815047249287495
-0.0004969827491239608,-0.0003521629153016778,0.10781935264568775,0.04719220889602332,-0.08480217864828447,0.0002078766039892723
-0.0004974855173056674,-0.00035189385573625165,0.10801094676260575,0.04718490140933748,-0.0850039603429314,0.00020759948932682227
-0.0004979856836323227,-0.0003516250017378368,0.10820220559133477,0.04717690229745028,-0.08520564979397514,0.00020731914415475635
-0.0004984832467909323,-0.00035135635314941654,0.10839312778759544,0.04716821078484578,-0.08540724467287247,0.00020703558422896636
-0.0004989782054964476,-0.00035108790981474777,0.10858371201063155,0.0471588261091768,-0.08560874264531636,0.00020674882540704402
-0.000499470558492789,-0.00035081967157580066,0.10877395692340652,0.04714874752149279,-0.08581014137141377,0.00020645888365318065
-0.0004999511054129905,-0.0003505521390901184,0.10896787105222111,0.04713806043266813,-0.08601139165875822,0.00020616577501650617
-0.0005004476125367314,-0.00035028380975870785,0.10915350368672008,0.04712650735317688,-0.08621263074584849,0.00020586952245798922
-0.0005009321377455665,-0.0003500161858678297,0.10934272125499518,0.0471143426402818,-0.08641371765704851,0.0002055701285190283
-0.0005014140525695775,-0.0003497487664475239,0.1095315942280004,0.047101481153654555,-0.08661469590582577,0.00020526761654134258
-0.0005018933558919772,-0.0003494815513408571,0.10972012128621819,0.04708792221142121,-0.08681556312463647,0.00020496200300569416
-0.0005023700466233794,-0.00034921454039148897,0.10990830111358653,0.04707366514515857,-0.08701631694042229,0.00020465330449214976
-0.000502844123701888,-0.00034894773344472385,0.11009613239761322,0.047058709299953795,-0.08721695497470862,0.00020434153768530668
-0.0005033155860940413,-0.0003486811303430766,0.11028361382958363,0.047043054034576794,-0.08741747484384145,0.0002040267193717635
-0.0005037844327935799,-0.00034841473093253847,0.11047074410427708,0.047026698721396774,-0.08761787415881718,0.00020370886643986336
-0.0005042415048635045,-0.00034814904137716804,0.11066154138384583,0.047009730913019104,-0.08781810369433687,0.00020338799586250723
-0.0005047144445288092,-0.00034788254255769743,0.11084402637010239,0.04699188722036928,-0.08801830059346219,0.0002030641316289523
-0.0005051754349984142,-0.0003476167532831566,0.11103009394724343,0.04697342810492166,-0.08821832387966308,0.00020273727698144183
-0.0005056338060921753,-0.0003473511670771222,0.11121580520982223,0.04695426656848393,-0.08841821700327551,0.00020240745629366858
-0.0005060895569388333,-0.00034708578378525937,0.11140115887007677,0.04693440205195265,-0.08861797754956727,0.00020207468696192355
-0.0005065426866948105,-0.00034682060325103015,0.11158615364394844,0.046913834010191245,-0.08881760309885872,0.0002017389864842024
-0.0005069931945427217,-0.0003465556253201031,0.11177078825084555,0.04689256191182624,-0.08901709122639061,0.00020140037246000166
-0.0005074410796926091,-0.00034629084983722747,0.11195506141385907,0.04687058523936542,-0.0892164395025866,0.00020105886259051556
-0.0005078863413812395,-0.0003460262766484812,0.11213897185970553,0.04684790348928416,-0.08941564549298082,0.00020071447467633454
-0.000508319860988161,-0.0003457624172902886,0.11232654781689158,0.046824606366898204,-0.08961465999586106,0.00020036722660435758
-0.0005087691600163225,-0.00034549773653486104,0.11250578011652079,0.046800424562169596,-0.08981361990530448,0.00020001714338060972
-0.0005092065436342124,-0.0003452337693002454,0.11268859337297432,0.04677562466754042,-0.09001238440368303,0.0001996642289428135
-0.0005096413010711755,-0.0003449700037416979,0.11287103888258572,0.04675011782157677,-0.09021099683022832,0.00019930850868415517
-0.0005100734316956617,-0.000344706439707753,0.11305311538958411,0.046723903590910276,-0.09040945472694296,0.0001989500009139198
-0.0005105029349016217,-0.0003444430770397078,0.11323482164168575,0.04669698155622395,-0.09060775563119501,0.00019858872403742634
-0.000510929810109606,-0.00034417991558768554,0.11341615639025442,0.046669351312325476,-0.09080589707580264,0.0001982246965628329
-0.0005113540567664462,-0.000343916955194562,0.1135971183903067,0.046641012468298965,-0.09100387658921713,0.00019785793709923335
-0.0005117666523855709,-0.0003436547085766302,0.1137817179600884,0.04661205603069562,-0.09120164535329091,0.000197488464336868
-0.0005121948291307029,-0.0003433916369771188,0.11395799941575388,0.0465822092597212,-0.09139933897314775,0.00019711630413311084
-0.0005126111837350113,-0.00034312927884591615,0.1141378343084031,0.04655174238080412,-0.09159681783934503,0.00019674146113492002
-0.000513024907900826,-0.0003428671211616087,0.1143172915359424,0.046520565480831055,-0.09179412484379021,0.00019636396158964576
-0.0005134360012026244,-0.0003426051637707532,0.11449636987077336,0.04648867824008189,-0.09199125749327297,0.0001959838246056965
-0.0005138444632407101,-0.0003423434065199307,0.11467506808901631,0.046456080353378816,-0.09218821329052455,0.00019560106939159588
-0.0005142502936406397,-0.00034208184925760624,0.11485338497027715,0.0464227715298387,-0.09238498973407337,0.00019521571525439726
-0.0005146534920535907,-0.00034182049183020813,0.11503131929784538,0.04638875149298939,-0.09258158431843717,0.0001948277816012007
-0.0005150540581563719,-0.00034155933408588565,0.11520886985863553,0.04635401998088402,-0.09277799453419432,0.0001944372879373428
-0.0005154430074623569,-0.000341298893810852,0.11539005778218338,0.04631867015566715,-0.09297417169514205,0.00019404425385007333
-0.0005158474583524017,-0.00034103761703256977,0.11556289529396666,0.04628242336697369,-0.09317025086487199,0.00019364870619269616
-0.0005162401225108529,-0.0003407770574189693,0.11573928588013484,0.04624555597039831,-0.09336609289883555,0.00019325065029231073
-0.0005166301533832021,-0.00034051669687931024,0.1159152879105812,0.04620797619617296,-0.09356174048697423,0.00019285011339463965
-0.0005170175507704116,-0.00034025653525979194,0.11609090018970304,0.04616968385497114,-0.09375719110068062,0.00019244711549568083
-0.0005174023144978204,-0.00033999657241083614,0.11626612152540818,0.04613067877207612,-0.09395244220765842,0.00019204167668771628
-0.000517784444415427,-0.0003397368081754712,0.11644095072921999,0.04609096078736054,-0.09414749127199125,0.00019163381716126105
-0.0005181639403989066,-0.00033947724240661684,0.11661538661642772,0.04605052975548605,-0.09434233575431854,0.0001912235571998695
-0.0005185319108780246,-0.000339218393780618,0.1167934332489045,0.04600948012176485,-0.09453692744366683,0.00019081091716901134
-0.0005189151945608776,-0.0003389587056577062,0.11696315382623933,0.04596752987599514,-0.0947313998704362,0.00019039592473699737
-0.0005192867849467565,-0.0003386997343753327,0.11713640126511903,0.045924958945144694,-0.09492561535539423,0.00018997858591474764
-0.0005196557412092755,-0.00033844096095152904,0.11730925071148379,0.04588167453322046,-0.09511961606575256,0.0001895589287605054
-0.0005200220633442561,-0.0003381823852360716,0.117481700997978,0.04583767656851144,-0.0953133994451939,0.00018913697403256068
-0.000520385751372079,-0.0003379240070773906,0.11765375096090062,0.04579296499421422,-0.09550696293424148,0.0001887127425840452
-0.0005207468053370284,-0.0003376658263249503,0.11782539944012355,0.04574753976824074,-0.09570030397024341,0.00018828625535875906
-0.0005211052253069469,-0.0003374078428286867,0.11799664527902742,0.045701400863427964,-0.09589341998737867,0.00018785753339256583
-0.0005214610113746597,-0.0003371500564363708,0.11816748732481205,0.04565454826758066,-0.09608630841699847,0.00018742659781303744
-0.0005218053071537165,-0.00033689299063833014,0.11834194145778891,0.04560707858543438,-0.0962789212877597,0.00018699346981991853
-0.0005221648460200822,-0.00033663507436325346,0.11850803578568037,0.04555870390093274,-0.09647139130179308,0.00018655817801335219
-0.0005225127278954503,-0.00033637787838184524,0.11867765814092505,0.045509710274643664,-0.09666358154683748,0.00018612072902154985
-0.0005228579765407883,-0.0003361208789031747,0.11884687215484654,0.04546000305810817,-0.09685553389975445,0.00018568115182896134
-0.000523200592165714,-0.0003358640757766644,0.11901567669203134,0.04540958231389579,-0.09704724577759939,0.00018523946800420377
-0.0005235405750033663,-0.00033560746885434936,0.11918407062065038,0.04535844811947674,-0.09723871459476809,0.00018479569920626295
-0.0005238779253101596,-0.0003353510579832235,0.11935205281249055,0.04530660056748561,-0.09742993776303809,0.000184349867175586
-0.0005242126433657924,-0.00033509484301631753,0.11951962214290436,0.045254039765526936,-0.09762091269166008,0.00018390199373896285
-0.0005245447294731153,-0.0003348388238030228,0.11968677749086658,0.04520076583638523,-0.09781163678738355,0.0001834521008056908
-0.0005248653610786734,-0.000334583528525962,0.11985754714100924,0.045146877551806464,-0.09800206237742842,0.00018300021034938722
-0.0005252011702787259,-0.00033432737203737545,0.12001992236346272,0.04509208107480672,-0.09819232117992019,0.00018254635183513482
-0.0005255253593259823,-0.00033407193918615075,0.12018582764009213,0.045036668618008334,-0.09838227721394326,0.00018209053244460944
-0.0005258469179332916,-0.00033381670149126505,0.12035131451390967,0.04498054367679745,-0.09857197201834812,0.00018163278201401012
-0.0005261658465171003,-0.0003335616588034489,0.12051638188130864,0.0449237064495729,-0.09876140298842905,0.00018117312285032125
-0.0005264821455169445,-0.00033330681097388723,0.12068102864238618,0.044866157150033135,-0.09895056751752777,0.00018071157733914314
-0.0005267958153950414,-0.00033305215785339043,0.12084525370082436,0.044807896006976614,-0.09913946299690145,0.00018024816794186358
-0.0005271068566358702,-0.00033279769929226224,0.12100905596384276,0.04474892326455233,-0.09932808681582832,0.00017978291718987642
-0.0005274065350090376,-0.00033254396395378943,0.12117644795663142,0.04468933894769849,-0.09951639191901766,0.00017931584767306823
-0.0005277212167366536,-0.00033228936525664735,0.12133546802515288,0.04462884596760552,-0.0997045081175656,0.00017884698949568404
-0.0005280243719680724,-0.0003320354894836529,0.12149799395344792,0.04456774001011289,-0.09989230129233878,0.00017837635035419276
-0.0005283249007908628,-0.00033178180767722,0.12166009277904137,0.04450592358291719,-0.10007981234518769,0.00017790396070814117
-0.0005286228038002506,-0.00033152831968910265,0.12182176342666524,0.04444339700648342,-0.10026703865657605,0.00017742984343776082
-0.00052891808161398,-0.0003312750253709751,0.12198300482471729,0.04438016061663562,-0.10045397760546257,0.00017695402148701052
-0.0005292107348715074,-0.0003310219245752921,0.12214381590516843,0.04431621476453024,-0.10064062656927432,0.00017647651786291928
-0.0005295007642344266,-0.00033076901715279813,0.1223041956035892,0.04425155981681824,-0.100826982924026,0.00017599735563457236
-0.0005297881703863685,-0.00033051630295647186,0.12246414285916278,0.04418619615525729,-0.10101304404433253,0.00017551655792895837
-0.0005300642505386872,-0.0003302643150702063,0.1226276834773754,0.04412022596436637,-0.10119876328554332,0.0001750341479160129
-0.0005303552768013501,-0.0003300114536544628,0.12278281635579806,0.0440533462676676,-0.10138426917961997,0.00017455015636150218
-0.0005306348144193069,-0.000329759318252628,0.12294145852100753,0.043985858875408436,-0.10156942885174253,0.00017406459131139832
-0.0005309117318427264,-0.0003295073754867907,0.1230996640637901,0.043917664451626495,-0.10175428277528145,0.00017357748386552258
-0.0005311860298620061,-0.000329255625211574,0.12325743194075738,0.043848763455240185,-0.10193882831904491,0.0001730888574193502
-0.0005314577092896172,-0.00032900406727657053,0.12341476111225692,0.04377915636073337,-0.10212306285098223,0.00017259873541921851
-0.0005317267709591168,-0.0003287527015379023,0.12357165054215044,0.04370884365791692,-0.10230698373810757,0.0001721071413573077
-0.0005319932157251561,-0.0003285015278477292,0.12372809919787268,0.04363782585213638,-0.10249058834655392,0.00017161409876870117
-0.0005322484261077133,-0.00032825107950069585,0.12388811797861145,0.04356620635200767,-0.10267383074133161,0.00017111963121396864
-0.0005325184174003133,-0.000327999756027101,0.12403975031545827,0.0434936790236168,-0.10285683730889604,0.00017062376987070165
-0.0005327770136092713,-0.0003277491576024784,0.1241948690620491,0.043420549060565354,-0.10303947729115517,0.00017012652306926872
-0.0005330329966102103,-0.00032749875064069095,0.1243495429680176,0.043346716171402414,-0.10322179045234806,0.00016962792228757692
-0.0005332863673622255,-0.0003272485349951511,0.12450377101835323,0.04327218093897914,-0.10340377415563154,0.0001691279912471714
-0.0005335371268451084,-0.000326998510518494,0.12465755220159584,0.04319694396157844,-0.10358542576378296,0.0001686267536997793
-0.0005337852760596853,-0.0003267486770654991,0.12481088550994142,0.043121005853143914,-0.1037667426392486,0.00016812423342457737
-0.0005340308160275884,-0.0003264990344912337,0.12496376993921483,0.04304436724302251,-0.10394772214422272,0.000167620454226572
-0.000534273747790837,-0.00032624958264732343,0.12511620448878424,0.04296702877623831,-0.10412836164071196,0.00016711543993203353
-0.0005345054827670025,-0.0003260008589957772,0.12527221432461938,0.04288909601022079,-0.10430861571637198,0.00016660921437176715
-0.0005347519497712166,-0.0003257512505750078,0.12541980048972082,0.04281025696194271,-0.10448860918655253,0.00016610180906543996
-0.000534987060200806,-0.00032550237005294844,0.12557087799987182,0.04273082291441515,-0.10466821284849827,0.00016559323237176973
-0.0005352195668632303,-0.0003252536796823878,0.12572150169159726,0.04265069174630271,-0.10484746594919124,0.0001650835160734573
-0.000535449470901592,-0.0003250051793155864,0.1258716705818041,0.04256986418036565,-0.1050263658507936,0.00016457268407006793
-0.0005356767734788286,-0.0003247568688078614,0.12602138369091037,0.042488340954968805,-0.10520490991572405,0.00016406076026833456
-0.0005359014757786418,-0.00032450874801531054,0.12617064004306702,0.042406122824050645,-0.1053830955067612,0.00016354776857788037
-0.0005361235790042826,-0.000324260816791877,0.1263194386659546,0.0423232105571756,-0.10556091998704009,0.00016303373290949864
-0.0005363345768570068,-0.0003240136125542588,0.1264717907181451,0.042239710903501586,-0.10573833874481092,0.00016251867715252975
-0.0005365601504245251,-0.00032376552247084106,0.12661573909720097,0.04215530882352617,-0.10591547421701131,0.00016200263289687907
-0.0005367744607007379,-0.0003235181590870474,0.1267631573068259,0.04207031888535113,-0.1060921995683344,0.00016148560844932072
-0.0005369861769786649,-0.00032327098469281737,0.12691011396148894,0.04198463804589036,-0.10626855326637173,0.0001609676356171103
-0.0005371953005603211,-0.00032302399914573357,0.12705660810646885,0.04189826715264377,-0.10644453267743617,0.00016044873826650207
-0.0005374018327666411,-0.00032277720229988496,0.12720263879055743,0.04181120706875311,-0.10662013516859412,0.00015992894024724198
-0.0005376057749382835,-0.00032253059401196604,0.12734820506614972,0.04172345867290491,-0.10679535810779833,0.0001594082653846975
-0.0005378071284355832,-0.00032228417413757496,0.127493305989273,0.04163502285937336,-0.10697019886399059,0.0001588867374825399
-0.00053800589463798,-0.00032203794253269497,0.12763794061952174,0.04154590053810037,-0.1071446548071836,0.00015836438031334899
-0.0005381935936269719,-0.00032179244053157086,0.12778613539813125,0.0414562005913079,-0.10731868196072783,0.0001578412176046276
-0.0005383958275669775,-0.0003215460435575107,0.1279258878074635,0.04136560218010554,-0.1074924008996531,0.00015731728084426334
-0.0005385868372179119,-0.00032130037589783375,0.1280691165197271,0.041274425913750946,-0.10766568665485066,0.00015679257791866735
-0.0005387752653481496,-0.00032105489593458464,0.1282118752412377,0.041182566935917826,-0.10783857708869539,0.00015626714048382908
-0.0005389611134323968,-0.0003208096035240242,0.12835416304917266,0.041090026234498,-0.10801106957764874,0.0001557409921200733
-0.000539144382963779,-0.0003205644985209734,0.12849597902418955,0.040996804812960454,-0.1081831614996022,0.00015521415636058494
-0.000539325075454686,-0.00032031958078180753,0.12863732225058785,0.040902903690353806,-0.10835485023406442,0.00015468665668537905
-0.0005395031924368129,-0.00032007485016728385,0.128778191816384,0.04080832390133877,-0.10852613316223758,0.00015415851651649315
-0.000539670333366593,-0.0003198308477194503,0.12892260104101444,0.04071317548242286,-0.10869696719817826,0.00015362975920146338
-0.000539851861420784,-0.00031958594972978857,0.12905858662213204,0.04061713465031125,-0.10886747030998875,0.00015310041584960582
-0.0005400222581418455,-0.0003193417796230995,0.12919802834100785,0.04052052518798636,-0.10903752014290877,0.0001525704938464931
-0.000540190085728248,-0.0003190977960675877,0.1293369928144859,0.04042324135424578,-0.10920715371184311,0.00015204002441360134
-0.0005403553458032666,-0.00031885399892008295,0.1294754791479736,0.040325284261539786,-0.10937636840733976,0.00015150903063414298
-0.0005405180400088191,-0.0003186103880369051,0.12961348645055043,0.04022665503790758,-0.10954516162217222,0.00015097753551312674
-0.0005406781700050917,-0.0003183669632800361,0.12975101383479848,0.040127354826964695,-0.10971353075121877,0.0001504455619713511
-0.0005408357374700985,-0.00031812372450210416,0.1298880604169264,0.04002738478777461,-0.10988147319156787,0.0001499131328442072
-0.0005409907441013032,-0.00031788067156524394,0.13002462531689904,0.039926746095002914,-0.11004898634285752,0.00014938027087359955
-0.0005411348133548783,-0.0003176383491802527,0.13016473812830354,0.03982555089546943,-0.11021602786671544,0.00014884699869017678
-0.0005412932366262442,-0.00031739512264119044,0.1302963871787486,0.03972346967235388,-0.1103827135795562,0.00014831334674601164
-0.0005414405680162029,-0.00031715262637169866,0.1304315003527469,0.03962083218336281,-0.11054892330373309,0.0001477793214485876
-0.0005415853456021834,-0.00031691031537321376,0.13056612838762144,0.039517530895123276,-0.110714693361311,0.0001472449532938455
-0.000541727571169258,-0.0003166681895057158,0.1307002704205574,0.03941356705983709,-0.1108800211645419,0.00014671026450837677
-0.0005418672465214584,-0.00031642624862629823,0.13083392559262813,0.03930894194509679,-0.11104490412871629,0.000146175277201202
-0.0005420043734797942,-0.0003161844925949203,0.13096709304829623,0.039203656833960564,-0.11120933967178648,0.00014564001336072273
-0.0005421389538835567,-0.0003159429212697615,0.13109977193577743,0.03909771302497623,-0.11137332521481691,0.00014510449485091183
-0.0005422626878471423,-0.0003157020788309532,0.13123597956194313,0.03899122377552444,-0.11153681939932798,0.00014456874339310497
-0.000542400635943861,-0.00031546033217410077,0.13136374098160059,0.03888385675105336,-0.1116999352105212,0.00014403278852152617
-0.0005425275848216599,-0.0003152193141218,0.13149494765941352,0.03877594475512672,-0.11186255532851107,0.00014349663560408272
-0.0005426519947378253,-0.0003149784802126514,0.13162566242517187,0.03866737941044296,-0.11202471516105335,0.00014296031416038035
-0.0005427738676178031,-0.00031473783030583,0.1317558844445479,0.03855816209255359,-0.11218641214509567,0.00014242384536655153
-0.0005428932054040052,-0.0003144973642600461,0.1318856128867532,0.03844829419242213,-0.1123476437210109,0.00014188725025387496
-0.0005430100100565226,-0.0003142570819349745,0.13201484692469392,0.038337777116373074,-0.11250840733266207,0.00014135054969648445
-0.0005431242835522789,-0.0003140169831906646,0.13214358573478927,0.038226612286028104,-0.11266870042743683,0.00014081376441069083
-0.0005432278010914365,-0.0003137776115689356,0.1322758347985665,0.03811491404429381,-0.11282848266427586,0.0001402769149330802
-0.0005433453971553195,-0.000313537335883865,0.1323996545233704,0.03800234731033048,-0.11298786410515399,0.00013974002960876722
-0.0005434520861699422,-0.0003132977870390734,0.13252690131912004,0.03788924786097294,-0.11314673038904527,0.00013920311249698164
-0.0005435562521674369,-0.0003130584212163723,0.13265364965641369,0.037775506497756905,-0.11330511598267681,0.000138666191858163
-0.0005436578972085091,-0.00031281923827306685,0.1327798987292445,0.03766136173203347,-0.11346154019593606,0.0001401074515450483
-0.0005437570233705314,-0.00031258023806985183,0.13290564773511865,0.037546564000695025,-0.11361753909331039,0.00014146622049864086
-0.000543853632747805,-0.0003123414204681124,0.13303089587523712,0.03743111545039958,-0.11377310781819769,0.00014274567809265636
-0.0005439477274514895,-0.0003121027853278044,0.13315564235443167,0.03731501821857879,-0.11392824160959163,0.0001439488793867137
-0.0005440393096085549,-0.00031186433250915066,0.1332798863809834,0.03719827443432403,-0.1140829357983995,0.00014507876000578387
-0.0005441201747760141,-0.00031162660886086685,0.13340765121374235,0.03708100104550603,-0.11423714888317146,0.00014613814082071975
-0.0005442150965908486,-0.00031138797328130255,0.1335269444108255,0.03696285790974566,-0.11439098641244738,0.00014712974153834719
-0.0005442991510022974,-0.0003111500665940285,0.13364967493397442,0.03684418713323997,-0.11454433466652472,0.00014805614861672063
-0.0005443807016029045,-0.0003109123416716736,0.13377189990177052,0.03672487825604018,-0.11469722549692794,0.00014891987424773818
-0.0005444597506008854,-0.0003106747983765354,0.13389361854006795,0.036604933378597056,-0.11484965464709383,0.00014972332364662473
-0.0005445363002203323,-0.00031043743656882297,0.13401483007828693,0.036484354597958124,-0.11500161793409634,0.00015046880810688757
-0.0005446103527022213,-0.00031020025610976887,0.13413553374959047,0.03636314400848543,-0.11515311124632124,0.00015115854868913902
-0.000544681910303224,-0.0003099632568617193,0.13425572879067393,0.03624130370249261,-0.11530413054073153,0.00015179467976364426
-0.0005447428407818342,-0.0003097269848185563,0.1343794276116989,0.03611895151130284,-0.11545463598259496,0.00015237925240631765
-0.0005448177003510447,-0.00030948980144465676,0.1344946702122542,0.03599574454213531,-0.11560473053276159,0.0001529142467486548
-0.0005448817839993694,-0.0003092533449985356,0.13461333339071666,0.03587202758937801,-0.11575430418141035,0.00015340153869157513
-0.0005449433820132752,-0.00030901706920977157,0.1347314849493199,0.035747689282388265,-0.11590338827881665,0.00015384295779680146
-0.0005450024967276812,-0.00030878097394074905,0.1348491241422473,0.03562273171253011,-0.11605197909058786,0.00015424025343811418
-0.0005450591304934089,-0.0003085450590532973,0.13496625022731404,0.0354971569725612,-0.11620007293778613,0.00015459510681799303
-0.0005451132856765334,-0.00030830932440933934,0.13508286246591333,0.03537096715727891,-0.11634766619508181,0.00015490913364422866
-0.0005451649646590163,-0.00030807376987145724,0.13519896012306762,0.035244164363868014,-0.11649475528891796,0.0001551838867016673
-0.0005452141698384335,-0.0003078383953020944,0.1353145424674308,0.03511675069238583,-0.11664133669577884,0.0001554208583219611
-0.0005452527870531455,-0.00030760374976648505,0.13543364073022196,0.034988845874145254,-0.11678737205167702,0.00015562148275923135
-0.0005453053185042172,-0.000307368185519033,0.1355442389512581,0.034860101406965785,-0.1169329619136512,0.00015578714760387672
-0.0005453471138091412,-0.00030713335003060976,0.13565826957008537,0.034730867695909357,-0.11707799960954736,0.00015591915925974994
-0.0005453864451146253,-0.0003068986939604515,0.13577178201435466,0.03460103154520974,-0.11722251599206081,0.00015601880038384162
-0.00054542331489294,-0.00030666421717245873,0.1358847755699912,0.03447059507554164,-0.11736650776399506,0.00015608729484000968
-0.0005454577256328218,-0.0003064299195297063,0.1359972495269369,0.034339560412824974,-0.11750997166951137,0.0001561258189552578
-0.0005454896798366509,-0.00030619580089526546,0.13610920317834144,0.03420792968855581,-0.11765290449214687,0.0001561355033878561
-0.0005455191800232794,-0.00030596186113221804,0.13622063582131336,0.03407570504011059,-0.11779530305415327,0.00015611743491761765
-0.0005455381818171986,-0.0003057286482186748,0.13633556862473584,0.03394300710174655,-0.1179371304627558,0.00015607265817200924
-0.000545570977252309,-0.00030549451767294955,0.13644201572651693,0.033809484842172895,-0.11807848421085844,0.00015600218641767158
-0.0005455931276664326,-0.0003052611137042277,0.13655187973027724,0.03367549126715033,-0.11821926130586291,0.00015590696641597452
-0.0005456128343437692,-0.00030502788806138076,0.13666121997681854,0.03354091238289098,-0.11835949178994089,0.00015578793532423007
-0.0005456300998754426,-0.0003047948406074731,0.13677003578058725,0.033405750360498324,-0.1184991726606891,0.00015564598506653989
-0.0005456449268677509,-0.0003045619712061763,0.13687832645974754,0.033270007378554525,-0.11863830094779655,0.00015548197306710894
-0.0005456573179404225,-0.0003043292797212521,0.13698609133577042,0.03313368562334686,-0.11877687371190718,0.00015529672360003978
-0.0005456672757288655,-0.0003040967660181502,0.13709332973402127,0.03299678728913044,-0.11891488804398304,0.00015509102909646894
-0.0005456668242870463,-0.00030386497688382474,0.13720405316700995,0.032859433902867524,-0.11905230847817,0.0001548656513954132
-0.0005456800495642693,-0.0003036322714100592,0.13730630466174945,0.03272127200840162,-0.11918922928558938,0.00015462133207870023
-0.0005456827205013841,-0.00030340029023495467,0.13741195818627902,0.03258265714325635,-0.11932555117181307,0.0001543587568816891
-0.000545682968897333,-0.0003031684862984073,0.13751708259763593,0.03244347456039565,-0.11946130327538063,0.00015407861220201801
-0.0005456807974576037,-0.0003029368594641771,0.13762167723850405,0.03230372649674343,-0.11959648282644263,0.00015378154904688583
-0.0005456762089016407,-0.0003027054095980624,0.1377257414551962,0.03216341519816887,-0.11973108708066525,0.00015346819338339928
-0.0005456692059640008,-0.00030247413656452234,0.1378292745978174,0.03202254291985957,-0.11986511331906816,0.00015313914712098038
-0.000545659791392068,-0.0003022430402277454,0.13793227601980138,0.03188111192628476,-0.11999855884669872,0.00015279498905529008
-0.0005456400561278289,-0.00030201266609922867,0.13803874808428615,0.03173924462292516,-0.12013138959952763,0.0001524362757842348
-0.0005456338846722669,-0.00030178137710583537,0.13813676119626042,0.03159658522053437,-0.12026369649585825,0.00015206355170855755
-0.0005456172488978749,-0.00030155081005166055,0.13823816218936755,0.03145349172071351,-0.12039538397235432,0.000151677313118429
-0.0005455982126796323,-0.0003013204191559156,0.1383390289397639,0.031309848660164764,-0.12052648019132031,0.0001512780644178772
-0.0005455767788331614,-0.0003010902042823553,0.13843936081836694,0.031165658351866535,-0.1206569825714945,0.00015086628176388733
-0.0005455529501889888,-0.0003008601652972707,0.13853915719997623,0.03102092311886849,-0.12078688855302806,0.00015044242314061194
-0.0005455267295905575,-0.0003006303020677524,0.1386384174628351,0.03087564529432227,-0.12091619559674144,0.0001500069290718692
-0.0005454981198950293,-0.0003004006144575449,0.13873714098883388,0.030729827221595916,-0.12104490118378075,0.00014956022330829218
-0.0005454671239731757,-0.00030017110233324096,0.13883532716345343,0.030583471254383557,-0.12117300281517616,0.00014910271348439908
-0.0005454258464004066,-0.0002999423138203665,0.13893699913003646,0.03043670168695127,-0.12130046776334726,0.00014863479176055656
-0.0005453981310169775,-0.0002997126040071036,0.1390301654957991,0.030289157459728728,-0.12142738372171104,0.0001481568446258623
-0.0005453599908536226,-0.0002994836175366118,0.13912673453359373,0.03014120199202251,-0.12155365870039776,0.00014766921645141388
-0.0005453194761402435,-0.00029925480601664285,0.1392227638257748,0.029992718149777838,-0.12167931991917798,0.0001471722659011235
-0.0005452765898130751,-0.0002990261693140671,0.13931825277522486,0.02984370833918329,-0.12180436497311516,0.0001466663290458324
-0.0005452313348220305,-0.00029879770729407916,0.1394132007886565,0.029694174977127688,-0.12192879147523486,0.00014615172928500474
-0.0005451837141296668,-0.00029856941982415314,0.13950760727619013,0.029544120491156234,-0.12205259705596086,0.00014562877784519957
-0.0005451337307121181,-0.000298341306769586,0.13960147165170333,0.029393547319740004,-0.12217577936310127,0.0001450977742576123
-0.0005450735534455576,-0.0002981139147830887,0.13969880886046912,0.029242580594353605,-0.12229830707105221,0.00014455900682395681
-0.0005450268324990909,-0.0002978856033767751,0.1397876520525155,0.029090857098968814,-0.1224202642652933,0.00014401276225457023
-0.0005449697759933171,-0.0002976580127721524,0.13987988518202332,0.028938742566036617,-0.12254156282029564,0.00014345928906186415
-0.0005449103688535264,-0.0002974305960511056,0.13997157391832096,0.028786119210398437,-0.12266222885961764,0.00014289885381532923
-0.0005448486141198109,-0.00029720335308101517,0.14006271769287718,0.02863298952471857,-0.12278226011353227,0.0001423317041100889
-0.0005447845148439541,-0.0002969762837292597,0.1401533159405257,0.028479356012655364,-0.1229016543280652,0.00014175807834361986
-0.0005447180740910645,-0.000296749387863119,0.14024336809986385,0.028325221188872735,-0.12302040926492593,0.00014117820607982665
-0.000544649294938177,-0.0002965226653498243,0.14033287361295085,0.028170587578941798,-0.12313852270118629,0.00014059230839483672
-0.0005445704092370998,-0.0002962966612769461,0.14042583965625063,0.02801558112264538,-0.12325596472196483,0.000140000598217652
-0.0005445048774722852,-0.0002960697398532563,0.1405103226437111,0.02785983654271996,-0.12337281571470846,0.0001394032898416476
-0.0005444290988352474,-0.0002958435366043344,0.14059818348090888,0.027703721793984438,-0.12348899147726985,0.00013880056221704713
-0.0005443509942913292,-0.00029561750617944013,0.14068549550404533,0.027547118472264886,-0.12360451699862052,0.00013819261507446237
-0.0005442705669794784,-0.00029539164844631996,0.14077225817279274,0.027390029158126317,-0.12371939013070575,0.0001375796317969562
-0.0005441878200503455,-0.00029516596327282957,0.14085847095036136,0.027232456443132703,-0.12383360873991874,0.00013696178909374445
-0.0005441027566675019,-0.00029494045052770416,0.1409441333036239,0.02707440292983375,-0.12394717070712202,0.0001363392572620171
-0.0005440153800061003,-0.00029471511007894517,0.1410292447030094,0.026915871231712643,-0.12406007392742352,0.0001357122004387156
-0.0005439256932545322,-0.00029448994179466156,0.14111380462275291,0.02675686397337019,-0.12417231631024915,0.00013508077684309125
-0.000543825938802374,-0.0002942654930406102,0.14120184251895798,0.026597508913405902,-0.12428386934332983,0.00013444513901562623
-0.0005437395457628677,-0.0002940401211951379,0.14128134853858737,0.0264374357462546,-0.12439480975291071,0.00013380544329691965
-0.0005436429451143443,-0.0002938154686158729,0.14136424946544912,0.026277017618870486,-0.12450505723201435,0.00013316181276861665
-0.0005435440473034765,-0.0002935909876763034,0.14144659687250752,0.02611613453942848,-0.12461463565013611,0.00013251439367796092
-0.0005434428555770671,-0.0002933666782446113,0.14152839025143127,0.0259547891870477,-0.12472354298617384,0.00013186331796020728
-0.0005433393731930353,-0.0002931425401895178,0.14160962909732272,0.025792984251614262,-0.12483177723236415,0.0001312087128987156
-0.0005432336034219909,-0.00029291857338078,0.14169031290909875,0.025630722433972332,-0.12493933639483082,0.00013055070130306955
-0.0005431255495448161,-0.0002926947776863316,0.14177044118896878,0.0254680064456714,-0.1250462184928355,0.00012988940169000353
-0.0005430075147824505,-0.0002924716986975502,0.14185403640668173,0.025304964787447412,-0.1251523964672443,0.0001292249284539533
-0.0005429027450099407,-0.0002922476991211193,0.1419291096421985,0.025141225287525874,-0.12525794314928732,0.00012855740127965237
-0.0005427878557739965,-0.00029202441598847467,0.14200756694551708,0.02497716311943111,-0.12536278231772527,0.00012788690805780908
-0.0005426706957328502,-0.00029180130344889747,0.1420854667903209,0.02481265773530413,-0.12546693663337627,0.00012721356119868815
-0.0005425512682244842,-0.0002915783613720805,0.14216280869640135,0.02464771190028721,-0.12557040418233645,0.00012653746013865323
-0.0005424295765991254,-0.0002913555896271961,0.14223959218733356,0.02448232839011156,-0.12567318306408098,0.00012585870093561875
-0.0005423056242173887,-0.00029113298808396484,0.14231581679014998,0.02431650999108662,-0.12577527139115605,0.00012517737640282598
-0.0005421794144523254,-0.0002909105566138246,0.1423914820356699,0.024150259500042966,-0.1258766672893798,0.00012449357623228524
-0.0005420433102318393,-0.0002906888389347627,0.14247060375684265,0.02398370612197337,-0.1259773451708727,0.00012380738712875622
-0.0005419203775661363,-0.00029046620336957776,0.14254121292353697,0.023816475923624465,-0.1260773739026418,0.00012311890216074885
-0.000541787413170274,-0.0002902442813358143,0.14261519588811006,0.02364894599681988,-0.12617668141190402,0.00012242818367779254
-0.000541652205049528,-0.0002900225288546745,0.1426886176819119,0.023480995270618064,-0.12627528912611832,0.00012173531952080607
-0.000541514756630803,-0.0002898009457973222,0.1427614778530775,0.02331262659379476,-0.12637319523635207,0.00012104038553109836
-0.000541375071351794,-0.00028957953203419436,0.1428337759533845,0.023143842825392898,-0.1264703979467398,0.00012034345509451673
-0.0005412331526615032,-0.0002893582874348953,0.14290551153831818,0.0229746468347419,-0.12656689547458,0.00011964459924059152
-0.0005410890040203186,-0.00028913721187149785,0.14297668416696988,0.022805041501238386,-0.1266626860500884,0.00011894388673267431
-0.0005409350468120563,-0.00028891684710817024,0.14305130346265438,0.0226351566975618,-0.12675774557568883,0.00011824138416662955
-0.0005407941709466318,-0.00028869556733403245,0.14311741901257224,0.022464616827169073,-0.12685213889149297,0.00011753716527474769
-0.0005406433505132696,-0.0002884749981018203,0.14318689873551255,0.022293800796998827,-0.1269457981329586,0.00011683127387215799
-0.0005404903141320585,-0.0002882545973884546,0.1432558138018973,0.022122587043180195,-0.12703874347277255,0.0001161237799465727
-0.0005403350653153545,-0.00028803436506654595,0.14332416378821503,0.02195097849514697,-0.1271309732061164,0.00011541474219854491
-0.0005401776075864388,-0.00028781430100680537,0.14339194827472385,0.021778978092193983,-0.12722248564134958,0.00011470421754663346
-0.0005400179444781374,-0.000287594405080081,0.14345916684506638,0.021606588783377727,-0.1273132790996576,0.00011399226119566952
-0.000539856079534919,-0.000287374677158312,0.14352581908671888,0.021433813527466507,-0.12740335191540098,0.00011327892670311905
-0.0005396844912561625,-0.0002871556569785782,0.14359590889789692,0.021260782828939194,-0.127492681500203,0.00011256426605268607
-0.0005395258974860627,-0.00028693572481608073,0.1436575030393426,0.021087119521544583,-0.1275813286101227,0.00011184833892189218
-0.0005393574456212702,-0.0002867165001394882,0.14372245243011522,0.020913204227525805,-0.12766922964545538,0.00011113117566575212
-0.0005391868062567073,-0.00028649744295473033,0.1437868339051906,0.020738914918488567,-0.1277564035055929,0.00011041283329087256
-0.0005390139829870472,-0.00028627855313411235,0.14385064706944373,0.02056425460094599,-0.1278428485901783,0.00010969335804057604
-0.0005388389794168384,-0.00028605983054908954,0.14391389153137718,0.020389226290720954,-0.1279285633118342,0.00010897279485921657
-0.0005386617991609059,-0.0002858412750729473,0.14397656690305008,0.020213833012987056,-0.1280135460964548,0.0001082511874466157
-0.0005384824458444971,-0.0002856228865773195,0.14403867280028718,0.020038077802090278,-0.12809779538299748,0.00010752857830372453
-0.0005383009231017972,-0.0002854046649360207,0.14410020884217808,0.019861963701591132,-0.1281813096234658,0.00010680500878069163
-0.0005381097152839517,-0.00028518715161107537,0.1441652035125063,0.0196856228583823,-0.12826406780258032,0.00010608051912825811
-0.0005379315229369747,-0.0002849687217019222,0.14422165043492668,0.019508673544959273,-0.12834612645761057,0.00010535515779575336
-0.0005377435110435783,-0.00028475099985523535,0.1442814732294724,0.019331501080894847,-0.12842742641544716,0.00010462894420265817
-0.0005375533444190838,-0.00028453344435246976,0.1443407247098186,0.019153981992570804,-0.12850798526751805,0.00010390192499087078
-0.0005373610267464506,-0.00028431605506687267,0.1443994045126884,0.018976119368354707,-0.1285878015320492,0.00010317413639044791
-0.0005371665617187931,-0.00028409883187051344,0.14445751227856657,0.018797916305339935,-0.12866687374056313,0.00010244561372420085
-0.000536969953038844,-0.0002838817746370053,0.14451504765149645,0.01861937590936405,-0.12874520043794035,0.00010171639144245653
-0.0005367712044181711,-0.0002836648832395053,0.14457201027897107,0.01844050129477305,-0.12882278018221716,0.00010098650315527001
-0.0005365628553233596,-0.00028344869692074545,0.14463242371273502,0.018261425158637754,-0.12889959351829094,0.00010025598167383515
-0.0005363674402446701,-0.0002832315974462367,0.1446842963864521,0.018081764412956666,-0.1289756927562652,9.952486827150995e-05
-0.0005361622914113719,-0.00028301520279707185,0.14473953726791022,0.01790190586733357,-0.1290510231348591,9.879317553785618e-05
-0.0005359550176374518,-0.0002827989734776777,0.14479420405823895,0.01772172564645877,-0.12912560092693526,9.806094348164965e-05
-0.0005357456226814877,-0.0002825829093623042,0.1448482964224706,0.017541226906737383,-0.12919942475770538,9.732820197806647e-05
-0.0005355341103120701,-0.00028236701032401633,0.1449018140295399,0.01736041281277454,-0.12927249326617654,9.659498023808382e-05
-0.0005353204843058166,-0.0002821512762371751,0.14495475655166554,0.017179286537280448,-0.129344805104579,9.58613068366412e-05
-0.0005351047484496894,-0.00028193570697505367,0.14500712366488414,0.016997851261031156,-0.12941635893888803,9.512720973313795e-05
-0.0005348794963431615,-0.00028172083946974465,0.14506293430649506,0.016816240187043113,-0.12948713689177493,9.43927163054505e-05
-0.0005346670993710113,-0.0002815050624233647,0.14511021077345634,0.016634068980007778,-0.12955718699997745,9.365786257744526e-05
-0.0005344450540341795,-0.00028128998688212864,0.14516084832143802,0.01645172581794082,-0.12962645896335304,9.292265616485103e-05
-0.0005342209141398165,-0.0002810750756627074,0.14521090922790994,0.016269086457868644,-0.1296949677222769,9.21871322158809e-05
-0.0005339946835193984,-0.00028086032863979156,0.14526039318650352,0.016086154119534606,-0.12976271201110784,9.145131595666663e-05
-0.0005337663660124533,-0.00028064574568774543,0.1453092998941324,0.01590293203028163,-0.12982969057762356,9.071523212760739e-05
-0.0005335359654679726,-0.00028043132668165334,0.14535762905154773,0.015719423424970846,-0.12989590218364896,8.997890499987159e-05
-0.0005333034857439588,-0.00028021707149593865,0.1454053803630621,0.015535631545889097,-0.12996134560470637,8.924235839544766e-05
-0.0005330615734985058,-0.00028000351466875295,0.14545656852900096,0.015351690059302144,-0.13002600455804933,8.85056157078725e-05
-0.0005328324402443254,-0.0002797890520851755,0.14549922858529238,0.015167213490738603,-0.13008992276494186,8.776870910272771e-05
-0.0005325937434940842,-0.00027957528761018806,0.145545243192053,0.01498259126943097,-0.13015305443196826,8.703164256291824e-05
-0.0005323529831379098,-0.0002793616864557886,0.1455906788337263,0.01479769881693962,-0.13021541315464483,8.629444766015569e-05
-0.0005321101630757103,-0.0002791482484963796,0.14563553523198575,0.014612539411409185,-0.13027699777791588,8.555714620516906e-05
-0.0005318652872172527,-0.0002789349736082372,0.14567981211240252,0.014427116337958274,-0.13033780716090831,8.481975964834453e-05
-0.0005316183594796104,-0.0002787218616666382,0.1457235092038425,0.014241432888527498,-0.1303978401765667,8.408230909705576e-05
-0.0005313693837890441,-0.00027850891254696183,0.14576662623900974,0.014055492361881933,-0.13045709571204517,8.334481532416122e-05
-0.0005311110587219045,-0.00027829665832155605,0.14581317410201056,0.013869428845624006,-0.13051555909429982,8.260729878796199e-05
-0.000530865439348787,-0.0002780835022740541,0.14585119931380797,0.013682855830840038,-0.13057326969172256,8.186978879815682e-05
-0.0005306103407370503,-0.0002778710408736333,0.14589257318444868,0.013496163883730272,-0.13063018625879824,8.113228667660046e-05
-0.0005303532100154242,-0.0002776587417979773,0.1459333659929381,0.01330922812140511,-0.13068632103497385,8.039482134111005e-05
-0.000530094051150457,-0.00027744660492323714,0.1459735774893979,0.013122051875195094,-0.13074167297807573,7.965741207577857e-05
-0.0005298328681169453,-0.00027723463012532465,0.14601320742744092,0.012934638482779683,-0.13079624106004478,7.892007789655413e-05
-0.000529569664898558,-0.0002770228172800822,0.1460522555645031,0.012746991287975533,-0.13085002426729248,7.8182837564668e-05
-0.0005293044454870491,-0.0002768111662649151,0.14609072166160442,0.012559113640785343,-0.13090302160036732,7.74457095921641e-05
-0.00052902995919766,-0.00027660020661842734,0.14613261323783389,0.012371140008716253,-0.13095522000968268,7.670871225612581e-05
-0.000528768108206096,-0.0002763883492271704,0.14616598695445135,0.012182682950839739,-0.13100665447758766,7.597187273168464e-05
-0.0005284968615597046,-0.0002761771829578579,0.14620270410708996,0.01199413405805557,-0.13105728834325714,7.523519037930075e-05
-0.0005282236148200536,-0.0002759661780241708,0.14623883832706616,0.011805368173005497,-0.13110713248032071,7.449869212849936e-05
-0.00052794837201772,-0.0002757553343017121,0.1462743893928597,0.01161638867495018,-0.13115618596134104,7.376239537737277e-05
-0.0005276711371915626,-0.00027554465166838155,0.14630935708669254,0.011427198948698019,-0.1312044478733406,7.302631732080084e-05
-0.0005273919143870815,-0.0002753341300005263,0.14634374119406288,0.011237802384609601,-0.13125191731760488,7.22904749633161e-05
-0.0005271107076586886,-0.00027512376917639136,0.1463775415043176,0.011048202378391677,-0.13129859341011654,7.155488512037493e-05
-0.0005268203158655295,-0.0002749140961375487,0.1464147626428064,0.010858533736394095,-0.13134446473725261,7.081956443255534e-05
-0.0005265424918865373,-0.00027470352956370653,0.14644347000737382,0.010668408186672433,-0.13138956186548084,7.008453845649162e-05
-0.0005262553551218297,-0.0002744936505302206,0.14647551627307034,0.01047821823349794,-0.13143385275168756,6.934980509694139e-05
-0.0005259662507795603,-0.0002742839318493947,0.14650697796237658,0.010287838474718921,-0.13147734689538837,6.861538977123087e-05
-0.0005256751829515675,-0.00027407437339754294,0.14653785488220877,0.010097272331889517,-0.13152004348562887,6.7881308448586e-05
-0.000525382155735917,-0.00027386497505220604,0.14656814684279704,0.009906523231464966,-0.13156194172578686,6.714757694579608e-05
-0.0005250871732395207,-0.0002736557366911415,0.14659785365833458,0.009715594604722806,-0.1316030408343677,6.641421093252372e-05
-0.0005247902395760401,-0.00027344665819307307,0.1466269751463804,0.009524489887682747,-0.13164334004426773,6.568122593234114e-05
-0.0005244913588665476,-0.0002732377394348874,0.1466555111282181,0.009333212520965216,-0.13168283860328403,6.494863733202592e-05
-0.0005241833299352438,-0.00027302950835044436,0.1466874939616051,0.009141898643471797,-0.13172152688412644,6.421646038755465e-05
-0.0005238879060349462,-0.00027282038065184165,0.1467109065287068,0.00895015618571042,-0.13175943065423087,6.348471934326458e-05
-0.0005235832063221085,-0.0002726119403827533,0.14673768352032665,0.008758381509985456,-0.13179652290194513,6.275341075051024e-05
-0.0005232765761744665,-0.0002724036593659447,0.1467638743543713,0.008566447992570144,-0.13183281163743046,6.202255879854445e-05
-0.0005229680197489266,-0.00027219553747976494,0.14678947886968174,0.008374359095991872,-0.1318682961826603,6.12921782376151e-05
-0.0005226575412089532,-0.0002719875746028059,0.14681449690855128,0.008182118286741414,-0.1319029758742534,6.056228370304815e-05
-0.0005223451447249344,-0.0002717797706143915,0.14683892831688403,0.007989729035372631,-0.13193685006375913,5.9832889718541143e-05
-0.0005220308344753709,-0.0002715721253914189,0.14686277294440261,0.007797194816397001,-0.13196991811789943,5.9104010697629125e-05
-0.0005217074572614089,-0.00027136516408252966,0.14689006092536108,0.007604652010060644,-0.13200217207904993,5.8375660951195734e-05
-0.0005213966217424168,-0.00027115731076052425,0.14690878188044487,0.0074117079582942825,-0.13203363321112555,5.764786376558843e-05
-0.0005210765926836641,-0.00027095014110958306,0.14693086386443235,0.007218759671975036,-0.13206427921402517,5.692061488615698e-05
-0.0005207546666931855,-0.00027074312974107936,0.14695235852951954,0.007025680354137655,-0.1320941166970381,5.6193937591889065e-05
-0.0005204308479826864,-0.0002705362765333761,0.14697326574280603,0.006832473497477734,-0.13212314510161996,5.546784579306624e-05
-0.0005201051407698606,-0.0002703295813659048,0.14699358537485074,0.006639142598024793,-0.13215136388420023,5.474235330569328e-05
-0.0005197775492803651,-0.00027012304411715496,0.14701331730008646,0.006445691155057826,-0.13217877251641577,5.401747385418631e-05
-0.0005194480777459202,-0.00026991666466764756,0.14703246139639634,0.00625212267112177,-0.1322053704848962,5.329322107597116e-05
-0.0005191096202229715,-0.00026971096528514635,0.14705504580315656,0.006058573717286825,-0.1322311515100118,5.2569608526801355e-05
-0.0005187836429466679,-0.0002695043786799488,0.1470690661986008,0.005864651174524824,-0.13225613233285236,5.184665871038152e-05
-0.0005184485541033751,-0.0002692984719028582,0.1470864446779038,0.005670752563867179,-0.1322802953865528,5.112436674215297e-05
-0.0005181116022612356,-0.0002690927224426893,0.14710323490353885,0.005476750953156107,-0.13230364587383378,5.040275515537634e-05
-0.0005177727916842105,-0.00026888713017911986,0.14711943677089012,0.005282649859419589,-0.13232618335688812,4.968183717341673e-05
-0.0005174321266425343,-0.0002686816949918954,0.1471350501790205,0.0050884528023114025,-0.13234790741317853,4.89616259449592e-05
-0.0005170896114126543,-0.0002684764167620868,0.14715007503043373,0.004894163304027369,-0.132368817635164,4.824213454108356e-05
-0.0005167452502782464,-0.0002682712953688826,0.1471645112315109,0.004699784889210756,-0.13238891363076885,4.7523375959039995e-05
-0.0005163919837583473,-0.00026806685012167007,0.14718238520060775,0.004505454270506539,-0.13240819080466482,4.680536312888679e-05
-0.0005160511380461408,-0.00026786152261233133,0.14719169785741273,0.004310777991362462,-0.1324266613604695,4.608811789607453e-05
-0.000515701262345966,-0.000267656871010543,0.1472043661478723,0.004116153948530924,-0.1324443124809172,4.537163487176865e-05
-0.0005153495579888925,-0.00026745237576647485,0.14721644547645074,0.003921455111292837,-0.13246114795796937,4.465593595443613e-05
-0.0005149960292889683,-0.00026724803676050034,0.1472279357670631,0.003726685015106401,-0.13247716747566665,4.3941033791944535e-05
-0.0005146406805654011,-0.0002670438538735116,0.14723883694693216,0.0035318471973182263,-0.1324923707331852,4.322694096675953e-05
-0.0005142835161441127,-0.0002668398269873636,0.14724914894703472,0.0033369451970684328,-0.13250675744491167,4.251366999799295e-05
-0.0005139245403575242,-0.00026663595598147224,0.14725887170203938,0.00314198255520811,-0.132520327340735,4.180123333867472e-05
-0.0005135567393467418,-0.00026643275712859467,0.14727203021657012,0.002947096077461366,-0.1325330775140186,4.108964338231727e-05
-0.000513201301788951,-0.000266228681133936,0.14727662973582223,0.002751818230925921,-0.13254534295394454,4.029024064207865e-05
-0.0005128369153600095,-0.00026602527705596284,0.14728458296630967,0.0025566976606625465,-0.13255644808884492,3.958385986883341e-05
-0.0005124707350050448,-0.00026582202838232316,0.14729194675355856,0.0023615305183627856,-0.13256673598345078,3.887822615306958e-05
-0.0005121027650849807,-0.00026561893499526916,0.14729872104966815,0.002166320356241711,-0.13257620642434392,3.8173356996477155e-05
-0.0005117330099659831,-0.00026541599677596187,0.1473049058102305,0.0019710707275334173,-0.13258485921405874,3.746926962748813e-05
-0.0005113614740206459,-0.0002652132136052362,0.14731050099459492,0.0017757851863167886,-0.13259269417134156,3.67659810198821e-05
-0.0005109881616273627,-0.00026501058536471805,0.14731550656573736,0.0015804672874889267,-0.13259971113101598,3.606350789265005e-05
-0.0005106061036809413,-0.00026480862522037553,0.14732394644565247,0.001385253886022446,-0.1326059088611588,3.5361866727074906e-05
-0.0005102363539555695,-0.0002646057932020624,0.14732382921870268,0.0011897512129536883,-0.13261129044761677,3.46610826584316e-05
-0.000509857735963431,-0.0002644036290436382,0.14732706433137596,0.0009943575275411184,-0.13261585258729486,3.396115373251532e-05
-0.0005094773591447246,-0.0002642016193424926,0.1473297097461224,0.0007989457111340826,-0.13261959622834257,3.326210482400738e-05
-0.0005090952279042679,-0.0002639997639801196,0.1473317654432061,0.0006035193212637784,-0.13262252128538604,3.256395151560545e-05
-0.0005087113466534606,-0.00026379806284010376,0.1473332314067332,0.00040808191566842154,-0.1326246276891377,3.186670918521638e-05
-0.0005083257198085473,-0.00026359651580300583,0.1473341076243019,0.00021263705227883014,-0.13262591538606214,3.117039300957092e-05
-0.0005079383517915132,-0.0002633951227519471,0.14733439408714746,1.7188289114169683e-05,-0.13262638433860965,3.04750179718977e-05
-0.0005075423173682441,-0.00026319439367737327,0.14733811398084154,-0.00017812752174476852,-0.1326260350120946,2.9780598872043837e-05
-0.0005071585380639903,-0.00026299279813892483,0.14733327819734232,-0.0003737041319277349,-0.13262486594067857,2.9087159160606692e-05
-0.0005067659705527878,-0.0002627918663406278,0.1473317939479299,-0.0005691432967165111,-0.13262287859677233,2.8394695416697046e-05
-0.0005063716796618856,-0.000262591088058952,0.14732971997226543,-0.0007645721293063562,-0.13262007251625188,2.770323092976209e-05
-0.0005059756698400686,-0.0002623904631752754,0.14732705627936932,-0.000959987072651517,-0.13261644774086637,2.7012779799760224e-05
-0.0005055779455394243,-0.0002621899915734374,0.1473238028814245,-0.001155384570171723,-0.13261200432780268,2.6323355966096414e-05
-0.0005051785112186664,-0.00026198967313573185,0.14731995979452087,-0.0013507610658508062,-0.13260674235017328,2.5634973211324753e-05
-0.0005047773713406833,-0.00026178950774486016,0.14731552703815998,-0.0015461130042781733,-0.13260066189668374,2.4947645164700516e-05
-0.0005043676436574426,-0.00026159000214982103,0.14731452741549497,-0.0017413035829060323,-0.13259376512788515,2.426138531092274e-05
-0.0005039701201061092,-0.0002613896356386796,0.14730497307083493,-0.0019367264199264761,-0.1325860460271746,2.3576215768057697e-05
-0.0005035638878398764,-0.000261189928689105,0.14729877002812625,-0.002131983412031947,-0.13257751083885805,2.289213198981041e-05
-0.0005031559679713148,-0.0002609903743195467,0.14729197745790754,-0.0023272016326726028,-0.1325681576864464,2.2209156002654185e-05
-0.0005027463649885697,-0.0002607909724133776,0.1472845953973441,-0.002522377531063131,-0.13255798673723004,2.1527300734503407e-05
-0.0005023350833840894,-0.00026059172285481345,0.1472766238871539,-0.002717507557627271,-0.13254699817389884,2.0846578986273567e-05
-0.0005019221276548973,-0.00026039262552672755,0.1472680629715352,-0.002912588164027364,-0.13253519219470727,2.016700343015522e-05
-0.0005015075023032272,-0.00026019368031259503,0.14725891269839786,-0.003107615803362588,-0.13252256901357223,1.9488586615933577e-05
-0.0005010843671923028,-0.000259995390655016,0.14725319584559657,-0.00330245376924142,-0.1325091324832857,1.8811340977730948e-05
-0.0005006733873030854,-0.00025979624576235975,0.14723892474597883,-0.0034974954305393834,-0.13249487204082025,1.8135287550055884e-05
-0.0005002537776143274,-0.0002595977561946194,0.14722800529257693,-0.0036923429521472225,-0.1324797986955492,1.7460420907276872e-05
-0.00049983251641113,-0.0002593994182775155,0.147216496737052,-0.003887123333531093,-0.1324639091593138,1.678676204262602e-05
-0.0004994096082187427,-0.0002592012318937218,0.14720439914487002,-0.004081833036068594,-0.13244720372365176,1.6114322934764015e-05
-0.0004989850575664327,-0.00025900319692822964,0.14719171258497615,-0.004276468523026251,-0.13242968269545888,1.5443115456632286e-05
-0.0004985588689889363,-0.00025880531326606844,0.1471784371300847,-0.0044710262596374985,-0.13241134639719804,1.4773151376610292e-05
-0.0004981310470253246,-0.0002586075807905555,0.1471645728564865,-0.004665502713319729,-0.1323921951667708,1.4104442360665269e-05
-0.0004976947927891861,-0.00025841049957587604,0.14715414287085515,-0.004859761320546049,-0.13237223454401625,1.3436999978235333e-05
-0.0004972706468917028,-0.0002582125689381473,0.14713515863852353,-0.0050541950851307055,-0.13235144942926422,1.2770844358049463e-05
-0.000496837949530143,-0.000258015289331252,0.14711952697047767,-0.005248406566787154,-0.1323298555848588,1.2105969372761633e-05
-0.0004964036370341361,-0.0002578181604494627,0.14710330685261125,-0.005442522656982397,-0.13230744831339294,1.1442395144498465e-05
-0.0004959677139631931,-0.0002576211821789555,0.14708649837834079,-0.005636539835059889,-0.13228422802928533,1.0780132859542109e-05
-0.0004955301848821427,-0.0002574243544034918,0.14706910164520046,-0.005830454582991783,-0.1322601951625602,1.0119193616066162e-05
-0.0004950910543600803,-0.0002572276770078617,0.14705111675416113,-0.006024263385494092,-0.13223535015837193,9.45958842157586e-06
-0.0004946503269704378,-0.00025703114987856573,0.14703254380984088,-0.006217963639709523,-0.13220969733330973,8.801323196805594e-06
-0.0004942012442418839,-0.00025683526965877314,0.14701740659674783,-0.006411416394148826,-0.1321832329770875,8.144404656659603e-06
-0.0004937642249299887,-0.00025663854595754654,0.14699371467301628,-0.006605014233777536,-0.1321559377528448,7.488770298004141e-06
-0.000493318731916723,-0.0002564424689360089,0.14697337680042893,-0.006798360299322129,-0.13212783243378282,6.834334827599724e-06
-0.0004928716604217682,-0.0002562465417212216,0.14695245135665638,-0.006991581397552451,-0.13209891118112205,6.181042224078469e-06
-0.0004924230150378545,-0.00025605076419938505,0.14693093846374344,-0.007184674086848919,-0.1320691747851605,5.528830663062293e-06
-0.0004919728003631376,-0.0002558551362561376,0.14690883824755707,-0.007377634926908824,-0.1320386240417358,4.877641193042157e-06
-0.0004915210209975639,-0.0002556596577744496,0.14688615083705273,-0.007570460478875017,-0.1320072597518788,4.227417633136717e-06
-0.0004910676815479534,-0.0002554643286423186,0.1468628763655027,-0.00776314730565196,-0.13197508272333824,3.578106474347309e-06
-0.0004906060631487518,-0.0002552696420119894,0.14684303963524964,-0.007955559317333265,-0.1319421020676304,2.9296567871008733e-06
-0.0004901564651332291,-0.0002550741179722666,0.14681464728397703,-0.008148088484734077,-0.13190829386517777,2.282028720956104e-06
-0.0004896984706147246,-0.0002548792362057628,0.14678961103043398,-0.008340338582452011,-0.13187368353053885,1.635158855265795e-06
-0.0004892389345235291,-0.00025468450333243457,0.1467639883113238,-0.008532436225525656,-0.1318382637534572,9.89012222528179e-07
-0.0004887778614828016,-0.0002544899192388206,0.1467377792768673,-0.008724377987680488,-0.1318020353759362,3.4354731329568414e-07
-0.0004883152561207253,-0.00025429548381090093,0.14671098408119937,-0.008916160445312665,-0.13176499924809673,-3.012752320191107e-07
-0.00048785112306946724,-0.00025410119693611635,0.14668360288216165,-0.00910778017768869,-0.1317271562281183,-9.454926945882784e-07
-0.00048738546696347403,-0.00025390705850027867,0.14665563584073757,-0.009299233766917325,-0.13168850718210115,-1.5891403510491162e-06
-0.0004869116077649163,-0.0002537135581025529,0.14663110910587215,-0.009490385394909144,-0.13164906282756456,-2.2322515448481173e-06
-0.0004864497277289043,-0.00025351922649279046,0.1465980254160519,-0.009681626305762997,-0.13160879470521356,-2.874849160964567e-06
-0.00048597952783667806,-0.00025332553269491465,0.1465683004189522,-0.009872561040633285,-0.13156773286588408,-3.5169802175424e-06
-0.0004855078235188008,-0.00025313198688141185,0.14653799028859116,-0.010063315992634618,-0.13152586855339815,-4.158663889392445e-06
-0.00048503461942711726,-0.000252938588940526,0.14650709520350583,-0.010253887760921638,-0.13148320267859756,-4.799926426602525e-06
-0.00048455992021878395,-0.0002527453387607889,0.14647561534632977,-0.010444272948470449,-0.13143973616213392,-5.440792454184957e-06
-0.00048408373055304585,-0.00025255223622845137,0.14644355090293337,-0.010634468162230876,-0.13139546993414705,-6.081285029737454e-06
-0.0004836060550932105,-0.0002523592812300069,0.14641090206290408,-0.010824470013186743,-0.13135040493457936,-6.721425693451523e-06
-0.000483120251880641,-0.0002521669597486103,0.14638169663722642,-0.011014143005841285,-0.1313045534914944,-7.361234519122654e-06
-0.0004826463883365549,-0.0002519738133844613,0.1463439325238604,-0.011203877543102798,-0.1312578826464136,-8.000721588302326e-06
-0.00048216428104936064,-0.00025178130031256254,0.14630953023476911,-0.011393279064770816,-0.13121042707275996,-8.639921508904946e-06
-0.0004816807067038224,-0.00025158893432347673,0.14627454437106377,-0.011582473710096812,-0.1311621765888943,-9.278841506944356e-06
-0.0004811956699808747,-0.00025139671530619197,0.14623897514043704,-0.011771458112514314,-0.13111313218669154,-9.917496272060034e-06
-0.00048070917556153624,-0.000251204643149568,0.14620282275310356,-0.011960228910231364,-0.13106329486773963,-1.0555899253576317e-05
-0.00048022122813214357,-0.00025101271773901937,0.14616608742370252,-0.01214878274637786,-0.13101266564516972,-1.1194062706391256e-05
-0.00047973183238168073,-0.0002508209389632532,0.1461287693701195,-0.012337116269237511,-0.1309612455425757,-1.1831997726197141e-05
-0.00047923438371976255,-0.00025062978912853903,0.14609489836690734,-0.012525094355866183,-0.13090904849739066,-1.246971428786603e-05
-0.000478748836874469,-0.00025043782086886686,0.1460524665733414,-0.012713106451856257,-0.1308560370929388,-1.3107212719918769e-05
-0.0004782551218810394,-0.00025024648132577695,0.14601340025720613,-0.01290075902705793,-0.13080225060165143,-1.3744518148423469e-05
-0.0004777599774029425,-0.0002500552879704226,0.14597375215244784,-0.01308817793405103,-0.13074767743574972,-1.4381628683210034e-05
-0.000477263408144117,-0.00024986424069111876,0.1459335224946457,-0.01327535984829746,-0.13069231867488285,-1.5018550167680616e-05
-0.0004767654188110047,-0.00024967333937484654,0.1458927115228037,-0.013462301450905196,-0.1306361754098306,-1.565528749731225e-05
-0.000476266014113522,-0.0002494825839106721,0.1458513194796761,-0.01364899942892303,-0.1305792487429394,-1.6291844642579278e-05
-0.0004757651987642562,-0.000249291974188685,0.1458093466115601,-0.013835450475354038,-0.1305215397880716,-1.692822468634422e-05
-0.0004752564048641653,-0.00024910198877319684,0.145770824942943,-0.014021519889061381,-0.13046306408600092,-1.7564429840454757e-05
-0.00047475947648273895,-0.0002489111915215409,0.14572374004082927,-0.014207596041027436,-0.13040377980353474,-1.8200452935133527e-05
-0.00047425445505215716,-0.0002487210183548475,0.14568002477704461,-0.014393286562245394,-0.13034373078215883,-1.8836311787611077e-05
-0.0004737480418972879,-0.0002485309904840492,0.14563572973696556,-0.014578716984772932,-0.1302829040443185,-1.9471997478096286e-05
-0.0004732402417454779,-0.000248341107797468,0.14559085518476328,-0.01476388403313045,-0.13022130076261837,-2.0107509025492874e-05
-0.00047273105932570656,-0.00024815137018573304,0.14554540138788377,-0.014948784438428791,-0.1301589221211602,-2.0742844711325002e-05
-0.00047222049936922894,-0.0002479617775382609,0.14549936861727483,-0.01513341493843758,-0.13009576931584999,-2.137800210126519e-05
-0.00047170207489291295,-0.0002477728015087468,0.14545676065996088,-0.015317642229568357,-0.1300318591635255,-2.2012978063905763e-05
-0.0004711953857974539,-0.0002475830266887528,0.1454056473290151,-0.01550185069918113,-0.12996714635664355,-2.2647760328684116e-05
-0.0004706807192451833,-0.00024739386826604266,0.14535787787465704,-0.015685652028374943,-0.12990167835189106,-2.3282361530195875e-05
-0.00047016469415864275,-0.00024720485436489567,0.1453095305945413,-0.015869170471542612,-0.12983544108647754,-2.39167679644825e-05
-0.00046964731528027466,-0.0002470159848743242,0.145260605776764,-0.016052402801393872,-0.1297684358156562,-2.4550973933659985e-05
-0.0004691285873577674,-0.0002468272596831689,0.1452111037138931,-0.016235345798070427,-0.12970066380743245,-2.5184973142999053e-05
-0.00046860851513935215,-0.00024663867868140836,0.1451610247014176,-0.016417996249011933,-0.12963212634124543,-2.581875872117935e-05
-0.00046808710337739123,-0.00024645024176024946,0.14511036903889366,-0.016600350949148978,-0.12956282470891414,-2.6452323237794763e-05
-0.00046755789978843984,-0.00024626241678479474,0.1450631435774061,-0.016782277093254437,-0.12949277729933784,-2.708565871551989e-05
-0.00046704039961091684,-0.0002460737997158433,0.14500740911204005,-0.016964157814444096,-0.12942193450207717,-2.7718748203582133e-05
-0.00046651499536222945,-0.0002458857943739394,0.1449550239058901,-0.017145606157508528,-0.12935034823862923,-2.8351599737431836e-05
-0.0004659882706485736,-0.0002456979326708915,0.14490206331085487,-0.01732674600505342,-0.12927800309627197,-2.89841952146163e-05
-0.0004654602302325715,-0.0002455102144994746,0.14484852764379805,-0.017507574190730076,-0.12920490042682534,-2.9616524646305237e-05
-0.00046493087887961336,-0.00024532263974686407,0.14479441722536118,-0.017688087556257257,-0.12913104159437497,-3.0248577578711284e-05
-0.0004644002213563956,-0.00024513520830504905,0.14473973237947288,-0.01786828295134568,-0.1290564279747431,-3.088034310330494e-05
-0.00046386826243357296,-0.00024494792006535954,0.14468447343417276,-0.018048157234039533,-0.12898106095612225,-3.1511809873640065e-05
-0.00046332858354271734,-0.0002447612390702632,0.1446326508041377,-0.01822757813684601,-0.1289049604848231,-3.2142966112172445e-05
-0.00046280057822383093,-0.00024457377275310596,0.1445723147771,-0.018406927444496783,-0.12882807269213448,-3.277379119918846e-05
-0.00046226474136346,-0.0002443869134613041,0.14451533410840653,-0.018585819670448978,-0.12875045392052822,-3.340428955538868e-05
-0.0004617276222517071,-0.00024420019693481045,0.14445778071487914,-0.0187643782984702,-0.12867208742210787,-3.403443963133834e-05
-0.0004611892256675226,-0.0002440136230617302,0.14439965494157866,-0.01894260022874047,-0.1285929746446684,-3.4664228073689064e-05
-0.00046064955639287577,-0.00024382719173509163,0.14434095713745876,-0.01912048237011667,-0.12851311704817622,-3.5293641161702116e-05
-0.00046010861921168847,-0.0002436409028464294,0.14428168765505842,-0.0192980216403161,-0.12843251610452916,-3.592266482167826e-05
-0.00045956641890975396,-0.00024345475628586265,0.14422184685042552,-0.019475214965822926,-0.12835117329740858,-3.6551284633607383e-05
-0.00045901656977991636,-0.00024326921223243383,0.14416544913132753,-0.019651930657936488,-0.12826911011387873,-3.7179485842478476e-05
-0.00045847836623675664,-0.00024308288971609804,0.14410053299963665,-0.019828549052642065,-0.1281862684743383,-3.780724495867547e-05
-0.00045793240294275623,-0.00024289716948912993,0.14403897897260043,-0.020004686242617288,-0.12810270909342109,-3.843456356002043e-05
-0.0004573851957383494,-0.00024271159115576112,0.14397685511138822,-0.02018046528323265,-0.12801841390254715,-3.906141740558813e-05
-0.00045683674941801984,-0.00024252615460886376,0.14391416178952232,-0.02035588314648737,-0.12793338444444444,-3.9687790509667763e-05
-0.00045628706877901015,-0.0002423408597393567,0.14385089938445492,-0.020530936813784914,-0.12784762227391128,-4.031366659911634e-05
-0.000455736158618841,-0.00024215570643766095,0.14378706827687787,-0.020705623275912056,-0.12776112895713265,-4.093902913122546e-05
-0.00045518402373756175,-0.0002419706945973616,0.14372266885118654,-0.020879939533107683,-0.12767390607201254,-4.156386129184719e-05
-0.0004546243105461423,-0.0002417862804845565,0.14366171987444531,-0.021053754517542003,-0.12758597662698618,-4.218814600601985e-05
-0.0004540762165698736,-0.0002416010948667023,0.14359224697120984,-0.021227447011265152,-0.12749727838305125,-4.281185756045995e-05
-0.0004535204339928438,-0.00024141650676005356,0.1435261435043934,-0.02140063480082589,-0.1274078763721353,-4.3434995317923096e-05
-0.00045296344596008014,-0.0002412320596838699,0.14345947332094777,-0.021573440481933975,-0.1273177512208115,-4.4057532956687804e-05
-0.0004524052572795324,-0.0002410477535273181,0.1433922368229302,-0.021745861103476403,-0.12722690456489902,-4.4679452459509255e-05
-0.00045184587276119955,-0.00024086358818657325,0.14332443441600512,-0.021917893724276792,-0.1271353380517488,-4.5300735588439407e-05
-0.00045128529721542317,-0.00024067956355050026,0.14325606650921985,-0.02208953541312379,-0.12704305333985313,-4.592136390107744e-05
-0.00045072353545546175,-0.00024049567951262528,0.1431871335155305,-0.022260783248910773,-0.12695005209933286,-4.654131874633118e-05
-0.00045015426536284983,-0.00024031238837678333,0.14312165887204914,-0.02243150682787385,-0.12685635883789623,-4.7160581280431425e-05
-0.0004495965895153784,-0.0002401283328039936,0.14304765439857398,-0.022602083268651606,-0.1267619072127716,-4.777912410082116e-05
-0.0004490312956626264,-0.00023994486991841223,0.14297702722522967,-0.022772132169931868,-0.12666676651352174,-4.839694487577509e-05
-0.0004484648349076034,-0.0002397615472018895,0.1429058366796121,-0.022941775634985492,-0.126570916078245,-4.901401572133374e-05
-0.00044789721207078606,-0.0002395783645471935,0.14283408319238594,-0.023111010794267375,-0.1264743576334395,-4.9630317088629385e-05
-0.00044732843197193173,-0.0002393953218471738,0.14276176719731298,-0.023279834788656827,-0.1263770929161469,-5.024582926897942e-05
-0.0004467584994337436,-0.0002392124189969022,0.14268888913200906,-0.023448244769635647,-0.126279123674791,-5.086053240256432e-05
-0.0004461874192786402,-0.00023902965588771044,0.14261544943740737,-0.023616237899318066,-0.12618045166842218,-5.147440648081551e-05
-0.00044560890030136206,-0.00023884748080062364,0.14254547648454136,-0.023783684481902427,-0.1260811028808664,-5.208743135199333e-05
-0.00044504195181470406,-0.00023866454846585908,0.142466967504101,-0.02395095985996769,-0.12598100692496508,-5.2699578387217696e-05
-0.0004444674554350311,-0.00023848220394070106,0.1423918441717127,-0.024117685565240122,-0.12588023728262157,-5.3310844005162407e-05
-0.0004438918307933746,-0.0002382999987297317,0.1423161610388579,-0.02428398317458322,-0.12577877202187432,-5.3921199203139404e-05
-0.00044331508271686857,-0.00023811793272840616,0.14223991856360324,-0.024449849904288792,-0.1256766129557343,-5.453062333684905e-05
-0.0004427372160367076,-0.00023793600582814635,0.1421631172085357,-0.024615282981814084,-0.12557376190860325,-5.513909565392689e-05
-0.0004421582355843431,-0.0002377542179241559,0.1420857574396308,-0.024780279645695933,-0.12547022071542313,-5.574659529789948e-05
-0.0004415781461919029,-0.00023757256890864602,0.1420078397262709,-0.02494483714561605,-0.12536599122143216,-5.6353101314909676e-05
-0.00044099068707734857,-0.00023739150298302848,0.14193339759326462,-0.025108826538048957,-0.125261100860009,-5.6958592654384734e-05
-0.00044041477575270315,-0.00023720968712378533,0.14185041302489218,-0.025272621274376326,-0.12515547526401072,-5.756303986484087e-05
-0.00043983138622722843,-0.00023702845414242876,0.14177082289606227,-0.025435844942372252,-0.12504919203791542,-5.816643850960093e-05
-0.00043924690714861926,-0.00023684735962633922,0.14169067676445665,-0.02559861855719193,-0.12494222799724591,-5.8768758855853e-05
-0.00043866134335409957,-0.00023666640346995532,0.14160997511723727,-0.025760939425396735,-0.12483458503953976,-5.936997954942994e-05
-0.0004380746996811837,-0.00023648558556742597,0.1415287184449193,-0.02592280486503075,-0.12472626507233008,-5.99700791722624e-05
-0.00043748698096917493,-0.0002363049058146261,0.14144690724186515,-0.026084212205813723,-0.1246172700135594,-6.0569036247826256e-05
-0.00043689199975948057,-0.00023612480146218556,0.1413685492469819,-0.026245034146186067,-0.1245076283408539,-6.116682924030563e-05
-0.0004363084522627103,-0.0002359439603295179,0.14128170338480806,-0.02640563956387372,-0.12439726286137419,-6.176342833385715e-05
-0.00043571753518347785,-0.00023576369438893345,0.14119823016478306,-0.026565656751768443,-0.12428625412806023,-6.235882851057242e-05
-0.0004351255624751265,-0.0002355835661756074,0.14111420445437717,-0.026725205275845047,-0.12417457807496078,-6.295299975402307e-05
-0.0004345325389804183,-0.00023540357558223673,0.14102962676563063,-0.02688428252482227,-0.12406223667013251,-6.3545920373428e-05
-0.000433938469542111,-0.00023522372250634957,0.14094449761358271,-0.027042885899227348,-0.12394923189086403,-6.413756864972358e-05
-0.0004333433590043914,-0.00023504400684235156,0.14085881751741977,-0.027201012811767997,-0.12383556572470994,-6.472792284352089e-05
-0.0004327472122119138,-0.00023486442848380702,0.14077258699968245,-0.027358660687118678,-0.12372124016860003,-6.531696119381676e-05
-0.000432143870607702,-0.00023468542055491912,0.1406898195916401,-0.027515703043157612,-0.12360628508948486,-6.590466192627647e-05
-0.00043155194318771973,-0.00023450568326676378,0.14059855706990348,-0.027672506695881966,-0.1234906194675173,-6.649099504822589e-05
-0.0004309527144265856,-0.0002343265161984208,0.14051067703109857,-0.027828702178151875,-0.12337432781168148,-6.707595532493113e-05
-0.0004303524688426331,-0.0002341474860178827,0.14042224872473794,-0.027984408443079038,-0.12325738484969716,-6.765951264420277e-05
-0.00042975121128291247,-0.00023396859261928978,0.1403332726909042,-0.028139622976635314,-0.12313979262604174,-6.824164522901553e-05
-0.0004291489465957437,-0.0002337898358996584,0.1402437494734666,-0.028294343277266428,-0.1230215531945956,-6.882233131772332e-05
-0.000428545679628924,-0.00023361121575336125,0.14015367961949723,-0.028448566855779945,-0.12290266861820412,-6.94015491573953e-05
-0.00042794141523217345,-0.00023343273207546665,0.14006306368019583,-0.028602291235555754,-0.12278314096915628,-6.997927701815317e-05
-0.00042733002303553546,-0.00023325481382226176,0.13997592136476594,-0.028755390790284264,-0.12266300147463753,-7.05554931884581e-05
-0.00042673002696832726,-0.00023307617371161674,0.13988027615222273,-0.028908230179929717,-0.12254216535773463,-7.113016780742223e-05
-0.00042612279711053244,-0.0002328980988181139,0.13978802386815492,-0.029060442278071374,-0.1224207210056916,-7.17032957183992e-05
-0.00042551458926939635,-0.00023272015997662966,0.13969522776620485,-0.029212145396322147,-0.12229864196014634,-7.227484701418773e-05
-0.00042490540829534794,-0.00023254235708228613,0.13960188841481683,-0.029363337121439993,-0.12217593033813919,-7.28448001285813e-05
-0.0004242952590400313,-0.00023236469003532455,0.13950800638606464,-0.02951401505305785,-0.12205258826537779,-7.341313354098907e-05
-0.0004236841463538637,-0.00023218715872730215,0.13941358225555997,-0.029664176803661835,-0.12192861787620977,-7.397982577945421e-05
-0.00042307207508935404,-0.00023200976305806295,0.13931861660274267,-0.029813819998673483,-0.12180402131388128,-7.454485542771777e-05
-0.00042245294248380153,-0.0002318329277656607,0.1392271356208098,-0.029962819905666724,-0.12167883113509252,-7.510820111951508e-05
-0.0004218451891441788,-0.00023165537821724473,0.13912714357927655,-0.030111538928371383,-0.12155295887992797,-7.566983340552818e-05
-0.0004212302689976091,-0.00023147838883924923,0.1390305554385725,-0.030259612387296783,-0.12142649673205316,-7.622974748483589e-05
-0.00042061440972850555,-0.00023130153468406238,0.1389334281565469,-0.03040715792168336,-0.12129941706827574,-7.678791392677674e-05
-0.00041999761618855577,-0.00023112481564941875,0.1388357623299012,-0.03055417322234722,-0.12117172207363243,-7.734431164521855e-05
-0.0004193798932304368,-0.0002309482316327511,0.13873755855905331,-0.030700655993336903,-0.12104341394145157,-7.789891963174236e-05
-0.00041876124570714357,-0.00023077178252833667,0.1386388174481676,-0.030846603951960833,-0.12091449487329746,-7.84517169590015e-05
-0.0004181416784708737,-0.00023059546823475316,0.13853953960460574,-0.03099201482883917,-0.12078496707844713,-7.900268278543485e-05
-0.00041751511589974025,-0.00023041970922447683,0.13844375794337607,-0.03113676482468514,-0.12065486441131386,-7.955179635115101e-05
-0.0004168999166834857,-0.00023024324366815486,0.13833945681694515,-0.03128121398238387,-0.1205240948075554,-8.009902887642114e-05
-0.00041627761717938637,-0.00023006733318868197,0.13823857102313322,-0.03142500017942041,-0.12039275416006028,-8.064437616402196e-05
-0.00041565441742111384,-0.00022989155710861388,0.13813715099128132,-0.03156824035027718,-0.12026081370353818,-8.118780951415269e-05
-0.00041503032226133116,-0.00022971591532577364,0.13803519734656616,-0.031710932292820626,-0.12012827568672876,-8.172930856899523e-05
-0.000414405336552335,-0.00022954040773632764,0.1379327107177129,-0.03185307381848459,-0.1199951423660047,-8.226885307642301e-05
-0.00041377946514675013,-0.00022936503423842333,0.1378296917371048,-0.03199466275229646,-0.11986141600522919,-8.28064228964951e-05
-0.0004131467015272314,-0.0002291902083823294,0.13773014890181848,-0.03213557705506167,-0.11972713131933202,-8.33419979936272e-05
-0.0004125251957879136,-0.00022901468910669666,0.13762213942741033,-0.03227617190090149,-0.11959219389327078,-8.387555042755745e-05
-0.0004118966941842724,-0.00022883971726849438,0.1375175257959018,-0.032416090193835005,-0.11945670206042959,-8.440707659665165e-05
-0.0004112673263388797,-0.0002286648791116428,0.13741238240588807,-0.03255544733129941,-0.11932062631765739,-8.493654869068975e-05
-0.0004106370971031109,-0.00022849017453555054,0.13730670990725066,-0.03269424120710788,-0.11918396896555987,-8.546394717290806e-05
-0.0004100060113280934,-0.00022831560343822797,0.13720050895338834,-0.03283246972889045,-0.11904673231174923,-8.598925263840571e-05
-0.00040937407386590054,-0.00022814116571599243,0.13709378020185328,-0.03297013081830217,-0.1189089186713272,-8.65124458149188e-05
-0.00040874128956603316,-0.0002279668612682733,0.13698652431285271,-0.03310722241074328,-0.11877053036558735,-8.703350756641515e-05
-0.0004081016776623237,-0.00022779309933625667,0.13688275711961098,-0.033243623457742295,-0.11863160333586041,-8.755241889008328e-05
-0.00040747331051568016,-0.00022761865178462688,0.1367705140899837,-0.033379686621715386,-0.11849203974024576,-8.806915293477061e-05
-0.0004068380125952581,-0.00022744474654602664,0.1366616793614182,-0.0335150575237013,-0.11835194142757523,-8.858370711462352e-05
-0.0004062018872851228,-0.00022727097417650673,0.13655232020257962,-0.03364985081018086,-0.11821127780530725,-8.909605475969536e-05
-0.0004055649394324571,-0.00022709733457084748,0.13644243729120692,-0.03378406448682401,-0.11807005122851766,-8.960617746345983e-05
-0.00040492717388747974,-0.0002269238276305409,0.13633203130968505,-0.03391769657375346,-0.11792826405950908,-9.011405697490578e-05
-0.0004042885954982308,-0.00022675045325256174,0.13622110294346257,-0.03405074510515216,-0.1177859186667041,-9.061967520108288e-05
-0.000403649209111852,-0.00022657721133679566,0.13610965288138469,-0.03418320812939479,-0.11764301742464772,-9.112301420678812e-05
-0.0004030030590981067,-0.00022640450678392855,0.13600170464336006,-0.034314965621357975,-0.11749959746580314,-9.162405621347246e-05
-0.00040236814193090107,-0.00022623112448396689,0.13588527090326913,-0.03444636764380869,-0.117355557606256,-9.212277564861308e-05
-0.00040172635843376377,-0.00022605827934481237,0.1357722584934303,-0.03457706262704966,-0.11721100311670962,-9.261917112824477e-05
-0.0004010837863724836,-0.00022588556626441415,0.13565872720815544,-0.03470716443903479,-0.11706590233957276,-9.31132173059041e-05
-0.00040044043059168585,-0.0002257129851393671,0.13554467775392634,-0.0348366711999069,-0.11692025768020582,-9.360489708650876e-05
-0.00039979629593666044,-0.00022554053587062195,0.13543011084128073,-0.034965581044330736,-0.11677407155026576,-9.409419355139873e-05
-0.00039915138725009515,-0.00022536821835563402,0.13531502718360705,-0.035093892121234344,-0.11662734636649347,-9.45810899580569e-05
-0.00039850570937710427,-0.00022519603249470527,0.1351994274988893,-0.035221602594374145,-0.11648008455241218,-9.506556974522352e-05
-0.00039785333135294507,-0.000225024378801425,0.13508734325334587,-0.035348593496357016,-0.11633232439480137,-9.554761652561276e-05
-0.0003972121751746515,-0.00022485205533170557,0.1349667635521051,-0.03547521219623544,-0.11618396145720104,-9.602720617324562e-05
-0.000396564216599376,-0.00022468026382994888,0.13484961869208736,-0.035601110031306574,-0.11603510433382642,-9.650433866389106e-05
-0.00039591550824874273,-0.000224508603580649,0.13473196073826646,-0.03572640006147269,-0.11588572032794094,-9.697899013410725e-05
-0.00039526605496346837,-0.00022433707448239575,0.13461379042591,-0.035851080523387556,-0.11573581189044478,-9.74511449560807e-05
-0.0003946158615827687,-0.00022416567643644518,0.1344951084937003,-0.03597514966830701,-0.11558538147726971,-9.792078769368657e-05
-0.00039396493294346013,-0.00022399440934092046,0.13437591568333293,-0.0360986057620537,-0.11543443154920145,-9.838790310712307e-05
-0.00039330740396652215,-0.0002238236668403587,0.13426022012865266,-0.036221331669182996,-0.11528300109585096,-9.885247614448926e-05
-0.0003926609977602927,-0.00022365226760602194,0.13413608056615134,-0.03634366970750359,-0.11513098373771516,-9.931448412113606e-05
-0.0003920078902005574,-0.00022348139276687565,0.1340153581858913,-0.036465276437370735,-0.11497849007155325,-9.977392819249167e-05
-0.00039135406677329057,-0.00022331064847960422,0.13389412796030187,-0.03658626332674457,-0.11482548678630239,-0.00010023078596612962
-0.000390699532311573,-0.0002231400346427801,0.13377239064892701,-0.0367066287154844,-0.11467197636786895,-0.0001006850432022355
-0.00039004429165007343,-0.00022296955115949993,0.1336501470155545,-0.03682637095854918,-0.1145179613075077,-0.00010113668586996709
-0.0003893883496198745,-0.00022279919792863277,0.13352739782682313,-0.03694548842556865,-0.11436344410051726,-0.00010158570014412644
-0.0003887317110529217,-0.00022262897485055173,0.13340414385346056,-0.037063979501193195,-0.11420842724709968,-0.00010203207240777937
-0.00038806853422679793,-0.00022245927115040198,0.13328440178489254,-0.03718172815666273,-0.11405295081397415,-0.00010247578924725705
-0.0003874164717134268,-0.00022228891875684248,0.13315620497301667,-0.037299073883865025,-0.11389690536272558,-0.00010291682966697639
-0.0003867577703515963,-0.0002221190855428469,0.13303143987586602,-0.0374156762882865,-0.1137404046028633,-0.00010335519641266355
-0.0003860983918137999,-0.00022194938208523578,0.1329061731402355,-0.037531645988631276,-0.11358341424214057,-0.00010379086880236694
-0.0003854383409242789,-0.00022177980828446547,0.13278040555374346,-0.037646981444404023,-0.11342593680221608,-0.00010422383428808336
-0.00038477762251070194,-0.00022161036404183196,0.13265413790876707,-0.037761681130418,-0.11326797480972908,-0.00010465408053651499
-0.0003841162413943959,-0.00022144104925695893,0.1325273709998804,-0.03787574353622112,-0.11310953079433769,-0.00010508159543235526
-0.00038345420239998596,-0.00022127186383169226,0.13240010562645663,-0.03798916716677875,-0.11295060729064159,-0.00010550636708324661
-0.00038278568662051946,-0.00022110319253914462,0.13227636736424833,-0.03810183712965301,-0.1127912454049958,-0.00010592838380391327
-0.0003821282777262894,-0.00022093388066729384,0.13214416319695355,-0.03821409000898274,-0.112631332733183,-0.00010634762638174347
-0.0003814642918707259,-0.00022076508272942177,0.13201540582722554,-0.038325588539545936,-0.11247098599503721,-0.00010676409923663721
-0.0003807996674621243,-0.000220596413756758,0.13188615325241101,-0.038436442464724045,-0.1123101699440111,-0.00010717778348561468
-0.0003801344093174241,-0.0002204278736512369,0.13175640628892854,-0.038546650365138095,-0.11214888713305243,-0.0001075886683494147
-0.00037946852225243465,-0.00022025946231242488,0.13162616575686703,-0.03865621083673306,-0.11198714011874504,-0.00010799674327217077
-0.00037880201108190164,-0.000220091179644593,0.13149543247988865,-0.03876512249056576,-0.11182493146098789,-0.00010840199792581245
-0.0003781348806192197,-0.00021992302554719144,0.13136420728526796,-0.038873383953018065,-0.11166226372314833,-0.00010880442220886932
-0.00037746133438124003,-0.00021975538029762876,0.13123652486309637,-0.03898088149901096,-0.1114991790110269,-0.00010920400623850354
-0.0003767988883143984,-0.00021958710267366496,0.13110036514968615,-0.03908794871760889,-0.11133556205532193,-0.00010960073264617621
-0.00037612992669881377,-0.0002194193337015423,0.13096766776673321,-0.03919425156205554,-0.11117153247612005,-0.00010999460758905218
-0.0003754603650766632,-0.0002192516929085675,0.1308344818392621,-0.03929989887256035,-0.11100705410275538,-0.00011038561404376132
-0.00037479020825375003,-0.00021908418019627417,0.13070080821177255,-0.03940488935194766,-0.11084212951402653,-0.00011077374305278683
-0.00037411946103662984,-0.00021891679546659493,0.1305666477331884,-0.039509221718548766,-0.11067676129226081,-0.00011115898589379855
-0.00037344812822860283,-0.00021874953862256394,0.13043200125515114,-0.03961289470588336,-0.11051095202193587,-0.00011154133407247123
-0.00037277047632903836,-0.00021858278312768264,0.13030088109615195,-0.03971579647666943,-0.11034474434499993,-0.00011192077931828281
-0.00037210383113307966,-0.00021841540819912166,0.13016133395858734,-0.03981825542020328,-0.110178021477366,-0.00011229730597055588
-0.0003714307682400527,-0.00021824853442595563,0.13002523320330017,-0.039919942869622194,-0.11001090458326503,-0.00011267092161960988
-0.00037075713900205264,-0.00021808178814569298,0.1298886499207227,-0.0400209660272139,-0.10984335700711793,-0.0001130416109561311
-0.0003700829482151755,-0.00021791516926474193,0.129751584980156,-0.0401213237034967,-0.10967538134645138,-0.00011340936664670331
-0.00036940820067430286,-0.00021774867768285973,0.1296140392548778,-0.04022101472452918,-0.1095069802015723,-0.0001137741815946218
-0.000368732901173025,-0.00021758231330509456,0.12947601362156702,-0.040320037931812006,-0.10933815617481162,-0.00011413604893392563
-0.00036805705450364176,-0.00021741607603162523,0.12933750896073815,-0.04041839218226921,-0.10916891187093342,-0.000114494962032273
-0.00036737494846086904,-0.00021725033480619708,0.12920254723595387,-0.04051596684826648,-0.1089992908489274,-0.00011485091448317484
-0.00036670384451102184,-0.0002170839824150103,0.1290591465195118,-0.0406130872048263,-0.10882917366762403,-0.0001152038925298401
-0.0003660263829602384,-0.00021691812587703793,0.12891920866365428,-0.04070942792546462,-0.10865868416696167,-0.00011555390554742807
-0.0003653483934375803,-0.0002167523960575294,0.12877879536559728,-0.04080509527097612,-0.1084877848289786,-0.00011590094013212964
-0.00036466988072681323,-0.00021658679285843467,0.12863790752327417,-0.04090008817573053,-0.10831647826822861,-0.0001162449908180894
-0.0003639908496100573,-0.0002164213161829926,0.12849654603811678,-0.04099440558961084,-0.10814476710113059,-0.00011658605237169933
-0.0003633113048684375,-0.00021625596593538576,0.1283547118154822,-0.04108804647810549,-0.10797265394591914,-0.00011692411979456513
-0.0003626312512809339,-0.00021609074201950525,0.12821240576409135,-0.04118100982215802,-0.10780014142231484,-0.0001172591883198599
-0.00036194499749231846,-0.00021592600881469894,0.12807365977324942,-0.041273186229888244,-0.1076272739647613,-0.00011759125340299933
-0.0003612697419792193,-0.00021576067279194602,0.1279264624491701,-0.04136489778637211,-0.10745392957968215,-0.00011792030319183002
-0.000360588188405123,-0.0002155958272894408,0.12778274496579423,-0.04145582258195644,-0.10728023466920313,-0.00011824634884246925
-0.00035990614512591346,-0.00021543110773277092,0.12763855935197083,-0.041546065911186696,-0.1071061508837571,-0.00011856937884779104
-0.0003592236169145069,-0.00021526651402452995,0.12749390653496986,-0.04163562683309974,-0.10693168085084932,-0.00011888938960029501
-0.00035854060853678674,-0.00021510204606866277,0.12734878744381495,-0.04172450442161307,-0.10675682719762526,-0.00011920637772079969
-0.00035785712476104774,-0.00021493770377009266,0.12720320301268292,-0.04181269776677498,-0.10658159255354498,-0.0001195203400620765
-0.00035716753502936855,-0.00021477384476872342,0.12706116351583352,-0.041900099390432925,-0.10640602176336508,-0.00011983127369526712
-0.0003564888542510346,-0.00021460939575946442,0.12691072207038223,-0.04198702610661314,-0.10622999164473627,-0.00012013916847481224
-0.00035580397077632773,-0.00021444542985486759,0.1267637458288544,-0.04207316145911967,-0.10605362979556318,-0.00012044403697886261
-0.0003551186309936811,-0.00021428158922531804,0.12661630804475973,-0.04215860908224198,-0.10587689748091579,-0.0001207458694002855
-0.0003544328396605147,-0.0002141178737729791,0.12646840966934492,-0.04224336814367016,-0.10569979733422893,-0.00012104466373408468
-0.0003537466015310232,-0.00021395428340217383,0.1263200516569116,-0.04232743782659885,-0.10552233198916756,-0.00012134041819748071
-0.0003530599213595112,-0.000213790818017031,0.12617123496611737,-0.04241081732996185,-0.10534450408061474,-0.00012163313123863943
-0.00035237280389621755,-0.00021362747752181818,0.1260219605584096,-0.042493505868046434,-0.10516631624324223,-0.00012192280152697826
-0.00035167963828610586,-0.0002134646149843586,0.1258762492136107,-0.04257539723300178,-0.10498781411407099,-0.00012220942794827455
-0.0003509973799084664,-0.00021330117082683092,0.12572212285698642,-0.04265680494899476,-0.10480887217246472,-0.00012249300220737642
-0.0003503089769838094,-0.00021313820443304675,0.12557147967622895,-0.04273741607667327,-0.10462962034767456,-0.00012277353860223428
-0.0003496201557967976,-0.00021297536254954313,0.12542038269014485,-0.04281733325177142,-0.10445001913841523,-0.00012305102916294322
-0.0003489309210882672,-0.00021281264508091202,0.12526883287810162,-0.04289655576662678,-0.10427007118117784,-0.0001233254736733543
-0.00034824127759682503,-0.00021265005193056227,0.1251168312228859,-0.04297508292903788,-0.1040897791122735,-0.00012359687213809732
-0.0003475512300597006,-0.00021248758300431922,0.12496437871129659,-0.043052914062535856,-0.10390914556840013,-0.00012386522477831935
-0.00034686078321279794,-0.00021232523820871076,0.12481147633377976,-0.04313004850626469,-0.10372817318621061,-0.0001241305320370588
-0.0003461643454717138,-0.00021216336599936755,0.1246621556599703,-0.04320638134505372,-0.10354690835124591,-0.00012439279456307926
-0.00034547881397590044,-0.00021200092062524135,0.12450440657248489,-0.04328222274497945,-0.1033652233134268,-0.0001246520058578813
-0.0003447871955177831,-0.00021183894765019508,0.12435015913982997,-0.04335726335150511,-0.10318325021656662,-0.00012490818188862197
-0.00034409519671080746,-0.00021167709842396035,0.12419546586581043,-0.04343160477907539,-0.10300094882529383,-0.00012516131646502816
-0.0003434028222799435,-0.00021151537285434008,0.12404032775842376,-0.043505246444636894,-0.10281832177481134,-0.00012541141110529322
-0.0003427100769452629,-0.000211353770847,0.12388474582836738,-0.04357818778036811,-0.10263537169916269,-0.00012565846753797606
-0.00034201696542895314,-0.00021119229230639504,0.12372872109157014,-0.04365042823449214,-0.10245210123305126,-0.00012590248770466268
-0.00034131795483907055,-0.00021103127902989162,0.12357626425425314,-0.043721864821308,-0.10226855704642693,-0.00012614347374538147
-0.0003406297650894291,-0.0002108697052486206,0.12341542746979635,-0.043792802388703006,-0.10208461052890822,-0.000126381420740286
-0.0003399355812734815,-0.00021070859654503254,0.1232580790104487,-0.04386293708229952,-0.10190039467094604,-0.00012661634594594569
-0.0003392410501740298,-0.00021054761092954323,0.12310029186760846,-0.04393236884029249,-0.10171586895140101,-0.00012684824473568196
-0.0003385461764991577,-0.00021038674831086283,0.12294206707363982,-0.04400109718822136,-0.10153103600029882,-0.00012707712008595893
-0.0003378509649550831,-0.00021022600859555741,0.12278340566485166,-0.04406912166716088,-0.10134589844684112,-0.0001273029751816192
-0.00033715542024574576,-0.00021006539168844443,0.12262430868097665,-0.044136441833669694,-0.10116045891913085,-0.00012752581340682721
-0.0003364595470726379,-0.0002099048974950092,0.12246477716535667,-0.044203057259717876,-0.10097472004403739,-0.0001277456383491156
-0.0003357578307415214,-0.00020974486319423266,0.12230883317530969,-0.044268866280855,-0.10078872915585331,-0.00012796245378669802
-0.0003350669361652673,-0.0002095842768769507,0.122144495152084,-0.044334170300535755,-0.10060235563475542,-0.00012817625646649347
-0.0003343701037455338,-0.00020942415026505186,0.12198366490666152,-0.04439866913353523,-0.10041573445031544,-0.00012838706518493535
-0.00033367296168561745,-0.00020926414599418616,0.12182240436632155,-0.04446246166776919,-0.10022882441381188,-0.0001285948769593039
-0.0003329755146767522,-0.00020910426396798971,0.12166071459265602,-0.04452554755283008,-0.10004162814618985,-0.0001287996963691251
-0.00033227776740399453,-0.00020894450409632802,0.12149859664945888,-0.04458792645309664,-0.09985414826561469,-0.00012900152818236732
-0.0003315797245535262,-0.00020878486628411567,0.12133605160542325,-0.04464959804899537,-0.09966638738987645,-0.00012920037736404203
-0.00033088139080692365,-0.00020862535043746425,0.12117308053200589,-0.04471056203586473,-0.09947834813422678,-0.00012939624906889696
-0.0003301772692893137,-0.00020846628908720126,0.12101371710164122,-0.04477071809055592,-0.09929007845322892,-0.00012958914863213486
-0.0003294839710494044,-0.00020830668427282428,0.12084594525589522,-0.04483036410957269,-0.09910144583103225,-0.00012977907439173974
-0.00032878479064904823,-0.0002081475337673503,0.1206817011259879,-0.04488920363748018,-0.09891258709459141,-0.0001299660465969041
-0.00032808533809913987,-0.0002079885048565256,0.12051703531760506,-0.04494733449137616,-0.09872346042317331,-0.00013015006383235422
-0.00032738561806768094,-0.00020782959744671675,0.12035194891953738,-0.0450047564434293,-0.09853406842273295,-0.00013033113219182609
-0.0003266856352234036,-0.00020767081144600595,0.12018644302533694,-0.04506146928154628,-0.09834441369804311,-0.00013050925795073326
-0.00032598539422929205,-0.0002075121467599618,0.12002051873090713,-0.04511747280846566,-0.09815449885080327,-0.0001306844475663922
-0.0003252794549692768,-0.00020735392934298838,0.11985818952759711,-0.045172668638429996,-0.0979643719956167,-0.00013085670767006897
-0.00032458425709679963,-0.00020719518096446246,0.11968749959599653,-0.04522734932032001,-0.09777390008469529,-0.00013102603797205087
-0.00032388326760253287,-0.00020703687967043444,0.11952032528877705,-0.0452812239248807,-0.09758322044384916,-0.00013119245981639332
-0.00032318203863256507,-0.00020687869932140349,0.11935273703125715,-0.04533438858206009,-0.09739229106729418,-0.0001313559731437263
-0.00032248057483793744,-0.00020672063982534947,0.11918473593735693,-0.045386843171114445,-0.09720111454558843,-0.00013151658530298417
-0.00032177888086631077,-0.00020656270108973182,0.11901632312455544,-0.04543858758645635,-0.09700969346672994,-0.00013167430381527873
-0.0003210769613646621,-0.0002064048830233648,0.11884749971431849,-0.0454896217378616,-0.09681803041653214,-0.00013182913637635593
-0.00032037482097603667,-0.00020624718553279887,0.1186782668314634,-0.045539945550142256,-0.09662612797794273,-0.0001319810908514637
-0.00031966703644248265,-0.00020608992991261177,0.11851265008809617,-0.045589462001620215,-0.09643403479920437,-0.00013213017526787947
-0.0003189699964420384,-0.00020593215191149275,0.11833865765644275,-0.04563846005906244,-0.09624161616220289,-0.0001322763907636974
-0.00031826721921823184,-0.00020577481559777393,0.1181682017088077,-0.045686652594619064,-0.0960490110114978,-0.0001324197599794953
-0.00031756423969404586,-0.00020561759949185715,0.11799734085145382,-0.04573413464091696,-0.09585617677706725,-0.000132560284257984
-0.0003168610624995641,-0.00020546050350248209,0.1178260762268783,-0.04578090619852796,-0.09566311602805601,-0.00013269797230046972
-0.00031615769226148936,-0.0002053035275363102,0.1176544089812763,-0.04582696728305218,-0.09546983133057953,-0.0001328328329731753
-0.0003154541336034915,-0.00020514667150314803,0.11748234026406408,-0.045872317925035655,-0.09527632524749831,-0.00013296487530116267
-0.0003147450185476715,-0.00020499025020552508,0.11731387608054593,-0.04591686303335117,-0.09508264650733175,-0.00013309410846329309
-0.0003140465688338902,-0.00020483331886866907,0.11713708313049485,-0.045960886240608304,-0.09488866007161464,-0.00013322053482879635
-0.0003133424706455949,-0.00020467682208485244,0.11696381550722261,-0.04600410592812586,-0.09469450516048256,-0.00013334417799182384
-0.00031263820254630065,-0.00020452044486729895,0.11679015107452342,-0.04604661544478845,-0.09450013908449112,-0.00013346504050789298
-0.0003119337691457128,-0.00020436418712595737,0.11661609099958731,-0.04608841489620544,-0.09430556439064969,-0.00013358313219183457
-0.00031122917504917936,-0.00020420804876771816,0.11644163645272806,-0.04612950440262689,-0.09411078362202026,-0.0001336984630125697
-0.00031052442486216976,-0.00020405202970176506,0.11626678860884507,-0.04616988409968828,-0.09391579931913592,-0.00013381104309271663
-0.0003098195231852578,-0.00020389612983825675,0.11609154864577363,-0.046209554137582584,-0.09372061401838416,-0.00013392088270345595
-0.0003091091177770371,-0.00020374065932572683,0.11591993533945105,-0.04624842080483824,-0.09352527689834605,-0.00013402799225949386
-0.00030840938278249965,-0.00020358468735360083,0.11573997744528773,-0.04628676409661047,-0.09332965147144073,-0.0001341323753926624
-0.000307704052231995,-0.00020342914454922652,0.11556356679869093,-0.04632430624586736,-0.09313387834220242,-0.0001342340568407745
-0.00030699858860705486,-0.00020327372058264945,0.11538676880845591,-0.0463611394845047,-0.09293791432548043,-0.00013433304039737353
-0.0003062929964936791,-0.00020311841536316787,0.11520958466994258,-0.04639726403682395,-0.09274176193935615,-0.00013442933707229752
-0.0003055872804759936,-0.00020296322880026564,0.11503201558269259,-0.046432680142061734,-0.09254542369846477,-0.00013452295802055783
-0.00030488144513315355,-0.00020280816080260264,0.11485406274905581,-0.04646738805385774,-0.09234890211293915,-0.00013461391453618203
-0.00030417549504325667,-0.00020265321128026988,0.11467572737556804,-0.04650138804079231,-0.09215219968946839,-0.00013470221805877026
-0.0003034640933422709,-0.00020249868570315806,0.11450104128559653,-0.04653458778597658,-0.09195536601284127,-0.0001347878801538371
-0.00030276336766204187,-0.00020234366729822428,0.11431799446637697,-0.04656726359723545,-0.09175826326315659,-0.00013487090563797004
-0.00030205709878773315,-0.0002021890726580551,0.11413851731289384,-0.04659914160552497,-0.09156103330581823,-0.00013495132030995338
-0.00030135073348637985,-0.0002020345961316443,0.11395866250899733,-0.04663031290868745,-0.09136363249657797,-0.00013502912912545235
-0.0003006442763181887,-0.0002018802376286908,0.11377843127801887,-0.046660777848086955,-0.09116606332095317,-0.00013510434420896996
-0.00029993773184318,-0.00020172599705796553,0.11359782484789917,-0.04669053678006152,-0.09096832826099506,-0.00013517697782215016
-0.00029923110461594374,-0.0002015718743294953,0.11341684444935292,-0.0467195900751346,-0.09077042979376923,-0.00013524704235745805
-0.0002985191112292284,-0.0002014181685244254,0.1132395029828388,-0.04674784733969667,-0.09057241746484784,-0.00013531455033257756
-0.00029781771787252854,-0.00020126398204308067,0.11305384692530297,-0.04677557955466148,-0.09037415345433857,-0.00013537950758434145
-0.0002971108677381844,-0.00020111021230343612,0.1128717506172973,-0.04680251834586882,-0.09017577956768391,-0.00013544194067910474
-0.0002964039530835119,-0.00020095656004811072,0.1126892853289838,-0.04682875312664092,-0.08997725213952751,-0.00013550185557971916
-0.0002956969784490423,-0.0002008030251870619,0.1125064523093603,-0.04685428434000247,-0.08977857362516253,-0.00013555926532863184
-0.00029498994837015856,-0.0002006496076294561,0.11232325281015795,-0.0468791124429242,-0.08957974647465244,-0.00013561418309671102
-0.0002942828673814551,-0.00020049630728493674,0.11213968808766958,-0.046903237907117735,-0.08938077313397072,-0.000135666622178818
-0.0002935757400129882,-0.00020034312406519254,0.11195575940127069,-0.04692666121837981,-0.08918165604418031,-0.00013571659599639755
-0.00029286329738069947,-0.00020019035236898235,0.1117754931794174,-0.04694929339136517,-0.0889824450722942,-0.00013576411808497108
-0.000292161461731183,-0.00020003710864165657,0.1115868956978183,-0.04697140166598866,-0.08878300129296082,-0.00013580919532662637
-0.00029145422042251034,-0.00019988427625901653,0.11140188128005803,-0.04699272161317732,-0.08858346753494284,-0.00013585185522644173
-0.0002907469508637307,-0.00019973156064426179,0.11121650800030781,-0.04701334149241503,-0.08838379974438017,-0.00013589210477295364
-0.0002900396575676825,-0.0001995789617065171,0.11103077713508866,-0.0470332618603286,-0.08818400033756901,-0.0001359299579969473
-0.0002893323450450177,-0.00019942647935755793,0.11084468996517004,-0.0470524832880104,-0.0879840717263468,-0.00013596542904886853
-0.00028862501780365095,-0.00019927411350726884,0.11065824777493753,-0.04707100636058518,-0.08778401631755384,-0.00013599853219691286
-0.00028791245910011787,-0.00019912215225156155,0.11047545857991059,-0.04708874400138166,-0.08758388386316923,-0.00013602928181869595
-0.0002872104337019699,-0.0001989697309511644,0.1102843836244746,-0.04710595815479797,-0.08738353564206462,-0.00013605768571084962
-0.0002865030873835117,-0.00019881771406582427,0.11009688268848865,-0.047122389849555024,-0.08718311421015264,-0.00013608377205068353
-0.00028579574438239273,-0.00019866581332489593,0.10990903193277371,-0.0471381256690182,-0.0869825755563735,-0.00013610754872886866
-0.0002850884091889242,-0.00019851402863910357,0.10972083265900205,-0.047153166268244846,-0.0867819220614608,-0.00013612903059371097
-0.0002843810862896643,-0.0001983623599198913,0.10953228617242054,-0.04716751231616249,-0.08658115610074886,-0.00013614823260807603
-0.0002836737801683863,-0.00019821080707872404,0.10934339378200501,-0.04718116449560712,-0.08638028004435072,-0.0001361651698470448
-0.0002829664953066347,-0.00019805937002786815,0.10915415680071343,-0.04719412350340024,-0.08617929625716061,-0.00013617985749829866
-0.00028225402852616576,-0.00019790833219032918,0.1089685973515812,-0.04720630367893381,-0.08597825473050884,-0.00013619231085223115
-0.0002815521035377209,-0.0001977568429393315,0.10877473475107735,-0.04721796318825558,-0.08577701586111564,-0.0001362025386415968
-0.00028084490737499994,-0.00019760575272556938,0.10858447047721063,-0.047228847035135434,-0.0855757229955812,-0.00013621056989093902
-0.0002801377503984087,-0.00019745477794676398,0.10839386692637167,-0.04723904063399663,-0.08537433180349434,-0.0001362164134105933
-0.0002794306370715955,-0.00019730391851787918,0.10820292542891956,-0.047248544750304794,-0.08517284462209104,-0.00013622008494128235
-0.00027872357185290605,-0.00019715317434699196,0.10801164731819766,-0.04725736016296404,-0.08497126378250315,-0.0001362216003304188
-0.0002780165592003062,-0.00019700254534880252,0.1078200339320404,-0.047265487664806594,-0.08476959161081835,-0.00013622097553263324
-0.0002773096035649266,-0.00019685203143299593,0.10762808661095795,-0.04727292806190787,-0.08456783042674501,-0.0001362182266098971
-0.0002765975150717486,-0.000196701911333131,0.1074398418132058,-0.0472795971209572,-0.0843660304173482,-0.00013621336972594739
-0.0002758959771695259,-0.00019655134850223195,0.10724327625079112,-0.04728574918838666,-0.08416405121740246,-0.00013620641450019962
-0.0002751892173494552,-0.00019640117931057216,0.107050333771752,-0.0472911332799523,-0.08396203683964633,-0.0001361973907719298
-0.0002744825323630937,-0.00019625112485221682,0.10685706278583626,-0.047295833626091265,-0.08375994267220759,-0.00013618630823130826
-0.0002737759266450491,-0.00019610118503643643,0.1066634646512712,-0.04729985110026868,-0.08355777100568065,-0.00013617318346927283
-0.0002730694046266982,-0.00019595135977934844,0.10646954073033879,-0.04730318658953673,-0.08335552412502252,-0.00013615803318223338
-0.00027236297073691057,-0.00019580164899163366,0.10627529238902146,-0.04730584099432859,-0.08315320430937166,-0.00013614087416932534
-0.0002716514857155346,-0.00019565232520419966,0.10608473820501392,-0.04730773197259643,-0.08295086151719663,-0.0001361217233248617
-0.000270950480125104,-0.00019550257047405706,0.10588590827127453,-0.047309108605745595,-0.08274835589821329,-0.0001361005910719504
-0.00027024433524807544,-0.00019535320256958144,0.10569069346899779,-0.047309725326491844,-0.08254583087044472,-0.00013607750783614972
-0.00026953829621332106,-0.00019520394878485246,0.1054951597725757,-0.04730966469564556,-0.08234324196272513,-0.00013605248410051272
-0.0002688323674317764,-0.00019505480903346875,0.10529930856580821,-0.04730892767986836,-0.08214059142382324,-0.00013602553717863741
-0.00026812655330745285,-0.00019490578322877913,0.10510314123481371,-0.04730751525834822,-0.08193788149536037,-0.00013599668448369823
-0.0002674208582444963,-0.00019475687128142107,0.10490665917069189,-0.04730542842408297,-0.08173511441383102,-0.00013596594353206004
-0.0002667152866412789,-0.00019460807310662208,0.10470986376739791,-0.04730266818258202,-0.08153229240877122,-0.00013593333193924126
-0.0002660047118818808,-0.00019445965654392786,0.10451678831157896,-0.04729915362597277,-0.0813294655519853,-0.00013589886741263626
-0.0002653046262471111,-0.000194310817723942,0.10431541917701938,-0.04729512997890178,-0.08112649345897635,-0.00013586256120489966
-0.000264599449481751,-0.0001941623603434143,0.10411769072206124,-0.04729035571450675,-0.08092351997904246,-0.00013582444451654976
-0.0002638944137731821,-0.000194014016386454,0.10391965456792557,-0.04728491219448341,-0.0807205004314823,-0.00013578452865084783
-0.00026318952350239794,-0.00019386578576694596,0.10372131212650598,-0.047278800489304156,-0.08051743701438126,-0.00013574283172259022
-0.0002624847830454031,-0.00019371766840028774,0.10352266481307987,-0.04727202168213548,-0.08031433191918752,-0.00013569937194718418
-0.00026178019677478535,-0.00019356966419678198,0.10332371404630487,-0.047264576868884654,-0.08011118733083926,-0.00013565416763741006
-0.0002610706875905876,-0.0001934220348885022,0.10312847562897415,-0.04725638701300566,-0.07990805302286882,-0.0001356072371955781
-0.0002603715982065426,-0.00019327399493855764,0.10292498813586441,-0.047247692118908585,-0.07970478932064852,-0.0001355585926269031
-0.0002596674988158235,-0.0001931263297114353,0.10272513413021075,-0.04723825602452203,-0.07950153927823281,-0.00013550826570163702
-0.0002589635711035761,-0.00019297877730312975,0.1025249824103208,-0.047228158434065866,-0.07929825841756406,-0.00013545626846913662
-0.0002582598194239609,-0.00019283133762823534,0.10232453441286582,-0.04721740050701206,-0.07909494889109651,-0.00013540261973330348
-0.0002575562481258777,-0.0001926840105994209,0.10212379157744107,-0.047205983414978475,-0.07889161284393015,-0.00013534733839011526
-0.0002568528615570349,-0.00019253679613267898,0.10192275534823032,-0.04719390834254214,-0.07868825241534878,-0.0001352904434344848
-0.00025614966405866456,-0.00019238969413955774,0.10172142717208592,-0.047181176486342,-0.07848486973720019,-0.00013523195395762858
-0.00025544159042378004,-0.00019224296167226658,0.10152383802455713,-0.047167710245568734,-0.07828151461723422,-0.00013517188913703365
-0.00025474394734509423,-0.00019209582723462952,0.10131798137843126,-0.047153745744590726,-0.07807804706738439,-0.00013511026175765388
-0.00025404134120176665,-0.00019194906215190544,0.10111578464783619,-0.047139050875909264,-0.07787461034691541,-0.0001350471043433147
-0.0002533389414968395,-0.00019180240919769616,0.10091330182233774,-0.04712370413341393,-0.07767115983776239,-0.00013498242971688606
-0.0002526367525571244,-0.00019165586829125898,0.10071053436818429,-0.04710770677637336,-0.07746769763930487,-0.0001349162574441191
-0.0002519347786995502,-0.00019150943934565824,0.10050748375292702,-0.047091060075116514,-0.07726422584231285,-0.00013484860718083807
-0.00025123302423916754,-0.0001913631222750789,0.10030415144852957,-0.047073765312569966,-0.07706074653125783,-0.00013477949867613144
-0.00025052647234581594,-0.00019121716811511605,0.10010455139175245,-0.047055746735270035,-0.07685730914927964,-0.0001347089517667831
-0.0002498302835800944,-0.00019107082341454293,0.09989672793057154,-0.04703723530275813,-0.07665377460548231,-0.00013463697994229706
-0.00024912921130818856,-0.0001909248414541688,0.09969255799956579,-0.04701800420827157,-0.07645028517135355,-0.00013456361626978009
-0.0002484283756946901,-0.0001907789710274537,0.09948811233164431,-0.04699813030471329,-0.07624679649305063,-0.0001344888742692476
-0.0002477277810338781,-0.00019063321204970674,0.09928339241583023,-0.046977614934956446,-0.07604331061995777,-0.0001344127741432586
-0.00024702743161770743,-0.00019048756443278136,0.09907839974559068,-0.04695645945430094,-0.07583982959522767,-0.00013433533618351198
-0.0002463273317334194,-0.00019034202809484375,0.09887313581746304,-0.04693466522959727,-0.07563635545445242,-0.00013425658076968313
-0.0002456274856644467,-0.00019019660294918722,0.09866760213184284,-0.04691223363966534,-0.07543289022649029,-0.0001341765283669296
-0.000244922887691339,-0.00019005153537365697,0.09846582830452422,-0.04688909036417921,-0.07522948331215182,-0.00013409519951853286
-0.0002442286647080043,-0.00018990608589576456,0.09825581207203112,-0.046865462469862444,-0.0750259955230051,-0.0001340126084094207
-0.00024352960389551072,-0.0001897609938191179,0.09804947671920786,-0.046841127207305835,-0.07482256911618433,-0.00013392878881258183
-0.00024283081403070434,-0.00018961601259532591,0.09784287767403921,-0.04681616021131684,-0.07461915966693364,-0.00013384375492053323
-0.00024213229937856119,-0.00018947114213921715,0.0976360164550097,-0.046790562919449594,-0.07441576916903453,-0.0001337575276136951
-0.00024143406419597295,-0.00018932638236753355,0.09742889458276487,-0.04676433678006143,-0.07421239960801168,-0.00013367012784351487
-0.00024073611274125862,-0.00018918173319555642,0.0972215135834799,-0.04673748325399651,-0.07400905296374133,-0.0001335815766434264
-0.00024003348653784515,-0.00018903743508614373,0.09701788649214162,-0.046709929840490806,-0.07380577820838517,-0.00013349189510894
-0.00023934116975620235,-0.00018889276631165776,0.0968060605519564,-0.046681898503759776,-0.07360243723012543,-0.0001334010980092511
-0.0002386440931373022,-0.00018874844843142294,0.0965979099293127,-0.04665317172478067,-0.07339917111766316,-0.0001333092195671419
-0.00023794731726254064,-0.0001886042408126877,0.09638950634301147,-0.04662382351324418,-0.07319593576604301,-0.0001332162745279232
-0.00023725084636811906,-0.00018846014337298503,0.09618085133612618,-0.04659385538641574,-0.07299273311863248,-0.00013312228427013483
-0.00023655468468442896,-0.00018831615602512598,0.09597194645495799,-0.046563268872529,-0.07278956511119296,-0.00013302727023120696
-0.00023585883643722754,-0.00018817227868574843,0.09576279324898232,-0.04653206551075875,-0.07258643367196242,-0.00013293125390609881
-0.00023516330585118537,-0.00018802851127276698,0.09555339327242997,-0.04650024685198123,-0.07238334072279504,-0.00013283425684602976
-0.00023446314479136298,-0.00018788508961122344,0.09534777575573113,-0.04646774182286157,-0.0721803351205379,-0.00013273630064502282
-0.00023377330608220608,-0.00018774130588453293,0.09513393979350548,-0.046434768489431025,-0.0719772788671248,-0.00013263740052582378
-0.00023307875193848558,-0.00018759786774232012,0.09492380742766271,-0.04640111338298436,-0.07177431282223648,-0.00013253759119306375
-0.00023238453234233802,-0.00018745453919047535,0.09471343456886942,-0.046366849290294325,-0.07157139287996087,-0.00013243688779177878
-0.00023169065149471234,-0.00018731132014371092,0.0945028227879892,-0.046331977816316476,-0.07136852092495456,-0.00013233531208332113
-0.00023099711359294458,-0.00018716821051970207,0.09429197365957877,-0.046296500576744025,-0.07116569883459037,-0.00013223288585701852
-0.000230303922831862,-0.00018702521023438758,0.09408088876244797,-0.04626041919827297,-0.07096292847942247,-0.00013212963092652948
-0.00022960617723004857,-0.00018688254930236507,0.09387358119661858,-0.04622366439769417,-0.07076025822894844,-0.00013202556911393547
-0.0002289186901795867,-0.00018673953734640349,0.09365809822327871,-0.04618644920494725,-0.07055755133313509,-0.00013192071585711035
-0.00022822656414151174,-0.0001865968645759549,0.09344631409694151,-0.04614856530429458,-0.07035494731058758,-0.00013181510596274137
-0.00022753480201139127,-0.00018645430081041213,0.09323430057789271,-0.046110083874781195,-0.07015240243017903,-0.00013170875470394357
-0.0002268434079626828,-0.0001863118459668571,0.0930220592625989,-0.046071006595576336,-0.06994991852584641,-0.00013160168390569755
-0.0002261523861623923,-0.00018616949996158073,0.09280959174991969,-0.04603133515538097,-0.06974749742309226,-0.0001314939153689574
-0.0002254617407751685,-0.00018602726271143948,0.0925968996434391,-0.04599107125375528,-0.06954514094099333,-0.00013138547086614634
-0.00022477147595951203,-0.0001858851341326323,0.09238398454922893,-0.04595021659968701,-0.06934285089032731,-0.0001312763721275389
-0.00022407669934792408,-0.00018574333963359245,0.09217487626692283,-0.04590870332830489,-0.0691406754553992,-0.00013116664082920464
-0.00022339219518551103,-0.00018560120266126502,0.09195757240950188,-0.04586674057007388,-0.06893847820590294,-0.00013105629215189095
-0.00022270309519096165,-0.00018545939960172564,0.09174399659575978,-0.04582412404526801,-0.06873639822446877,-0.0001309453606815307
-0.00022201439240272298,-0.0001853177048821708,0.09153020428533172,-0.04578092370433129,-0.06853439184649109,-0.00013083386127267266
-0.00022132609095771764,-0.0001851761184201023,0.09131619710220794,-0.04573714130580955,-0.06833246084615845,-0.00013072181528321484
-0.0002206381949891456,-0.0001850346401338649,0.09110197667380447,-0.045692778617659385,-0.06813060699001174,-0.00013060924395415804
-0.0002199507086270944,-0.0001848932699390366,0.09088754463178718,-0.04564783741769693,-0.06792883203780876,-0.00013049616839749486
-0.00021925878462078128,-0.000184752227533903,0.09067691506903236,-0.04560225159737874,-0.0677271836301182,-0.000130382609571473
-0.0002185770709068443,-0.0001846108534958365,0.09045813250209324,-0.045556225319875326,-0.06752552674977963,-0.00013026858184683884
-0.00021789083630479494,-0.00018446980708208306,0.09024307401650332,-0.04550955937368928,-0.06732399897335797,-0.00013015411886496946
-0.00021720502782025605,-0.00018432886843187078,0.09002781050650394,-0.04546232211840385,-0.06712255706523028,-0.0001300392344419153
-0.0002165196495616307,-0.00018418803746130669,0.0898123436212965,-0.045414515377713884,-0.0669212027481335,-0.00012992394876182333
-0.0002158347056321921,-0.00018404731408859856,0.08959667501359597,-0.045366140984069395,-0.06671993773734666,-0.00012980828176423968
-0.00021515020012981685,-0.0001839066982311094,0.08938080633902788,-0.04531720077816372,-0.06651876374012823,-0.00012969225311271996
-0.0002144661371512058,-0.00018376618980649878,0.0891647392582747,-0.04526769661013512,-0.0663176824575864,-0.00012957588217522354
-0.00021377767837767644,-0.00018362600393648232,0.0889525050363583,-0.04521756377305147,-0.06611674127513682,-0.00012945918798715553
-0.00021309944463780172,-0.00018348549493147487,0.08873209712702411,-0.04516700253176516,-0.06591580569838695,-0.00012934218274701008
-0.0002124167319602991,-0.0001833453083151717,0.08851544338726118,-0.04511581768702129,-0.06571501266789052,-0.00012922489790108838
-0.0002117344781766958,-0.00018320522880410813,0.0882985979437032,-0.04506407636051652,-0.06551431907985149,-0.00012910734466875246
-0.00021105268735839317,-0.0001830652563173836,0.08808156247332534,-0.04501178044236032,-0.06531372659756066,-0.00012898954047503477
-0.00021037136357602787,-0.00018292539077193436,0.08786433865807126,-0.04495893183095894,-0.06511323687789779,-0.0001288715022521599
-0.00020969051089111246,-0.00018278563208670717,0.08764692818177011,-0.04490553243142527,-0.06491285156922721,-0.00012875324639875308
-0.00020900533513408496,-0.0001826461897762397,0.08743334699245318,-0.044851519253710434,-0.06471261746155141,-0.00012863478873487188
-0.00020833032375375366,-0.00018250643496951421,0.08721163429016139,-0.044797087662562886,-0.06451240163198765,-0.00012851613796944724
-0.00020765090692677823,-0.00018236699637521128,0.08699367254637064,-0.04474204743181514,-0.06431233935732776,-0.0001283973218107376
-0.0002069719774447274,-0.00018222766431368748,0.08677553094370727,-0.044686464105000934,-0.06411238801645697,-0.00012827834740578318
-0.00020629353934919123,-0.0001820884387055896,0.08655721118443879,-0.04463033962197441,-0.06391254922174971,-0.0001281592278017797
-0.00020561559667601405,-0.00018194931946919485,0.0863387149739153,-0.04457367592866951,-0.06371282457790418,-0.00012803997521657442
-0.00020493815345814834,-0.00018181030652230853,0.08612004402175058,-0.04451647497722712,-0.06351321568285975,-0.00012792060097945425
-0.00020426121372358778,-0.00018167139978417582,0.08590120004095551,-0.044458738725482776,-0.06331372412715924,-0.00012780111546482008
-0.00020357999162488725,-0.00018153280422312373,0.0856862165916091,-0.04440040555937281,-0.06311439638133326,-0.0001276815280182226
-0.00020290894934175429,-0.00018139390460804664,0.0854630805010788,-0.044341666939624214,-0.0629151002406556,-0.00012756184031986523
-0.00020223354240752313,-0.00018125531600860466,0.08524372631308764,-0.044282336614324375,-0.06271597015373777,-0.00012744207279534665
-0.00020155865505832324,-0.00018111683329333217,0.0850242060115171,-0.044222478870349656,-0.06251696369557007,-0.00012732222451693849
-0.0002008842913011951,-0.00018097845638270597,0.08480452132765072,-0.044162095690139694,-0.06231808242109557,-0.00012720229998010714
-0.00020021045513438627,-0.0001808401851953502,0.08458467399459815,-0.04410118905910981,-0.062119327876754137,-0.00012708230225031716
-0.00019953715055644756,-0.00018070201964875965,0.08436466575121646,-0.044039760967278255,-0.061920701603340365,-0.0001269622328690809
-0.00019885963496381795,-0.00018056415921372838,0.0841485151872915,-0.04397775146339761,-0.06172224942577853,-0.0001268420917429616
-0.00019819223987478638,-0.0001804260051589679,0.08392425383901965,-0.04391534716519019,-0.06152384086165943,-0.00012672187043820903
-0.00019752055223470704,-0.0001802881560544322,0.0837037718953872,-0.043852366683124956,-0.06132560854875531,-0.00012660157869138415
-0.00019684941215840316,-0.00018015041227042831,0.08348313605576306,-0.04378887272450214,-0.06112751059555363,-0.00012648120406332734
-0.0001961788236172215,-0.00018001277372439034,0.08326234807495003,-0.04372486728999152,-0.06092954850602526,-0.00012636073881566116
-0.0001955087905802506,-0.00017987524033679161,0.08304140971176553,-0.04366035238151776,-0.06073172377751666,-0.00012624017297902044
-0.00019483931701150354,-0.000179737812027448,0.08282032272891236,-0.043595330001434555,-0.060534037900324654,-0.00012611949421327496
-0.00019417040687031385,-0.00017960048871760483,0.08259908889225115,-0.043529802151768646,-0.06033649235746262,-0.00012599868765258515
-0.00019349732533351774,-0.00017946346536299243,0.08238174480336259,-0.04346371020968381,-0.06013913259387928,-0.00012587773575240956
-0.0001928343802918993,-0.00017932615676819787,0.08215626843908369,-0.04339723686575925,-0.0599418290357239,-0.00012575661140839134
-0.0001921671823915761,-0.00017918914796953393,0.08193460323814392,-0.04333020463800105,-0.05974471330626662,-0.00012563530483721832
-0.00019150056374701702,-0.00017905224384962178,0.08171279831184555,-0.043262674936176415,-0.05954774377442686,-0.00012551378252099663
-0.00019083452829377992,-0.00017891544432627887,0.08149085544368365,-0.0431946497529044,-0.05935092188841356,-0.00012539201445491035
-0.00019016907996400982,-0.00017877874932171502,0.08126877642106631,-0.04312613107705523,-0.05915424908963656,-0.00012526996703491851
-0.0001895042226834707,-0.0001786421587533643,0.08104656303442809,-0.043057120892546645,-0.058957726812222784,-0.00012514760284575589
-0.00018883526404198556,-0.0001785058621909183,0.0808282372216169,-0.042987562158348494,-0.05876139981015926,-0.00012502488043589536
-0.00018817638377748722,-0.0001783692906123964,0.08060182075592917,-0.042917632753627546,-0.05856514037433287,-0.00012490174732561672
-0.00018751332142499536,-0.00017823301287930166,0.08037921362867483,-0.04284715991648213,-0.05836907818036723,-0.00012477816701214443
-0.0001868508658195656,-0.00017809683926574456,0.08015647936492437,-0.04277620344434442,-0.058173172177194435,-0.00012465407753790543
-0.0001861890208633619,-0.0001779607696903076,0.07993361977256967,-0.04270476528571351,-0.05797742376459108,-0.00012452941887582266
-0.00018552779045585553,-0.00017782480407548158,0.07971063666404266,-0.042632847379611705,-0.05778183433609237,-0.00012440412568665146
-0.00018486717849195845,-0.0001776889423414814,0.07948753185521036,-0.04256045165422509,-0.057586405278308286,-0.00012427812703216508
-0.00018420253426636954,-0.00017755336874254908,0.07926831295230063,-0.042487522588019105,-0.05739118063782231,-0.00012415134606608396
-0.00018354791149320263,-0.00017741753019758118,0.0790410445331245,-0.04241423327413538,-0.057196034621313736,-0.00012402369292254867
-0.00018288917645365436,-0.00017728197962905284,0.0788175841267404,-0.04234041556120964,-0.057001094907597104,-0.00012389509183863712
-0.00018223107542053097,-0.00017714653262368256,0.07859400934547692,-0.042266127611454346,-0.056806321042591514,-0.00012376543933577584
-0.00018157361226606362,-0.00017701118910233397,0.07837032202318407,-0.04219137128335142,-0.05661171437948495,-0.00012363463174012534
-0.0001809167908543017,-0.00017687594898544746,0.07814652399618956,-0.04211614841725727,-0.056417276263783143,-0.00012350255780572495
-0.00018026061504616166,-0.00017674081219570814,0.07792261710477026,-0.042040460835060404,-0.05622300803457287,-0.00012336909835325741
-0.00017960508869931804,-0.00017660577865341413,0.0776986031935301,-0.04196431033909028,-0.05602891102470308,-0.00012323412589964537
-0.00017894556781706395,-0.0001764710281890753,0.07747850862436283,-0.04188764256887615,-0.05583502881863396,-0.00012309750427028543
-0.0001782960857113954,-0.00017633602099312827,0.07725034219620051,-0.0418106266070998,-0.05564123678430613,-0.00012295908130061377
-0.00017764252911769155,-0.0001762012967194554,0.07702601689286834,-0.04173309798836345,-0.0554476613410404,-0.00012281871634278589
-0.00017698963739571765,-0.00017606667537769898,0.07680159200845396,-0.04165511343766106,-0.055254262379148225,-0.00012267623769755234
-0.00017633741438024812,-0.00017593215688871053,0.07657706940564227,-0.04157667463855592,-0.055061041198203924,-0.00012253147055430195
-0.00017568586389726492,-0.00017579774117484383,0.07635245094909703,-0.041497783245929856,-0.054867999089821484,-0.00012238422945421378
-0.00017503498976872048,-0.00017566342815743957,0.07612773850714742,-0.04141844088557989,-0.05467513733880825,-0.0001222343179052487
-0.00017438018872010386,-0.00017552939247299053,0.07590694458164361,-0.04133859456195774,-0.05448249878352463,-0.00012208152799617457
-0.0001737353710192807,-0.00017539510989762752,0.07567811937730079,-0.041258408545176345,-0.05428996082902153,-0.00012192563307976661
-0.00017308654714331517,-0.00017526110449914666,0.0754531348026815,-0.04117772275413581,-0.0540976477764788,-0.00012176641542681365
-0.0001724384149012285,-0.00017512720148353013,0.07522806378208993,-0.04109659218362257,-0.053905520154531573,-0.00012160362354078711
-0.00017179097809041897,-0.00017499340077186017,0.0750029082013857,-0.0410150182957572,-0.053713579213651344,-0.00012143700029083188
-0.000171144240506075,-0.000174859702286723,0.07477766995115838,-0.04093300251728342,-0.053521826198119245,-0.00012126627546440376
-0.00017049820593636293,-0.00017472610594957382,0.07455235092444114,-0.04085054623747392,-0.0533302623443341,-0.00012109116550779349
-0.00016985287816546245,-0.00017459261168303875,0.07432695301867528,-0.04076765080843767,-0.05313888888211994,-0.00012091137331991754
-0.00016920366000658626,-0.00017445938975007083,0.07410550799244595,-0.04068426423579093,-0.05294774812913467,-0.00012072658808539617
-0.00016856444319122407,-0.00017432592904930919,0.0738760087753881,-0.040600546674318956,-0.052756718815682245,-0.00012053647817479682
-0.00016792125677244526,-0.0001741927405257207,0.07365038421721647,-0.040516341550440746,-0.052565923816043275,-0.00012034071931396194
-0.00016727879227640538,-0.0001740596537613756,0.07342468843254388,-0.04043170230042051,-0.05237532405454333,-0.00012013895194664542
-0.00016663705346104405,-0.0001739266686773093,0.07319892333540914,-0.040346630083366475,-0.05218492072369293,-0.00011993081001406447
-0.00016599604408409498,-0.00017379378519741424,0.07297309084523951,-0.04026112602154345,-0.05199471500958916,-0.00011971591393133063
-0.0001653557678926687,-0.00017366100324245695,0.07274719288276502,-0.04017519119900007,-0.051804708089042736,-0.0001194938708783585
-0.00016471166760129418,-0.00017352848799805434,0.07252524768652714,-0.040088774873927605,-0.05161494148867286,-0.00011926427521210224
-0.0001640775143673053,-0.0001733957435992653,0.07229528857703289,-0.040002032418936906,-0.05142529608600283,-0.00011902670206778124
-0.00016343945850131423,-0.0001732632657566631,0.07206920433771706,-0.03991481149845066,-0.05123589251637001,-0.0001187807359417422
-0.0001628021508095034,-0.00017313088912946327,0.0718430623787065,-0.0398271638174009,-0.051046692372247314,-0.00011852592924700115
-0.0001621655950148215,-0.0001729986136399502,0.0716168646382451,-0.03973909030174525,-0.050857696789800774,-0.00011826183165291053
-0.0001615297948398877,-0.00017286643921248304,0.07139061306039023,-0.03965059185552454,-0.05066890689831374,-0.00011798798403594318
-0.00016089475399968048,-0.0001727343657685395,0.07116430959156053,-0.03956166936276497,-0.05048032381739163,-0.00011770391974063384
-0.00016025595443968561,-0.00017260255349427732,0.07094195927515312,-0.039472273395389515,-0.050291988261808904,-0.00011740916602694855
-0.0001596270487529038,-0.00017247052152424142,0.0707116348484958,-0.03938255471856062,-0.05010378328975661,-0.00011710323893388073
-0.00015899430648922278,-0.00017233875056994058,0.07048518599827885,-0.0392923652933162,-0.04991582725300047,-0.00011678567237229413
-0.00015836233840717828,-0.00017220708029089954,0.07025869310713688,-0.0392017552642304,-0.04972808241623073,-0.00011645597882528288
-0.00015773114819851489,-0.00017207551060949462,0.07003215813959185,-0.03911072549859515,-0.049540549853560746,-0.00011611367930242414
-0.00015710073954931968,-0.0001719440414513166,0.06980558306365438,-0.0390192768802844,-0.04935323062944263,-0.00011575829870033724
-0.00015647111613983968,-0.00017181267273841568,0.06957896985042904,-0.03892741031719063,-0.04916612579816362,-0.00011538936834499191
-0.00015584228164715412,-0.00017168140439427146,0.06935232047533212,-0.0388351267505707,-0.04897923640447926,-0.00011500642870907862
-0.00015520972310122832,-0.00017155039233208297,0.06912965999892101,-0.038742378122338425,-0.048792602549014144,-0.00011460903228236515
-0.0001545870775900732,-0.00017141916850271256,0.06889900162116752,-0.0386493116276452,-0.04860610881323313,-0.00011419674009292759
-0.00015396063018400063,-0.0001712882008034853,0.06867225421528954,-0.0385557831859272,-0.04841987188165585,-0.00011376915108078536
-0.00015333498638320735,-0.00017115733316480815,0.0684454786112689,-0.03846184201929582,-0.048233854464294,-0.00011332586562220906
-0.0001527101498400932,-0.00017102656551352263,0.06821867680233694,-0.038367489376329604,-0.0480480575547652,-0.0001128665155745223
-0.00015208612419984733,-0.00017089589777065373,0.06799185078443853,-0.0382727265971982,-0.04786248213558033,-0.00011239076088270176
-0.00015146291310392292,-0.000170765329860394,0.06776500255725552,-0.03817755512455588,-0.04767712917887067,-0.00011189829295252956
-0.00015083604193531156,-0.00017063501281936247,0.06754214441207536,-0.038081928932620926,-0.04749203792606303,-0.00011138883798462323
-0.00015021903187394762,-0.00017050449323286268,0.06731132770037566,-0.03798599151171455,-0.04730709522784535,-0.00011086215416666434
-0.0001495982845537809,-0.00017037422436329448,0.06708442345462519,-0.03788960381724019,-0.047122415371820256,-0.00011031805937325391
-0.00014897836632563323,-0.00017024405502238764,0.0668575050621433,-0.037792814428003564,-0.046937961763161534,-0.00010975639698227314
-0.00014835928080739584,-0.0001701139851327544,0.06663057454125938,-0.03769562544889009,-0.04675373532324038,-0.00010917706371159027
-0.00014774103160978028,-0.00016998401461941481,0.06640363391292653,-0.03759803914296611,-0.046569736962923144,-0.00010858000583838755
-0.00014712362233813288,-0.00016985414340665167,0.06617668520125027,-0.037500057938529834,-0.04638596758304095,-0.00010796522146698756
-0.0001465070565952784,-0.00016972437141760978,0.06594973043533559,-0.03740168443632972,-0.04620242807614917,-0.00010733276245625278
-0.0001458868643351733,-0.00016959484547676013,0.06572680237414247,-0.03730287507204586,-0.04601915701568867,-0.0001066827359728613
-0.00014527655277566946,-0.00016946512480859807,0.06549589148646282,-0.03720377091605452,-0.045836042927235456,-0.00010601530015710609
-0.00014466253751838225,-0.00016933565003692322,0.06526892932770693,-0.03710423792201413,-0.04565319828507288,-0.00010533068704339575
-0.00014404938017647333,-0.000169206274187126,0.06504196929068726,-0.03700432482167485,-0.045470586996648285,-0.00010462916916969807
-0.0001434370843274093,-0.00016907699718333655,0.06481501342199682,-0.03690403511880813,-0.04528820991318432,-0.00010391108203682334
-0.00014282565354045365,-0.00016894781895065124,0.06458806377042388,-0.03680337249615848,-0.04510606787784884,-0.00010317681768481132
-0.00014221509138107353,-0.0001688187394115019,0.06436112238890683,-0.03670234081305577,-0.04492416172787818,-0.00010242682351417425
-0.00014160096547447465,-0.0001686899006327902,0.06413820953287046,-0.03660089918581545,-0.04474252916655929,-0.00010166160062871795
-0.00014099666919330933,-0.0001685608761157996,0.06390735303317037,-0.03649918567371885,-0.044561061111272456,-0.00010088169684735774
-0.00014038873262339625,-0.00016843209220926587,0.06368044738732159,-0.03639707166266542,-0.04437986756937201,-0.00010008772378249662
-0.00013978167892736342,-0.00016830340669606383,0.0634535582873879,-0.03629460566563127,-0.04419891320846122,-9.928032408302635e-05
-0.00013917551164604344,-0.00016817481950145811,0.06322668780427625,-0.03619179231827934,-0.0440181988418833,-9.846018814056007e-05
-0.00013857023431362053,-0.00016804633055008886,0.06299983801163991,-0.03608863638134795,-0.04383772527923721,-9.762804532272473e-05
-0.00013796585046241808,-0.00016791793976599252,0.06277301098821891,-0.03598514272966153,-0.04365749332851077,-9.678465998669121e-05
-0.00013735796479140698,-0.0001677897845367947,0.06255021476747558,-0.03588127282572398,-0.043477539836201326,-9.593082725219387e-05
-0.00013675985861264924,-0.00016766145240386214,0.06231951369621929,-0.03577716141602927,-0.0432977581686717,-9.506736438996666e-05
-0.00013615817470340983,-0.00016753335567511012,0.06209276605577576,-0.03567268481964281,-0.04311825586206165,-9.419512326139094e-05
-0.00013555739837614673,-0.00016740535681523082,0.061866049558445206,-0.03556789087010597,-0.04293899837993377,-9.33149599350215e-05
-0.00013495753313620253,-0.00016727745574925297,0.0616393662999744,-0.03546278480489321,-0.04275998652406034,-9.242774740600922e-05
-0.0001343585824827959,-0.00016714965240204917,0.06141271837918461,-0.03535737189133451,-0.04258122109585082,-9.153436658907029e-05
-0.0001337605499105253,-0.0001670219466985614,0.06118610789875755,-0.035251657413288166,-0.04240270289735869,-9.063570177904009e-05
-0.000133163438907964,-0.00016689433856555136,0.060959536964722366,-0.0351456466574381,-0.04222443273114448,-8.973263623780878e-05
-0.00013256285794911659,-0.0001667669612884226,0.06073703471638272,-0.035039302600419424,-0.042046446790683076,-8.88260479523595e-05
-0.00013197207679500268,-0.00016663941470954242,0.060506602721118116,-0.034932756572892396,-0.0418686403862499,-8.79168020474089e-05
-0.00012554196874756292,-0.0001665987573255378,0.060284008520710364,-0.034826628798018795,-0.04169116489592296,-8.712581977676607e-05
-0.00011916282097262073,-0.00016655273779337017,0.060057490082682505,-0.034720219911382175,-0.04151391422474742,-8.632736999247945e-05
-0.00011282980861266248,-0.0001665014430679984,0.059831027030099335,-0.034613495528807985,-0.04133692327067179,-8.552255475063875e-05
-0.00010654245128960421,-0.00016644483590226924,0.059604621280721366,-0.034506462782288756,-0.0411601920990054,-8.471245198993585e-05
-0.00010030027772786294,-0.0001663828856434818,0.05937827476385513,-0.034399128673366954,-0.04098372082238864,-8.389811168354674e-05
-9.410282588626456e-05,-0.0001663155678825537,0.05915198941998709,-0.034291500064577145,-0.04080750959915751,-8.308055240161623e-05
-8.794964305253676e-05,-0.00016624286411048676,0.058925767201747976,-0.03418358367309654,-0.040631558632658944,-8.226075828815646e-05
-8.18402858951391e-05,-0.00016616476140358764,0.058699610073180725,-0.03407538606413478,-0.040455868169098984,-8.143967643427295e-05
-7.577432047564549e-05,-0.00016608125210929026,0.058473520007433666,-0.03396691364510759,-0.04028043849456089,-8.06182146640171e-05
-6.975132223502873e-05,-0.00016599233356290842,0.05824749898883802,-0.0338581726629483,-0.040105269934657434,-7.979723971964848e-05
-6.377087594431881e-05,-0.00016589800781124583,0.058021549012597345,-0.033749169201568466,-0.03993036285277471,-7.897757582991211e-05
-5.783257562113018e-05,-0.00016579828134881576,0.05779567208333398,-0.03363990917936641,-0.039755717647362965,-7.816000364601694e-05
-5.193602442213666e-05,-0.00016569316487251642,0.057569870214024536,-0.03353039834821697,-0.0395813347495101,-7.734525953013072e-05
-4.60808345205451e-05,-0.00016558267304402075,0.05734414542965365,-0.03342064229581161,-0.03940721462377863,-7.653403517098381e-05
-4.026662694334186e-05,-0.0001654668242627791,0.05711849976247693,-0.03331064644439811,-0.03923335776330942,-7.572697749460428e-05
-3.4493031405112496e-05,-0.00016534564046007984,0.05689293525329166,-0.033200416053335596,-0.03905976468901448,-7.492468886531514e-05
-2.8759686124056998e-05,-0.00016521914688798038,0.05666745395358696,-0.0330899562231197,-0.03888643594939887,-7.41277275273552e-05
-2.306623761368906e-05,-0.00016508737192872866,0.05644205792156931,-0.03297927189650159,-0.038713372116329844,-7.333660827334176e-05
-1.741234047665894e-05,-0.0001649503469141056,0.05621674922503334,-0.03286836786380563,-0.03854057378531393,-7.255180331684026e-05
-1.1797657179590492e-05,-0.0001648081059467659,0.055991529939411915,-0.032757248766385416,-0.038368041572817,-7.177374333299142e-05
-6.221857822745626e-06,-0.00016466068573376715,0.055766402147334936,-0.03264591910093052,-0.0381957761143877,-7.100281864714326e-05
-6.8461991222065e-07,-0.0001645081254314229,0.05554136794100649,-0.03253438322596986,-0.03802377806496651,-7.023938055621365e-05
4.814371885892816e-06,-0.00016435046648691568,0.055316429418424,-0.03242264536490444,-0.037852048094832495,-6.948374274177245e-05
1.0275425977315649e-05,-0.00016418775250050255,0.05509158868649556,-0.032310709613460595,-0.03768058689061084,-6.873618277658663e-05
1.5698844086053302e-05,-0.0001640200290825844,0.05486684785811664,-0.03219857994355812,-0.037509395151973206,-6.799694368609332e-05
2.108492148675879e-05,-0.00016384734373087358,0.054642209055009,-0.03208626021066167,-0.03733847359228937,-6.726623556079663e-05
2.6433947249221284e-05,-0.00016366974569184504,0.05441767440382479,-0.031973754157468004,-0.03716782293518162,-6.654423719243288e-05
3.174620446424988e-05,-0.0001634872858544325,0.054193246040159765,-0.031861065421830745,-0.03699744391582206,-6.583109773185454e-05
3.702197048101842e-05,-0.00016330001662535898,0.05396892610483482,-0.031748197540493225,-0.036827337277768775,-6.512693834535583e-05
4.226151712759494e-05,-0.0001631079918313679,0.05374471674607567,-0.03163515395606793,-0.03665750377334003,-6.443185386072376e-05
4.7465110932622457e-05,-0.00016291126660413803,0.0535206201187135,-0.03152193802206207,-0.0364879441621911,-6.374591439768076e-05
5.263301334221656e-05,-0.00016270989728795447,0.05329663838305794,-0.031408553007829625,-0.036318659209904965,-6.30691669674361e-05
5.7765480923631485e-05,-0.00016250394134536238,0.053072773706974004,-0.03129500210503405,-0.036149649688460274,-6.24016370399501e-05
6.286276557167602e-05,-0.0001622934572598645,0.05284902826364773,-0.031181288431627607,-0.03598091637416852,-6.174333006865173e-05
6.792511470199185e-05,-0.00016207850445930892,0.05262540423217518,-0.031067415037164748,-0.03581246004734058,-6.10942329659223e-05
7.295277143817353e-05,-0.00016185914322744237,0.05240190379837177,-0.0309533849082074,-0.035644281492297376,-6.0454315537684564e-05
7.794597479542778e-05,-0.00016163543462619293,0.052178529153162845,-0.030839200971876306,-0.03547638149565218,-5.982353185150812e-05
8.29049598510682e-05,-0.00016140744042095548,0.05195528249445691,-0.030724866101689112,-0.035308760847180536,-5.9201821561858845e-05
8.782995791868994e-05,-0.00016117522300901008,0.051732166023825736,-0.030610383119618473,-0.035141420337016026,-5.8589111163320795e-05
9.272119669907164e-05,-0.0001609388453557483,0.051509181950457505,-0.03049575480265752,-0.03497436075797148,-5.798531520388999e-05
9.757890044041179e-05,-0.0001606983709205572,0.05128633248798852,-0.030380983884902096,-0.034807582903018955,-5.73903374195368e-05
0.00010240329008157858,-0.00016045386360199684,0.051063619855654135,-0.030266073061599043,-0.03464108756560256,-5.6804071824084366e-05
0.00010719458339201257,-0.0001602053876766079,0.05084104627829021,-0.030151024993063737,-0.03447487553950673,-5.622640373284581e-05
0.00011195299510499435,-0.0001599530077414906,0.05061861398611171,-0.03003584230754279,-0.034308947618298176,-5.565721073128537e-05
0.00011667873704471486,-0.00015969678866013803,0.0503963252141672,-0.02992052760409426,-0.034143304594744704,-5.509636358575539e-05
0.0001213720182469822,-0.00015943679551346478,0.0501741822025597,-0.029805083455680434,-0.03397794726077977,-5.454372709874471e-05
0.0001260330450716768,-0.00015917309355122783,0.04995218719712819,-0.029689512412291,-0.033812876407696216,-5.3999160914431407e-05
0.00013066202131253892,-0.0001589057481420856,0.049730342448767735,-0.029573817003106722,-0.033648092825549925,-5.346252026141695e-05
0.000135259148302605,-0.00015863482473211718,0.04950865021238526,-0.029457999738374683,-0.03348359730236092,-5.29336566559048e-05
0.0001398246250083512,-0.00015836038880223842,0.04928711274852946,-0.02934206311252191,-0.033319390624987864,-5.241241855140203e-05
0.0001443586481229712,-0.00015808250582702646,0.04906573232307569,-0.029226009606140718,-0.03315547357883885,-5.189865194177225e-05
0.0001488614121569722,-0.00015780124124071745,0.04884451120560741,-0.029109841687023245,-0.03299184694680435,-5.139220091984959e-05
0.0001533331095175,-0.00015751666039509615,0.04862345167109365,-0.028993561812852214,-0.03282851151009746,-5.0892908195813665e-05
0.00015777393058768506,-0.00015722882853227635,0.04840255599956641,-0.028877172432843847,-0.03266546804815937,-5.0400615572773234e-05
0.00016218406380245714,-0.00015693781074480224,0.04818182647503187,-0.02876067598859077,-0.03250271733783236,-4.99151643829571e-05
0.00016656369571737767,-0.00015664367194877932,0.04796126538622655,-0.028644074915924935,-0.03234026015381989,-4.943639588900163e-05
0.00017091301107264014,-0.00015634647685610487,0.04774087502759528,-0.028527371646890242,-0.03217809726930125,-4.896415165725281e-05
0.00017523219286229514,-0.00015604628994402882,0.04752065769559226,-0.028410568608782088,-0.032016229453537194,-4.849827388146743e-05
0.00017952142238255372,-0.0001557431754297782,0.04730061569440042,-0.02829366822859755,-0.0318546574756192,-4.80386056977691e-05
0.00018378087929768515,-0.00015543719724442524,0.04708075133021718,-0.028176672930724265,-0.03169338210068522,-4.7584991451122085e-05
0.00018801074168618668,-0.00015512841901298494,0.046861066914814266,-0.02805958513996111,-0.03153240409227738,-4.7137276949754626e-05
0.0001922111860938134,-0.000154816904028637,0.04664156476355944,-0.027942407281291628,-0.03137172421121048,-4.669530968471854e-05
0.0001963823875754781,-0.0001545027152378576,0.04642224719755039,-0.027825141781763034,-0.031211343216765736,-4.6258939033349536e-05
0.00020052451974514898,-0.0001541859152107694,0.04620311654077304,-0.02770779106967073,-0.031051261865108357,-4.5828016431378646e-05
0.0002046377548139383,-0.00015386656613049741,0.04598417512195187,-0.02759035757622786,-0.030891480910355956,-4.540239553299996e-05
0.00020872226362757517,-0.00015354472977671327,0.04576542527482534,-0.02747284373625953,-0.03073200110497897,-4.4981932350300516e-05
0.00021277821570705614,-0.0001532204675022599,0.04554686933639397,-0.027355251987775893,-0.030572823198576342,-4.456648536903848e-05
0.00021680577928142366,-0.00015289384022406857,0.045328509648091334,-0.02723758477300767,-0.030413947938764237,-4.415591565495576e-05
0.00022080512131931259,-0.00015256490840563457,0.04511034855587211,-0.02711984453896109,-0.03025537607126698,-4.375008694217433e-05
0.00022477640756035966,-0.0001522337320475093,0.04489238841018971,-0.027002033737741685,-0.030097108340062892,-4.334886570771842e-05
0.0002287198025474984,-0.00015190037066951587,0.04467463156421939,-0.026884154825750777,-0.02993914548613429,-4.2952121228281175e-05
0.00023263546964876383,-0.00015156488330150993,0.04445708037653506,-0.02676621026567239,-0.029781488249483408,-4.25597256358529e-05
0.00023652357108614394,-0.00015122732847582497,0.0442397372097241,-0.026648202525679034,-0.02962413736807594,-4.217155395278157e-05
0.0002403842679611584,-0.00015088776421257055,0.04402260442951964,-0.02653013407937293,-0.02946709357757727,-4.1787484119359996e-05
0.0002442177202734756,-0.00015054624801093958,0.043805684407070326,-0.026412007407154117,-0.02931035761282208,-4.1407397014404566e-05
0.0002480240869469236,-0.00015020283684409087,0.043588979516494965,-0.026293824994822013,-0.02915393020619671,-4.103117646356248e-05
0.0002518035258489923,-0.0001498575871500766,0.043372492135841434,-0.026175589334425597,-0.028997812088505458,-4.065870924231218e-05
0.00025555619380691007,-0.00014951055481772328,0.04315622464791909,-0.026057302924792428,-0.028842003989557493,-4.0289885074595855e-05
0.00025928224662823466,-0.00014916179519424734,0.04294017943956653,-0.025938968271067148,-0.02868650663767334,-3.992459661911023e-05
0.0002629818391202741,-0.00014881136306567865,0.042724358900295474,-0.02582058788403427,-0.02853132075906833,-3.956273945302825e-05
0.00026665512510082155,-0.00014845931265776782,0.04250876542517099,-0.02570216428180386,-0.0283764470795998,-3.920421205221307e-05
0.00027030225741843486,-0.00014810569763138402,0.0422934014120245,-0.025583699988213988,-0.0282218863232125,-3.8848915763475865e-05
0.0002739233879652885,-0.00014775057107810526,0.042078269262649036,-0.02546519753339891,-0.028067639212713165,-3.849675477324201e-05
0.00027751866768690385,-0.00014739398551324827,0.041863371384335046,-0.025346659454840784,-0.02791370647092106,-3.8147636077765206e-05
0.00028108824660486297,-0.0001470359928778496,0.04164871018534511,-0.02522808829452753,-0.027760088817717615,-3.780146944078861e-05
0.0002846322738165875,-0.00014667664452800398,0.04143428808089751,-0.02510948660242844,-0.02760678697408045,-3.745816735775556e-05
0.0002881508975178634,-0.00014631599124508184,0.041220107488004205,-0.024990856933470758,-0.02745380165885731,-3.7117645007976856e-05
0.000291644265007144,-0.00014595408321805246,0.04100617082846847,-0.024872201849161467,-0.027301133590703505,-3.677982021447785e-05
0.00029511252269947137,-0.00014559097005241092,0.04079248052737457,-0.02475352391665253,-0.02714878348728001,-3.6444613394846044e-05
0.000298555816135632,-0.0001452267007678778,0.040579039013584756,-0.024634825708861708,-0.026996752065559994,-3.611194751225997e-05
0.00030197428998972477,-0.0001448613237957641,0.04036584872049291,-0.02451610980494637,-0.026845040042513865,-3.5781748028660635e-05
0.00030536808808061266,-0.00014449488697725402,0.04015291208474526,-0.02439737878928342,-0.02669364813425449,-3.5453942851986766e-05
0.00030873735337957463,-0.00014412743756532856,0.039940231547008924,-0.024278635252060053,-0.026542577056767113,-3.512846228299676e-05
0.00031208222801838286,-0.00014375902222470496,0.03972780955176747,-0.024159881788720156,-0.02639182752566261,-3.480523896657239e-05
0.00031540285329833466,-0.00014338968703118092,0.03951564854675726,-0.024041120999748505,-0.02624140025606725,-3.448420783507282e-05
0.00031869936969688235,-0.00014301947747303104,0.03930375098358875,-0.023922355490831788,-0.026091295963023547,-3.41653060586403e-05
0.00032197191687175874,-0.0001426484384517701,0.039092119318835675,-0.02380358787338591,-0.025941515362263634,-3.3848472990091706e-05
0.00032522063367634694,-0.00014227661428276722,0.038880756010280904,-0.023684820762232384,-0.025792059167968204,-3.353365010985167e-05
0.00032844565815271014,-0.0001419040486979814,0.0386696635231287,-0.023566056779086724,-0.025642928096730886,-3.3220780979053384e-05
0.0003316471275541961,-0.00014153078484854462,0.03845884432275893,-0.02344729854818284,-0.025494122863004322,-3.290981117762986e-05
0.000334825178338801,-0.0001411568653012403,0.03824830087980097,-0.02332854869915963,-0.025345644182509626,-3.2600688259107075e-05
0.00033797994618015075,-0.00014078233204815015,0.038038035668781105,-0.023209809866109838,-0.025197492771380205,-3.2293361693916216e-05
0.00034111156597184514,-0.0001404072265049107,0.037828051168014236,-0.023091084687341338,-0.025049669346195853,-3.1987782820502896e-05
0.00034422017183617485,-0.00014003158951034038,0.03761834985830778,-0.02297237580453725,-0.024902174623171985,-3.168390479147678e-05
0.0003473058971224993,-0.0001396554613368843,0.03740893422636928,-0.022853685864649226,-0.024755009320544197,-3.138168252636087e-05
0.0003503688744226549,-0.00013927888168500414,0.037199806759426406,-0.022735017516501862,-0.02460817415508659,-3.1081072655320856e-05
0.0003534092355640021,-0.00013890188969336616,0.03699096995150429,-0.0226163734144486,-0.024461669846197822,-3.078203347885134e-05
0.0003564271116223626,-0.00013852452393462236,0.03678242629917235,-0.022497756215735815,-0.024315497113436443,-3.0484524914308636e-05
0.00035942263292650204,-0.00013814682242611898,0.03657417830178026,-0.022379168580385675,-0.024169656676448423,-3.0188508445395598e-05
0.0003623959290588049,-0.00013776882262761005,0.036366228463100725,-0.022260613172224365,-0.024024149256336627,-2.9893947082337163e-05
0.00036534712885954003,-0.00013739056144865952,0.03615857929177755,-0.02214209265891325,-0.02387897557595134,-2.9600805312065366e-05
0.0003682763604404085,-0.0001370120752479092,0.03595123329655977,-0.022023609708941124,-0.023734136356835873,-2.9309049050439857e-05
0.000371183751172351,-0.00013663339984221375,0.03574419299443783,-0.021905166996523038,-0.023589632324632622,-2.901864560717418e-05
0.0003740694277048758,-0.00013625457050631291,0.035537460903187684,-0.02178676719679316,-0.023445464204271228,-2.8729563633537103e-05
0.0003769335159644825,-0.00013587562197590539,0.03533103954414372,-0.021668412987554807,-0.02330163272187682,-2.844177308306418e-05
0.00037977614115682756,-0.00013549658845654275,0.03512493144323837,-0.021550107049668536,-0.02315813860548747,-2.8155245173497475e-05
0.0003825974277712725,-0.00013511750362330856,0.034919139130401795,-0.02143185206657345,-0.023014982584745134,-2.786995234251217e-05
0.00038539749958875307,-0.00013473840062741375,0.03471366513787071,-0.021313650723209523,-0.022872165389862736,-2.758586821078029e-05
0.00038817647968031875,-0.00013435931209840844,0.034508512002590384,-0.021195505707297266,-0.02272968775325161,-2.7302967541678602e-05
0.0003909344904155266,-0.00013398027015152757,0.034303682264117785,-0.021077419707978967,-0.022587550408209863,-2.702122620581429e-05
0.0003936716534607982,-0.00013360130638682185,0.03409917846715114,-0.02095939541731112,-0.022445754090731365,-2.674062114483601e-05
0.00039638808978813614,-0.0001332224518976518,0.03389500315898014,-0.0208414355284474,-0.022304299537734246,-2.6461130332845295e-05
0.00039908391967734833,-0.00013284373727572973,0.03369115889035364,-0.020723542736195002,-0.022163187487856666,-2.6182732744620975e-05
0.0004017592627187354,-0.00013246519261156907,0.0334876482158189,-0.020605719737065105,-0.022022418681616744,-2.5905408321517335e-05
0.00040441423781644,-0.00013208684750146311,0.03328447369369605,-0.020487969229219454,-0.021881993861654517,-2.5629137937806462e-05
0.0004070489631922516,-0.00013170873105682393,0.03308163788642522,-0.02037029391244799,-0.02174191377270768,-2.535390336990621e-05
0.00040966355639100895,-0.00013133087189556945,0.03287914335898401,-0.020252696487232956,-0.02160217916098319,-2.5079687265018883e-05
0.00041225813428146305,-0.0001309532981590266,0.03267699268063714,-0.02013517965564375,-0.021462790775134084,-2.4806473109772868e-05
0.00041483281306178426,-0.00013057603751396012,0.032475188423674646,-0.020017746120484462,-0.021323749365544896,-2.4534245204219985e-05
0.00041738770826047834,-0.00013019911715270172,0.032273733165028594,-0.019900398586283213,-0.02118505568558219,-2.426298862958406e-05
0.00041992293474227553,-0.00012982256380205358,0.03207262948468862,-0.019783139758062465,-0.021046710490373478,-2.3992689224285524e-05
0.00042243860671264526,-0.0001294464037249034,0.03187187996515004,-0.019665972341064753,-0.020908714536776365,-2.3723333553259574e-05
0.0004249348377150683,-0.00012907066273107077,0.03167148719497821,-0.019548899042717092,-0.020771068585540724,-2.3454908887141014e-05
0.00042741174064450416,-0.0001286953661696396,0.03147145376291383,-0.019431922569082417,-0.020633773397710654,-2.318740317072427e-05
0.00042986942773831605,-0.00012832053895007849,0.03127178226507484,-0.019315045629027368,-0.020496829739210815,-2.2920805006679105e-05
0.0004323080105914234,-0.00012794620553250452,0.031072475298413827,-0.019198270930293457,-0.020360238376787954,-2.2655103624144753e-05
0.00043472760015274666,-0.0001275723899394187,0.030873535464298864,-0.019081601181463875,-0.020224000080311864,-2.2390288858949734e-05
0.0004371283067309544,-0.00012719911575805043,0.03067496536757899,-0.018965039091408575,-0.02008811562223655,-2.2126351132935144e-05
0.00043951023999437854,-0.00012682640615012918,0.030476767618074316,-0.018848587370095163,-0.01995258577866408,-2.1863281431825222e-05
0.0004418735089819669,-0.00012645428384834047,0.0302789448268323,-0.018732248726211563,-0.019817411326980124,-2.1601071281779414e-05
0.00044421822210088404,-0.00012608277116493444,0.03008149960911684,-0.01861602586891506,-0.01968259304773715,-2.1339712730707237e-05
0.0004465444871261082,-0.00012571188999828745,0.029884434586177743,-0.018499921508879517,-0.019548131726034243,-2.10791983337507e-05
0.00044885241121623805,-0.00012534166183588488,0.0296877523791716,-0.018383938354437194,-0.01941402814746731,-2.0819521123624008e-05
0.0004511421009040361,-0.0001249721077559449,0.029491455615319268,-0.01826807911538861,-0.019280283102334594,-2.056067460356212e-05
0.0004534136621071954,-0.00012460324843852413,0.02929554692453135,-0.01815234650072565,-0.019146897383319473,-2.0302652721491477e-05
0.00045566720012953045,-0.00012423510416450286,0.029100028940350794,-0.018036743219294143,-0.019013871786369697,-2.004544985894285e-05
0.00045790281966352536,-0.0001238676948190614,0.028904904300144876,-0.017921271979690397,-0.018881207110656814,-1.9789060809994067e-05
0.0004601206247949416,-0.000123501039904831,0.028710175645084237,-0.017805935490363068,-0.018748904158812325,-1.9533480768819684e-05
0.00046232071900953643,-0.00012313515853638966,0.028515845617897984,-0.01769073645802962,-0.01861696373543702,-1.9278705308189742e-05
0.00046450320518393815,-0.0001227700694499739,0.028321916869301286,-0.017575677591581445,-0.018485386651249904,-1.9024730377430275e-05
0.0004666681856096537,-0.00012240579100912877,0.028128392047982776,-0.017460761595935445,-0.0183541737168116,-1.8771552270349895e-05
0.0004688157619756552,-0.00012204234120417531,0.027935273810595126,-0.01734599117812116,-0.018223325748953474,-1.8519167626157465e-05
0.0004709460353859106,-0.00012167973766091193,0.027742564814935845,-0.017231369042932255,-0.01809284356641187,-1.826757340827928e-05
0.00047305910635464906,-0.00012131799764299612,0.027550267723916097,-0.017116897895380755,-0.01796272799243154,-1.8016766894691995e-05
0.00047515507481551224,-0.00012095713805666992,0.027358385202884028,-0.017002580439059972,-0.017832979853222106,-1.7766745663151456e-05
0.00047723404012153575,-0.00012059717545446526,0.02716691992091519,-0.016888419376728137,-0.017703599978647615,-1.7517507579765208e-05
0.0004792961010489967,-0.00012023812604223215,0.026975874551248516,-0.0167744174106218,-0.01757458920268834,-1.7269050789318376e-05
0.0004813413558020455,-0.00011988000568099143,0.026785251770199303,-0.01666057724183647,-0.017445948362808758,-1.7021373700983446e-05
0.00048336990201469746,-0.00011952282989004942,0.026595054257896874,-0.016546901570493863,-0.017317678300369004,-1.6774474979896667e-05
0.0004853818367561634,-0.00011916661385369398,0.02640528469770542,-0.016433393095496497,-0.017189779860361604,-1.6528353533398006e-05
0.00048737725653339294,-0.00011881137242587131,0.026215945776372547,-0.016320054514583803,-0.017062253891638866,-1.6283008504551955e-05
0.0004893562572924752,-0.00011845712012942527,0.026027040185054244,-0.01620688852482105,-0.01693510124746522,-1.6038439261531782e-05
0.0004913189344250856,-0.0001181038711674581,0.025838570617984634,-0.016093897821786492,-0.016808322784836818,-1.5794645385789913e-05
0.0004932653827706688,-0.00011775163942137103,0.025650539773054263,-0.01598108509992609,-0.016681919364850164,-1.5551626666698176e-05
0.0004951956966209993,-0.00011740043845405359,0.025462950351135955,-0.015868453052039575,-0.0165558918523426,-1.5309383087949192e-05
0.0004971099697219894,-0.00011705028152397389,0.02527580505727934,-0.01575600436994077,-0.016430241116664968,-1.506791482441892e-05
0.0004990082952781127,-0.00011670118157676521,0.025089106599809733,-0.015643741743903206,-0.016304968031140652,-1.4827222230052203e-05
0.000500890765954908,-0.00011635315125684345,0.02490285769118572,-0.015531667863225324,-0.016180073473838666,-1.4587305832095584e-05
0.0005027574738844098,-0.00011600620290715558,0.02471706104674292,-0.015419785415234534,-0.016055558326488216,-1.4348166322410345e-05
0.0005046085106679471,-0.0001156603485755461,0.024531719385286567,-0.01530809708583012,-0.015931423475293152,-1.410980455070611e-05
0.000506443967377787,-0.00011531560001699914,0.024346835429804158,-0.015196605559651633,-0.015807669811074128,-1.3872221517269973e-05
0.000508263934562853,-0.00011497196870107352,0.0241624119066729,-0.015085313519726171,-0.015684298229037975,-1.3635418366633018e-05
0.0005100685022526,-0.00011462946580890077,0.023978451545043505,-0.0149742236470602,-0.015561309628420984,-1.3399396380240898e-05
0.0005118577599574394,-0.00011428810224206002,0.023794957078824824,-0.014863338621612304,-0.015438704913616836,-1.316415697046752e-05
0.0005136317966760448,-0.00011394788862661206,0.02361193124453633,-0.014752661121206203,-0.015316484993093155,-1.2929701674998118e-05
0.0005153907008949531,-0.00011360883531371605,0.023429376783348808,-0.01464219382260527,-0.015194650780566891,-1.2696032152124904e-05
0.0005171345605986167,-0.0001132709523848207,0.023247296437880188,-0.014531939399509083,-0.01507320319310366,-1.2463150169718341e-05
0.0005188634632631252,-0.00011293424965383436,0.023065692956888748,-0.014421900525403401,-0.014952143154056956,-1.2231057607886477e-05
0.0005205774958688402,-0.00011259873667226767,0.02288456909095643,-0.014312079870974378,-0.014831471590489203,-1.199975644705436e-05
0.000522276744900063,-0.00011226442273390771,0.022703927594496975,-0.014202480105160781,-0.01471118943434727,-1.1769248766432057e-05
0.0005239612963472896,-0.00011193131687452142,0.022523771226034977,-0.0140931038954413,-0.014591297622864671,-1.1539536738149449e-05
0.0005256312357126978,-0.00011159942787888726,0.02234410274775084,-0.013983953907363617,-0.014471797098108804,-1.1310622623455125e-05
0.0005272866480155083,-0.00011126876427973442,0.022164924923846394,-0.013875032803604782,-0.014352688806121588,-1.108250876414663e-05
0.0005289276177905309,-0.00011093933436718672,0.021986240523884995,-0.0137663432461059,-0.01423397369912825,-1.0855197586497772e-05
0.0005305542290973035,-0.00011061114618795328,0.02180805231954944,-0.013657887893741326,-0.014115652733276913,-1.0628691587734936e-05
0.0005321665655159317,-0.00011028420754796535,0.021630363088404256,-0.013549669404974358,-0.013997726871435532,-1.040299334100945e-05
0.0005337647101636928,-0.00010995852601867855,0.021453175607622266,-0.013441690433655439,-0.013880197078896301,-1.0178105481288644e-05
0.0005353487456822061,-0.00010963410893781271,0.021276492662141287,-0.013333953634148459,-0.01376306432879182,-9.954030711979895e-06
0.0005369187542542555,-0.00010931096341210058,0.02110031703788445,-0.013226461657245768,-0.01364632959784664,-9.730771795601499e-06
0.0005384748176034749,-0.00010898909632406015,0.020924651523830887,-0.013119217151142183,-0.01352999386759128,-9.508331549350126e-06
0.0005400170169892699,-0.00010866851432960421,0.020749498916362345,-0.01301222276439255,-0.013414058127333145,-9.286712849184472e-06
0.0005415454332291876,-0.00010834922386731421,0.02057486200976197,-0.01290548113972637,-0.013298523367976071,-9.065918614846132e-06
0.0005430601466817332,-0.00010803123115613565,0.020400743606569332,-0.01279899492066323,-0.013183390588818419,-8.845951818068536e-06
0.000544561237263962,-0.00010771454219952233,0.02022714651074673,-0.012692766747135204,-0.013068660793133378,-8.626815474213189e-06
0.0005460487844504278,-0.00010739916279263115,0.020054073529902985,-0.012586799256896014,-0.01295433498969178,-8.408512638581112e-06
0.0005475228672763762,-0.00010708509851819602,0.019881527475246394,-0.012481095085382712,-0.012840414192667857,-8.191046406653426e-06
0.0005489835643405468,-0.00010677235475445301,0.01970951116237457,-0.012375656866280895,-0.01272689942230669,-7.974419911259737e-06
0.0005504309538124158,-0.00010646093667692185,0.019538027409175932,-0.012270487230174137,-0.01261379170356523,-7.758636316586949e-06
0.0005518651134298292,-0.00010615084926099503,0.019367079038861167,-0.012165588806346758,-0.012501092068041734,-7.543698822261172e-06
0.0005532861205119732,-0.00010584209728114677,0.01919666887506592,-0.01206096421981863,-0.012388801550995943,-7.329610650141168e-06
0.0005546940519513842,-0.00010553468532208034,0.019026799748083658,-0.011956616095060553,-0.01227692119521217,-7.116375056076302e-06
0.0005560889842237158,-0.00010522861777367658,0.018857474491439662,-0.011852547053981394,-0.012165452049010053,-6.903995318185887e-06
0.0005574709933962473,-0.00010492389883496548,0.018688695939281314,-0.011748759714256433,-0.01205439516452496,-6.692474734896234e-06
0.0005588401551177468,-0.00010462053251868771,0.01852046693355154,-0.011645256693611189,-0.011943751602289754,-6.48181663050044e-06
0.0005601965446371554,-0.00010431852265681794,0.018352790316294575,-0.011542040605299878,-0.011833522426451117,-6.272024343177414e-06
0.0005615402367979709,-0.0001040178728928887,0.018185668934088996,-0.011439114060573043,-0.01172370870760154,-6.063101230433052e-06
0.0005628713060414409,-0.00010371858669646922,0.018019105638621476,-0.011336479669169845,-0.01161431152312047,-5.855050666123238e-06
0.0005641898264164096,-0.00010342066735723968,0.017853103282911852,-0.011234140036925022,-0.0115053319548755,-5.647876036096212e-06
0.0005654958715771767,-0.00010312411799289802,0.01768766472485484,-0.011132097767906914,-0.011396771091500496,-5.441580739272553e-06
0.0005667895147910236,-0.00010282894154781813,0.017522792824665533,-0.011030355462841682,-0.011288630026723846,-5.236168183438464e-06
0.0005680708289355073,-0.00010253514079563118,0.01735849044847454,-0.010928915721340117,-0.011180909861825648,-5.031641789624117e-06
0.0005693398865102322,-0.00010224271834423631,0.017194760463648505,-0.010827781139022675,-0.0110736117026153,-4.828004982850411e-06
0.0005705967596371726,-0.00010195167663528369,0.01703160574081678,-0.01072695430857636,-0.010966736660679929,-4.625261193848631e-06
0.0005718415200578039,-0.00010166201795001623,0.016869029157155754,-0.010626437821994775,-0.010860285855656671,-4.423413861980095e-06
0.000573074239147932,-0.00010137374440639512,0.016707033590210887,-0.010526234266648782,-0.01075426041126971,-4.222466427886563e-06
0.0005742949879139703,-0.00010108685796621827,0.016545621922102495,-0.010426346227784178,-0.010648661457967555,-4.022422335408626e-06
0.0005755038369957813,-0.00010080136043405779,0.01638479703940184,-0.010326776288614207,-0.010543490132993886,-3.823285029966447e-06
0.0005767008566731175,-0.0001005172534611536,0.016224561832058844,-0.010227527029411026,-0.010438747579615453,-3.625057959378013e-06
0.0005778861168730431,-0.00010023453854758786,0.01606491919101274,-0.010128601026278557,-0.010334434945755849,-3.427744565296753e-06
0.0005790596871620108,-9.995321704297025e-05,0.01590587201435421,-0.010030000854722842,-0.010230553387842128,-3.231348293779258e-06
0.0005802216367580507,-9.967329014987439e-05,0.015747423202708943,-0.009931729086883759,-0.010127104067959957,-3.035872585902704e-06
0.0005813720345365838,-9.939475892451529e-05,0.015589575657811584,-0.009833788290663182,-0.010024088152941896,-2.84132087827421e-06
0.0005825109490248027,-9.911762427953098e-05,0.015432332287721642,-0.009736181032844151,-0.009921506817715626,-2.647696604431843e-06
0.0005836384484110607,-9.884188698751697e-05,0.015275696003411011,-0.009638909877106383,-0.009819361243221313,-2.4550031921525455e-06
0.0005847546005479,-9.856754767989008e-05,0.015119669719001689,-0.009541977383959859,-0.009717652616439894,-2.2632440640956092e-06
0.0005858594729566504,-9.829460685220094e-05,0.014964256351373613,-0.00944538611072272,-0.00961638213037783,-2.0724226339833554e-06
0.000586953132824632,-9.802306486342716e-05,0.014809458823130476,-0.009349138613171467,-0.00951555098579285,-1.8825423111649758e-06
0.0005880356470177564,-9.775292193763604e-05,0.014655280058032629,-0.009253237442761094,-0.009415160388444855,-1.6936064939394738e-06
0.0005891070820752357,-9.748417816713914e-05,0.01450172298550242,-0.00915768514944431,-0.009315211551897896,-1.5056185732885722e-06
0.0005901675042211319,-9.721683351520804e-05,0.014348790536271807,-0.009062484278862349,-0.00921570569485684,-1.318581929034843e-06
0.0005912169793600786,-9.69508878174135e-05,0.01419648564687493,-0.008967637375246784,-0.009116644043972806,-1.1324999338441482e-06
0.0005922555730855375,-9.668634078056383e-05,0.014044811256453462,-0.008873146979316156,-0.009018027831893394,-9.47375947404341e-07
0.0005932833506850596,-9.642319198768356e-05,0.01389377030610718,-0.008779015627908315,-0.008919858296840917,-7.632133167152907e-07
0.0005943003771356252,-9.616144089844014e-05,0.013743365743223218,-0.00868524585668811,-0.008822136685410745,-5.800153812252897e-07
0.0005953067171139682,-9.590108685203318e-05,0.013593600517724548,-0.008591840197770423,-0.008724864250178247,-3.9778546573245727e-07
0.0005963024350005309,-9.564212906573201e-05,0.013444477581757265,-0.008498801179510192,-0.00862804224958626,-2.1652688106616e-07
0.0005972875948776654,-9.538456663925592e-05,0.013295999892352433,-0.00840613132816057,-0.008531671949578788,-3.624292582553052e-08
0.0005982622605348954,-9.512839855742045e-05,0.013148170410674266,-0.008313833167412453,-0.008435754623175752,1.4306311331467939e-07
0.0005992264954773924,-9.487362368991795e-05,0.0130009920991606,-0.00822190921659269,-0.00834029154870477,3.2138796658589923e-07
0.0006001803629187787,-9.462024079089255e-05,0.012854467926981016,-0.008130361994092582,-0.008245284013310749,4.987283757087405e-07
0.0006011239257977652,-9.436824850447487e-05,0.012708600863168686,-0.008039194012952736,-0.008150733308458226,6.750811014255998e-07
0.0006020572467692404,-9.411764536538126e-05,0.012563393883228295,-0.007948407785166093,-0.008056640734380902,8.504429150382438e-07
0.0006029803882147967,-9.386842979418244e-05,0.012418849964897834,-0.007858005818898119,-0.007963007597238616,1.0248106058719994e-06
0.0006038934122435397,-9.362060011313886e-05,0.012274972089942241,-0.007767990619583523,-0.007869835210297115,1.1981809790648484e-06
0.0006047963806964084,-9.337415452963238e-05,0.012131763243412589,-0.007678364689597279,-0.007777124893592714,1.3705508549126779e-06
0.0006056893551491589,-9.312909115310238e-05,0.011989226413712853,-0.007589130528141018,-0.007684877973811818,1.5419170715007475e-06
0.0006065723969147532,-9.288540798559324e-05,0.011847364593333755,-0.007500290631757943,-0.007593095784939387,1.7122764816020035e-06
0.0006074455670481854,-9.264310292928825e-05,0.011706180777694683,-0.007411847493593867,-0.007501779667422549,1.8816259578481815e-06
0.0006083089263482559,-9.240217378879076e-05,0.011565677966416405,-0.0073238036042762985,-0.00741093096912904,2.049962386413244e-06
0.0006091625353625013,-9.216261826419572e-05,0.011425859161862941,-0.007236161450754017,-0.007320551044199555,2.217282674202509e-06
0.0006100064543883245,-9.19244339622656e-05,0.01128672737085211,-0.007148923517764631,-0.0072306412544955985,2.3835837436239756e-06
0.0006108407434775342,-9.168761839181954e-05,0.01114828560339342,-0.00706209228656446,-0.0071412029684499445,2.5488625353125996e-06
0.0006116654624416138,-9.145216896837716e-05,0.011010536872099179,-0.006975670234931311,-0.007052237560996437,2.7131160089713087e-06
0.0006124806708503085,-9.12180830106241e-05,0.010873484194307122,-0.006889659838352668,-0.0069637464147424685,2.8763411414944656e-06
0.0006132864280362064,-9.098535774700739e-05,0.010737130591592784,-0.0068040635696727265,-0.006875730919805409,3.0385349268821074e-06
0.0006140827931034999,-9.075399031428441e-05,0.010601479086585444,-0.00671888389720358,-0.006788192471682611,3.1996943805584314e-06
0.0006148698249224364,-9.0523977758032e-05,0.010466532707875287,-0.006634123287655771,-0.006701132474478006,3.359816534624291e-06
0.0006156475821404185,-9.029531703741954e-05,0.010332294485409142,-0.006549784203431389,-0.006614552337970203,3.518898440749846e-06
0.0006164161231760205,-9.006800502295124e-05,0.01019876745603369,-0.006465869105948545,-0.00652845348110487,3.6769371666847336e-06
0.0006171755062356735,-8.984203849634817e-05,0.010065954655344666,-0.0063823804505583615,-0.006442837326828511,3.8339298053621145e-06
0.0006179257893002215,-8.961741415672905e-05,0.009933859127396732,-0.0062993206927203374,-0.006357705308347094,3.9898734618607065e-06
0.0006186670301435215,-8.939412861885647e-05,0.009802483916110077,-0.006216692282520974,-0.006273058863605654,4.144765264564804e-06
0.0006193992863243156,-8.917217841040645e-05,0.009671832070902256,-0.006134497668222946,-0.006188899438863869,4.2986023604367225e-06
0.0006201226151947696,-8.895155998348264e-05,0.009541906644758355,-0.006052739295115378,-0.0061052284875483965,4.45138191373809e-06
0.0006208370739041863,-8.873226970160502e-05,0.009412710692614384,-0.005971419604428938,-0.00602204746918974,4.60310111251598e-06
0.0006215427193986991,-8.851430385611349e-05,0.00928424727440038,-0.005890541035226197,-0.005939357851305522,4.753757158945378e-06
0.0006222396084261719,-8.829765865214258e-05,0.00915651945322421,-0.005810106023414864,-0.005857161108426121,4.903347280098562e-06
0.0006229277975399788,-8.808233022197451e-05,0.009029530295249237,-0.00573011700144459,-0.005775458721833357,5.051868717801853e-06
0.000623607343098987,-8.786831461877857e-05,0.008903282871634019,-0.005650576399774028,-0.005694252180906155,5.1993187357250985e-06
0.0006242783012751048,-8.765560781981516e-05,0.008777780255411847,-0.005571486644737828,-0.005613542981166052,5.345694617067882e-06
0.0006249407280540453,-8.744420572740115e-05,0.00865302552353944,-0.005492850159853794,-0.0055333326254409865,5.490993666045852e-06
0.0006255946792373318,-8.723410417146339e-05,0.008529021756831236,-0.005414669365915873,-0.005453622624048942,5.6352132043631636e-06
0.0006262402104451117,-8.702529890568331e-05,0.008405772040222219,-0.00533694668094671,-0.005374414494712459,5.778350573506e-06
0.0006268773771222778,-8.681778561264383e-05,0.008283279461047555,-0.005259684519409923,-0.005295709761763082,5.920403136772307e-06
0.0006275062345381841,-8.661155990590148e-05,0.008161547111079012,-0.005182885293183293,-0.005217509957123021,6.0613682746118915e-06
0.0006281268377914507,-8.640661732598962e-05,0.00804057808514267,-0.005106551410898028,-0.005139816619685241,6.20124338888018e-06
0.0006287392418129879,-8.620295334363544e-05,0.007920375481120278,-0.005030685277935346,-0.0050626312952277925,6.340025901822974e-06
0.0006293435013666703,-8.600056336463633e-05,0.007800942401499556,-0.0049552892972793096,-0.004985955537306012,6.477713253542124e-06
0.0006299396710533816,-8.579944272366167e-05,0.007682281952343923,-0.004880365869075934,-0.004909790906806867,6.614302904170226e-06
0.0006305278053171397,-8.559958668790703e-05,0.0075643972418887465,-0.004805917389485707,-0.004834138970795786,6.749792335342857e-06
0.0006311079584420571,-8.540099046001458e-05,0.007447291383441329,-0.004731946252829277,-0.004759001304650738,6.884179045470802e-06
0.0006316801845590755,-8.520364917698718e-05,0.007330967493557168,-0.004658454850188132,-0.004684379490638882,7.017460554378167e-06
0.0006322445376524764,-8.500755790947796e-05,0.007215428689830014,-0.004585445568144772,-0.004610275116667891,7.14963440409395e-06
0.0006328010715489401,-8.481271166779422e-05,0.007100678098641514,-0.004512920793696598,-0.0045366897811857,7.280698149260108e-06
0.000633349839938865,-8.461910539640793e-05,0.006986718844703232,-0.004440882907579561,-0.004463625086495499,7.410649370371289e-06
0.000633890896365994,-8.442673398011049e-05,0.0068735540587915745,-0.004369334289209133,-0.0043910826436536375,7.5394856656753025e-06
0.0006344242942340782,-8.423559223939402e-05,0.00676118687505147,-0.004298277315034988,-0.004319064070862292,7.66720465237669e-06
0.0006349500868101882,-8.40456749345176e-05,0.006649620431041771,-0.004227714358487822,-0.004247570993378249,7.793803966069253e-06
0.0006354683272274555,-8.385697676741889e-05,0.006538857867856402,-0.004157647790102076,-0.004176605043596792,7.919281263836769e-06
0.0006359790684876011,-8.366949237851098e-05,0.006428902329832028,-0.004088079977410362,-0.004106167860957957,8.043634220547937e-06
0.0006364823634650998,-8.34832163527548e-05,0.006319756964200811,-0.004019013284584307,-0.004036261091585369,8.166860531978563e-06
0.0006369782649032099,-8.32981432130923e-05,0.006211424924358209,-0.003950450074717455,-0.003966886390505475,8.28895791042737e-06
0.0006374668254278955,-8.311426742843488e-05,0.0061039093641275894,-0.003882392705993559,-0.0038980454178142447,8.409924089771955e-06
0.0006379480975409245,-8.29315834101809e-05,0.005997213442622911,-0.003814843534954531,-0.003829739841961339,8.52975682235431e-06
0.000638422133626583,-8.275008551236491e-05,0.005891340322249602,-0.0037478049151731074,-0.0037619713383209193,8.648453877911806e-06
0.0006388889859542897,-8.256976803497611e-05,0.005786293168749794,-0.0036812791972703203,-0.0036947415892708956,8.766013047879838e-06
0.0006393487066805096,-8.239062522402002e-05,0.005682075151506624,-0.0036152687291230354,-0.003628052284361554,8.88243214000313e-06
0.000639801347852443,-8.221265126868386e-05,0.005578689442795511,-0.0035497758555087886,-0.003561905119862451,8.99770898279452e-06
0.0006402469614075952,-8.203584030850707e-05,0.00547613921992044,-0.003484802919382772,-0.003496301800087055,9.11184142225231e-06
0.0006406855991796873,-8.186018642661417e-05,0.005374427662893419,-0.0034203522603990727,-0.003431244035867879,9.224827322076249e-06
0.0006411173129018903,-8.168568365735356e-05,0.005273557954424236,-0.003356426214992083,-0.003366733544634846,9.336664568072319e-06
0.0006415421542048639,-8.151232598050621e-05,0.005173533282053505,-0.0032930271177098783,-0.0033027720516493873,9.44735105981153e-06
0.0006419601746233653,-8.134010732551312e-05,0.005074356836172588,-0.0032301573000254615,-0.0032393612888351104,9.556884720029525e-06
0.0006423714255956328,-8.116902157166359e-05,0.00497603181186649,-0.0031678190913863695,-0.0031765029958330305,9.66526348439474e-06
0.0006427759584722769,-8.099906255063221e-05,0.004878561404965366,-0.0031060148169396035,-0.003114198917584115,9.772485312617039e-06
0.0006431738245076674,-8.083022403957123e-05,0.004781948818483654,-0.003044746801435994,-0.003052450808318938,9.878548177747067e-06
0.0006435650748724842,-8.06624997715076e-05,0.004686197257051375,-0.0029840173658448625,-0.0029912604280733367,9.98345007239556e-06
0.0006439497606550991,-8.049588342879527e-05,0.0045913099272029394,-0.00292382882746655,-0.002930629542761476,1.0087189010064422e-05
0.000644327932855008,-8.033036864568688e-05,0.004497290042741626,-0.002864183503477005,-0.0028705599277199945,1.0189763016489693e-05
0.000644699642396131,-8.016594901045192e-05,0.004404140818558205,-0.0028050837068954184,-0.002811053363594815,1.0291170139008839e-05
0.0006450649401241959,-8.00026180644859e-05,0.004311865473238649,-0.0027465317483679227,-0.0027521116381060903,1.0391408441734972e-05
0.0006454238768089759,-7.984036930158527e-05,0.0042204672292069385,-0.0026885299361446495,-0.002693736546028301,1.0490476006691138e-05
0.0006457765031467259,-7.967919617133442e-05,0.004129949313095817,-0.002631080576569294,-0.0026359298895294253,1.0588370932077765e-05
0.0006461228697639706,-7.951909207624258e-05,0.004040314954047961,-0.002574185972748724,-0.00257869347690322,1.0685091334712007e-05
0.0006464630272184074,-7.936005037656457e-05,0.00395156738561014,-0.0025178484259325367,-0.0025220291238868095,1.0780635347504264e-05
0.000646797026002609,-7.92020643860334e-05,0.003863709844020708,-0.0024620702345415006,-0.002465938652568271,1.0875001120740904e-05
0.0006471249165442324,-7.904512737343713e-05,0.003776745569636992,-0.0024068536948254585,-0.0024104238920807444,1.0968186822968209e-05
0.0006474467492117739,-7.88892325692455e-05,0.0036906778054158554,-0.0023522011001870925,-0.0023554866778673286,1.106019063959083e-05
0.0006477625743092346,-7.873437315655211e-05,0.003605509800525727,-0.002298114743413292,-0.002301128853791944,1.1151010768168084e-05
0.0006480724420895061,-7.858054227459846e-05,0.0035212448043073262,-0.0022445969127467386,-0.002247352268293385,1.1240645430246068e-05
0.0006483764027474287,-7.842773302639116e-05,0.0034378860716208384,-0.0021916498955526255,-0.002194158777828132,1.1329092857951715e-05
0.0006486745064262895,-7.827593846625527e-05,0.0033554368600120944,-0.002139275976297243,-0.002141550244979641,1.1416351304425099e-05
0.0006489668032181314,-7.812515161398966e-05,0.0032739004311989387,-0.002087477437705484,-0.002089528539410133,1.1502419035215204e-05
0.0006492533431654039,-7.7975365443822e-05,0.00319328005094726,-0.0020362565606029184,-0.002038095537745945,1.1587294333024502e-05
0.0006495341762676637,-7.782657289079429e-05,0.003113578986735364,-0.0019856156225010317,-0.0019872531220402035,1.1670975498980505e-05
0.0006498093524777242,-7.767876685039424e-05,0.0030348005108390697,-0.0019355568995896616,-0.0019370031817880719,1.1753460847793826e-05
0.0006500789217063925,-7.75319401796603e-05,0.0029569478993759215,-0.0018860826661700335,-0.0018873476131892068,1.1834748710172266e-05
0.0006503429338255739,-7.738608569212574e-05,0.0028800244308124882,-0.0018371951936970129,-0.0018382883182301475,1.1914837434127815e-05
0.0006506014386667338,-7.724119616955936e-05,0.0028040333890526647,-0.0017888967528066103,-0.0017898272066105753,1.1993725380545417e-05
0.000650854486028946,-7.709726434878498e-05,0.002728978059090262,-0.00174118961058447,-0.0017419661929558028,1.2071410929499738e-05
0.0006511021256738448,-7.695428293179232e-05,0.002654861731441775,-0.0016940760333878828,-0.001694707199544416,1.214789247294863e-05
0.0006513444073332815,-7.681224458117638e-05,0.0025816876989110055,-0.00164755828489413,-0.001648052154318111,1.2223168419959627e-05
0.0006515813807058119,-7.667114192380902e-05,0.00250945925947365,-0.0016016386278899486,-0.0016020029926300421,1.2297237192928799e-05
0.0006518130954653227,-7.653096754916058e-05,0.0024381797127117667,-0.0015563193220432116,-0.0015565616548990028,1.2370097231452536e-05
0.0006520396012585218,-7.639171400966854e-05,0.002367852362291149,-0.0015116026255747052,-0.0015117300882670501,1.2441746989409102e-05
0.0006522609477039932,-7.625337382154498e-05,0.0022984805172542315,-0.0014674907960856704,-0.0014675102472725724,1.2512184932961961e-05
0.0006524771844042669,-7.611593946523377e-05,0.002230067486614475,-0.0014239860871313077,-0.001423904090440969,1.2581409546217476e-05
0.0006526883609339326,-7.597940338603497e-05,0.0021626165868152488,-0.001381090752998148,-0.0013809135849588332,1.2649419325939525e-05
0.0006528945268549132,-7.584375799324188e-05,0.002096131134334615,-0.0013388070441584324,-0.0013385407020152056,1.2716212783730053e-05
0.0006530957317059809,-7.570899566300849e-05,0.0020306144524979523,-0.0012971372114577169,-0.0012967874209407026,1.2781788443449538e-05
0.0006532920250145087,-7.557510873394853e-05,0.0019660698658879048,-0.0012560835027394552,-0.001255655725796565,1.284614484468676e-05
0.0006534834562943111,-7.544208951302568e-05,0.001902500702410103,-0.001215648164098004,-0.001215147606486868,1.2909280542439615e-05
0.000653670075042055,-7.53099302718491e-05,0.0018399102964210818,-0.0011758334420366766,-0.001175265060854018,1.2971194101794392e-05
0.000653851930751135,-7.517862324933969e-05,0.001778301981823972,-0.001136641578950136,-0.0011360100901075378,1.3031884104775654e-05
0.0006540290729020631,-7.504816065259916e-05,0.0017176790985692625,-0.0010980748174882877,-0.0010973847030470317,1.3091349144402965e-05
0.0006542015509666409,-7.491853464971533e-05,0.0016580449905848596,-0.0010601353990691929,-0.0010593909145997704,1.3149587828067207e-05
0.0006543694144155695,-7.478973738435715e-05,0.0015994030033777266,-0.0010228255626673261,-0.001022030744355734,1.3206598775762027e-05
0.0006545327127141198,-7.466176096183191e-05,0.0015417564865338107,-0.0009861475461291898,-0.0009853062179496638,1.3262380622518092e-05
0.0006546914953214101,-7.453459745932183e-05,0.0014851087956864947,-0.0009501035877753675,-0.000949219368522774,1.3316932011109002e-05
0.0006548458117027938,-7.440823891680798e-05,0.0014294632854304767,-0.0009146959216977432,-0.0009137722318858032,1.3370251604994071e-05
0.000654995711317912,-7.4282677349621e-05,0.0013748233181502445,-0.0008799267836239976,-0.0008789668523331613,1.3422338072714484e-05
0.0006551412436312531,-7.415790473654267e-05,0.0013211922578956036,-0.0008457984068263526,-0.0008448052785137778,1.3473190098585268e-05
0.0006552824581127387,-7.40339130291777e-05,0.0012685734713790357,-0.0008123130231129969,-0.0008112895641805925,1.3522806379644668e-05
0.000655419404233104,-7.391069414718846e-05,0.0012169703312614722,-0.0007794728646624106,-0.0007784217701018485,1.3571185622615351e-05
0.0006555521314735419,-7.378823997808946e-05,0.0011663862114658467,-0.000747280161276396,-0.00074620396107801,1.3618326549086237e-05
0.0006556806893204877,-7.366654238085638e-05,0.001116824490840451,-0.0007157371427606366,-0.0007146382082913391,1.3664227890405043e-05
0.0006558051272716558,-7.354559318572488e-05,0.0010682885507260526,-0.0006848460372662159,-0.000683726587569844,1.3708888390446356e-05
0.0006559254948326507,-7.342538419255126e-05,0.0010207817775797735,-0.00065460907323052,-0.0006534711811140681,1.375230680388808e-05
0.0006560418415227513,-7.330590717045168e-05,0.0009743075601585752,-0.0006250284775055925,-0.0006238740756675942,1.3794481896753212e-05
0.0006561542168770826,-7.318715385991846e-05,0.0009288692891466013,-0.0005961064751247593,-0.0005949373621084126,1.383541244914094e-05
0.0006562626704368227,-7.306911597744839e-05,0.0008844703639501919,-0.000567845293850804,-0.0005666631398425709,1.3875097245698688e-05
0.000656367251767773,-7.29517852044205e-05,0.000841114181867504,-0.0005402471571746103,-0.0005390535098163972,1.3913535088008137e-05
0.0006564680104482254,-7.28351531968938e-05,0.0007988041462966879,-0.0005133142896733671,-0.0005121105796185529,1.395072478690073e-05
0.0006565649960727457,-7.271921158436695e-05,0.0007575436652704006,-0.0004870489161523521,-0.0004858364626224943,1.3986665160870947e-05
0.0006566582582591797,-7.260395196499129e-05,0.0007173361476878759,-0.00046145325920575594,-0.0004602332754443755,1.4021355042479378e-05
0.0006567478466426334,-7.248936591318107e-05,0.000678185008036093,-0.000436529542429913,-0.0004353031409070944,1.405479327147032e-05
0.000656833810880144,-7.23754449744778e-05,0.0006400936635167278,-0.0004122799884362113,-0.0004110481861163897,1.4086978700093042e-05
0.0006569162006512312,-7.226218066847933e-05,0.000603065535082364,-0.00038870681986740633,-0.0003874705432032813,1.4117910187490062e-05
0.0006569950656586163,-7.214956448422811e-05,0.0005671040470528415,-0.00036581225891910857,-0.00036457234881905244,1.4147586606542148e-05
0.0006570704556290775,-7.203758788881104e-05,0.000532212627547564,-0.00034359852783207316,-0.00034235574452107334,1.4176006836409878e-05
0.0006571424203147651,-7.192624232368536e-05,0.0004983947083060225,-0.0003220678487827366,-0.0003208228764446303,1.4203169765868856e-05
0.0006572110094950296,-7.181551919842929e-05,0.00046565372364565507,-0.0003012224434118238,-0.00029997589479849914,1.4229074293965662e-05
0.0006572762729737415,-7.170540990134727e-05,0.00043399311325853794,-0.00028106453441620127,-0.0002798169553105296,1.4253719328236611e-05
0.0006573382605854764,-7.159590579470815e-05,0.0004034163186466914,-0.00026159634363641404,-0.00026034821712389003,1.4277103784489506e-05
0.0006573970221918771,-7.1486998214524e-05,0.00037392678587626734,-0.000242820093573046,-0.0002415718443291232,1.4299226587918086e-05
0.0006574526076865644,-7.137867847318343e-05,0.0003455279633118114,-0.00022473800629094247,-0.00022349000457106162,1.4320086673106909e-05
0.0006575050669894892,-7.127093785587284e-05,0.00031822330490604157,-0.00020735230540186867,-0.00020610487102203076,1.4339682979004446e-05
0.0006575544500542927,-7.116376762375965e-05,0.00029201626703853075,-0.00019066521418402313,-0.00018941862027316007,1.4358014457638117e-05
0.0006576008068691616,-7.105715901587623e-05,0.00026691030798128883,-0.00017467895525410124,-0.00017343343200515538,1.4375080066367338e-05
0.0006576441874490163,-7.095110324345944e-05,0.00024290889277742977,-0.0001593957537934078,-0.0001581514919329247,1.4390878769740979e-05
0.0006576846418454629,-7.084559149768323e-05,0.00022001548814658468,-0.00014481783445456571,-0.00014357498863295495,1.4405409540952686e-05
0.0006577192161660241,-7.07408610978958e-05,0.00020194786331856516,-0.00013126140530077463,-0.0001313033431711373,1.4418311592063115e-05
0.0006577515152916822,-7.063661192712595e-05,0.00018441838570122407,-0.00011836595666573838,-0.00011949346035296844,1.442998566890028e-05
0.0006577815407723083,-7.053283875531769e-05,0.00016747381462743754,-0.00010613737133507891,-0.00010816615896721326,1.4440429275242635e-05
0.0006578092964471974,-7.042953620713284e-05,0.00015115945050962908,-9.458141114627154e-05,-9.734163218216571e-05,1.4449639788426485e-05
0.0006578347883721886,-7.032669876620799e-05,0.00013551918250190003,-8.370371843352504e-05,-8.70394669325475e-05,1.445761447680348e-05
0.0006578580247344442,-7.022432077040917e-05,0.00012059554131108623,-7.350982215846135e-05,-7.727866735066803e-05,1.4464350508248676e-05
0.0006578790157787866,-7.012239641835272e-05,0.00010642974779948779,-6.400514203815571e-05,-6.807767558623954e-05,1.4469844959080595e-05
0.0006578977737403277,-7.002091976531042e-05,9.306175565337003e-05,-5.5194990175833525e-05,-5.945438948996569e-05,1.4474094830447637e-05
0.0006579143127622023,-6.99198847299758e-05,8.053030369940596e-05,-4.708457937093157e-05,-5.142618638258401e-05,1.4477097044517107e-05
0.0006579286488425297,-6.981928508923135e-05,6.887295072973385e-05,-3.9679021565812596e-05,-4.4009936516478914e-05,1.4478848468332545e-05
0.0006579407997565991,-6.971911447844256e-05,5.8126124422892025e-05,-3.298333588035103e-05,-3.722202538929886e-05,1.447934590960724e-05
0.0006579507850011399,-6.961936640465741e-05,4.832515847524815e-05,-2.7002449858693736e-05,-3.107836899529598e-05,1.4478586128787059e-05
0.000657958625734156,-6.952003423410947e-05,3.950433017097647e-05,-2.1741202173748426e-05,-2.5594429844587434e-05,1.4476565848806208e-05
0.0006579643447090244,-6.942111120027128e-05,3.169690312411646e-05,-1.7204348953152716e-05,-2.078523619889171e-05,1.4473281753857965e-05
0.0006579679662283199,-6.932259040416753e-05,2.4935157184689402e-05,-1.3396563027008904e-05,-1.6665393754444757e-05,1.4468730502876625e-05
0.000657969516081855,-6.922446481865286e-05,1.9250428545343228e-05,-1.0322440072615719e-05,-1.3249103736613264e-05,1.446290873175079e-05
0.0006579690214971166,-6.912672728214605e-05,1.4673140808740522e-05,-7.986499954656045e-06,-1.0550175879002211e-05,1.4455813056284974e-05
0.0006579687053182618,-6.902919068299106e-05,9.858541054088523e-06,-6.3931863642423346e-06,-8.58213633327733e-06,1.4447440075897712e-05
0.0006579623715889148,-6.89323578619231e-05,8.816801246718437e-06,-5.54689155424855e-06,-7.357813724409099e-06,1.4437786415085895e-05
0.0006579559253489763,-6.883573952090345e-05,7.741152157839538e-06,-5.326624104467104e-06,-6.764843711189466e-06,1.4427064722072119e-05
0.0006579494273490109,-6.873932602907695e-05,6.69238993163929e-06,-5.237540265378771e-06,-6.3122747559307254e-06,1.637659044921092e-05
0.0006579429190514118,-6.864310905474891e-05,5.661188480752728e-06,-5.165447083042634e-06,-5.868497817471991e-06,2.806939150950844e-05
0.0006579365401466992,-6.854707227294324e-05,4.5460507472081725e-06,-5.104589302410442e-06,-5.390102359388099e-06,5.130406718479707e-05
0.0006579304505922242,-6.845119764306226e-05,3.230464657028339e-06,-5.044796339720946e-06,-4.8269635240402975e-06,8.590485850864832e-05
0.0006579248016351241,-6.835546775009905e-05,1.6038791108555298e-06,-4.976405036460766e-06,-4.131519747528719e-06,0.00013169689591241212
0.0006579197361453247,-6.825986579619275e-05,-4.3851346328452365e-07,-4.89024177051351e-06,-3.2586791686389954e-06,0.0001885061990371705
0.0006579153889340618,-6.816437558789142e-05,-2.9959854140237246e-06,-4.777605294041477e-06,-2.1657299401052918e-06,0.00025615967657185556
0.0006579118870597808,-6.806898152859637e-05,-6.162473424840714e-06,-4.630250270732945e-06,-8.122542641878875e-07,0.00033448512607404837
0.0006579060994338257,-6.797393503072367e-05,-5.920403431996996e-06,-4.7875286947200225e-06,-9.257938708489342e-07,0.00042331084445944864
0.0006579008699461841,-6.787899782015761e-05,-5.687839065332539e-06,-4.9601795799199245e-06,-1.0365494950293489e-06,0.0005224667079093637
0.0006578962588238034,-6.778415939693878e-05,-5.464407126392896e-06,-5.147946832589217e-06,-1.1446585062067462e-06,0.0006317831701948025
0.0006578923251141729,-6.768940931452076e-05,-5.249749066100538e-06,-5.350579071705891e-06,-1.25025225973539e-06,0.0007510915737660699
0.0006578891266864976,-6.759473719005274e-05,-5.043520413855793e-06,-5.567829870162602e-06,-1.353456354657188e-06,0.0008802241496615283
0.0006578867202323117,-6.750013270991756e-05,-4.84539022622369e-06,-5.799457969101352e-06,-1.454390881955206e-06,0.0010190140174594848
0.0006578851612645512,-6.740558563579895e-05,-4.655040552223031e-06,-6.045227469284281e-06,-1.5531706608074605e-06,0.001167295185217639
0.0006578845041165759,-6.731108580605456e-05,-4.47216592430343e-06,-6.304907974656886e-06,-1.6499054642693472e-06,0.0013249025494412201
0.0006578848019414851,-6.721662314729867e-05,-4.296472867521717e-06,-6.578274716046871e-06,-1.7447002386550955e-06,0.0014916718950594154
0.0006578861067100358,-6.712218767127888e-05,-4.1276794327656714e-06,-6.865108650953031e-06,-1.837655310362213e-06,0.001667439895396708
0.0006578884692085719,-6.702776948700265e-05,-3.965514738645271e-06,-7.165196527899589e-06,-1.9288665820398584e-06,0.0018520441121637242
0.0006578919390369212,-6.693335879950826e-05,-3.809718539414039e-06,-7.47833093753871e-06,-2.018425726036693e-06,0.0020453229954668336
0.000657896564605975,-6.683894592111016e-05,-3.6600408053014385e-06,-7.804310337565523e-06,-2.106420366931833e-06,0.002247115883798904
0.0006579023931346564,-6.674452126756783e-05,-3.5162413282238457e-06,-8.142939047481854e-06,-2.19293425293826e-06,0.0024572630040642007
0.0006579094706465608,-6.665007536737957e-05,-3.3780893259241943e-06,-8.494027241150474e-06,-2.2780474235033055e-06,0.002675605471598172
0.0006579178419679455,-6.655559886638383e-05,-3.2453630804025137e-06,-8.857390906027193e-06,-2.361836370979333e-06,0.0029019852901895284
0.0006579275507232532,-6.646108252952518e-05,-3.117849576211428e-06,-9.2328517908557e-06,-2.444374191685037e-06,0.003136245352123911
0.0006579386393325261,-6.636651724259424e-05,-2.9953441628974245e-06,-9.620237340426452e-06,-2.5257307332485913e-06,0.0033782294382134407
0.000657951149008197,-6.627189402354152e-05,-2.8776502247470846e-06,-1.0019380612123904e-05,-2.605972734113543e-06,0.003627782217847711
0.0006579651197512958,-6.617720401859949e-05,-2.7645788657003112e-06,-1.0430120172431163e-05,-2.6851639571705125e-06,0.003884749249050628
0.0006579805903483226,-6.608243850982944e-05,-2.6559486028732217e-06,-1.0852299998683607e-05,-2.7633653194564755e-06,0.004148976978521255
0.0006579975983677081,-6.59875889167565e-05,-2.5515850834438457e-06,-1.1285769347937826e-05,-2.8406350144952997e-06,0.004420312741706384
0.0006580161801571415,-6.58926468002103e-05,-2.451320795044145e-06,-1.1730382630174233e-05,-2.9170286300756084e-06,0.004698604762861816
0.0006580363708400776,-6.579760386503635e-05,-2.35499480433783e-06,-1.2185999267674472e-05,-2.9925992616203226e-06,0.004983702155120597
0.0006580582043128717,-6.570245196429493e-05,-2.2624524964373337e-06,-1.2652483539629493e-05,-3.0673976178114442e-06,0.005275454920555978
0.0006580817132419458,-6.560718310172874e-05,-2.1735453259888237e-06,-1.3129704427145646e-05,-3.141472127594999e-06,0.005573713950273511
0.0006581069290613508,-6.551178943404925e-05,-2.088130578505736e-06,-1.3617535441663557e-05,-3.214869036743037e-06,0.005878331024472239
0.0006581338819705033,-6.541626327637509e-05,-2.0060711432106823e-06,-1.4115854466206106e-05,-3.287632503848892e-06,0.006189158812535229
0.0006581626009313758,-6.532059709958658e-05,-1.9272352929810916e-06,-1.4624543556067751e-05,-3.3598046890434625e-06,0.006506050873108085
0.000658193113667262,-6.522478353962295e-05,-1.851496469717536e-06,-1.514348877182793e-05,-3.431425844265343e-06,0.006828861654184202
0.0006582254466610121,-6.512881539258095e-05,-1.778733087607896e-06,-1.5672579983832386e-05,-3.5025343931012006e-06,0.007157446493195138
0.0006582596251537323,-6.503268562664012e-05,-1.708828329474082e-06,-1.6211710679653606e-05,-3.5731670141618137e-06,0.007491661617090706
0.0006582956731433579,-6.493638737324527e-05,-1.6416699676654396e-06,-1.6760777770994306e-05,-3.643358714402446e-06,0.007831364142441299
0.0006583336133844406,-6.483991393928246e-05,-1.5771501784754794e-06,-1.731968139514025e-05,-3.71314290354742e-06,0.008176412075515236
0.0006583734673879498,-6.47432588012824e-05,-1.5151653709036665e-06,-1.7888324709618598e-05,-3.7825514640953167e-06,0.00852666431238282
0.0006584152554209388,-6.464641561576296e-05,-1.455616022012492e-06,-1.84666136969571e-05,-3.851614819651691e-06,0.008881980638995772
0.0006584589965071698,-6.45493782127542e-05,-1.3984065136318294e-06,-1.9054456955996924e-05,-3.920361996370561e-06,0.009242221731295812
0.0006585047084277075,-6.44521406007936e-05,-1.343444985234824e-06,-1.9651765498377393e-05,-3.988820684941069e-06,0.009607249155294881
0.0006585524077225512,-6.435469697227414e-05,-1.2906431765632675e-06,-2.025845254537774e-05,-4.057017302863989e-06,0.009976925367167521
0.0006586021096921227,-6.425704170071392e-05,-1.2399162958765155e-06,-2.087443332195822e-05,-4.124977045655889e-06,0.010351113713361572
0.0006586538283997424,-6.415916934542076e-05,-1.1911828796148002e-06,-2.149962485420003e-05,-4.192723946527101e-06,0.010729678430667097
0.0006587075766729516,-6.406107464970376e-05,-1.144364660601456e-06,-2.213394576353327e-05,-4.2602809206457575e-06,0.011112484646324307
0.0006587633661079699,-6.39627525419505e-05,-1.0993864453892388e-06,-2.277731606705445e-05,-4.327669819945082e-06,0.011499398378111973
0.0006588212070724228,-6.386419814402491e-05,-1.0561759903103354e-06,-2.3429656974617932e-05,-4.394911479598547e-06,0.011890286534432684
0.0006588811087092643,-6.376540676232643e-05,-1.0146638900555064e-06,-2.4090890691552246e-05,-4.4620257607100144e-06,0.012285016914408775
0.0006589430789416463,-6.366637389800499e-05,-9.74783460700944e-07,-2.4760940223949777e-05,-4.5290315946534175e-06,0.012683458207965789
0.0006590071244768065,-6.356709524074633e-05,-9.364706385288718e-07,-2.5439729180257718e-05,-4.595947023296648e-06,0.013085479995922536
0.0006590732508128753,-6.346756667393455e-05,-8.996638724443508e-07,-2.612718158431863e-05,-4.66278924020896e-06,0.013490952750073296
0.0006591414622435284,-6.336778427598957e-05,-8.643040289457016e-07,-2.6823221683844062e-05,-4.729574624131511e-06,0.013899747833273137
0.0006592117618647832,-6.326774431897244e-05,-8.303342929516323e-07,-2.752777376632099e-05,-4.796318778746826e-06,0.014311737499518579
0.0006592841515820117,-6.316744326530059e-05,-7.977000830815836e-07,-2.8240761977461014e-05,-4.863036563240967e-06,0.014726794894030847
0.0006593586321171482,-6.306687777942171e-05,-7.663489570265355e-07,-2.8962110144480828e-05,-4.929742126186031e-06,0.015144794053327089
0.000659435203016374,-6.296604471908804e-05,-7.36230531689554e-07,-2.969174159698075e-05,-4.9964489355561325e-06,0.015565609905301743
0.0006595138626588176,-6.286494113575021e-05,-7.072964032685448e-07,-3.0429579002406136e-05,-5.063169808369817e-06,0.015989118269292633
0.0006595946082653392,-6.276356428297405e-05,-6.79500064357964e-07,-3.11755441970161e-05,-5.129916937768832e-06,0.01641519585616347
0.0006596774359072551,-6.266191160523432e-05,-6.527968348146667e-07,-3.192955802286e-05,-5.19670191867068e-06,0.016843720268351837
0.000659762340517368,-6.255998074747651e-05,-6.271437886824962e-07,-3.2691540174568543e-05,-5.263535773184913e-06,0.017274569999962512
0.0006598493158993263,-6.245776955202988e-05,-6.024996838213987e-07,-3.346140904194494e-05,-5.3304289743136225e-06,0.017707624436800913
0.0006599383547384616,-6.235527605246566e-05,-5.788248968577795e-07,-3.423908156181902e-05,-5.397391466311146e-06,0.018142763856452623
0.0006600294486142626,-6.225249848785738e-05,-5.560813592471358e-07,-3.5024473081891785e-05,-5.464432688593076e-06,0.01857986942833002
0.000660122588010595,-6.214943528744157e-05,-5.342324961467402e-07,-3.5817497215049135e-05,-5.531561593100428e-06,0.019018823213734506
0.0006602177623287475,-6.204608507695986e-05,-5.132431673433603e-07,-3.661806570654121e-05,-5.598786661894861e-06,0.019459508165898278
0.0006603149599003386,-6.194244667918555e-05,-4.930796142908368e-07,-3.7426088310430004e-05,-5.666115925772413e-06,0.019901808130035253
0.0006604141680003164,-6.183851911262857e-05,-4.737094016206726e-07,-3.824147266105808e-05,-5.7335569803690385e-06,0.020345607843389544
0.0006605153728603863,-6.173430158825603e-05,-4.5510136587361196e-07,-3.906412416264057e-05,-5.801117000992861e-06,0.020790792935270665
0.0006606185596833634,-6.162979351254354e-05,-4.372255680230985e-07,-3.9893945866401796e-05,-5.868802756730194e-06,0.021237249927093443
0.0006607237126574151,-6.15249944822243e-05,-4.200532430863957e-07,-4.073083837336948e-05,-5.936620621958601e-06,0.021684866232412205
0.0006608308149717844,-6.141990429036834e-05,-4.035567552561891e-07,-4.157469972651621e-05,-6.004576590829637e-06,0.02213353015695477
0.0006609398488312526,-6.131452291863876e-05,-3.877095527669298e-07,-4.242542531786601e-05,-6.072676284963384e-06,0.02258313089864604
0.0006610507954721144,-6.120885053823282e-05,-3.724861254139418e-07,-4.328290779028669e-05,-6.140924966598401e-06,0.023033558547633146
0.0006611636351790277,-6.110288751133737e-05,-3.5786196511475865e-07,-4.4147036964983343e-05,-6.209327545974458e-06,0.023484704086306766
0.0006612783473006601,-6.099663438656304e-05,-3.438135235202767e-07,-4.5017699747623295e-05,-6.277888590069057e-06,0.023936459389319053
0.0006613949102672499,-6.089009189652345e-05,-3.303181786946769e-07,-4.5894780062397046e-05,-6.346612329968896e-06,0.024388717223599563
0.0006615133016079299,-6.0783260965072486e-05,-3.173541949071345e-07,-4.677815877722556e-05,-6.415502667228069e-06,0.024841371248358446
0.0006616334979679389,-6.067614269339872e-05,-3.0490068945235434e-07,-4.766771364437389e-05,-6.4845631804777016e-06,0.025294316015102732
0.0006617554751271488,-6.0568738369870014e-05,-2.9293759878370707e-07,-4.8563319239824574e-05,-6.55379712984735e-06,0.025747446967630185
0.0006618792080181991,-6.046104945983677e-05,-2.8144564714363827e-07,-4.946484691053355e-05,-6.623207462125906e-06,0.02620066044203989
0.0006620046707448504,-6.035307760999826e-05,-2.70406314107915e-07,-5.0372164723071254e-05,-6.69279681186979e-06,0.02665385366672206
0.0006621318366012419,-6.024482463988252e-05,-2.598018066996771e-07,-5.12851374263724e-05,-6.762567508943934e-06,0.02710692476235186
0.0006622606780914931,-6.013629255022246e-05,-2.496150306682554e-07,-5.2203626413732966e-05,-6.832521576546633e-06,0.027559772741880286
0.0006623911669486974,-6.002748351041209e-05,-2.398295598426695e-07,-5.312748968462779e-05,-6.902660735910033e-06,0.028012297510521346
0.0006625232741542446,-5.991839986253626e-05,-2.3042961691971694e-07,-5.40565818266393e-05,-6.972986404981853e-06,0.028464399865736113
0.000662656969959518,-5.9809044118511005e-05,-2.2140003907754162e-07,-5.499075398669392e-05,-7.04349970269742e-06,0.028915981497213614
0.000662792223904212,-5.9699418958495364e-05,-2.1272625941526127e-07,-5.592985385648798e-05,-7.114201445666283e-06,0.02936694498684053
0.0006629290048378606,-5.958952722183875e-05,-2.0439428522530325e-07,-5.6873725664130926e-05,-7.185092148630816e-06,0.029817193808688438
0.0006630672809409101,-5.9479371918962076e-05,-1.9639067007413587e-07,-5.7822210157031984e-05,-7.2561720245014675e-06,0.030266632328968677
0.0006632070197441483,-5.936895621333482e-05,-1.8870249638288112e-07,-5.877514461392837e-05,-7.3274409824576055e-06,0.030715165806017266
0.000663348188151641,-5.925828343195105e-05,-1.8131735208206237e-07,-5.973236283623914e-05,-7.3988986285741224e-06,0.03116270039024596
0.0006634907524599763,-5.9147357053158586e-05,-1.7422331270386525e-07,-6.0693695159277916e-05,-7.470544259476133e-06,0.03160914312410837
0.0006636346783814371,-5.9036180710732127e-05,-1.6740892305102076e-07,-6.165896846582709e-05,-7.542376862815558e-06,0.03205440194206209
0.0006637799310641509,-5.8924758187156416e-05,-1.608631752169264e-07,-6.262800620055625e-05,-7.6143951152409585e-06,0.032498385670527506
0.0006639264751144905,-5.881309341656399e-05,-1.5457549418820652e-07,-6.360062839073753e-05,-7.686597377354105e-06,0.03294100402783
0.0006640742746184054,-5.870119047198929e-05,-1.48535718703379e-07,-6.457665167134525e-05,-7.758981692124973e-06,0.0333821676241651
0.0006642232931633352,-5.858905357384453e-05,-1.427340881121904e-07,-6.555588931567835e-05,-7.83154578035884e-06,0.033821787961537085
0.0006643734938601703,-5.847668708118276e-05,-1.3716122335877373e-07,-6.65381512712208e-05,-7.90428703699389e-06,0.03425977743371579
0.0006645248393649507,-5.8364095488749705e-05,-1.3180811322344925e-07,-6.752324418889344e-05,-7.977202529408361e-06,0.034696049326163506
0.0006646772919015364,-5.8251283426799874e-05,-1.2666610153886653e-07,-6.851097147466247e-05,-8.050288990010544e-06,0.03513051781600242
0.0006648308132823536,-5.813825565321312e-05,-1.2172687079106304e-07,-6.950113332814938e-05,-8.123542814722837e-06,0.035563097971928234
0.0006649853649315373,-5.80250170577239e-05,-1.1698242804202954e-07,-7.049352679481294e-05,-8.196960057811261e-06,0.035993705754167375
0.000665140907906944,-5.791157265409592e-05,-1.1242509771224802e-07,-7.148794581979793e-05,-8.27053642752682e-06,0.036422258014403824
0.0006652974029214852,-5.779792757692071e-05,-1.0804750181764239e-07,-7.248418129968251e-05,-8.344267283592586e-06,0.03684867249571458
0.0006654548103655179,-5.768408708035997e-05,-1.0384255458113552e-07,-7.348202114539992e-05,-8.418147629601958e-06,0.03727286783250585
0.0006656130903291513,-5.757005653583055e-05,-9.980344572826658e-08,-7.448125034921184e-05,-8.492172111140968e-06,0.037694763550436834
0.0006657722026232952,-5.7455841422277e-05,-9.59236353499586e-08,-7.548165104102552e-05,-8.566335009635691e-06,0.03811428006635876
0.0006659321068026446,-5.734144733329175e-05,-9.219683716778588e-08,-7.648300256844613e-05,-8.640630242518266e-06,0.03853133868823087
0.0006660927621867208,-5.722687996685249e-05,-8.86170128935079e-08,-7.748508156477313e-05,-8.71505135375113e-06,0.03894586161506047
0.0006662541278815462,-5.711214512524581e-05,-8.517836228752061e-08,-7.848766201892327e-05,-8.789591510898361e-06,0.03935777193681758
0.0006664161628017565,-5.699724870649771e-05,-8.18753098656891e-08,-7.949051536578237e-05,-8.864243506069131e-06,0.039766993634370744
0.0006665788256916253,-5.688219670794536e-05,-7.870250291255828e-08,-8.049341055406742e-05,-8.938999744833583e-06,0.04017345157939274
0.000666742075146592,-5.6766995218936536e-05,-7.565479375699855e-08,-8.149611414219691e-05,-9.013852249268524e-06,0.04057707153430323
0.0006669058696347562,-5.665165041914607e-05,-7.272724299696293e-08,-8.249839037246718e-05,-9.088792649425395e-06,0.04097778015217717
0.0006670701675174401,-5.653616857232563e-05,-6.991510075169814e-08,-8.350000126441774e-05,-9.163812184490039e-06,0.041375504976675886
0.000667234927070685,-5.6420556027392266e-05,-6.721380427191757e-08,-8.450070671183488e-05,-9.238901697250593e-06,0.04177017444195152
0.0006674001065057569,-5.630481921138457e-05,-6.461897021599891e-08,-8.55002645616364e-05,-9.314051632049789e-06,0.04216171787259118
0.000667565663989616,-5.618896462677211e-05,-6.212638821629155e-08,-8.649843071855111e-05,-9.389252032689909e-06,0.04255006548351797
0.0006677315576659317,-5.607299885202442e-05,-5.973201258982995e-08,-8.74949592388726e-05,-9.464492542342383e-06,0.0429351483799123
0.0006678977456743057,-5.595692852968046e-05,-5.74319564920046e-08,-8.84896024294887e-05,-9.53976239670935e-06,0.043316898557147106
0.0006680641861712912,-5.5840760370570036e-05,-5.5222485866347074e-08,-8.948211094535527e-05,-9.615050428353723e-06,0.04369524890068039
0.0006682308373495638,-5.572450114595985e-05,-5.310001247424015e-08,-9.047223389365585e-05,-9.690345062566377e-06,0.04407013318600836
0.0006683976574579644,-5.5608157687881375e-05,-5.106109039860435e-08,-9.145971893719199e-05,-9.765634316477152e-06,0.044441486078554866
0.000668564604820252,-5.549173688224919e-05,-4.91024101678608e-08,-9.24443123964684e-05,-9.840905800863671e-06,0.044809243133604834
0.0006687316378553185,-5.5375245667823626e-05,-4.722078903591745e-08,-9.342575935819132e-05,-9.916146719296104e-06,0.045173340796230824
0.0006688987150944122,-5.525869102886768e-05,-4.541317109187017e-08,-9.440380377927533e-05,-9.991343867679363e-06,0.04553371640120074
0.0006690657952014184,-5.5142079997520105e-05,-4.367662163424856e-08,-9.537818859822048e-05,-1.006648363607784e-05,0.04589030817290752
0.000669232836990248,-5.502541964428568e-05,-4.2008318989073864e-08,-9.634865584375626e-05,-1.0141552010462895e-05,0.04624305522528649
0.0006693997994431868,-5.4908717078578154e-05,-4.04055552778569e-08,-9.731494674103554e-05,-1.0216534574336354e-05,0.046591897561747427
0.0006695666417289254,-5.47919794456498e-05,-3.8865726043915916e-08,-9.827680182941082e-05,-1.0291416510171893e-05,0.04693677607507879
0.0006697333232196167,-5.467521391800279e-05,-3.738633141786983e-08,-9.923396106652251e-05,-1.0366182603607084e-05,0.04727763254740037
0.0006698998035091791,-5.455842769980755e-05,-3.596496982555816e-08,-0.0001001861639463316,-1.0440817244770668e-05,0.047614409650057136
0.0006700660424286262,-5.4441628014369366e-05,-3.4599332751340185e-08,-0.0001011331496073513,-1.0515304434002115e-05,0.04794705094357175
0.000670232000064557,-5.4324822109741953e-05,-3.328720370940081e-08,-0.0001020746569517934,-1.0589627785073087e-05,0.048275500877560135
0.0006703976367740869,-5.420801724748039e-05,-3.2026454324024835e-08,-0.00010301042475264772,-1.0663770527934803e-05,0.04859970479065645
0.0006705629132019453,-5.4091220706204216e-05,-3.0815037538191053e-08,-0.00010394019177123942,-1.0737715517353709e-05,0.04891960891045313
0.0006707277902956122,-5.397443977156382e-05,-2.965098848906514e-08,-0.00010486369687251701,-1.0811445237089905e-05,0.04923516035342735
0.0006708922293213287,-5.385768173871326e-05,-2.8532418930920775e-08,-0.00010578067913611598,-1.0884941804806973e-05,0.049546307124874116
0.0006710561918787126,-5.3740953905756506e-05,-2.7457517920527933e-08,-0.00010669087797053758,-1.0958186978774451e-05,0.049852998118834535
0.0006712196399159951,-5.3624263568870234e-05,-2.642454141445476e-08,-0.00010759403323413685,-1.1031162167210943e-05,0.050155183118048764
0.0006713825357443642,-5.350761802486517e-05,-2.5431817401983847e-08,-0.00010848988534067867,-1.1103848433557126e-05,0.05045281279387198
0.0006715448420522617,-5.339102456169628e-05,-2.4477738061929085e-08,-0.00010937817537735631,-1.1176226504791409e-05,0.050745838706227134
0.0006717065219188898,-5.32744904583422e-05,-2.3560760632753105e-08,-0.00011025864522030905,-1.1248276780204961e-05,0.05103421330353668
0.0006718675388285375,-5.3158022980558627e-05,-2.2679401715910857e-08,-0.00011113103764578278,-1.1319979342058809e-05,0.051317889922684296
0.0006720278566829847,-5.304162937994506e-05,-2.1832237464554233e-08,-0.00011199509644404008,-1.13913139629432e-05,0.051596822788928694
0.000672187439814746,-5.292531688771973e-05,-2.1017900508683087e-08,-0.00011285056653425189,-1.1462260115016343e-05,0.05187096701587775
0.0006723462529994255,-5.2809092711837355e-05,-2.0235075124864703e-08,-0.00011369719407146412,-1.1532796983455467e-05,0.052140278605413905
0.0006725042614685437,-5.269296403763359e-05,-1.9482501132146463e-08,-0.00011453472656356662,-1.1602903474704848e-05,0.05240471444766914
0.0006726614309203249,-5.257693801864489e-05,-1.875896554153865e-08,-0.00011536291298144404,-1.1672558229122203e-05,0.052664232320944346
0.0006728177275322645,-5.2461021780153376e-05,-1.8063305933331697e-08,-0.00011618150386909627,-1.174173963162931e-05,0.05291879089170472
0.0006729731179716822,-5.234522240991305e-05,-1.7394401126212994e-08,-0.00011699025145441326,-1.1810425826297037e-05,0.05316834971448877
0.0006731275694070672,-5.2229546961797026e-05,-1.675118042119606e-08,-0.00011778890975235677,-1.1878594725294098e-05,0.053412869231909244
0.0006732810495180752,-5.211400244745264e-05,-1.613261148527094e-08,-0.00011857723468574599,-1.1946224024647478e-05,0.05365231077458126
0.0006734335265061725,-5.1998595836347423e-05,-1.5537703915162743e-08,-0.00011935498417966301,-1.2013291217383992e-05,0.0538866365611024
0.0006735849691040308,-5.188333405093271e-05,-1.4965507242575163e-08,-0.00012012191827493252,-1.2079773605523432e-05,0.05411580969801087
0.0006737353465853876,-5.176822396369286e-05,-1.4415108086884598e-08,-0.00012087779923289121,-1.2145648317537196e-05,0.054339794179761515
0.0006738846287742401,-5.165327239771943e-05,-1.3885629208952414e-08,-0.00012162239163977624,-1.221089231958568e-05,0.05455855488866853
0.000674032786053383,-5.1538486120832235e-05,-1.3376228417515252e-08,-0.00012235546250988092,-1.2275482432614202e-05,0.054772057594915526
0.0006741797893732878,-5.142387184671124e-05,-1.2886098469070738e-08,-0.00012307678138745492,-1.233939534588136e-05,0.054980268956485945
0.0006743256102596647,-5.130943622386804e-05,-1.241446085523148e-08,-0.00012378612044907348,-1.2402607634964088e-05,0.05518315651917313
0.0006744702208218802,-5.119518584237315e-05,-1.1960571816500813e-08,-0.00012448325460272234,-1.2465095774710349e-05,0.055380688716551316
0.0006746135937604891,-5.1081127228991795e-05,-1.1523714832443982e-08,-0.00012516796159079576,-1.2526836158075833e-05,0.0555728348699273
0.000674755702373511,-5.096726683896484e-05,-1.1103203397768431e-08,-0.00012584002207898914,-1.2587805109572885e-05,0.055759565188360664
0.0006748965205644757,-5.085361106181227e-05,-1.0698375565737744e-08,-0.0001264992197645132,-1.2647978906421168e-05,0.05594085076863088
0.0006750360228478502,-5.074016621255638e-05,-1.0308600141089293e-08,-0.00012714534146019942,-1.2707333789569236e-05,0.05611666359521339
0.0006751741843560614,-5.062693853388842e-05,-9.93326809235844e-09,-0.00012777817719757678,-1.2765845986019694e-05,0.05628697654029688
0.0006753109808448979,-5.051393419119778e-05,-9.571795069622666e-09,-0.00012839752031158232,-1.2823491724787237e-05,0.05645176336373557
0.0006754463886989408,-5.040115926986319e-05,-9.223622020600433e-09,-0.0001290031675379882,-1.2880247251408948e-05,0.05661099871309035
0.0006755803849367912,-5.028861977434112e-05,-8.888209718716148e-09,-0.00012959491909611626,-1.2936088849853376e-05,0.05676465812357708
0.0006757129472165474,-5.0176321627640186e-05,-8.565043275640107e-09,-0.00013017257878640944,-1.2990992858881737e-05,0.05691271801809077
0.000675844053839494,-5.006427066431025e-05,-8.253625399207692e-09,-0.00013073595406708297,-1.3044935688558822e-05,0.05705515570720882
0.0006759736837548343,-4.995247263442793e-05,-7.953482023538827e-09,-0.0001312848561456239,-1.3097893840141577e-05,0.057191949389175545
0.0006761018165637946,-4.984093319855727e-05,-7.664155960533921e-09,-0.00013181910006141508,-1.3149843922429218e-05,0.05732307814992074
0.0006762284325227469,-4.972965792386132e-05,-7.385208714666761e-09,-0.00013233850476442608,-1.320076267403402e-05,0.05744852196305895
0.0006763535125468244,-4.9618652286522943e-05,-7.116220936842262e-09,-0.00013284289320027783,-1.3250626976448163e-05,0.057568261689903026
0.0006764770382128854,-4.9507921664790344e-05,-6.8567873698750034e-09,-0.0001333320923850496,-1.3299413874963529e-05,0.057682279079469996
0.0006765989917625187,-4.939747134493841e-05,-6.606522666296512e-09,-0.0001338059334838946,-1.3347100597004201e-05,0.057790556768502435
0.0006767193561036299,-4.92873065100494e-05,-6.365053898045319e-09,-0.00013426425188811463,-1.3393664571538761e-05,0.0578930782814661
0.0006768381148134182,-4.9177432244546654e-05,-6.1320256557490614e-09,-0.000134706887284599,-1.343908344400945e-05,0.05798982803059242
0.000676955252139646,-4.9067853529827406e-05,-5.907095898564157e-09,-0.00013513368373178848,-1.3483335097552265e-05,0.05808079131587044
0.000677070753002603,-4.895857524672351e-05,-5.6899365423552485e-09,-0.00013554448972611977,-1.352639767035083e-05,0.058165954325093625
0.0006771846029959238,-4.8849602169374375e-05,-5.480232625159828e-09,-0.00013593915827674746,-1.3568249573350704e-05,0.05824530413385699
0.0006772967883877312,-4.874093896511077e-05,-5.277682097741184e-09,-0.00013631754696143792,-1.3608869508203168e-05,0.058318828705613335
0.0006774072961215345,-4.863259019613226e-05,-5.0819962803610275e-09,-0.00013667951800507464,-1.3648236485273521e-05,0.05838651689165671
0.0006775161138159602,-4.852456031234718e-05,-4.892897937686344e-09,-0.00013702493832802357,-1.3686329842126503e-05,0.05844835843119712
0.0006776232297654136,-4.841685365531822e-05,-4.710118463677216e-09,-0.00013735367961771643,-1.3723129258506997e-05,0.05850434395136235
0.0006777286329397526,-4.8309474453175384e-05,-4.533405716662789e-09,-0.00013766561838599235,-1.3758614777119687e-05,0.05855446496723805
0.0006778323129838854,-4.820242682293443e-05,-4.362513184888503e-09,-0.0001379606360190619,-1.37927668176892e-05,0.058598713881904074
0.0006779342602168409,-4.8095714766663127e-05,-4.197204475268645e-09,-0.00013823861884250215,-1.3825566196092514e-05,0.05863708398645782
0.0006780344656312446,-4.7989342173653145e-05,-4.037257603358354e-09,-0.0001384994581682317,-1.3856994138272062e-05,0.05866956946007074
0.0006781329208916789,-4.788331281435111e-05,-3.882454597851247e-09,-0.00013874305034938347,-1.3887032300969112e-05,0.05869616537002248
0.0006782296183330969,-4.7777630343709236e-05,-3.732590590304321e-09,-0.00013896929682557276,-1.3915662781986518e-05,0.058716867671713906
0.000678324550959595,-4.767229829932308e-05,-3.5874658847612343e-09,-0.00013917810417487565,-1.3942868141102435e-05,0.05873167320875623
0.0006784177124419685,-4.756732009949735e-05,-3.4468906396110318e-09,-0.00013936938415601242,-1.3968631413037895e-05,0.0587405797129791
0.0006785090971155299,-4.7462699043061135e-05,-3.3106824886607786e-09,-0.0001395430537519551,-1.3992936121873761e-05,0.05874358580447818
0.0006785986999776722,-4.735843830825162e-05,-3.1786682031973194e-09,-0.0001396990352127031,-1.4015766299190932e-05,0.058740690991675296
0.0006786865166852687,-4.725454095522424e-05,-3.050679597693651e-09,-0.00013983725609326164,-1.4037106493440871e-05,0.05873189567136425
0.0006787725435514145,-4.715100992004097e-05,-2.926556846758523e-09,-0.00013995764929062565,-1.4056941788550696e-05,0.05871720112875124
0.0006788567775423552,-4.704784801823694e-05,-2.806146802134595e-09,-0.0001400601530804981,-1.4075257814655758e-05,0.05869660953748776
0.0006789392162737411,-4.6945057940670117e-05,-2.6893022553672934e-09,-0.00014014471114692532,-1.409204076262116e-05,0.05867012395977848
0.0006790198580075826,-4.68426422585589e-05,-2.5758828122085424e-09,-0.00014021127261728327,-1.4107277396368995e-05,0.05863774834637421
0.0006790987016478285,-4.6740603417718546e-05,-2.4657539515946062e-09,-0.00014025979208478383,-1.4120955065616684e-05,0.05859948753663186
0.0006791757467361384,-4.663894374098889e-05,-2.3587853752722984e-09,-0.00014029022964319164,-1.413306171724145e-05,0.05855534725861234
0.0006792509934479209,-4.653766542631402e-05,-2.254854587979371e-09,-0.00014030255090627866,-1.4143585906893753e-05,0.058505334129087365
0.0006793244425876396,-4.643677055078503e-05,-2.15384291560891e-09,-0.00014029672702795554,-1.4152516809641087e-05,0.05844945565363061
0.0006793960955838116,-4.633626106382953e-05,-2.0556378721129663e-09,-0.0001402727347288338,-1.4159844231673625e-05,0.058387720226633605
0.0006794659544841951,-4.623613879204888e-05,-1.960130560469122e-09,-0.00014023055630757816,-1.4165558617342564e-05,0.0583201371314191
0.0006795340219503591,-4.613640543549551e-05,-1.8672171610737365e-09,-0.00014017017966485787,-1.4169651062794857e-05,0.05824671654022961
0.0006796003012527633,-4.603706257347469e-05,-1.7767991463217276e-09,-0.0001400915983076846,-1.417211332134989e-05,0.0581674695143566
0.0006796647962645575,-4.593811165786322e-05,-1.688782300795706e-09,-0.00013999481136540726,-1.4172937813536642e-05,0.05808240800414901
0.0006797275114562227,-4.583955401878462e-05,-1.6030744873403747e-09,-0.0001398798236010955,-1.4172117634890806e-05,0.057991544849079125
0.0006797884518891905,-4.574139085984381e-05,-1.5195892481474549e-09,-0.0001397466454175439,-1.4169646563452818e-05,0.0578948937778544
0.0006798476232097188,-4.564362326041609e-05,-1.4382436032693562e-09,-0.0001395952928583005,-1.4165519065757972e-05,0.0577924694083878
0.000679905031642995,-4.554625217987555e-05,-1.3589588657968833e-09,-0.00013942578761654112,-1.4159730303002084e-05,0.057684287247945075
0.0006799606839857729,-4.5449278450621425e-05,-1.2816583955048042e-09,-0.0001392381570342613,-1.4152276138938854e-05,0.057570363693140766
0.000680014587600255,-4.53527027840777e-05,-1.2062702131230627e-09,-0.00013903243409472044,-1.414315314186486e-05,0.05745071603005052
0.0006800667504067005,-4.525652576743873e-05,-1.1327251827370312e-09,-0.00013880865742885984,-1.4132358592107694e-05,0.05732536243423513
0.0006801171808765569,-4.516074786684119e-05,-1.0609566680991012e-09,-0.00013856687130456633,-1.4119890483391494e-05,0.05719432197081132
0.0006801658880251986,-4.5065369426505394e-05,-9.909019650495948e-10,-0.0001383071256176719,-1.4105747528348894e-05,0.05705761459453033
0.0006802128814043522,-4.4970390670116996e-05,-9.224993403590638e-10,-0.00013802947588427666,-1.4089929161422299e-05,0.05691526114981878
0.0006802581710944538,-4.487581170003075e-05,-8.55693155860722e-10,-0.0001377339832282092,-1.4072435538655915e-05,0.05676728337085775
0.0006803017676970365,-4.4781632499955e-05,-7.904267271583358e-10,-0.00013742071436580433,-1.4053267543345582e-05,0.05661370388160194
0.0006803436823264969,-4.4687852932577717e-05,-7.266483425146574e-10,-0.00013708974159298856,-1.403242678339337e-05,0.05645454619592322
0.000680383926602392,-4.459447274559637e-05,-6.643081127198267e-10,-0.00013674114276246202,-1.4009915595301647e-05,0.05628983471756133
0.0006804225126406042,-4.4501491564933465e-05,-6.033575079694372e-10,-0.0001363750012689965,-1.3985737041944206e-05,0.056119594740293544
0.0006804594530455929,-4.440890890307879e-05,-5.43750282676442e-10,-0.0001359914060213415,-1.3959894912387455e-05,0.05594385244791318
0.0006804947609013581,-4.431672415639975e-05,-4.854446872278369e-10,-0.00013559045142036975,-1.3932393722658054e-05,0.05576263491432284
0.0006805284497629226,-4.422493660570601e-05,-4.2839813462402527e-10,-0.00013517223733590627,-1.3903238711488426e-05,0.055575970103620184
0.000680560533647221,-4.4133545415775063e-05,-3.725705220413092e-10,-0.00013473686906785064,-1.3872435840366864e-05,0.0553838868700772
0.0006805910270247502,-4.4042549643324123e-05,-3.179241474589654e-10,-0.00013428445733117565,-1.383999178932912e-05,0.05518641495828247
0.0006806199448095159,-4.3951948227580195e-05,-2.644232053585397e-10,-0.00013381511820938772,-1.3805913955212873e-05,0.05498358500314605
0.000680647302350966,-4.386174000421423e-05,-2.1203378350985972e-10,-0.00013332897312974193,-1.3770210446731129e-05,0.054775428529985584
0.0006806731154233032,-4.377192369254407e-05,-1.6072403310191717e-10,-0.00013282614881891098,-1.373289007950962e-05,0.05456197795456805
0.0006806974002169044,-4.368249790648055e-05,-1.1046072211691561e-10,-0.000132306777272276,-1.36939623737642e-05,0.054343266583138546
0.0006807201733284714,-4.359346115426297e-05,-6.121553903535842e-11,-0.00013177099570764204,-1.3653437547147302e-05,0.05411932861255403
0.0006807414517510622,-4.350481183632276e-05,-1.2959561024012405e-11,-0.00013121894652887064,-1.3611326510058596e-05,0.053890199130222166
0.0006807612528644477,-4.3416548249778156e-05,3.433393170278661e-11,-0.00013065077727436228,-1.3567640856147069e-05,0.053655914114281084
0.0006807795944249824,-4.332866858780451e-05,8.069046178933936e-11,-0.0001300666405779655,-1.3522392861596775e-05,0.05341651043351074
0.0006807964945557261,-4.3241170942812275e-05,1.2613436054631748e-10,-0.00012946669411788246,-1.3475595471820918e-05,0.05317202584754294
0.0006808119717358295,-4.3154053304995076e-05,1.7068831152822453e-10,-0.00012885110056817223,-1.3427262296570576e-05,0.0529224990067448
0.0006808260447908733,-4.30673135691775e-05,2.1437541639114138e-10,-0.00012822002754317603,-1.3377407603066062e-05,0.05266796945240246
0.0006808387328817215,-4.298094952868894e-05,2.572155551039545e-10,-0.00012757364755301175,-1.3326046303941029e-05,0.052408477616684976
0.0006808500554948924,-4.289495888678326e-05,2.992295138548454e-10,-0.0001269121379394431,-1.3273193950402838e-05,0.052144064822725676
0.0006808600324309629,-4.2809339246436054e-05,3.4043640394202703e-10,-0.0001262356808216094,-1.3218866722969228e-05,0.0518747732846782
0.0006808686837947639,-4.272408812218062e-05,3.808528614704131e-10,-0.0001255444630445944,-1.316308142088032e-05,0.05160064610769988
0.0006808760299840182,-4.26392029349576e-05,4.204976968843957e-10,-0.0001248386761039506,-1.3105855451027571e-05,0.051321727288079905
0.0006808820916790147,-4.2554681019743405e-05,4.5938701241476863e-10,-0.00012411851609854413,-1.3047206819923555e-05,0.05103806171319531
0.0006808868898312743,-4.247051962239998e-05,4.975356573572461e-10,-0.00012338418365855753,-1.2987154119630184e-05,0.05074969516161205
0.0006808904456524054,-4.2386715900186514e-05,5.349589482640296e-10,-0.00012263588388051647,-1.2925716518464797e-05,0.05045667430311442
0.0006808927806038979,-4.2303266933110643e-05,5.716697335729671e-10,-0.0001218738262646032,-1.2862913747487933e-05,0.05015904669870633
0.000680893916384788,-4.222016971241593e-05,6.076838962150049e-10,-0.00012109822463748151,-1.2798766090505325e-05,0.04985686080066339
0.000680893874921552,-4.2137421154394596e-05,6.430117762018037e-10,-0.00012030929708964965,-1.2733294370996906e-05,0.04955016595258731
0.0006808926783560385,-4.205501809406622e-05,6.776665773483843e-10,-0.00011950726589732806,-1.2666519937791925e-05,0.04923901238943229
0.0006808903490343958,-4.197295728908517e-05,7.116585626191526e-10,-0.00011869235745464135,-1.2598464654037503e-05,0.04892345123750072
0.0006808869094960164,-4.189123542565256e-05,7.450004413237244e-10,-0.0001178648021916553,-1.2529150883744683e-05,0.04860353451452451
0.0006808823824615975,-4.180984911443357e-05,7.777005938443759e-10,-0.00011702483449833027,-1.2458601476959046e-05,0.048279315129626986
0.0006808789089360449,-4.172861202247826e-05,-3.248507416581955e-06,-0.00011590201555536562,-1.0940316680375071e-05,0.047950847141327003
0.0006808727156638374,-4.164784837908022e-05,-4.007025720144131e-06,-0.00011497475257047772,-1.0529679454429913e-05,0.04761818479627562
0.0006808639590114485,-4.156754337451569e-05,-2.4116485191710954e-06,-0.00011423188928980931,-1.1165781666458408e-05,0.047281383681053196
0.0006808527900194,-4.148768238189469e-05,1.4051479369146109e-06,-0.00011366263960200918,-1.2789667701439964e-05,0.04694050027402378
0.0006808432311410374,-4.140791627659998e-05,1.3500233864626707e-06,-0.00011275966411728339,-1.2688743960452861e-05,0.046595592417544573
0.0006808327218774003,-4.1328464038834466e-05,1.2970639453503333e-06,-0.00011184594163519157,-1.2587695420403962e-05,0.0462467180756755
0.0006808212859931846,-4.124932183392511e-05,1.246184581043097e-06,-0.00011092172490590575,-1.2486510069804148e-05,0.04589393639823276
0.0006808089473377842,-4.117048576662147e-05,1.1973036037812778e-06,-0.00010998727024562688,-1.2385177757718265e-05,0.04553730742661078
0.0006807957298341686,-4.109195188793657e-05,1.1503425277623079e-06,-0.0001090428374320735,-1.2283690116583992e-05,0.045176892093805786
0.0006807816574676144,-4.10137162001464e-05,1.1052259498693548e-06,-0.00010808868961100117,-1.2182040491968512e-05,0.04481275222444761
0.0006807667542737207,-4.093577465387119e-05,1.0618814290183552e-06,-0.00010712509318251074,-1.2080223875491622e-05,0.04444495053477859
0.0006807510443268272,-4.085812314927415e-05,1.0202393668615459e-06,-0.0001061523177029313,-1.1978236833385083e-05,0.044073550632664396
0.0006807345517289105,-4.078075754381655e-05,9.802329005491087e-07,-0.00010517063577527899,-1.1876077443818585e-05,0.04369861701770344
0.0006807173005980416,-4.070367365350321e-05,9.417977895437949e-07,-0.0001041803229467422,-1.1773745232303944e-05,0.04332021508102987
0.0006806993150565192,-4.062686725141845e-05,9.048723169249643e-07,-0.0001031816575953982,-1.167124111083546e-05,0.042938411105459484
0.000680680619219597,-4.055033407199954e-05,8.69397190729741e-07,-0.00010217492082522934,-1.156856731888023e-05,0.04255327226552655
0.0006806612371839332,-4.047406981233688e-05,8.353154449515147e-07,-0.00010116039636127628,-1.1465727360748157e-05,0.04216486662735918
0.0006806411930164504,-4.039807013805387e-05,8.025723523374746e-07,-0.00010013837042853325,-1.1362725954867355e-05,0.0417732631487134
0.0006806205107426596,-4.0322330681740425e-05,7.711153322899194e-07,-9.910913164809396e-05,-1.1259568974438975e-05,0.041378531679065196
0.0006805992143353637,-4.024684704579014e-05,7.408938707685913e-07,-9.807297092453523e-05,-1.115626339587417e-05,0.040980742959471225
0.0006805773277035448,-4.01716148075151e-05,7.118594370683893e-07,-9.703018133176518e-05,-1.105281724795677e-05,0.040579968622651695
0.0006805548746808024,-4.009662951709198e-05,6.83965405328056e-07,-9.59810579972093e-05,-1.0949239559184132e-05,0.04017628119293393
0.0006805318790144216,-4.002188670324154e-05,6.571669810051133e-07,-9.492589799185206e-05,-1.0845540310112087e-05,0.03976975408625692
0.0006805083643542725,-3.9947381875076945e-05,6.314211291384918e-07,-9.386500020952337e-05,-1.0741730385219959e-05,0.03936046161018407
0.000680484354241441,-3.987311052196414e-05,6.06686504242514e-07,-9.279866525179151e-05,-1.0637821528109932e-05,0.03894847896386646
0.0006804598720977317,-3.979906811957517e-05,5.829233829763222e-07,-9.172719531682315e-05,-1.0533826293887793e-05,0.038533882237984575
0.0006804349412144877,-3.97252501309819e-05,5.600936050063457e-07,-9.065089407140757e-05,-1.042975800764699e-05,0.03811674841482899
0.0006804095847416699,-3.9651652005773946e-05,5.381605057475418e-07,-8.95700665439685e-05,-1.0325630720291723e-05,0.03769715536819022
0.0006803838256773761,-3.957826918565225e-05,5.17088861376615e-07,-8.848501899465916e-05,-1.0221459169742236e-05,0.037275181863406684
0.0006803576868573363,-3.950509710813708e-05,4.968448323675378e-07,-8.73960588034405e-05,-1.0117258738129742e-05,0.03685090755730092
0.0006803311909440392,-3.9432131204880996e-05,4.773959049945853e-07,-8.630349434958308e-05,-1.0013045413847262e-05,0.036424412998118404
0.000680304360416696,-3.935936690642461e-05,4.587108457079571e-07,-8.520763488294812e-05,-9.908835755269048e-06,0.03599577962564917
0.0006802772175607052,-3.9286799644007615e-05,4.407596452352129e-07,-8.410879041387175e-05,-9.804646850619436e-06,0.03556508977103967
0.0006802497844575466,-3.921442484995045e-05,4.2351347452890983e-07,-8.300727158278375e-05,-9.70049628562923e-06,0.03513242665681507
0.0006802220829751277,-3.914223796508409e-05,4.0694463519336634e-07,-8.190338954588782e-05,-9.596402106588394e-06,0.034697874396962425
0.0006801941347573273,-3.9070234435226864e-05,3.910265174199675e-07,-8.079745584380112e-05,-9.492382787788754e-06,0.03426151799668432
0.0006801659612147883,-3.899840971794029e-05,3.757335568185528e-07,-7.96897822885005e-05,-9.388457198153633e-06,0.03382344335256619
0.0006801375835148669,-3.892675928028177e-05,3.6104119159228306e-07,-7.858068083243719e-05,-9.284644568879685e-06,0.03338373725246814
0.0006801090225724,-3.885527860444417e-05,3.4692582547634035e-07,-7.747046344964796e-05,-9.18096446531644e-06,0.03294248737542892
0.0006800802990406076,-3.878396318987391e-05,3.333647901894611e-07,-7.635944201522454e-05,-9.077436753626786e-06,0.032499782291771404
0.0006800514333017737,-3.8712808554510446e-05,3.203363041720244e-07,-7.524792817413089e-05,-8.974081573811837e-06,0.03205571146291773
0.0006800224454582376,-3.8641810236350084e-05,3.0781944612155385e-07,-7.413623322801837e-05,-8.870919311137936e-06,0.0316103652414714
0.0006799933553237609,-3.85709637962953e-05,2.9579411079858834e-07,-7.30246680017322e-05,-8.767970568608058e-06,0.031163834871082645
0.0006799641824148536,-3.850026481963878e-05,2.842409885338228e-07,-7.191354272953663e-05,-8.665256140731242e-06,0.030716212486531204
0.0006799349459425727,-3.842970892055635e-05,2.731415235905231e-07,-7.080316692713496e-05,-8.562796987663391e-06,0.03026759111351808
0.0006799056648042312,-3.83592917430663e-05,2.6247789098293147e-07,-6.969384927242697e-05,-8.46061421018386e-06,0.029818064668765437
0.0006798763575751617,-3.828900895999979e-05,2.522329657456625e-07,-6.858589747972248e-05,-8.35872902724823e-06,0.02936772795994531
0.0006798470425011991,-3.8218856278691635e-05,2.423902940011296e-07,-6.747961818103166e-05,-8.257162749073835e-06,0.028916676685606116
0.0006798177374910751,-3.814882944269335e-05,2.3293407165066462e-07,-6.63753168050693e-05,-8.155936760223128e-06,0.028465007435127077
0.0006797884601089042,-3.8078924232142625e-05,2.2384911230843394e-07,-6.527329745390395e-05,-8.055072491188252e-06,0.028012817688653928
0.0006797592275670794,-3.800913646653022e-05,2.1512082636793138e-07,-6.417386278646526e-05,-7.954591402770831e-06,0.02756020581721794
0.0006797300567194512,-3.79394620066446e-05,2.0673519944410918e-07,-6.307731389697336e-05,-7.854514962906577e-06,0.02710727108243817
0.0006797009640545172,-3.786989675755477e-05,1.9867876575003782e-07,-6.19839501986879e-05,-7.754864628767504e-06,0.026654113636608634
0.0006796719656890983,-3.780043666884794e-05,1.9093858791159853e-07,-6.08940693043967e-05,-7.655661825014099e-06,0.02620083452275339
0.0006796430773617574,-3.7731077735714616e-05,1.8350223901230497e-07,-5.980796691215973e-05,-7.55692792823022e-06,0.025747535674316573
0.0006796143144272961,-3.7661816004030436e-05,1.7635777984524006e-07,-5.872593668948534e-05,-7.458684250049566e-06,0.025294319915419517
0.0006795856918507122,-3.759264756900138e-05,1.694937381302283e-07,-5.764827015628668e-05,-7.360952014932786e-06,0.024841290960593242
0.0006795572242018484,-3.752356857889515e-05,1.6289909550600497e-07,-5.6575256580097534e-05,-7.2637523499426076e-06,0.02438855341474736
0.0006795289256500222,-3.745457523484947e-05,1.565632637892635e-07,-5.550718285363997e-05,-7.167106265987381e-06,0.023936212773324493
0.0006795008099593001,-3.738566379477351e-05,1.5047607236594264e-07,-5.444433339525773e-05,-7.071034642872879e-06,0.023484375421949394
0.0006794728904836996,-3.731683057583545e-05,1.4462775058205178e-07,-5.3386990035299964e-05,-6.97555821509446e-06,0.02303314863662262
0.0006794451801624595,-3.724807194941705e-05,1.3900890937585802e-07,-5.233543190912254e-05,-6.880697556928794e-06,0.022582640583623744
0.0006794176915161441,-3.7179384349319763e-05,1.3361053084205288e-07,-5.1289935353583476e-05,-6.786473071290793e-06,0.022132960319350206
0.0006793904366428515,-3.711076427237014e-05,1.2842395016536636e-07,-5.02507738050682e-05,-6.692904975380469e-06,0.021684217790413636
0.0006793634272144492,-3.704220827840509e-05,1.2344084445306627e-07,-4.9218217698456906e-05,-6.60001328844067e-06,0.02123652383347101
0.0006793366744730684,-3.697371299122513e-05,1.1865321623774321e-07,-4.819253436718455e-05,-6.507817820511615e-06,0.020789990175272763
0.0006793101892283475,-3.690527510187124e-05,1.1405338372236174e-07,-4.717398794446269e-05,-6.416338161191127e-06,0.020344729432610432
0.0006792839818542836,-3.6836891367244065e-05,1.0963396675492714e-07,-4.6162839275388807e-05,-6.325593669410165e-06,0.019900855112161896
0.0006792580622871514,-3.676855861470783e-05,1.053878749879974e-07,-4.515934581698317e-05,-6.2356034620927214e-06,0.01945848161064805
0.0006792324400228856,-3.670027374114669e-05,1.0130829641218313e-07,-4.416376155755598e-05,-6.1463864065141365e-06,0.019017724214538904
0.000679207124115379,-3.663203371506458e-05,9.738868753366476e-08,-4.317633692280654e-05,-6.0579611092499405e-06,0.01857869910018138
0.000679182123174666,-3.656383557566149e-05,9.362276107050956e-08,-4.219731869322326e-05,-5.970345909676533e-06,0.018141523333799325
0.0006791574453657755,-3.649567643784074e-05,9.000447815397263e-08,-4.122694992870064e-05,-5.8835588694485485e-06,0.017706314871226737
0.0006791330984074728,-3.642755349056535e-05,8.65280358033951e-08,-4.026546988336493e-05,-5.797617767209031e-06,0.017273192558062554
0.0006791090895714755,-3.635946399619273e-05,8.318786076911912e-08,-3.931311393170193e-05,-5.71254009042237e-06,0.01684227612965003
0.0006790854256820086,-3.629140529698427e-05,7.997859793185158e-08,-3.837011350505689e-05,-5.628343029531452e-06,0.016413686210838847
0.0006790621131155611,-3.622337481005815e-05,7.689510248881316e-08,-3.743669601113055e-05,-5.545043470923169e-06,0.015987544316081168
0.0006790391578008181,-3.6155370029582884e-05,7.393243431465603e-08,-3.651308477521588e-05,-5.4626579906699985e-06,0.0155639728495038
0.0006790165652193666,-3.608738853314638e-05,7.108584363163855e-08,-3.559949898174943e-05,-5.38120285087701e-06,0.015143095104554083
0.0006789943404059168,-3.60194279732445e-05,6.835076967497931e-08,-3.469615361092332e-05,-5.30069399396204e-06,0.014725035264373095
0.0006789724879496092,-3.595148608838243e-05,6.572283211147892e-08,-3.380325938897596e-05,-5.22114703967158e-06,0.014309918401352945
0.0006789510119945916,-3.588356069204532e-05,6.319782104840996e-08,-3.292102273698072e-05,-5.142577278464281e-06,0.013897870477366427
0.0006789299162422719,-3.581564968384212e-05,6.077169229335126e-08,-3.204964572518649e-05,-5.064999670524834e-06,0.013489018343767995
0.0006789092039523454,-3.574775104308453e-05,5.844056103904868e-08,-3.1189326030901104e-05,-4.988428842502678e-06,0.01308348974108905
0.0006788888779454432,-3.5679862834976477e-05,5.620069691788143e-08,-3.034025690282403e-05,-4.912879083362474e-06,0.012681413299273395
0.0006788689406046708,-3.561198320370211e-05,5.404851399302968e-08,-2.9502627125847173e-05,-4.83836434474905e-06,0.012282918537608418
0.0006788493938787673,-3.5544110379712515e-05,5.198056744237128e-08,-2.867662099682446e-05,-4.764898236076248e-06,0.011888135864524443
0.0006788302392845909,-3.5476242676716827e-05,4.999354907866188e-08,-2.7862418295854767e-05,-4.692494026864511e-06,0.011497196577742574
0.0006788114779103653,-3.540837849320185e-05,4.8084281538330396e-08,-2.7060194275234546e-05,-4.621164642389129e-06,0.011110232864352493
0.0006787931104185144,-3.534051630940931e-05,4.624970996528892e-08,-2.6270119634811258e-05,-4.550922667951954e-06,0.01072737780029921
0.000678775137049932,-3.5272654694389234e-05,4.4486902775838645e-08,-2.5492360526425885e-05,-4.481780342618197e-06,0.010348765351117905
0.000678757557626989,-3.520479229804797e-05,4.279304102948291e-08,-2.4727078540099224e-05,-4.413749566423509e-06,0.009974530371206486
0.0006787403715581136,-3.5136927857442636e-05,4.1165418568944374e-08,-2.3974430712448168e-05,-4.346841895376874e-06,0.009604808604163512
0.0006787235778416442,-3.506906019283898e-05,3.960143517503417e-08,-2.3234569528960655e-05,-4.281068548460906e-06,0.00923973668284198
0.0006787071750703157,-3.500118820828728e-05,3.8098592755276626e-08,-2.2507642940638317e-05,-4.21644040392272e-06,0.008879452129127245
0.0006786911614365423,-3.493331089810935e-05,3.6654491594806295e-08,-2.1793794386683617e-05,-4.152968005686371e-06,0.008524093353918112
0.0006786755347359057,-3.486542733315088e-05,3.5266826513926783e-08,-2.1093162806823493e-05,-4.090661564895433e-06,0.008173799657359806
0.0006786602923738053,-3.47975366750148e-05,3.393338376877441e-08,-2.04058826860981e-05,-4.0295309612576345e-06,0.007828711228670127
0.0006786454313695515,-3.472963816739637e-05,3.2652036245594124e-08,-1.973208408282697e-05,-3.969585750326019e-06,0.007488969146013695
0.0006786309483622573,-3.466173113677879e-05,3.142073849016092e-08,-1.907189267484307e-05,-3.910835163510696e-06,0.0071547153767533185
0.0006786168396160487,-3.459381499258153e-05,3.023752896219342e-08,-1.842542980665495e-05,-3.853288117540039e-06,0.006826092777314243
0.0006786031010264954,-3.452588922981791e-05,2.910052315281518e-08,-1.779281255099595e-05,-3.7969532145261414e-06,0.00650324509315171
0.0006785897281258483,-3.4457953425908426e-05,2.8007908059495097e-08,-1.7174153765221593e-05,-3.7418387509599116e-06,0.006186316958830975
0.0006785767160891311,-3.439000723747497e-05,2.6957943062005936e-08,-1.6569562164422188e-05,-3.6879527214590017e-06,0.0058754538979096495
0.0006785640597410368,-3.432205041010213e-05,2.5948958307527722e-08,-1.5979142397298926e-05,-3.6353028289927093e-06,0.005570802323214085
0.0006785517535608884,-3.425408276230748e-05,2.497934769157923e-08,-1.5402995127084305e-05,-3.5838964869341777e-06,0.005272509536461488
0.0006785397916901762,-3.418610419853203e-05,2.4047566846417226e-08,-1.4841217126260712e-05,-3.5337408307719907e-06,0.004980723728560623
0.0006785281679383959,-3.4118114701709584e-05,2.3152136357926092e-08,-1.4293901372978664e-05,-3.4848427241813994e-06,0.0046955939794272135
0.0006785168757899392,-3.405011433540994e-05,2.2291631786020142e-08,-1.3761137153585031e-05,-3.4372087687981265e-06,0.00441727025835595
0.0006785059084104068,-3.398210324095322e-05,2.1464686850201393e-08,-1.3243010180907219e-05,-3.390845313410122e-06,0.004145903423403329
0.0006784952586533775,-3.391408163827287e-05,2.0669987382311727e-08,-1.27396027101546e-05,-3.3457584631876754e-06,0.003881645222006282
0.0006784849190674313,-3.384604982638751e-05,1.9906271612639763e-08,-1.2250993672466873e-05,-3.301954089560463e-06,0.003624648290682652
0.0006784748819021263,-3.377800817775615e-05,1.9172328252997683e-08,-1.1777258807790472e-05,-3.2594378434269286e-06,0.0033750661551960864
0.0006784651391155367,-3.370995714280147e-05,1.8466992587012785e-08,-1.1318470810880126e-05,-3.218215164691432e-06,0.0031330532304390123
0.0006784556823805892,-3.364189724727306e-05,1.778914626973738e-08,-1.087469948340584e-05,-3.178291295548182e-06,0.0028987648204983436
0.0006784465030917435,-3.3573829090002665e-05,1.713771605524556e-08,-1.0446011899075286e-05,-3.1396712924405683e-06,0.00267235711872466
0.000678437592371853,-3.3505753344601624e-05,1.6511668984526905e-08,-1.0032472570248167e-05,-3.1023600412512955e-06,0.0024539872078057825
0.0006784289410786783,-3.343767075587086e-05,1.591001452704141e-08,-9.634143628097056e-06,-3.0663622692778812e-06,0.002243813059553858
0.0006784205398116738,-3.336958214298757e-05,1.5331800298214e-08,-9.251085007644285e-06,-3.031682562679204e-06,0.002041993535281505
0.0006784123789179888,-3.3301488392149976e-05,1.4776111433055367e-08,-8.88335465211665e-06,-2.998325378266063e-06,0.0018486883855015632
0.0006784044484992578,-3.3233390462756446e-05,1.4242070233338802e-08,-8.531008708311514e-06,-2.9662950646009082e-06,0.0016640582501301763
0.0006783967384175972,-3.316528937979263e-05,1.3728831697757921e-08,-8.19410175125881e-06,-2.9355958752900193e-06,0.001488264658540689
0.000678386924484182,-3.309738520419509e-05,3.909489134015812e-06,-8.197655132576243e-06,-4.635993893853547e-06,0.0013214697481659958
0.0006783777382762843,-3.302944330617428e-05,7.18664670946272e-06,-8.165156711259665e-06,-6.063084241526908e-06,0.0011638371423127025
0.0006783691305665854,-3.296146788996177e-05,9.892903827672618e-06,-8.100636300475858e-06,-7.238051064664913e-06,0.001015531037446956
0.0006783610533793948,-3.2893463160906314e-05,1.2074869490110482e-05,-8.00803192451259e-06,-8.181592742895338e-06,0.0008767165193405242
0.0006783534599583832,-3.282543332342857e-05,1.3778086848550792e-05,-7.891192376041471e-06,-8.91393412475874e-06,0.0007475595633289916
0.0006783463047351028,-3.275738257931416e-05,1.504706017934851e-05,-7.753879731099266e-06,-9.454838563897457e-06,0.0006282270340893876
0.0006783395432978486,-3.268931512489127e-05,1.5925281487391065e-05,-7.599771852506232e-06,-9.823619791352593e-06,0.0005188866859691453
0.0006783331323600299,-3.262123514019815e-05,1.6455256803045813e-05,-7.432464873147388e-06,-1.0039153649413757e-05,0.0004197071627963354
0.0006783270297309269,-3.255314679617878e-05,1.6678532245652586e-05,-7.255475675454874e-06,-1.0119889720503304e-05,0.00033085799804388565
0.000678321194284736,-3.248505424433348e-05,1.66357199162505e-05,-7.072244363739343e-06,-1.0083862877916583e-05,0.0002525096149080594
0.0006783155859310805,-3.2416961618579425e-05,1.636652369019992e-05,-6.886136739346654e-06,-9.948704791385504e-06,0.00018483332627025552
0.000678310165584981,-3.234887302819289e-05,1.5909764965361935e-05,-6.700446785953395e-06,-9.731655412536703e-06,0.00012800133484688393
0.0006783048951377291,-3.228079256042005e-05,1.5303408443675802e-05,-6.518399166990403e-06,-9.449574467481335e-06,8.218673308396684e-05
0.000678299737426852,-3.221272427593111e-05,1.458458799807747e-05,-6.343151744268996e-06,-9.118952994255157e-06,4.756350345158297e-05
0.0006782946562068233,-3.214467220698236e-05,1.3789632691239897e-05,-6.177798114808812e-06,-8.7559249381689e-06,2.430651820621002e-05
0.0006782896161197382,-3.207664036141648e-05,1.2954093015999403e-05,-6.02537018821645e-06,-8.376278845193613e-06,1.2591539588304216e-05
0.0006782845826646967,-3.200863271140674e-05,1.2112767406123845e-05,-5.886523262066168e-06,-7.995270396415693e-06,1.0619969068034057e-05
0.0006782795278104329,-3.194065271642545e-05,1.129403337259589e-05,-5.754371327948681e-06,-7.6247022759479314e-06,1.0608984261197994e-05
0.0006782744468240968,-3.187270185388887e-05,1.0502818100158449e-05,-5.626925014922871e-06,-7.266555640450645e-06,1.0598124626422906e-05
0.000678269340751962,-3.18047810763597e-05,9.738218191876786e-06,-5.504014407081817e-06,-6.920421428206394e-06,1.0587385332809333e-05
0.0006782642106045211,-3.1736891291832096e-05,8.9993594341442e-06,-5.38547573281835e-06,-6.585903846423441e-06,1.0576761746126234e-05
0.0006782590573581504,-3.16690333703705e-05,8.285395879443023e-06,-5.271151146836716e-06,-6.262619955171606e-06,1.0566249418169e-05
0.000678253881955696,-3.160120813984306e-05,7.595508944795924e-06,-5.160888511997604e-06,-5.950199253041939e-06,1.0555844082079605e-05
0.0006782486853085746,-3.153341639822258e-05,6.928906549460523e-06,-5.054541197000134e-06,-5.6482832836699194e-06,1.0545541640976253e-05
0.0006782434682967009,-3.146565890236198e-05,6.28482227323849e-06,-4.951967872575137e-06,-5.35652525022201e-06,1.053533816545852e-05
0.0006782382317703408,-3.1397936378639406e-05,5.662514539025199e-06,-4.8530323213039745e-06,-5.074589643989899e-06,1.052522988399644e-05
0.0006782329765507873,-3.13302495221629e-05,5.061265825668778e-06,-4.757603249959489e-06,-4.8021518827841536e-06,1.0515213176415e-05
0.0006782277034312581,-3.1262598993862974e-05,4.480381902985792e-06,-4.665554116369268e-06,-4.538897961606926e-06,1.0505284570871704e-05
0.0006782224131781486,-3.1194985428612855e-05,3.9191910889087795e-06,-4.5767629525967485e-06,-4.284524114765668e-06,1.0495440733381337e-05
0.0006782171065312359,-3.1127409427617395e-05,3.377043531978414e-06,-4.49111220042676e-06,-4.038736488367408e-06,1.0485678467882643e-05
0.0006782117842057758,-3.105987157216855e-05,2.8533105154532316e-06,-4.408488551178153e-06,-3.8012508199927064e-06,1.047599470285277e-05
0.0006782064468920068,-3.099237241152141e-05,2.3473837804872568e-06,-4.32878279516322e-06,-3.5717921349722103e-06,1.0466386495469734e-05
0.0006782010952569204,-3.0924912473750954e-05,1.8586748758716656e-06,-4.251889668820423e-06,-3.3500944442082186e-06,1.0456851018771454e-05
0.000678195729944656,-3.085749226164076e-05,1.3866145224080509e-06,-4.177707713724305e-06,-3.1359004576818295e-06,1.0447385560683983e-05
0.0006781903515771486,-3.0790112253398574e-05,9.306519997513115e-07,-4.106139139934415e-06,-2.9289613047686782e-06,1.0437987520219537e-05
0.0006781849607553386,-3.0722772908542244e-05,4.902545535385612e-07,-4.037089690131951e-06,-2.7290362624236944e-06,1.04286543992706e-05
0.0006781795580592907,-3.065547466279527e-05,6.490681891698846e-08,-3.970468515648672e-06,-2.5358924936582563e-06,1.0419383802738082e-05
0.000678174144049455,-3.058821793323289e-05,-3.4588973993268734e-07,-3.906188047072894e-06,-2.3493047922472207e-06,1.041017343014945e-05
0.0006781687192669423,-3.0521003117038245e-05,-7.426173641737688e-07,-3.844163886084769e-06,-2.169055337977133e-06,1.0401021077091079e-05
0.0006781632842343557,-3.0453830593780984e-05,-1.1257425293562206e-06,-3.7843146776618878e-06,-1.9949334573732454e-06,1.0391924624496328e-05
0.0006781578394561931,-3.038670072308576e-05,-1.495716449565864e-06,-3.7265620092888363e-06,-1.8267353929661286e-06,1.038288204239699e-05
0.0006781523854199791,-3.0319613850964856e-05,-1.8529755693293928e-06,-3.6708303003217665e-06,-1.6642640803254885e-06,1.037389137929594e-05
0.0006781469225959906,-3.0252570302977295e-05,-2.1979420366042447e-06,-3.6170467028153375e-06,-1.5073289311878098e-06,1.036495076714829e-05
0.0006781414514388027,-3.018557039302129e-05,-2.531024168770607e-06,-3.565140998727746e-06,-1.355745623125614e-06,1.035605840943722e-05
0.0006781359723871881,-3.0118614418568092e-05,-2.8526168914333094e-06,-3.51504550503943e-06,-1.209335898681191e-06,1.034721258430548e-05
0.0006781304858646944,-3.0051702661835523e-05,-3.1631021773242976e-06,-3.466694987249157e-06,-1.0679273673184533e-06,1.0338411638685847e-05
0.0006781249922804076,-2.9984835392929572e-05,-3.4628494596179635e-06,-3.420026563468457e-06,-9.313533145287847e-07,1.0329653986084365e-05
0.0006781194920290632,-2.9918012865592578e-05,-3.7522160406531365e-06,-3.3749796235535803e-06,-7.994525190824956e-07,1.032093810603618e-05
0.0006781139854920867,-2.9851235324228863e-05,-4.0315474810962924e-06,-3.3314957477345293e-06,-6.720690738621857e-07,1.031226253749159e-05
0.0006781084730378584,-2.978450300280839e-05,-4.301177982475422e-06,-3.2895186260670478e-06,-5.490522143092149e-07,1.0303625878648414e-05
0.0006781029550214886,-2.9717816118643436e-05,-4.561430752489663e-06,-3.2489939787138647e-06,-4.302561494888477e-07,1.0295026786554537e-05
0.000678097431786157,-2.965117488014455e-05,-4.81261836315182e-06,-3.2098694908333394e-06,-3.155399016366847e-07,1.0286463969878552e-05
0.0006780919036632624,-2.9584579487505758e-05,-5.0550430943554105e-06,-3.1720947300817326e-06,-2.0476714834659082e-07,1.0277936190783259e-05
0.0006780863709725238,-2.9518030127695556e-05,-5.2889972702206954e-06,-3.135621091165426e-06,-9.780607262349232e-08,1.0269442262235006e-05
0.0006780808340227404,-2.9451526980125986e-05,-5.514763577158565e-06,-3.1004017176866703e-06,5.4707856646174115e-09,1.026098104204491e-05
0.0006780752931117909,-2.9385070212028727e-05,-5.732615384078957e-06,-3.0663914497001293e-06,1.0518667075388282e-07,1.0252551438725177e-05
0.0006780697485275441,-2.9318659985622976e-05,-5.9428170379998e-06,-3.0335467539053303e-06,2.0146075026855902e-07,1.0244152401192434e-05
0.0006780642005475089,-2.9252296450784504e-05,-6.1456241624390894e-06,-3.0018256697785677e-06,2.944082448195259e-07,1.0235782923280826e-05
0.0006780586494397301,-2.918597975114321e-05,-6.341283939896109e-06,-2.9711877507781635e-06,3.84140560813356e-07,1.0227442038547281e-05
0.0006780530954630661,-2.9119710023320713e-05,-6.530035386082267e-06,-2.9415940103938356e-06,4.707654130995281e-07,1.0219128818791685e-05
0.000678047538867041,-2.905348739402902e-05,-6.712109616892321e-06,-2.9130068694854263e-06,5.543869457248742e-07,1.0210842374729838e-05
0.0006780419798929582,-2.898731198624528e-05,-6.8877301045998044e-06,-2.8853901022518223e-06,6.351058495172441e-07,1.0202581852123836e-05
0.0006780364187731764,-2.8921183911716046e-05,-7.057112929656678e-06,-2.8587087945993264e-06,7.130194751894391e-07,1.0194346432515424e-05
0.0006780308557322181,-2.8855103278317695e-05,-7.220467020464972e-06,-2.832929286481834e-06,7.882219409467051e-07,1.018613532906016e-05
0.0006780252909869928,-2.8789070189333063e-05,-7.377994385690605e-06,-2.8080191386382696e-06,8.608042412736381e-07,1.017794778709392e-05
0.0006780197247463063,-2.872308473731225e-05,-7.5298903430750945e-06,-2.7839470766395148e-06,9.308543474990451e-07,1.0169783082967913e-05
0.0006780141572122123,-2.865714701366564e-05,-7.676343736656381e-06,-2.7606829566704453e-06,9.984573073407142e-07,1.016164052110107e-05
0.0006780085885791676,-2.8591257100495093e-05,-7.817537149323115e-06,-2.738197722839227e-06,1.0636953412205153e-06,1.0153519436538103e-05
0.0006780030190352027,-2.8525415077497278e-05,-7.953647106136066e-06,-2.716463365347359e-06,1.12664793479279e-06,1.0145419187722543e-05
0.0006779974487616887,-2.8459621017749154e-05,-8.084844275461943e-06,-2.6954528861772233e-06,1.187391928834662e-06,1.0137339162434264e-05
0.0006779918779334387,-2.8393874989606632e-05,-8.211293658901771e-06,-2.675140260314726e-06,1.246001607108419e-06,1.012927877106157e-05
0.0006779863067192876,-2.832817705725795e-05,-8.333154775929443e-06,-2.6555004027160975e-06,1.3025487786383786e-06,1.0121237447979444e-05
0.0006779807352822551,-2.8262527281032457e-05,-8.450581849187817e-06,-2.6365091299177564e-06,1.3571028615228599e-06,1.0113214650761429e-05
0.0006779751637791862,-2.8196925714213047e-05,-8.563723971355224e-06,-2.618143132727209e-06,1.409730959352072e-06,1.0105209859498647e-05
0.0006779695923618664,-2.8131372409497153e-05,-8.672725279055522e-06,-2.60037994267168e-06,1.460497939240363e-06,1.0097222574344082e-05
0.0006779640211765435,-2.8065867414651252e-05,-8.777725111375756e-06,-2.583197900642663e-06,1.5094665038762362e-06,1.00892523158837e-05
0.0006779584503642264,-2.8000410771901983e-05,-8.87885817235014e-06,-2.5665761272942436e-06,1.5566972655583791e-06,1.0081298624060593e-05
0.0006779528800610177,-2.7935002522122034e-05,-8.976254678904037e-06,-2.550494498752175e-06,1.6022488120799622e-06,1.0073361057329308e-05
0.0006779473103982424,-2.7869642702122235e-05,-9.070040512004986e-06,-2.5349336134148216e-06,1.646177775941165e-06,1.0065439193071091e-05
0.0006779417415023909,-2.7804331342977558e-05,-9.160337355732812e-06,-2.519874771620274e-06,1.68853889671228e-06,1.0057532623639477e-05
0.0006779361734957558,-2.773906847839888e-05,-9.247262840585022e-06,-2.5052999450708734e-06,1.7293850862079676e-06,1.0049640959658868e-05
0.0006779306064960925,-2.7673854133438217e-05,-9.330930672273094e-06,-2.4911917577957862e-06,1.7687674874619542e-06,1.0041763825065068e-05
0.0006779250406170488,-2.760868833387095e-05,-9.411450763851804e-06,-2.477533460425028e-06,1.8067355323297702e-06,1.0033900862015522e-05
0.0006779194759680873,-2.7543571099972533e-05,-9.48892936115213e-06,-2.4643089035632465e-06,1.8433370000667618e-06,1.0026051724929897e-05
0.0006779139126549276,-2.7478502451932542e-05,-9.56346916050234e-06,-2.4515025226911507e-06,1.8786180703114316e-06,1.0018216083784097e-05
0.000677908350779388,-2.741348240477455e-05,-9.635169430317215e-06,-2.4390993141721695e-06,1.9126233779017315e-06,1.0010393620198685e-05
0.0006779027904398271,-2.7348510974901236e-05,-9.704126120672844e-06,-2.4270848134591756e-06,1.9453960620660863e-06,1.0002584029078737e-05
0.0006778972317307747,-2.728358817085004e-05,-9.770431976186443e-06,-2.4154450790639056e-06,1.9769778173330993e-06,9.994787018300071e-06
0.000677891674743671,-2.721871400465821e-05,-9.834176640308748e-06,-2.404166668958324e-06,2.0074089410216906e-06,9.987002306844532e-06
0.0006778861195666108,-2.7153888483406885e-05,-9.895446755771162e-06,-2.3932366276250216e-06,2.0367283794344466e-06,9.979229624716831e-06
0.0006778805662844632,-2.70891116136273e-05,-9.954326069051796e-06,-2.382642466873232e-06,2.0649737732527667e-06,9.971468714236264e-06
0.0006778750149790862,-2.7024383398473184e-05,-1.0010895522998508e-05,-2.372372146645013e-06,2.0921815000229447e-06,9.963719325402072e-06
0.0006778694657291931,-2.6959703838168314e-05,-1.0065233349187533e-05,-2.362414060688516e-06,2.118386717771098e-06,9.955981222015175e-06
0.0006778639186110177,-2.6895072935414523e-05,-1.0117415158309553e-05,-2.3527570208947625e-06,2.1436234027080883e-06,9.948254173484635e-06
0.0006778583736977081,-2.683049068690109e-05,-1.0167514029362511e-05,-2.343390242060618e-06,2.167924391337611e-06,9.940537960338443e-06
0.0006778528310598164,-2.67659570887804e-05,-1.0215600590555947e-05,-2.334303328420048e-06,2.1913214176244274e-06,9.932832372746181e-06
0.0006778472907654524,-2.6701472137767752e-05,-1.026174310270273e-05,-2.3254862583887677e-06,2.2138451476916463e-06,9.925137207869453e-06
0.0006778417528803243,-2.663703582799458e-05,-1.0306007534913324e-05,-2.3169293697402195e-06,2.2355252185159936e-06,9.917452270713522e-06
0.0006778362174674083,-2.6572648150562615e-05,-1.0348457645708144e-05,-2.308623347880385e-06,2.2563902698200277e-06,9.909777375140608e-06
0.0006778306845876408,-2.6508309097362896e-05,-1.038915505257307e-05,-2.300559217225886e-06,2.2764679784467275e-06,9.90211234233227e-06
0.0006778251542996659,-2.6444018657978408e-05,-1.0428159303565677e-05,-2.2927283205765214e-06,2.2957850901079785e-06,9.89445699985732e-06
0.0006778196266600979,-2.637977682184555e-05,-1.0465527947028411e-05,-2.285122317580119e-06,2.314367450712642e-06,9.886811182971455e-06
0.0006778141017231821,-2.631558357568762e-05,-1.0501316597950006e-05,-2.27773316364372e-06,2.3322400348855175e-06,9.879174733673675e-06
0.0006778085795413596,-2.62514389057179e-05,-1.0535579001736306e-05,-2.270553103938806e-06,2.3494269781608373e-06,9.871547498404524e-06
0.0006778030601651905,-2.6187342798148806e-05,-1.0568367098244421e-05,-2.2635746651768966e-06,2.3659516017281806e-06,9.863929332260815e-06
0.0006777975436432586,-2.6123295236777158e-05,-1.0599731078149756e-05,-2.2567906429394246e-06,2.3818364416835083e-06,9.856320094747835e-06
0.0006777920300222904,-2.6059296204885424e-05,-1.0629719446745876e-05,-2.250194090772453e-06,2.3971032740388035e-06,9.84871964983757e-06
0.0006777865193472657,-2.5995345683719508e-05,-1.0658379075035878e-05,-2.243778311494029e-06,2.4117731409867747e-06,9.841127869702907e-06
0.0006777810116616666,-2.5931443655925236e-05,-1.0685755255930636e-05,-2.2375368511655315e-06,2.4258663749914336e-06,9.833544629510435e-06
0.0006777755070072077,-2.5867590102061563e-05,-1.0711891759364287e-05,-2.2314634872775557e-06,2.4394026227721204e-06,9.825969809538755e-06
0.0006777700054242517,-2.5803785003717e-05,-1.0736830878328157e-05,-2.2255522200386173e-06,2.4524008678751785e-06,9.818403295080579e-06
0.0006777645069512441,-2.574002833802963e-05,-1.0760613482839296e-05,-2.2197972681013104e-06,2.464879453388114e-06,9.810844977061806e-06
0.0006777590116253552,-2.5676320082526974e-05,-1.0783279064720754e-05,-2.214193052731898e-06,2.4768561024767103e-06,9.803294748549746e-06
0.0006777535194825241,-2.5612660217264917e-05,-1.0804865785111723e-05,-2.208734203741061e-06,2.488347940770994e-06,9.79575250804421e-06
0.0006777480305571659,-2.554904871823402e-05,-1.0825410516849401e-05,-2.2034155360903653e-06,2.4993715145325266e-06,9.788218158037366e-06
0.0006777425448824048,-2.5485485562061483e-05,-1.0844948890097344e-05,-2.198232058477599e-06,2.509942810932676e-06,9.780691605415113e-06
0.0006777370624900497,-2.5421970723964182e-05,-1.086351533236889e-05,-2.193178954376082e-06,2.520077277277007e-06,9.773172759018384e-06
0.0006777315834108151,-2.5358504180450492e-05,-1.0881143108991652e-05,-2.1711534387788302e-06,2.5312601006070883e-06,-5.976747023016347e-06
0.000677726149311929,-2.5295082323835948e-05,-1.094327471971101e-05,-2.0610942301942917e-06,2.5694507319921676e-06,-9.948798074107499e-05
0.0006777209641606066,-2.523168749450893e-05,-1.1272640565899104e-05,-1.8303723112987624e-06,2.7347418667067277e-06,-0.00028390142362203055
0.0006777162587052114,-2.5168299206950774e-05,-1.2121953647069724e-05,-1.4612231052447467e-06,3.1390444496570004e-06,-0.0005564052736436002
0.000677712247203211,-2.5104897835700503e-05,-1.3726725554756152e-05,-9.373416820107367e-07,3.886631164398269e-06,-0.0009142165616839633
0.0006777091279526141,-2.504146461722659e-05,-1.630577686248352e-05,-2.438664576804022e-07,5.074361352322204e-06,-0.001354581149025953
0.0006777047070359293,-2.497818605724702e-05,-1.5665031221736327e-05,2.659362945642849e-07,4.839903832589325e-06,-0.0018747740142743515
0.0006777008688476471,-2.4914897583988918e-05,-1.5049445776299342e-05,8.591573276170255e-07,4.623611707503623e-06,-0.002472098483831578
0.0006776976929718319,-2.485158911169974e-05,-1.4458032629754534e-05,1.5320559446784128e-06,4.424734063875529e-06,-0.003143886913639088
0.0006776952553249497,-2.4788250481707838e-05,-1.388984267190242e-05,2.280778509381891e-06,4.242527886980965e-06,-0.003887500483501418
0.0006776936280328033,-2.472487151961543e-05,-1.3343964060720334e-05,3.1013505236037234e-06,4.076256731345554e-06,-0.004700329196529668
0.0006776928792949508,-2.4661442073027964e-05,-1.2819520756504525e-05,3.989671580536657e-06,3.92518964749745e-06,-0.005579791878925762
0.0006776930732422368,-2.4597952067910954e-05,-1.2315671113531975e-05,4.941512905035073e-06,3.788600337979169e-06,-0.006523336180092385
0.0006776942697875134,-2.4534391549798328e-05,-1.1831606535076908e-05,5.952517256950637e-06,3.6657665323144642e-06,-0.007528438573047999
0.0006776965244732379,-2.4470750736062252e-05,-1.1366550167824651e-05,7.018200983734178e-06,3.555969542865777e-06,-0.008592604355145965
0.0006776998883174044,-2.4407020061420134e-05,-1.0919755665016231e-05,8.133957997260145e-06,3.4584940038615743e-06,-0.00971336764905788
0.0006777044076599392,-2.43431902262458e-05,-1.0490505981106539e-05,9.2950654799039e-06,3.3726277608723275e-06,-0.01088829140402876
0.000677710124011325,-2.42792522451539e-05,-1.007811222195365e-05,1.0496691146080989e-05,3.297661901061379e-06,-0.012114967397368689
0.000677717073904956,-2.4215197487389463e-05,-9.681912543434005e-06,1.1733901851963298e-05,3.2328909107171284e-06,-0.01339101623616959
0.0006777252887556642,-2.415101773080644e-05,-9.30127108620177e-06,1.3001673414017535e-05,3.177612940311661e-06,-0.014714087359227268
0.0006777347947245751,-2.4086705200942332e-05,-8.935576954331345e-06,1.4294901462087414e-05,3.131130170868052e-06,-0.016081859039149448
0.000677745612592411,-2.402225261546008e-05,-8.584243236885594e-06,1.5608413189651104e-05,3.0927492626958226e-06,-0.01749203838462332
0.0006777577576426012,-2.3957653229242197e-05,-8.24670606562799e-06,1.693697984546795e-05,3.0617818826383776e-06,-0.018942361342831015
0.0006777712395544069,-2.3892900871582377e-05,-7.922423711698875e-06,1.8275329851150595e-05,3.0375452951023553e-06,-0.020430592701979042
0.0006777860623079731,-2.382798998792294e-05,-7.610875712450893e-06,1.9618162412737177e-05,3.019363006239021e-06,-0.021954526093925376
0.000677802224102205,-2.3762915680411792e-05,-7.311562040512917e-06,2.09601615114988e-05,3.0065654599993887e-06,-0.023511983996884558
0.0006778197172847127,-2.369767374111112e-05,-7.024002298827116e-06,2.229601016802234e-05,2.9984907669821414e-06,-0.02510081773817226
0.0006778385282964984,-2.363226068818284e-05,-6.747734950998417e-06,2.362040487624716e-05,2.99448547226863e-06,-0.026718907496989637
0.0006778586376307964,-2.3566673799205705e-05,-6.4823165770051915e-06,2.4928070111570672e-05,2.9939053428975254e-06,-0.02836416230719572
0.0006778800198065138,-2.350091114133694e-05,-6.227321169511287e-06,2.621377283260599e-05,2.9961161801365026e-06,-0.03003452006006835
0.0006779026433570092,-2.3434971600368865e-05,-5.982339442362641e-06,2.747233688459914e-05,3.000494641325138e-06,-0.03172794750701142
0.0006779264708343849,-2.3368854907500868e-05,-5.746978179412139e-06,2.8698657239083377e-05,3.0064290742054757e-06,-0.033442440262205726
0.0006779514588293098,-2.330256166342519e-05,-5.520859600052524e-06,2.9887713990064642e-05,3.0133203588908372e-06,-0.03517602280515478
0.0006779775580066743,-2.3236093361962522e-05,-5.3036207553570264e-06,3.103458605591196e-05,3.0205827417380637e-06,-0.03692674848313507
0.0006780047131567323,-2.3169452404893896e-05,-5.094912943809441e-06,3.2134464516846064e-05,3.0276446781502638e-06,-0.038692699513498664
0.0006780328632626104,-2.3102642128349296e-05,-4.894401153694063e-06,3.31826655306079e-05,3.0339496604880583e-06,-0.040471986985835
0.0006780619415823264,-2.303566680695885e-05,-4.701763524399368e-06,3.417464280697769e-05,3.038957040682835e-06,-0.042262750863954895
0.0006780918757472063,-2.296853167408318e-05,-4.5166908310261155e-06,3.510599954916648e-05,3.042142841126337e-06,-0.04406315998769325
0.0006781225878746705,-2.2901242926490206e-05,-4.338885986728008e-06,3.597249987957122e-05,3.04300054718892e-06,-0.045871412074500656
0.0006781539946963437,-2.2833807735002896e-05,-4.168063569399534e-06,3.677007965815238e-05,3.041041886711167e-06,-0.047685733720822646
0.0006781860076999731,-2.2766234244564303e-05,-4.003949360059527e-06,3.749485671233717e-05,3.0357975881249394e-06,-0.049504380403245375
0.0006782185332860294,-2.2698531581360343e-05,-3.846279903376348e-06,3.814314041862186e-05,3.0268181129745114e-06,-0.051325636479401394
0.0006782514729370447,-2.2630709846266014e-05,-3.6948020903822926e-06,3.871144063246289e-05,3.0136743696849194e-06,-0.05314781518861768
0.0006782847234006567,-2.2562780116973033e-05,-3.5492727429051954e-06,3.919647593555279e-05,2.9959583974382772e-06,-0.05496925865231371
0.0006783181768843904,-2.2494754437191178e-05,-3.409458233125048e-06,3.9595181199215506e-05,2.9732840202727645e-06,-0.0567883378741206
0.0006783517212624361,-2.2426645808008502e-05,-3.2751341028485348e-06,3.99047144320464e-05,2.945287473370886e-06,-0.05860345273974323
0.0006783852402943096,-2.2358468182760022e-05,-3.146084705414562e-06,4.012246292946849e-05,2.9116279938271527e-06,-0.060413032016539504
0.0006784186138527619,-2.2290236445493723e-05,-3.0221028610358083e-06,4.02460486968254e-05,2.871988375990568e-06,-0.062215533352830775
0.0006784517181624217,-2.2221966395999902e-05,-2.90298952033379e-06,4.0273333156886504e-05,2.8260754928947636e-06,-0.06400944327693539
0.0006784844260477372,-2.2153674737714936e-05,-2.788553450184212e-06,4.020242113448631e-05,2.7736207731231458e-06,-0.06579327719593307
0.0006785166071886996,-2.2085379049372432e-05,-2.6786109255556335e-06,4.003166413168497e-05,2.7143806422224496e-06,-0.06756557939416838
0.0006785481283845467,-2.2017097763617557e-05,-2.5729854320650295e-06,3.975966288698895e-05,2.6481369158971395e-06,-0.0693249230314779
0.0006785788538243416,-2.194885013872671e-05,-2.471507386294177e-06,3.93852692383493e-05,2.574697148126153e-06,-0.07106991014117875
0.0006786086453647135,-2.1880656237691955e-05,-2.374013862214026e-06,3.890758728650041e-05,2.4938949359674115e-06,-0.07279917162781183
0.0006786373628116891,-2.1812536890864626e-05,-2.280348329274539e-06,3.832597388347302e-05,2.4055901705299784e-06,-0.07451136726463314
0.0006786648642083855,-2.1744513666935132e-05,-2.190360404338351e-06,3.764003845595844e-05,2.309669236915128e-06,-0.07620518569089976
0.000678691006126098,-2.1676608836169835e-05,-2.103905607363691e-06,3.6849642176524345e-05,2.2060451637859286e-06,-0.0778793444089416
0.0006787156439597257,-2.160884533988338e-05,-2.020845130854826e-06,3.595489649706784e-05,2.0946577139313613e-06,-0.0795325897810202
0.0006787386322245803,-2.1541246746044525e-05,-1.941045616593159e-06,3.495616107569393e-05,1.9754734215964497e-06,-0.08116369702603117
0.0006787598248563471,-2.1473837215415202e-05,-1.8643789444238815e-06,3.3854041105383845e-05,1.8484855681186087e-06,-0.08277147021601036
0.0006787790755112264,-2.14066414540217e-05,-1.7907220231285629e-06,3.2649384070272105e-05,1.713714101174742e-06,-0.08435474227250829
0.000678796237867865,-2.1339684676015096e-05,-1.7199565952650445e-06,3.134327594374802e-05,1.5712054905260194e-06,-0.08591237496283413
0.0006788111659284802,-2.127299255779303e-05,-1.651969047838049e-06,2.993703686489103e-05,1.4210325194111834e-06,-0.08744325889615441
0.0006788237143193947,-2.1206591188836776e-05,-1.5866502288629934e-06,2.843221630546402e-05,1.263294018807551e-06,-0.08894631351952981
0.0006788337385911612,-2.1140507032814393e-05,-1.5238952724976748e-06,2.6830587756616935e-05,1.0981145289519285e-06,-0.09042048711384897
0.0006788410955155613,-2.1074766869806638e-05,-1.4636034315934155e-06,2.51341429494883e-05,9.256439021889117e-07,-0.09186475678970239
0.0006788456433817,-2.100939775610735e-05,-1.4056779160044618e-06,2.3345085656782368e-05,7.460568394790111e-07,-0.09327812848322753
0.0006788472422881279,-2.0944426969011533e-05,-1.350025736222255e-06,2.146582507251462e-05,5.595523572564467e-07,-0.09465963695190839
0.0006788457544321826,-2.08798819580679e-05,-1.2965575568532978e-06,1.949896880834283e-05,3.663531917356153e-07,-0.09600834577039878
0.0006788423500566799,-2.0815677554279592e-05,-3.7798230432305586e-06,1.7658447404429896e-05,1.295201572717268e-06,-0.0973233471673738
0.0006788342004532741,-2.0752074179487823e-05,-3.6309067839655206e-06,1.5516686169029695e-05,1.0450404448899999e-06,-0.09860376265732819
0.0006788225695086832,-2.0688979367311684e-05,-3.4878364542292823e-06,1.329659293047012e-05,7.907295066988724e-07,-0.09984874208265096
0.0006788073304854294,-2.0626420732940826e-05,-3.3503824424152945e-06,1.1001479357736812e-05,5.325107164276748e-07,-0.10105746424525414
0.0006787883601293771,-2.0564425796109134e-05,-3.218324152845551e-06,8.634816123500959e-06,2.706484843878929e-07,-0.10222913674384893
0.0006787655389303499,-2.050302194076415e-05,-3.0914496555925012e-06,6.200224078274072e-06,5.4285863601152326e-09,-0.10336299597009599
0.0006787387513746446,-2.0442236353116622e-05,-2.9695553436985542e-06,3.7014652086565065e-06,-2.6284297236024213e-07,-0.10445830710489876
0.0006787078861914918,-2.0382095964863005e-05,-2.852445609406674e-06,1.142433405511143e-06,-5.338411515431768e-07,-0.1055143641148627
0.0006786728365934921,-2.0322627407262997e-05,-2.7399325241545857e-06,-1.472854952202379e-06,-8.072231177957449e-07,-0.10653048974884079
0.0006786335005089909,-2.0263856954440967e-05,-2.6318355434545156e-06,-4.140270562934739e-06,-1.0826295374001133e-06,-0.10750603553471766
0.0006785897808071885,-2.0205810469666775e-05,-2.5279812145723995e-06,-6.855580904789577e-06,-1.35968591178607e-06,-0.10844038177634939
0.0006785415855157005,-2.014851335342769e-05,-2.4282028974578354e-06,-9.6144600501463e-06,-1.6380039599286512e-06,-0.10933293755069168
0.0006784888280299594,-2.0091990489732627e-05,-2.3323404991412103e-06,-1.2412498576774893e-05,-1.9171830382130996e-06,-0.11018314070518057
0.0006784314273147903,-2.0036266198008267e-05,-2.2402402140912984e-06,-1.5245213554066758e-05,-2.1968115954568465e-06,-0.1109904578552873
0.000678369308097136,-1.9981364178934917e-05,-2.1517542820915578e-06,-1.8108058591291483e-05,-2.4764686638382825e-06,-0.11175438438234621
0.0006783024010502227,-1.9927307464712857e-05,-2.0667407444256413e-06,-2.099643391921695e-05,-2.755725374913053e-06,-0.11247444443164491
0.0006782306429689619,-1.9874118368067538e-05,-1.9850632219338235e-06,-2.3905696501324317e-05,-3.034146499566475e-06,-0.113150190910716
0.0006781539769364665,-1.9821818437834593e-05,-1.9065906922185762e-06,-2.6831170144468557e-05,-3.3112920118725294e-06,-0.1137812054879752
0.0006780723524808662,-1.9770428406837466e-05,-1.8311972828050695e-06,-2.976815560332336e-05,-3.5867186628542154e-06,-0.11436709859155522
0.0006779857257234119,-1.971996815051339e-05,-1.7587620646567826e-06,-3.271194065210695e-05,-3.859981568303061e-06,-0.11490750940850987
0.000677894059515506,-1.9670456632715425e-05,-1.6891688628491554e-06,-3.565781011324851e-05,-4.130635796501735e-06,-0.11540210588424932
0.0006777973235678894,-1.962191187165896e-05,-1.622306066488551e-06,-3.860105582060181e-05,-4.398237965060851e-06,-0.11585058472227776
0.0006776954945683614,-1.957435089004582e-05,-1.5580664513671226e-06,-4.153698651055267e-05,-4.662347819267278e-06,-0.11625267138429816
0.000677588556289754,-1.95277896767182e-05,-1.4963470060915228e-06,-4.4460937615002286e-05,-4.922529811385053e-06,-0.11660812009051412
0.0006774764996878022,-1.9482243145749548e-05,-1.4370487693841944e-06,-4.7368280942076295e-05,-5.1783546562193655e-06,-0.11691671382036287
0.0006773593229881386,-1.9437725097683038e-05,-1.3800766671463765e-06,-5.025443423652945e-05,-5.429400866246298e-06,-0.11717826431346563
0.0006772370317629985,-1.939424818304253e-05,-1.325339365414176e-06,-5.311487058628787e-05,-5.675256258508121e-06,-0.11739261207093649
0.0006771096389965117,-1.9351823866434192e-05,-1.2727491167663937e-06,-5.594512767994987e-05,-5.915519428700519e-06,-0.11755962635698833
0.0006769771651398833,-1.9310462394731692e-05,-1.2222216261608378e-06,-5.8740816886128914e-05,-6.1498011834894865e-06,-0.11767920520085015
0.0006768396381543653,-1.92701727628284e-05,-1.1736759087759664e-06,-6.149763213470313e-05,-6.3777259309026565e-06,-0.11775127539898268
0.0006766970935436516,-1.9230962684317968e-05,-1.1270341680869816e-06,-6.421135860795702e-05,-6.598933015601703e-06,-0.11777579251762328
0.0006765495743747347,-1.9192838565240157e-05,-1.0822216617230162e-06,-6.687788118784813e-05,-6.813078002503783e-06,-0.11775274089558005
0.0006763971312869271,-1.915580547882066e-05,-1.0391665888607416e-06,-6.949319268448413e-05,-7.019833896473523e-06,-0.11768213364734142
0.0006762398224890926,-1.9119867139052137e-05,-9.97799969815462e-07,-7.205340179864151e-05,-7.2188922951801725e-06,-0.11756401266647952
0.0006760777137451579,-1.9085025879514092e-05,-9.580555396947787e-07,-7.455474082858232e-05,-7.4099644693311475e-06,-0.11739844862928116
0.0006759108783473428,-1.905128263359531e-05,-9.198696366643922e-07,-7.699357307927048e-05,-7.592782370529863e-06,-0.1171855409986897
0.0006757393970779064,-1.901863691904527e-05,-8.831811041123034e-07,-7.936639999726953e-05,-7.767099556546963e-06,-0.11692541802845988
0.0006755633581573511,-1.898708682110308e-05,-8.479311895336295e-07,-8.166986797482378e-05,-7.932692027959844e-06,-0.1166182367675272
0.0006753828571817469,-1.8956628981645074e-05,-8.140634509400142e-07,-8.390077484695294e-05,-8.089358980878143e-06,-0.1162641830647002
0.0006751979970461722,-1.8927258583536707e-05,-7.815236691000965e-07,-8.605607604551233e-05,-8.236923468888356e-06,-0.11586347157339377
0.0006750088878562288,-1.889896934984328e-05,-7.502597529173555e-07,-8.813289041338657e-05,-8.375232964598034e-06,-0.1154163457567308
0.0006748156468270659,-1.887175353220208e-05,-7.202216622982214e-07,-9.012850565444255e-05,-8.504159828210923e-06,-0.11492307789264807
0.000674618398169299,-1.8845601914316105e-05,-6.913613261491346e-07,-9.204038342437742e-05,-8.623601675089128e-06,-0.11438396907934095
0.0006744172729610941,-1.8820503797792668e-05,-6.636325633366478e-07,-9.386616402902391e-05,-8.733481640588561e-06,-0.11379934924061984
0.0006742124090101608,-1.8796447024850907e-05,-6.369910100435131e-07,-9.560367075255038e-05,-8.833748547300738e-06,-0.11316957713163459
0.0006740039506990413,-1.8773417962474233e-05,-6.113940473214474e-07,-9.72509137784442e-05,-8.924376959609868e-06,-0.11249504034443784
0.0006737920488206452,-1.875140152166662e-05,-5.868007329490739e-07,-9.880609370391664e-05,-9.005367146371581e-06,-0.11177615531386766
0.0006735768603987678,-1.8730381162792957e-05,-5.631717348740797e-07,-0.00010026760465856459,-9.07674493053517e-06,-0.11101336732331582
0.0006733585484965157,-1.8710338909352746e-05,-5.404692694665388e-07,-0.0001016340369839278,-9.138561439444182e-06,-0.11020715051055918
0.0006731372820113022,-1.8691255357731855e-05,-5.186570390537627e-07,-0.00010290417950013951,-9.190892757532158e-06,-0.10935800787371076
0.000672913235457715,-1.8673109705672798e-05,-4.977001731174909e-07,-0.00010407702134348251,-9.233839473331358e-06,-0.10846647127696099
0.0006726865887356701,-1.8655879759067913e-05,-4.775651744770734e-07,-0.00010515175335649275,-9.267526131381588e-06,-0.10753310145650957
0.0006724575268883738,-1.8639541964714408e-05,-4.5821986192536757e-07,-0.00010612776905085945,-9.292100589691199e-06,-0.10655848802626515
0.0006722262398451323,-1.8624071431821466e-05,-4.3963332309224963e-07,-0.00010700466511315941,-9.307733284788046e-06,-0.1055432494835629
0.0006719929221533191,-1.860944195989072e-05,-4.2177585881146997e-07,-0.00010778224146759888,-9.314616410250753e-06,-0.10448803321469104
0.0006717577726963125,-1.8595626068165783e-05,-4.0461893922606647e-07,-0.00010846050088242546,-9.312963007931602e-06,-0.10339351550041596
0.0006715209944015695,-1.8582595035539565e-05,-3.881351567701938e-07,-0.00010903964812318192,-9.30300598180912e-06,-0.10226040152128157
0.0006712827939336462,-1.857031892670436e-05,-3.7229818198240044e-07,-0.00010952008863895888,-9.284997035710443e-06,-0.10108942536264054
0.0006710433813784479,-1.8558766639140307e-05,-3.570827209600866e-07,-0.00010990242679689141,-9.259205541737853e-06,-0.09988135001979072
0.0006708029699139201,-1.8547905937682345e-05,-3.424644743750392e-07,-0.00011018746364479387,-9.225917346726436e-06,-0.09863696740246604
0.0006705617754706416,-1.8537703503032632e-05,-3.28420097675356e-07,-0.00011037619420635103,-9.185433513506918e-06,-0.09735709833954341
0.0006703200163811281,-1.852812497458306e-05,-3.149271636512349e-07,-0.00011046980431598396,-9.138069018925923e-06,-0.09604259258310438
0.0006700779130197957,-1.8519135003255797e-05,-3.019641292039912e-07,-0.00011046966698191274,-9.084151399567365e-06,-0.09469432881250274
0.0006698356874307376,-1.8510697293317065e-05,-2.895102951880494e-07,-0.0001103773382775457,-9.024019358529869e-06,-0.0933132146378866
0.000669593562949092,-1.8502774667707687e-05,-2.775457777641019e-07,-0.00011019455276765989,-8.958021344057706e-06,-0.09190018660367277
0.0006693517638110178,-1.849532911127761e-05,-2.660514732528585e-07,-0.00010992321846430613,-8.886514097368845e-06,-0.09045621019143145
0.0006691105147567306,-1.8488321841694452e-05,-2.550090272399115e-07,-0.000109565411322676,-8.809861185303687e-06,-0.08898227982255098
0.0006688700406250248,-1.84817133551886e-05,-2.444008085925651e-07,-0.00010912336926452082,-8.728431519730252e-06,-0.0874794188605434
0.000668630565941344,-1.847546349804637e-05,-2.3420987586740412e-07,-0.00010859948574030109,-8.642597871129479e-06,-0.08594867961283048
0.0006683923144992226,-1.846953152811635e-05,-2.2441995348534107e-07,-0.00010799630284659414,-8.552735389228654e-06,-0.08439114333236579
0.0006681555089361664,-1.846387617969328e-05,-2.1501540479878752e-07,-0.00010731650397694493,-8.459220128194747e-06,-0.08280792021850449
0.0006679203703045151,-1.8458455730213826e-05,-2.0598120517348537e-07,-0.00010656290603494102,-8.36242759167061e-06,-0.08120014941788217
0.0006676871176389381,-1.845322807352218e-05,-1.9730292039493613e-07,-0.0001057384512032423,-8.262731297921821e-06,-0.0795689990243987
0.0006674559675202128,-1.844815078530992e-05,-1.8896667983100227e-07,-0.00010484619829538355,-8.160501378732577e-06,-0.0779156660791305
0.0006672271336374131,-1.844318120055319e-05,-1.8095915820546954e-07,-0.00010388931366260389,-8.05610320994723e-06,-0.0762413765696143
0.0006670008263481597,-1.8438276481722027e-05,-1.7326754962479836e-07,-0.00010287106172096429,-7.949896085313635e-06,-0.0745473854286863
0.0006667772522393138,-1.8433393698899427e-05,-1.6587955080970003e-07,-0.00010179479506118745,-7.842231942161509e-06,-0.0728349765329245
0.000666556613688661,-1.8428489902449358e-05,-1.5878333820350574e-07,-0.00010066394418710987,-7.733454131389466e-06,-0.07110546270064796
0.0006663391084277229,-1.8423522201872072e-05,-1.519675519646048e-07,-9.948200688635362e-05,-7.6238962544119885e-06,-0.06936018568932532
0.0006661249291078715,-1.841844784281066e-05,-1.4542127265439515e-07,-9.82525372518951e-05,-7.513881053889489e-06,-0.06760051619280907
0.0006659142628712405,-1.8413224288596486e-05,-1.3913401130707347e-07,-9.69791343832131e-05,-7.403719380257242e-06,-0.06582785383776527
0.0006657072909249109,-1.840780928997511e-05,-1.330956846420709e-07,-9.566543077168545e-05,-7.293709216445146e-06,-0.06404362718002021
0.0006655041881236429,-1.8402160976572612e-05,-1.2729660264168775e-07,-9.431508040909852e-05,-7.184134786476159e-06,-0.06224929370038745
0.0006653051225589829,-1.8396237930110894e-05,-1.2172745412373192e-07,-9.293174664027037e-05,-7.075265731053197e-06,-0.06044633979982011
0.0006651102551562492,-1.838999926272655e-05,-1.163792882263541e-07,-9.151908978480692e-05,-6.967356364501435e-06,-0.058636280794636515
0.0006649197392830973,-1.838340470314455e-05,-1.1124350093596286e-07,-9.008075455475893e-05,-6.860645008688443e-06,-0.05682066091104288
0.0006647337203669252,-1.837641467043261e-05,-1.0631182592438474e-07,-8.862035731194002e-05,-6.755353403614663e-06,-0.05500105327943175
0.0006645523355255849,-1.8368990354475888e-05,-1.0157631431010947e-07,-8.714147317758628e-05,-6.651686201425975e-06,-0.053179059928302526
0.0006643757132102465,-1.836109379529157e-05,-9.702932547474312e-08,-8.564762306084408e-05,-6.549830535526419e-06,-0.05135631177799296
0.0006642039728636394,-1.8352687962642708e-05,-9.266351654388216e-08,-8.414226060141636e-05,-6.44995566778563e-06,-0.04953446863402185
0.0006640372245913377,-1.8343736828189267e-05,-8.847182676885827e-08,-8.262875910702874e-05,-6.35221271347092e-06,-0.04771521918032217
0.0006638755688511647,-1.8334205447702746e-05,-8.444746692289429e-08,-8.111039850056839e-05,-6.2567344389409405e-06,-0.04590028097198034
0.0006637190961583759,-1.8324060028429828e-05,-8.058391162442993e-08,-7.959035232712132e-05,-6.1636351307072385e-06,-0.04409140042834973
0.0006635678868084128,-1.831326800833281e-05,-7.687488623640654e-08,-7.807167487057322e-05,-6.073010531236264e-06,-0.04229035282543899
0.0006634220106198916,-1.830179812502145e-05,-7.3314357459941e-08,-7.655728841701428e-05,-5.984937843957041e-06,-0.040498942288579726
0.000663281526694837,-1.8289620486026167e-05,-6.989652285316022e-08,-7.504997072410122e-05,-5.899475796081711e-06,-0.038719001784862615
0.0006631464832005911,-1.8276706639828912e-05,-6.661580283631921e-08,-7.355234273403747e-05,-5.816664759656923e-06,-0.03695239311568248
0.0006630169171713308,-1.82630296368955e-05,-6.346683363484375e-08,-7.206685658663815e-05,-5.736526924435405e-06,-0.035201006909240155
0.0006628928543313175,-1.82485641004081e-05,-6.04444547174227e-08,-7.059578399824803e-05,-5.659066522064821e-06,-0.033466762613115326
0.0006627743089381518,-1.8233286281823212e-05,-5.754370115141037e-08,-6.914120502619326e-05,-5.584270090242884e-06,-0.0317516084868343
0.0006626612836496796,-1.8217174122575792e-05,-5.475980123493863e-08,-6.770499731262485e-05,-5.512106777381892e-06,-0.03005752159498656
0.0006625537694113835,-1.8200207314873502e-05,-5.208816292863662e-08,-6.628882584425421e-05,-5.4425286830031755e-06,-0.02838650779989372
0.0006624517453658801,-1.8182367354028974e-05,-4.952436845372479e-08,-6.48941332768317e-05,-5.375471225334746e-06,-0.02674060175529894
0.0006623551787841788,-1.8163637586092723e-05,-4.7064168879592925e-08,-6.352213090938174e-05,-5.310853535233539e-06,-0.02512186689951632
0.0006622640250194435,-1.814400326371297e-05,-4.470347590409584e-08,-6.217379032927073e-05,-5.248578872050961e-06,-0.023532395449683007
0.0006621782274804713,-1.8123451589495063e-05,-4.2438355447482705e-08,-6.084983583371238e-05,-5.188535055419959e-06,-0.021974308395647284
0.0006620977176278516,-1.8101971758688676e-05,-4.0265024585276134e-08,-5.9550737640066064e-05,-5.130594909544857e-06,-0.020449755495068826
0.0006620224149890539,-1.807955500137716e-05,-3.8179840975441227e-08,-5.8276705990242215e-05,-5.074616719238069e-06,-0.018960915268039513
0.0006619522271945468,-1.805619462392962e-05,-3.617929955925477e-08,-5.702768616556818e-05,-5.0204446953858534e-06,-0.017509994992976577
0.0006618870500313828,-1.8031886036124194e-05,-3.4260031013366336e-08,-5.580335451430983e-05,-4.967909439553848e-06,-0.016099230702714927
0.0006618267675152136,-1.8006626789013585e-05,-3.2418786782695354e-08,-5.460311553290206e-05,-4.916828419677018e-06,-0.01473088718083376
0.0006617712519798556,-1.7980416602053975e-05,-3.065244488076026e-08,-5.342610005747435e-05,-4.867006445598508e-06,-0.013407257959456815
0.0006617203641811687,-1.7953257388464948e-05,-2.8957999611031526e-08,-5.227116464090909e-05,-4.818236144957748e-06,-0.012130665316412763
0.0006616739534168294,-1.792515328418072e-05,-2.7332556017648012e-08,-5.113689218273011e-05,-4.770298445921966e-06,-0.010903460274300067
0.0006616318576567564,-1.7896110663489975e-05,-2.5773330000350785e-08,-5.002159384341314e-05,-4.722963062442275e-06,-0.009728022599197864
0.0006615939036865364,-1.7866138157873225e-05,-2.4277638988552682e-08,-4.892331234814944e-05,-4.675988984817842e-06,-0.00860676080069726
0.0006615599072594582,-1.783524667147698e-05,-2.2842903468939628e-08,-4.783982670062721e-05,-4.629124981331978e-06,-0.007542112132366371
0.000661529673256298,-1.7803449402077447e-05,-2.1466636889075447e-08,-4.676865841315533e-05,-4.582110108210353e-06,-0.0065365425931041814
0.0006615029958503572,-1.7770761839892672e-05,-2.0146448455362224e-08,-4.570707926865333e-05,-4.534674239090765e-06,-0.005592546928761332
0.0006614796586756647,-1.7737201788345456e-05,-1.8880033615069727e-08,-4.465212072005004e-05,-4.486538611940423e-06,-0.0047126486353372046
0.0006614594349975465,-1.7702789365487553e-05,-1.7665176455452577e-08,-4.360058496327766e-05,-4.437416403603418e-06,-0.003899399962077003
0.0006614420878803842,-1.766754701449085e-05,-1.6499738863006478e-08,-4.25490577555345e-05,-4.387013337877192e-06,-0.003155381916012662
0.000661427370352251,-1.7631499501671085e-05,-1.5381667597834883e-08,-4.149392304576111e-05,-4.3350283230612646e-06,-0.0024832042666554205
0.0006614150255632545,-1.7594673926880997e-05,-1.4308981277113694e-08,-4.043137947946755e-05,-4.281154147975597e-06,-0.0018855055522898796
0.0006614047869342408,-1.7557099725247667e-05,-1.3279772967876852e-08,-3.935745884062447e-05,-4.225078217146626e-06,-0.0013649530859416832
0.0006613963782942642,-1.7518808669778497e-05,-1.2292205471404399e-08,-3.826804650075688e-05,-4.1664833518056275e-06,-0.0009242429635351187
0.0006613895140008043,-1.7479834870424028e-05,-1.134451164555912e-08,-3.715890393982132e-05,-4.105048654531393e-06,-0.0005661000713463309
0.0006613838990448209,-1.7440214784870088e-05,-1.0434986654588335e-08,-3.6025693403116035e-05,-4.040450451856034e-06,-0.0002932780955066151
0.0006613775219989378,-1.740012716289121e-05,3.6413614529318344e-06,-3.5172625937156254e-05,-5.5427937391825305e-06,-0.00010855973623131673
0.0006613727959487551,-1.7359389638786724e-05,5.213983864162466e-06,-3.411087254358191e-05,-6.146985247896682e-06,-1.4755996287278944e-05
