0.0,1.5707963267948966,0.0,0.042647120272481374,0.0,-0.35554974857002486
0.0,1.5079173498332967,0.0,0.051517170768544375,4.4813959420295706e-18,-0.3519192920269704
0.0,1.6079173498332968,0.0,0.05938379912503615,-1.7980521918405087e-17,-0.33273394688204744
0.0,1.707917349833297,0.0,0.06699592375702743,-1.9297038449676633e-17,-0.3120274845332419
0.0,1.8079173498332968,0.0,0.07436141814254371,-1.8329360294263728e-17,-0.28972389345831434
0.0,1.907917349833297,0.0,0.08307223469462459,-2.9780114608673226e-17,-0.2646180734852324
0.0,1.9777723135388872,0.0,0.09161152341690094,-3.8527856007744075e-17,-0.24108617300081922
0.0,2.0003479729014293,0.0,0.09816860801986195,-1.9981099338555938e-17,-0.22214789328447623
0.0,1.9856452972479604,0.0,0.1018386222386932,-2.0360425437839083e-17,-0.20704273600560924
0.0,1.9407503428305883,0.0,0.10189183957110495,-1.5053051218588454e-17,-0.1951158723470341
0.0,1.8711683801167998,0.0,0.09781848011170823,-1.6322724634177568e-17,-0.1858756148966952
0.0,1.79572506289065,0.0,0.09255943989604243,-1.5150536436283505e-17,-0.1783479850443196
0.0,1.7270820605550836,0.0,0.08807315553552572,-2.0519410242117676e-17,-0.17063785320557798
0.0,1.6710180086861348,0.0,0.08488141127017468,-1.4604704468295682e-17,-0.16204367252812793
0.0,1.6240616163610964,0.0,0.08270840443344586,-5.078670671583416e-18,-0.15297661086625827
0.0,1.5837784866354534,0.0,0.08134161307541743,-1.490006921990367e-17,-0.14372045717780635
0.0,1.5484381480782088,0.0,0.08061339817387897,-2.230754332880585e-17,-0.13447402331497696
0.0,1.5168471271929878,0.0,0.08039535736817402,-4.629699045666641e-17,-0.12537210228684173
0.0,1.4882489324508545,0.0,0.08059692752841302,-5.423512078923244e-17,-0.11649808579480726
0.0,1.4622542420098796,0.0,0.08116509235170848,-4.471783678684456e-17,-0.10789319150309976
0.0,1.4387807420806962,0.0,0.08208320943399461,-4.067890199453873e-17,-0.09956480662546517
0.0,1.4179706309272242,0.0,0.08336494082510564,-4.590393382898153e-17,-0.09149709204892675
0.0,1.3877846723251384,0.0,0.08329165364761792,-3.933860703304448e-17,-0.08667263332879545
0.0,1.3490077743740598,0.0,0.08214034631036593,-3.421875648785855e-17,-0.08464277263261037
0.0,1.303500200942624,0.0,0.08025639329442831,-2.4773272973151698e-17,-0.0844871826231676
0.0,1.2549684522921927,0.0,0.07793658193649226,-2.4081433403488418e-17,-0.0846435889257562
0.0,1.2108961845828186,0.0,0.07485118099975645,-2.421947136452177e-17,-0.0831782748796844
0.0,1.1611503443077564,0.0,0.06977878194638411,-2.2120725069619343e-17,-0.08215361801282531
0.0,1.1133595031333672,0.0,0.06482265602171597,-2.0752384772258945e-17,-0.08162738726230809
0.0,1.0674468948208597,0.0,0.060138149403454855,-2.0264925674628573e-17,-0.08120093747973826
0.0,1.023338767434008,0.0,0.05574232308048887,-1.8760159797454346e-17,-0.08080128977697272
0.0,0.9809642649796073,0.0,0.051630994648123534,-1.616156797940225e-17,-0.08040064119450686
0.0,0.9402553136954332,0.0,0.047795242724216765,-1.4012544670437684e-17,-0.0799798146834038
0.0,0.9011465128032149,0.0,0.04422409460660304,-1.477721366479148e-17,-0.07952388335331505
0.0,0.8635750295513018,0.0,0.04090541929347852,-1.3410006273581623e-17,-0.07902105686977058
0.0,0.8274804983785785,0.0,0.037826433880001,-1.0220603928908475e-17,-0.07846210239351785
0.0,0.7928049240378132,0.0,0.03497405932700382,-6.702005950014646e-18,-0.07783991326297138
0.0,0.7594925885229569,0.0,0.03233518364898371,-5.0383827541102515e-18,-0.07714915213803013
0.0,0.727489961651039,0.0,0.029896856992196512,-3.6866459265099376e-18,-0.07638594877471237
0.0,0.6967456151551487,0.0,0.027646434201905677,-3.6881234116754597e-19,-0.07554764308556709
0.0,0.6672101401506393,0.0,0.02557167652725918,8.91231117388228e-19,-0.07463256685433226
0.0,0.6388360678421058,0.0,0.02366082154424038,3.350045912914958e-18,-0.07363985864676968
0.0,0.6115777933438776,0.0,0.02190262845374638,8.959263032020643e-21,-0.0725693072493977
0.0,0.5853915024917791,0.0,0.020286404411899675,-1.602153662862592e-18,-0.07142121960633442
0.0,0.5602351015286894,0.0,0.018802016365671956,-2.1623535142380293e-18,-0.07019630976871753
0.0,0.5360681495510776,0.0,0.017439891927843214,2.8761590665208824e-19,-0.06889560584186713
0.0,0.5128517936080836,0.0,0.016191012078790937,7.876549183311076e-19,-0.06752037232428475
0.0,0.4905487063490012,0.0,0.015046897888345399,2.3806195846350692e-18,-0.06607204558821514
0.0,0.46912302611909146,0.0,0.01399959297760588,3.6747174169921414e-18,-0.06455218056081151
0.0,0.44854029940759493,0.0,0.013041643063562947,4.569389931782158e-18,-0.06296240693376634
0.0,0.4287674255555757,0.0,0.012151487212952646,7.635678754945792e-18,-0.06133100777737851
0.0,0.4097726036348706,0.0,0.01133303330876844,1.0423473044509399e-17,-0.05966112326002583
0.0,0.39152528141288473,0.0,0.010581923381605672,9.42986864761879e-18,-0.0579476615538123
0.0,0.3739961063213358,0.0,0.009893796766797422,1.1668045030000927e-17,-0.05618664776152607
0.0,0.35715687835025944,0.0,0.009264351068596195,1.2832938604075266e-17,-0.054375026698865465
0.0,0.3409805047916754,0.0,0.008689386847539556,1.499696363854116e-17,-0.05251050003037245
0.0,0.32544095676029083,0.0,0.008164839700467129,1.642406934298014e-17,-0.050591391346351766
0.0,0.31051322742145926,0.0,0.007686802569665433,1.9447366255820345e-17,-0.04861653412087123
0.0,0.29617329185935803,0.0,0.007251540486617316,2.1578369375529712e-17,-0.04658517851544108
0.0,0.28239806852098515,0.0,0.006853887282385554,2.1020771227948318e-17,-0.04450828718186055
0.0,0.26916538217409147,0.0,0.006473376046733261,1.708051929743597e-17,-0.042513614730529906
0.0,0.25645392831960834,0.0,0.006109202832498258,1.6946894047766292e-17,-0.04059789745733366
0.0,0.24424323900145495,0.0,0.005760608802617478,1.4695415423422764e-17,-0.03875799843389508
0.0,0.2325136499588577,0.0,0.005426876756551503,1.1562137418202209e-17,-0.03699090351575823
0.0,0.2212462690684656,0.0,0.005107328054213181,1.863102875283447e-17,-0.03529371727877819
0.0,0.2104229460256172,0.0,0.004801319873862681,1.965340915618785e-17,-0.03366365892845532
0.0,0.20002624321610177,0.0,0.004508242753018295,1.572744605073601e-17,-0.03209805821836787
0.0,0.1900394077316706,0.0,0.004227518371201624,1.858284233479393e-17,-0.030594351406609644
0.0,0.1804463444843847,0.0,0.003958597540956802,1.268321229851228e-17,-0.029150077273038668
0.0,0.17123159037665572,0.0,0.0037009583795717177,6.1943847502306456e-18,-0.027762873215052726
0.0,0.1623802894855245,0.0,0.0034541046386737705,1.376530038021234e-17,-0.026430471435371635
0.0,0.15387816922135403,0.0,0.003217564172639184,1.3341494160912802e-17,-0.025150695231808524
0.0,0.14571151742267371,0.0,0.0029908875297865183,1.6729081876745695e-17,-0.02392145539614026
0.0,0.13786716035041788,0.0,0.0027736466527638354,1.5037497581424535e-17,-0.0227407467268333
0.0,0.1303324415462419,0.0,0.0025654336765342668,1.5657809515233706e-17,-0.021606644658478096
0.0,0.1230952015209865,0.0,0.002365859813986591,1.2923982396528264e-17,-0.020517302009246563
0.0,0.11614375824069566,0.0,0.002174554320546566,1.1828001705048634e-17,-0.019470945846455992
0.0,0.10946688837886921,0.0,0.0019911635302806287,5.614555125122202e-18,-0.018465874469351832
0.0,0.10305380930486448,0.0,0.0018153499569200048,-1.610794862201187e-18,-0.017500454507456235
0.0,0.09689416177954079,0.0,0.001646791454020303,-2.5167968246053276e-18,-0.016573118132245834
0.0,0.09097799333037662,0.0,0.0014851804291465323,6.858449024889476e-19,-0.015682360379472928
0.0,0.08529574227937922,0.0,0.0013302231075348594,-3.1532985175023197e-18,-0.014826736579120483
0.0,0.07983822239815329,0.0,0.0011816388411876478,-6.506173232555002e-18,-0.014004859889748984
0.0,0.07459660816550458,0.0,0.001039159459769957,-5.285851540140813e-18,-0.013215398933834156
0.0,0.06956242060391682,0.0,0.0009025286600554819,7.721035429431192e-19,-0.01245707553061094
0.0,0.06472751367217432,0.0,0.000771501430982216,-2.588833620790497e-18,-0.011728662522885269
0.0,0.06008406119229146,0.0,0.0006458435116744563,-5.1520111123402186e-18,-0.011028981694282017
0.0,0.05562454428976812,0.0,0.0005253308800218212,-6.0359767928659954e-18,-0.010356901773420527
0.0,0.05134173932701695,0.0,0.0004097492696383647,-5.77345355918124e-18,-0.009711336521560168
0.0,0.04722870631059608,0.0,0.00029889371321957785,-8.141192261193262e-18,-0.009091242900334641
0.0,0.04327877775364278,0.0,0.00019256811048045015,-7.71717691987446e-18,-0.008495619316272874
0.0,0.03948554797563482,0.0,9.058481902926897e-05,-5.453286302841436e-18,-0.007923503938901219
0.0,0.03584286282230805,0.0,-7.235733342404395e-06,-5.771999892794348e-18,-0.007373973089324872
0.0,0.032344809789229496,0.0,-0.00010106541633666253,-3.363681463043576e-18,-0.006846139696289899
0.0,0.028985708533180637,0.0,-0.0001910687460705164,-1.594516972007081e-18,-0.006339151816838602
0.0,0.02576010175611767,0.0,-0.0002774032164108333,-1.4952077339918044e-18,-0.005852191218781092
0.0,0.022662746447084485,0.0,-0.00036021961380128237,-2.3957891853299012e-18,-0.005384472022312507
0.0,0.01968860546801931,0.0,-0.00043966231657829305,-1.1999287387631266e-18,-0.004935239398219715
0.0,0.016832839469952624,0.0,-0.0005158695796959349,-1.930990001468978e-18,-0.004503768320222169
0.0,0.014090799126624457,0.0,-0.0005889738057021159,-9.65661474327191e-19,-0.0040893623691011256
0.0,0.011458017673055647,0.0,-0.0006591018027645559,-1.0055041448241364e-18,-0.0036913525863694727
0.0,0.0089302037370995,0.0,-0.0007263750304648714,-1.5129298375686414e-18,-0.003309096375334923
0.0,0.006503234452469264,0.0,-0.0007909098340440033,-1.4359884829658993e-18,-0.0029419764475023115
0.0,0.0041731488421909,0.0,-0.0008528176677266026,-3.4020453902039074e-18,-0.0025893998123552096
0.0,0.0019361414618583102,0.0,-0.0009122053077112815,-2.895227814128786e-18,-0.002250796808641651
0.0,-0.0002114437075048301,0.0,-0.0009773656644093628,-1.2820292676783126e-18,-0.0019303795596382917
0.0,-0.0022731191267822623,0.0,-0.0010316867636453015,-8.963298868947331e-20,-0.0016179209861417823
0.0,-0.004252259335714711,0.0,-0.0010837948889372627,-2.873525611868465e-21,-0.0013178648206150353
0.0,-0.006152106368509842,0.0,-0.0011337795219573932,1.4140191150675136e-18,-0.0010297255381345849
0.0,-0.007975774956802057,0.0,-0.001181726416715761,4.990218245921326e-19,-0.0007530366724018798
0.0,-0.009726257528313936,0.0,-0.0012277177597578976,-3.0389005847108736e-19,-0.00048735006080642327
0.0,-0.011406429009239384,0.0,-0.0012718323232291761,-8.292658372767218e-19,-0.00023223512006045237
0.0,-0.013019051438057577,0.0,-0.0013141456111538633,-6.071332389911009e-19,1.2721848887160048e-05
0.0,-0.014566778398180038,0.0,-0.0013547299992452062,-1.2121173156277434e-18,0.0002479183278943117
0.0,-0.016052159276545436,0.0,-0.0013936548685583657,-1.9164852303726096e-18,0.0004737362218041608
0.0,-0.0174776433549981,0.0,-0.001430986733268356,-2.752479014564077e-18,0.0006905424728850725
0.0,-0.01884558374101198,0.0,-0.0014667893628450398,-3.3199264129799005e-18,0.0008986896506093023
0.0,-0.020158241144073046,0.0,-0.0015011238988854596,-3.0420285819897178e-18,0.0010985165177977653
0.0,-0.021417787503777323,0.0,-0.0015340489668416932,-2.796226611132115e-18,0.0012903485741122907
0.0,-0.022626309475468336,0.0,-0.0015656207828791105,-3.2212376846459408e-18,0.0014744985778361952
0.0,-0.023785811779007352,0.0,-0.0015958932560805389,-3.048835036386852e-18,0.0016512670468385661
0.0,-0.02489822041605151,0.0,-0.0016249180862078815,-2.8283793569604307e-18,0.0018209427395823165
0.0,-0.02596538576100155,0.0,-0.0016527448572144785,-2.525564222226786e-18,0.0019838031169939277
0.0,-0.02698908553058065,0.0,-0.0016794211267002392,-2.4849971326719045e-18,0.002140114785982048
0.0,-0.027971027636810697,0.0,-0.0017049925114866662,-2.948071763420185e-18,0.002290133925353398
0.0,-0.028912852927962297,0.0,-0.0017295027694831516,-2.724525467672055e-18,0.0024341066948449716
0.0,-0.029816137821880122,0.0,-0.0017529938780066843,-2.4904240092775166e-18,0.0025722696279589985
0.0,-0.03068239683590654,0.0,-0.0017755061087127624,-3.773140060961241e-18,0.0027048500092599604
0.0,-0.03151308501746674,0.0,-0.0017970780992817646,-3.7814295747286896e-18,0.002832066236759266
0.0,-0.032309600279214146,0.0,-0.001817746922007664,-3.1644243652756717e-18,0.0029541281699947864
0.0,-0.0330732856424832,0.0,-0.001837548149419943,-3.209214133404834e-18,0.0030712374643780465
0.0,-0.03380543139265227,0.0,-0.0018565159170714387,-2.69463586022351e-18,0.003183587892365292
0.0,-0.03450727714987276,0.0,-0.0018746829836140525,-2.4569390976849747e-18,0.0032913656519781374
0.0,-0.03518001385848989,0.0,-0.0018920807882829456,-2.9117749775594603e-18,0.003394749663184546
0.0,-0.03582478569834673,0.0,-0.0019087395058988614,-2.557469598466759e-18,0.0034939118526224693
0.0,-0.036442691921038314,0.0,-0.0019246880995012418,-2.0128503886819177e-18,0.0035890174271342406
0.0,-0.03703478861406443,0.0,-0.001939954370713825,-1.5455704680644841e-18,0.0036802251365580436
0.0,-0.03760209039571126,0.0,-0.0019545650079407376,-1.893419261023471e-18,0.003767687526200961
0.0,-0.038145572043380205,0.0,-0.00196854563249091,-2.0274701670068073e-18,0.0038515511794097036
0.0,-0.038666170057981265,0.0,-0.0019819208427195472,-1.4836381551300304e-18,0.003931956950625435
0.0,-0.03916478416689641,0.0,-0.0019947142562748445,-1.9725684236682278e-18,0.004009040189305472
0.0,-0.039642278767929987,0.0,-0.002006948550531935,-1.6044294894871503e-18,0.004082930955070975
0.0,-0.04009948431655919,0.0,-0.0020186455012956013,-1.9154992494630164e-18,0.004153754224427319
0.0,-0.04053719865871375,0.0,-0.0020298260198452797,-1.7790957932969206e-18,0.004221630089392199
0.0,-0.040956188311222295,0.0,-0.0020405101883990404,-2.4207848612433464e-18,0.0042866739483483005
0.0,-0.041357189691981225,0.0,-0.002050717294060704,-2.3738140710997974e-18,0.004348996689428847
0.0,-0.04174091030181899,0.0,-0.002060465861323289,-2.248634039470382e-18,0.004408704866730059
0.0,-0.042108029859954266,0.0,-0.0020697736831863127,-2.0731710914680947e-18,0.004465900869631489
0.0,-0.04245920139486834,0.0,-0.0020786578509533957,-1.8107394428257443e-18,0.004520683085497296
0.0,-0.042795052292343885,0.0,-0.0020871347827631235,-2.1443797584355094e-18,0.004573146056016293
0.0,-0.043116185302351735,0.0,-0.0020952202509138913,-2.0199256541837377e-18,0.004623380627432695
0.0,-0.04342317950640008,0.0,-0.0021029294080310134,-2.0519949812808196e-18,0.0046714740949056425
0.0,-0.043716591246901366,0.0,-0.0021102768121320165,-2.3118109798581527e-18,0.004717510341229027
0.0,-0.04399695502004521,0.0,-0.0021172764506339065,-2.0122278657136727e-18,0.004761569970131577
0.0,-0.044264784333612694,0.0,-0.0021239417633519553,-1.938070544626484e-18,0.004803730434370549
0.0,-0.044520572531107465,0.0,-0.0021302856645333042,-1.8320607791001035e-18,0.004844066158821755
0.0,-0.044764793583526544,0.0,-0.00213632056396745,-1.734811818020511e-18,0.004882648658763159
0.0,-0.04499790285004135,0.0,-0.0021420583872150344,-1.6723941219933056e-18,0.004919546653538661
0.0,-0.04522033780881,0.0,-0.0021475105949914797,-1.5641711269857102e-18,0.004954826175783771
0.0,-0.045432518759093744,0.0,-0.0021526882017451287,-1.5540664468154433e-18,0.004988550676386503
0.0,-0.045634849495803285,0.0,-0.0021576017934632668,-1.4663040220480961e-18,0.0050207811253498115
0.0,-0.0458277179575596,0.0,-0.002162261544739379,-1.432646154135038e-18,0.005051576108716133
0.0,-0.04601149684930695,0.0,-0.0021666772351350556,-1.3845697310601847e-18,0.005080991921707497
0.0,-0.04618654424047886,0.0,-0.0021708582648671034,-1.2611742768902804e-18,0.00510908265822937
0.0,-0.04635320413967689,0.0,-0.0021748129476563405,-1.2052658118338793e-18,0.005135900382304716
0.0,-0.04651180704678263,0.0,-0.0021785514423594194,-1.1375670252495963e-18,0.005161494866369636
0.0,-0.04666267048339263,0.0,-0.002182081821975228,-1.095293886265089e-18,0.005185914044517478
0.0,-0.04680609950242407,0.0,-0.0021854128177851108,-1.0061502761383377e-18,0.005209203749805039
0.0,-0.046942387177708954,0.0,-0.0021885524548589342,-9.45108738568057e-19,0.005231408122278902
0.0,-0.04707181507436708,0.0,-0.002191508419163058,-9.022944683665812e-19,0.005252569591344412
0.0,-0.04719465370070677,0.0,-0.0021942880740402635,-8.517872433171441e-19,0.005272728940969039
0.0,-0.047311162942381906,0.0,-0.002196898475640661,-7.953142592314093e-19,0.005291925372538029
0.0,-0.04742159247950164,0.0,-0.002199346387389033,-7.217256374978985e-19,0.005310196565438867
0.0,-0.04752618218736225,0.0,-0.0022016382935585656,-7.131596970876503e-19,0.005327578735442194
0.0,-0.04762516252144274,0.0,-0.002203780412016274,-6.660306249456611e-19,0.005344106690950855
0.0,-0.04771875488728415,0.0,-0.002205778706208559,-5.262223806250952e-19,0.005359813887184532
0.0,-0.047807171995845624,0.0,-0.0022076388964409445,-4.4413188374536385e-19,0.005374732478367277
0.0,-0.04789061820490457,0.0,-0.00220936647050349,-3.5187227219858795e-19,0.005388893367981439
0.0,-0.0479692898470551,0.0,-0.002210966693696642,-4.0022754756703074e-19,0.005402326257153576
0.0,-0.04804337554482429,0.0,-0.002212444618297553,-4.376598306375139e-19,0.005415059691232201
0.0,-0.048113056513416415,0.0,-0.0022138050925110133,-3.2972732247264987e-19,0.005427121104620917
0.0,-0.04817850685156937,0.0,-0.002215052768943078,-2.7245610635038675e-19,0.005438536863921487
0.0,-0.048239893820990636,0.0,-0.002216192112632088,-1.5169178301756472e-19,0.005449332309448962
0.0,-0.04829737811482037,0.0,-0.002217227408671882,-9.187100129029503e-20,0.005459531795170936
0.0,-0.048351114115553526,0.0,-0.002218162769455125,-5.437409335403589e-20,0.005469158727126828
0.0,-0.048401250142833724,0.0,-0.002219002141565642,-4.4332629603553704e-20,0.005478235600380302
0.0,-0.04844792869151874,0.0,-0.0022197493123464447,9.696341393423105e-21,0.0054867840345539974
0.0,-0.04849128666039528,0.0,-0.0022204079161657897,1.094533286487722e-19,0.005494824807998777
0.0,-0.048531455571916925,0.0,-0.0022209814404043553,6.518430448892366e-20,0.005502377890642799
0.0,-0.04856856178331066,0.0,-0.0022214732311832616,2.5333872929673457e-20,0.0055094624755703024
0.0,-0.04860272668939536,0.0,-0.0022218864988508666,2.936764183449493e-19,0.00551609700937236
0.0,-0.04863406691743563,0.0,-0.002222224323247835,3.464247940801482e-19,0.005522299221315995
0.0,-0.04866269451434703,0.0,-0.00222248965876172,2.7526444218787865e-19,0.005528086151373481
0.0,-0.04868871712654668,0.0,-0.002222685339190807,3.9378158218788706e-19,0.005533474177152151
0.0,-0.04871223817274416,0.0,-0.0022228140824239687,5.081196113741468e-19,0.0055384790397675935
0.0,-0.048733357009948824,0.0,-0.0022228784949542358,5.141631586430352e-19,0.005543115868696379
0.0,-0.04875216909295484,0.0,-0.0022228810762314837,6.70885766257792e-19,0.005547399205648329
0.0,-0.048768766127568,0.0,-0.0022228242228648477,6.857804063171077e-19,0.00555134302749435
0.0,-0.04878323621781279,0.0,-0.0022227102326870117,6.507346334585589e-19,0.00555496076828557
0.0,-0.04879566400736127,0.0,-0.0022225413086804486,7.147054376402043e-19,0.005558265340398412
0.0,-0.04880613081540737,0.0,-0.0022223195627778703,7.796937216759832e-19,0.00556126915483994
0.0,-0.04881471476720721,0.0,-0.0022220470195406508,9.516412319045807e-19,0.00556398414074509
0.0,-0.04882149091949221,0.0,-0.0022217256197173308,8.656996554965972e-19,0.005566421764098872
0.0,-0.04882653138095813,0.0,-0.002221357223690519,7.016060004482513e-19,0.005568593045713167
0.0,-0.04882990542802388,0.0,-0.0022209436148127124,9.766921594425259e-19,0.005570508578487394
0.0,-0.04883167961604439,0.0,-0.0022204865026342006,8.91524000521951e-19,0.005572178543984648
0.0,-0.048831917886155596,0.0,-0.0022199875260259603,1.008687676159135e-18,0.00557361272834764
0.0,-0.0488306816679257,0.0,-0.0022194482562002036,8.958379600977955e-19,0.005574820537583975
0.0,-0.048828029977974974,0.0,-0.002218870199628816,8.611174245366528e-19,0.0055758110122453835
0.0,-0.04882401951472275,0.0,-0.002218254800861573,9.77973575206426e-19,0.005576592841526052
0.0,-0.04881870474941521,0.0,-0.0022176034452467902,1.0674220947711386e-18,0.005577174376805776
0.0,-0.04881213801357774,0.0,-0.0022169174615533924,9.001783215021254e-19,0.005577563644658841
0.0,-0.048804369583033046,0.0,-0.002216198124497679,1.1293580301788616e-18,0.005577768359352355
0.0,-0.04879544775862273,0.0,-0.0022154466571743833,1.1610233256284833e-18,0.005577795934855665
0.0,-0.04878541894375625,0.0,-0.002214664233393291,1.2930042117159307e-18,0.005577653496380064
0.0,-0.04877432771891601,0.0,-0.0022138519799247062,1.1486759433167048e-18,0.005577347891470058
0.0,-0.048762216913238,0.0,-0.00221301097865033,7.136353689422725e-19,0.005576885700663456
0.0,-0.04874912767327915,0.0,-0.002212142268627576,7.455145031276573e-19,0.005576273247740081
0.0,-0.048735099529089,0.0,-0.002211246848063805,8.574204241753521e-19,0.00557551660957378
0.0,-0.04872017045768036,0.0,-0.0022103256762028905,9.478716119013941e-19,0.005574621625607302
0.0,-0.04870437694401449,0.0,-0.00220937967512811,9.193204186897286e-19,0.0055735939069622795
0.0,-0.04868775403958696,0.0,-0.002208409731482217,9.753894541653263e-19,0.005572438845202191
0.0,-0.04867033541871526,0.0,-0.0022074166981048476,1.230295136983052e-18,0.005571161620760636
0.0,-0.04865215343261569,0.0,-0.002206401395593831,1.1644863675863458e-18,0.00556976721104826
0.0,-0.04863323916135699,0.0,-0.0022053646137886176,1.156907919877194e-18,0.005568260398253762
0.0,-0.04861362246377407,0.0,-0.0022043071131804485,1.1421099466502006e-18,0.005566645776847483
0.0,-0.04859333202542061,0.0,-0.0022032296262510277,9.299389523258393e-19,0.005564927760802624
0.0,-0.048572395404640326,0.0,-0.0022021328587430284,9.560580392833375e-19,0.005563110590543269
0.0,-0.048550839076829194,0.0,-0.0022010174908648258,9.441071059318283e-19,0.005561198339630024
0.0,-0.048528688476958314,0.0,-0.0021998841784314914,8.473906274834997e-19,0.005559194921194856
0.0,-0.04850596804042791,0.0,-0.002198733553945657,9.748824946668714e-19,0.0055571040941325475
0.0,-0.0484827012423176,0.0,-0.0021975662276210507,1.1034928870044813e-18,0.005554929469059449
0.0,-0.04845891063509452,0.0,-0.00219638278835042,1.1981303027171978e-18,0.0055526745140492
0.0,-0.04843461788484122,0.0,-0.0021951838046220325,1.0005878485844482e-18,0.005550342560150594
0.0,-0.0484098438060613,0.0,-0.002193969825384786,1.0180122306504477e-18,0.005547936806699587
0.0,-0.04838460839511844,0.0,-0.002192741380869888,9.667271069976238e-19,0.005545460326430222
0.0,-0.04835893086236164,0.0,-0.0021914989833638023,9.598366949024386e-19,0.005542916070393887
0.0,-0.048332829662988984,0.0,-0.002190243127942135,8.889207345502826e-19,0.005540306872692225
0.0,-0.04830632252670149,0.0,-0.0021889742931629763,1.1398581949588593e-18,0.005537635455031713
0.0,-0.048279426486189825,0.0,-0.0021876929417237105,8.376695781845236e-19,0.005534904431106332
0.0,-0.048252157904503594,0.0,-0.0021863995210805714,9.198382068490979e-19,0.005532116310814119
0.0,-0.048224532501347735,0.0,-0.0021850944640391307,9.022270680258197e-19,0.005529273504314156
0.0,-0.048196565378343555,0.0,-0.0021837781893098477,1.0332228821325061e-18,0.005526378325929151
0.0,-0.048168271043297864,0.0,-0.002182451102037423,1.0199119460171965e-18,0.005523432997900834
0.0,-0.0481396634335228,0.0,-0.0021811135943013513,1.056402247118372e-18,0.005520439654000301
0.0,-0.04811075593823575,0.0,-0.0021797660455927527,9.648745418500212e-19,0.005517400343002639
0.0,-0.048081561420082,0.0,-0.002178408823265692,9.52047155790377e-19,0.0055143170320275355
0.0,-0.04805209223581192,0.0,-0.0021770422829673125,1.0847323862463087e-18,0.005511191609753333
0.0,-0.0480223602561455,0.0,-0.0021756667690469244,9.375249916090822e-19,0.005508025889505805
0.0,-0.047992376884858134,0.0,-0.002174282614945781,1.0184014421428018e-18,0.005504821612230231
0.0,-0.04796215307711563,0.0,-0.002172890143568007,1.0266373353635548e-18,0.005501580449347706
0.0,-0.04793169935709035,0.0,-0.0021714896676359864,9.567272971791945e-19,0.005498304005502422
0.0,-0.04790102583488547,0.0,-0.002170081490028358,1.0510282608500689e-18,0.005494993821201414
0.0,-0.047870142222793684,0.0,-0.002168665904104103,1.0308843825763767e-18,0.005491651375353809
0.0,-0.04783905785091879,0.0,-0.0021672431940117833,9.156965622156552e-19,0.005488278087710178
0.0,-0.047807781682183616,0.0,-0.002165813634987644,9.345020220353592e-19,0.005484875321207914
0.0,-0.04777632232674724,0.0,-0.0021643774936389074,8.252030472408961e-19,0.005481444384225152
0.0,-0.04774468805585874,0.0,-0.0021629350282175437,7.834791768233182e-19,0.005477986532747355
0.0,-0.047712886815163766,0.0,-0.0021614864888833936,8.745366871421236e-19,0.0054745029724476615
0.0,-0.047680926237492205,0.0,-0.002160032117955236,8.264097147657988e-19,0.005470994860688565
0.0,-0.04764881365514045,0.0,-0.0021585721501551423,9.371287919479703e-19,0.005467463308442709
0.0,-0.04761655611167303,0.0,-0.0021571068128411197,1.0617362754200203e-18,0.00546390938214009
0.0,-0.04758416037326104,0.0,-0.002155636326233763,1.1358000186389371e-18,0.005460334105441592
0.0,-0.04755163293957453,0.0,-0.0021541609036332013,1.0759212076180949e-18,0.005456738460943751
0.0,-0.047518980054247005,0.0,-0.0021526807516291787,1.2365303203553955e-18,0.005453123391815686
0.0,-0.04748620771493109,0.0,-0.0021511960703038285,1.3102124916940175e-18,0.005449489803371548
0.0,-0.047453321682956545,0.0,-0.0021497070534290627,1.2844423669571977e-18,0.005445838564581453
0.0,-0.04742032749261036,0.0,-0.0021482138886547153,1.2344654619406581e-18,0.005442170509522092
0.0,-0.047387230460053074,0.0,-0.0021467167576926364,1.132703320642453e-18,0.005438486438770788
0.0,-0.04735403569188415,0.0,-0.0021452158364956907,1.2075723390152676e-18,0.005434787120743444
0.0,-0.04732074809337165,0.0,-0.002143711295428392,1.1473265946650869e-18,0.005431073292979442
0.0,-0.047287372376356614,0.0,-0.0021422032994349873,1.0474502278608914e-18,0.005427345663376917
0.0,-0.047253913066851005,0.0,-0.002140692008200768,1.0772773530067472e-18,0.005423604911376836
0.0,-0.04722037451233345,0.0,-0.0021391775763097017,1.1499460568059256e-18,0.005419851689102796
0.0,-0.04718676088876125,0.0,-0.0021376601533958724,1.1399066865002044e-18,0.005416086622452494
0.0,-0.04715307620730542,0.0,-0.002136139884292494,1.1488906474234208e-18,0.005412310312147571
0.0,-0.047119324320821526,0.0,-0.0021346169091748545,1.17867250273805e-18,0.005408523334741775
0.0,-0.04708550893006728,0.0,-0.002133091363699305,1.1637271333505328e-18,0.005404726243588037
0.0,-0.04705163358967561,0.0,-0.002131563379139821,1.1998954440329665e-18,0.005400919569766895
0.0,-0.047017701713891885,0.0,-0.0021300330825182673,1.291887050871785e-18,0.005397103822979184
0.0,-0.04698371658208782,0.0,-0.0021285005967326964,1.2410813874023e-18,0.005393279492401619
0.0,-0.046949681344058365,0.0,-0.0021269660406820555,1.3364257984024461e-18,0.005389447047509043
0.0,-0.04691559902510986,0.0,-0.002125429529386243,1.2735285680860125e-18,0.0053856069388634065
0.0,-0.046881472530948896,0.0,-0.0021238911741026474,1.3464425546528252e-18,0.0053817595988714575
0.0,-0.046847304652377963,0.0,-0.0021223510824415074,1.2387222808197969e-18,0.005377905442512171
0.0,-0.0468130980698105,0.0,-0.0021208093584759555,1.3224451034228567e-18,0.005374044868034371
0.0,-0.04677885535760369,0.0,-0.0021192661028495994,1.4068622707499447e-18,0.005370178257627485
0.0,-0.04674457898822432,0.0,-0.0021177214128809546,1.3519944614817591e-18,0.0053663059780648305
0.0,-0.04671027133625058,0.0,-0.002116175382665642,1.4288924621243982e-18,0.0053624283813205895
0.0,-0.04667593468221533,0.0,-0.0021146281031747313,1.5681823788067328e-18,0.0053585458051638255
0.0,-0.046641571216301705,0.0,-0.0021130796623513573,1.4793510416679497e-18,0.005354658573726321
0.0,-0.04660718304188767,0.0,-0.0021115301452030786,1.4992129003851627e-18,0.005350766998049435
0.0,-0.04657277217895907,0.0,-0.002109979633893475,1.4915687016629934e-18,0.005346871376608646
0.0,-0.0465383405673822,0.0,-0.0021084282078303765,1.5385391603141491e-18,0.005342971995815965
0.0,-0.04650389007005131,0.0,-0.002106875943750251,1.4703333586418439e-18,0.005339069130504309
0.0,-0.046469422475911425,0.0,-0.002105322915802795,1.4834446811866142e-18,0.005335163044389908
0.0,-0.04643493950286318,0.0,-0.0021037691956316213,1.3889961649001615e-18,0.0053312539905181954
0.0,-0.046400442800551625,0.0,-0.0021022148524512006,1.1867949617103663e-18,0.005327342211691053
0.0,-0.04636593395304877,0.0,-0.0021006599531254526,1.1719671019104092e-18,0.005323427940876497
0.0,-0.04633141448142736,0.0,-0.0020991045622403993,1.091093727670839e-18,0.0053195114016021125
0.0,-0.04629688584623625,0.0,-0.002097548742175976,8.797430994577978e-19,0.005315592808333994
0.0,-0.0462623494498775,0.0,-0.00209599255317686,8.772661495138755e-19,0.005311672366837612
0.0,-0.04622780663888953,0.0,-0.002094436053419762,7.932460597761127e-19,0.005307750274527347
0.0,-0.046193258706141924,0.0,-0.002092879299078927,8.246009187078457e-19,0.005303826720799972
0.0,-0.0461587068929431,0.0,-0.0020913223443908497,8.661795553822719e-19,0.005299901887354674
0.0,-0.046124152391065404,0.0,-0.002089765241715836,8.445197164300731e-19,0.005295975948502151
0.0,-0.04608959634469075,0.0,-0.002088208041597787,6.979700142791648e-19,0.005292049071459135
0.0,-0.0460550398522813,0.0,-0.002086650792824145,5.928238333554475e-19,0.005288121416631566
0.0,-0.046020483968372446,0.0,-0.0020850935424809387,5.053314457191551e-19,0.005284193137887637
0.0,-0.045985929705300674,0.0,-0.002083536336008616,5.387577643371148e-19,0.0052802643828185345
0.0,-0.045951378034860976,0.0,-0.0020819792172553342,5.460763885153485e-19,0.005276335292988569
0.0,-0.045916829889897565,0.0,-0.002080422228528787,5.675713565085687e-19,0.005272406004176868
0.0,-0.045882286165836075,0.0,-0.002078865410645818,5.832743019451175e-19,0.005268476646607496
0.0,-0.045847747722151895,0.0,-0.00207730880298249,5.371410272666475e-19,0.0052645473451712775
0.0,-0.045813215383783565,0.0,-0.002075752443519696,6.011748428591767e-19,0.005260618219638946
0.0,-0.04577868994248834,0.0,-0.0020741963688895304,6.471183756967016e-19,0.005256689384864393
0.0,-0.04574417215814675,0.0,-0.0020726406144206838,5.331464026267372e-19,0.005252760950981628
0.0,-0.04570966276001411,0.0,-0.002071085214179722,5.36833512693342e-19,0.00524883302359261
0.0,-0.045675162447923925,0.0,-0.0020695302010139277,5.804018610528067e-19,0.0052449057039474795
0.0,-0.04564067189344387,0.0,-0.0020679756065910557,5.67525579306968e-19,0.005240979089117737
0.0,-0.04560619174098639,0.0,-0.002066421461439498,5.684384002952243e-19,0.00523705327216339
0.0,-0.04557172260887501,0.0,-0.002064867794984893,4.198806180522424e-19,0.005233128342291408
0.0,-0.04553726509036935,0.0,-0.0020633146355873086,4.824611581769646e-19,0.005229204385010136
0.0,-0.04550281975465159,0.0,-0.0020617620105783463,4.89917264273397e-19,0.005225281482275046
0.0,-0.04546838714776986,0.0,-0.002060209946292467,4.8799546849087775e-19,0.005221359712631196
0.0,-0.04543396779354881,0.0,-0.002058658468103669,5.660329314234456e-19,0.005217439151347538
0.0,-0.045399562194462964,0.0,-0.0020571076004557995,6.04219994161577e-19,0.005213519870547954
0.0,-0.045365170832474766,0.0,-0.0020555573668943174,7.218134510296511e-19,0.005209601939335101
0.0,-0.045330794169840996,0.0,-0.00205400779009707,8.298117983458398e-19,0.005205685423910599
0.0,-0.045296432649887676,0.0,-0.0020524588919031755,7.233499465627688e-19,0.005201770387690439
0.0,-0.04526208669775258,0.0,-0.002050910693341538,7.217731965118655e-19,0.005197856891414184
0.0,-0.0452277567211025,0.0,-0.002049363214658272,7.174035331907213e-19,0.005193944993252106
0.0,-0.04519344311081668,0.0,-0.0020478164753437653,6.424559433046339e-19,0.00519003474890585
0.0,-0.04515914624164875,0.0,-0.00204627049415804,5.415145061663897e-19,0.005186126211706828
0.0,-0.04512486647286045,0.0,-0.0020447252891551138,5.624991310224274e-19,0.005182219432708642
0.0,-0.045090604148829296,0.0,-0.002043180877708463,6.408435901716456e-19,0.005178314460778489
0.0,-0.045056359599634985,0.0,-0.002041637276533601,6.733744007102802e-19,0.005174411342682148
0.0,-0.045022133141620534,0.0,-0.00204009450171038,7.3089272093082055e-19,0.005170510123167191
0.0,-0.04498792507793258,0.0,-0.0020385525687050534,8.143979844895728e-19,0.0051666108450427505
0.0,-0.04495373569903951,0.0,-0.0020370114923918387,8.15025862480803e-19,0.005162713549254918
0.0,-0.0449195652832313,0.0,-0.002035471287072732,7.340503581043566e-19,0.005158818274961301
0.0,-0.04488541409709703,0.0,-0.0020339319664977413,8.052663034672694e-19,0.005154925059599763
0.0,-0.04485128239598504,0.0,-0.002032393543883582,7.977347437919955e-19,0.005151033938956507
0.0,-0.044817170424445385,0.0,-0.002030856031932166,8.334257511105142e-19,0.005147144947231129
0.0,-0.044783078416655006,0.0,-0.0020293194428492194,8.498850661177975e-19,0.005143258117098382
0.0,-0.04474900659682364,0.0,-0.002027783788360463,9.424988919605947e-19,0.00513937347976731
0.0,-0.0447149551795875,0.0,-0.002026249079728974,9.48168832807221e-19,0.005135491065039287
0.0,-0.04468092437038536,0.0,-0.002024715327771013,1.0160525759926454e-18,0.00513161090136261
0.0,-0.04464691436582038,0.0,-0.0020231825428723973,8.994013565983456e-19,0.0051277330158843665
0.0,-0.044612925354007175,0.0,-0.0020216507350021445,9.31971432992668e-19,0.0051238574345026
0.0,-0.04457895751490557,0.0,-0.00202011991372843,8.177725297799621e-19,0.0051199841819137195
0.0,-0.04454501102064288,0.0,-0.002018590088231874,8.144283111224049e-19,0.005116113281659047
0.0,-0.04451108603581971,0.0,-0.0020170612673194696,9.243382623593634e-19,0.005112244756170188
0.0,-0.0444771827178086,0.0,-0.0020155334594377703,8.753227243266554e-19,0.005108378626811229
0.0,-0.04444330121703619,0.0,-0.0020140066726854647,8.846193502028865e-19,0.005104514913920605
0.0,-0.04440944167725826,0.0,-0.002012480914825499,9.119282058911008e-19,0.005100653636849836
0.0,-0.044375604235821424,0.0,-0.002010956193297682,9.138945539869623e-19,0.005096794814001966
0.0,-0.044341789023914675,0.0,-0.0020094325152285987,8.412148682744177e-19,0.005092938462868111
0.0,-0.044307996166813586,0.0,-0.0020079098874447986,8.62154225806315e-19,0.005089084600062192
0.0,-0.0442742257841115,0.0,-0.002006388316481796,8.641640342614781e-19,0.005085233241353924
0.0,-0.04424047798994411,0.0,-0.0020048678085953604,9.362394802567695e-19,0.005081384401701805
0.0,-0.044206752893203256,0.0,-0.002003348369770575,8.056215675107341e-19,0.005077538095283491
0.0,-0.04417305059774559,0.0,-0.0020018300057326383,7.641324501578767e-19,0.0050736943355258815
0.0,-0.04413937120258822,0.0,-0.0020003127219555303,7.433724526751717e-19,0.00506985313513271
0.0,-0.044105714802101306,0.0,-0.001998796523670572,6.769419783241278e-19,0.005066014506113
0.0,-0.044072081486189595,0.0,-0.0019972814158762545,6.027715522163107e-19,0.005062178459806139
0.0,-0.04403847134046974,0.0,-0.0019957674033456185,6.572282981389644e-19,0.005058345006907746
0.0,-0.04400488444643878,0.0,-0.0019942544906350443,6.668481643992889e-19,0.005054514157493658
0.0,-0.043971320881635564,0.0,-0.0019927426820914736,6.806677774884265e-19,0.005050685921042409
0.0,-0.04393778071979798,0.0,-0.001991231981860304,6.581759231472519e-19,0.005046860306458641
0.0,-0.04390426403101206,0.0,-0.001989722393892873,6.38150546682792e-19,0.00504303732209333
0.0,-0.043870770881856834,0.0,-0.001988213921953322,6.784640655355539e-19,0.00503921697576492
0.0,-0.04383730133554119,0.0,-0.0019867065696250346,7.3563042571873315e-19,0.005035399274778484
0.0,-0.04380385545203831,0.0,-0.0019852003403178554,8.074999613878608e-19,0.005031584225945094
0.0,-0.04377043328821208,0.0,-0.001983695237274093,7.749115637862206e-19,0.005027771835599203
0.0,-0.04373703489794025,0.0,-0.001982191263574534,8.494187848056933e-19,0.0050239621096164
0.0,-0.04370366033223215,0.0,-0.0019806884221446534,8.812460238466121e-19,0.0050201550534304
0.0,-0.04367030963934237,0.0,-0.0019791867157605463,9.120921034925426e-19,0.005016350672048126
0.0,-0.04363698286487897,0.0,-0.001977686147053298,9.085073227145398e-19,0.005012548970065743
0.0,-0.043603680051908025,0.0,-0.0019761867185156276,9.657149498771538e-19,0.005008749951683334
0.0,-0.04357040124105475,0.0,-0.0019746884325068824,9.099379396729054e-19,0.005004953620718575
0.0,-0.04353714647059836,0.0,-0.0019731912912570606,8.395208632852342e-19,0.005001159980620636
0.0,-0.043503915776566184,0.0,-0.001971695296872071,9.029790551006323e-19,0.0049973690344831505
0.0,-0.04347070919282165,0.0,-0.001970200451339039,8.765259956856083e-19,0.004993580785056108
0.0,-0.04343752675115124,0.0,-0.001968706756530199,8.028813674115743e-19,0.0049897952347589996
0.0,-0.04340436848134543,0.0,-0.0019672142142071916,8.552811280473263e-19,0.0049860123856914065
0.0,-0.04337123441127706,0.0,-0.0019657228260250904,8.734997545540344e-19,0.004982232239643917
0.0,-0.04333812456697928,0.0,-0.001964232593536807,8.252489279838742e-19,0.004978454798109274
0.0,-0.043305038972716335,0.0,-0.0019627435181969986,7.784051092033289e-19,0.004974680062292249
0.0,-0.04327197765105484,0.0,-0.001961255601365523,8.128760309278363e-19,0.004970908033119247
0.0,-0.04323894062293022,0.0,-0.001959768844311423,8.365890272501351e-19,0.004967138711247961
0.0,-0.043205927907712,0.0,-0.0019582832482160366,8.605807530828064e-19,0.004963372097075922
0.0,-0.04317293952326479,0.0,-0.001956798814176561,8.780130690153691e-19,0.004959608190749625
0.0,-0.04313997548601013,0.0,-0.0019553155432101366,8.508763040110446e-19,0.004955846992172381
0.0,-0.043107035810981,0.0,-0.0019538334362550675,8.730012458104133e-19,0.004952088501012158
0.0,-0.043074120511878644,0.0,-0.0019523524941760803,9.341387646753684e-19,0.004948332716709863
0.0,-0.04304122960112525,0.0,-0.0019508727177661941,8.016805892952076e-19,0.004944579638485606
0.0,-0.04300836308991358,0.0,-0.001949394107749064,7.497044698803046e-19,0.004940829265346726
0.0,-0.042975520988257805,0.0,-0.0019479166647829711,7.819109935707094e-19,0.004937081596093919
0.0,-0.04294270330503876,0.0,-0.0019464403894628778,8.13697985388914e-19,0.004933336629327747
0.0,-0.04290991004804918,0.0,-0.0019449652823230346,8.222857261241427e-19,0.004929594363455271
0.0,-0.042877141224037886,0.0,-0.0019434913438394071,7.876536070722028e-19,0.004925854796695029
0.0,-0.0428443968387502,0.0,-0.0019420185744324042,7.803069458293346e-19,0.0049221179270839245
0.0,-0.04281167689696907,0.0,-0.0019405469744688674,7.712105124727349e-19,0.004918383752482173
0.0,-0.042778981402552235,0.0,-0.0019390765442645196,7.544737469458528e-19,0.004914652270578272
0.0,-0.04274631035846991,0.0,-0.0019376072840863977,6.841411108380642e-19,0.0049109234788944234
0.0,-0.042713663766839986,0.0,-0.0019361391941549737,6.72208222251922e-19,0.004907197374791556
0.0,-0.042681041628962156,0.0,-0.0019346722746451813,6.746732940907298e-19,0.004903473955473506
0.0,-0.042648443945350986,0.0,-0.0019332065256905436,7.276691860496714e-19,0.004899753217991956
0.0,-0.042615870715765634,0.0,-0.0019317419473823354,7.753878077520577e-19,0.004896035159250203
0.0,-0.04258332193924247,0.0,-0.0019302785397743224,8.728183393725014e-19,0.004892319776008066
0.0,-0.042550797614121665,0.0,-0.0019288163028826106,9.60277243238718e-19,0.004888607064885079
0.0,-0.04251829773807748,0.0,-0.0019273552366879032,9.21428476631217e-19,0.004884897022365157
0.0,-0.04248582230814302,0.0,-0.001925895341137977,8.341688436959194e-19,0.004881189644799084
0.0,-0.04245337132073656,0.0,-0.001924436616147946,8.750455791951119e-19,0.004877484928409393
0.0,-0.0424209447716868,0.0,-0.0019229790616039088,9.329417092888253e-19,0.00487378286929284
0.0,-0.04238854265625583,0.0,-0.0019215226773615765,9.565488722947272e-19,0.004870083463424118
0.0,-0.04235616496916263,0.0,-0.0019200674632513103,9.060323022049347e-19,0.004866386706658532
0.0,-0.042323811704603774,0.0,-0.0019186134190768088,8.390375335402326e-19,0.004862692594735884
0.0,-0.04229148285627647,0.0,-0.001917160544617998,8.033509890323782e-19,0.004859001123282403
0.0,-0.04225917841739615,0.0,-0.0019157088396317885,8.260917402818295e-19,0.004855312287814244
0.0,-0.04222689838071882,0.0,-0.0019142583038540704,8.454197078305198e-19,0.004851626083739949
0.0,-0.042194642738556894,0.0,-0.0019128089370006038,8.168648308894696e-19,0.004847942506363046
0.0,-0.04216241148279955,0.0,-0.0019113607387683494,8.334836560167519e-19,0.004844261550884782
0.0,-0.04213020460492796,0.0,-0.0019099137088370937,8.426924203237427e-19,0.004840583212406158
0.0,-0.042098022096032986,0.0,-0.0019084678468702274,8.655842503094552e-19,0.004836907485930886
0.0,-0.04206586394683108,0.0,-0.0019070231525164438,8.439941219284486e-19,0.004833234366366593
0.0,-0.0420337301476787,0.0,-0.001905579625410289,8.778758877808784e-19,0.004829563848528277
0.0,-0.04200162068858791,0.0,-0.0019041372651743581,8.665780214626307e-19,0.004825895927140004
0.0,-0.04196953555924036,0.0,-0.0019026960714193363,4.764230533116741e-19,0.004822230596836082
0.0,-0.04193747474899983,0.0,-0.001901256043745886,4.43659524805433e-19,0.004818567852164487
0.0,-0.04190543824692639,0.0,-0.00189981718174526,3.761784323570433e-19,0.004814907687587519
0.0,-0.0418734260417884,0.0,-0.0018983794850008632,4.627339024783635e-19,0.004811250097484822
0.0,-0.041841438122074984,0.0,-0.00189694295308882,4.671634127076091e-19,0.004807595076153736
0.0,-0.04180947447600633,0.0,-0.0018955075855795888,4.620698385013163e-19,0.0048039426178128715
0.0,-0.04177753509154597,0.0,-0.001894073382038423,5.147594274312712e-19,0.004800292716602079
0.0,-0.04174561995641116,0.0,-0.0018926403420265058,5.113620055068395e-19,0.004796645366585123
0.0,-0.04171372905808314,0.0,-0.0018912084651024413,5.136853438562628e-19,0.004793000561751275
0.0,-0.041681862383816624,0.0,-0.0018897777508222584,5.31053985457848e-19,0.004789358296016214
0.0,-0.04165001992064932,0.0,-0.0018883481987418914,5.775592299814414e-19,0.004785718563224328
0.0,-0.04161820165541092,0.0,-0.0018869198084161775,5.294849737556698e-19,0.004782081357149974
0.0,-0.04158640757473246,0.0,-0.0018854925794018656,5.405428940029944e-19,0.004778446671498541
0.0,-0.041554637665053774,0.0,-0.001884066511256768,5.374370273481439e-19,0.00477481449990842
0.0,-0.041522891912632656,0.0,-0.0018826416035417166,5.782739480273505e-19,0.004771184835951929
0.0,-0.0414911703035506,0.0,-0.0018812178558216134,6.018939748680838e-19,0.004767557673137228
0.0,-0.0414594728237229,0.0,-0.0018797952676650512,5.652729029485818e-19,0.0047639330049090755
0.0,-0.04142779945890384,0.0,-0.0018783738386470828,5.706928534103336e-19,0.00476031082465099
0.0,-0.04139615019469336,0.0,-0.0018769535683488099,5.862193494714908e-19,0.0047566911256853315
0.0,-0.041364525016545584,0.0,-0.0018755344563585264,5.606794146880831e-19,0.004753073901275962
0.0,-0.04133292390977304,0.0,-0.001874116502272535,5.61801017757956e-19,0.004749459144628129
0.0,-0.04130134685955441,0.0,-0.0018726997056966266,5.256030592422397e-19,0.004745846848891219
0.0,-0.041269793850938485,0.0,-0.001871284066246346,5.051065844373721e-19,0.004742237007158379
0.0,-0.0412382648688518,0.0,-0.0018698695835479234,5.477268956358867e-19,0.004738629612469035
0.0,-0.041206759898102366,0.0,-0.001868456257239794,5.1462434511748725e-19,0.004735024657809703
0.0,-0.04117527892338631,0.0,-0.0018670440869724596,5.687736546016592e-19,0.004731422136114436
0.0,-0.04114382192929082,0.0,-0.0018656330724097555,6.053276824903446e-19,0.0047278220402676985
0.0,-0.041112388900301666,0.0,-0.00186422321323039,6.371263907976718e-19,0.004724224363103646
0.0,-0.04108097982080478,0.0,-0.0018628145091280526,6.576945013106119e-19,0.004720629097408919
0.0,-0.041049594675093226,0.0,-0.0018614069598126186,6.439951894030427e-19,0.004717036235922494
0.0,-0.041018233447369906,0.0,-0.0018600005650102512,6.1252393991803565e-19,0.00471344577133811
0.0,-0.04098689612175212,0.0,-0.0018585953244662269,6.043163254348295e-19,0.004709857696304219
0.0,-0.040955582682275254,0.0,-0.0018571912379432597,4.9827088568246245e-19,0.004706272003426267
0.0,-0.04092429311289721,0.0,-0.0018557883052245463,4.949972547570449e-19,0.0047026886852668
0.0,-0.040893027397500725,0.0,-0.0018543865261134243,5.184346845040035e-19,0.004699107734347946
0.0,-0.040861785519898206,0.0,-0.0018529859004348097,4.95768343920099e-19,0.0046955291431511345
0.0,-0.04083056746383434,0.0,-0.0018515864280357498,5.128721641461444e-19,0.004691952904119533
0.0,-0.040799373212988974,0.0,-0.001850188108786682,5.152058406395911e-19,0.0046883790096584246
0.0,-0.04076820275098097,0.0,-0.0018487909425818289,4.798431494546028e-19,0.004684807452136952
0.0,-0.04073705606137056,0.0,-0.0018473949293409061,5.115464607636474e-19,0.004681238223888702
0.0,-0.040705933127663206,0.0,-0.0018460000690098427,4.360979938419281e-19,0.004677671317213664
0.0,-0.0406748339333101,0.0,-0.0018446063615601511,3.961346495779992e-19,0.004674106724379162
0.0,-0.040643758461713156,0.0,-0.0018432138069926216,4.172455623032202e-19,0.004670544437620431
0.0,-0.040612706696226304,0.0,-0.0018418224053363774,4.36107842968112e-19,0.004666984449143124
0.0,-0.04058167862015791,0.0,-0.001840432156649693,3.855476902694531e-19,0.004663426751123701
0.0,-0.04055067421677387,0.0,-0.0018390430610226301,3.493096475521854e-19,0.004659871335710484
0.0,-0.04051969346929818,0.0,-0.0018376551185758127,3.3189187275748614e-19,0.004656318195026307
0.0,-0.040488736360917967,0.0,-0.001836268329463595,3.2224500545266907e-19,0.0046527673211678765
0.0,-0.04045780287478207,0.0,-0.0018348826938732268,3.7514615413592007e-19,0.0046492187062085735
0.0,-0.040426892994005176,0.0,-0.0018334982120269871,4.2864960515467245e-19,0.004645672342199616
0.0,-0.040396006701669616,0.0,-0.0018321148841830546,4.557355279954966e-19,0.004642128221170568
0.0,-0.04036514398082625,0.0,-0.0018307327106352387,3.7474028376241706e-19,0.004638586335131643
0.0,-0.040334304814497374,0.0,-0.0018293516917166196,3.555646830354587e-19,0.00463504667607455
0.0,-0.04030348918567722,0.0,-0.0018279718277979598,3.521513285579458e-19,0.004631509235973914
0.0,-0.040272697077334434,0.0,-0.0018265931192905475,3.927181817687997e-19,0.004627974006789336
0.0,-0.040241928472412807,0.0,-0.0018252155666465151,3.5838105345305276e-19,0.004624440980465973
0.0,-0.040211183353833835,0.0,-0.0018238391703592892,3.911242306663168e-19,0.0046209101489366605
0.0,-0.04018046170449772,0.0,-0.0018224639309666803,4.251089893686999e-19,0.004617381504122807
0.0,-0.040149763507283706,0.0,-0.0018210898490495615,3.902541184631569e-19,0.004613855037936553
0.0,-0.040119088745053016,0.0,-0.0018197169252351106,4.131477596887919e-19,0.0046103307422821465
0.0,-0.040088437400649254,0.0,-0.0018183451601967349,5.37784423451125e-19,0.004606808609056891
0.0,-0.04005780945689954,0.0,-0.0018169745546551834,5.680937909918693e-19,0.004603288630153629
0.0,-0.040027204896616236,0.0,-0.0018156051093803586,5.529038786478174e-19,0.0045997707974618
0.0,-0.0399966237025972,0.0,-0.0018142368251922196,6.040035967846987e-19,0.004596255102869307
0.0,-0.03996606585762791,0.0,-0.0018128697029623068,6.016466901340268e-19,0.004592741538263828
0.0,-0.03993553134448167,0.0,-0.0018115037436142512,6.551630457257374e-19,0.004589230095535289
0.0,-0.03990502014592092,0.0,-0.0018101389481252003,6.324913266661053e-19,0.004585720766576435
0.0,-0.03987453224469841,0.0,-0.001808775317528208,6.648117929173071e-19,0.00458221354328564
0.0,-0.03984406762355755,0.0,-0.0018074128529116575,6.781952156575656e-19,0.0045787084175678925
0.0,-0.0398136262652332,0.0,-0.0018060515554216502,6.204201518639977e-19,0.004575205381337547
0.0,-0.03978320815245421,0.0,-0.0018046914262636602,6.838959082890113e-19,0.0045717044265186696
0.0,-0.03975281326794157,0.0,-0.00180333246670314,6.922618009956624e-19,0.004568205545048398
0.0,-0.03972244159441155,0.0,-0.0018019746780670496,6.697808704483049e-19,0.004564708728877989
0.0,-0.03969209311457504,0.0,-0.0018006180617451543,6.767387798578749e-19,0.004561213969974659
0.0,-0.03966176781113844,0.0,-0.0017992626191917552,7.055219893410084e-19,0.00455772126032401
0.0,-0.03963146566680502,0.0,-0.001797908351926871,6.406668801030917e-19,0.0045542305919320574
0.0,-0.03960118666427485,0.0,-0.0017965552615374903,7.712773300233666e-19,0.00455074195682642
0.0,-0.03957093078624605,0.0,-0.0017952033496791333,7.409551761444077e-19,0.004547255347058927
0.0,-0.03954069801541486,0.0,-0.001793852618078142,6.894513543198462e-19,0.004543770754707818
0.0,-0.03951048833447596,0.0,-0.0017925030685314815,8.398822024070319e-19,0.004540288171879467
0.0,-0.039480301726124926,0.0,-0.001791154702910191,8.717350083365384e-19,0.004536807590710655
0.0,-0.0394501381730562,0.0,-0.0017898075231590667,8.97901045035653e-19,0.0045333290033710005
0.0,-0.03941999765796504,0.0,-0.0017884615312998527,8.781584431237896e-19,0.0045298524020642664
0.0,-0.03938988016354774,0.0,-0.0017871167294314086,8.996882543215864e-19,0.004526377779031555
0.0,-0.0393597856725024,0.0,-0.0017857731197328908,9.748378137189855e-19,0.004522905126553074
0.0,-0.03932971416752843,0.0,-0.0017844307044638285,9.971087388957233e-19,0.0045194344369504065
0.0,-0.03929966563132832,0.0,-0.0017830894859667433,1.0931793966933024e-18,0.004515965702588714
0.0,-0.03926964004660754,0.0,-0.0017817494666687622,1.0643604777636014e-18,0.004512498915879753
0.0,-0.03923963739607397,0.0,-0.0017804106490828739,1.0610236477207874e-18,0.004509034069283123
0.0,-0.03920965766244003,0.0,-0.0017790730358104765,9.982717244761387e-19,0.004505571155309437
0.0,-0.03917970082842142,0.0,-0.0017777366295421149,9.821110898226574e-19,0.004502110166522791
0.0,-0.039149766876738934,0.0,-0.0017764014330601083,1.0597349382820285e-18,0.004498651095542626
0.0,-0.0391198557901172,0.0,-0.0017750674492400583,1.0224983992160341e-18,0.004495193935046705
0.0,-0.039089967551286665,0.0,-0.0017737346810530767,1.06091914400493e-18,0.0044917386777734115
0.0,-0.03906010214298295,0.0,-0.0017724031315671245,1.0256705547340188e-18,0.004488285316524782
0.0,-0.039030259547947,0.0,-0.0017710728039494288,1.0223509285084136e-18,0.004484833844168066
0.0,-0.03900043974892595,0.0,-0.0017697437014675816,8.830942000647007e-19,0.004481384253639368
0.0,-0.03897064272867316,0.0,-0.0017684158274935032,8.297466725887953e-19,0.004477936537945697
0.0,-0.03894086846994897,0.0,-0.001767089185503059,8.936931806614906e-19,0.004474490690167754
0.0,-0.03891111695551966,0.0,-0.0017657637790798443,8.910384854725716e-19,0.004471046703462846
0.0,-0.038881388168158726,0.0,-0.0017644396119163067,8.499619240471418e-19,0.004467604571067198
0.0,-0.03885168209064729,0.0,-0.0017631166878169097,8.791408545352233e-19,0.004464164286299294
0.0,-0.038821998705773526,0.0,-0.001761795010698988,9.112365560940224e-19,0.004460725842561844
0.0,-0.03879233799633354,0.0,-0.0017604745845967956,9.00231190993181e-19,0.004457289233345408
0.0,-0.038762699945131235,0.0,-0.001759155413661181,7.804575635557449e-19,0.004453854452230974
0.0,-0.03873308453497859,0.0,-0.0017578375021648808,8.847595577369675e-19,0.0044504214928923706
0.0,-0.03870349174869598,0.0,-0.0017565208545025628,8.832024447109004e-19,0.004446990349100066
0.0,-0.03867392156911216,0.0,-0.0017552054751945206,8.965106199990096e-19,0.004443561014722957
0.0,-0.03864437397906485,0.0,-0.0017538913688884322,9.643941884975837e-19,0.004440133483732461
0.0,-0.03861484896139986,0.0,-0.0017525785403623235,1.0262834867213571e-18,0.0044367077502048356
0.0,-0.038585346498972786,0.0,-0.0017512669945266269,1.1192294472116589e-18,0.004433283808324187
0.0,-0.038555866574647706,0.0,-0.0017499567364276253,9.889189285089822e-19,0.00442986165238579
0.0,-0.03852640917129841,0.0,-0.0017486477712488975,9.761544496786778e-19,0.004426441276799185
0.0,-0.038496974271807996,0.0,-0.0017473401043152238,1.0563726742311648e-18,0.004423022676090625
0.0,-0.038467561859069174,0.0,-0.0017460337410944648,1.1193575946706475e-18,0.004419605844906923
0.0,-0.03843817191598384,0.0,-0.001744728687201069,1.0697648580259885e-18,0.004416190778018257
0.0,-0.0384088044254647,0.0,-0.0017434249483983472,1.0777786648525507e-18,0.004412777470321634
0.0,-0.03837945937043351,0.0,-0.0017421225306018784,1.1604205697978324e-18,0.0044093659168434095
0.0,-0.038350136733822496,0.0,-0.0017408214398823324,1.1598056251535948e-18,0.004405956112743045
0.0,-0.03832083649857391,0.0,-0.0017395216824684185,1.1675803397908652e-18,0.004402548053316349
0.0,-0.03829155864764017,0.0,-0.001738223264750499,1.1810066227667596e-18,0.0043991417339985135
0.0,-0.03826230316398441,0.0,-0.00173692619328321,1.179320041587971e-18,0.004395737150367189
0.0,-0.03823307003057997,0.0,-0.0017356304747893376,1.1572538209219648e-18,0.004392334298146285
0.0,-0.03820385923041102,0.0,-0.0017343361161624908,1.1446657788808317e-18,0.004388933173209161
0.0,-0.03817467074647174,0.0,-0.001733043124471109,1.1062715733375627e-18,0.004385533771581679
0.0,-0.038145504561767296,0.0,-0.0017317515069622388,1.1827732124025664e-18,0.0043821360894455335
0.0,-0.03811636065931444,0.0,-0.0017304612710641338,1.2603409012418278e-18,0.0043787401231421596
0.0,-0.03808723902213991,0.0,-0.001729172424391163,1.2001086361330731e-18,0.004375345869175444
0.0,-0.03805813963328145,0.0,-0.001727884974746683,1.1636859119407576e-18,0.004371953324215851
0.0,-0.03802906247578845,0.0,-0.0017265989301272731,1.1263379842568908e-18,0.004368562485103089
0.0,-0.03800000753272112,0.0,-0.0017253142987270081,1.0935179467047068e-18,0.00436517334885001
0.0,-0.03797097478715042,0.0,-0.0017240310889410633,1.0986273732156151e-18,0.00436178591264642
0.0,-0.03794196422215882,0.0,-0.0017227493093702863,1.1427727158279727e-18,0.004358400173861545
0.0,-0.03791297582084032,0.0,-0.0017214689688251261,1.119823770688014e-18,0.004355016130048425
0.0,-0.03788400956629984,0.0,-0.0017201900763304688,1.2375708324283212e-18,0.004351633778947349
0.0,-0.03785506544165409,0.0,-0.0017189126411302597,1.2006401750717421e-18,0.004348253118488601
0.0,-0.03782614343003107,0.0,-0.0017176366726914304,1.2344488455318975e-18,0.004344874146797117
0.0,-0.037797243514569916,0.0,-0.0017163621807096924,1.1999453678890338e-18,0.004341496862195146
0.0,-0.03776836567842175,0.0,-0.0017150891751134712,1.1949288931749208e-18,0.004338121263206166
0.0,-0.0377395099047493,0.0,-0.0017138176660699022,1.1397495162353028e-18,0.004334747348558837
0.0,-0.03771067617672628,0.0,-0.0017125476639892325,9.93161819741732e-19,0.004331375117189861
0.0,-0.03768186447753933,0.0,-0.001711279179531033,9.42376712420026e-19,0.004328004568248001
0.0,-0.03765307479038534,0.0,-0.001710012223609031,5.433383498148456e-19,0.004324635701097863
0.0,-0.03762430709847368,0.0,-0.0017087468073968956,6.116395242410815e-19,0.004321268515322909
0.0,-0.037595561385025594,0.0,-0.0017074829423344435,3.95178666381271e-19,0.0043179030107300415
0.0,-0.03756683763327401,0.0,-0.0017062206401331518,5.05524041648896e-19,0.004314539187352538
0.0,-0.037538135826463516,0.0,-0.0017049599127831499,4.04327151502676e-19,0.004311177045454057
0.0,-0.03750945594785042,0.0,-0.0017037007725585625,3.033977092066192e-19,0.0043078165855318495
0.0,-0.03748079798070342,0.0,-0.0017024432320250445,2.8849472384140503e-19,0.004304457808321374
0.0,-0.03745216190830304,0.0,-0.0017011873040461358,4.1637826951424074e-19,0.0043011007147988126
0.0,-0.03742354771394129,0.0,-0.00169993300179007,3.417067611423472e-19,0.004297745306186215
0.0,-0.03739495538092272,0.0,-0.001698680338737909,3.863098024448029e-19,0.004294391583953674
0.0,-0.03736638489256331,0.0,-0.0016974293286898465,2.839329230813838e-19,0.0042910395498247985
0.0,-0.03733783623219159,0.0,-0.0016961799857737416,3.608193517893903e-19,0.004287689205778411
0.0,-0.03730930938314758,0.0,-0.0016949323244528542,3.734007613661921e-19,0.004284340554054657
0.0,-0.03728080432878403,0.0,-0.0016936863595338257,3.565526287318871e-19,0.004280993597156638
0.0,-0.03725232105246528,0.0,-0.0016924421061757032,3.414093655058882e-19,0.004277648337855852
0.0,-0.0372238595375675,0.0,-0.0016911995798982902,3.0539359181517334e-19,0.004274304779195009
0.0,-0.03719541976747943,0.0,-0.0016899587965916276,3.1470996821001647e-19,0.0042709629244925915
0.0,-0.03716700172560199,0.0,-0.0016887197725247893,3.2848845609362255e-19,0.004267622777345863
0.0,-0.037138605395347885,0.0,-0.001687482524356246,3.3930592199673685e-19,0.004264284341635673
0.0,-0.0371102307601419,0.0,-0.0016862470691434317,3.423662280662053e-19,0.004260947621529839
0.0,-0.03708187780342169,0.0,-0.0016850134243535633,2.7406493325606047e-19,0.004257612621487309
0.0,-0.037053546508635966,0.0,-0.0016837816078745416,3.137458046534781e-19,0.0042542793462616
0.0,-0.037025236859246496,0.0,-0.0016825516380252585,3.1460386108249537e-19,0.004250947800905672
0.0,-0.036996948838726805,0.0,-0.0016813235335674998,3.476831827559705e-19,0.004247617990774984
0.0,-0.03696868243056275,0.0,-0.001680097313719149,3.4298322629494985e-19,0.0042442899215323
0.0,-0.036940437618252345,0.0,-0.001678872998165021,3.745783536677843e-19,0.004240963599151277
0.0,-0.03691221438530579,0.0,-0.001677650607070247,5.67728453617308e-19,0.004237639029920517
0.0,-0.03688401271524581,0.0,-0.0016764301610940305,6.740630304805435e-19,0.004234316220448387
0.0,-0.03685583259160625,0.0,-0.0016752116814026051,6.670641881244772e-19,0.004230995177666279
0.0,-0.03682767399793481,0.0,-0.0016739951896848156,6.406190637302986e-19,0.004227675908833531
0.0,-0.036799536917790386,0.0,-0.0016727807081661807,6.255764165496873e-19,0.0042243584215412066
0.0,-0.03677142133474396,0.0,-0.0016715682596243747,5.98925477183819e-19,0.004221042723716634
0.0,-0.0367433272323797,0.0,-0.001670357867405486,6.068349590662499e-19,0.0042177288236281306
0.0,-0.036715254594292764,0.0,-0.001669149555440906,6.051649457791993e-19,0.00421441672988876
0.0,-0.03668720340409161,0.0,-0.0016679433482642578,5.85549037972146e-19,0.004211106451461052
0.0,-0.036659173645396066,0.0,-0.0016667392710297594,6.637586326059872e-19,0.004207797997661919
0.0,-0.03663116530183938,0.0,-0.0016655373495304917,7.751865447792209e-19,0.004204491378166913
0.0,-0.0366031783570657,0.0,-0.0016643376102187712,8.017048194863365e-19,0.004201186603014984
0.0,-0.03657521279473235,0.0,-0.0016631400802250146,7.838709037445771e-19,0.0041978836826133134
0.0,-0.03654726859850852,0.0,-0.001661944787379936,7.891934486949162e-19,0.004194582627742398
0.0,-0.03651934575207555,0.0,-0.0016607517602358717,7.8655379697498515e-19,0.004191283449560306
0.0,-0.036491444239127376,0.0,-0.0016595610280898355,7.002683407593975e-19,0.004187986159609185
0.0,-0.03646356404337017,0.0,-0.001658372621006688,7.1038161191887775e-19,0.0041846907698188975
0.0,-0.03643570514852169,0.0,-0.0016571865698449325,6.794748415614056e-19,0.0041813972925127795
0.0,-0.03640786753831278,0.0,-0.0016560029062812139,6.701092261710848e-19,0.004178105740414189
0.0,-0.036380051196486095,0.0,-0.001654821662837813,7.075416404914873e-19,0.00417481612665045
0.0,-0.03635225610679649,0.0,-0.0016536428729102587,7.052016433794723e-19,0.004171528464759571
0.0,-0.03632448225301148,0.0,-0.0016524665707963412,6.680596501222895e-19,0.004168242768695976
0.0,-0.036296729618910256,0.0,-0.001651292791727018,6.623964377792492e-19,0.004164959052836252
0.0,-0.03626899818828423,0.0,-0.0016501215718971334,5.800605516504957e-19,0.004161677331985901
0.0,-0.03624128794493775,0.0,-0.0016489529484990406,5.656567038936985e-19,0.00415839762138515
0.0,-0.03621359887268674,0.0,-0.001647786959756652,5.543834606561404e-19,0.004155119936715985
0.0,-0.03618593095535953,0.0,-0.001646623644961593,5.625434253794432e-19,0.004151844294109163
0.0,-0.03615828417679697,0.0,-0.0016454630445104854,5.116679156165354e-19,0.004148570710150577
0.0,-0.03613065852085164,0.0,-0.0016443051999441355,5.119004687994373e-19,0.004145299201889436
0.0,-0.03610305397138821,0.0,-0.0016431501539881366,4.0467063823276087e-19,0.0041420297868453495
0.0,-0.03607547051228438,0.0,-0.001641997950596114,5.095581724821486e-19,0.004138762483016259
0.0,-0.03604790812742925,0.0,-0.001640848634993965,4.819506255500555e-19,0.0041354973088872276
0.0,-0.036020366800724506,0.0,-0.0016397022537261701,5.089614598010862e-19,0.004132234283437725
0.0,-0.03599284651608377,0.0,-0.001638558854705173,4.928329040837047e-19,0.004128973426151673
0.0,-0.035965347257433306,0.0,-0.0016374184872620483,5.903484191014645e-19,0.004125714757026466
0.0,-0.03593786900871111,0.0,-0.001636281202199733,4.891321491098979e-19,0.004122458296581988
0.0,-0.035910411753867645,0.0,-0.0016351470518488908,5.878024782351447e-19,0.004119204065871101
0.0,-0.03588297547686544,0.0,-0.0016340160901267174,5.508597311739561e-19,0.004115952086490463
0.0,-0.03585556016167871,0.0,-0.0016328883725971988,5.440266643406989e-19,0.00411270238059059
0.0,-0.03582816579229457,0.0,-0.001631763956536664,5.293070865272226e-19,0.004109454970888349
0.0,-0.03580079235271225,0.0,-0.0016306429009993494,4.100295495898738e-19,0.004106209880678472
0.0,-0.0357734398269428,0.0,-0.0016295252668889516,3.9732091325694187e-19,0.004102967133845777
0.0,-0.035746108199009016,0.0,-0.0016284111170316435,4.375910963877135e-19,0.004099726754879599
0.0,-0.03571879745294671,0.0,-0.0016273005162540013,5.283611718096589e-19,0.004096488768886233
0.0,-0.03569150757280342,0.0,-0.0016261935314641704,6.165717500629207e-19,0.0040932532016042245
0.0,-0.035664238542638435,0.0,-0.0016250902317364695,5.946938027724649e-19,0.004090020079419742
0.0,-0.035636990346523956,0.0,-0.001623990688401699,5.720986052076381e-19,0.004086789429382354
0.0,-0.03560976296854352,0.0,-0.0016228949751405481,5.347450319824382e-19,0.004083561279222339
0.0,-0.03558255639279325,0.0,-0.0016218031680823714,4.920274470455006e-19,0.004080335657367961
0.0,-0.03555537060338118,0.0,-0.001620715345909165,3.902310914225216e-19,0.004077112592964856
0.0,-0.035528205584427576,0.0,-0.0016196315899644751,3.683983837901393e-19,0.004073892115895292
0.0,-0.035501061320064524,0.0,-0.0016185519843681124,4.442769669102776e-19,0.004070674256799355
0.0,-0.03547393779443651,0.0,-0.0016174766161372253,5.303931631576299e-19,0.004067459047097172
0.0,-0.03544683499169975,0.0,-0.0016164055753126589,7.088775063172185e-19,0.004064246519011312
0.0,-0.03541975289602273,0.0,-0.0016153389550934048,7.793447267356779e-19,0.004061036705592464
0.0,-0.035392691491585984,0.0,-0.0016142768519774025,7.637897490485742e-19,0.004057829640744601
0.0,-0.03536565076258174,0.0,-0.0016132193659092828,8.590844846983088e-19,0.004054625359253029
0.0,-0.035338630693214954,0.0,-0.0016121666004383247,8.327998273988247e-19,0.004051423896812656
0.0,-0.03531163126770223,0.0,-0.0016111186628826304,1.0096033024133576e-18,0.00404822529005965
0.0,-0.03528465247027172,0.0,-0.0016100756645039082,1.2191445782036524e-18,0.004045029576603028
0.0,-0.035257694285164065,0.0,-0.0016090377206908508,1.3145666502368393e-18,0.0040418367950599944
0.0,-0.03523075669663262,0.0,-0.0016080049511536618,1.3584452791713062e-18,0.004038646985092096
0.0,-0.03520383968894128,0.0,-0.001606977480129765,1.4270297553283786e-18,0.004035460187443812
0.0,-0.035176943246367005,0.0,-0.0016059554366002796,1.3954211687064234e-18,0.004032276443984006
0.0,-0.0351500673531984,0.0,-0.0016049389545193615,1.370758302914854e-18,0.0040290957977490134
0.0,-0.03512321199373583,0.0,-0.0016039281730572395,1.5310939431839228e-18,0.0040259182929898935
0.0,-0.03509637715229187,0.0,-0.0016029232368571758,1.671686581797229e-18,0.004022743975220572
0.0,-0.03506956281319118,0.0,-0.0016019242963073877,1.5867819721369408e-18,0.004019572891270973
0.0,-0.035042768960769966,0.0,-0.0016009315078297697,1.5249273343248609e-18,0.004016405089341848
0.0,-0.035015995579376936,0.0,-0.0015999450341852377,1.5650924241845098e-18,0.0040132406190647694
0.0,-0.034989242653372346,0.0,-0.0015989650447975864,1.533978175853261e-18,0.004010079531564307
0.0,-0.03496251016712821,0.0,-0.0015979917160984715,1.6230312912049402e-18,0.00400692187952522
0.0,-0.03493579810502883,0.0,-0.0015970252318916924,1.5618215403956733e-18,0.004003767717264151
0.0,-0.03490910645147022,0.0,-0.0015960657837417365,1.6089385566023581e-18,0.00400061710080524
0.0,-0.034882435190860345,0.0,-0.0015951135713863191,1.5671557166886135e-18,0.003997470087961517
0.0,-0.034855784307619445,0.0,-0.0015941688031746617,1.5445069587027443e-18,0.003994326738421264
0.0,-0.034829153786178825,0.0,-0.0015932316965334978,1.4197199874265137e-18,0.003991187113839996
0.0,-0.03480254361098226,0.0,-0.0015923024784657638,1.4114248516131284e-18,0.003988051277939789
0.0,-0.034775953766485006,0.0,-0.0015913813860778682,1.5810821060177514e-18,0.0039849192966137335
0.0,-0.03474938423715495,0.0,-0.0015904686671448867,1.5367288919507373e-18,0.003981791238039243
0.0,-0.03472283500747063,0.0,-0.001589564580711598,1.6190086578215805e-18,0.0039786671727976815
0.0,-0.0346963060619236,0.0,-0.0015886693977352057,1.5560820174886026e-18,0.003975547174003558
0.0,-0.03466979738501684,0.0,-0.001587783401769563,1.6033750198437839e-18,0.003972431317443016
0.0,-0.034643308961264704,0.0,-0.0015869068896984637,1.549216969031469e-18,0.003969319681720014
0.0,-0.03461684077519355,0.0,-0.001586040172518674,1.5859260980388073e-18,0.003966212348416054
0.0,-0.03459039281134232,0.0,-0.0015851835761762783,1.6392762415699071e-18,0.003963109402259554
0.0,-0.03456396505426073,0.0,-0.0015843374424636216,1.6974061456779034e-18,0.003960010931307786
0.0,-0.03453755748851077,0.0,-0.001583502129979475,1.96869270575772e-18,0.003956917027142949
0.0,-0.034511170098666145,0.0,-0.0015826780151579362,1.887684424130167e-18,0.0039538277850821035
0.0,-0.03448480286931246,0.0,-0.0015818654933707457,1.957498133073023e-18,0.003950743304403236
0.0,-0.03445845578504647,0.0,-0.0015810649801114391,1.88669515799087e-18,0.0039476636885884975
0.0,-0.03443212883047775,0.0,-0.00158027691226675,1.8559641363335045e-18,0.003944589045585992
0.0,-0.03440582199022684,0.0,-0.0015795017494814267,2.0173177119928305e-18,0.0039415194880911926
0.0,-0.03437953524892625,0.0,-0.0015787399756263746,2.1776469610216e-18,0.0039384551338512135
0.0,-0.03435326859122044,0.0,-0.001577992100376749,2.052728733923273e-18,0.003935396105992711
0.0,-0.03432702200176489,0.0,-0.0015772586609125061,1.8971647462357692e-18,0.003932342533374734
0.0,-0.03430079546522756,0.0,-0.0015765402237465484,1.9717903260843103e-18,0.003929294550971749
0.0,-0.034274588966287774,0.0,-0.0015758373866981517,1.8982553189483745e-18,0.003926252300285574
0.0,-0.0342484024896365,0.0,-0.0015751507810183407,1.6991875315237016e-18,0.003923215929791985
0.0,-0.03422223601997686,0.0,-0.001574481073681787,1.4861257326975912e-18,0.00392018559542419
0.0,-0.03419608954202281,0.0,-0.0015738289698625726,1.482951615980862e-18,0.0039171614610954055
0.0,-0.034169963040500614,0.0,-0.001573195215605387,1.8099777497365097e-18,0.003914143699265666
0.0,-0.03414385650014807,0.0,-0.001572580600711099,1.6925578454896003e-18,0.003911132491556595
0.0,-0.03411776990571491,0.0,-0.0015719859618550192,1.5838922257564332e-18,0.003908128029417187
0.0,-0.034091703241961396,0.0,-0.0015714121859559454,1.4290651303333444e-18,0.0039051305148485823
0.0,-0.034065656493661445,0.0,-0.001570860213819168,1.3731011617544082e-18,0.0039021401611887617
0.0,-0.034039629645598125,0.0,-0.0015703310440749727,1.1749055788687458e-18,0.0038991571939662405
0.0,-0.03401362268256807,0.0,-0.0015698257374343653,1.0300314230870239e-18,0.003896181851829575
0.0,-0.03398763558937889,0.0,-0.0015693454212923378,1.3955016172662474e-18,0.003893214387554683
0.0,-0.033961668350849634,0.0,-0.0015688912946987994,1.2697700014362183e-18,0.003890255069144353
0.0,-0.033935720951810744,0.0,-0.0015684646337290793,1.7679316984323128e-18,0.0038873041810215466
0.0,-0.03390979337710504,0.0,-0.001568066797277941,1.5808886398844773e-18,0.0038843620253296083
0.0,-0.03388388561158643,0.0,-0.001567699233306601,2.005694859731625e-18,0.003881428923345704
0.0,-0.03385799764011993,0.0,-0.001567363485565388,2.0168661963786317e-18,0.003878505217018875
0.0,-0.033832129447582904,0.0,-0.0015670612008166112,1.806722832753582e-18,0.0038755912706415333
0.0,-0.03380628101886402,0.0,-0.0015667941365740535,1.5764725673552733e-18,0.0038726874726659763
0.0,-0.033780452338863405,0.0,-0.001566564169369838,2.0730555218681344e-18,0.003869794237674424
0.0,-0.033754643392492616,0.0,-0.0015663733035451433,2.1941203424069394e-18,0.0038669120085149645
0.0,-0.03372885416467475,0.0,-0.001566223680551796,2.6547948012545407e-18,0.0038640412586095413
0.0,-0.033703084640344605,0.0,-0.001566117588717791,3.195434460993312e-18,0.003861182494443102
0.0,-0.03367733480444868,0.0,-0.0015660574734082126,3.484665477843121e-18,0.003858336258239419
0.0,-0.03365160464194452,0.0,-0.0015660459474620778,3.2473918384792084e-18,0.003855503130820582
0.0,-0.033625894137801225,0.0,-0.0015660858017253715,3.060454218465627e-18,0.0038526837346482363
0.0,-0.033600203276999294,0.0,-0.0015661800154208743,3.541070018118079e-18,0.003849878737027875
0.0,-0.03357453204453135,0.0,-0.0015663317659757798,3.1327237918658565e-18,0.0038470888534514486
0.0,-0.03354888042540062,0.0,-0.0015665444377826537,2.882368515996044e-18,0.003844314851028746
0.0,-0.0335232484046224,0.0,-0.0015668216291569396,2.3632403079364323e-18,0.0038415575519398937
0.0,-0.033497635967223126,0.0,-0.0015671671564839104,2.6615628453863526e-18,0.0038388178367967964
0.0,-0.033472043098240936,0.0,-0.0015675850541691072,2.816155399931991e-18,0.0038360966477650636
0.0,-0.033446469782724995,0.0,-0.0015680795685163477,3.474719029263021e-18,0.003833394991218364
0.0,-0.03342091600573634,0.0,-0.0015686551429883887,3.415653548211496e-18,0.003830713939621717
0.0,-0.033395381752347006,0.0,-0.0015693163914198996,3.3962658970446715e-18,0.0038280546322067024
0.0,-0.03336986700764061,0.0,-0.0015700680545864343,4.033458731360265e-18,0.0038254182738450267
0.0,-0.03334437175671257,0.0,-0.001570914933975991,4.145302730230736e-18,0.00382280613131197
0.0,-0.03331889598466854,0.0,-0.0015718617945880034,3.2658416064963244e-18,0.003820219525830477
0.0,-0.033293439676627,0.0,-0.0015729132259604075,4.0586294232069804e-18,0.0038176598204237625
0.0,-0.03326800281771656,0.0,-0.0015740734472689433,4.512309367449142e-18,0.003815128400099907
0.0,-0.03324258539307807,0.0,-0.0015753460381633898,4.582803482320666e-18,0.003812626642281461
0.0,-0.03321718738786334,0.0,-0.0015767335719475053,4.307744462136203e-18,0.0038101558741271816
0.0,-0.03319180878723571,0.0,-0.001578237121937122,3.9187384550738086e-18,0.003807717312496809
0.0,-0.03316644957636946,0.0,-0.0015798556058012616,4.815314272254414e-18,0.003805311981345523
0.0,-0.033141109740450606,0.0,-0.0015815849276164778,5.785253969987387e-18,0.0038029406004279624
0.0,-0.03311578926467615,0.0,-0.0015834168755310366,5.4249927718684724e-18,0.003800603438663353
0.0,-0.03309048813425474,0.0,-0.00158533773857565,4.819404695115669e-18,0.0037983001259028312
0.0,-0.03306520633440624,0.0,-0.0015873266262679535,4.923238863624706e-18,0.0037960294190848027
0.0,-0.03303994385036183,0.0,-0.0015893535197760433,4.758796478486582e-18,0.0037937889242780822
0.0,-0.03301470066736358,0.0,-0.001591377167451393,5.0538933407380735e-18,0.0037915747867813647
0.0,-0.03298947677066516,0.0,-0.0015933430747812059,6.064787793797126e-18,0.003789381379212528
0.0,-0.032964272145531555,0.0,-0.0015951820349544437,6.957301644112485e-18,0.003787201043256352
0.0,-0.032939086777238835,0.0,-0.0015968098802926528,8.206921396930294e-18,0.003785023971842369
0.0,-0.032913920651074645,0.0,-0.0015981293320945643,9.857709534091687e-18,0.0037828383454583904
0.0,-0.032888773752337466,0.0,-0.0015990348364801302,1.0265426568405002e-17,0.0037806308398771566
0.0,-0.03286364606633739,0.0,-0.0015994208897859062,1.0824842608339611e-17,0.0037783875765822397
0.0,-0.03283853757839499,0.0,-0.0015991934283510058,1.0073348847078305e-17,0.0037760954729582695
0.0,-0.03281344827384316,0.0,-0.0015982825010716285,1.098604695242166e-17,0.003773743782150241
0.0,-0.03278837813802497,0.0,-0.0015966532138523954,1.5275029840624404e-17,0.003771325461674658
0.0,-0.03276332715629554,0.0,-0.0015943116754732198,1.6015067184930415e-17,0.003768837978001935
0.0,-0.032738295314020394,0.0,-0.0015913039175628537,1.6588408068376722e-17,0.003766283303076019
0.0,-0.032713282596577235,0.0,-0.0015877081079323711,1.609187600840373e-17,0.003763667135822118
0.0,-0.0326882889893535,0.0,-0.001583622585050949,1.8017429114443922e-17,0.003760997637486291
0.0,-0.03266331447774932,0.0,-0.0015791531495591524,2.2512655428363764e-17,0.003758284070237818
0.0,-0.03263835904717493,0.0,-0.0015744024397976303,2.1042824096272006e-17,0.003755535654670822
0.0,-0.032613422683052014,0.0,-0.0015694627889170972,2.4052984534445524e-17,0.0037527607985491755
0.0,-0.0325885053708135,0.0,-0.0015644126008360181,2.697770953931616e-17,0.0037499666982470322
0.0,-0.03256360709590334,0.0,-0.0015593154808324382,2.7621601811542957e-17,0.0037471592285546742
0.0,-0.03253872784377678,0.0,-0.001554221129657851,2.9409027535032157e-17,0.003744343014522638
0.0,-0.03251386759989999,0.0,-0.0015491671381460824,2.8233336204204364e-17,0.0037415215947989413
0.0,-0.03248902634975024,0.0,-0.0015441810760310724,2.8017997804712045e-17,0.003738697614260062
0.0,-0.03246420407881615,0.0,-0.0015392825157604015,2.719915793068237e-17,0.0037358730100243184
0.0,-0.03243940077259686,0.0,-0.001534484815786997,2.6932595153492076e-17,0.003733049173905465
0.0,-0.03241461641660338,0.0,-0.0015297966040440948,2.2716430069657137e-17,0.0037302270860326866
0.0,-0.03238985099635705,0.0,-0.0015252229662390932,2.5664966153278738e-17,0.0037274074205468685
0.0,-0.03236510449739053,0.0,-0.0015207663732662432,2.508593466029601e-17,0.003724590627015515
0.0,-0.03234037690524789,0.0,-0.0015164273917382155,2.380569403231405e-17,0.0037217769919780765
0.0,-0.03231566820548381,0.0,-0.0015122052210187645,2.4985378297521884e-17,0.0037189666848419446
0.0,-0.032290978383663946,0.0,-0.0015080980949724189,2.4160500575082882e-17,0.003716159791760986
0.0,-0.032266307425365674,0.0,-0.0015041035800800007,2.4299119582153986e-17,0.003713356340450361
0.0,-0.03224165531617629,0.0,-0.0015002187951426952,2.502880179031671e-17,0.003710556318241394
0.0,-0.0322170220416952,0.0,-0.001496440572208932,2.148856795670721e-17,0.003707759685147168
0.0,-0.03219240758753204,0.0,-0.0014927655737227343,2.0818080605395437e-17,0.0037049663832640217
0.0,-0.03216781193930779,0.0,-0.001489190377239668,1.9674737154720708e-17,0.0037021763434997744
0.0,-0.03214323508265422,0.0,-0.0014857115362070384,1.66050597918136e-17,0.0036993894903557217
0.0,-0.03211867700321431,0.0,-0.0014823256231406507,1.9092898400689644e-17,0.0036966057452994783
0.0,-0.03209413768664208,0.0,-0.001479029259892881,2.040909526261233e-17,0.003693825029116127
0.0,-0.03206961711860208,0.0,-0.001475819138478255,1.7690591131688782e-17,0.0036910472635284116
0.0,-0.032045115284769894,0.0,-0.0014726920350185125,2.1101367276690858e-17,0.003688272372285865
0.0,-0.03202063217083273,0.0,-0.0014696448186842296,1.8191886236518878e-17,0.003685500281877953
0.0,-0.03199616776248778,0.0,-0.0014666744570159917,1.746000292335091e-17,0.003682730921976271
0.0,-0.0319717220454437,0.0,-0.0014637780186404937,1.8338476160871176e-17,0.003679964225686171
0.0,-0.03194729500542003,0.0,-0.0014609526741196969,2.26913549298808e-17,0.0036772001296644604
0.0,-0.03192288662814721,0.0,-0.0014581956954781647,2.3500490346037334e-17,0.003674438574142783
0.0,-0.0318984968993666,0.0,-0.0014555044548056428,2.3782386729197017e-17,0.0036716795028855346
0.0,-0.03187412580483011,0.0,-0.0014528764222204796,2.1974492326784284e-17,0.0036689228631060977
0.0,-0.03184977333030089,0.0,-0.001450309163407682,1.8322875952877014e-17,0.003666168605352967
0.0,-0.031825439461553,0.0,-0.0014478003368813093,1.6195853911070456e-17,0.0036634166833784407
0.0,-0.03180112418437108,0.0,-0.0014453476910826696,1.9741218424851525e-17,0.003660667053997933
0.0,-0.03177682748455101,0.0,-0.0014429490613938809,1.7884769060382295e-17,0.003657919676943255
0.0,-0.031752549347899096,0.0,-0.0014406023671210088,2.0681365471682016e-17,0.0036551745147153833
0.0,-0.03172828976023291,0.0,-0.0014383056084921245,2.2544854845781723e-17,0.0036524315324378814
0.0,-0.03170404870738052,0.0,-0.0014360568636914864,2.4763259543789443e-17,0.0036496906977148574
0.0,-0.03167982617518099,0.0,-0.001433854285955074,2.2414811724460243e-17,0.0036469519804914717
0.0,-0.031655622149484294,0.0,-0.001431696100737975,2.301122267648221e-17,0.003644215352920955
0.0,-0.031631436616151004,0.0,-0.0014295806029623083,2.6893903256364727e-17,0.003641480789236228
0.0,-0.03160726956105256,0.0,-0.0014275061543497203,2.06270356125964e-17,0.0036387482656270293
0.0,-0.03158312097007109,0.0,-0.001425471180844051,2.3576631962470397e-17,0.0036360177601236898
0.0,-0.03155899082910007,0.0,-0.0014234741701218228,2.269604298078249e-17,0.003633289252484791
0.0,-0.03153487912404266,0.0,-0.0014215136691913687,2.194141715822172e-17,0.0036305627240931907
0.0,-0.03151078584081401,0.0,-0.0014195882820809253,2.306077180277917e-17,0.0036278381578540367
0.0,-0.03148671096533909,0.0,-0.0014176966676125995,2.2913410781815294e-17,0.003625115538100774
0.0,-0.031462654483554287,0.0,-0.0014158375372591567,2.4562068659557044e-17,0.0036223948505050493
0.0,-0.031438616381406354,0.0,-0.0014140096530832482,2.7116940883860256e-17,0.003619676081990942
0.0,-0.03141459664485295,0.0,-0.0014122118257563166,2.5943397668539393e-17,0.003616959220655242
0.0,-0.031390595259862215,0.0,-0.0014104429126525334,2.703904994059336e-17,0.0036142442556900117
0.0,-0.03136661221241341,0.0,-0.0014087018160175659,2.4639062786926677e-17,0.003611531177312182
0.0,-0.03134264748849623,0.0,-0.001406987481207689,2.4316359853746337e-17,0.003608819976693786
0.0,-0.03131870107411112,0.0,-0.001405298894999229,2.7445057048078268e-17,0.0036061106458990756
0.0,-0.031294772955269105,0.0,-0.001403635083961629,2.5268569030656345e-17,0.003603403177822573
0.0,-0.03127086311799213,0.0,-0.0014019951128951486,2.7590853373538026e-17,0.0036006975661327587
0.0,-0.031246971548312658,0.0,-0.001400378083330666,3.042424404717816e-17,0.003597993805218132
0.0,-0.031223098232274007,0.0,-0.0013987831320870679,3.2593065459217337e-17,0.003595291890134958
0.0,-0.031199243155929816,0.0,-0.0013972094298850203,3.323879498071096e-17,0.0035925918165610696
0.0,-0.031175406305344718,0.0,-0.0013956561800158149,3.3204754862841244e-17,0.003589893580748958
0.0,-0.031151587666593927,0.0,-0.001394122617061774,3.3721776004555695e-17,0.003587197179483962
0.0,-0.031127787225763356,0.0,-0.001392608005668267,3.760026149067994e-17,0.0035845026100438816
0.0,-0.031104004968949047,0.0,-0.0013911116393608173,3.588730181242648e-17,0.003581809870161292
0.0,-0.03108024088225828,0.0,-0.0013896328394128728,3.364892664060873e-17,0.0035791189579877356
0.0,-0.031056494951808452,0.0,-0.0013881709537545636,3.1618299774729164e-17,0.003576429872060483
0.0,-0.03103276716372844,0.0,-0.0013867253559247457,3.12563046616638e-17,0.0035737426112703516
0.0,-0.03100905750415666,0.0,-0.0013852954440670715,3.215351779657975e-17,0.0035710571748336535
0.0,-0.030985365959242495,0.0,-0.0013838806399616083,3.2948631736792436e-17,0.0035683735622624056
0.0,-0.03096169251514623,0.0,-0.0013824803880965748,2.865445373840434e-17,0.0035656917733400224
0.0,-0.030938037158038258,0.0,-0.0013810941547767483,2.8803762969053787e-17,0.003563011808095232
0.0,-0.03091439987409988,0.0,-0.0013797214272654938,2.7560012797002666e-17,0.0035603336667807952
0.0,-0.03089078064952276,0.0,-0.001378361712962021,2.7241433343041503e-17,0.003557657349850641
0.0,-0.03086717947050941,0.0,-0.001377014538609516,2.561747155545246e-17,0.0035549828579399525
0.0,-0.030843596323272306,0.0,-0.001375679449535338,2.818142012475309e-17,0.0035523101918472984
0.0,-0.030820031194035098,0.0,-0.0013743560089213827,2.7456141926083823e-17,0.0035496393525150695
0.0,-0.030796484069031484,0.0,-0.0013730437971013001,2.490290805401069e-17,0.003546970341014801
0.0,-0.030772954934506033,0.0,-0.001371742410887442,2.996679062107439e-17,0.0035443031585308832
0.0,-0.030749443776713587,0.0,-0.001370451462922821,3.131389728728377e-17,0.003541637806345952
0.0,-0.030725950581919438,0.0,-0.001369170581059419,3.051621561497867e-17,0.003538974285827792
0.0,-0.030702475336399804,0.0,-0.0013678994077600773,3.397078897556464e-17,0.003536312598417054
0.0,-0.0306790180264404,0.0,-0.0013666375995241011,3.59181121337837e-17,0.0035336527456148077
0.0,-0.030655578638339245,0.0,-0.0013653848263363614,3.9121255049530706e-17,0.003530994728972415
0.0,-0.030632157158402618,0.0,-0.0013641407711364505,4.249555569841609e-17,0.003528338550081258
0.0,-0.030608753572948618,0.0,-0.001362905129310361,4.406706418662946e-17,0.0035256842105632616
0.0,-0.03058536786830575,0.0,-0.0013616776082005825,4.5138895713262424e-17,0.0035230317120621747
0.0,-0.030562000030812584,0.0,-0.0013604579266360758,4.5603470873921874e-17,0.003520381056235632
0.0,-0.030538650046817706,0.0,-0.0013592458144817716,4.7240693149666124e-17,0.003517732244747473
0.0,-0.030515317902681763,0.0,-0.0013580410122031497,4.83473145696479e-17,0.0035150852792617733
0.0,-0.03049200358477401,0.0,-0.0013568432704510604,4.589443614102781e-17,0.0035124401614351573
0.0,-0.03046870707947525,0.0,-0.0013556523496607042,4.319694072360585e-17,0.0035097968929121317
0.0,-0.03044542837317585,0.0,-0.0013544680196666266,4.2612271928521354e-17,0.0035071554753190004
0.0,-0.030422167452277202,0.0,-0.0013532900593336782,4.2638616953736784e-17,0.0035045159102594387
0.0,-0.030398924303190755,0.0,-0.0013521182562015268,4.702837092746939e-17,0.0035018781993095605
0.0,-0.03037569891233888,0.0,-0.0013509524061446944,4.630588083159362e-17,0.0034992423440146727
0.0,-0.030352491266153785,0.0,-0.0013497923130432754,4.866929262338686e-17,0.003496608345884293
0.0,-0.030329301351078024,0.0,-0.0013486377884694952,4.6830764303801075e-17,0.0034939762063899674
0.0,-0.030306129153564745,0.0,-0.0013474886513835114,4.3994458986297675e-17,0.003491345926961232
0.0,-0.030282974660077382,0.0,-0.0013463447278457225,4.27182796415999e-17,0.0034887175089839944
0.0,-0.030259837857089553,0.0,-0.0013452058507345502,4.253416926382632e-17,0.0034860909537970095
0.0,-0.03023671873108586,0.0,-0.0013440718594800653,4.347189065561146e-17,0.0034834662626903805
0.0,-0.03021361726856011,0.0,-0.0013429425998057404,4.4252977004925747e-17,0.0034808434369030697
0.0,-0.03019053345601728,0.0,-0.0013418179234812797,4.4430071259810226e-17,0.003478222477621733
0.0,-0.030167467279972722,0.0,-0.0013406976880845673,4.3818640998393826e-17,0.003475603385979154
0.0,-0.03014441872695161,0.0,-0.001339581756773167,4.143683707322146e-17,0.003472986163052268
0.0,-0.030121387783489287,0.0,-0.0013384699980644506,4.2683392201309913e-17,0.003470370809862401
0.0,-0.030098374436132013,0.0,-0.0013373622856255435,4.0707074679371377e-17,0.003467757327372584
0.0,-0.030075378671436,0.0,-0.0013362584980704296,3.870895305009864e-17,0.003465145716488703
0.0,-0.030052400475967574,0.0,-0.0013351585187649857,4.169608693378963e-17,0.0034625359780575326
0.0,-0.030029439836303688,0.0,-0.0013340622356406535,4.120510849525672e-17,0.0034599281128665053
0.0,-0.030006496739031465,0.0,-0.0013329695410139876,3.9385318599564265e-17,0.0034573221216440482
0.0,-0.02998357117074785,0.0,-0.0013318803314148811,3.705177094219745e-17,0.003454718005058669
0.0,-0.029960663118060362,0.0,-0.0013307945074198847,3.346043570200138e-17,0.0034521157637194236
0.0,-0.02993777256758664,0.0,-0.0013297119734939754,3.9026566947200523e-17,0.003449515398175119
0.0,-0.0299148995059551,0.0,-0.0013286326378367437,4.0611055290629334e-17,0.003446916908915516
0.0,-0.029892043919803407,0.0,-0.001327556412235609,4.0440043450998096e-17,0.0034443202963702593
0.0,-0.029869205795780562,0.0,-0.0013264832119244318,3.5061554302536594e-17,0.003441725560910692
0.0,-0.02984638512054443,0.0,-0.0013254129554486143,3.8425907281263434e-17,0.003439132702848521
0.0,-0.029823581880764415,0.0,-0.0013243455645334822,3.974203341655379e-17,0.003436541722437757
0.0,-0.029800796063118896,0.0,-0.0013232809639598143,4.057740246642735e-17,0.0034339526198740407
0.0,-0.02977802765429753,0.0,-0.0013222190814438965,4.353586612177647e-17,0.0034313653952958486
0.0,-0.029755276640999025,0.0,-0.001321159847520584,4.282810786820164e-17,0.0034287800487848995
0.0,-0.029732543009933613,0.0,-0.0013201031954342363,4.344309764827988e-17,0.0034261965803673183
0.0,-0.029709826747820453,0.0,-0.0013190490610296916,4.200614732697169e-17,0.003423614990012534
0.0,-0.029687127841389067,0.0,-0.0013179973826521615,4.4679530280639896e-17,0.0034210352776366765
0.0,-0.029664446277379995,0.0,-0.0013169481010465373,4.4650085709165245e-17,0.0034184574431008687
0.0,-0.029641782042542985,0.0,-0.0013159011592648537,4.588782598291074e-17,0.003415881486213848
0.0,-0.02961913512363815,0.0,-0.0013148565025735742,4.7308869543348635e-17,0.0034133074067312064
0.0,-0.029596505507435616,0.0,-0.0013138140783680503,4.845201394545122e-17,0.003410735204357866
0.0,-0.0295738931807163,0.0,-0.0013127738360865842,5.1106633225645305e-17,0.0034081648787473843
0.0,-0.029551298130270055,0.0,-0.0013117357271323323,5.180010871055977e-17,0.0034055964295039284
0.0,-0.029528720342897597,0.0,-0.0013106997047933504,4.899466784598192e-17,0.0034030298561825312
0.0,-0.029506159805410256,0.0,-0.0013096657241702843,5.0115920068666714e-17,0.0034004651582902144
0.0,-0.02948361650462785,0.0,-0.0013086337421035074,5.378555547469332e-17,0.0033979023352873317
0.0,-0.02946109042738195,0.0,-0.001307603717105716,5.438760503012747e-17,0.00339534138658731
0.0,-0.029438581560512975,0.0,-0.0013065756092941632,5.583192673519276e-17,0.0033927823115588412
0.0,-0.029416089890871765,0.0,-0.0013055493803299113,5.872529576720258e-17,0.0033902251095260347
0.0,-0.029393615405319325,0.0,-0.0013045249933545137,6.12063322909875e-17,0.003387669779769989
0.0,-0.02937115809072713,0.0,-0.0013035024129328264,6.01124734583368e-17,0.0033851163215287286
0.0,-0.029348717933975567,0.0,-0.0013024816049962403,5.5464933396931754e-17,0.0033825647339990788
0.0,-0.02932629492195658,0.0,-0.0013014625367904738,5.626724627849509e-17,0.0033800150163372034
0.0,-0.029303889041570236,0.0,-0.0013004451768198243,5.680482098300362e-17,0.0033774671676595337
0.0,-0.029281500279728378,0.0,-0.0012994294948022829,5.655853877424078e-17,0.003374921187043675
0.0,-0.029259128623351664,0.0,-0.0012984154616176673,5.610936725109628e-17,0.0033723770735293785
0.0,-0.029236774059371428,0.0,-0.001297403049264078,5.809349075712203e-17,0.0033698348261194107
0.0,-0.029214436574728525,0.0,-0.00129639223081202,5.8548512191431e-17,0.003367294443780603
0.0,-0.029192116156374206,0.0,-0.001295382980363755,6.079145927699641e-17,0.0033647559254442842
0.0,-0.029169812791269137,0.0,-0.0012943752730113019,5.881003616469542e-17,0.003362219270007863
0.0,-0.029147526466384674,0.0,-0.0012933690847976775,5.4858485102547136e-17,0.0033596844763350894
0.0,-0.029125257168701783,0.0,-0.0012923643926786835,5.276472656125462e-17,0.0033571515432571017
0.0,-0.029103004885210896,0.0,-0.0012913611744880217,5.40858733069996e-17,0.003354620469573435
0.0,-0.02908076960291315,0.0,-0.0012903594089017513,5.54793577636771e-17,0.003352091254052651
0.0,-0.029058551308819344,0.0,-0.0012893590754042908,5.3244255922278893e-17,0.0033495638954334005
0.0,-0.029036349989949976,0.0,-0.0012883601542583217,5.4841194809167806e-17,0.0033470383924249013
0.0,-0.02901416563333553,0.0,-0.0012873626264718972,5.695871210914166e-17,0.003344514743708202
0.0,-0.02899199822601662,0.0,-0.001286366473770011,5.81728011281915e-17,0.003341992947936496
0.0,-0.028969847755043875,0.0,-0.0012853716785665992,5.986161408021507e-17,0.003339473003736156
0.0,-0.02894771420747733,0.0,-0.0012843782239356557,6.391866062564544e-17,0.003336954909707564
0.0,-0.0289255975703873,0.0,-0.0012833860935865704,6.710331453360904e-17,0.003334438664425794
0.0,-0.028903497830853653,0.0,-0.0012823952718380317,6.732758892726464e-17,0.003331924266440785
0.0,-0.028881414975966697,0.0,-0.0012814057435946746,6.614453827865249e-17,0.0033294117142794047
0.0,-0.02885934899282552,0.0,-0.0012804174943227742,6.441175348021386e-17,0.003326901006444852
0.0,-0.028837299868540413,0.0,-0.0012794305100288998,6.579331234960896e-17,0.0033243921414180997
0.0,-0.02881526759023067,0.0,-0.0012784447772373714,6.638449368195716e-17,0.003321885117658239
0.0,-0.02879325214502572,0.0,-0.0012774602829709266,6.604014116402747e-17,0.0033193799336030793
0.0,-0.028771253520064297,0.0,-0.0012764770147304933,6.188608627731677e-17,0.003316876587670476
0.0,-0.028749271702495888,0.0,-0.0012754949604748679,6.358670017496976e-17,0.0033143750782581105
0.0,-0.028727306679479037,0.0,-0.001274514108604492,6.13996917789477e-17,0.003311875403744606
0.0,-0.02870535843818267,0.0,-0.0012735344479425641,6.051415758180997e-17,0.0033093775624898373
0.0,-0.028683426965785016,0.0,-0.0012725559677189285,5.938660633813332e-17,0.00330688155283607
0.0,-0.028661512249474067,0.0,-0.0012715786575529643,6.084881120559614e-17,0.003304387373108227
0.0,-0.02863961427644823,0.0,-0.0012706025074394793,5.936211382131274e-17,0.003301895021614375
0.0,-0.02861773303391502,0.0,-0.0012696275077317084,5.996853689954832e-17,0.003299404496646473
0.0,-0.028595868509092234,0.0,-0.0012686536491288746,5.957087537783727e-17,0.003296915796480478
0.0,-0.028574020689207048,0.0,-0.0012676809226611773,5.589168538094013e-17,0.0032944289193778758
0.0,-0.02855218956149665,0.0,-0.0012667093196772465,5.273718449766391e-17,0.0032919438635853524
0.0,-0.028530375113207686,0.0,-0.0012657388318310359,5.572312070141787e-17,0.0032894606273353904
0.0,-0.02850857733159696,0.0,-0.0012647694510703681,5.839171892427973e-17,0.003286979208846991
0.0,-0.028486796203930752,0.0,-0.0012638011696231618,5.578886893362995e-17,0.003284499606326376
0.0,-0.028465031717485004,0.0,-0.0012628339799886528,5.46351880812879e-17,0.003282021817967113
0.0,-0.028443283859545466,0.0,-0.0012618678749243969,5.3193542067023164e-17,0.0032795458419506737
0.0,-0.02842155261740798,0.0,-0.001260902847438155,5.0474685423804864e-17,0.0032770716764468108
0.0,-0.028399837978377328,0.0,-0.0012599388907756689,5.060793245989079e-17,0.003274599319614584
0.0,-0.028378139929768613,0.0,-0.0012589759984118925,4.500911678307483e-17,0.003272128769601729
0.0,-0.02835645845890649,0.0,-0.0012580141640425348,4.347558016653787e-17,0.003269660024546113
0.0,-0.028334793553124776,0.0,-0.0012570533815736242,4.6574894891871955e-17,0.00326719308257557
0.0,-0.02831314519976794,0.0,-0.0012560936451150528,5.064823487203795e-17,0.0032647279418088126
0.0,-0.028291513386189272,0.0,-0.0012551349489698144,4.738792817747597e-17,0.003262264600355004
0.0,-0.028269898099752132,0.0,-0.0012541772876280962,4.585616164533402e-17,0.0032598030563152605
0.0,-0.028248299327829497,0.0,-0.0012532206557595218,4.864450120079012e-17,0.00325734330778153
0.0,-0.028226717057804013,0.0,-0.0012522650482053447,4.380630669396519e-17,0.003254885352838972
0.0,-0.02820515127706776,0.0,-0.0012513104599715895,4.194050736005514e-17,0.003252429189564168
0.0,-0.02818360197302278,0.0,-0.0012503568862221373,4.5262739918079397e-17,0.0032499748160272697
0.0,-0.028162069133080395,0.0,-0.0012494043222734028,4.7246835779225795e-17,0.0032475222302913937
0.0,-0.028140552744661488,0.0,-0.001248452763586229,4.550749094903389e-17,0.0032450714304126855
0.0,-0.028119052795197212,0.0,-0.0012475022057621978,4.4870151425236945e-17,0.0032426224144420186
0.0,-0.02809756927212773,0.0,-0.001246552644535661,4.498008967787347e-17,0.0032401751804231956
0.0,-0.028076102162902423,0.0,-0.0012456040757705914,4.008722731963159e-17,0.0032377297263958397
0.0,-0.028054651454981903,0.0,-0.0012446564954535055,4.0453335280909677e-17,0.0032352860503931376
0.0,-0.028033217135833986,0.0,-0.0012437098996889964,4.097081591134268e-17,0.0032328441504438877
0.0,-0.0280117991929382,0.0,-0.0012427642846954009,4.2563872020221436e-17,0.003230404024572499
0.0,-0.027990397613782473,0.0,-0.0012418196467990383,4.4810978334548035e-17,0.003227965670798143
0.0,-0.027969012385864373,0.0,-0.0012408759824309654,4.74554607556667e-17,0.003225529087136568
0.0,-0.027947643496691696,0.0,-0.0012399332881222046,4.800187386598351e-17,0.003223094271599777
0.0,-0.027926290933780656,0.0,-0.001238991560498536,4.9523900166789615e-17,0.0032206612221955025
0.0,-0.027904954684658246,0.0,-0.0012380507962783615,5.067513810420892e-17,0.003218229936928797
0.0,-0.02788363473686022,0.0,-0.0012371109922681629,5.0129066168456344e-17,0.003215800413801435
0.0,-0.027862331077932123,0.0,-0.0012361721453582855,4.85443095872469e-17,0.0032133726508117274
0.0,-0.02784104369542859,0.0,-0.0012352342525195786,4.7598123091908615e-17,0.003210946645956535
0.0,-0.027819772576914276,0.0,-0.00123429731080131,4.6687766745817576e-17,0.003208522397229416
0.0,-0.027798517709963343,0.0,-0.0012333613173258176,4.6648358740589195e-17,0.003206099902622191
0.0,-0.02777727908215917,0.0,-0.001232426269286958,5.0220666626072164e-17,0.00320367916012459
0.0,-0.02775605668109462,0.0,-0.001231492163946995,4.910097605509057e-17,0.0032012601677243887
0.0,-0.02773485049437231,0.0,-0.0012305589986332593,5.1028218580017276e-17,0.0031988429234083206
0.0,-0.027713660509604172,0.0,-0.001229626770734821,4.9919293607787493e-17,0.0031964274251614897
0.0,-0.02769248671441117,0.0,-0.0012286954777017127,4.7122799353520023e-17,0.0031940136709677704
0.0,-0.027671329096424533,0.0,-0.001227765117040254,4.810559732430043e-17,0.003191601658810212
0.0,-0.0276501876432847,0.0,-0.0012268356863118358,4.826995724030044e-17,0.0031891913866710885
0.0,-0.027629062342640762,0.0,-0.0012259071831306927,4.900820086736415e-17,0.0031867828525321434
0.0,-0.027607953182152617,0.0,-0.001224979605161015,5.016905484866737e-17,0.0031843760543747214
0.0,-0.027586860149488426,0.0,-0.0012240529501147306,5.086677308659788e-17,0.0031819709901796606
0.0,-0.027565783232326405,0.0,-0.0012231272157506065,5.176782280500225e-17,0.0031795676579280314
0.0,-0.02754472241835397,0.0,-0.0012222023998705886,5.686303083460617e-17,0.003177166055600871
0.0,-0.027523677695267673,0.0,-0.0012212785003191298,5.118767748663663e-17,0.0031747661811795747
0.0,-0.027502649050773993,0.0,-0.0012203555149806428,5.041266781245858e-17,0.0031723680326454875
0.0,-0.027481636472588566,0.0,-0.0012194334417783667,4.984133604062245e-17,0.0031699716079814765
0.0,-0.027460639948436293,0.0,-0.0012185122786720684,5.2868236843712e-17,0.0031675769051697916
0.0,-0.027439659466051772,0.0,-0.0012175920236571155,5.516089241033981e-17,0.003165183922194702
0.0,-0.02741869501317857,0.0,-0.0012166726747617296,5.468570949148908e-17,0.003162792657040439
0.0,-0.027397746577569996,0.0,-0.001215754230046842,5.5201270759250704e-17,0.003160403107693596
0.0,-0.027376814146988292,0.0,-0.001214836687603689,5.736462309767483e-17,0.003158015272140613
0.0,-0.027355897709205598,0.0,-0.001213920045553107,5.3449730861529555e-17,0.0031556291483702996
0.0,-0.027334997252002956,0.0,-0.001213004302044108,4.871358564298423e-17,0.0031532447343726763
0.0,-0.027314112763170785,0.0,-0.0012120894552517698,4.931407769937161e-17,0.0031508620281390167
0.0,-0.02729324423050897,0.0,-0.0012111755033769997,4.638078103943814e-17,0.003148481027662797
0.0,-0.027272391641826873,0.0,-0.0012102624446450963,4.5855288540724765e-17,0.0031461017309394397
0.0,-0.027251554984942836,0.0,-0.001209350277304199,4.6335828189638995e-17,0.0031437241359659456
0.0,-0.027230734247684633,0.0,-0.0012084389996249525,4.493161210717321e-17,0.0031413482407412607
0.0,-0.027209929417889356,0.0,-0.0012075286098988272,4.277822540341751e-17,0.0031389740432672376
0.0,-0.0271891404834032,0.0,-0.0012066191064372472,4.250172054005515e-17,0.0031366015415474013
0.0,-0.027168367432081963,0.0,-0.0012057104875714717,4.184347250258243e-17,0.00313423073358764
0.0,-0.027147610251790587,0.0,-0.0012048027516498086,4.090797931254781e-17,0.0031318616173970568
0.0,-0.027126868930403437,0.0,-0.0012038958970388566,3.88928146080647e-17,0.003129494190986287
0.0,-0.027106143455803578,0.0,-0.0012029899221214838,3.883453738891084e-17,0.0031271284523693606
0.0,-0.02708543381588434,0.0,-0.0012020848252960585,3.262829370629412e-17,0.003124764399563124
0.0,-0.027064739998547537,0.0,-0.0012011806049757857,3.437162371808268e-17,0.003122402030586958
0.0,-0.027044061991703887,0.0,-0.0012002772595883732,3.4333259075156256e-17,0.00312004134346313
0.0,-0.027023399783274338,0.0,-0.0011993747875751295,3.488810454889818e-17,0.0031176823362175084
0.0,-0.02700275336118855,0.0,-0.0011984731873892025,3.6543988570835416e-17,0.0031153250068786656
0.0,-0.02698212271338525,0.0,-0.0011975724574969108,3.507658052778253e-17,0.003112969353478079
0.0,-0.02696150782781286,0.0,-0.0011966725963756153,3.425011708700206e-17,0.00311061537405129
0.0,-0.026940908692428475,0.0,-0.0011957736025136312,3.926589916530996e-17,0.003108263066636504
0.0,-0.026920325295198628,0.0,-0.0011948754744096528,3.9327012267675235e-17,0.003105912429275867
0.0,-0.026899757624099175,0.0,-0.0011939782105722127,3.9623756980608056e-17,0.0031035634600146637
0.0,-0.026879205667114867,0.0,-0.0011930818095182273,3.8123189278565103e-17,0.003101216156901978
0.0,-0.0268586694122398,0.0,-0.0011921862697746657,3.6801949628172195e-17,0.003098870517990612
0.0,-0.02683814884747763,0.0,-0.00119129158987622,3.724100753398502e-17,0.0030965265413368855
0.0,-0.02681764396084039,0.0,-0.0011903977683647411,3.7605256222512653e-17,0.003094184225001404
0.0,-0.026797154740349924,0.0,-0.0011895048037908113,3.9961452054280835e-17,0.003091843567047737
0.0,-0.02677668117403686,0.0,-0.0011886126947103907,3.884874328050646e-17,0.003089504565544043
0.0,-0.026756223249940828,0.0,-0.0011877214396867155,3.853305198226409e-17,0.0030871672185624937
0.0,-0.026735780956111156,0.0,-0.0011868310372890735,3.833818198959358e-17,0.0030848315241793905
0.0,-0.02671535428060639,0.0,-0.0011859414860924808,3.9264631229800206e-17,0.003082497480474439
0.0,-0.02669494321149336,0.0,-0.0011850527846773307,4.1183766181636616e-17,0.0030801650855322962
0.0,-0.026674547736848075,0.0,-0.0011841649316290757,3.820517659925861e-17,0.0030778343374414313
0.0,-0.026654167844756972,0.0,-0.0011832779255375493,3.8673553681840806e-17,0.003075505234294851
0.0,-0.026633803523313716,0.0,-0.0011823917649974177,3.625384879661542e-17,0.003073177774189907
0.0,-0.026613454760622966,0.0,-0.001181506448607185,3.870300087279348e-17,0.003070851955227776
0.0,-0.026593121544796528,0.0,-0.0011806219749691748,3.8477636734058134e-17,0.003068527775514908
0.0,-0.026572803863957335,0.0,-0.001179738342689657,3.4998994782394745e-17,0.0030662052331618685
0.0,-0.02655250170623542,0.0,-0.001178855550377294,3.654982922798157e-17,0.0030638843262835343
0.0,-0.026532215059771092,0.0,-0.0011779735966445698,3.8616067887233143e-17,0.0030615650529998667
0.0,-0.026511943912713654,0.0,-0.0011770924801063555,4.0289213878826585e-17,0.003059247411435457
0.0,-0.026491688253221488,0.0,-0.0011762121993801418,4.413164059769434e-17,0.003056931399718854
0.0,-0.02647144806946096,0.0,-0.0011753327530861272,4.0975188916329565e-17,0.003054617015984308
0.0,-0.026451223349609008,0.0,-0.001174454139846014,4.287566722544002e-17,0.003052304258370262
0.0,-0.02643101408185047,0.0,-0.0011735763582837791,3.898734155097831e-17,0.0030499931250201726
0.0,-0.026410820254380008,0.0,-0.0011726994070247858,3.650184211469843e-17,0.00304768361408241
0.0,-0.02639064185540077,0.0,-0.001171823284696673,3.862811473231633e-17,0.003045375723710207
0.0,-0.0263704788731249,0.0,-0.0011709479899279123,3.8087653265829295e-17,0.003043069452061766
0.0,-0.026350331295773834,0.0,-0.0011700735213481402,3.6990981866311233e-17,0.0030407647973002367
0.0,-0.026330199111577902,0.0,-0.0011691998775886022,4.2116335820633216e-17,0.0030384617575938337
0.0,-0.026310082308776635,0.0,-0.0011683270572807067,3.736143600934769e-17,0.0030361603311160495
0.0,-0.026289980875618155,0.0,-0.0011674550590573642,3.9437127282046094e-17,0.0030338605160452597
0.0,-0.026269894800359492,0.0,-0.0011665838815516515,4.1797569133647133e-17,0.003031562310564993
0.0,-0.026249824071267643,0.0,-0.0011657135233974732,4.0759498165944186e-17,0.0030292657128640236
0.0,-0.026229768676617082,0.0,-0.001164843983229018,4.393050436189643e-17,0.0030269707211362305
0.0,-0.026209728604692284,0.0,-0.0011639752596805204,4.352733467875357e-17,0.00302467733358111
0.0,-0.026189703843786116,0.0,-0.0011631073513868333,3.902837287304004e-17,0.003022385548403033
0.0,-0.026169694382200976,0.0,-0.0011622402569824127,3.662265377394384e-17,0.0030200953638122212
0.0,-0.02614970020824786,0.0,-0.0011613739751021102,3.1490098180663704e-17,0.003017806778023721
0.0,-0.026129721310246684,0.0,-0.001160508504380721,2.9701661822841506e-17,0.0030155197892580473
0.0,-0.02610975767652593,0.0,-0.0011596438434520913,3.3302004458682294e-17,0.003013234395741617
0.0,-0.02608980929542401,0.0,-0.0011587799909506841,3.4856562532963204e-17,0.0030109505957056863
0.0,-0.026069876155287438,0.0,-0.001157916945510128,3.16991586272001e-17,0.003008668387387304
0.0,-0.026049958244471313,0.0,-0.0011570547057635557,2.9357511764628285e-17,0.003006387769028829
0.0,-0.02603005555134051,0.0,-0.0011561932703441447,3.026759436225442e-17,0.0030041087388788246
0.0,-0.026010168064268712,0.0,-0.0011553326378841442,3.1905906700377357e-17,0.003001831295190494
0.0,-0.02599029577163765,0.0,-0.0011544728070147408,3.350037888045559e-17,0.002999555436223284
0.0,-0.025970438661838652,0.0,-0.0011536137763674035,3.0915000379996054e-17,0.0029972811602420077
0.0,-0.02595059672327173,0.0,-0.0011527555445719911,2.973004894081322e-17,0.002995008465517211
0.0,-0.025930769944346028,0.0,-0.001151898110257975,3.1241011577181225e-17,0.002992737350325228
0.0,-0.02591095831347892,0.0,-0.0011510414720543346,3.473772540258577e-17,0.002990467812947629
0.0,-0.02589116181909688,0.0,-0.0011501856285883198,3.591450714516525e-17,0.0029881998516725554
0.0,-0.02587138044963585,0.0,-0.0011493305784872495,3.522358982886083e-17,0.002985933464792979
0.0,-0.025851614193539683,0.0,-0.0011484763203770492,3.626776024588267e-17,0.002983668650608404
0.0,-0.02583186303926145,0.0,-0.001147622852882269,3.706653108130852e-17,0.0029814054074233406
0.0,-0.02581212697526293,0.0,-0.0011467701746271691,3.468064091163415e-17,0.002979143733549288
0.0,-0.025792405990015577,0.0,-0.0011459182842346435,3.460974609882801e-17,0.0029768836273021985
0.0,-0.02577270007199803,0.0,-0.001145067180326299,3.409202149625325e-17,0.0029746250870050115
0.0,-0.025753009209699283,0.0,-0.0011442168615233617,3.7529958745753745e-17,0.0029723681109862163
0.0,-0.025733333391616063,0.0,-0.0011433673264452386,4.078503597847244e-17,0.0029701126975796165
0.0,-0.02571367260625451,0.0,-0.0011425185737108246,4.088256695780958e-17,0.0029678588451261165
0.0,-0.025694026842129108,0.0,-0.0011416706019373127,4.107245118645224e-17,0.0029656065519716754
0.0,-0.025674396087763503,0.0,-0.00114082340974096,4.312867204231241e-17,0.0029633558164678738
0.0,-0.02565478033168997,0.0,-0.0011399769957372908,4.3943261644085755e-17,0.0029611066369735948
0.0,-0.02563517956244946,0.0,-0.0011391313585403465,4.51570980840921e-17,0.002958859011852931
0.0,-0.025615593768591557,0.0,-0.0011382864967627877,4.221972720130977e-17,0.0029566129394760095
0.0,-0.02559602293867496,0.0,-0.001137442409016115,3.8996388711121387e-17,0.002954368418218919
0.0,-0.025576467061266848,0.0,-0.0011365990939114434,4.369381975244203e-17,0.0029521254464642374
0.0,-0.025556926124943227,0.0,-0.0011357565500577356,4.5265177166010646e-17,0.002949884022600119
0.0,-0.025537400118288835,0.0,-0.0011349147760630128,4.7288136021895313e-17,0.002947644145021156
0.0,-0.025517889029897062,0.0,-0.001134073770534585,4.5409024600379025e-17,0.0029454058121279386
0.0,-0.0254983928483701,0.0,-0.0011332335320782731,4.549276643688076e-17,0.0029431690223270597
0.0,-0.025478911562318615,0.0,-0.0011323940592986234,4.555766307558718e-17,0.0029409337740316822
0.0,-0.02545944516036239,0.0,-0.0011315553507993668,4.335026869657297e-17,0.0029387000656604942
0.0,-0.02543999363113001,0.0,-0.00113071740518285,4.6643354611391e-17,0.0029364678956387558
0.0,-0.02542055696325746,0.0,-0.0011298802210500394,4.557933983047391e-17,0.0029342372623982413
0.0,-0.02540113514539114,0.0,-0.0011290437970011954,4.778274053860866e-17,0.0029320081643762355
0.0,-0.025381728166185065,0.0,-0.0011282081316354245,4.480691586664866e-17,0.002929780600016294
0.0,-0.02536233601430243,0.0,-0.001127373223550336,4.2082022773087576e-17,0.0029275545677688165
0.0,-0.025342958678414438,0.0,-0.0011265390713426145,4.147243725225847e-17,0.002925330066089947
0.0,-0.025323596147201873,0.0,-0.001125705673608231,4.5387531239359946e-17,0.00292310709344216
0.0,-0.025304248409352963,0.0,-0.001124873028941671,4.537953331404712e-17,0.002920885648294302
0.0,-0.025284915453566016,0.0,-0.0011240411359364846,4.237835082486639e-17,0.002918665729121632
0.0,-0.025265597268547074,0.0,-0.0011232099931851878,4.4393923987711334e-17,0.0029164473344051333
0.0,-0.025246293843010803,0.0,-0.0011223795992794713,4.2486792815936487e-17,0.0029142304626326187
0.0,-0.0252270051656803,0.0,-0.0011215499528095386,4.078955777671934e-17,0.002912015112298245
0.0,-0.025207731225288087,0.0,-0.0011207210523652277,4.077095526272169e-17,0.0029098012819019073
0.0,-0.025188472010574982,0.0,-0.0011198928965347713,3.875935201647014e-17,0.002907588969950398
0.0,-0.025169227510289906,0.0,-0.0011190654839059201,3.5966347776638993e-17,0.002905378174956841
0.0,-0.02514999771319122,0.0,-0.0011182388130659428,3.847016079015972e-17,0.0029031688954403584
0.0,-0.02513078260804498,0.0,-0.0011174128825999587,3.827972918193388e-17,0.002900961129926576
0.0,-0.0251115821836262,0.0,-0.0011165876910932669,3.804300691249159e-17,0.002898754876947709
0.0,-0.02509239642871886,0.0,-0.001115763237129909,3.6580912776751015e-17,0.002896550135041927
0.0,-0.025073225332114743,0.0,-0.0011149395192931093,3.686574147316026e-17,0.002894346902754206
0.0,-0.0250540688826151,0.0,-0.0011141165361658355,3.574806446833446e-17,0.002892145178635431
0.0,-0.025034927069028948,0.0,-0.0011132942863292354,3.7318748330247604e-17,0.0028899449612434145
0.0,-0.025015799880174168,0.0,-0.0011124727683647533,3.970394093588742e-17,0.002887746249142348
0.0,-0.024996687304877148,0.0,-0.0011116519808521378,3.668786457164266e-17,0.002885549040902335
0.0,-0.02497758933197287,0.0,-0.0011108319223717626,3.8883415071402023e-17,0.002883353335100254
0.0,-0.02495850595030441,0.0,-0.0011100125915018567,4.0920691814585623e-17,0.0028811591303194713
0.0,-0.02493943714872466,0.0,-0.0011091939868209477,4.131947660777277e-17,0.002878966425149482
0.0,-0.024920382916093508,0.0,-0.001108376106906972,4.0825954161954496e-17,0.002876775218186471
0.0,-0.02490134324128015,0.0,-0.0011075589503367236,3.714461571252284e-17,0.0028745855080330282
0.0,-0.02488231811316214,0.0,-0.0011067425156869616,3.712760686348441e-17,0.0028723972932980344
0.0,-0.024863307520625134,0.0,-0.0011059268015336306,3.900504652075656e-17,0.0028702105725972897
0.0,-0.024844311452564143,0.0,-0.0011051118064524263,3.604818760461802e-17,0.0028680253445524844
0.0,-0.024825329897882022,0.0,-0.0011042975290184594,3.4889307306954655e-17,0.00286584160779162
0.0,-0.024806362845490548,0.0,-0.001103483967806239,3.773345276785912e-17,0.002863659360950259
0.0,-0.024787410284308954,0.0,-0.0011026711213901505,3.51911563455146e-17,0.0028614786026691322
0.0,-0.024768472203266195,0.0,-0.0011018589883445328,3.536735170660427e-17,0.0028592993315964105
0.0,-0.02474954859129918,0.0,-0.0011010475672425903,4.0153805226275915e-17,0.0028571215463863496
0.0,-0.024730639437352937,0.0,-0.001100236856657281,3.95585019391997e-17,0.0028549452456993842
0.0,-0.024711744730381676,0.0,-0.0010994268551624126,3.9810564485706493e-17,0.0028527704282029567
0.0,-0.02469286445934692,0.0,-0.001098617561330547,3.8605741278066195e-17,0.002850597092570757
0.0,-0.024673998613220248,0.0,-0.0010978089737339936,4.111437126450743e-17,0.002848425237483028
0.0,-0.024655147180979945,0.0,-0.0010970010909457058,4.449897540614319e-17,0.0028462548616261583
0.0,-0.024636310151614063,0.0,-0.001096193911537822,4.65325127163269e-17,0.002844085963693747
0.0,-0.02461748751411812,0.0,-0.0010953874340820207,4.4572052525162484e-17,0.0028419185423851083
0.0,-0.024598679257496713,0.0,-0.0010945816571511662,4.586755445047883e-17,0.0028397525964066806
0.0,-0.024579885370762264,0.0,-0.0010937765793166603,4.9065665870707744e-17,0.0028375881244709234
0.0,-0.0245611058429361,0.0,-0.0010929721991513193,4.7818930175968036e-17,0.002835425125296938
0.0,-0.02454234066304762,0.0,-0.001092168515227046,4.667037229488131e-17,0.0028332635976105478
0.0,-0.024523589820135257,0.0,-0.0010913655261159446,4.769145150866012e-17,0.002831103540143647
0.0,-0.0245048533032444,0.0,-0.001090563230390315,4.6919907740863817e-17,0.002828944951634919
0.0,-0.024486131101430084,0.0,-0.0010897616266225434,5.0237826741058734e-17,0.002826787830829575
0.0,-0.024467423203755372,0.0,-0.0010889607133856617,4.956384816040055e-17,0.0028246321764791357
0.0,-0.024448729599291664,0.0,-0.0010881604892519056,4.830854706027045e-17,0.002822477987341417
0.0,-0.024430050277118365,0.0,-0.0010873609527949238,4.519845717280577e-17,0.0028203252621814535
0.0,-0.02441138522632366,0.0,-0.0010865621025877975,4.787385036034038e-17,0.0028181739997699675
0.0,-0.024392734436004048,0.0,-0.0010857639372041379,4.753170188441609e-17,0.0028160241988845563
0.0,-0.02437409789526398,0.0,-0.0010849664552179826,4.5206204013112e-17,0.0028138758583091663
0.0,-0.024355475593216776,0.0,-0.0010841696552039014,4.791056108068356e-17,0.0028117289768344856
0.0,-0.02433686751898374,0.0,-0.0010833735357363363,4.6487895027188666e-17,0.002809583553257456
0.0,-0.024318273661694208,0.0,-0.0010825780953908231,4.872522652208099e-17,0.0028074395863814192
0.0,-0.02429969401048637,0.0,-0.0010817833327427674,4.9043394799972296e-17,0.002805297075016253
0.0,-0.024281128554506756,0.0,-0.001080989246369,4.6883677408694904e-17,0.0028031560179783044
0.0,-0.024262577282909748,0.0,-0.001080195834846004,4.438636872115376e-17,0.0028010164140903583
0.0,-0.02424404018485814,0.0,-0.0010794030967511278,4.2286731031893976e-17,0.0027988782621821183
0.0,-0.024225517249522627,0.0,-0.001078611030662494,4.4700039930985977e-17,0.002796741561088794
0.0,-0.024207008466083434,0.0,-0.001077819635158642,4.638235094191337e-17,0.002794606309652901
0.0,-0.024188513823727664,0.0,-0.0010770289088194369,4.7250019687544213e-17,0.0027924725067229057
0.0,-0.024170033311651466,0.0,-0.001076238850224724,4.576676251933211e-17,0.002790340151154078
0.0,-0.024151566919058957,0.0,-0.0010754494579555654,4.565058240727015e-17,0.0027882092418075144
0.0,-0.024133114635162736,0.0,-0.0010746607305934404,4.277640340571478e-17,0.0027860797775518375
0.0,-0.02411467644918337,0.0,-0.0010738726667209404,4.308232923963561e-17,0.00278395175726094
0.0,-0.024096252350349588,0.0,-0.0010730852649215314,4.378245694463557e-17,0.00278182517981536
0.0,-0.024077842327898474,0.0,-0.0010722985237795455,4.162897666558762e-17,0.002779700044102857
0.0,-0.024059446371075686,0.0,-0.001071512441880425,4.330500147508406e-17,0.002777576349016784
0.0,-0.02404106446913465,0.0,-0.0010707270178106003,4.512046673287214e-17,0.002775454093457024
0.0,-0.024022696611337047,0.0,-0.0010699422501568216,4.3388523733750724e-17,0.0027733332763301374
0.0,-0.024004342786953,0.0,-0.0010691581375079447,4.698498945929259e-17,0.002771213896548689
0.0,-0.023986002985260914,0.0,-0.0010683746784534815,4.371786991306197e-17,0.002769095953031757
0.0,-0.0239676771955468,0.0,-0.001067591871583708,4.516027518648163e-17,0.0027669794447052797
0.0,-0.02394936540710548,0.0,-0.0010668097154902354,4.5526323666658645e-17,0.0027648643705006633
0.0,-0.02393106760923947,0.0,-0.0010660282087665495,4.721028682325491e-17,0.002762750729356329
0.0,-0.02391278379125995,0.0,-0.0010652473500061314,4.641037968797653e-17,0.0027606385202168255
0.0,-0.02389451394248561,0.0,-0.0010644671378049,4.43671864949675e-17,0.0027585277420330975
0.0,-0.02387625805224459,0.0,-0.001063687570759438,4.631951153626468e-17,0.002756418393762061
0.0,-0.02385801610987114,0.0,-0.0010629086474677632,4.150789203971802e-17,0.0027543104743675277
0.0,-0.023839788104709488,0.0,-0.0010621303665293354,3.9230715766584286e-17,0.002752203982819304
0.0,-0.023821574026111063,0.0,-0.0010613527265448343,3.4909553461492283e-17,0.0027500989180934228
0.0,-0.02380337386343582,0.0,-0.001060575726117153,3.4449481698633435e-17,0.0027479952791725154
0.0,-0.02378518760605195,0.0,-0.001059799363849411,3.57708749758415e-17,0.002745893065045041
0.0,-0.02376701524333502,0.0,-0.0010590236383471643,3.514283400461765e-17,0.002743792274706281
0.0,-0.023748856764669604,0.0,-0.0010582485482170847,3.692019067713612e-17,0.0027416929071570613
0.0,-0.0237307121594477,0.0,-0.0010574740920675026,3.780169183680227e-17,0.0027395949614051622
0.0,-0.02371258141707013,0.0,-0.0010567002685088628,3.83230406307176e-17,0.0027374984364641813
0.0,-0.023694464526944865,0.0,-0.0010559270761522767,3.9905531454317934e-17,0.0027354033313541316
0.0,-0.023676361478489113,0.0,-0.0010551545136116317,3.801086388744614e-17,0.002733309645101157
0.0,-0.02365827226112711,0.0,-0.0010543825795016001,3.6383441587018514e-17,0.0027312173767374127
0.0,-0.023640196864291488,0.0,-0.0010536112724388483,3.687552516026761e-17,0.0027291265253017467
0.0,-0.023622135277423444,0.0,-0.001052840591042385,3.2055248664402696e-17,0.0027270370898386203
0.0,-0.023604087489971937,0.0,-0.0010520705339324375,3.3863911803437585e-17,0.0027249490693991613
0.0,-0.02358605349139369,0.0,-0.0010513010997314663,3.419483894278238e-17,0.0027228624630402064
0.0,-0.023568033271153976,0.0,-0.001050532287063485,3.43932065484826e-17,0.002720777269825071
0.0,-0.023550026818725752,0.0,-0.0010497640945546275,3.11377254456842e-17,0.0027186934888230397
0.0,-0.023532034123589972,0.0,-0.0010489965208326983,2.992967284668836e-17,0.0027166111191094713
0.0,-0.023514055175236127,0.0,-0.0010482295645280627,3.217148478477622e-17,0.0027145301597659675
0.0,-0.023496089963160677,0.0,-0.0010474632242722032,2.6495868853708934e-17,0.002712450609880208
0.0,-0.023478138476869633,0.0,-0.0010466974987001691,2.4997582684215258e-17,0.002710372468545542
0.0,-0.023460200705876136,0.0,-0.0010459323864471218,2.889029353072487e-17,0.0027082957348620687
0.0,-0.02344227663970075,0.0,-0.0010451678861521211,2.9280769277647275e-17,0.0027062204079357235
0.0,-0.023424366267873524,0.0,-0.0010444039964551306,3.141766119859375e-17,0.0027041464868780363
0.0,-0.02340646957993121,0.0,-0.001043640715999009,3.066292191333022e-17,0.0027020739708067637
0.0,-0.023388586565419204,0.0,-0.0010428780434286202,3.1513029650077076e-17,0.002700002858846086
0.0,-0.023370717213890613,0.0,-0.001042115977390733,3.283783824173756e-17,0.0026979331501257886
0.0,-0.023352861514907206,0.0,-0.0010413545165355712,3.333548920644636e-17,0.0026958648437814597
0.0,-0.02333501945803735,0.0,-0.001040593659513704,3.432094173607244e-17,0.002693797938954994
0.0,-0.02331719103285876,0.0,-0.0010398334049799343,3.2366920419068375e-17,0.002691732434794002
0.0,-0.02329937622895613,0.0,-0.0010390737515906295,3.1374888814672635e-17,0.002689668330452496
0.0,-0.023281575035922954,0.0,-0.0010383146980042896,3.465487499560669e-17,0.002687605625089693
0.0,-0.023263787443359774,0.0,-0.0010375562428828675,3.9239544999633346e-17,0.002685544317871166
0.0,-0.023246013440875814,0.0,-0.001036798384889445,3.7553878566621393e-17,0.0026834844079681925
0.0,-0.023228253018088254,0.0,-0.001036041122690228,3.881681206103504e-17,0.0026814258945580412
0.0,-0.023210506164621357,0.0,-0.0010352844549544405,3.8124859591556146e-17,0.0026793687768236507
0.0,-0.02319277287010805,0.0,-0.0010345283803534343,3.5249078334294196e-17,0.0026773130539538845
0.0,-0.023175053124189535,0.0,-0.0010337728975609091,3.5284988028814626e-17,0.0026752587251434616
0.0,-0.023157346916513933,0.0,-0.0010330180052535833,3.7219180648383955e-17,0.002673205789592978
0.0,-0.02313965423673773,0.0,-0.0010322637021104193,3.52784204782504e-17,0.002671154246508441
0.0,-0.023121975074525642,0.0,-0.0010315099868137285,3.4531840544368375e-17,0.002669104095101892
0.0,-0.02310430941954976,0.0,-0.0010307568580477293,3.4314933423025064e-17,0.0026670553345913193
0.0,-0.023086657261489986,0.0,-0.0010300043145004432,3.559437135933689e-17,0.0026650079641999448
0.0,-0.023069018590035194,0.0,-0.0010292523548615761,3.681036989417918e-17,0.0026629619831569076
0.0,-0.02305139339488063,0.0,-0.0010285009778241863,4.022613986796632e-17,0.0026609173906973357
0.0,-0.023033781665730686,0.0,-0.0010277501820840263,4.200360045561015e-17,0.0026588741860614534
0.0,-0.023016183392296673,0.0,-0.0010269999663403099,4.464726739143849e-17,0.0026568323684957275
0.0,-0.022998598564298325,0.0,-0.0010262503292941703,4.277157286008696e-17,0.0026547919372515694
0.0,-0.022981027171462765,0.0,-0.0010255012696498646,4.4390259263887895e-17,0.002652752891587004
0.0,-0.022963469203525485,0.0,-0.001024752786115467,4.3897900005931955e-17,0.0026507152307642867
0.0,-0.022945924650229786,0.0,-0.0010240048774010626,4.366463537025649e-17,0.00264867895405258
0.0,-0.02292839350132629,0.0,-0.0010232575422202135,4.139111027893623e-17,0.0026466440607258368
0.0,-0.022910875746573963,0.0,-0.0010225107792893996,3.807959059765595e-17,0.002644610550063559
0.0,-0.022893371375739248,0.0,-0.0010217645873280092,3.633523183267313e-17,0.0026425784213511393
0.0,-0.022875880378596797,0.0,-0.0010210189650590178,3.380405527094132e-17,0.002640547673879287
0.0,-0.022858402744928532,0.0,-0.00102027391120832,3.290725578158354e-17,0.0026385183069439163
0.0,-0.022840938464524774,0.0,-0.0010195294245041692,3.387830879222365e-17,0.00263649031984672
0.0,-0.0228234875271833,0.0,-0.0010187855036796248,3.523143318204616e-17,0.0026344637118949003
0.0,-0.022806049922709345,0.0,-0.0010180421474692283,3.114592516703476e-17,0.0026324384824004407
0.0,-0.022788625640916754,0.0,-0.0010172993546122043,2.804693208306065e-17,0.002630414630681787
0.0,-0.02277121467162684,0.0,-0.001016557123850045,2.7694768894734003e-17,0.002628392156061721
0.0,-0.02275381700466827,0.0,-0.001015815453928048,2.6957942455910538e-17,0.002626371057868628
0.0,-0.022736432629877765,0.0,-0.0010150743435939824,2.557082641800329e-17,0.0026243513354366867
0.0,-0.022719061537100065,0.0,-0.0010143337916007661,2.4126047864418905e-17,0.0026223329881049726
0.0,-0.022701703716187287,0.0,-0.001013593796702572,2.106324683178117e-17,0.0026203160152179685
0.0,-0.02268435915699987,0.0,-0.0010128543576586066,2.192948473939805e-17,0.0026183004161253547
0.0,-0.02266702784940493,0.0,-0.0010121154732305598,2.329966712238685e-17,0.0026162861901818427
0.0,-0.022649709783278505,0.0,-0.0010113771421837033,2.2580040679514492e-17,0.0026142733367480217
0.0,-0.022632404948503528,0.0,-0.0010106393632871343,2.1355343555066305e-17,0.0026122618551887604
0.0,-0.022615113334970974,0.0,-0.001009902135313086,2.1687408032961218e-17,0.0026102517448750922
0.0,-0.022597834932579733,0.0,-0.001009165457037617,2.468535772620232e-17,0.002608243005182261
0.0,-0.02258056973123633,0.0,-0.0010084293272400423,2.1406189746953323e-17,0.002606235635490953
0.0,-0.022563317720854525,0.0,-0.0010076937447034866,2.212804240553216e-17,0.0026042296351876043
0.0,-0.022546078891356288,0.0,-0.0010069587082143464,1.9643360543971403e-17,0.0026022250036627894
0.0,-0.02252885323267145,0.0,-0.0010062242165631632,2.123091767406729e-17,0.0026002217403125736
0.0,-0.02251164073473731,0.0,-0.0010054902685440743,2.065857178315347e-17,0.0025982198445381314
0.0,-0.022494441387498218,0.0,-0.0010047568629538187,1.9467069428447942e-17,0.002596219315745239
0.0,-0.022477255180906975,0.0,-0.001004023998593948,1.490918403055126e-17,0.0025942201533451816
0.0,-0.02246008210492379,0.0,-0.0010032916742696164,1.7238407726343737e-17,0.0025922223567537736
0.0,-0.02244292214951714,0.0,-0.0010025598887895724,1.8017649665416337e-17,0.0025902259253920354
0.0,-0.022425775304662235,0.0,-0.0010018286409658316,1.732150148200828e-17,0.0025882308586860094
0.0,-0.022408641560342172,0.0,-0.0010010979296149044,1.726900451392126e-17,0.002586237156065898
0.0,-0.022391520906548317,0.0,-0.0010003677535571115,1.6062396720404398e-17,0.0025842448169677234
0.0,-0.022374413333278994,0.0,-0.0009996381116159406,1.6405955415204087e-17,0.0025822538408316804
0.0,-0.022357318830540256,0.0,-0.0009989090026191387,2.0376763231385358e-17,0.002580264227103385
0.0,-0.022340237388346142,0.0,-0.0009981804253985098,2.0774259932567332e-17,0.0025782759752323026
0.0,-0.022323168996718313,0.0,-0.0009974523787895629,1.720212192550454e-17,0.0025762890846734504
0.0,-0.022306113645685674,0.0,-0.0009967248616317452,1.6422044977158914e-17,0.0025743035548864445
0.0,-0.02228907132528477,0.0,-0.0009959978727682227,1.8727729065171835e-17,0.0025723193853353825
0.0,-0.02227204202556036,0.0,-0.0009952714110464274,1.5156720782464132e-17,0.0025703365754892126
0.0,-0.022255025736564196,0.0,-0.0009945454753176222,1.704550958274407e-17,0.0025683551248215624
0.0,-0.02223802244835558,0.0,-0.0009938200644370111,1.6721658920184014e-17,0.0025663750328103214
0.0,-0.022221032151002056,0.0,-0.0009930951772639507,1.6903739631184853e-17,0.002564396298938824
0.0,-0.02220405483457821,0.0,-0.0009923708126621928,1.4832366567304136e-17,0.0025624189226940482
0.0,-0.02218709048916579,0.0,-0.0009916469694987579,1.73536606540603e-17,0.0025604429035681123
0.0,-0.022170139104855914,0.0,-0.0009909236466454972,1.605383434699462e-17,0.0025584682410573815
0.0,-0.022153200671744828,0.0,-0.0009902008429777595,1.666200756831091e-17,0.002556494934663087
0.0,-0.022136275179938165,0.0,-0.0009894785573752855,1.7225070628633196e-17,0.0025545229838902107
0.0,-0.022119362619548374,0.0,-0.0009887567887223055,1.8758459445640746e-17,0.002552552388249171
0.0,-0.022102462980695396,0.0,-0.000988035535906558,2.0606543678648718e-17,0.0025505831472539446
0.0,-0.022085576253507135,0.0,-0.0009873147978199433,1.9296805939487827e-17,0.002548615260423398
0.0,-0.02206870242811891,0.0,-0.0009865945733597515,1.7874071921755337e-17,0.0025466487272806154
0.0,-0.0220518414946732,0.0,-0.0009858748614259983,1.864901414486253e-17,0.0025446835473530685
0.0,-0.022034993443320678,0.0,-0.0009851556609236456,1.9250329924019248e-17,0.002542719720172262
0.0,-0.022018158264218962,0.0,-0.0009844369707622642,1.827626411127739e-17,0.002540757245274661
0.0,-0.02200133594753315,0.0,-0.000983718789854713,1.640873584464079e-17,0.0025387961222001778
0.0,-0.02198452648343661,0.0,-0.0009830011171192371,1.461849125666914e-17,0.0025368363504935532
0.0,-0.021967729862109542,0.0,-0.0009822839514775908,1.2686730005195438e-17,0.002534877929703395
0.0,-0.021950946073739395,0.0,-0.0009815672918555866,1.4064283803790453e-17,0.0025329208593825657
0.0,-0.02193417510852192,0.0,-0.0009808511371849839,1.1948170592687929e-17,0.0025309651390883364
0.0,-0.021917416956659944,0.0,-0.0009801354863997198,1.491476191373313e-17,0.002529010768381813
0.0,-0.021900671608363648,0.0,-0.0009794203384400149,1.374289590937373e-17,0.0025270577468280613
0.0,-0.021883939053851113,0.0,-0.0009787056922493707,1.3756631836281453e-17,0.002525106073996706
0.0,-0.021867219283347603,0.0,-0.000977991546775914,1.5395817650706325e-17,0.0025231557494608424
0.0,-0.021850512287085323,0.0,-0.0009772779009724944,1.3030655630318998e-17,0.002521206772798247
0.0,-0.0218338180553052,0.0,-0.0009765647537960341,1.3553560562577485e-17,0.0025192591435899674
0.0,-0.02181713657825464,0.0,-0.0009758521042078508,1.5155030095999988e-17,0.0025173128614212575
0.0,-0.02180046784618862,0.0,-0.0009751399511742153,1.5723889775120878e-17,0.002515367925881483
0.0,-0.02178381184936985,0.0,-0.0009744282936653545,1.436446444152211e-17,0.002513424336563766
0.0,-0.02176716857806835,0.0,-0.0009737171306565597,1.1393174734020527e-17,0.0025114820930653425
0.0,-0.02175053802256146,0.0,-0.000973006461126866,1.5364067573194828e-17,0.002509541194986479
0.0,-0.021733920173134337,0.0,-0.0009722962840603635,1.3964990518102467e-17,0.0025076016419323184
0.0,-0.02171731502007916,0.0,-0.0009715865984465525,1.3537049382476844e-17,0.002505663433511108
0.0,-0.021700722553695366,0.0,-0.0009708774032771134,9.085730471233798e-18,0.0025037265693349953
0.0,-0.021684142764290665,0.0,-0.0009701686975505721,1.0401613837135492e-17,0.0025017910490197884
0.0,-0.021667575642179124,0.0,-0.0009694604802689682,9.515016149285132e-18,0.002499856872185314
0.0,-0.0216510211776827,0.0,-0.0009687527504389729,9.880999944723017e-18,0.002497924038454542
0.0,-0.021634479361130568,0.0,-0.0009680455070724366,1.0053282121097953e-17,0.002495992547454416
0.0,-0.021617950182860373,0.0,-0.0009673387491851698,1.1944057721539012e-17,0.002494062398815416
0.0,-0.021601433633214852,0.0,-0.000966632475797502,1.2833131279032898e-17,0.0024921335921717874
0.0,-0.021584929702546395,0.0,-0.0009659266859353944,1.3623278767340409e-17,0.0024902061271607078
0.0,-0.02156843838121354,0.0,-0.0009652213786284321,1.4631493338127308e-17,0.0024882800034235993
0.0,-0.021551959659582502,0.0,-0.0009645165529112805,1.3719026460337971e-17,0.002486355220604774
0.0,-0.021535493528026875,0.0,-0.0009638122078235625,1.455141709055765e-17,0.0024844317783525496
0.0,-0.021519039976927567,0.0,-0.0009631083424092045,1.4640064991422028e-17,0.002482509676318281
0.0,-0.021502598996673342,0.0,-0.0009624049557167614,1.5159324070377338e-17,0.0024805889141568467
0.0,-0.021486170577658996,0.0,-0.0009617020467997584,1.6005944084037977e-17,0.0024786694915263155
0.0,-0.021469754710287954,0.0,-0.0009609996147162386,1.6847863761847712e-17,0.002476751408088242
0.0,-0.021453351384970478,0.0,-0.0009602976585295452,1.8468462458715853e-17,0.0024748346635075904
0.0,-0.02143696059212426,0.0,-0.0009595961773066563,1.952965496003444e-17,0.002472919257452516
0.0,-0.021420582322174066,0.0,-0.0009588951701205189,2.0753506089673982e-17,0.002471005189594332
0.0,-0.02140421656555234,0.0,-0.0009581946360479374,1.941902833976083e-17,0.0024690924596076154
0.0,-0.021387863312698305,0.0,-0.0009574945741709085,1.998315784743084e-17,0.002467181067170016
0.0,-0.021371522554059164,0.0,-0.0009567949835763957,2.1438758182323846e-17,0.002465271011962561
0.0,-0.02135519428008905,0.0,-0.0009560958633554466,2.3224169284087256e-17,0.0024633622936692423
0.0,-0.02133887848124919,0.0,-0.0009553972126047444,2.559253907595751e-17,0.002461454911977268
0.0,-0.021322575148008602,0.0,-0.0009546990304248375,2.6595661881643104e-17,0.002459548866576464
0.0,-0.021306284270843107,0.0,-0.0009540013159219055,2.6166476218224062e-17,0.002457644157160388
0.0,-0.02129000584023598,0.0,-0.0009533040682068838,2.6583357241768926e-17,0.0024557407834251096
0.0,-0.02127373984667813,0.0,-0.0009526072863950132,2.5609417055933327e-17,0.0024538387450696924
0.0,-0.021257486280667245,0.0,-0.0009519109696068395,2.5707033685053335e-17,0.002451938041796445
0.0,-0.021241245132708256,0.0,-0.0009512151169674425,2.4180045120681492e-17,0.0024500386733100634
0.0,-0.02122501639331376,0.0,-0.000950519727607094,2.618755649700842e-17,0.0024481406393186992
0.0,-0.02120880005300312,0.0,-0.0009498248006605994,2.9102032908877305e-17,0.0024462439395330333
0.0,-0.021192596102303212,0.0,-0.0009491303352674075,2.7295998871588032e-17,0.002444348573666553
0.0,-0.02117640453174825,0.0,-0.0009484363305729435,3.086271477181174e-17,0.00244245454143541
0.0,-0.021160225331879855,0.0,-0.0009477427857261631,3.000132099646764e-17,0.0024405618425588083
0.0,-0.021144058493245996,0.0,-0.0009470496998814446,3.0545105337943074e-17,0.0024386704767586135
0.0,-0.021127904006402604,0.0,-0.000946357072198592,2.8036616895335085e-17,0.0024367804437590494
0.0,-0.021111761861913,0.0,-0.0009456649018412729,2.539434942416791e-17,0.002434891743287345
0.0,-0.0210956320503469,0.0,-0.0009449731879786921,2.54118468303398e-17,0.002433004375073256
0.0,-0.021079514562282076,0.0,-0.0009442819297854767,2.7338707999270378e-17,0.002431118338849108
0.0,-0.021063409388303058,0.0,-0.0009435911264396796,2.6990912851907637e-17,0.0024292336343498945
0.0,-0.021047316519001276,0.0,-0.0009429007771253386,2.4722584148420303e-17,0.0024273502613127006
0.0,-0.021031235944976048,0.0,-0.0009422108810314644,2.266924635088092e-17,0.0024254682194777936
0.0,-0.021015167656833676,0.0,-0.000941521437351723,2.6288558315840902e-17,0.0024235875085873797
0.0,-0.020999111645187002,0.0,-0.0009408324452842068,2.4987318723230685e-17,0.002421708128386231
0.0,-0.020983067900657095,0.0,-0.0009401439040326539,2.6581904710359865e-17,0.002419830078621762
0.0,-0.020967036413871203,0.0,-0.0009394558128053441,2.7809324021657085e-17,0.0024179533590436048
0.0,-0.020951017175464454,0.0,-0.0009387681708157675,3.021103816543616e-17,0.0024160779694032803
0.0,-0.020935010176078513,0.0,-0.0009380809772827251,2.964056416377909e-17,0.0024142039094553476
0.0,-0.020919015406363112,0.0,-0.0009373942314285622,2.9379086259334234e-17,0.0024123311789562845
0.0,-0.020903032856973744,0.0,-0.0009367079324820543,2.886158336172916e-17,0.0024104597776648897
0.0,-0.02088706251857428,0.0,-0.0009360220796759613,2.964582804812899e-17,0.0024085897053421736
0.0,-0.020871104381835443,0.0,-0.000935336672248477,3.041658645908711e-17,0.0024067209617512175
0.0,-0.020855158437434754,0.0,-0.0009346517094425598,3.1353961081579055e-17,0.0024048535466572644
0.0,-0.020839224676056825,0.0,-0.0009339671905062644,2.9330884568222766e-17,0.002402987459827936
0.0,-0.02082330308839372,0.0,-0.0009332831146923028,3.142722241422462e-17,0.0024011227010326893
0.0,-0.020807393665144388,0.0,-0.0009325994812584865,3.105270056989389e-17,0.002399259270043136
0.0,-0.020791496397015226,0.0,-0.0009319162894678395,3.0522009033447174e-17,0.002397397166632715
0.0,-0.02077561127471944,0.0,-0.0009312335385879291,3.035469538779508e-17,0.002395536390577187
0.0,-0.020759738288977186,0.0,-0.0009305512278915356,2.7533263789262376e-17,0.0023936769416541886
0.0,-0.020743877430515912,0.0,-0.000929869356656101,2.6225139249669437e-17,0.0023918188196429004
0.0,-0.020728028690070077,0.0,-0.0009291879241642751,2.5832162399709103e-17,0.0023899620243249685
0.0,-0.020712192058381373,0.0,-0.0009285069297038113,2.3044913141324247e-17,0.002388106555483795
0.0,-0.020696367526198516,0.0,-0.0009278263725666845,2.375271856315304e-17,0.0023862524129040726
0.0,-0.020680555084277283,0.0,-0.0009271462520506319,2.350903653658296e-17,0.0023843995963729763
0.0,-0.020664754723380228,0.0,-0.0009264665674582774,2.4227731843199984e-17,0.0023825481056791303
0.0,-0.020648966434277417,0.0,-0.0009257873180961286,2.4606815557533436e-17,0.0023806979406127892
0.0,-0.020633190207745705,0.0,-0.0009251085032773497,2.7215165128326083e-17,0.002378849100966348
0.0,-0.020617426034569022,0.0,-0.0009244301223188822,2.4776231974671657e-17,0.00237700158653342
0.0,-0.02060167390553837,0.0,-0.0009237521745424411,2.517699521481959e-17,0.002375155397109324
0.0,-0.020585933811451688,0.0,-0.0009230746592753988,2.336504767341999e-17,0.0023733105324914064
0.0,-0.020570205743114363,0.0,-0.0009223975758496858,2.322767406556827e-17,0.0023714669924779783
0.0,-0.02055448969133812,0.0,-0.0009217209236022237,2.2645138743647422e-17,0.0023696247768696392
0.0,-0.020538785646941952,0.0,-0.0009210447018749363,2.3192964303085144e-17,0.00236778388546787
0.0,-0.020523093600752468,0.0,-0.0009203689100145234,2.1963342681329952e-17,0.00236594431807563
0.0,-0.020507413543602627,0.0,-0.0009196935473727928,2.2107568441273526e-17,0.002364106074497629
0.0,-0.020491745466332183,0.0,-0.0009190186133063242,1.979390337389249e-17,0.002362269154540345
0.0,-0.020476089359788726,0.0,-0.0009183441071762594,2.2296757880170625e-17,0.0023604335580109455
0.0,-0.020460445214826026,0.0,-0.0009176700283497377,2.2338155462943844e-17,0.0023585992847182284
0.0,-0.020444813022305552,0.0,-0.0009169963761977862,2.2985601775971328e-17,0.002356766334472469
0.0,-0.020429192773095302,0.0,-0.0009163231500964343,2.4509793777163393e-17,0.002354934707085097
0.0,-0.020413584458070122,0.0,-0.0009156503494269361,2.6422492201618318e-17,0.0023531044023687277
0.0,-0.020397988068112407,0.0,-0.0009149779735755436,2.4267001587727545e-17,0.002351275420137432
0.0,-0.020382403594110803,0.0,-0.000914306021932848,2.610473499970359e-17,0.002349447760206374
0.0,-0.02036683102696153,0.0,-0.0009136344938948876,2.4650260163207587e-17,0.0023476214223917455
0.0,-0.02035127035756765,0.0,-0.000912963388862255,2.4546933485562223e-17,0.0023457964065113183
0.0,-0.02033572157683847,0.0,-0.000912292706240333,2.2732748738588757e-17,0.0023439727123832415
0.0,-0.02032018467569104,0.0,-0.0009116224454396083,2.0286334268284375e-17,0.002342150339827718
0.0,-0.02030465964504942,0.0,-0.0009109526058754719,2.0547951752159586e-17,0.0023403292886650063
0.0,-0.020289146475843983,0.0,-0.0009102831869678696,2.1944523484755977e-17,0.0023385095587169606
0.0,-0.02027364515901256,0.0,-0.0009096141881416404,2.384991181820952e-17,0.0023366911498065245
0.0,-0.020258155685499647,0.0,-0.0009089456088268558,2.5053368798592826e-17,0.0023348740617571075
0.0,-0.020242678046256877,0.0,-0.0009082774484580359,2.4280118976109032e-17,0.0023330582943933997
0.0,-0.020227212232242272,0.0,-0.000907609706474264,2.6753993521181292e-17,0.0023312438475409044
0.0,-0.02021175823442095,0.0,-0.0009069423823204081,2.621367558311876e-17,0.0023294307210259286
0.0,-0.020196316043765965,0.0,-0.0009062754754448986,2.4626237328474995e-17,0.0023276189146757224
0.0,-0.02018088565125561,0.0,-0.0009056089853020653,2.5414626525865998e-17,0.002325808428318216
0.0,-0.020165467047876216,0.0,-0.000904942911350134,2.62279855754728e-17,0.002323999261782209
0.0,-0.020150060224620514,0.0,-0.0009042772530525625,2.6022139217445482e-17,0.002322191414897143
0.0,-0.020134665172488207,0.0,-0.0009036120098779291,2.4840031239377748e-17,0.002320384887493251
0.0,-0.02011928188248614,0.0,-0.000902947181299042,2.494871140999529e-17,0.002318579679401628
0.0,-0.02010391034562752,0.0,-0.0009022827667931714,2.2656729134781554e-17,0.002316775790453383
0.0,-0.020088550552932995,0.0,-0.0009016187658432578,2.0950033823728118e-17,0.0023149732204808702
0.0,-0.020073202495429723,0.0,-0.0009009551779361451,2.374616841793247e-17,0.0023131719693167954
0.0,-0.020057866164151804,0.0,-0.0009002920025641338,2.405340562910821e-17,0.002311372036794383
0.0,-0.02004254155014014,0.0,-0.0008996292392233114,2.491398101213628e-17,0.002309573422747619
0.0,-0.020027228644441872,0.0,-0.0008989668874152275,2.4361072221084737e-17,0.0023077761270106803
0.0,-0.02001192743811252,0.0,-0.0008983049466463308,2.4469353286915623e-17,0.0023059801494181467
0.0,-0.019996637922213255,0.0,-0.0008976434164266368,2.0675367884830675e-17,0.002304185489805572
0.0,-0.019981360087812296,0.0,-0.0008969822962721793,1.8982779830411725e-17,0.002302392148008365
0.0,-0.019966093925984984,0.0,-0.000896321585702669,1.742984488784121e-17,0.0023006001238626266
0.0,-0.019950839427812804,0.0,-0.0008956612842429477,1.703941670538833e-17,0.002298809417204524
0.0,-0.019935596584384704,0.0,-0.0008950013914220904,1.6894178848251012e-17,0.002297020027870787
0.0,-0.019920365386796143,0.0,-0.0008943419067739683,1.6898079505378754e-17,0.0022952319556981786
0.0,-0.01990514582614953,0.0,-0.0008936828298379091,1.6334947723700598e-17,0.0022934452005241007
0.0,-0.01988993789355406,0.0,-0.0008930241601564848,1.4650556555615093e-17,0.0022916597621856745
0.0,-0.019874741580125258,0.0,-0.0008923658972777234,1.1942511534606883e-17,0.0022898756405207443
0.0,-0.019859556876986602,0.0,-0.000891708040753562,1.1641148436064636e-17,0.0022880928353669183
0.0,-0.019844383775266945,0.0,-0.000891050590141844,1.200676951748053e-17,0.00228631134656209
0.0,-0.019829222266102967,0.0,-0.0008903935450034298,1.1922879115122228e-17,0.0022845311739443084
0.0,-0.019814072340637544,0.0,-0.0008897369049045335,9.103136935444216e-18,0.002282752317351572
0.0,-0.019798933990020567,0.0,-0.0008890806694154977,9.863137558409915e-18,0.002280974776622034
0.0,-0.019783807205408416,0.0,-0.0008884248381115735,9.363921168201462e-18,0.0022791985515938245
0.0,-0.019768691977964475,0.0,-0.0008877694105726993,9.862287504606143e-18,0.0022774236421050165
0.0,-0.0197535882988593,0.0,-0.0008871143863827209,1.1245453565249765e-17,0.00227565004799366
0.0,-0.01973849615926925,0.0,-0.0008864597651302834,8.86529250399958e-18,0.0022738777690978367
0.0,-0.019723415550377956,0.0,-0.0008858055464081632,9.385079047425301e-18,0.002272106805255481
0.0,-0.019708346463375864,0.0,-0.0008851517298140492,8.604659509807953e-18,0.0022703371563042303
0.0,-0.019693288889459808,0.0,-0.0008844983149499809,8.522799014512681e-18,0.0022685688220818903
0.0,-0.01967824281983396,0.0,-0.0008838453014220251,8.351111677694215e-18,0.0022668018024256755
0.0,-0.01966320824570827,0.0,-0.000883192688841045,1.11747078993584e-17,0.0022650360971729045
0.0,-0.019648185158300444,0.0,-0.000882540476822593,1.077819273084113e-17,0.002263271706160663
0.0,-0.019633173548834093,0.0,-0.0008818886649855826,9.962651751968942e-18,0.002261508629225405
0.0,-0.01961817340853986,0.0,-0.0008812372529540572,9.415852160898287e-18,0.00225974686620365
0.0,-0.019603184728655132,0.0,-0.0008805862403567527,8.966569023817789e-18,0.002257986416931477
0.0,-0.019588207500423768,0.0,-0.0008799356268258728,1.2745179522436072e-17,0.002256227281244659
0.0,-0.019573241715096768,0.0,-0.0008792854119982026,1.353987146027947e-17,0.002254469458978451
0.0,-0.019558287363931712,0.0,-0.0008786355955148855,1.3937542700521894e-17,0.002252712949967781
0.0,-0.01954334443819209,0.0,-0.0008779861770217583,1.4269156933545977e-17,0.0022509577540469595
0.0,-0.019528412929148996,0.0,-0.0008773371561684575,1.2101833914614136e-17,0.002249203871050209
0.0,-0.019513492828079713,0.0,-0.0008766885326084285,1.2039081096856398e-17,0.0022474513008107827
0.0,-0.019498584126268308,0.0,-0.0008760403060006932,1.34577237414232e-17,0.0022457000431619265
0.0,-0.019483686815005556,0.0,-0.000875392476007305,1.4886940252512073e-17,0.0022439500979359317
0.0,-0.01946880088558884,0.0,-0.0008747450422952298,1.5052863248281514e-17,0.0022422014649647816
0.0,-0.019453926329322472,0.0,-0.0008740980045349108,1.5982278233974477e-17,0.0022404541440794
0.0,-0.019439063137516602,0.0,-0.0008734513624011489,1.610694638022925e-17,0.0022387081351104687
0.0,-0.01942421130148889,0.0,-0.0008728051155736595,1.51428359774228e-17,0.0022369634378881704
0.0,-0.01940937081256335,0.0,-0.0008721592637355259,1.5224729566824647e-17,0.0022352200522414273
0.0,-0.01939454166207076,0.0,-0.0008715138065743007,1.5540177355829514e-17,0.002233477977998863
0.0,-0.019379723841347632,0.0,-0.0008708687437812349,1.7122679889471287e-17,0.0022317372149882777
0.0,-0.0193649173417383,0.0,-0.0008702240750519403,1.4798223346074498e-17,0.0022299977630366465
0.0,-0.01935012215459313,0.0,-0.0008695798000863936,1.3025577752572807e-17,0.0022282596219701765
0.0,-0.019335338271268796,0.0,-0.0008689359185878223,1.4082474988801784e-17,0.002226522791614417
0.0,-0.019320565683129565,0.0,-0.0008682924302642655,1.4742270707180538e-17,0.0022247872717936637
0.0,-0.019305804381545454,0.0,-0.0008676493348276794,1.362474641194095e-17,0.002223053062331647
0.0,-0.019291054357893113,0.0,-0.0008670066319930543,1.3134921880047963e-17,0.0022213201630510242
0.0,-0.01927631560355615,0.0,-0.0008663643214805198,1.2775737233356754e-17,0.0022195885737737544
0.0,-0.01926158810992444,0.0,-0.0008657224030137955,1.2684033361608257e-17,0.002217858294320614
0.0,-0.019246871868394938,0.0,-0.0008650808763204107,1.217195812190461e-17,0.0022161293245114345
0.0,-0.01923216687037059,0.0,-0.0008644397411317049,1.3022826346210212e-17,0.002214401664165092
0.0,-0.019217473107260998,0.0,-0.0008637989971831615,1.0793284375670851e-17,0.0022126753130994963
0.0,-0.019202790570482586,0.0,-0.0008631586442141874,9.572905703628128e-18,0.002210950271131263
0.0,-0.0191881192514583,0.0,-0.0008625186819677774,1.0094242119486343e-17,0.0022092265380760662
0.0,-0.019173459141617465,0.0,-0.0008618791101909608,8.998424735223335e-18,0.0022075041137485135
0.0,-0.01915881023239575,0.0,-0.0008612399286343556,8.875549693480449e-18,0.002205782997962118
0.0,-0.019144172515236025,0.0,-0.0008606011370522819,8.18032545686795e-18,0.002204063190529115
0.0,-0.01912954598158737,0.0,-0.0008599627352036528,6.53448734960819e-18,0.0022023446912602857
0.0,-0.01911493062290537,0.0,-0.0008593247228501896,6.322574833643806e-18,0.00220062749996573
0.0,-0.019100326430651595,0.0,-0.0008586870997579855,7.933852845212012e-18,0.002198911616454034
0.0,-0.019085733396295164,0.0,-0.0008580498656960564,6.211660682798079e-18,0.002197197040532654
0.0,-0.01907115151131128,0.0,-0.0008574130204384571,4.2800968705990435e-18,0.002195483772007423
0.0,-0.019056580767181103,0.0,-0.0008567765637610562,3.4550747124456162e-18,0.0021937718106830916
0.0,-0.019042021155393284,0.0,-0.0008561404954454219,3.789575433111235e-18,0.0021920611563632066
0.0,-0.019027472667442074,0.0,-0.0008555048152752737,5.7483885261601156e-18,0.0021903518088498197
0.0,-0.019012935294829177,0.0,-0.0008548695230384798,5.959646445488993e-18,0.0021886437679434333
0.0,-0.018998409029061886,0.0,-0.0008542346185263901,4.85250034242873e-18,0.002186937033443283
0.0,-0.0189838938616544,0.0,-0.0008536001015342807,2.985625458343506e-18,0.0021852316051471756
0.0,-0.01896938978412764,0.0,-0.0008529659718599094,2.866407815371827e-18,0.002183527482851544
0.0,-0.018954896788007908,0.0,-0.0008523322293059626,1.9872312114528437e-18,0.0021818246663512734
0.0,-0.018940414864829547,0.0,-0.0008516988736781652,2.4118104831090613e-18,0.002180123155439568
0.0,-0.018925944006132445,0.0,-0.0008510659047849476,2.6446049505125503e-18,0.002178422949908406
0.0,-0.01891148420346305,0.0,-0.0008504333224387816,3.517860231953465e-18,0.002176724049547781
0.0,-0.018897035448374358,0.0,-0.0008498011264560649,4.20177912884351e-18,0.002175026454146426
0.0,-0.018882597732425663,0.0,-0.0008491693166558995,5.637379298140365e-18,0.0021733301634917265
0.0,-0.018868171047182924,0.0,-0.0008485378928610998,7.11523534697406e-18,0.0021716351773688673
0.0,-0.01885375538421847,0.0,-0.0008479068548976289,4.608676402467221e-18,0.0021699414955616324
0.0,-0.01883935073511113,0.0,-0.0008472762025949332,3.5761994572960354e-18,0.002168249117852364
0.0,-0.0188249570914461,0.0,-0.0008466459357859487,5.770810614123551e-18,0.002166558044021218
0.0,-0.018810574444814553,0.0,-0.0008460160543066499,6.015459069878279e-18,0.0021648682738470183
0.0,-0.01879620278681534,0.0,-0.000845386557996274,6.328983931455863e-18,0.0021631798071067897
0.0,-0.01878184210905243,0.0,-0.000844757446697435,6.4040801079160935e-18,0.002161492643575759
0.0,-0.018767492403137055,0.0,-0.0008441287202562345,6.367434707230951e-18,0.0021598067830271434
0.0,-0.01875315366068569,0.0,-0.0008435003785218127,8.726958221884188e-18,0.002158122225232836
0.0,-0.018738825873322665,0.0,-0.0008428724213457993,7.996520510070724e-18,0.0021564389699625913
0.0,-0.018724509032678086,0.0,-0.0008422448485840902,6.3901918611193946e-18,0.0021547570169840884
0.0,-0.01871020313038817,0.0,-0.0008416176600953977,5.2965501883333055e-18,0.002153076366063726
0.0,-0.018695908158095853,0.0,-0.0008409908557410388,4.592977806772054e-18,0.0021513970169653464
0.0,-0.018681624107450643,0.0,-0.0008403644353860345,3.49469127767874e-18,0.002149718969451465
0.0,-0.018667350970108142,0.0,-0.000839738398897899,4.514442968582367e-18,0.0021480422232821963
0.0,-0.018653088737730396,0.0,-0.0008391127461482981,6.5538792670018676e-18,0.0021463667782159745
0.0,-0.01863883740198517,0.0,-0.0008384874770100553,5.708899694630057e-18,0.0021446926340092506
0.0,-0.018624596954547972,0.0,-0.0008378625913610375,6.5335017933730396e-18,0.0021430197904162233
0.0,-0.018610367387099383,0.0,-0.0008372380890806009,8.19929593907053e-18,0.0021413482471893687
0.0,-0.018596148691327336,0.0,-0.0008366139700514808,6.999039316845941e-18,0.0021396780040788595
0.0,-0.018581940858925332,0.0,-0.0008359902341600092,5.770340571069012e-18,0.0021380090608332336
0.0,-0.018567743881593584,0.0,-0.0008353668812945707,4.865967028053713e-18,0.002136341417198259
0.0,-0.018553557751038677,0.0,-0.0008347439113466998,6.279329625806108e-18,0.002134675072918263
0.0,-0.018539382458973408,0.0,-0.0008341213242108708,6.647691926555071e-18,0.0021330100277349496
0.0,-0.018525217997117035,0.0,-0.0008334991197844886,7.243677267676136e-18,0.0021313462813882765
0.0,-0.01851106435719523,0.0,-0.0008328772979675654,8.553483705584937e-18,0.0021296838336155462
0.0,-0.01849692153093938,0.0,-0.0008322558586629316,9.807486203576598e-18,0.0021280226841524554
0.0,-0.01848278951008786,0.0,-0.000831634801776023,9.495814220450213e-18,0.002126362832732221
0.0,-0.01846866828638509,0.0,-0.0008310141272154335,1.0296108524190982e-17,0.0021247042790858146
0.0,-0.01845455785158166,0.0,-0.0008303938348920278,1.1344369563261241e-17,0.002123047022941788
0.0,-0.018440458197434915,0.0,-0.0008297739247199366,1.1601924608723825e-17,0.002121391064026799
0.0,-0.018426369315708246,0.0,-0.0008291543966151187,1.1566184848285487e-17,0.0021197364020649496
0.0,-0.018412291198171213,0.0,-0.0008285352504968036,1.1019789012053645e-17,0.002118083036778044
0.0,-0.018398223836599857,0.0,-0.0008279164862867107,1.0541071070900557e-17,0.0021164309678856907
0.0,-0.018384167222776027,0.0,-0.0008272981039091637,1.0447177563861229e-17,0.0021147801951052914
0.0,-0.018370121348488474,0.0,-0.000826680103290536,1.046839205039518e-17,0.00211313071815161
0.0,-0.01835608620553201,0.0,-0.0008260624843603626,1.0294550584579689e-17,0.002111482536736883
0.0,-0.018342061785707513,0.0,-0.0008254452470507766,9.136841999537077e-18,0.0021098356505715654
0.0,-0.018328048080822598,0.0,-0.0008248283912961889,6.538596001080091e-18,0.0021081900593630737
0.0,-0.01831404508269047,0.0,-0.0008242119170330565,7.989196604932031e-18,0.0021065457628167443
0.0,-0.018300052783131165,0.0,-0.0008235958242005535,6.626082375765746e-18,0.0021049027606352784
0.0,-0.018286071173970766,0.0,-0.0008229801127412354,2.9911633369364436e-18,0.0021032610525190507
0.0,-0.01827210024704168,0.0,-0.00082236478259782,4.605476985438028e-18,0.0021016206381659396
0.0,-0.018258139994182312,0.0,-0.0008217498337174105,3.346050717384022e-18,0.0020999815172710154
0.0,-0.018244190407237095,0.0,-0.0008211352660490434,5.4833186664072314e-18,0.0020983436895274286
0.0,-0.018230251478057735,0.0,-0.0008205210795429225,6.8830000965422916e-18,0.002096707154625215
0.0,-0.01821632319850127,0.0,-0.0008199072741531892,8.801068367930463e-18,0.0020950719122519407
0.0,-0.01820240556043101,0.0,-0.0008192938498351457,9.052532862969294e-18,0.0020934379620929098
0.0,-0.018188498555716658,0.0,-0.0008186808065463673,7.566135324019956e-18,0.002091805303830648
0.0,-0.018174602176234612,0.0,-0.0008180681442475931,5.724406591225845e-18,0.0020901739371449674
0.0,-0.018160716413866334,0.0,-0.000817455862900389,5.291702302012304e-18,0.00208854386171336
0.0,-0.018146841260500583,0.0,-0.000816843962469266,6.282042299745603e-18,0.0020869150772101
0.0,-0.018132976708031233,0.0,-0.0008162324429210019,5.22952078374147e-18,0.002085287583307637
0.0,-0.018119122748359792,0.0,-0.0008156213042240984,3.887994212464274e-18,0.0020836613796749942
0.0,-0.01810527937339255,0.0,-0.0008150105463493303,5.637053881812696e-18,0.0020820364659788443
0.0,-0.01809144657504261,0.0,-0.000814400169269523,4.872747970128267e-18,0.002080412841883143
0.0,-0.018077624345229693,0.0,-0.0008137901729590005,4.706074187226537e-18,0.0020787905070490083
0.0,-0.018063812675879067,0.0,-0.0008131805573950267,4.558491213621637e-18,0.0020771694611349647
0.0,-0.01805001155892197,0.0,-0.0008125713225565864,5.847179874506825e-18,0.0020755497037965856
0.0,-0.018036220986296526,0.0,-0.0008119624684240478,6.876950881721674e-18,0.0020739312346870105
0.0,-0.018022440949946126,0.0,-0.0008113539949797242,6.435809220642406e-18,0.002072314053456313
0.0,-0.01800867144182153,0.0,-0.00081074590220898,8.932733385773163e-18,0.002070698159751703
0.0,-0.017994912453878634,0.0,-0.0008101381900981225,7.701152040426828e-18,0.0020690835532178164
0.0,-0.017981163978079955,0.0,-0.0008095308586349571,6.8812973169467754e-18,0.0020674702334962684
0.0,-0.017967426006393967,0.0,-0.0008089239078102298,8.03209003878321e-18,0.0020658582002260517
0.0,-0.01795369853079494,0.0,-0.0008083173376151877,6.906232405352405e-18,0.0020642474530430817
0.0,-0.017939981543264146,0.0,-0.0008077111480442417,7.359747087999193e-18,0.002062637991580352
0.0,-0.01792627503578841,0.0,-0.0008071053390925207,7.198431926707562e-18,0.0020610298154683355
0.0,-0.017912579000360605,0.0,-0.0008064999107572132,6.005382293286744e-18,0.002059422924334104
0.0,-0.017898893428979584,0.0,-0.0008058948630372228,4.934947754821841e-18,0.002057817317802383
0.0,-0.017885218313651054,0.0,-0.0008052901959329569,5.384603833457069e-18,0.002056212995494393
0.0,-0.01787155364638608,0.0,-0.0008046859094468764,4.6745092853947064e-18,0.002054609957028604
0.0,-0.01785789941920258,0.0,-0.0008040820035827149,3.476016659889204e-18,0.002053008202020844
0.0,-0.01784425562412393,0.0,-0.0008034784783457116,3.620134024966354e-18,0.002051407730083479
0.0,-0.017830622253179523,0.0,-0.0008028753337432676,2.885778993675514e-18,0.002049808540826233
0.0,-0.017816999298405318,0.0,-0.0008022725697835074,3.531670477920989e-18,0.002048210633855722
0.0,-0.017803386751843456,0.0,-0.0008016701864768317,4.4393361659524546e-18,0.0020466140087755684
0.0,-0.017789784605541245,0.0,-0.0008010681838345867,4.9697153583597995e-18,0.0020450186651864316
0.0,-0.01777619285155286,0.0,-0.0008004665618696198,6.0708596169940514e-18,0.0020434246026856517
0.0,-0.01776261148193848,0.0,-0.000799865320596942,5.626731527821319e-18,0.002041831820867903
0.0,-0.01774904048876416,0.0,-0.0007992644600317343,4.959388749395681e-18,0.002040240319324465
0.0,-0.017735479864102212,0.0,-0.0007986639801918973,4.592068099353739e-18,0.002038650097643843
0.0,-0.017721929600030724,0.0,-0.0007980638810959457,4.257914258269774e-18,0.0020370611554112023
0.0,-0.01770838968863428,0.0,-0.000797464162763561,5.196809142796178e-18,0.0020354734922086214
0.0,-0.017694860122003254,0.0,-0.0007968648252165882,4.7312241568250416e-18,0.00203388710761554
0.0,-0.017681340892233447,0.0,-0.0007962658684771582,5.427032890489884e-18,0.0020323020012075308
0.0,-0.017667831991427588,0.0,-0.000795667292568786,5.174424430482656e-18,0.002030718172557583
0.0,-0.01765433341169446,0.0,-0.0007950690975172678,4.8012890435990295e-18,0.0020291356212351792
0.0,-0.017640845145148333,0.0,-0.0007944712833486779,4.536849035108946e-18,0.002027554346806915
0.0,-0.01762736718390971,0.0,-0.0007938738500907031,3.487356104571314e-18,0.0020259743488361026
0.0,-0.017613899520104847,0.0,-0.0007932767977718628,1.4210733157994309e-18,0.002024395626883193
0.0,-0.017600442145866587,0.0,-0.0007926801264219627,7.238169777949046e-19,0.002022818180504552
0.0,-0.01758699505333385,0.0,-0.0007920838360717465,4.977542739337103e-19,0.0020212420092542904
0.0,-0.017573558234650313,0.0,-0.0007914879267535731,2.0296318104788177e-18,0.0020196671126831004
0.0,-0.01756013168196736,0.0,-0.0007908923985004174,2.0263789580309448e-18,0.002018093490338003
0.0,-0.017546715387441545,0.0,-0.0007902972513460856,8.0047006083383195e-19,0.002016521141763288
0.0,-0.017533309343234636,0.0,-0.0007897024853263332,5.637506888253365e-19,0.002014950066499678
0.0,-0.017519913541516025,0.0,-0.0007891081004763046,6.362964369188637e-19,0.002013380264084878
0.0,-0.0175065279744596,0.0,-0.0007885140968343154,2.5551854557906574e-18,0.0020118117340530376
0.0,-0.01749315263424668,0.0,-0.000787920474438068,2.3867781199636296e-18,0.002010244475935466
0.0,-0.017479787513062766,0.0,-0.000787327233325994,3.579599495658358e-18,0.0020086784892598955
0.0,-0.017466432603101274,0.0,-0.0007867343735381382,3.6525558766005455e-18,0.002007113773550546
0.0,-0.017453087896559787,0.0,-0.0007861418951156003,4.842135614817463e-18,0.00200555032832888
0.0,-0.01743975338564312,0.0,-0.0007855497980996525,4.9383441340433015e-18,0.0020039881531125855
0.0,-0.01742642906256157,0.0,-0.0007849580825326228,4.396340697818444e-18,0.002002427247416372
0.0,-0.01741311491953152,0.0,-0.0007843667484575663,3.9619953246415726e-18,0.0020008676107513583
0.0,-0.0173998109487749,0.0,-0.0007837757959189282,4.764770848174537e-18,0.001999309242625535
0.0,-0.01738651714252028,0.0,-0.0007831852249608816,4.956503109402259e-18,0.001997752142543196
0.0,-0.017373233493001513,0.0,-0.0007825950356293202,3.726548622651343e-18,0.0019961963100058448
0.0,-0.017359959992458412,0.0,-0.000782005227970201,4.2956188714335286e-18,0.0019946417445111633
0.0,-0.017346696633137773,0.0,-0.0007814158020302027,2.4361272188461925e-18,0.001993088445553702
0.0,-0.017333443407290795,0.0,-0.0007808267578568459,2.699222484734473e-18,0.0019915364126242533
0.0,-0.017320200307175224,0.0,-0.0007802380954982608,3.3095660985788545e-18,0.001989985645210698
0.0,-0.017306967325055385,0.0,-0.0007796498150030805,4.026429771235603e-18,0.0019884361427974606
0.0,-0.01729374445320042,0.0,-0.0007790619164202255,2.736418000423912e-18,0.001986887904865123
0.0,-0.017280531683886102,0.0,-0.0007784743997998917,2.0106340950170845e-18,0.0019853409308912464
0.0,-0.01726732900939419,0.0,-0.0007778872651926688,1.333702301121695e-18,0.0019837952203499796
0.0,-0.017254136422011353,0.0,-0.0007773005126487629,-2.957419854504022e-19,0.0019822507727119665
0.0,-0.01724095391403111,0.0,-0.0007767141422197721,-2.4383213063982326e-19,0.001980707587444363
0.0,-0.017227781477752616,0.0,-0.0007761281539580194,-5.035095309003793e-19,0.001979165664010953
0.0,-0.017214619105481006,0.0,-0.0007755425479147785,-1.2144884544373534e-18,0.0019776250018720145
0.0,-0.01720146678952728,0.0,-0.0007749573241432701,-2.0425553165746397e-18,0.001976085600484336
0.0,-0.01718832452220779,0.0,-0.0007743724826967726,-2.3196652175085916e-18,0.0019745474593015977
0.0,-0.01717519229584549,0.0,-0.0007737880236280738,-1.971432204902406e-18,0.001973010577773377
0.0,-0.017162070102768677,0.0,-0.0007732039469911272,-1.6522474384960916e-18,0.0019714749553463562
0.0,-0.01714895793531179,0.0,-0.0007726202528407254,-1.48710948617528e-18,0.0019699405914634883
0.0,-0.017135855785815352,0.0,-0.0007720369412302763,-8.785288410933754e-19,0.0019684074855643653
0.0,-0.017122763646624965,0.0,-0.0007714540122148057,-4.1677839593410847e-19,0.0019668756370848015
0.0,-0.01710968151009296,0.0,-0.0007708714658495072,-1.3093781820085905e-18,0.001965345045457401
0.0,-0.01709660936857697,0.0,-0.0007702893021890805,-1.5855296593694256e-18,0.0019638157101111537
0.0,-0.017083547214440272,0.0,-0.0007697075212893938,-2.07153139875291e-18,0.0019622876304718198
0.0,-0.017070495040052817,0.0,-0.0007691261232056022,-2.2638927894251904e-18,0.001960760805961069
0.0,-0.01705745283778985,0.0,-0.0007685451079935847,-1.9301778787479534e-18,0.001959235235997495
0.0,-0.017044420600031994,0.0,-0.0007679644757092796,-8.684813779942272e-19,0.001957710919996215
0.0,-0.017031398319166488,0.0,-0.0007673842264089104,-1.2711083111617976e-18,0.0019561878573684465
0.0,-0.017018385987586045,0.0,-0.0007668043601479809,-2.2236273536467307e-18,0.0019546660475222456
0.0,-0.017005383597689373,0.0,-0.0007662248769830559,-1.980334995901977e-18,0.0019531454898619543
0.0,-0.016992391141880562,0.0,-0.000765645776970428,-9.59848653288769e-19,0.001951626183788313
0.0,-0.01697940861256962,0.0,-0.0007650670601660032,-1.442710138528607e-18,0.001950108128698891
0.0,-0.016966436002173048,0.0,-0.0007644887266264203,-1.6306881056338846e-18,0.001948591323986874
0.0,-0.016953473303112008,0.0,-0.0007639107764081474,-2.5653945568804988e-18,0.001947075769043082
0.0,-0.016940520507814475,0.0,-0.0007633332095669424,-3.036892629395487e-18,0.0019455614632539117
0.0,-0.016927577608713655,0.0,-0.0007627560261594015,-2.223983534319672e-18,0.0019440484060021964
0.0,-0.016914644598248506,0.0,-0.0007621792262416216,-2.3963133747650946e-18,0.0019425365966677063
0.0,-0.016901721468864254,0.0,-0.0007616028098692084,-3.1739074094047206e-18,0.001941026034626193
0.0,-0.016888808213010892,0.0,-0.000761026777099046,-3.988244090911392e-18,0.001939516719250361
0.0,-0.016875904823145535,0.0,-0.000760451127986418,-3.2447380716454684e-18,0.0019380086499087344
0.0,-0.01686301129173009,0.0,-0.0007598758625866663,-2.5561408397304685e-18,0.0019365018259665148
0.0,-0.016850127611232488,0.0,-0.0007593009809556356,-2.5088299066730134e-18,0.0019349962467855872
0.0,-0.016837253774126457,0.0,-0.0007587264831486807,-2.3364771924641516e-18,0.0019334919117236931
0.0,-0.01682438977289123,0.0,-0.0007581523692209887,-2.822771625483994e-18,0.0019319888201357219
0.0,-0.016811535600012417,0.0,-0.0007575786392270369,-3.039070474251963e-18,0.0019304869713721395
0.0,-0.016798691247980623,0.0,-0.0007570052932218019,-2.2589805703783316e-18,0.001928986364780483
0.0,-0.016785856709292727,0.0,-0.000756432331259767,-2.197983675552383e-18,0.0019274869997045205
0.0,-0.016773031976451063,0.0,-0.0007558597533944794,-5.161570037993866e-19,0.001925988875484176
0.0,-0.016760217041963763,0.0,-0.0007552875596799872,-6.352402287385672e-19,0.0019244919914561541
0.0,-0.016747411898345027,0.0,-0.0007547157501696252,-5.527924242366836e-19,0.0019229963469532352
0.0,-0.016734616538113836,0.0,-0.0007541443249168975,-4.852844085205809e-19,0.001921501941304879
0.0,-0.01672183095379564,0.0,-0.0007535732839740386,-8.459178268074094e-19,0.001920008773836672
0.0,-0.016709055137921692,0.0,-0.0007530026273931169,-1.7116134364267179e-18,0.001918516843871072
0.0,-0.016696289083028414,0.0,-0.0007524323552267129,-2.3330029518095026e-18,0.0019170261507261927
0.0,-0.016683532781658628,0.0,-0.0007518624675261296,-2.0401573299198394e-18,0.001915536693717078
0.0,-0.016670786226359962,0.0,-0.0007512929643422882,-1.753344933529131e-18,0.0019140484721551579
0.0,-0.016658049409686727,0.0,-0.0007507238457256148,-1.133504981168821e-18,0.00191256148534809
0.0,-0.016645322324197583,0.0,-0.0007501551117262628,-9.681383481625836e-19,0.0019110757326001528
0.0,-0.01663260496245884,0.0,-0.0007495867623942266,-1.4688889538624445e-18,0.001909591213211555
0.0,-0.016619897317040506,0.0,-0.0007490187977785592,-1.5063073524927956e-18,0.0019081079264793386
0.0,-0.01660719938051973,0.0,-0.0007484512179277082,-1.4695602906462184e-18,0.0019066258716968047
0.0,-0.016594511145477876,0.0,-0.0007478840228894061,-1.3859119587830238e-18,0.0019051450481536768
0.0,-0.016581832604503553,0.0,-0.0007473172127115546,-1.3336420652195575e-18,0.001903665455136038
0.0,-0.016569163750189877,0.0,-0.0007467507874408966,-1.0790198361103764e-18,0.0019021870919263765
0.0,-0.01655650457513632,0.0,-0.0007461847471236789,-1.1414384343760538e-18,0.0019007099578036337
0.0,-0.01654385507194762,0.0,-0.000745619091805324,-1.849549283416481e-18,0.0018992340520427409
0.0,-0.016531215233234482,0.0,-0.0007450538215317538,-2.6118617494970046e-18,0.0018977593739156456
0.0,-0.016518585051612664,0.0,-0.0007444889363459562,-1.855075534221135e-18,0.00189628592269038
0.0,-0.016505964519704392,0.0,-0.0007439244362925348,-3.0094605656879862e-18,0.001894813697631155
0.0,-0.01649335363013661,0.0,-0.0007433603214142603,-3.7691123465198604e-18,0.001893342697999343
0.0,-0.016480752375542917,0.0,-0.0007427965917533061,-3.216471301051146e-18,0.00189187292305163
0.0,-0.01646816074856147,0.0,-0.0007422332473515655,-2.869672547703092e-18,0.0018904043720420723
0.0,-0.016455578741836827,0.0,-0.0007416702882499978,-3.2688091197193053e-18,0.0018889370442205361
0.0,-0.01644300634801901,0.0,-0.0007411077144882869,-3.133231430889169e-18,0.0018874709388336103
0.0,-0.01643044355976362,0.0,-0.0007405455261064029,-4.4208582755919436e-18,0.0018860060551238842
0.0,-0.016417890369731625,0.0,-0.0007399837231422614,-5.109902065309369e-18,0.001884542392331025
0.0,-0.016405346770589656,0.0,-0.0007394223056340648,-4.065587611064531e-18,0.001883079949690548
0.0,-0.01639281275501028,0.0,-0.0007388612736181873,-4.622584703417615e-18,0.0018816187264344226
0.0,-0.016380288315671534,0.0,-0.0007383006271315059,-4.442245319616037e-18,0.001880158721791274
0.0,-0.016367773445256813,0.0,-0.0007377403662089596,-5.453707802433068e-18,0.0018786999349861525
0.0,-0.016355268136455468,0.0,-0.0007371804908846613,-5.497588012845975e-18,0.0018772423652401692
0.0,-0.016342772381961843,0.0,-0.0007366210011926709,-6.211932833344913e-18,0.0018757860117712387
0.0,-0.016330286174476603,0.0,-0.0007360618971654434,-6.140625791548096e-18,0.0018743308737935514
0.0,-0.01631780950670557,0.0,-0.0007355031788347173,-6.200289976426708e-18,0.0018728769505176918
0.0,-0.01630534237136005,0.0,-0.0007349448462316241,-7.212071986560913e-18,0.001871424241150766
0.0,-0.016292884761157235,0.0,-0.0007343868993856903,-7.016724513117538e-18,0.0018699727448962527
0.0,-0.016280436668819863,0.0,-0.0007338293383265025,-6.955467787420173e-18,0.0018685224609540456
0.0,-0.016267998087075686,0.0,-0.0007332721630814863,-7.669593048014999e-18,0.0018670733885206175
0.0,-0.016255569008659078,0.0,-0.0007327153736779061,-7.16084081557606e-18,0.0018656255267885595
0.0,-0.016243149426308456,0.0,-0.0007321589701418628,-6.3443954002229404e-18,0.0018641788749474675
0.0,-0.016230739332769247,0.0,-0.0007316029524981865,-5.9635282723979285e-18,0.0018627334321828675
0.0,-0.016218338720791637,0.0,-0.0007310473207717671,-6.1286891265331855e-18,0.0018612891976768958
0.0,-0.0162059475831312,0.0,-0.0007304920749845538,-6.224910298018532e-18,0.001859846170608495
0.0,-0.016193565912549997,0.0,-0.0007299372151591169,-6.657674143124573e-18,0.001858404350152251
0.0,-0.01618119370181451,0.0,-0.0007293827413168574,-8.312695421666813e-18,0.0018569637354801797
0.0,-0.016168830943697393,0.0,-0.0007288286534770204,-7.71069190156852e-18,0.001855524325760141
0.0,-0.016156477630976645,0.0,-0.0007282749516583538,-8.909019467837845e-18,0.001854086120156639
0.0,-0.016144133756436172,0.0,-0.0007277216358796637,-9.254229236268301e-18,0.001852649117830872
0.0,-0.016131799312864535,0.0,-0.0007271687061563776,-9.01711094786499e-18,0.0018512133179401057
0.0,-0.01611947429305629,0.0,-0.0007266161625045334,-1.0098211040638505e-17,0.0018497787196385658
0.0,-0.016107158689811323,0.0,-0.000726064004938564,-9.405212297876433e-18,0.001848345322076824
0.0,-0.016094852495935837,0.0,-0.0007255122334722984,-9.219497669685999e-18,0.0018469131244015706
0.0,-0.016082555704240362,0.0,-0.0007249608481168453,-8.740013590823467e-18,0.0018454821257566658
0.0,-0.016070268307541418,0.0,-0.0007244098488838197,-8.322391311293956e-18,0.0018440523252819434
0.0,-0.016057990298661277,0.0,-0.0007238592357833401,-8.246417647064309e-18,0.0018426237221139457
0.0,-0.016045721670427806,0.0,-0.0007233090088235851,-7.986577020994113e-18,0.0018411963153858067
0.0,-0.016033462415672807,0.0,-0.0007227591680121261,-8.0813263695946e-18,0.0018397701042274473
0.0,-0.016021212527235845,0.0,-0.0007222097133553747,-8.045721223192728e-18,0.0018383450877646208
0.0,-0.016008971997960465,0.0,-0.0007216606448582434,-7.191617188031918e-18,0.0018369212651203884
0.0,-0.01599674082069638,0.0,-0.0007211119625255962,-7.987946451615216e-18,0.0018354986354137375
0.0,-0.0159845189882981,0.0,-0.0007205636663585781,-7.802203407061552e-18,0.0018340771977608194
0.0,-0.015972306493626194,0.0,-0.0007200157563596164,-7.870315304402809e-18,0.0018326569512738464
0.0,-0.015960103329546116,0.0,-0.0007194682325279767,-7.778379278868889e-18,0.0018312378950618242
0.0,-0.015947909488929362,0.0,-0.0007189210948635369,-7.968825384165066e-18,0.0018298200282304835
0.0,-0.015935724964652943,0.0,-0.0007183743433633487,-7.670991008231528e-18,0.0018284033498818628
0.0,-0.015923549749598503,0.0,-0.0007178279780240793,-8.105392645643249e-18,0.00182698785911462
0.0,-0.015911383836653952,0.0,-0.0007172819988408963,-7.585080930252786e-18,0.001825573555024386
0.0,-0.01589922721871183,0.0,-0.0007167364058070303,-6.918325504767555e-18,0.001824160436703049
0.0,-0.015887079888670837,0.0,-0.0007161911989157692,-7.461704235298419e-18,0.0018227485032392627
0.0,-0.01587494183943508,0.0,-0.0007156463781577958,-8.00541795091948e-18,0.0018213377537181273
0.0,-0.015862813063913402,0.0,-0.0007151019435231825,-7.93851927125405e-18,0.0018199281872217645
0.0,-0.015850693555020612,0.0,-0.0007145578950006194,-8.337124676359056e-18,0.0018185198028285608
0.0,-0.015838583305676928,0.0,-0.0007140142325772997,-8.000926213677233e-18,0.0018171125996136093
0.0,-0.015826482308807847,0.0,-0.0007134709562388066,-8.743282099780672e-18,0.0018157065766490315
0.0,-0.015814390557344286,0.0,-0.0007129280659700092,-9.320837988762433e-18,0.0018143017330030228
0.0,-0.01580230804422233,0.0,-0.0007123855617538313,-9.314689309914394e-18,0.0018128980677410253
0.0,-0.015790234762384045,0.0,-0.0007118434435727013,-9.067845077442042e-18,0.001811495579924933
0.0,-0.015778170704776457,0.0,-0.000711301711406885,-8.967943690121847e-18,0.0018100942686133286
0.0,-0.01576611586435227,0.0,-0.0007107603652349309,-8.532025082825975e-18,0.0018086941328613489
0.0,-0.01575407023406878,0.0,-0.0007102194050351093,-8.464545485037205e-18,0.0018072951717212642
0.0,-0.015742033806889495,0.0,-0.0007096788307837525,-8.46921358499066e-18,0.0018058973842415768
0.0,-0.015730006575783523,0.0,-0.0007091386424558042,-9.229647865475775e-18,0.001804500769468
0.0,-0.015717988533724272,0.0,-0.0007085988400243803,-8.739845766892668e-18,0.0018031053264427148
0.0,-0.015705979673691434,0.0,-0.0007080594234619868,-9.580925249593501e-18,0.0018017110542047276
0.0,-0.01569397998866954,0.0,-0.000707520392739189,-9.6853368355196e-18,0.0018003179517898206
0.0,-0.015681989471648915,0.0,-0.0007069817478258328,-9.495929216205172e-18,0.0017989260182304887
0.0,-0.01567000811562523,0.0,-0.0007064434886891559,-9.005680888602234e-18,0.0017975352525560948
0.0,-0.015658035913598857,0.0,-0.0007059056152956756,-8.650058579381729e-18,0.001796145653792894
0.0,-0.015646072858576172,0.0,-0.0007053681276107471,-8.45199817262721e-18,0.001794757220963604
0.0,-0.015634118943568292,0.0,-0.0007048310255977802,-8.922630296747507e-18,0.0017933699530883682
0.0,-0.015622174161592726,0.0,-0.0007042943092194691,-9.392741320714715e-18,0.0017919838491834339
0.0,-0.015610238505671342,0.0,-0.0007037579784358968,-9.696183960167742e-18,0.0017905989082624282
0.0,-0.015598311968831834,0.0,-0.0007032220332067597,-9.980693536460273e-18,0.0017892151293356807
0.0,-0.015586394544106727,0.0,-0.0007026864734895916,-1.0553446472216486e-17,0.0017878325114103082
0.0,-0.015574486224534318,0.0,-0.0007021512992405384,-1.0468081981135566e-17,0.0017864510534903568
0.0,-0.015562587003157822,0.0,-0.0007016165104149144,-1.0103539952074343e-17,0.0017850707545768515
0.0,-0.015550696873026529,0.0,-0.0007010821069659812,-1.0890927089618825e-17,0.0017836916136675773
0.0,-0.015538815827194172,0.0,-0.0007005480888460567,-1.0428690237666922e-17,0.001782313629757418
0.0,-0.015526943858720397,0.0,-0.000700014456005296,-1.0442047193617645e-17,0.001780936801837921
0.0,-0.015515080960669832,0.0,-0.0006994812083925775,-1.1066746031009052e-17,0.0017795611288977597
0.0,-0.015503227126112535,0.0,-0.0006989483459557248,-1.0958859053625702e-17,0.0017781866099224985
0.0,-0.015491382348123885,0.0,-0.0006984158686406198,-1.0701398583956687e-17,0.0017768132438947424
0.0,-0.015479546619783855,0.0,-0.0006978837763918678,-1.0997890133205688e-17,0.0017754410297940114
0.0,-0.015467719934179152,0.0,-0.0006973520691525735,-1.125317538149166e-17,0.001774069966597036
0.0,-0.015455902284400637,0.0,-0.0006968207468643485,-1.152751973324384e-17,0.001772700053276921
0.0,-0.015444093663544474,0.0,-0.0006962898094673007,-1.230922722746309e-17,0.001771331288804423
0.0,-0.015432294064712766,0.0,-0.0006957592569000408,-1.2262193960399903e-17,0.0017699636721471759
0.0,-0.015420503481012256,0.0,-0.0006952290890997912,-1.2546575940976783e-17,0.0017685972022698385
0.0,-0.015408721905555653,0.0,-0.0006946993060019435,-1.2175062611619513e-17,0.0017672318781340008
0.0,-0.015396949331459788,0.0,-0.0006941699075407235,-1.1995469661490664e-17,0.001765867698698308
0.0,-0.01538518575184798,0.0,-0.0006936408936489676,-1.2094278961062949e-17,0.0017645046629187146
0.0,-0.015373431159848202,0.0,-0.0006931122642579017,-1.164880563051968e-17,0.0017631427697481705
0.0,-0.015361685548593419,0.0,-0.0006925840192965883,-1.1831375921323136e-17,0.0017617820181367219
0.0,-0.015349948911222608,0.0,-0.0006920561586933666,-1.1488762809170357e-17,0.001760422407031417
0.0,-0.015338221240879081,0.0,-0.0006915286823751869,-1.1676570938468401e-17,0.0017590639353767233
0.0,-0.015326502530711985,0.0,-0.0006910015902671678,-1.127473289783988e-17,0.0017577066021140502
0.0,-0.01531479277387598,0.0,-0.000690474882292372,-1.109404364361736e-17,0.00175635040618208
0.0,-0.015303091963530118,0.0,-0.000689948558373362,-1.0404758763672969e-17,0.0017549953465167806
0.0,-0.015291400092839136,0.0,-0.000689422618430758,-1.0417576390126962e-17,0.0017536414220510048
0.0,-0.015279717154972868,0.0,-0.0006888970623833452,-1.0740221433251809e-17,0.0017522886317151165
0.0,-0.01526804314310651,0.0,-0.0006883718901489643,-1.0780799298460478e-17,0.0017509369744367358
0.0,-0.015256378050420967,0.0,-0.0006878471016434026,-1.0451695654994728e-17,0.0017495864491402955
0.0,-0.015244721870100982,0.0,-0.0006873226967820547,-1.0213226552470628e-17,0.0017482370547481267
0.0,-0.015233074595337685,0.0,-0.0006867986754770407,-9.615384787495086e-18,0.001746888790179381
0.0,-0.015221436219326949,0.0,-0.0006862750376407557,-9.742592760620082e-18,0.0017455416543506513
0.0,-0.015209806735270358,0.0,-0.0006857517831827609,-9.862895847186912e-18,0.0017441956461760378
0.0,-0.01519818613637403,0.0,-0.0006852289120117875,-9.661393610130932e-18,0.0017428507645664078
0.0,-0.015186574415849377,0.0,-0.0006847064240349493,-9.893494209317872e-18,0.0017415070084306546
0.0,-0.015174971566913139,0.0,-0.0006841843191578615,-9.88597370705558e-18,0.0017401643766748252
0.0,-0.015163377582787319,0.0,-0.0006836625972843083,-1.0290663999260516e-17,0.0017388228682019228
0.0,-0.015151792456699134,0.0,-0.0006831412583177891,-1.0981833564049755e-17,0.0017374824819130564
0.0,-0.015140216181880804,0.0,-0.0006826203021584192,-1.0855920491101869e-17,0.0017361432167060566
0.0,-0.015128648751569346,0.0,-0.0006820997287064754,-1.1063569774653056e-17,0.001734805071476795
0.0,-0.015117090159008096,0.0,-0.000681579537859624,-9.483222346144952e-18,0.0017334680451181195
0.0,-0.01510554039744467,0.0,-0.0006810597295151405,-1.126767688947701e-17,0.0017321321365206112
0.0,-0.015093999460131827,0.0,-0.0006805403035675766,-1.1414027572469286e-17,0.0017307973445722829
0.0,-0.015082467340327753,0.0,-0.0006800212599112044,-1.1430250397669022e-17,0.001729463668158617
0.0,-0.01507094403129556,0.0,-0.0006795025984376853,-1.1922825543720617e-17,0.0017281311061625605
0.0,-0.015059429526303765,0.0,-0.0006789843190380647,-1.2561794026287585e-17,0.001726799657464745
0.0,-0.015047923818625644,0.0,-0.0006784664216017768,-1.2171980576330878e-17,0.0017254693209433174
0.0,-0.015036426901540204,0.0,-0.0006779489060164188,-1.1729213451890612e-17,0.001724140095474073
0.0,-0.015024938768331237,0.0,-0.0006774317721684209,-1.1953622241972636e-17,0.0017228119799302135
0.0,-0.015013459412287615,0.0,-0.0006769150199424902,-1.191152271435587e-17,0.0017214849731825366
0.0,-0.015001988826703016,0.0,-0.0006763986492224924,-1.1782277548497172e-17,0.0017201590740999677
0.0,-0.014990527004877362,0.0,-0.0006758826598900211,-1.1799359763023306e-17,0.001718834281548193
0.0,-0.014979073940114697,0.0,-0.0006753670518257171,-1.082612316609056e-17,0.0017175105943913035
0.0,-0.014967629625724208,0.0,-0.0006748518249087175,-1.1562380666121002e-17,0.0017161880114911821
0.0,-0.014956194055020359,0.0,-0.00067433697901655,-1.1436606553038145e-17,0.0017148665317069196
0.0,-0.014944767221323235,0.0,-0.0006738225140254602,-1.1859981615832556e-17,0.0017135461538954
0.0,-0.014933349117957156,0.0,-0.0006733084298105231,-1.2550270975563157e-17,0.0017122268769115235
0.0,-0.014921939738252388,0.0,-0.0006727947262444208,-1.425588294442043e-17,0.001710908699607947
0.0,-0.014910539075543473,0.0,-0.0006722814031997809,-1.4625122163210054e-17,0.0017095916208346865
0.0,-0.014899147123170734,0.0,-0.0006717684605466104,-1.4576854927765764e-17,0.00170827563944029
0.0,-0.014887763874479248,0.0,-0.0006712558981543065,-1.4681667811722054e-17,0.0017069607542705204
0.0,-0.01487638932281916,0.0,-0.0006707437158905386,-1.469126879249859e-17,0.0017056469641692923
0.0,-0.014865023461545614,0.0,-0.0006702319136214729,-1.4717146994115055e-17,0.0017043342679783672
0.0,-0.0148536662840193,0.0,-0.0006697204912118823,-1.53632773402564e-17,0.0017030226645374377
0.0,-0.014842317783605308,0.0,-0.0006692094485257025,-1.549812744409811e-17,0.0017017121526840754
0.0,-0.0148309779536746,0.0,-0.0006686987854247012,-1.5499620141445028e-17,0.001700402731253502
0.0,-0.014819646787602666,0.0,-0.0006681885017698039,-1.5629450282222946e-17,0.001699094399079455
0.0,-0.014808324278769665,0.0,-0.0006676785974201019,-1.5665097719739706e-17,0.0016977871549933798
0.0,-0.014797010420561914,0.0,-0.0006671690722337368,-1.573058638061481e-17,0.0016964809978245712
0.0,-0.014785705206369845,0.0,-0.0006666599260671241,-1.5756612961247097e-17,0.001695175926400504
0.0,-0.014774408629589076,0.0,-0.000666151158776282,-1.6225276524946456e-17,0.001693871939547063
0.0,-0.014763120683620994,0.0,-0.000665642770214175,-1.6210854848534752e-17,0.0016925690360873856
0.0,-0.01475184136187057,0.0,-0.0006651347602338126,-1.6227240402034552e-17,0.0016912672148435791
0.0,-0.014740570657749946,0.0,-0.0006646271286862581,-1.6469365049898647e-17,0.00168996647463515
0.0,-0.014729308564673962,0.0,-0.0006641198754215119,-1.6575902939713966e-17,0.001688666814280343
0.0,-0.014718055076064204,0.0,-0.0006636130002880712,-1.6615463517366734e-17,0.0016873682325951398
0.0,-0.014706810185346525,0.0,-0.0006631065031331468,-1.6639032336029874e-17,0.0016860707283941193
0.0,-0.014695573885952015,0.0,-0.0006626003838027818,-1.6721518396468806e-17,0.0016847743004896013
0.0,-0.014684346171316441,0.0,-0.0006620946421415103,-1.6684703468808162e-17,0.0016834789476925275
0.0,-0.014673127034881477,0.0,-0.0006615892779930285,-1.682217879691427e-17,0.0016821846688118319
0.0,-0.014661916470092849,0.0,-0.0006610842911989722,-1.810995700295099e-17,0.0016808914626548748
0.0,-0.01465071447040144,0.0,-0.0006605796816002444,-1.915527467681753e-17,0.0016795993280276447
0.0,-0.014639521029264002,0.0,-0.0006600754490363611,-1.8630453932394414e-17,0.001678308263733509
0.0,-0.014628336140140686,0.0,-0.0006595715933454363,-1.8069621327278155e-17,0.001677018268575264
0.0,-0.014617159796498101,0.0,-0.0006590681143646349,-1.7911476209180846e-17,0.0016757293413535844
0.0,-0.014605991991807439,0.0,-0.000658565011929284,-1.737691904292179e-17,0.001674441480867519
0.0,-0.014594832719544811,0.0,-0.0006580622858741997,-1.7279803243718826e-17,0.0016731546859148848
0.0,-0.014583681973190864,0.0,-0.0006575599360324749,-1.7119144503259195e-17,0.0016718689552914577
0.0,-0.014572539746232198,0.0,-0.0006570579622359135,-1.739683758432462e-17,0.0016705842877918322
0.0,-0.0145614060321592,0.0,-0.0006565563643160367,-1.7106949631228188e-17,0.001669300682209016
0.0,-0.014550280824468353,0.0,-0.0006560551421014118,-1.7047857033609032e-17,0.0016680181373347678
0.0,-0.014539164116660433,0.0,-0.0006555542954206561,-1.7005255162057245e-17,0.0016667366519592611
0.0,-0.014528055902241337,0.0,-0.0006550538241012137,-1.6979445650657832e-17,0.001665456224870935
0.0,-0.014516956174721736,0.0,-0.0006545537279685739,-1.6620862201287222e-17,0.0016641768548574887
0.0,-0.014505864927617558,0.0,-0.000654054006847832,-1.6834785805765672e-17,0.001662898540704754
0.0,-0.014494782154449956,0.0,-0.0006535546605629064,-1.62835952175003e-17,0.0016616212811974673
0.0,-0.014483707848744608,0.0,-0.0006530556889356546,-1.588168021839648e-17,0.0016603450751189021
0.0,-0.014472642004031568,0.0,-0.0006525570917875349,-1.5594017605648408e-17,0.0016590699212513257
0.0,-0.01446158461384704,0.0,-0.0006520588689387208,-1.6006502415234087e-17,0.0016577958183754643
0.0,-0.014450535671731601,0.0,-0.0006515610202082108,-1.64642351442958e-17,0.001656522765270922
0.0,-0.014439495171230655,0.0,-0.0006510635454136052,-1.5846225121241798e-17,0.0016552507607161487
0.0,-0.014428463105894473,0.0,-0.0006505664443719954,-1.5138446802607092e-17,0.0016539798034885325
0.0,-0.01441743946927884,0.0,-0.0006500697168989646,-1.4953518941419425e-17,0.0016527098923641416
0.0,-0.014406424254943342,0.0,-0.0006495733628089215,-1.4997903208053968e-17,0.0016514410261179477
0.0,-0.014395417456453846,0.0,-0.0006490773819154308,-1.5639613617602727e-17,0.0016501732035238861
0.0,-0.014384419067380158,0.0,-0.0006485817740308796,-1.6120345637071732e-17,0.0016489064233551286
0.0,-0.014373429081297434,0.0,-0.0006480865389663714,-1.6775202549727843e-17,0.0016476406843833904
0.0,-0.014362447491785599,0.0,-0.0006475916765318343,-1.6002034332626477e-17,0.001646375985379291
0.0,-0.014351474292429688,0.0,-0.000647097186537015,-1.6086973427077283e-17,0.0016451123251130565
0.0,-0.014340509476819063,0.0,-0.0006466030687894879,-1.5936691100207465e-17,0.001643849702353586
0.0,-0.014329553038548378,0.0,-0.0006461093230963157,-1.5853958634479163e-17,0.0016425881158690513
0.0,-0.014318604971217664,0.0,-0.000645615949264051,-1.5532393800663547e-17,0.001641327564426615
0.0,-0.014307665268430553,0.0,-0.0006451229470969593,-1.5278142529655316e-17,0.0016400680467927246
0.0,-0.014296733923797402,0.0,-0.0006446303163996851,-1.5065613658855348e-17,0.0016388095617326337
0.0,-0.014285810930931663,0.0,-0.0006441380569749157,-1.5138863566277666e-17,0.0016375521080114377
0.0,-0.01427489628345278,0.0,-0.0006436461686248292,-1.4736487682355537e-17,0.0016362956843930575
0.0,-0.01426398997498448,0.0,-0.0006431546511500942,-1.4830385941206257e-17,0.00163504028964065
0.0,-0.014253091999155384,0.0,-0.0006426635043508655,-1.4076439547992758e-17,0.00163378592251703
0.0,-0.014242202349599796,0.0,-0.0006421727280266776,-1.3901745936086307e-17,0.0016325325817839206
0.0,-0.014231321019955962,0.0,-0.0006416823219748868,-1.3990291844824323e-17,0.0016312802662028047
0.0,-0.01422044800386733,0.0,-0.0006411922859930044,-1.378478734682e-17,0.001630028974534298
0.0,-0.014209583294981756,0.0,-0.0006407026198778074,-1.383497157014013e-17,0.0016287787055386481
0.0,-0.014198726886953112,0.0,-0.000640213323423563,-1.3832845465176387e-17,0.0016275294579753288
0.0,-0.014187878773438913,0.0,-0.0006397243964259123,-1.3979449577017252e-17,0.001626281230603626
0.0,-0.014177038948102117,0.0,-0.0006392358386773214,-1.3884842073331348e-17,0.0016250340221820206
0.0,-0.014166207404610357,0.0,-0.0006387476499706313,-1.390910356668544e-17,0.0016237878314687415
0.0,-0.014155384136635776,0.0,-0.0006382598300977255,-1.404166790207609e-17,0.0016225426572217011
0.0,-0.014144569137856272,0.0,-0.0006377723788496426,-1.412658710737194e-17,0.001621298498198273
0.0,-0.014133762401953848,0.0,-0.0006372852960161311,-1.4056380789039988e-17,0.0016200553531555129
0.0,-0.014122963922615537,0.0,-0.0006367985813863163,-1.418963583788423e-17,0.0016188132208501333
0.0,-0.014112173693533198,0.0,-0.000636312234748475,-1.417745246247759e-17,0.0016175721000387803
0.0,-0.014101391708403042,0.0,-0.0006358262558900384,-1.403250815863318e-17,0.001616331989477867
0.0,-0.014090617960927136,0.0,-0.0006353406445978168,-1.408236278028952e-17,0.001615092887922994
0.0,-0.014079852444811258,0.0,-0.0006348554006573239,-1.4236733119003382e-17,0.001613854794130523
0.0,-0.014069095153766718,0.0,-0.0006343705238537857,-1.4197918012889498e-17,0.001612617706856033
0.0,-0.014058346081509344,0.0,-0.0006338860139714686,-1.4384445060496572e-17,0.0016113816248552572
0.0,-0.014047605221759818,0.0,-0.0006334018707934598,-1.4222594640316764e-17,0.0016101465468837215
0.0,-0.014036872568243606,0.0,-0.000632918094102554,-1.4173027624406115e-17,0.001608912471697029
0.0,-0.014026148114690903,0.0,-0.0006324346836809207,-1.4291845001353483e-17,0.0016076793980506893
0.0,-0.014015431854837154,0.0,-0.0006319516393093254,-1.4473208877772644e-17,0.0016064473247004191
0.0,-0.014004723782421817,0.0,-0.0006314689607683541,-1.4471995040907444e-17,0.001605216250401791
0.0,-0.01399402389118926,0.0,-0.0006309866478371882,-1.4427505944174133e-17,0.0016039861739108063
0.0,-0.01398333217488979,0.0,-0.0006305047002956067,-1.4368680216131338e-17,0.00160275709398305
0.0,-0.013972648627276952,0.0,-0.0006300231179210934,-1.4410299640704e-17,0.0016015290093749728
0.0,-0.01396197324210972,0.0,-0.0006295419004912863,-1.430421066649587e-17,0.0016003019188428281
0.0,-0.013951306013151869,0.0,-0.0006290610477831964,-1.4293678187013524e-17,0.0015990758211431103
0.0,-0.0139406469341719,0.0,-0.0006285805595726519,-1.4409983764668572e-17,0.0015978507150327989
0.0,-0.013929995998943132,0.0,-0.0006281004356355212,-1.426965436882568e-17,0.0015966265992690917
0.0,-0.013919353201243458,0.0,-0.0006276206757462689,-1.420015544783726e-17,0.0015954034726095602
0.0,-0.013908718534855674,0.0,-0.0006271412796789525,-1.4437906638066146e-17,0.0015941813338123773
0.0,-0.013898091993567627,0.0,-0.000626662247207118,-1.4435095735264304e-17,0.001592960181635654
0.0,-0.013887473571171182,0.0,-0.000626183578103791,-1.4346698620372926e-17,0.0015917400148384622
0.0,-0.01387686326146336,0.0,-0.0006257052721410377,-1.4253110095125598e-17,0.001590520832180223
0.0,-0.013866261058246275,0.0,-0.0006252273290905185,-1.4383010640933782e-17,0.001589302632420989
0.0,-0.013855666955325703,0.0,-0.0006247497487230461,-1.4464848682119413e-17,0.0015880854143211617
0.0,-0.013845080946513592,0.0,-0.000624272530809247,-1.4534272744647072e-17,0.0015868691766419696
0.0,-0.013834503025625455,0.0,-0.0006237956751186746,-1.435914491733781e-17,0.0015856539181455717
0.0,-0.013823933186482276,0.0,-0.0006233191814211459,-1.4510837950827435e-17,0.0015844396375941788
0.0,-0.013813371422908848,0.0,-0.0006228430494842923,-1.4484462053982754e-17,0.001583226333751398
0.0,-0.01380281772873611,0.0,-0.0006223672790773391,-1.444216364060629e-17,0.001582014005381035
0.0,-0.013792272097798298,0.0,-0.0006218918699671028,-1.4563921981386884e-17,0.0015808026512485408
0.0,-0.013781734523934743,0.0,-0.0006214168219207759,-1.473820183368952e-17,0.0015795922701193068
0.0,-0.013771205000990095,0.0,-0.0006209421347048061,-1.4742373680036947e-17,0.001578382860760213
0.0,-0.013760683522813429,0.0,-0.0006204678080853475,-1.4844365742859358e-17,0.0015771744219388823
0.0,-0.013750170083258361,0.0,-0.0006199938418277011,-1.4806681398801348e-17,0.0015759669524241186
0.0,-0.013739664676182815,0.0,-0.0006195202356968743,-1.4883796094064153e-17,0.0015747604509853863
0.0,-0.013729167295449684,0.0,-0.0006190469894571293,-1.485500740887734e-17,0.0015735549163938304
0.0,-0.01371867793492713,0.0,-0.0006185741028729911,-1.4802272645809943e-17,0.0015723503474210654
0.0,-0.013708196588487504,0.0,-0.0006181015757077976,-1.4828648268718386e-17,0.0015711467428401354
0.0,-0.013697723250007765,0.0,-0.000617629407724146,-1.48612462877718e-17,0.0015699441014253516
0.0,-0.013687257913369822,0.0,-0.0006171575986848903,-1.4918930199183557e-17,0.001568742421952185
0.0,-0.013676800572459808,0.0,-0.0006166861483521446,-1.493898188843037e-17,0.0015675417031974024
0.0,-0.013666351221169354,0.0,-0.0006162150564880578,-1.479973558336408e-17,0.0015663419439389584
0.0,-0.013655909853393388,0.0,-0.0006157443228532596,-1.4747854762548243e-17,0.0015651431429565133
0.0,-0.01364547646303317,0.0,-0.0006152739472088597,-1.4716873829356785e-17,0.0015639452990306947
0.0,-0.013635051043993556,0.0,-0.0006148039293153364,-1.4761819740820795e-17,0.0015627484109438715
0.0,-0.013624633590184095,0.0,-0.0006143342689328688,-1.482804479825811e-17,0.001561552477479929
0.0,-0.013614224095519052,0.0,-0.0006138649658212282,-1.4869292960053387e-17,0.0015603574974241616
0.0,-0.013603822553917998,0.0,-0.0006133960197393313,-1.4960504670556706e-17,0.001559163469563433
0.0,-0.013593428959304538,0.0,-0.0006129274304463522,-1.4985091407384154e-17,0.0015579703926861864
0.0,-0.01358304330560682,0.0,-0.0006124591977002752,-1.4973521657288226e-17,0.0015567782655829601
0.0,-0.013572665586757718,0.0,-0.0006119913212598999,-1.4949823211507038e-17,0.0015555870870454017
0.0,-0.013562295796694731,0.0,-0.0006115238008829475,-1.5013811008931084e-17,0.0015543968558671731
0.0,-0.013551933929360892,0.0,-0.000611056636326949,-1.5047950087940875e-17,0.0015532075708439828
0.0,-0.013541579978702164,0.0,-0.0006105898273488074,-1.5027122434051864e-17,0.0015520192307728615
0.0,-0.013531233938670669,0.0,-0.0006101233737052316,-1.5038020861966006e-17,0.001550831834453358
0.0,-0.013520895803222235,0.0,-0.0006096572751531908,-1.5049645811674844e-17,0.0015496453806863506
0.0,-0.013510565566317474,0.0,-0.0006091915314485727,-1.5069480107481126e-17,0.0015484598682752849
0.0,-0.013500243221921815,0.0,-0.0006087261423474128,-1.5055211898704128e-17,0.0015472752960251008
0.0,-0.013489928764005368,0.0,-0.0006082611076051107,-1.491973163448191e-17,0.0015460916627430868
0.0,-0.013479622186542771,0.0,-0.0006077964269772092,-1.5002434682941447e-17,0.0015449089672387754
0.0,-0.013469323483512994,0.0,-0.0006073321002187307,-1.493935561713123e-17,0.0015437272083235485
0.0,-0.013459032648900002,0.0,-0.0006068681270842831,-1.4970158510882105e-17,0.001542546384811362
0.0,-0.013448749676692167,0.0,-0.0006064045073287312,-1.4948416900768033e-17,0.0015413664955179977
0.0,-0.013438474560882223,0.0,-0.0006059412407059689,-1.4902225012332582e-17,0.0015401875392621123
0.0,-0.013428207295467997,0.0,-0.0006054783269700367,-1.4935552470733743e-17,0.0015390095148641342
0.0,-0.01341794787445131,0.0,-0.0006050157658748921,-1.4920643499694372e-17,0.0015378324211474269
0.0,-0.013407696291839036,0.0,-0.0006045535571741943,-1.496437267858788e-17,0.0015366562569373167
0.0,-0.013397452541642433,0.0,-0.0006040917006206313,-1.483426636937611e-17,0.001535481021062087
0.0,-0.01338721661787765,0.0,-0.0006036301959682572,-1.4896065834974064e-17,0.0015343067123521057
0.0,-0.013376988514564618,0.0,-0.0006031690429690446,-1.4862373598696084e-17,0.001533133329640886
0.0,-0.01336676822572892,0.0,-0.0006027082413762193,-1.4921261548644076e-17,0.0015319608717642454
0.0,-0.013356555745399908,0.0,-0.0006022477909418193,-1.489643626720807e-17,0.0015307893375604306
0.0,-0.013346351067611764,0.0,-0.0006017876914185733,-1.4844660320397444e-17,0.001529618725871185
0.0,-0.01333615418640291,0.0,-0.0006013279425583554,-1.487031135903426e-17,0.0015284490355405686
0.0,-0.013325965095817136,0.0,-0.0006008685441131811,-1.4891665749178073e-17,0.001527280265415443
0.0,-0.013315783789901761,0.0,-0.0006004094958346516,-1.4867203320183977e-17,0.0015261124143455451
0.0,-0.01330561026270924,0.0,-0.0005999507974743948,-1.489682632913395e-17,0.0015249454811840481
0.0,-0.013295444508296492,0.0,-0.0005994924487838495,-1.487053244425057e-17,0.0015237794647865318
0.0,-0.013285286520725186,0.0,-0.0005990344495140383,-1.488266496019686e-17,0.001522614364011843
0.0,-0.013275136294060946,0.0,-0.0005985767994166782,-1.4873907195780446e-17,0.0015214501777221572
0.0,-0.013264993822374569,0.0,-0.0005981194982422948,-1.4824002006484088e-17,0.001520286904782521
0.0,-0.013254859099740862,0.0,-0.000597662545741554,-1.4801073202956805e-17,0.0015191245440611973
0.0,-0.01324473212023953,0.0,-0.0005972059416653718,-1.4762544189869904e-17,0.001517963094429801
0.0,-0.01323461287795475,0.0,-0.0005967496857645793,-1.47705532738506e-17,0.001516802554763465
0.0,-0.013224501366974763,0.0,-0.0005962937777891533,-1.4788034199096293e-17,0.001515642923940031
0.0,-0.013214397581393193,0.0,-0.0005958382174900909,-1.483792933206441e-17,0.0015144842008415588
0.0,-0.013204301515307422,0.0,-0.0005953830046168681,-1.4785332444762423e-17,0.0015133263843530352
0.0,-0.013194213162819712,0.0,-0.000594928138919985,-1.4781341731531293e-17,0.001512169473363137
0.0,-0.01318413251803635,0.0,-0.0005944736201493035,-1.4754054332172892e-17,0.0015110134667642217
0.0,-0.013174059575068675,0.0,-0.0005940194480549367,-1.4772903004820282e-17,0.0015098583634520022
0.0,-0.013163994328032782,0.0,-0.0005935656223866885,-1.4797878924863495e-17,0.0015087041623262061
0.0,-0.013153936771048222,0.0,-0.0005931121428941708,-1.4820659985467744e-17,0.0015075508622899945
0.0,-0.013143886898239926,0.0,-0.0005926590093272427,-1.480959022436751e-17,0.0015063984622504922
0.0,-0.013133844703737223,0.0,-0.0005922062214356778,-1.4815635565085678e-17,0.0015052469611187866
0.0,-0.013123810181673213,0.0,-0.0005917537789685027,-1.4834086145582984e-17,0.0015040963578094224
0.0,-0.013113783326186504,0.0,-0.0005913016816756542,-1.485529500179433e-17,0.0015029466512414126
0.0,-0.013103764131419544,0.0,-0.0005908499293063204,-1.4847431980885845e-17,0.0015017978403375053
0.0,-0.013093752591519228,0.0,-0.0005903985216096039,-1.4865984060080456e-17,0.0015006499240245489
0.0,-0.013083748700637398,0.0,-0.000589947458334855,-1.4885878118520527e-17,0.0014995029012334947
0.0,-0.013073752452929778,0.0,-0.0005894967392315588,-1.490161419714735e-17,0.0014983567708997281
0.0,-0.013063763842556917,0.0,-0.0005890463640486736,-1.4893711430309004e-17,0.0014972115319624273
0.0,-0.013053782863683154,0.0,-0.0005885963325351817,-1.4901912864247235e-17,0.0014960671833653438
0.0,-0.013043809510478947,0.0,-0.000588146644440422,-1.4914995963612743e-17,0.0014949237240565532
0.0,-0.013033843777117343,0.0,-0.0005876972995135371,-1.4918107767893564e-17,0.0014937811529886764
0.0,-0.013023885657776955,0.0,-0.0005872482975032495,-1.4931770302900455e-17,0.001492639469118597
0.0,-0.013013935146640737,0.0,-0.0005867996381589764,-1.4930556992145796e-17,0.0014914986714072774
0.0,-0.013003992237895315,0.0,-0.0005863513212290416,-1.4947980231038446e-17,0.001490358758821439
0.0,-0.012994056925732645,0.0,-0.0005859033464629087,-1.49536411244633e-17,0.0014892197303313555
0.0,-0.012984129204348854,0.0,-0.0005854557136090641,-1.4991107987031256e-17,0.0014880815849125056
0.0,-0.0129742090679439,0.0,-0.000585008422416907,-1.4985237431810683e-17,0.0014869443215448908
0.0,-0.012964296510723472,0.0,-0.0005845614726347471,-1.4979870468171516e-17,0.001485807939213689
0.0,-0.012954391526896243,0.0,-0.0005841148640116982,-1.4965872834794223e-17,0.0014846724369085445
0.0,-0.012944494110676573,0.0,-0.0005836685962964503,-1.4962163994636323e-17,0.0014835378136242542
0.0,-0.012934604256282158,0.0,-0.0005832226692381626,-1.4958317662263938e-17,0.0014824040683605235
0.0,-0.012924721957935719,0.0,-0.0005827770825849054,-1.4960476939748237e-17,0.0014812712001220948
0.0,-0.012914847209864301,0.0,-0.0005823318360864348,-1.4972612958738736e-17,0.0014801392079192655
0.0,-0.012904980006300032,0.0,-0.0005818869294908695,-1.4971924980757635e-17,0.0014790080907665897
0.0,-0.012895120341477955,0.0,-0.0005814423625471231,-1.4980269766621984e-17,0.001477877847684586
0.0,-0.012885268209638243,0.0,-0.0005809981350042428,-1.4981278174109836e-17,0.0014767484776990125
0.0,-0.01287542360502585,0.0,-0.0005805542466108542,-1.4993340399158306e-17,0.0014756199798407802
0.0,-0.012865586521889898,0.0,-0.0005801106971158262,-1.499289513933975e-17,0.0014744923531462893
0.0,-0.012855756954483702,0.0,-0.0005796674862676055,-1.4995021295031613e-17,0.0014733655966573975
0.0,-0.012845934897065132,0.0,-0.0005792246138155476,-1.499311023912295e-17,0.0014722397094215404
0.0,-0.012836120343896579,0.0,-0.0005787820795081404,-1.4993034242888546e-17,0.0014711146904918578
0.0,-0.012826313289243899,0.0,-0.0005783398830941166,-1.4995345149682927e-17,0.001469990538926979
0.0,-0.012816513727379136,0.0,-0.0005778980243227811,-1.4986256828723084e-17,0.0014688672537914972
0.0,-0.012806721652577024,0.0,-0.000577456502941799,-1.4989517093925355e-17,0.0014677448341553995
0.0,-0.012796937059117466,0.0,-0.0005770153187012925,-1.4989108326989645e-17,0.0014666232790950362
0.0,-0.012787159941284593,0.0,-0.0005765744713494109,-1.4983828084630388e-17,0.00146550258769218
0.0,-0.012777390293366449,0.0,-0.0005761339606353178,-1.4982725809429616e-17,0.0014643827590351498
0.0,-0.012767628109656766,0.0,-0.0005756937863077537,-1.4980551934376498e-17,0.0014632637922180293
0.0,-0.012757873384451678,0.0,-0.0005752539481154821,-1.498510870849876e-17,0.001462145686340722
0.0,-0.0127481261120534,0.0,-0.0005748144458072805,-1.4982882677038085e-17,0.001461028440509925
0.0,-0.012738386286767692,0.0,-0.0005743752791326159,-1.4980493671984648e-17,0.0014599120538379932
0.0,-0.01272865390290515,0.0,-0.0005739364478399709,-1.497593087174856e-17,0.0014587965254441785
0.0,-0.012718928954779458,0.0,-0.0005734979516785169,-1.4977628828123293e-17,0.0014576818544536415
0.0,-0.012709211436710414,0.0,-0.0005730597903966642,-1.4980730478278617e-17,0.0014565680399982201
0.0,-0.012699501343021374,0.0,-0.0005726219637438418,-1.4974924883277133e-17,0.0014554550812161053
0.0,-0.012689798668039157,0.0,-0.0005721844714684972,-1.4972563479686488e-17,0.0014543429772522474
0.0,-0.01268010340609654,0.0,-0.0005717473133205373,-1.4970440660647263e-17,0.0014532317272583418
0.0,-0.01267041555152889,0.0,-0.0005713104890480028,-1.4967298717129244e-17,0.0014521213303924482
0.0,-0.01266073509867784,0.0,-0.0005708739984006154,-1.496422314842799e-17,0.0014510117858195126
0.0,-0.012651048298910412,0.0,-0.000570437851097131,-1.4957671973586512e-17,0.001449903088793526
0.0,-0.0126413812176917,0.0,-0.0005700020283616385,-1.4948713317633213e-17,0.001448795245769747
0.0,-0.01263172354325534,0.0,-0.0005695665370568528,-1.493027004610281e-17,0.0014476882531457402
0.0,-0.012622073224090515,0.0,-0.0005691313784367655,-1.4928511329842387e-17,0.0014465821095453388
0.0,-0.012612430255495364,0.0,-0.0005686965526694141,-1.4932935011438007e-17,0.0014454768140377257
0.0,-0.012602794632736452,0.0,-0.0005682620601263129,-1.4918680447157417e-17,0.0014443723656230045
0.0,-0.012593166351049078,0.0,-0.0005678279014347556,-1.4919657527930154e-17,0.0014432687632127059
0.0,-0.012583545405638424,0.0,-0.0005673940776032312,-1.4916045982090166e-17,0.0014421660055831352
0.0,-0.012573931791682088,0.0,-0.000566960590132803,-1.4914502983730205e-17,0.001441064091335789
0.0,-0.012564325504330212,0.0,-0.0005665274411183831,-1.4918793982005372e-17,0.0014399630188583713
0.0,-0.012554726538707536,0.0,-0.000566094633336303,-1.4920175286846462e-17,0.0014388627862928298
0.0,-0.012545134889913196,0.0,-0.0005656621703252065,-1.4910611541840712e-17,0.0014377633915060336
0.0,-0.012535550553024117,0.0,-0.0005652300564564821,-1.49034938081933e-17,0.001436664832063913
0.0,-0.0125259735230939,0.0,-0.0005647982969920179,-1.4890256921917758e-17,0.0014355671052091257
0.0,-0.01251640379515516,0.0,-0.0005643668981371577,-1.4886358869832553e-17,0.0014344702078424093
0.0,-0.012506841364220426,0.0,-0.0005639358670854248,-1.4898434919568227e-17,0.0014333741365062961
0.0,-0.012497286225282189,0.0,-0.0005635052120523459,-1.4886240173577914e-17,0.0014322788873723106
0.0,-0.01248773837331467,0.0,-0.0005630749423053708,-1.4891384818765866e-17,0.0014311844562306152
0.0,-0.012478197803274485,0.0,-0.0005626450681850049,-1.488265997417089e-17,0.0014300908384824828
0.0,-0.012468664510101668,0.0,-0.0005622156011213711,-1.490116409819755e-17,0.0014289980291355463
0.0,-0.012459138488720486,0.0,-0.0005617865536417751,-1.4886449803155888e-17,0.0014279060227997114
0.0,-0.012449619734039933,0.0,-0.0005613579393757984,-1.4910543569180908e-17,0.0014268148136878306
0.0,-0.012440108240954853,0.0,-0.0005609297730546165,-1.4864572703044143e-17,0.0014257243956165891
0.0,-0.012430604004345518,0.0,-0.0005605020705021959,-1.4880244485550536e-17,0.0014246347620102268
0.0,-0.012421107019080639,0.0,-0.0005600748486267033,-1.4858047270949074e-17,0.0014235459059053167
0.0,-0.012411617280016125,0.0,-0.0005596481254041311,-1.474378530077923e-17,0.0014224578199582456
0.0,-0.012402134781995382,0.0,-0.000559221919859803,-1.4696195597326308e-17,0.0014213704964539263
0.0,-0.012392659519852035,0.0,-0.0005587962520445449,-1.4670325526012837e-17,0.0014202839273154545
0.0,-0.012383191488408786,0.0,-0.0005583711430098421,-1.4710905877315663e-17,0.0014191981041164485
0.0,-0.012373730682478669,0.0,-0.0005579466147777775,-1.472527515822105e-17,0.0014181130180932744
0.0,-0.012364277096865488,0.0,-0.0005575226903086235,-1.4692618486036758e-17,0.001417028660159926
0.0,-0.01235483072636369,0.0,-0.0005570993934653243,-1.4747199378459283e-17,0.001415945020923074
0.0,-0.012345391565760424,0.0,-0.0005566767489783033,-1.4743173065594425e-17,0.0014148620906982352
0.0,-0.012335959609834074,0.0,-0.0005562547824042671,-1.4789036080500357e-17,0.0014137798595280965
0.0,-0.012326534853356422,0.0,-0.0005558335200854523,-1.4730731610217147e-17,0.0014126983171998384
0.0,-0.012317117291092562,0.0,-0.0005554129891049809,-1.4785179998426365e-17,0.001411617453264833
0.0,-0.012307706917800141,0.0,-0.0005549932172446519,-1.4683911032387108e-17,0.0014105372570585972
0.0,-0.012298303728232384,0.0,-0.0005545742329360697,-1.4725883847017784e-17,0.0014094577177212423
0.0,-0.012288907717135209,0.0,-0.000554156065214213,-1.466920281816382e-17,0.001408378824218766
0.0,-0.012279518879250717,0.0,-0.0005537387436692212,-1.4698740523265566e-17,0.001407300565364867
0.0,-0.01227013720931497,0.0,-0.0005533222983960715,-1.477220012403476e-17,0.001406222929843301
0.0,-0.012260762702060595,0.0,-0.0005529067599442565,-1.475431484191413e-17,0.00140514590622996
0.0,-0.012251395352214901,0.0,-0.000552492159267454,-1.4510732616407524e-17,0.0014040694830166197
0.0,-0.012242035154502595,0.0,-0.0005520785276715358,-1.445261003363707e-17,0.0014029936486336515
0.0,-0.012232682103644399,0.0,-0.0005516658967633513,-1.4224938768212935e-17,0.0014019183914737374
0.0,-0.012223336194357165,0.0,-0.0005512542983970665,-1.417021400661458e-17,0.0014008436999157128
0.0,-0.012213997421355781,0.0,-0.0005508437646241719,-1.411204501479252e-17,0.0013997695623477395
0.0,-0.012204665779351557,0.0,-0.0005504343276390401,-1.4078388620179323e-17,0.0013986959671921703
0.0,-0.012195341263054433,0.0,-0.0005500260197286071,-1.4175565585452184e-17,0.0013976229029278916
0.0,-0.012186023867170893,0.0,-0.0005496188732182618,-1.4501438447508428e-17,0.0013965503581157767
0.0,-0.012176713586407165,0.0,-0.0005492129204225268,-1.4371555859202317e-17,0.0013954783214206736
0.0,-0.012167410415465922,0.0,-0.0005488081935918427,-1.427631865805967e-17,0.001394406781636649
0.0,-0.012158114349049986,0.0,-0.0005484047248613645,-1.437847407959198e-17,0.0013933357277084927
0.0,-0.012148825381860453,0.0,-0.000548002546202633,-1.431405739832208e-17,0.0013922651487563275
0.0,-0.012139543508597014,0.0,-0.0005476016893712632,-1.4336353795018954e-17,0.001391195034097833
0.0,-0.012130268723958853,0.0,-0.0005472021858589648,-1.428719678520588e-17,0.0013901253732698903
0.0,-0.01212100102264446,0.0,-0.0005468040668448864,-1.4496714717329038e-17,0.0013890561560523013
0.0,-0.01211174039935206,0.0,-0.0005464073631485347,-1.4375810364208145e-17,0.0013879873724881077
0.0,-0.012102486848778878,0.0,-0.0005460121051809096,-1.4154788074518147e-17,0.001386919012905539
0.0,-0.012093240365623339,0.0,-0.0005456183229013076,-1.456327893624716e-17,0.0013858510679382434
0.0,-0.012084000944583296,0.0,-0.0005452260457699105,-1.4763636506220768e-17,0.001384783528546026
0.0,-0.012074768580356601,0.0,-0.0005448353027051525,-1.4787184050163008e-17,0.0013837163860342823
0.0,-0.012065543267641334,0.0,-0.000544446122040203,-1.4850647993971132e-17,0.0013826496320730407
0.0,-0.012056325001136825,0.0,-0.000544058531481338,-1.5077595417108335e-17,0.0013815832587155705
0.0,-0.012047113775542472,0.0,-0.000543672558067431,-1.4870007451671133e-17,0.0013805172584163364
0.0,-0.01203790958555861,0.0,-0.0005432882281288929,-1.486785434364739e-17,0.001379451624047418
0.0,-0.012028712425886134,0.0,-0.0005429055672513821,-1.4664898682904748e-17,0.0013783863489164373
0.0,-0.012019522291228046,0.0,-0.0005425246002370909,-1.455400023717922e-17,0.0013773214267808022
0.0,-0.012010339176287561,0.0,-0.0005421453510684661,-1.4545376377459145e-17,0.0013762568518636614
0.0,-0.012001163075769395,0.0,-0.0005417678428757201,-1.4585712312727862e-17,0.0013751926188677488
0.0,-0.011991993984379555,0.0,-0.0005413920979005618,-1.4691914821256345e-17,0.0013741287229892551
0.0,-0.011982831896825976,0.0,-0.0005410181374663796,-1.51227110220469e-17,0.0013730651599304128
0.0,-0.011973676807817584,0.0,-0.0005406459819456567,-1.48214425070712e-17,0.0013720019259105905
0.0,-0.011964528712065381,0.0,-0.0005402756507319305,-1.473943419303757e-17,0.0013709390176786947
0.0,-0.011955387604282011,0.0,-0.0005399071622107719,-1.578584020305863e-17,0.001369876432522344
0.0,-0.011946253479181653,0.0,-0.0005395405337334276,-1.538570869374815e-17,0.0013688141682777562
0.0,-0.011937126331480731,0.0,-0.000539175781591246,-1.5514138651886385e-17,0.0013677522233380287
0.0,-0.011928006155898207,0.0,-0.0005388129209923302,-1.5428478017662767e-17,0.001366690596660631
0.0,-0.011918892947154137,0.0,-0.0005384519660375297,-1.5449689197453878e-17,0.001365629287774418
0.0,-0.011909786699971461,0.0,-0.0005380929297002089,-1.5558149466459412e-17,0.0013645682967857817
0.0,-0.011900687409075265,0.0,-0.0005377358238072498,-1.558607485193775e-17,0.001363507624382894
0.0,-0.011891595069192436,0.0,-0.000537380659017834,-1.5839062946026884e-17,0.0013624472718402135
0.0,-0.011882509675052923,0.0,-0.0005370274448091109,-1.5608081160117777e-17,0.001361387241022175
0.0,-0.01187343122138883,0.0,-0.0005366761894588842,-1.5602796634375372e-17,0.0013603275343845858
0.0,-0.011864359702934715,0.0,-0.0005363269000319574,-1.5650053719555524e-17,0.0013592681549763732
0.0,-0.011855295114427712,0.0,-0.0005359795823664837,-1.5709442396249497e-17,0.0013582091064412005
0.0,-0.011846237450607158,0.0,-0.0005356342410633316,-1.532952000410482e-17,0.0013571503930154853
0.0,-0.01183718670621613,0.0,-0.0005352908794746626,-1.53021430314625e-17,0.0013560920195283353
0.0,-0.011828142875999618,0.0,-0.0005349494996957449,-1.4066848911611814e-17,0.0013550339913991388
0.0,-0.011819105954705174,0.0,-0.000534610102556767,-1.4132445028149193e-17,0.001353976314634687
0.0,-0.011810075937083971,0.0,-0.0005342726876168768,-1.4532957657713112e-17,0.0013529189958255037
0.0,-0.01180105281788962,0.0,-0.0005339372531590046,-1.4477395994782657e-17,0.0013518620421412062
0.0,-0.011792036591878555,0.0,-0.0005336037961864653,-1.4442127366369606e-17,0.0013508054613252708
0.0,-0.011783027253810209,0.0,-0.0005332723124191234,-1.4739340068243952e-17,0.0013497492616884852
0.0,-0.011774024798446707,0.0,-0.0005329427962945548,-1.557761252943029e-17,0.0013486934521025748
0.0,-0.011765029220554269,0.0,-0.0005326152409654448,-1.5753880815063538e-17,0.0013476380419913331
0.0,-0.011756040514900559,0.0,-0.000532289638301975,-1.5629562444695476e-17,0.0013465830413236968
0.0,-0.011747058676257692,0.0,-0.0005319659788953396,-1.584088211349377e-17,0.0013455284606027494
0.0,-0.011738083699400244,0.0,-0.0005316442520582552,-1.5599424810736913e-17,0.0013444743108568403
0.0,-0.011729115579106013,0.0,-0.0005313244458334736,-1.543353829974195e-17,0.001343420603628675
0.0,-0.011720154310156154,0.0,-0.0005310065469960828,-1.5721333814583913e-17,0.001342367350963473
0.0,-0.011711199887335207,0.0,-0.0005306905410625779,-1.5947893554290366e-17,0.001341314565397617
0.0,-0.011702252305430372,0.0,-0.0005303764122987216,-1.575490283381792e-17,0.0013402622599453164
0.0,-0.011693311559232429,0.0,-0.0005300641437272915,-1.6181317795675528e-17,0.0013392104480856376
0.0,-0.01168437764353574,0.0,-0.000529753717139718,-1.623717923400362e-17,0.0013381591437484697
0.0,-0.011675450553137932,0.0,-0.0005294451131062827,-1.6323580780663268e-17,0.0013371083613000114
0.0,-0.011666530282838808,0.0,-0.0005291383109882064,-1.6533380256466226e-17,0.0013360581155278377
0.0,-0.011657616827443408,0.0,-0.000528833288951515,-1.6649235826749894e-17,0.0013350084216251453
0.0,-0.01164871018175931,0.0,-0.0005285300239795786,-1.6849031619473797e-17,0.001333959295174612
0.0,-0.01163981034059676,0.0,-0.0005282284918901993,-1.7361132511370388e-17,0.001332910752132606
0.0,-0.011630917298770797,0.0,-0.0005279286673479366,-1.8032021330620845e-17,0.001331862808810795
0.0,-0.011622031051098705,0.0,-0.0005276305238854142,-1.80194981805089e-17,0.0013308154818602938
0.0,-0.011613151592402008,0.0,-0.0005273340339160949,-1.8066617876759755e-17,0.0013297687882525974
0.0,-0.011604278917505149,0.0,-0.0005270391687555944,-1.828351947462022e-17,0.001328722745262103
0.0,-0.011595413021236805,0.0,-0.0005267458986394481,-1.8641159264217385e-17,0.0013276773704473492
0.0,-0.011586553898428468,0.0,-0.000526454192742768,-1.8748775923776958e-17,0.0013266326816321365
0.0,-0.011577701543915844,0.0,-0.0005261640192020069,-1.9028607756341993e-17,0.0013255886968866815
0.0,-0.01156885595253743,0.0,-0.0005258753451338415,-1.9567453405611807e-17,0.0013245454345077177
0.0,-0.011560017119135,0.0,-0.0005255881366597114,-2.038048115762208e-17,0.001323502912999731
0.0,-0.011551185038555756,0.0,-0.0005253023589258172,-2.0694089431337315e-17,0.0013224611510538628
0.0,-0.011542359705648153,0.0,-0.0005250179761279917,-2.0523080963393273e-17,0.0013214201675292665
0.0,-0.011533541115265633,0.0,-0.0005247349515342512,-2.0946916913985297e-17,0.001320379981431986
0.0,-0.011524729262265242,0.0,-0.0005244532475094474,-2.1837094554682602e-17,0.0013193406118954488
0.0,-0.011515924141506843,0.0,-0.0005241728255401521,-2.2318004617357693e-17,0.0013183020781589786
0.0,-0.011507125747854494,0.0,-0.0005238936462589709,-2.265773877958817e-17,0.0013172643995488296
0.0,-0.011498334076175704,0.0,-0.0005236156694716491,-2.2389676419966604e-17,0.001316227595456488
0.0,-0.011489549121341992,0.0,-0.0005233388541823896,-2.2476656162486934e-17,0.0013151916853187254
0.0,-0.011480770878228064,0.0,-0.0005230631586199515,-2.238761310961883e-17,0.001314156688596876
0.0,-0.011471999341712018,0.0,-0.0005227885402654129,-2.1800674837444542e-17,0.001313122624756711
0.0,-0.011463234506676552,0.0,-0.000522514955879708,-2.1724012649941063e-17,0.0013120895132477633
0.0,-0.01145447636800738,0.0,-0.0005222423615295047,-2.1424026547741177e-17,0.001311057373483078
0.0,-0.01144572492059383,0.0,-0.0005219707126181822,-2.1339813696861542e-17,0.0013100262248186964
0.0,-0.011436980159329114,0.0,-0.0005216999639105883,-2.1783569365734438e-17,0.001308996086534394
0.0,-0.011428242079110197,0.0,-0.0005214300695646857,-2.1833487438649094e-17,0.0013079669778129615
0.0,-0.011419510674837718,0.0,-0.000521160983158198,-2.1950568555208266e-17,0.0013069389177205353
0.0,-0.01141078594141592,0.0,-0.0005208926577184691,-2.14840815827957e-17,0.0013059119251873507
0.0,-0.01140206787375266,0.0,-0.0005206250457523254,-2.0133167597307166e-17,0.0013048860189887007
0.0,-0.01139335646675998,0.0,-0.0005203580992730509,-2.0058022568789766e-17,0.0013038612177248934
0.0,-0.011384651715352816,0.0,-0.000520091769832352,-2.0144902135067963e-17,0.001302837539803318
0.0,-0.011375953614450514,0.0,-0.0005198260085496588,-1.7903401035959982e-17,0.0013018150034194266
0.0,-0.011367262158975735,0.0,-0.0005195607661398689,-1.8501357364148545e-17,0.0013007936265385677
0.0,-0.011358577343855447,0.0,-0.0005192959929456385,-1.8648682404952524e-17,0.0012997734268783145
0.0,-0.011349899164019659,0.0,-0.0005190316389656806,-1.885932815648928e-17,0.0012987544218904653
0.0,-0.011341227614402061,0.0,-0.0005187676538851622,-1.868159195946743e-17,0.0012977366287442779
0.0,-0.011332562689940933,0.0,-0.0005185039871054406,-1.7812808636596363e-17,0.0012967200643089892
0.0,-0.011323904385577694,0.0,-0.0005182405877744558,-1.7916566441614048e-17,0.0012957047451380614
0.0,-0.01131525269625755,0.0,-0.0005179774048157939,-1.816882063333525e-17,0.0012946906874524993
0.0,-0.011306607616929016,0.0,-0.0005177143869592984,-1.7965034267357643e-17,0.0012936779071257354
0.0,-0.01129796914254512,0.0,-0.0005174514827707931,-1.7366230719240713e-17,0.001292666419667883
0.0,-0.011289337268062333,0.0,-0.0005171886406816887,-1.6946652466932894e-17,0.0012916562402111903
0.0,-0.011280711988440932,0.0,-0.0005169258090180328,-1.6950923930049702e-17,0.0012906473834958473
0.0,-0.011272093298644452,0.0,-0.0005166629360308888,-1.7358198874772087e-17,0.0012896398638559269
0.0,-0.011263481193640868,0.0,-0.0005163999699254907,-1.7786711658266298e-17,0.0012886336952060227
0.0,-0.011254875668402104,0.0,-0.0005161368588903933,-1.75657876504039e-17,0.001287628891028559
0.0,-0.011246276717902678,0.0,-0.0005158735511268466,-1.999758688603288e-17,0.0012866254643609369
0.0,-0.011237684337121507,0.0,-0.0005156099948771582,-1.9800793483298184e-17,0.0012856234277843544
0.0,-0.011229098521041536,0.0,-0.0005153461384538396,-1.9912672037893367e-17,0.0012846227934117539
0.0,-0.011220519264648876,0.0,-0.0005150819302689657,-1.9433964608279904e-17,0.0012836235728773814
0.0,-0.011211946562934167,0.0,-0.0005148173188603137,-1.9176897574013582e-17,0.0012826257773260771
0.0,-0.011203380410891145,0.0,-0.0005145522529218257,-1.9237471357320562e-17,0.0012816294174041155
0.0,-0.01119482080351755,0.0,-0.0005142866813305173,-1.9445152669925728e-17,0.0012806345032497176
0.0,-0.011186267735815013,0.0,-0.0005140205531738323,-1.85307857009771e-17,0.0012796410444836685
0.0,-0.01117772120278834,0.0,-0.0005137538177775362,-1.692341468687001e-17,0.0012786490502023561
0.0,-0.011169181199446345,0.0,-0.0005134864247323995,-1.7425434630401708e-17,0.0012776585289691622
0.0,-0.011160647720802434,0.0,-0.0005132183239215314,-1.7779565087837092e-17,0.0012766694888083306
0.0,-0.011152120761872655,0.0,-0.0005129494655460577,-1.796173211754619e-17,0.0012756819371974575
0.0,-0.01114360031767686,0.0,-0.0005126798001525594,-1.77106807533965e-17,0.0012746958810625152
0.0,-0.011135086383239593,0.0,-0.0005124092786579597,-1.770493884497552e-17,0.0012737113267722352
0.0,-0.01112657895358845,0.0,-0.000512137852375855,-1.7300018614509616e-17,0.001272728280133139
0.0,-0.011118078023754642,0.0,-0.0005118654730402849,-1.4429582084564224e-17,0.0012717467463851644
0.0,-0.011109583588773392,0.0,-0.0005115920928333806,-1.45069964655901e-17,0.0012707667301988927
0.0,-0.011101095643683733,0.0,-0.0005113176644068035,-1.4861711080927087e-17,0.0012697882356713136
0.0,-0.011092614183528414,0.0,-0.0005110421409086118,-1.5314317793005332e-17,0.0012688112663239788
0.0,-0.01108413920335387,0.0,-0.0005107654760053524,-1.536265610361989e-17,0.0012678358251010868
0.0,-0.01107567069821018,0.0,-0.0005104876239065946,-1.5393945148338015e-17,0.001266861914367619
0.0,-0.011067208663151067,0.0,-0.0005102085393870147,-1.5726705182195993e-17,0.0012658895359089943
0.0,-0.011058753093234426,0.0,-0.0005099281778101453,-1.6129279865121213e-17,0.0012649186909303666
0.0,-0.011050303983521626,0.0,-0.0005096464951504564,-1.599307077239408e-17,0.0012639493800569556
0.0,-0.011041861329078051,0.0,-0.0005093634480149856,-1.5762820698203845e-17,0.0012629816033351232
0.0,-0.011033425124972263,0.0,-0.0005090789936646391,-1.8852138382662924e-17,0.0012620153602331703
0.0,-0.011024995366277162,0.0,-0.0005087930900367051,-1.8236087348980694e-17,0.0012610506496435693
0.0,-0.011016572048068902,0.0,-0.0005085056957635914,-1.8740964647482204e-17,0.0012600874698852032
0.0,-0.011008155165427224,0.0,-0.000508216770194446,-1.9485032133649068e-17,0.001259125818706743
0.0,-0.010999744713436477,0.0,-0.0005079262734150054,-1.9391245099525887e-17,0.001258165693288768
0.0,-0.010991340687183953,0.0,-0.000507634166266538,-1.889834806616732e-17,0.0012572070902492928
0.0,-0.010982943081760742,0.0,-0.0005073404103650221,-1.84254287023445e-17,0.0012562500056470891
0.0,-0.010974551892262001,0.0,-0.0005070449681196459,-1.8346145360757095e-17,0.0012552944349867937
0.0,-0.010966167113786554,0.0,-0.0005067478027517506,-1.867447572346176e-17,0.0012543403732245882
0.0,-0.010957788741436584,0.0,-0.0005064488783111087,-1.7882997919428885e-17,0.001253387814773903
0.0,-0.01094941677031853,0.0,-0.0005061481596939748,-1.8041598163389843e-17,0.001252436753511606
0.0,-0.010941051195541973,0.0,-0.00050584561266069,-1.7988619282705825e-17,0.001251487182785171
0.0,-0.010932692012220734,0.0,-0.000505541203849953,-1.6961330998548075e-17,0.0012505390954195084
0.0,-0.010924339215471965,0.0,-0.0005052349007966445,-1.6458036447941394e-17,0.0012495924837246915
0.0,-0.010915992800416274,0.0,-0.000504926671945759,-1.639229982817426e-17,0.0012486473395043934
0.0,-0.010907652762179264,0.0,-0.0005046164866690019,-1.7065654230480367e-17,0.0012477036540640926
0.0,-0.01089931909588846,0.0,-0.0005043043152771681,-1.8384371690728235e-17,0.0012467614182199165
0.0,-0.010890991796676849,0.0,-0.0005039901290361749,-1.7316436680623173e-17,0.001245820622308439
0.0,-0.01088267085967961,0.0,-0.00050367390017844,-1.677640704365102e-17,0.001244881256195851
0.0,-0.010874356280036785,0.0,-0.0005033556019180218,-1.6670973506530955e-17,0.0012439433092887107
0.0,-0.010866048052890905,0.0,-0.000503035208461662,-1.6224069121498355e-17,0.0012430067705436118
0.0,-0.010857746173389532,0.0,-0.0005027126950215945,-1.6422488138850104e-17,0.001242071628477932
0.0,-0.010849450636682767,0.0,-0.0005023880378265729,-1.6659396515910128e-17,0.0012411378711825708
0.0,-0.01084116143792525,0.0,-0.0005020612141332445,-1.6643475750863682e-17,0.0012402054863311887
0.0,-0.010832878572274954,0.0,-0.0005017322022362858,-1.6269537555412475e-17,0.0012392744611935103
0.0,-0.010824602034893441,0.0,-0.0005014009814790981,-1.679298058824436e-17,0.0012383447826473189
0.0,-0.010816331820946278,0.0,-0.0005010675322625133,-1.793490130776542e-17,0.0012374164371892417
0.0,-0.010808067925602035,0.0,-0.0005007318360545827,-1.812311301835046e-17,0.0012364894109501813
0.0,-0.01079981034403402,0.0,-0.0005003938753993968,-1.815907086100442e-17,0.0012355636897056113
0.0,-0.010791559071418107,0.0,-0.0005000536339226623,-1.7769949689938764e-17,0.0012346392588901986
0.0,-0.01078331410293515,0.0,-0.0004997110963430595,-1.747212240766704e-17,0.0012337161036107339
0.0,-0.010775075433768282,0.0,-0.0004993662484757157,-1.7033947996244694e-17,0.0012327942086600594
0.0,-0.01076684305910492,0.0,-0.0004990190772405632,-1.6638225075149833e-17,0.001231873558530472
0.0,-0.010758616974136511,0.0,-0.000498669570668029,-1.6555371371707223e-17,0.0012309541374282318
0.0,-0.010750397174057463,0.0,-0.0004983177179033972,-1.6486802165994882e-17,0.001230035929287344
0.0,-0.01074218365406647,0.0,-0.0004979635092136065,-1.7567168733510107e-17,0.001229118917784268
0.0,-0.010733976409365506,0.0,-0.000497606935989279,-1.7664612890148092e-17,0.0012282030863523812
0.0,-0.010725775435160338,0.0,-0.0004972479907505204,-1.775189850119387e-17,0.001227288418196488
0.0,-0.01071758072666013,0.0,-0.0004968866671490579,-1.7106764642429972e-17,0.0012263748963078126
0.0,-0.010709392279078309,0.0,-0.0004965229599718168,-1.679351560053108e-17,0.0012254625034790068
0.0,-0.010701210087631453,0.0,-0.0004961568651421731,-1.6433220004572745e-17,0.001224551222318862
0.0,-0.010693034147539845,0.0,-0.000495788379722532,-1.6261717852380188e-17,0.00122364103526757
0.0,-0.010684864454027145,0.0,-0.0004954175019150196,-1.6272658826553964e-17,0.0012227319246121858
0.0,-0.010676701002321614,0.0,-0.0004950442310619568,-1.4621936376896745e-17,0.0012218238725011984
0.0,-0.010668543787654134,0.0,-0.0004946685676469949,-1.428841423434283e-17,0.001220916860960321
0.0,-0.010660392805259624,0.0,-0.0004942905132933671,-1.295900298017082e-17,0.0012200108719077603
0.0,-0.010652248050376754,0.0,-0.0004939100707638055,-1.2950421134397664e-17,0.001219105887169186
0.0,-0.01064410951824762,0.0,-0.0004935272439583478,-1.2943003782779188e-17,0.001218201888493429
0.0,-0.010635977204118584,0.0,-0.0004931420379134796,-1.2716297483168138e-17,0.0012172988575673222
0.0,-0.010627851103238193,0.0,-0.0004927544587977215,-1.2768579071699923e-17,0.001216396776031317
0.0,-0.010619731210859882,0.0,-0.0004923645139106573,-1.2715799410201554e-17,0.0012154956254948309
0.0,-0.010611617522240562,0.0,-0.0004919722116776403,-1.2085844353895394e-17,0.001214595387550848
0.0,-0.01060351003264002,0.0,-0.0004915775616466013,-1.2473099183600052e-17,0.001213696043791216
0.0,-0.01059540873732268,0.0,-0.0004911805744824186,-1.231483415769027e-17,0.001212797575821929
0.0,-0.010587313631556253,0.0,-0.0004907812619639534,-1.2034261248487413e-17,0.001211899965277788
0.0,-0.010579224710611032,0.0,-0.0004903796369749814,-1.1760459223205939e-17,0.0012110031938371976
0.0,-0.010571141969762644,0.0,-0.0004899757135003393,-1.265624308000514e-17,0.0012101072432367486
0.0,-0.010563065404289043,0.0,-0.0004895695066187458,-1.2616450399356982e-17,0.001209212095285899
0.0,-0.010554995009472075,0.0,-0.0004891610324949562,-1.2379274431137239e-17,0.001208317731881162
0.0,-0.010546930780597616,0.0,-0.0004887503083728035,-1.214103606170712e-17,0.0012074241350206274
0.0,-0.010538872712954821,0.0,-0.0004883373525653616,-1.1970659009960858e-17,0.0012065312868173997
0.0,-0.010530820801836404,0.0,-0.0004879221844483212,-1.1933329854861742e-17,0.0012056391695139397
0.0,-0.010522775042538388,0.0,-0.00048750482444859667,-1.1772634044410136e-17,0.0012047477654956943
0.0,-0.01051473543036114,0.0,-0.00048708529403548926,-1.164028938494846e-17,0.0012038570573042588
0.0,-0.01050670196060825,0.0,-0.000486663615710962,-1.2230324967299972e-17,0.0012029670276505339
0.0,-0.010498674628586351,0.0,-0.00048623981299703023,-1.2159374989459276e-17,0.0012020776594279235
0.0,-0.010490653429606783,0.0,-0.00048581391042637094,-1.2399216429058528e-17,0.0012011889357249363
0.0,-0.010482638358983323,0.0,-0.0004853859335287189,-1.2336832288825434e-17,0.0012003008398376736
0.0,-0.010474629412034211,0.0,-0.0004849559088202572,-1.2470735100194357e-17,0.0011994133552823021
0.0,-0.010466626584080577,0.0,-0.00048452386378946644,-1.2521148327525894e-17,0.0011985264658058408
0.0,-0.010458629870447623,0.0,-0.0004840898268848483,-1.2410089769634025e-17,0.0011976401553992063
0.0,-0.010450639266463868,0.0,-0.00048365382750022124,-1.2263926014876146e-17,0.0011967544083076238
0.0,-0.010442654767461272,0.0,-0.00048321589596156465,-1.2344186781106477e-17,0.0011958692090422664
0.0,-0.010434676368775944,0.0,-0.0004827760635110968,-1.2204468606246015e-17,0.0011949845423899893
0.0,-0.010426704065746964,0.0,-0.00048233436229367646,-1.2377130161469476e-17,0.001194100393424799
0.0,-0.010418737853717037,0.0,-0.00048189082533955127,-1.2491396707717289e-17,0.0011932167475171992
0.0,-0.010410777728032939,0.0,-0.0004814454865493249,-1.2218512551248214e-17,0.0011923335903439142
0.0,-0.010402823684044146,0.0,-0.00048099838067748287,-1.2108237644396586e-17,0.0011914509078974737
0.0,-0.010394875717104514,0.0,-0.00048054954331458737,-1.2164123869081013e-17,0.001190568686495173
0.0,-0.01038693382257089,0.0,-0.00048009901087081114,-1.2132713451592548e-17,0.0011896869127872793
0.0,-0.010378997995803574,0.0,-0.0004796468205579117,-1.2228245919959073e-17,0.0011888055737659983
0.0,-0.010371068232167607,0.0,-0.00047919301037010505,-1.2160888948271274e-17,0.0011879246567723894
0.0,-0.01036314452703001,0.0,-0.0004787376190672659,-1.2251683259443315e-17,0.001187044149504952
0.0,-0.010355226875761904,0.0,-0.0004782806861526984,-1.2142391287345747e-17,0.0011861640400254918
0.0,-0.010347315273738686,0.0,-0.0004778222518578937,-1.2144944163944932e-17,0.0011852843167668
0.0,-0.01033940971633775,0.0,-0.00047736235711808147,-1.5403201839175735e-17,0.0011844049685387453
0.0,-0.010331510198941551,0.0,-0.0004769010435555557,-1.529719867049666e-17,0.0011835259845335798
0.0,-0.010323616716935258,0.0,-0.000476438353456559,-1.542001438027411e-17,0.001182647354331956
0.0,-0.010315729265707934,0.0,-0.00047597432975217,-1.5328822782474916e-17,0.001181769067907576
0.0,-0.010307847840651368,0.0,-0.0004755090159939678,-1.516689299981809e-17,0.0011808911156330508
0.0,-0.010299972437161862,0.0,-0.0004750424563353743,-1.5183627179955132e-17,0.0011800134882821365
0.0,-0.01029210305063897,0.0,-0.00047457469550732536,-1.5011587594363264e-17,0.0011791361770346395
0.0,-0.010284239676485363,0.0,-0.00047410577879627346,-1.4624151970741147e-17,0.001178259173480586
0.0,-0.01027638231010748,0.0,-0.0004736357520210975,-1.4204061078014453e-17,0.0011773824696212467
0.0,-0.010268530946915835,0.0,-0.00047316466151032973,-1.402513586504514e-17,0.0011765060578733122
0.0,-0.010260685582322961,0.0,-0.00047269255407706687,-1.3901374880013825e-17,0.0011756299310702906
0.0,-0.010252846211746486,0.0,-0.0004722194769968748,-1.357671568617587e-17,0.001174754082463959
0.0,-0.010245012830606946,0.0,-0.00047174547798203186,-1.3462227462040796e-17,0.0011738785057262043
0.0,-0.01023718543432793,0.0,-0.0004712706051572224,-1.3321497574402416e-17,0.0011730031949489723
0.0,-0.01022936401833685,0.0,-0.00047079490703444497,-1.3234295621633953e-17,0.0011721281446459937
0.0,-0.010221548578064853,0.0,-0.00047031843248893795,-1.3600520280871553e-17,0.0011712533497508781
0.0,-0.010213739108946723,0.0,-0.0004698412307317595,-1.357675756705639e-17,0.0011703788056182285
0.0,-0.010205935606419874,0.0,-0.0004693633512846025,-1.3487626802618962e-17,0.0011695045080219093
0.0,-0.010198138065926073,0.0,-0.00046888484395449595,-1.3359071109281726e-17,0.001168630453153636
0.0,-0.01019034648290985,0.0,-0.0004684057588066181,-1.3324044909732852e-17,0.001167756637621973
0.0,-0.010182560852819853,0.0,-0.00046792614613711935,-1.3216063107186549e-17,0.0011668830584490972
0.0,-0.010174781171107851,0.0,-0.0004674460564477142,-1.3025449131726247e-17,0.0011660097130692258
0.0,-0.010167007433229019,0.0,-0.00046696554041739943,-1.278593947526412e-17,0.0011651365993245856
0.0,-0.010159239634642606,0.0,-0.0004664846488753836,-1.2731327288288093e-17,0.0011642637154629406
0.0,-0.01015147777081036,0.0,-0.00046600343277269625,-1.2489539763336888e-17,0.0011633910601330988
0.0,-0.010143721837198482,0.0,-0.00046552194315601254,-1.2427149211958346e-17,0.0011625186323812409
0.0,-0.01013597182927621,0.0,-0.0004650402311387095,-1.2318739297539543e-17,0.001161646431645762
0.0,-0.01012822774251553,0.0,-0.0004645583478716983,-1.2294662635929372e-17,0.001160774457752813
0.0,-0.01012048957239329,0.0,-0.0004640763445178124,-1.2213312664383218e-17,0.0011599027109104243
0.0,-0.010112757314388647,0.0,-0.0004635942722204227,-1.2170102068826332e-17,0.0011590311917035346
0.0,-0.010105030963984511,0.0,-0.0004631121820765017,-1.2088418685807495e-17,0.001158159901086673
0.0,-0.010097310516667929,0.0,-0.0004626301251067912,-1.2095186655005052e-17,0.0011572888403788234
0.0,-0.010089595967928272,0.0,-0.00046214815222775813,-1.2062966898537219e-17,0.001156418011255963
0.0,-0.010081887313259368,0.0,-0.00046166631422277227,-1.187975901580682e-17,0.001155547415743665
0.0,-0.010074184548157838,0.0,-0.00046118466171172573,-1.188420292720574e-17,0.0011546770562104699
0.0,-0.010066487668123783,0.0,-0.0004607032451229947,-1.1893769213369802e-17,0.0011538069353592183
0.0,-0.010058796668660929,0.0,-0.0004602221146639488,-1.186099037331583e-17,0.0011529370562197321
0.0,-0.010051111545276948,0.0,-0.0004597413202919169,-1.245608105856143e-17,0.0011520674221394886
0.0,-0.010043432293481726,0.0,-0.0004592609116840317,-1.2374439060818315e-17,0.0011511980367763534
0.0,-0.01003575890878948,0.0,-0.00045878093820897714,-1.2455409817411608e-17,0.0011503289040877896
0.0,-0.010028091386717496,0.0,-0.0004583014488974995,-1.24834102703819e-17,0.0011494600283235656
0.0,-0.010020429722787055,0.0,-0.00045782249241249173,-1.248258410721065e-17,0.0011485914140144677
0.0,-0.010012773912521927,0.0,-0.0004573441170206186,-1.2422366653709348e-17,0.0011477230659642898
0.0,-0.010005123951450009,0.0,-0.0004568663705622893,-1.2446926259305363e-17,0.0011468549892384315
0.0,-0.009997479835102593,0.0,-0.00045638930042417623,-1.2433777412019881e-17,0.0011459871891545633
0.0,-0.009989841559014064,0.0,-0.0004559129535080751,-1.2459410614749472e-17,0.0011451196712719955
0.0,-0.00998220911872213,0.0,-0.0004554373762038687,-1.231633990500473e-17,0.0011442524413817704
0.0,-0.009974582509768683,0.0,-0.0004549626143603919,-1.222017233673488e-17,0.001143385505494544
0.0,-0.00996696172769755,0.0,-0.0004544887132556205,-1.2202122515041118e-17,0.0011425188698308462
0.0,-0.009959346768057827,0.0,-0.0004540157175704163,-1.185604121961555e-17,0.001141652540809734
0.0,-0.009951737626400437,0.0,-0.00045354367135883435,-1.1820831383536647e-17,0.0011407865250376336
0.0,-0.009944134298280522,0.0,-0.0004530726180215368,-1.1776731641242999e-17,0.0011399208292968254
0.0,-0.009936536779256626,0.0,-0.000452602600276095,-1.1681256279489354e-17,0.0011390554605345707
0.0,-0.009928945064890463,0.0,-0.0004521336601315194,-1.1592576305849995e-17,0.001138190425850895
0.0,-0.009921359150746673,0.0,-0.0004516658388603363,-1.1607195820916458e-17,0.001137325732487847
0.0,-0.009913779032394281,0.0,-0.0004511991769718944,-1.1643744688445148e-17,0.001136461387817246
0.0,-0.0099062047054047,0.0,-0.0004507337141858897,-1.160445895397058e-17,0.0011355973993292432
0.0,-0.00989863616535394,0.0,-0.0004502694894062218,-1.1536716403373244e-17,0.0011347337746209292
0.0,-0.009891073407820018,0.0,-0.0004498065406954099,-1.1520688267957693e-17,0.0011338705213841352
0.0,-0.009883516428385402,0.0,-0.0004493449052496696,-1.1473683584460122e-17,0.001133007647394173
0.0,-0.009875965222635398,0.0,-0.00044888461937299314,-1.1397626243959846e-17,0.0011321451604980476
0.0,-0.009868419786158485,0.0,-0.00044842571845356104,-1.1245934766241732e-17,0.0011312830686025404
0.0,-0.009860880114547397,0.0,-0.0004479682369401475,-1.1247659200646111e-17,0.0011304213796635492
0.0,-0.009853346203396837,0.0,-0.00044751220831753906,-1.1218194634550207e-17,0.0011295601016730777
0.0,-0.009845818048306377,0.0,-0.0004470576650853752,-1.123933476373894e-17,0.001128699242649562
0.0,-0.009838295644878085,0.0,-0.0004466046387341212,-1.1215140095721529e-17,0.0011278388106250989
0.0,-0.009830778988717708,0.0,-0.0004461531597243571,-1.1143569312282617e-17,0.001126978813635052
0.0,-0.00982326807543406,0.0,-0.00044570325746595983,-1.1160547285008094e-17,0.0011261192597069626
0.0,-0.00981576290063945,0.0,-0.0004452549602960644,-1.1148278709254245e-17,0.0011252601568492906
0.0,-0.009808263459949456,0.0,-0.000444808295462238,-1.1176266351521232e-17,0.0011244015130411292
0.0,-0.009800769748983534,0.0,-0.0004443632891003313,-1.1205975946948888e-17,0.0011235433362206998
0.0,-0.0097932817633635,0.0,-0.0004439199662177553,-1.118099832066267e-17,0.0011226856342767097
0.0,-0.009785799498715275,0.0,-0.00044347835067644234,-1.112311106551746e-17,0.0011218284150361173
0.0,-0.00977832295066806,0.0,-0.00044303846517423445,-1.0198769845329088e-17,0.0011209716862555824
0.0,-0.009770852114854348,0.0,-0.0004426003312307203,-1.0172041464227286e-17,0.0011201154556114378
0.0,-0.009763386986909664,0.0,-0.0004421639691717377,-1.0169071968106758e-17,0.0011192597306899283
0.0,-0.00975592756247337,0.0,-0.0004417293981139813,-1.0156973437786323e-17,0.0011184045189786224
0.0,-0.009748473837187292,0.0,-0.0004412966359529493,-1.0441339326823287e-17,0.0011175498278563174
0.0,-0.009741025806697886,0.0,-0.0004408656993503175,-1.0409810475792152e-17,0.001116695664585872
0.0,-0.009733583466653917,0.0,-0.00044043660372210415,-1.0477632842841274e-17,0.0011158420363050498
0.0,-0.009726146812707673,0.0,-0.0004400093632284911,-1.0475860591541555e-17,0.001114988950018504
0.0,-0.009718715840514628,0.0,-0.0004395839907644213,-1.0476851687061925e-17,0.001114136412590376
0.0,-0.009711290545734667,0.0,-0.0004391604979514184,-1.0468764353423115e-17,0.0011132844307361312
0.0,-0.00970387092402914,0.0,-0.00043873889512939713,-1.0466751514384692e-17,0.0011124330110169446
0.0,-0.009696456971064091,0.0,-0.00043831919135192313,-1.0476193929525816e-17,0.0011115821598319372
0.0,-0.009689048682508763,0.0,-0.0004379013943800236,-1.0518766541721228e-17,0.0011107318834117966
0.0,-0.009681646054034966,0.0,-0.0004374855106787661,-1.0513684422830374e-17,0.0011098821878139215
0.0,-0.009674249081318453,0.0,-0.0004370715454151785,-1.0505380398264948e-17,0.0011090330789156817
0.0,-0.009666857760038155,0.0,-0.0004366595024557139,-1.0545942960680825e-17,0.001108184562409825
0.0,-0.009659472085876124,0.0,-0.00043624938436649413,-1.0534394612269669e-17,0.001107336643799484
0.0,-0.009652092054518285,0.0,-0.0004358411924157683,-1.0519911972861018e-17,0.0011064893283939453
0.0,-0.009644717661652855,0.0,-0.00043543492657381746,-1.0523414537117102e-17,0.0011056426213048925
0.0,-0.009637348902972284,0.0,-0.0004350305855194092,-1.0507647912133417e-17,0.0011047965274422955
0.0,-0.009629985774171877,0.0,-0.0004346281666440255,-1.0508147112509081e-17,0.0011039510515118269
0.0,-0.009622628270950156,0.0,-0.0004342276660578722,-1.0390697455974725e-17,0.0011031061980112992
0.0,-0.009615276389009348,0.0,-0.00043382907859853913,-1.0432186780357058e-17,0.001102261971229569
0.0,-0.009607930124054486,0.0,-0.00043343239784111545,-1.0419427370976261e-17,0.0011014183752434484
0.0,-0.009600589471794114,0.0,-0.0004330376161089572,-1.0420002860659383e-17,0.0011005754139171403
0.0,-0.009593254427939932,0.0,-0.0004326447244859031,-1.0426652087992373e-17,0.0010997330909008414
0.0,-0.009585924988207007,0.0,-0.0004322537128312646,-1.0446917547106942e-17,0.0010988914096295578
0.0,-0.009578601148313796,0.0,-0.0004318645697952498,-1.0413454519618406e-17,0.0010980503733239218
0.0,-0.009571282903982148,0.0,-0.00043147728283728136,-1.0439173704602846e-17,0.0010972099849897966
0.0,-0.00956397025093652,0.0,-0.0004310918382435308,-1.0445864153052931e-17,0.001096370247418933
0.0,-0.009556663184904958,0.0,-0.0004307082211497791,-1.0439185896929723e-17,0.0010955311631904055
0.0,-0.009549361701619302,0.0,-0.00043032641556316745,-1.0327338333170765e-17,0.001094692734671701
0.0,-0.009542065796813772,0.0,-0.00042994640438638945,-1.0326168652095631e-17,0.0010938549640204967
0.0,-0.009534775466226914,0.0,-0.0004295681694448742,-1.0339910982128711e-17,0.0010930178531873922
0.0,-0.009527490705599094,0.0,-0.00042919169151330483,-1.0393216081214515e-17,0.0010921814039187632
0.0,-0.00952021151067554,0.0,-0.00042881695034868955,-1.0401952675303641e-17,0.001091345617758651
0.0,-0.00951293787720341,0.0,-0.0004284439247174258,-1.0417857506929054e-17,0.001090510496053705
0.0,-0.009505669800934041,0.0,-0.0004280725924342515,-1.0416468634660573e-17,0.0010896760399560826
0.0,-0.009498407277621208,0.0,-0.0004277029303945279,-1.0422747840476832e-17,0.0010888422504281247
0.0,-0.009491150303022507,0.0,-0.0004273349146137389,-1.042664683635033e-17,0.0010880091282468665
0.0,-0.009483898872899143,0.0,-0.00042696852026710225,-1.0417996553143181e-17,0.001087176674008491
0.0,-0.009476652983014163,0.0,-0.000426603721730728,-1.0424970458969416e-17,0.0010863448881345361
0.0,-0.0094694126291352,0.0,-0.0004262404926262199,-1.0417873483539666e-17,0.0010855137708771318
0.0,-0.009462177807032443,0.0,-0.0004258788058676123,-1.0420337365207059e-17,0.0010846833223244685
0.0,-0.00945494851247969,0.0,-0.00042551863370829477,-1.0427316849688504e-17,0.0010838535424078962
0.0,-0.009447724741253657,0.0,-0.0004251599477924976,-1.0246652176949742e-17,0.0010830244309078527
0.0,-0.009440506489134587,0.0,-0.0004248027192086552,-1.0255191038923411e-17,0.0010821959874615468
0.0,-0.009433293751905363,0.0,-0.0004244469185425542,-1.025543789533132e-17,0.001081368211569322
0.0,-0.009426086525352784,0.0,-0.00042409251593702286,-1.0263626524494351e-17,0.0010805411026027954
0.0,-0.009418884805266453,0.0,-0.0004237394811501833,-1.0264651511403809e-17,0.0010797146598120462
0.0,-0.009411688587439713,0.0,-0.0004233877836181381,-1.0273717131864476e-17,0.0010788888823339796
0.0,-0.009404497867667954,0.0,-0.0004230373925199891,-1.0280336073234112e-17,0.0010780637692008516
0.0,-0.00939731264175157,0.0,-0.00042268827684363396,-1.0291080505278703e-17,0.0010772393193481656
0.0,-0.009390132905492257,0.0,-0.0004223404054563351,-1.0297352746592309e-17,0.0010764155316238197
0.0,-0.00938295865469627,0.0,-0.0004219937471769509,-1.0304106442408268e-17,0.0010755924047969967
0.0,-0.00937578988517241,0.0,-0.0004216482708499455,-1.0310857630044541e-17,0.0010747699375673466
0.0,-0.009368626592732809,0.0,-0.0004213039454222843,-1.0317438185745993e-17,0.0010739481285740727
0.0,-0.009361468773193236,0.0,-0.000420960740024432,-1.0323255929835618e-17,0.0010731269764061916
0.0,-0.00935431642237219,0.0,-0.00042061862405146756,-1.0331895547584867e-17,0.0010723064796117345
0.0,-0.00934716953609116,0.0,-0.00042027756724996704,-1.0335462627280466e-17,0.0010714866367081558
0.0,-0.009340028110175412,0.0,-0.00041993753980433513,-1.0344695775714283e-17,0.0010706674461916585
0.0,-0.009332892140452758,0.0,-0.00041959851242867954,-1.0348270380630873e-17,0.0010698489065487013
0.0,-0.00932576162275499,0.0,-0.0004192604564602463,-1.0351515249542856e-17,0.0010690310162658585
0.0,-0.009318636552916324,0.0,-0.00041892334395540856,-1.035056358083135e-17,0.0010682137738401195
0.0,-0.009311516926774647,0.0,-0.00041858714778964244,-1.035656063557086e-17,0.0010673971777908466
0.0,-0.00930440274017097,0.0,-0.00041825184170391486,-1.0360408502917225e-17,0.0010665812266643546
0.0,-0.009297293988948902,0.0,-0.00041791740021356326,-1.0366631679691215e-17,0.0010657659190274852
0.0,-0.00929019066895635,0.0,-0.00041758379877197767,-1.0368160409211223e-17,0.001064951253484284
0.0,-0.009283092776043177,0.0,-0.00041725101378901425,-1.0362254436675177e-17,0.0010641372286799547
0.0,-0.009276000306063474,0.0,-0.0004169190225936982,-1.0360678281636553e-17,0.001063323843299333
0.0,-0.009268913254873806,0.0,-0.00041658780339759633,-1.0355360316135978e-17,0.0010625110960648981
0.0,-0.00926183161833417,0.0,-0.0004162573352608509,-1.036049802250183e-17,0.0010616989857351695
0.0,-0.00925475539230731,0.0,-0.0004159275980578827,-1.0360469296593462e-17,0.0010608875111030296
0.0,-0.009247684572659747,0.0,-0.0004155985724471983,-1.0359500521433596e-17,0.0010600766709944265
0.0,-0.00924061915526106,0.0,-0.0004152702398376466,-1.0359726212878964e-17,0.0010592664642667942
0.0,-0.009233559135983452,0.0,-0.0004149425823626688,-1.0361642182350338e-17,0.0010584568898077426
0.0,-0.009226504510703235,0.0,-0.00041461558284932746,-1.0362235485552394e-17,0.0010576479465338243
0.0,-0.009219455275298473,0.0,-0.0004142892247910035,-1.0361734788724048e-17,0.001056839633389136
0.0,-0.009212411425651918,0.0,-0.00041396349232330755,-1.0363616115225234e-17,0.001056031949344101
0.0,-0.009205372957648101,0.0,-0.0004136383701962191,-1.0362107684061661e-17,0.0010552248933948607
0.0,-0.00919833986717606,0.0,-0.0004133138437523353,-1.0365406958240736e-17,0.0010544184645606657
0.0,-0.009191312150126751,0.0,-0.00041298989890233153,-1.0366162271078972e-17,0.0010536126618851806
0.0,-0.009184289802395062,0.0,-0.00041266652210254903,-1.0363781515632437e-17,0.0010528074844330857
0.0,-0.009177272819878152,0.0,-0.0004123437003341201,-1.0355784645342131e-17,0.0010520029312909704
0.0,-0.009170261198477634,0.0,-0.00041202142108232563,-1.035364452497913e-17,0.001051199001565143
0.0,-0.0091632549340971,0.0,-0.0004116996723167255,-1.0354520127423627e-17,0.0010503956943816028
0.0,-0.009156254022643869,0.0,-0.0004113784424718452,-1.0352868437251903e-17,0.0010495930088844834
0.0,-0.009149258460028243,0.0,-0.0004110577204291921,-1.0349133426331289e-17,0.0010487909442359331
0.0,-0.009142268242163184,0.0,-0.00041073749549994115,-1.0346734127269382e-17,0.001047989499615008
0.0,-0.009135283364965585,0.0,-0.000410417757407619,-1.0343728512020158e-17,0.0010471886742167802
0.0,-0.009128303824354833,0.0,-0.0004100984962724503,-1.0340066971612521e-17,0.0010463884672522984
0.0,-0.009121329616254005,0.0,-0.0004097797025952695,-1.0334223570933755e-17,0.0010455888779463834
0.0,-0.009114360736588377,0.0,-0.0004094613672426361,-1.033150983577925e-17,0.0010447899055394576
0.0,-0.009107397181287457,0.0,-0.00040914348143297156,-1.0328393016244252e-17,0.0010439915492841485
0.0,-0.00910043894628298,0.0,-0.000408826036722118,-1.032606294184143e-17,0.0010431938084471798
0.0,-0.009093486027510618,0.0,-0.0004085090249906932,-1.0323229097688088e-17,0.001042396682306982
0.0,-0.009086538420908046,0.0,-0.00040819243843076515,-1.0322094801249163e-17,0.0010416001701542294
0.0,-0.009079596122417368,0.0,-0.0004078762695341991,-1.0317414029772488e-17,0.0010408042712907993
0.0,-0.009072659127982139,0.0,-0.0004075605110801138,-1.0311880602661624e-17,0.0010400089850295623
0.0,-0.00906572743355085,0.0,-0.0004072451561248922,-1.0311411476018578e-17,0.0010392143106935892
0.0,-0.009058801035073389,0.0,-0.0004069301979896362,-1.0307000373968608e-17,0.0010384202476162881
0.0,-0.009051879928504375,0.0,-0.00040661563025162317,-1.0302592364061422e-17,0.0010376267951401363
0.0,-0.00904496410980028,0.0,-0.000406301446732314,-1.0295643912032742e-17,0.0010368339526170723
0.0,-0.009038053574920789,0.0,-0.00040598764148925203,-1.0288115979854075e-17,0.0010360417194077588
0.0,-0.009031148319829383,0.0,-0.0004056742088066277,-1.028792498088852e-17,0.0010352500948811244
0.0,-0.009024248340491758,0.0,-0.00040536114318528895,-1.028228245346369e-17,0.0010344590784140608
0.0,-0.009017353632877683,0.0,-0.00040504843933541253,-1.0279040793403836e-17,0.0010336686693913119
0.0,-0.009010464192959273,0.0,-0.00040473609216807216,-1.0274374080187414e-17,0.0010328788672046454
0.0,-0.009003580016711839,0.0,-0.000404424096786799,-1.0268813540707852e-17,0.0010320896712529895
0.0,-0.008996701100113531,0.0,-0.0004041124484808098,-1.0261055363294939e-17,0.0010313010809423373
0.0,-0.008989827439146397,0.0,-0.00040380114271668625,-1.0255404565825571e-17,0.0010305130956844764
0.0,-0.008982959029794683,0.0,-0.0004034901751325984,-1.0250266314711402e-17,0.0010297257148977914
0.0,-0.008976095868046036,0.0,-0.0004031795415310918,-1.0245531557489621e-17,0.0010289389380064102
0.0,-0.008969237949891334,0.0,-0.0004028692378717593,-1.0238894363724093e-17,0.0010281527644403234
0.0,-0.00896238527132429,0.0,-0.0004025592602672475,-1.0237849372158745e-17,0.0010273671936347607
0.0,-0.008955537828342072,0.0,-0.000402249604974487,-1.0235601183663341e-17,0.0010265822250299257
0.0,-0.008948695616944096,0.0,-0.00040194026839113824,-1.021986670484472e-17,0.0010257978580713902
0.0,-0.0089418586331336,0.0,-0.0004016312470494888,-1.0219567385667554e-17,0.001025014092209251
0.0,-0.008935026872916437,0.0,-0.0004013225376109013,-1.0217037232879827e-17,0.0010242309268983253
0.0,-0.008928200332301725,0.0,-0.0004010141368607083,-1.0211492327937505e-17,0.00102344836159777
0.0,-0.00892137900730177,0.0,-0.0004007060417036626,-1.0202456792864948e-17,0.0010226663957705756
0.0,-0.00891456289393164,0.0,-0.0004003982491596049,-1.0197927844505346e-17,0.0010218850288842326
0.0,-0.008907751988209445,0.0,-0.0004000907563575817,-1.0190294878548683e-17,0.001021104260410057
0.0,-0.008900946286156265,0.0,-0.00039978356053329563,-1.0183052553496484e-17,0.0010203240898225478
0.0,-0.00889414578379682,0.0,-0.000399476659023772,-1.0176843392304582e-17,0.0010195445166002192
0.0,-0.008887350477158265,0.0,-0.0003991700492635878,-1.0172109908875413e-17,0.0010187655402248553
0.0,-0.008880560362271006,0.0,-0.00039886372878154136,-1.01688764772625e-17,0.0010179871601814028
0.0,-0.008873775435168131,0.0,-0.00039855769519609954,-1.01622051221771e-17,0.0010172093759582552
0.0,-0.008866995691886467,0.0,-0.000398251946212626,-1.0155160486109843e-17,0.0010164321870462236
0.0,-0.008860221128465115,0.0,-0.0003979464796198242,-1.0150446479075453e-17,0.0010156555929396844
0.0,-0.008853451740947125,0.0,-0.00039764129328663403,-1.0142171238943616e-17,0.001014879593135285
0.0,-0.008846687525377506,0.0,-0.0003973363851579015,-1.0136719653251754e-17,0.001014104187132215
0.0,-0.008839928477804914,0.0,-0.0003970317532530427,-1.0131292068415893e-17,0.0010133293744327713
0.0,-0.008833174594280868,0.0,-0.0003967273956622747,-1.0125662712374503e-17,0.0010125551545414253
0.0,-0.008826425870859736,0.0,-0.0003964233105441717,-1.009080601043131e-17,0.0010117815269649164
0.0,-0.008819682303599464,0.0,-0.00039611949612178,-1.008068723504691e-17,0.0010110084912120767
0.0,-0.008812943888560505,0.0,-0.00039581595068294945,-1.0075942477956144e-17,0.0010102360467943274
0.0,-0.008806210621806298,0.0,-0.0003955126725737864,-1.007040364141783e-17,0.00100946419322496
0.0,-0.008799482499403799,0.0,-0.000395209660200429,-1.0066055939140243e-17,0.0010086929300191728
0.0,-0.008792759517422444,0.0,-0.000394906912023496,-1.0062340601550969e-17,0.0010079222566943401
0.0,-0.008786041671934757,0.0,-0.0003946044265577552,-1.0055706237257955e-17,0.0010071521727695355
0.0,-0.00877932895901654,0.0,-0.0003943022023697916,-1.005010546956576e-17,0.0010063826777656393
0.0,-0.00877262137474626,0.0,-0.00039400023807467785,-1.0047192107007725e-17,0.0010056137712051581
0.0,-0.008765918915205265,0.0,-0.0003936985323363054,-1.0042435423361339e-17,0.0010048454526126451
0.0,-0.008759221576478694,0.0,-0.00039339708386339163,-1.0036835694675414e-17,0.001004077721513618
0.0,-0.00875252935465382,0.0,-0.0003930958914090322,-1.0030143179948327e-17,0.0010033105774357404
0.0,-0.008745842245821334,0.0,-0.00039279495376837224,-1.0026602654715833e-17,0.001002544019907925
0.0,-0.008739160246074707,0.0,-0.0003924942697769417,-1.0018268961724429e-17,0.0010017780484603256
0.0,-0.008732483351510471,0.0,-0.0003921938383092108,-1.0010791696053308e-17,0.001001012662624632
0.0,-0.00872581155822832,0.0,-0.0003918936582778117,-1.0006356420810059e-17,0.0010002478619341143
0.0,-0.008719144862330847,0.0,-0.00039159372863032326,-9.997619736496754e-18,0.0009994836459230278
0.0,-0.008712483259923272,0.0,-0.0003912940483497137,-9.995423557938156e-18,0.0009987200141266688
0.0,-0.00870582674711418,0.0,-0.0003909946164513401,-9.988306078105594e-18,0.0009979569660820645
0.0,-0.008699175320015101,0.0,-0.0003906954319831746,-9.98491005839954e-18,0.0009971945013271058
0.0,-0.008692528974740467,0.0,-0.0003903964940233601,-9.97806506209009e-18,0.0009964326194008655
0.0,-0.008685887707407372,0.0,-0.0003900978016805447,-9.971654891036211e-18,0.000995671319843487
0.0,-0.008679251514136458,0.0,-0.0003897993540901067,-9.965879682642337e-18,0.000994910602196009
0.0,-0.008672620391051052,0.0,-0.0003895011504154855,-9.958381492240462e-18,0.0009941504660008064
0.0,-0.008665994334277387,0.0,-0.00038920318984651955,-9.959196927809322e-18,0.0009933909108009015
0.0,-0.00865937333994456,0.0,-0.0003889054715978881,-9.973802329559796e-18,0.0009926319361407323
0.0,-0.008652757404184874,0.0,-0.00038860799490822906,-9.967408700818322e-18,0.0009918735415648454
0.0,-0.00864614652313323,0.0,-0.0003883107590392421,-9.962257258674599e-18,0.0009911157266199986
0.0,-0.008639540692927907,0.0,-0.0003880137632758103,-9.956238817757462e-18,0.0009903584908525056
0.0,-0.008632939909710506,0.0,-0.00038771700692310764,-9.93786354977253e-18,0.0009896018338097696
0.0,-0.008626344169624118,0.0,-0.000387420489307817,-9.938341928899498e-18,0.0009888457550410804
0.0,-0.008619753468816117,0.0,-0.0003871242097758083,-9.931254436549791e-18,0.0009880902540952575
0.0,-0.008613167803436524,0.0,-0.00038682816732779363,-9.918790987849989e-18,0.0009873353304867844
0.0,-0.008606587169637959,0.0,-0.0003865323613327422,-9.906876089354004e-18,0.0009865809837528695
0.0,-0.00860001156357624,0.0,-0.0003862367997092239,-9.90858246358546e-18,0.0009858272141999656
0.0,-0.008593440981410221,0.0,-0.00038594150700235747,-9.903384439451815e-18,0.0009850740236355883
0.0,-0.008586875419301192,0.0,-0.00038564653090663204,-9.89141598878279e-18,0.0009843214159520703
0.0,-0.008580314873413757,0.0,-0.00038535194770336325,-9.884183504592101e-18,0.0009835693976091102
0.0,-0.008573759339916175,0.0,-0.0003850578666947017,-9.880401654450984e-18,0.0009828179780178691
0.0,-0.008567208814977908,0.0,-0.0003847644337172089,-9.877426926577878e-18,0.000982067169834703
0.0,-0.008560663294772895,0.0,-0.000384471833800721,-9.86847323980022e-18,0.0009813169891636484
0.0,-0.008554122775477202,0.0,-0.0003841802930522885,-9.85214059721559e-18,0.0009805674556776923
0.0,-0.008547587253269932,0.0,-0.00038389007982170145,-9.827056644071315e-18,0.0009798185926574458
0.0,-0.008541056724333286,0.0,-0.00038360150521974263,-9.822319366390588e-18,0.000979070426953302
0.0,-0.008534531184852479,0.0,-0.00038331492304454824,-9.82040194864557e-18,0.0009783229888750277
0.0,-0.008528010631015381,0.0,-0.0003830307291718031,-9.833604068634092e-18,0.0009775763120103932
0.0,-0.008521495059012917,0.0,-0.0003827493604656954,-9.838681611300754e-18,0.00097683043297957
0.0,-0.008514984465038683,0.0,-0.0003824712932545869,-9.813397991862538e-18,0.000976085391126821
0.0,-0.008508478845289453,0.0,-0.00038219704142677886,-9.85983503970769e-18,0.0009753412281541436
0.0,-0.008501978195964953,0.0,-0.00038192715418487326,-9.907944069455766e-18,0.0009745979877031243
0.0,-0.008495482513267653,0.0,-0.000381662213503456,-9.928705230677123e-18,0.000973855714887558
0.0,-0.008488991793402682,0.0,-0.0003814028313280519,-9.383808416583596e-18,0.0009731144557821085
0.0,-0.008482506032578618,0.0,-0.00038114964655762635,-9.410437733249403e-18,0.0009723742568722356
0.0,-0.00847602522700659,0.0,-0.00038090332183825373,-9.887747494633365e-18,0.0009716351644714487
0.0,-0.008469549372900426,0.0,-0.000380664540208125,-9.901642163106274e-18,0.0009708972241096211
0.0,-0.008463078466477238,0.0,-0.00038043400161973285,-9.888414564664423e-18,0.0009701604798995485
0.0,-0.008456612503957099,0.0,-0.0003802124193718569,-9.847642251512607e-18,0.000969424973886001
0.0,-0.008450151481562767,0.0,-0.0003800005164741926,-9.817669263664417e-18,0.0009686907453837145
0.0,-0.008443695395519783,0.0,-0.00037979902197623664,-9.872003031950982e-18,0.0009679578303107638
0.0,-0.008437244242056822,0.0,-0.0003796086672767358,-9.84500232725693e-18,0.0009672262605210093
0.0,-0.008430798017404638,0.0,-0.00037943018244086113,-1.071136845079384e-17,0.0009664960631444235
0.0,-0.00842435671779833,0.0,-0.0003792642925433089,-1.0741762998151333e-17,0.0009657672599370511
0.0,-0.008417920339474496,0.0,-0.0003791117140566043,-1.070211497073715e-17,0.0009650398666508818
0.0,-0.008411488878673894,0.0,-0.00037897315130125706,-1.0696982330754596e-17,0.0009643138924241516
0.0,-0.008405062331638772,0.0,-0.00037884929297438765,-1.2030058894231676e-17,0.0009635893392014607
0.0,-0.008398640694614797,0.0,-0.0003787408087704662,-1.2054753517185577e-17,0.000962866201186163
0.0,-0.00839222396385102,0.0,-0.00037864834610890823,-1.2003362812562489e-17,0.000962144464330898
0.0,-0.008385812135598789,0.0,-0.0003785725269791704,-1.1989472888776509e-17,0.0009614241058704583
0.0,-0.008379405206113013,0.0,-0.00037851394491365267,-1.2029804360962275e-17,0.0009607050939007568
0.0,-0.008373003171650182,0.0,-0.0003784731620999342,-1.209589048759229e-17,0.0009599873870098526
0.0,-0.008366606028470716,0.0,-0.00037845070663922317,-1.2064777170638254e-17,0.0009592709339609764
0.0,-0.00836021377283778,0.0,-0.0003784470699601053,-1.2001153053648122e-17,0.0009585556734331538
0.0,-0.008353826401016725,0.0,-0.00037846270439001873,-1.192900640742243e-17,0.0009578415338233219
0.0,-0.008347443909276688,0.0,-0.00037849802089667643,-1.1883543556540958e-17,0.0009571284331075076
0.0,-0.008341066293888777,0.0,-0.0003785533869979613,-1.1786869799151169e-17,0.0009564162787698386
0.0,-0.00833469355112789,0.0,-0.0003786291248453154,-9.901103916723986e-18,0.0009557049677928924
0.0,-0.00832832567727083,0.0,-0.00037872550948747126,-9.899772336086231e-18,0.0009549943867188825
0.0,-0.008321962668597551,0.0,-0.00037884276730866794,-9.877069490768651e-18,0.0009542844117750798
0.0,-0.008315604521391334,0.0,-0.00037898107465299496,-9.691988858913048e-18,0.0009535749090672743
0.0,-0.008309251231937608,0.0,-0.0003791405566242073,-9.69596053707486e-18,0.000952865734841999
0.0,-0.008302902796525083,0.0,-0.0003793212860694646,-9.649681921985112e-18,0.0009521567358130345
0.0,-0.008296559211445032,0.0,-0.00037952328274321387,-9.782064877619318e-18,0.0009514477495550619
0.0,-0.0082902204729919,0.0,-0.00037974651264634305,-1.0358889325360952e-17,0.0009507386049608236
0.0,-0.008283886577462792,0.0,-0.0003799908875475004,-1.0123237371767333e-17,0.0009500291227604002
0.0,-0.008277557521157388,0.0,-0.0003802562646725951,-1.0098772628977851e-17,0.0009493191161008415
0.0,-0.008271233300378595,0.0,-0.00038054244657015644,-1.0063621132736281e-17,0.0009486083911831005
0.0,-0.008264913911431925,0.0,-0.000380849181142125,-1.0270819767634764e-17,0.0009478967479540636
0.0,-0.008258599350625659,0.0,-0.00038117616183765124,-1.021071341048603e-17,0.0009471839808493213
0.0,-0.008252289614271305,0.0,-0.0003815230280099108,-1.0256122001444519e-17,0.0009464698795853092
0.0,-0.008245984698682759,0.0,-0.00038188936542519065,-1.0109111905549371e-17,0.0009457542299945982
0.0,-0.008239684600176768,0.0,-0.00038227470692325636,-9.826386223820333e-18,0.00094503681490312
0.0,-0.008233389315073131,0.0,-0.0003826785332229192,-9.874960232595399e-18,0.0009443174150425726
0.0,-0.008227098839694046,0.0,-0.00038310027386759813,-9.8418015794735e-18,0.0009435958099956982
0.0,-0.00822081317036494,0.0,-0.00038353930830445685,-9.895220831101703e-18,0.0009428717791693486
0.0,-0.00821453230341379,0.0,-0.00038399496709447213,-9.859480052426891e-18,0.0009421451027909226
0.0,-0.00820825623517155,0.0,-0.0003844665332416836,-9.904960661484477e-18,0.0009414155629230718
0.0,-0.008201984961972116,0.0,-0.00038495324364231195,-1.000864933113058e-17,0.0009406829444922302
0.0,-0.008195718480151621,0.0,-0.000385454290642885,-9.973197119675954e-18,0.0009399470363261484
0.0,-0.008189456786049973,0.0,-0.00038596882370461053,-9.962054269759058e-18,0.0009392076321963971
0.0,-0.00818319987600846,0.0,-0.00038649595116447514,-9.986666262929984e-18,0.0009384645318600806
0.0,-0.008176947746372286,0.0,-0.00038703474209075676,-9.953334742720483e-18,0.0009377175420950493
0.0,-0.00817070039348938,0.0,-0.00038758422822374785,-7.447429309044397e-18,0.0009369664777265243
0.0,-0.008164457813709747,0.0,-0.000388143405996166,-7.508487840009995e-18,0.0009362111626377816
0.0,-0.008158220003387003,0.0,-0.00038871123862970614,-7.379868907383145e-18,0.0009354514307629479
0.0,-0.008151986958877198,0.0,-0.00038928665829899824,-7.37898638250448e-18,0.0009346871270537177
0.0,-0.00814575867653892,0.0,-0.0003898685683569809,-7.329222681375335e-18,0.000933918108418218
0.0,-0.00813953515273371,0.0,-0.0003904558456180412,-7.378288853592705e-18,0.0009331442446282015
0.0,-0.008133316383826182,0.0,-0.00039104734269184143,-7.265278101261948e-18,0.0009323654191882378
0.0,-0.00812710236618357,0.0,-0.0003916418903614092,-7.486164030761426e-18,0.0009315815301628587
0.0,-0.008120893096175584,0.0,-0.00039223830000293655,-7.545001132965466e-18,0.0009307924909611795
0.0,-0.008114688570175155,0.0,-0.0003928353660372215,-7.277747767879725e-18,0.0009299982310701578
0.0,-0.008108488784557362,0.0,-0.0003934318684101937,-6.075379915396059e-18,0.0009291986967373266
0.0,-0.008102293735701264,0.0,-0.0003940265751012132,-5.94968166913919e-18,0.0009283938515970993
0.0,-0.008096103419986903,0.0,-0.000394618244642055,-5.854087078301303e-18,0.0009275836772386355
0.0,-0.008089917833798444,0.0,-0.0003952056286565796,-5.94860223885611e-18,0.0009267681737116761
0.0,-0.008083736973522559,0.0,-0.0003957874744045595,-5.864071339795191e-18,0.0009259473599681958
0.0,-0.008077560835548538,0.0,-0.0003963625273295574,-6.0659691448548145e-18,0.0009251212742371691
0.0,-0.008071389416268497,0.0,-0.00039692953360520437,-6.115586335534137e-18,0.0009242899743294377
0.0,-0.008065222712077238,0.0,-0.0003974872426767684,-6.307448540857284e-18,0.0009234535378729211
0.0,-0.008059060719372116,0.0,-0.00039803440978848176,-6.357797446732484e-18,0.0009226120624734467
0.0,-0.00805290343455345,0.0,-0.00039856979849850894,-6.495079669090334e-18,0.0009217656658022171
0.0,-0.00804675085402466,0.0,-0.0003990921831719065,-6.778903954108425e-18,0.0009209144856069219
0.0,-0.008040602974191562,0.0,-0.0003996003514486829,-6.116434497912161e-18,0.0009200586796476337
0.0,-0.008034459791462266,0.0,-0.00040009310668319534,-6.90754765903889e-18,0.000919198425554015
0.0,-0.008028321302248573,0.0,-0.0004005692703492059,-6.870277168261187e-18,0.0009183339206068049
0.0,-0.008022187502964594,0.0,-0.00040102768440905795,-6.7537853995744126e-18,0.0009174653814404584
0.0,-0.008016058390026741,0.0,-0.00040146721363740705,-4.39787031816244e-18,0.0009165930436698076
0.0,-0.008009933959854717,0.0,-0.0004018867479015128,-4.346701594410571e-18,0.0009157171614389846
0.0,-0.008003814208870674,0.0,-0.00040228520439097317,-4.5277744007692045e-18,0.0009148380068953494
0.0,-0.007997699133499752,0.0,-0.0004026615297902388,-4.625063139384129e-18,0.0009139558695880736
0.0,-0.007991588730169785,0.0,-0.0004030147023976698,-4.662985795382311e-18,0.0009130710557944616
0.0,-0.007985482995311027,0.0,-0.0004033437341780298,-4.7508539549221976e-18,0.0009121838877743855
0.0,-0.007979381925356873,0.0,-0.00040364767275440506,-2.944253835081092e-18,0.0009112947029542447
0.0,-0.007973285516743029,0.0,-0.0004039256033260963,-3.129081451101753e-18,0.0009104038530453457
0.0,-0.007967193765907911,0.0,-0.0004041766505190289,-3.329608261755564e-18,0.0009095117030969159
0.0,-0.007961106669293684,0.0,-0.0004043999801575642,-2.7855350993125168e-18,0.0009086186304871281
0.0,-0.007955024223343534,0.0,-0.0004045948009582543,-2.9238458616452346e-18,0.0009077250238560516
0.0,-0.007948946424505058,0.0,-0.00040476036614463647,-2.8407331794007887e-18,0.0009068312819824147
0.0,-0.007942873269227388,0.0,-0.00040489597497394924,-3.361586068470045e-18,0.0009059378126092792
0.0,-0.007936804753962672,0.0,-0.00040500097418074755,-3.4186632044156217e-18,0.0009050450312216347
0.0,-0.007930740875165742,0.0,-0.0004050747593294116,-3.372061078321426e-18,0.0009041533597795425
0.0,-0.007924681629294496,0.0,-0.00040511677607497286,-3.52896609948982e-18,0.0009032632254114128
0.0,-0.007918627012809201,0.0,-0.00040512652133212787,-3.180335960761756e-18,0.0009023750590722411
0.0,-0.007912577022173024,0.0,-0.00040510354434575936,-2.9794556135283852e-18,0.0009014892941714773
0.0,-0.007906531653851802,0.0,-0.00040504744766706223,-2.6532987700789026e-18,0.0009006063651723834
0.0,-0.007900490904313565,0.0,-0.0004049578880259117,-2.0245114436265576e-18,0.000899726706173136
0.0,-0.007894454770029893,0.0,-0.0004048345771087957,-1.6740186042591574e-18,0.0008988507494692475
0.0,-0.007888423247474298,0.0,-0.00040467728222629397,-1.3604262460386941e-18,0.0008979789241061475
0.0,-0.007882396333123704,0.0,-0.0004044858268831933,-1.3334426589851142e-18,0.000897111654423819
0.0,-0.00787637402345686,0.0,-0.0004042600912392106,-1.5800119467133144e-18,0.0008962493586037578
0.0,-0.007870356314956277,0.0,-0.00040400001246465356,-1.797593366712887e-18,0.000895392447217566
0.0,-0.007864343204106046,0.0,-0.00040370558498798494,-1.786999055292127e-18,0.0008945413217874682
0.0,-0.00785833468739357,0.0,-0.0004033768606336081,-2.0933796533806648e-18,0.0008936963733619353
0.0,-0.007852330761308996,0.0,-0.0004030139486515203,-2.3563850316637555e-18,0.0008928579811124804
0.0,-0.007846331422344961,0.0,-0.00040261701563259236,-2.062801283277078e-18,0.0008920265109571642
0.0,-0.007840336666997124,0.0,-0.000402186285317332,-2.172518446785592e-18,0.0008912023142176328
0.0,-0.007834346491763025,0.0,-0.00040172203828435835,-2.449988541539411e-18,0.0008903857263115226
0.0,-0.007828360893143666,0.0,-0.0004012246115341981,-6.895770542310166e-19,0.0008895770654911624
0.0,-0.007822379867642434,0.0,-0.0004006943979504151,-3.7834865151053825e-19,0.0008887766316301424
0.0,-0.007816403411764646,0.0,-0.0004001318456533692,-5.282672293768016e-19,0.0008879847050638058
0.0,-0.007810431522020027,0.0,-0.0003995374572330346,1.088913086065161e-19,0.0008872015454907228
0.0,-0.0078044641949195845,0.0,-0.00039891178886941364,9.364310423927373e-19,0.0008864273909389905
0.0,-0.007798501426977039,0.0,-0.0003982554493374179,4.092645260526639e-19,0.0008856624568022291
0.0,-0.007792543214709657,0.0,-0.00039756909889342016,1.7338584584372569e-18,0.0008849069349512995
0.0,-0.007786589554636751,0.0,-0.000396853448048123,2.020505635877888e-18,0.0008841609929265871
0.0,-0.0077806404432796015,0.0,-0.0003961092562239535,1.6896137759234035e-18,0.0008834247732149915
0.0,-0.007774695877163708,0.0,-0.00039533733029597487,1.759798011331198e-18,0.0008826983926140703
0.0,-0.0077687558528161,0.0,-0.0003945385230182856,1.532936508854092e-18,0.0008819819416922614
0.0,-0.0077628203667665955,0.0,-0.00039371373133934685,1.3825569887476219e-18,0.0008812754843444167
0.0,-0.007756889415548194,0.0,-0.00039286389460233695,1.9434151838831708e-18,0.0008805790574482053
0.0,-0.0077509629956961255,0.0,-0.00039198999263440797,1.5559949250128554e-18,0.0008798926706244663
0.0,-0.007745041103748361,0.0,-0.0003910930437289425,2.1429218792606257e-18,0.0008792163061042093
0.0,-0.007739123736245353,0.0,-0.0003901741025187007,2.122947938931166e-18,0.0008785499187036034
0.0,-0.007733210889730108,0.0,-0.00038923425774383736,1.5809613864441112e-18,0.0008778934359114391
0.0,-0.007727302560748817,0.0,-0.00038827462991935147,1.480902033798057e-18,0.0008772467580870029
0.0,-0.007721398745850049,0.0,-0.0003872963689009543,1.7233294523373825e-18,0.000876609758773246
0.0,-0.007715499441584942,0.0,-0.00038630065135769555,1.4959658291161187e-18,0.0008759822851219385
0.0,-0.0077096046445074215,0.0,-0.0003852886781514498,6.275948566633439e-19,0.0008753641584341411
0.0,-0.007703714351173463,0.0,-0.0003842616716287162,1.3335424335565062e-18,0.0008747551748127952
0.0,-0.007697828558142075,0.0,-0.0003832208728291773,1.57715187366775e-18,0.0008741551059275394
0.0,-0.0076919472619754944,0.0,-0.00038216753861912683,1.2643912162642825e-18,0.0008735636998899039
0.0,-0.0076860704592376875,0.0,-0.00038110293874845134,1.1112446242664679e-18,0.0008729806822362214
0.0,-0.007680198146495421,0.0,-0.00038002835284539003,4.33704989217122e-19,0.0008724057570144622
0.0,-0.0076743303203188045,0.0,-0.00037894506734952255,4.942540075706363e-19,0.000871838607973998
0.0,-0.007668466977279321,0.0,-0.0003778543723923495,2.387119796391353e-19,0.0008712788998499513
0.0,-0.007662608113952293,0.0,-0.0003767575586343449,-1.981737264404637e-19,0.0008707262797413569
0.0,-0.007656753726914564,0.0,-0.0003756559140610732,-1.5244789229627877e-19,0.0008701803785753353
0.0,-0.007650903812747133,0.0,-0.00037455072075571246,8.949775947768473e-20,0.0008696408126504622
0.0,-0.007645058368031518,0.0,-0.0003734432516460044,1.9329308198145044e-19,0.0008691071852560893
0.0,-0.0076392173893537925,0.0,-0.0003723347672439903,2.706866466971726e-19,0.0008685790883560635
0.0,-0.007633380873301229,0.0,-0.0003712265123832192,1.9201818865818156e-19,0.0008680561043323171
0.0,-0.007627548816464859,0.0,-0.00037011971296656564,1.6535459456571075e-19,0.0008675378077782972
0.0,-0.007621721215437519,0.0,-0.00036901557273057183,4.261639123190417e-19,0.0008670237673345597
0.0,-0.007615898066814747,0.0,-0.00036791527004456415,7.827653220626754e-19,0.0008665135475560317
0.0,-0.0076100793671944915,0.0,-0.0003668199547490144,5.238608076911401e-19,0.0008660067108029421
0.0,-0.0076042651131782045,0.0,-0.00036573074504962126,1.2652110160537763e-19,0.0008655028191437178
0.0,-0.007598455301369269,0.0,-0.00036464872447625554,-3.3068222273518515e-19,0.0008650014362606508
0.0,-0.007592649928373605,0.0,-0.0003635749389199003,-1.2643266061263794e-19,0.0008645021293487516
0.0,-0.007586848990799748,0.0,-0.0003625103937647379,-2.1276632341679696e-19,0.000864004470994334
0.0,-0.007581052485259567,0.0,-0.00036145605112030093,-3.1163688629693214e-19,0.0008635080410247204
0.0,-0.007575260408366262,0.0,-0.000360412827173154,-3.8560080469314223e-19,0.0008630124283187259
0.0,-0.00756947275673623,0.0,-0.0003593815896728112,-6.841462283545059e-19,0.0008625172325641813
0.0,-0.0075636895269888035,0.0,-0.00035836315555869515,-6.862072375615172e-19,0.0008620220659540537
0.0,-0.007557910715745671,0.0,-0.00035735828875060226,-1.0540527069192482e-18,0.000861526554810253
0.0,-0.007552136319630637,0.0,-0.00035636769811093376,-1.3494206102751401e-18,0.0008610303411235541
0.0,-0.007546366335270476,0.0,-0.00035539203559649147,-1.616049080879829e-18,0.0008605330839989497
0.0,-0.007540600759294875,0.0,-0.0003544318946129686,-1.97104260784231e-18,0.0008600344609992162
0.0,-0.007534839588335459,0.0,-0.0003534878085873959,-2.2460711683167363e-18,0.0008595341693720829
0.0,-0.007529082819026586,0.0,-0.0003525602497719856,-2.1095577139579654e-18,0.0008590319271581709
0.0,-0.007523330448005696,0.0,-0.0003516496282996391,-2.1613077995241313e-18,0.0008585274741632807
0.0,-0.007517582471912215,0.0,-0.0003507562914970032,-2.419209987071277e-18,0.0008580205727942435
0.0,-0.0075118388873880735,0.0,-0.00034988052347810413,-2.4387612306199283e-18,0.0008575110087446223
0.0,-0.007506099691078483,0.0,-0.00034902254503223077,-2.5959821806775773e-18,0.0008569985915256181
0.0,-0.007500364879630604,0.0,-0.00034818251381630027,-2.894105164592558e-18,0.0008564831548361899
0.0,-0.0074946344496940945,0.0,-0.00034736052487405265,-3.0526332142485077e-18,0.0008559645567630282
0.0,-0.00748890839792138,0.0,-0.0003465566114916249,-3.182775901146827e-18,0.0008554426798092779
0.0,-0.00748318672096802,0.0,-0.00034577074640896043,-3.3524317575634122e-18,0.0008549174307432712
0.0,-0.007477469415490914,0.0,-0.00034500284339894206,-3.523919001303909e-18,0.0008543887402647872
0.0,-0.007471756478150499,0.0,-0.00034425275923246376,-3.6512604841634694e-18,0.0008538565624848726
0.0,-0.007466047905609461,0.0,-0.0003435202960423328,-3.773372775563456e-18,0.0008533208742157958
0.0,-0.007460343694532807,0.0,-0.0003428052041046595,-3.960038638041544e-18,0.0008527816740680012
0.0,-0.007454643841588427,0.0,-0.00034210718504961704,-4.123673594784971e-18,0.0008522389813523822
0.0,-0.007448948343446383,0.0,-0.0003414258955208945,-4.323304515239487e-18,0.0008516928347856596
0.0,-0.007443257196779875,0.0,-0.0003407609512963882,-4.484131461597168e-18,0.0008511432909976523
0.0,-0.007437570398264173,0.0,-0.00034011193188956967,-4.631628313254029e-18,0.0008505904228373427
0.0,-0.00743188794457693,0.0,-0.0003394783856436231,-4.7747406063928775e-18,0.0008500343174784358
0.0,-0.007426209832398988,0.0,-0.0003388598353388997,-4.9015535571242305e-18,0.0008494750743217054
0.0,-0.0074205360584130775,0.0,-0.0003382557843268996,-5.0316661351686495e-18,0.0008489128026928584
0.0,-0.007414866619305041,0.0,-0.0003376657232119895,-5.1563061295761116e-18,0.0008483476193344916
0.0,-0.007409201511762573,0.0,-0.0003370891370909707,-5.279141678540937e-18,0.0008477796456880849
0.0,-0.0074035407324764615,0.0,-0.0003365255133770272,-5.414363203011221e-18,0.0008472090049652853
0.0,-0.0073978842781398935,0.0,-0.00033597435050600324,-5.527619263183895e-18,0.0008466358188986615
0.0,-0.007392232145448352,0.0,-0.00033543516584929304,-2.347627249626352e-10,0.0008460602047815931
0.0,-0.007386584331100174,0.0,-0.0003349074960233001,-1.869058308776587e-09,0.0008454822752596616
0.0,-0.007380940831796171,0.0,-0.00033439089585037327,-6.2606639671454095e-09,0.0008449021386117814
0.0,-0.0073753016442391186,0.0,-0.0003338849376446837,-1.4718948319314531e-08,0.0008443198989189404
0.0,-0.007369666765135256,0.0,-0.00033338921052432764,-2.8506416614112788e-08,0.0008437356562267526
0.0,-0.007364036191192526,0.0,-0.00033290331975088496,-4.8840206865087864e-08,0.0008431495067005989
0.0,-0.00735840991912186,0.0,-0.0003324268860946424,-7.68935384581055e-08,0.0008425615427757129
-3.679279432080478e-09,-0.007352787945635626,1.0007803524444156e-06,-0.00033195954520479385,-3.2906234503025495e-07,0.0008419718533018476
-5.230720892399647e-09,-0.007347170267450592,1.4238671956814189e-06,-0.000331500947070061,-4.6421793391011417e-07,0.000841380523680434
-2.1680462583041404e-09,-0.00734155688128641,5.906203698998074e-07,-0.00033105075552069787,-2.6207361823976656e-07,0.0008407876359981859
-2.892897520006169e-09,-0.007335947783861347,7.886873329840912e-07,-0.0003306086473664648,-3.5039922224001944e-07,0.0008401932691573043
-3.7579139679093846e-09,-0.0073303429718996945,1.0252991312984104e-06,-0.00033017431230296704,-4.552014565942716e-07,0.0008395974989953669
-4.774592385739192e-09,-0.007324742442126992,1.3036829830672613e-06,-0.0003297474521637862,-5.777023647875148e-07,0.0008390003984048347
-5.9542175242706874e-09,-0.007319146191271961,1.6270179029285675e-06,-0.00032932778049909946,-7.190825707341043e-07,0.0008384020374470971
-7.307861596888405e-09,-0.007313554216065152,1.998434361007043e-06,-0.0003289150221141072,-8.804823083920593e-07,0.000837802483462136
-8.846383952203609e-09,-0.007307966513239415,2.4210139893306313e-06,-0.000328508912627814,-1.063002430152584e-06,0.0008372018011726068
-1.0580430915548394e-08,-0.007302383079531125,2.897789333606563e-06,-0.00032810919804826614,-1.2677053943333515e-06,0.0008366000527860189
-1.2520435791446091e-08,-0.007296803911678403,3.4317436484357523e-06,-0.000327715634365809,-1.4956162321025746e-06,0.000835997298090992
-1.4676619019406775e-08,-0.007291229006421829,4.025810734105073e-06,-0.0003273279871604642,-1.7477234941590657e-06,0.0008353935945511846
-1.7058988475681273e-08,-0.007285658360504317,4.682874813154713e-06,-0.000326946031227093,-2.024980177491425e-06,0.0008347889973952698
-1.9677339913833546e-08,-0.007280091970672089,5.405770444976769e-06,-0.0003265695502120167,-2.3283046325376115e-06,0.0008341835597028802
-2.2541257537250336e-08,-0.007274529833673014,6.197282476755444e-06,-0.0003261983362688584,-2.6585814510638493e-06,0.0008335773324877405
-2.5660114696921083e-08,-0.00726897194625718,7.060146029114143e-06,-0.00032583218972239136,-3.0166623350796314e-06,0.0008329703647776719
-2.5125187128114245e-08,-0.007263418305187954,6.918251327660964e-06,-0.00032547091571697497,-2.8953746829432513e-06,0.0008323627036975515
-2.8449638942486338e-08,-0.007257868907194103,5.718547553183171e-06,-0.00032511433397753605,-2.778678516209671e-06,0.0008317543945293009
-2.8125867136554725e-08,-0.007252323749068691,5.488047038692342e-06,-0.000324762264573842,-2.666723995020274e-06,0.0008311454807840699
-2.7781393748209466e-08,-0.007246782827555958,5.2666019091179025e-06,-0.0003244145386529395,-2.5591683319059653e-06,0.0008305360042875509
-2.7418368526527045e-08,-0.0072412461394191436,5.053856596973979e-06,-0.0003240709927255221,-2.4558386711795876e-06,0.0008299260052309777
-2.7038803372887675e-08,-0.007235713681423316,4.849469496102444e-06,-0.0003237314697204083,-2.3565689424761153e-06,0.0008293155222380666
-2.664457988949872e-08,-0.007230185450337271,4.653112413491156e-06,-0.0003233958187322565,-2.2611995943183493e-06,0.0008287045924251324
-2.623745654616345e-08,-0.007224661442931192,4.46447004261546e-06,-0.0003230638947786159,-2.1695773381359997e-06,0.0008280932514590463
-2.581907548367701e-08,-0.007219141655978138,4.283239457458653e-06,-0.00032273555856819603,-2.0815549020451653e-06,0.0008274815336143813
-2.5390968971409384e-08,-0.007213626086253456,4.1091296263989465e-06,-0.0003224106762754822,-1.996990794307775e-06,0.0008268694718264176
-2.495456553577222e-08,-0.007208114730535067,3.941860945182744e-06,-0.0003220891193267942,-1.9157490758104263e-06,0.0008262570977426706
-2.4511195775568843e-08,-0.007202607585603823,3.7811647882358725e-06,-0.0003217707641942337,-1.8376991426059276e-06,0.0008256444417731986
-2.406209787931121e-08,-0.007197104648241964,3.626783077591238e-06,-0.00032145549219552783,-1.7627155153183333e-06,0.0008250315331384112
-2.3608422859146045e-08,-0.007191605915235378,3.47846786874261e-06,-0.00032114318930664867,-1.690677638765655e-06,0.0008244183999147616
-2.3151239515036835e-08,-0.007186111383371417,3.3359809527590993e-06,-0.00032083374597488513,-1.6214696875251502e-06,0.0008238050690791406
-2.2691539142454763e-08,-0.007180621049440799,3.199093474022268e-06,-0.00032052705694635375,-1.5549803805123867e-06,0.0008231915665513516
-2.2230239996064657e-08,-0.00717513491023577,3.0675855629724264e-06,-0.0003202230210948533,-1.4911028022967595e-06,0.0008225779172347943
-2.1768191521378757e-08,-0.007169652962551579,2.941245983274562e-06,-0.00031992154126037905,-1.4297342311760925e-06,0.000821964145056487
-2.1306178365745445e-08,-0.00716417520318615,2.819871792838466e-06,-0.0003196225240933157,-1.370775975067844e-06,0.0008213502730033129
-2.084492417951101e-08,-0.007158701628939163,2.7032680181476597e-06,-0.0003193258799047316,-1.3141332122607174e-06,0.000820736323160205
-2.0385095217687614e-08,-0.0071532322366130285,2.5912473413763134e-06,-0.00031903152252101875,-1.2597148397468896e-06,0.000820122316743713
-1.99273037519847e-08,-0.0071477670230130595,2.4836297997908976e-06,-0.00031873936914808234,-1.2074333269836596e-06,0.0008195082741359146
-1.9472111302592438e-08,-0.007142305984946315,2.3802424969546126e-06,-0.00031844934023631286,-1.1572045756611178e-06,0.0008188942149171077
-1.9020031698500453e-08,-0.0071368491192228874,2.280919325270657e-06,-0.00031816135935455975,-1.108947784463984e-06,0.0008182801578960405
-1.8571533975157244e-08,-0.0071313964226545476,2.1855006994206554e-06,-0.00031787535306621555,-1.06258531941059e-06,0.0008176661211404017
-1.8127045117218235e-08,-0.0071259478920565385,2.0938333002682717e-06,-0.0003175912508119696,-1.0180425895412846e-06,0.0008170521220052542
-1.768695265441139e-08,-0.007120503524245569,2.0057698288189332e-06,-0.00031730898479822824,-9.75247927486917e-07,0.0008164381771604347
-1.7251607117561812e-08,-0.0071150633160413064,1.921168769839718e-06,-0.00031702848988476173,-9.341324739747592e-07,0.0008158243026171239
-1.6821324362097092e-08,-0.007109627264265714,1.839894164761142e-06,-0.00031674970348445506,-8.946300678842503e-07,0.0008152105137539012
-1.6396387765383684e-08,-0.0071041953657430944,1.7618153934950396e-06,-0.00031647256545996205,-8.566771401164626e-07,0.0008145968253399094
-1.5977050304438303e-08,-0.007098767617300694,1.6868069648193694e-06,-0.0003161970180290122,-8.202126116358637e-07,0.0008139832515597663
-1.5563536520004072e-08,-0.0070933440157672336,1.614748314994197e-06,-0.00031592300567039635,-7.851777955205687e-07,0.000813369806035599
-1.5156044372644225e-08,-0.00708792455797482,1.545523614283548e-06,-0.0003156504750370587,-7.515163028618121e-07,0.0008127565018485206
-1.4754746996444926e-08,-0.007082509240757345,1.4790215810759666e-06,-0.0003153793748681919,-7.191739526109186e-07,0.0008121433515600748
-1.4359794355535361e-08,-0.007077098060951488,1.4151353033006046e-06,-0.00031510965590977473,-6.880986844731949e-07,0.0008115303672320776
-1.3971314808088347e-08,-0.0070716910153956975,1.3537620668586798e-06,-0.0003148412708330039,-6.582404757222734e-07,0.0008109175604460072
-1.3589416583159301e-08,-0.007066288100932072,1.2948031907891283e-06,-0.0003145741741606104,-6.295512610345853e-07,0.0008103049423215341
-1.3214189173953827e-08,-0.00706088931440386,1.2381638689068562e-06,-0.00031430832219340234,-6.019848557192495e-07,0.0008096925235343062
-1.2845704652613165e-08,-0.0070554946526571625,1.1837530176596342e-06,-0.0003140436729399168,-5.754968814800521e-07,0.0008090803143337152
-1.2484018910171864e-08,-0.007050104112540766,1.1314831299584887e-06,-0.00031378018604996644,-5.500446953382821e-07,0.000808468324558018
-1.212917282552854e-08,-0.007044717690906056,1.0812701347478975e-06,-0.00031351782274962117,-5.255873218357712e-07,0.0008078565636520949
-1.1781193367160323e-08,-0.007039335384605733,1.0330332620864624e-06,-0.000313256545779202,-5.020853869315378e-07,0.0008072450406812562
-1.1440094631257164e-08,-0.007033957190495724,9.866949135324456e-07,-0.0003129963193340459,-4.795010552269247e-07,0.0008066337643462219
-1.110587881935594e-08,-0.007028583105434536,9.421805376104566e-07,-0.0003127371090076039,-4.5779796965473765e-07,0.0008060227429978899
-1.0778537158529824e-08,-0.0070232131262825456,8.994185101731112e-07,-0.0003124788817347689,-4.3694119305863907e-07,0.000805411984649913
-1.0458050767749626e-08,-0.00701784724990313,8.583400194586367e-07,-0.00031222160574141667,-4.1689715255120793e-07,0.0008048014969925185
-1.014439147239353e-08,-0.007012485473161052,8.188789556614796e-07,-0.0003119652504920679,-3.976335858173364e-07,0.0008041912874043827
-9.837522570369735e-09,-0.007007127792924881,7.809718048385888e-07,-0.00031170978664198464,-3.791194892940705e-07,0.0008035813629656287
-6.072011057362328e-09,-0.00700177420606863,1.7344136134684164e-06,-0.0003114551858107673,-3.614796814016405e-07,0.0008029717304677719
-9.515905491141338e-09,-0.00699642470945133,6.699542484932821e-07,-0.0003112014213140509,-3.442095964011256e-07,0.0008023623964284628
-5.721424238709396e-09,-0.006991079299966475,1.636771860317844e-06,-0.00031094846665433764,-3.279262286569091e-07,0.0008017533670949433
-9.191515432639394e-09,-0.006985737974473387,5.671417902478081e-07,-0.00031069629721006624,-3.1195619337957876e-07,0.0008011446484643659
-8.887116465515364e-09,-0.006980400729864589,5.39142539944919e-07,-0.00031044488869588256,-2.9676646359387657e-07,0.0008005362462837816
-5.188627918474659e-09,-0.006975067563022708,1.4877581716093997e-06,-0.0003101942178734919,-2.823156623162956e-07,0.0007999281660664088
-8.569287005286124e-09,-0.006969738470819572,4.473630984968942e-07,-0.0003099442627986153,-2.6811319175822675e-07,0.0007993204130998366
-4.874747863543281e-09,-0.006964413450158052,1.3998962568984107e-06,-0.00030969500185218276,-2.5476774898441664e-07,0.0007987129924495509
-8.251274367130086e-09,-0.006959092497912215,3.6265589757039335e-07,-0.00030944641472708737,-2.416267769124396e-07,0.0007981059089761967
-4.573564693235953e-09,-0.006953775610988413,1.3154138181973414e-06,-0.00030919848149596436,-2.2929933903249484e-07,0.0007974991673342088
-4.461452539035924e-09,-0.00694846278626997,1.2841500993530347e-06,-0.00030895118324098826,-2.1729185131871266e-07,0.0007968927719881555
-7.912616802538696e-09,-0.006943154020652907,2.2772920112285043e-07,-0.000308704501872774,-2.0558513296599118e-07,0.0007962867272142131
-4.175459758009852e-09,-0.006937849311046675,1.2036707119035963e-06,-0.000308458419713467,-1.9464008824574237e-07,0.0007956810371087303
-7.590238328255041e-09,-0.006932548654338992,1.5938699336537653e-07,-0.000308212919983964,-1.8379953908665672e-07,0.0007950757055995198
-3.90166811707329e-09,-0.006927252047446353,1.1264647187480633e-06,-0.0003079679864475224,-1.7368195634985931e-07,0.0007944707364441148
-7.271173322775818e-09,-0.00692195948726171,9.678730464808959e-08,-0.00030772360354553997,-1.6363953609373083e-07,0.0007938661332460183
-3.639760323785304e-09,-0.006916670970705786,1.0524559657589853e-06,-0.000307479756325464,-1.5428324975469898e-07,0.0007932618994510873
-3.5464397477551277e-09,-0.006911386494680112,1.026255913620073e-06,-0.0003072364302838294,-1.451280933667662e-07,0.0007926580383626349
-6.934638867194188e-09,-0.006906106056097766,-7.134016720430748e-09,-0.0003069936117579987,-1.3616194402867342e-07,0.0007920545531397583
-3.2984745584203486e-09,-0.00690082965188245,9.559608438418027e-07,-0.00030675128742510587,-1.2783910462196837e-07,0.0007914514468057905
-3.212028752314132e-09,-0.006895557278943732,9.316189816407975e-07,-0.0003065094443205681,-1.1967475145534545e-07,0.0007908487222562231
-6.597212173915779e-09,-0.006890288934201231,-9.943092517632045e-08,-0.00030626807033175675,-1.1165934160949303e-07,0.0007902463822583644
-2.9775905747954163e-09,-0.006885024614585844,8.649435489633428e-07,-0.0003060271536638784,-1.0424738667282345e-07,0.0007896444294591652
-2.897611103276418e-09,-0.00687976431701402,8.423543426053748e-07,-0.0003057866827113202,-9.695693163714393e-08,0.000789042866392072
-6.260563068260076e-09,-0.006874508038413255,-1.8097738504266837e-07,-0.00030554664673844363,-8.978070009513593e-08,0.0007884416954765246
-2.6762693705532426e-09,-0.006869255775719997,7.791990673351021e-07,-0.0003053070353041976,-8.31707062330392e-08,0.0007878409190248745
-2.6023646019315353e-09,-0.006864007525858874,7.582609356761283e-07,-0.00030506783800701443,-7.665023867409368e-08,0.0007872405392492605
-2.52995427071782e-09,-0.00685876328576631,7.377261023086721e-07,-0.00030482904529829886,-7.036539111227087e-08,0.0007866405582601663
-5.904719504351656e-09,-0.006853523052376848,-2.8793913039382224e-07,-0.00030459064785817876,-6.415271252596823e-08,0.0007860409780737538
-2.323214675660976e-09,-0.006848286822635699,6.784778897600243e-07,-0.00030435263681794216,-5.846636881178278e-08,0.0007854418006140579
-2.256435153389994e-09,-0.006843054593477439,6.594792770774986e-07,-0.0003041150031645945,-5.2830649424809624e-08,0.0007848430277196403
-2.1910074122981763e-09,-0.006837826361847559,6.408465964245678e-07,-0.0003038777387803296,-4.7393309722573985e-08,0.000784244661142147
-5.548549403835978e-09,-0.006832602124690164,-3.7898755785812173e-07,-0.00030364083568091736,-4.1993406606759685e-08,0.0007836467025528272
-1.998279340816115e-09,-0.00682738187895905,5.853697988750953e-07,-0.0003034042863393286,-3.708319465088642e-08,0.0007830491535441295
-1.9380620927887532e-09,-0.006822165621599121,5.681640357497705e-07,-0.0003031680829210862,-3.21915846353349e-08,0.0007824520156358363
-1.8790652378707036e-09,-0.006816953349565085,5.512896640869816e-07,-0.000302932218529357,-2.7466482620344204e-08,0.0007818552902733426
-1.821264338537077e-09,-0.006811745059811639,5.347402993871562e-07,-0.00030269668630549483,-2.290066313602643e-08,0.0007812589788333085
-5.172846652457444e-09,-0.006806540749294908,-4.829382427819145e-07,-0.00030246147965919985,-1.8335280879228638e-08,0.0007806630826260104
-1.6435933089597695e-09,-0.0068013404149796395,4.833126627631734e-07,-0.00030222659247135757,-1.42221652498344e-08,0.00078006760289658
-1.590548726095087e-09,-0.0067961440538229795,4.680720689574162e-07,-0.00030199201812564563,-1.0093474065855002e-08,0.0007794725408315373
-1.5385809199337511e-09,-0.006790951662791061,4.531250061838483e-07,-0.0003017577510052458,-6.097799379690444e-09,0.0007788778975554661
-1.4876683276954549e-09,-0.006785763238850261,4.3846581935168364e-07,-0.0003015237854496328,-2.2291821677152886e-09,0.0007782836741368716
-1.437789817820654e-09,-0.006780578778970115,4.2408896231972325e-07,-0.000301290116009968,1.518112321876076e-09,0.0007776898715894727
-4.776789897032164e-09,-0.006775398280120286,-5.900562014903907e-07,-0.00030105673743773025,5.3005779330523606e-09,0.0007770964908752193
-1.2758822313050517e-09,-0.006770221739278883,3.7690858793921715e-07,-0.00030082364497574445,8.667795731836795e-09,0.0007765035329035359
-1.2302857781696835e-09,-0.0067650491534174476,3.637168210124241e-07,-0.00030059083316866686,1.2083470137386771e-08,0.000775910998539121
-1.1856169611549571e-09,-0.006759880519516134,3.50779112964287e-07,-0.0003003582976400178,1.539868840727276e-08,0.0007753188885964112
-1.1418572020492452e-09,-0.006754715834555129,3.380905691621924e-07,-0.00030012603388214785,1.8618189412280045e-08,0.0007747272038467646
-1.0989882952294596e-09,-0.006749555095517673,3.256463892785148e-07,-0.00029989403755397863,2.174653600406445e-08,0.0007741359450176061
-1.0569923987055091e-09,-0.006744398299388789,3.134418654610785e-07,-0.0002996623044743301,2.478812147816978e-08,0.0007735451127955646
-1.0158520282944037e-09,-0.006739245443156103,3.01472380561939e-07,-0.00029943083061658853,2.7747176026430197e-08,0.0007729547078271768
-9.75550049011761e-10,-0.006734096523809439,2.897334063818986e-07,-0.00029919961210092766,3.0627774049366856e-08,0.0007723647307209111
-4.318085677659334e-09,-0.006728951538339777,-7.269890697955218e-07,-0.00029896864517310633,3.3584538272736004e-08,0.0007717751820481134
-8.323365640225179e-10,-0.006723810483744824,2.4757789655960353e-07,-0.0002987379266105692,3.616636851341019e-08,0.0007711860623441346
-7.957505082720007e-10,-0.006718673357018046,2.3687638098093336e-07,-0.0002985074522183079,3.8834620225762604e-08,0.0007705973721134887
-7.599116458012322e-10,-0.006713540155159412,2.2638094776460125e-07,-0.0002982772190167861,4.143926662366821e-08,0.0007700091118244898
-7.248050103256402e-10,-0.00670841087517083,2.1608762658431733e-07,-0.0002980472237835443,4.39836876681398e-08,0.0007694212819154109
-6.904159349752221e-10,-0.006703285514055429,2.0599252360086495e-07,-0.00029781746341079555,4.647114003594622e-08,0.0007688338827943886
-6.567300469032999e-10,-0.006698164068819445,1.9609181999843245e-07,-0.0002975879349040894,4.8904762182130954e-08,0.0007682469148403314
-6.237332603239091e-10,-0.00669304653647051,1.863817705286659e-07,-0.0002973586353748673,5.128757920759389e-08,0.0007676603784046157
-5.914117719065766e-10,-0.006687932914019632,1.7685870210195774e-07,-0.0002971295620390172,5.362250685541641e-08,0.0007670742738115786
-5.597520542219909e-10,-0.006682823198479254,1.675190123898482e-07,-0.0002969007122102071,5.591235625008528e-08,0.0007664886013599648
-5.28740851126495e-10,-0.006677717386864704,1.5835916847115178e-07,-0.00029667208329855056,5.8159837545583136e-08,0.0007659033613235323
-4.983651710003843e-10,-0.006672615476193155,1.4937570548297733e-07,-0.00029644367280393937,6.03675643267851e-08,0.000765318553952638
-4.686122833097358e-10,-0.0066675174634840744,1.4056522531948985e-07,-0.0002962154783158206,6.253805717537694e-08,0.000764734179474514
-3.774249293119328e-09,-0.006662423345758456,-8.691429561495092e-07,-0.0002959874974749445,6.482232382461383e-08,0.0007641502380943123
-3.467760278576375e-10,-0.006657333120043254,1.0417827701908014e-07,-0.00029575972852296395,6.677426329042842e-08,0.0007635667299952516
-3.20099654533202e-10,-0.006652246783362378,9.6237702685046e-08,-0.0002955321683904698,6.884734862363219e-08,0.0007629836553436152
-2.939719886658189e-10,-0.0066471643327450924,8.84500191612071e-08,-0.00029530481543213564,7.089242102689252e-08,0.0007624010142823233
-2.6838203678678666e-10,-0.0066420857652227175,8.081228089486628e-08,-0.0002950776676269559,7.291158767034134e-08,0.0007618188069373149
-2.4331902583074927e-10,-0.0066370110778282395,7.332159908238056e-08,-0.0002948507230230356,7.490688227422459e-08,0.0007612370334159376
-2.1877239761713616e-10,-0.006631940267596907,6.597514057296483e-08,-0.000294623979735586,7.688026821060621e-08,0.0007606556938084934
-1.9473180572454568e-10,-0.0066268733315672105,5.877012679824587e-08,-0.0002943974359432593,7.883364101657102e-08,0.0007600747881885869
-1.7118711083455783e-10,-0.006621810266778327,5.170383272347339e-08,-0.0002941710898862601,8.076883124939004e-08,0.0007594943166136728
-1.4812837630959634e-10,-0.006616751070273534,4.477358581154631e-08,-0.0002939449398637869,8.268760679850286e-08,0.0007589142791261858
-1.2554586526544488e-10,-0.006611695739096482,3.7976765015687326e-08,-0.0002937189842319249,8.459167554878654e-08,0.0007583346757530868
-1.0343003429223923e-10,-0.006606644270294262,3.1310799782856676e-08,-0.0002934932214006411,8.648268768972756e-08,0.0007577555065078249
-8.177153211226268e-11,-0.0066015966609161685,2.4773169086739787e-08,-0.0002932676498335652,8.836223775398052e-08,0.000757176771389419
-6.056119444935807e-11,-0.006596552908013525,1.8361400467943037e-08,-0.00029304226804465215,9.023186674678606e-08,0.0007565984703844722
-3.979004017919877e-11,-0.006591513008639593,1.2073069102540567e-08,-0.00029281707459507584,9.20930642305076e-08,0.0007560206034664393
-1.9449267898350765e-11,-0.006586476959850384,5.905796881209354e-09,-0.0002925920680937811,9.39472707626202e-08,0.0007554431705965721
4.69747424277283e-13,-0.006581444758703635,-1.4274848817178567e-10,-0.00029236724719392736,9.579587909944764e-08,0.0007548661717248227
1.9975457851675253e-11,-0.006576416402260259,-6.074854367711023e-09,-0.0002921426105923348,9.764023672176137e-08,0.0007542896067894803
3.907614712823687e-11,-0.006571391887582621,-1.1892764046052134e-08,-0.0002919181570275942,9.94816466755348e-08,0.0007537134757180246
5.777993249473022e-11,-0.0065663712117354864,-1.7598677597933045e-08,-0.0002916938852768453,1.013213701678035e-07,0.0007531377784276979
7.609476910604948e-11,-0.0065613543717857985,-2.3194752709609115e-08,-0.0002914697941574412,1.0316062750977417e-07,0.0007525625148256493
9.402845237077561e-11,-0.006556341364803204,-2.8683105496304857e-08,-0.0002912458825219515,1.050006003457984e-07,0.0007519876848091934
1.1158862229881458e-10,-0.006551332187858669,-3.406581131058797e-08,-0.0002910221492599355,1.0684243245293736e-07,0.0007514132882668176
1.2878276529414923e-10,-0.006546326838026411,-3.9344905518526954e-08,-0.00029079859329383587,1.086872316416463e-07,0.000750839325077555
1.4561821877060314e-10,-0.006541325312381924,-4.4522384270044854e-08,-0.0002905752135803082,1.1053607067287353e-07,0.0007502657951119622
1.6210217274840913e-10,-0.006536327608004025,-4.960020526683655e-08,-0.00029035200910710983,1.1238998903167907e-07,0.0007496926982326057
1.7824167302981417e-10,-0.006531333721973238,-5.4580288484473936e-08,-0.00029012897889265835,1.142499941826125e-07,0.0007491200342934513
1.9404362518271127e-10,-0.00652634365137204,-5.9464516911222416e-08,-0.0002899061219838064,1.1611706234240228e-07,0.0007485478031412715
2.0951479533001696e-10,-0.0065213573932852405,-6.425473726006106e-08,-0.0002896834374582842,1.1799213987281233e-07,0.0007479760046154582
2.2466181578551842e-10,-0.006516374944799889,-6.895276066782669e-08,-0.00028946092441803936,1.1987614461842521e-07,0.0007474046385479742
2.3949118535280015e-10,-0.00651139630300589,-7.35603633754183e-08,-0.0002892385819941184,1.217699667647757e-07,0.0007468337047638388
2.5400927200699027e-10,-0.0065064214649943235,-7.807928740055218e-08,-0.00028901640934067107,1.2367446985911688e-07,0.000746263203081803
2.682223170333262e-10,-0.006501450427859301,-8.251124120494567e-08,-0.0002887944056379481,1.2559049181037213e-07,0.0007456931333139706
2.821364369515174e-10,-0.00649648318869681,-8.685790033289609e-08,-0.0002885725700890808,1.275188460400111e-07,0.0007451234952660916
2.957576256359568e-10,-0.006491519744605263,-9.112090804746702e-08,-0.0002883509019201892,1.2946032196896177e-07,0.000744554288738368
3.090917563499372e-10,-0.00648656009268525,-9.530187595676441e-08,-0.0002881294003793857,1.3141568610213641e-07,0.0007439855135246732
3.221445858261684e-10,-0.006481604230039074,-9.940238461799283e-08,-0.00028790806473599437,1.3338568310342118e-07,0.0007434171694136305
3.349217557766735e-10,-0.00647665215377167,-1.0342398413588129e-07,-0.00028768689428010596,1.3537103636152446e-07,0.0007428492561886687
3.47428792765104e-10,-0.006471703860990522,-1.073681947495907e-07,-0.0002874658883216917,1.3737244876442755e-07,0.0007422817736275456
3.596711158536062e-10,-0.006466759348804857,-1.1123650741718422e-07,-0.0002872450461891567,1.3939060343220547e-07,0.0007417147215033426
3.716540324288625e-10,-0.006461818614325927,-1.1503038436438208e-07,-0.0002870243672312299,1.4142616444421094e-07,0.0007411480995837496
3.833827470715048e-10,-0.006456881654667714,-1.1875125965542024e-07,-0.0002868038508127401,1.434797774964386e-07,0.0007405819076324108
3.94862357106828e-10,-0.006451948466946527,-1.224005397144719e-07,-0.0002865834963173961,1.4555207080478786e-07,0.0007400161454075722
4.0609785940858117e-10,-0.006447019048279903,-1.2597960387986395e-07,-0.0002863633031453398,1.476436552524205e-07,0.0007394508126636022
4.1709415123418706e-10,-0.006442093395788687,-1.2948980491100334e-07,-0.0002861432707127035,1.497551254543583e-07,0.0007388859091502944
4.278560298266221e-10,-0.006437171506595116,-1.3293246950263337e-07,-0.00028592339845260895,1.5188706010867427e-07,0.000738321434613121
4.383881990522337e-10,-0.006432253377823976,-1.3630889879788239e-07,-0.0002857036858130557,1.5404002231212536e-07,0.0007377573887937534
4.486952663461485e-10,-0.006427339006602623,-1.3962036886686486e-07,-0.00028548413225714574,1.5621456055406372e-07,0.0007371937714292852
4.587817478341544e-10,-0.006422428390059868,-1.4286813119742078e-07,-0.00028526473726274735,1.5841120897309243e-07,0.0007366305822532296
4.686520697973508e-10,-0.006417521525327055,-1.4605341316342093e-07,-0.0002850455003227172,1.6063048809640955e-07,0.0007360678209954658
4.783105691771672e-10,-0.00641261840953789,-1.4917741850063651e-07,-0.0002848264209433477,1.628729048154401e-07,0.0007355054873816777
4.87761496250929e-10,-0.00640771903982765,-1.5224132774301663e-07,-0.00028460749864425353,1.6513895309699676e-07,0.0007349435811341301
4.970090160358426e-10,-0.006402823413335071,-1.5524629868661728e-07,-0.0002843887329595941,1.674291145968584e-07,0.0007343821019711743
5.060572108126594e-10,-0.006397931527199328,-1.5819346682217135e-07,-0.0002841701234352966,1.6974385887133245e-07,0.0007338210496080984
5.149100801638608e-10,-0.006393043378563582,-1.6108394576090195e-07,-0.000283951669631832,1.7208364374494152e-07,0.0007332604237562198
5.235715447158061e-10,-0.006388158964571875,-1.6391882766533631e-07,-0.00028373337112010724,1.7444891568765307e-07,0.0007327002241236227
5.320454461209385e-10,-0.006383278282370836,-1.6669918365052051e-07,-0.000283515227486128,1.7684011041242144e-07,0.0007321404504148103
5.403355488476612e-10,-0.006378401329109391,-1.6942606419358506e-07,-0.0002832972383265561,1.7925765275108498e-07,0.0007315811023312465
5.484455419984655e-10,-0.0063735281019385555,-1.721004995440719e-07,-0.0002830794032502667,1.8170195742711543e-07,0.0007310221795705837
5.563790410160586e-10,-0.006368658598011552,-1.747235000990447e-07,-0.000282861721878679,1.8417342895060222e-07,0.000730463681827274
5.64139589740544e-10,-0.006363792814483602,-1.7729605678322116e-07,-0.00028264419384497834,1.866724625506014e-07,0.0007299056087928164
5.717306600908093e-10,-0.00635893074851215,-1.7981914143600847e-07,-0.0002824268187934534,1.8919944402241352e-07,0.0007293479601547824
5.791556549971973e-10,-0.006354072397257573,-1.8229370717662493e-07,-0.0002822095963809355,1.9175474978823653e-07,0.0007287907355979048
5.864179086198603e-10,-0.006349217757880908,-1.8472068875102926e-07,-0.00028199252627591326,1.9433874758926056e-07,0.0007282339348034066
5.935206888729258e-10,-0.0063443668275464105,-1.8710100290851982e-07,-0.00028177560815797646,1.9695179652984008e-07,0.0007276775574490831
6.004671985851861e-10,-0.006339519603420569,-1.894355487225306e-07,-0.0002815588417192588,1.9959424752239452e-07,0.0007271216032095843
6.072605751962176e-10,-0.006334676082671629,-1.917252079579411e-07,-0.0002813422266622191,2.0226644328994847e-07,0.0007265660717558522
6.139038950350391e-10,-0.006329836262470215,-1.93970845396922e-07,-0.0002811257627021929,2.049687185794473e-07,0.000726010962755739
6.204001725261018e-10,-0.006325000139989206,-1.9617330914385126e-07,-0.000280909449566284,2.0770140036640148e-07,0.000725456275873421
6.267523594675326e-10,-0.00632016771240294,-1.9833343096696099e-07,-0.0002806932869934745,2.1046480830845853e-07,0.0007249020107698156
6.329633519043052e-10,-0.0063153389768889935,-2.0045202662532294e-07,-0.0002804772747335164,2.132592548624436e-07,0.0007243481671016604
6.390359861348806e-10,-0.006310513930626192,-2.0252989614325664e-07,-0.0002802614125498158,2.1608504506920412e-07,0.0007237947445227174
6.449730418374137e-10,-0.0063056925707962,-2.0456782414102763e-07,-0.00028004570021743745,2.189424771407591e-07,0.0007232417426824599
6.507772427254873e-10,-0.006300874894582056,-2.0656658012218263e-07,-0.00027983013752432294,2.2183184240994275e-07,0.000722689161227272
6.564512583501146e-10,-0.006296060899169478,-2.0852691876522173e-07,-0.00027961472427073954,2.247534259227637e-07,0.0007221369997990013
6.619977055833131e-10,-0.00629125058174668,-2.1044958020839405e-07,-0.00027939946027016763,2.2770750567594555e-07,0.0007215852580353239
6.674191479240717e-10,-0.006286443939503556,-2.1233529032837074e-07,-0.00027918434534896424,2.3069435388062508e-07,0.0007210339355707139
6.727180967268971e-10,-0.006281640969631691,-2.141847610249629e-07,-0.0002789693793473694,2.3371423597784896e-07,0.0007204830320342535
6.778970158942252e-10,-0.006276841669325466,-2.1599869047820885e-07,-0.00027875456212038776,2.3676741185023516e-07,0.0007199325470516347
6.829583181908898e-10,-0.006272046035781742,-2.177777634140336e-07,-0.000278539893535796,2.398541348548188e-07,0.0007193824802433486
6.879043663925476e-10,-0.006267254066198682,-2.1952265135999838e-07,-0.0002783253734768042,2.4297465300001795e-07,0.0007188328312255809
6.927374797688273e-10,-0.006262465757776679,-2.2123401292653427e-07,-0.000278111001841503,2.461292081823112e-07,0.0007182835996096837
6.974599269500554e-10,-0.00625768110771888,-2.2291249402103598e-07,-0.00027789677854430793,2.493180364967128e-07,0.0007177347850015963
7.020739355651825e-10,-0.006252900113230387,-2.2455872811106877e-07,-0.0002776827035142925,2.52541368999143e-07,0.0007171863870024234
7.065816856550642e-10,-0.006248122771517734,-2.261733364620993e-07,-0.0002774687766991877,2.5579943064126487e-07,0.0007166384052076965
7.10985313756096e-10,-0.006243349079790792,-2.277569283611893e-07,-0.000277254998062273,2.5909244126357695e-07,0.0007160908392071996
7.152869147538847e-10,-0.00623857903526025,-2.2931010137016155e-07,-0.000277041367585041,2.624206154262358e-07,0.0007155436885852251
7.194885427282323e-10,-0.006233812635140123,-2.308334415288881e-07,-0.0002768278852687547,2.65784162049066e-07,0.0007149969529193308
7.235922056515857e-10,-0.006229049876645643,-2.3232752357870403e-07,-0.00027661455113189273,2.6918328532225086e-07,0.0007144506317809138
7.27599877918438e-10,-0.006224290756994554,-2.3379291121099887e-07,-0.0002764013652147009,2.726181838762295e-07,0.0007139047247352798
7.315134884487187e-10,-0.006219535273406889,-2.352301572404146e-07,-0.00027618832757797686,2.760890513064168e-07,0.0007133592313395866
7.353349319430371e-10,-0.0062147834231043265,-2.3663980384169882e-07,-0.00027597543830328665,2.795960761358711e-07,0.0007128141511448687
7.390660620679664e-10,-0.006210035203311056,-2.3802238273835727e-07,-0.00027576269749685734,2.831394417406665e-07,0.0007122694836934691
7.427087003081549e-10,-0.006205290611253576,-2.3937841541221063e-07,-0.00027555010528635364,2.8671932693012604e-07,0.0007117252285204725
7.462646233472518e-10,-0.006200549644160136,-2.407084132778281e-07,-0.0002753376618257675,2.9033590492069735e-07,0.0007111813851521091
7.49735581295853e-10,-0.006195812299261166,-2.4201287793493606e-07,-0.000275125367294529,2.9398934423450573e-07,0.0007106379531060303
7.53123282126868e-10,-0.006191078573789218,-2.432923012894698e-07,-0.00027491322189961864,2.9767980871146897e-07,0.0007100949318904261
7.564294039327861e-10,-0.006186348464978945,-2.445471657829972e-07,-0.0002747012258745669,3.014074568266506e-07,0.0007095523210041885
7.596555904886564e-10,-0.006181621970066884,-2.4577794456411365e-07,-0.0002744893794850105,3.0517244239973077e-07,0.0007090101199355131
7.628034505628705e-10,-0.006176899086292425,-2.469851016535954e-07,-0.000274277683026137,3.0897491411966366e-07,0.000708468328162251
7.65874561761203e-10,-0.006172179810896176,-2.481690921528659e-07,-0.00027406613682624115,3.128150159557741e-07,0.000707926945150809
7.688704720573817e-10,-0.006167464141121744,-2.493303623758154e-07,-0.0002738547412479471,3.166928867665545e-07,0.0007073859703557107
7.717926959581367e-10,-0.006162752074213718,-2.5046935005535695e-07,-0.0002736434966897637,3.206086604340708e-07,0.0007068454032194037
7.746427193940711e-10,-0.006158043607420024,-2.5158648446772317e-07,-0.00027343240358764236,3.245624658890957e-07,0.0007063052431708514
7.774219967433674e-10,-0.006153338737989852,-2.5268218664526753e-07,-0.00027322146241775397,3.285544272689327e-07,0.0007057654896252614
7.801319545339438e-10,-0.0061486374631746195,-2.5375686948952664e-07,-0.00027301067369737855,3.3258466322003836e-07,0.0007052261419834227
7.827739916248171e-10,-0.006143939780228052,-2.5481093795967705e-07,-0.0002728000379877938,3.3665328775407743e-07,0.0007046871996310474
7.85349475689115e-10,-0.006139245686406246,-2.5584478919971756e-07,-0.0002725895558966111,3.4076040952365286e-07,0.0007041486619372515
7.878597507543864e-10,-0.006134555178966477,-2.5685881271457385e-07,-0.00027237922807921784,3.449061317598284e-07,0.0007036105282549187
7.903061303593836e-10,-0.006129868255168889,-2.5785339049655746e-07,-0.000272169055243225,3.490905529087487e-07,0.0007030727979182716
7.926899059658428e-10,-0.006125184912275635,-2.5882889718493526e-07,-0.0002719590381486886,3.533137658353774e-07,0.0007025354702431495
7.950123399670146e-10,-0.006120505147550664,-2.597857001982634e-07,-0.0002717491776129981,3.57575858052455e-07,0.0007019985445257451
7.972746686979783e-10,-0.006115828958260515,-2.6072415988148296e-07,-0.00027153947451232603,3.618769117586402e-07,0.000701462020040611
7.994781071178626e-10,-0.006111156341673176,-2.616446296249348e-07,-0.00027132992978695533,3.662170031844993e-07,0.0007009258960409519
8.016238427207299e-10,-0.00610648729505892,-2.6254745601669286e-07,-0.000271120544442064,3.70596203086875e-07,0.0007003901717563508
8.037130433630856e-10,-0.006101821815690277,-2.6343297899373024e-07,-0.0002709113195530563,3.7501457668294546e-07,0.0006998548463917296
8.057468471167731e-10,-0.006097159900842071,-2.643015318821343e-07,-0.0002707022562692303,3.794721830846904e-07,0.0006993199191261386
8.077263746751963e-10,-0.0060925015477905865,-2.651534416586916e-07,-0.00027049335581666857,3.839690755885545e-07,0.000698785389111348
8.096527240183915e-10,-0.0060878467538149385,-2.6598902895114884e-07,-0.00027028461950346115,3.885053009191022e-07,0.0006982512554701991
8.115269677341723e-10,-0.006083195516195511,-2.6680860822786253e-07,-0.00027007604872437225,3.9308090015706305e-07,0.0006977175172951174
8.133501585429852e-10,-0.006078547832215256,-2.6761248788063995e-07,-0.0002698676449648434,3.9769590732031546e-07,0.0006971841736459865
8.151233294487907e-10,-0.006073903699159681,-2.6840097038799447e-07,-0.0002696594098064363,4.0235035021734346e-07,0.0006966512235491381
8.168474904700369e-10,-0.00606926311431527,-2.6917435239433717e-07,-0.000269451344932725,4.0704424970996383e-07,0.0006961186659946752
8.185236360066203e-10,-0.006064626074970912,-2.699329248198141e-07,-0.0002692434521336299,4.1177761964912443e-07,0.0006955864999349577
8.201527338493271e-10,-0.006059992578418302,-2.706769729672926e-07,-0.0002690357333123082,4.1655046679508516e-07,0.0006950547242819576
8.217357365619701e-10,-0.006055362621950399,-2.7140677667096944e-07,-0.00026882819049159806,4.21362790678619e-07,0.0006945233379058349
8.232735766334019e-10,-0.006050736202862359,-2.721226103609124e-07,-0.0002686208258204675,4.2621458307884665e-07,0.0006939923396313731
8.247671691383786e-10,-0.0060461133184520136,-2.7282474318677937e-07,-0.0002684136415810128,4.3110582769535317e-07,0.0006934617282365857
8.26217409001523e-10,-0.006041493966018371,-2.7351343907950765e-07,-0.00026820664019635236,4.360365003788933e-07,0.0006929315024489902
8.276251746931726e-10,-0.0060368781428631465,-2.7418895694355883e-07,-0.0002679998242384018,4.410065686092107e-07,0.0006924016609439095
8.28991324533494e-10,-0.006032265846289995,-2.748515506509296e-07,-0.00026779319643588026,4.460159908115527e-07,0.0006918722023403583
8.303167045931813e-10,-0.006027657073604217,-2.7550146919735516e-07,-0.0002675867596839771,4.5106471687359487e-07,0.0006913431251983236
8.316021380781251e-10,-0.00602305182211404,-2.7613895677413603e-07,-0.00026738051705346396,4.5615268700224143e-07,0.0006908144280155697
8.328484358846119e-10,-0.006018450089128481,-2.767642528785277e-07,-0.00026717447180236396,4.61279831787794e-07,0.0006902861092237582
8.340563893397002e-10,-0.006013851871959738,-2.7737759239202327e-07,-0.00026696862738273444,4.664460716193329e-07,0.0006897581671846641
8.352267792747712e-10,-0.006009257167921412,-2.77979205677732e-07,-0.0002667629874558874,4.7165131654419053e-07,0.0006892306001863601
8.363603684548631e-10,-0.006004665974329854,-2.785693186294921e-07,-0.00026655755590217277,4.768954658273175e-07,0.0006887034064387211
8.374578971192232e-10,-0.006000078288502602,-2.791481528142944e-07,-0.0002663523368352018,4.821784070717536e-07,0.000688176584068939
8.385201041415166e-10,-0.005995494107759817,-2.797159255422827e-07,-0.00026614733461318416,4.875000160278004e-07,0.000687650131116919
8.39547701627433e-10,-0.005990913429423546,-2.802728499028352e-07,-0.00026594255385515154,4.928601562512646e-07,0.0006871240455302194
8.405413937962564e-10,-0.005986336250817605,-2.808191349121303e-07,-0.0002657379994549627,4.982586784459778e-07,0.0006865983251583437
8.415018691929044e-10,-0.005981762569268629,-2.813549855291104e-07,-0.00026553367659786,5.036954196137743e-07,0.0006860729677474867
8.424298039293909e-10,-0.005977192382104426,-2.818806028021157e-07,-0.0002653295907765872,5.09170202508029e-07,0.0006855479709340013
8.433258585384068e-10,-0.005972625686655401,-2.8239618387770863e-07,-0.00026512574781016726,5.146828356856918e-07,0.0006850233322385945
8.44190679626239e-10,-0.005968062480253502,-2.829019220932519e-07,-0.0002649221538616859,5.20233111685812e-07,0.0006844990490594928
8.450249028435404e-10,-0.005963502760233563,-2.8339800709218316e-07,-0.00026471881546140597,5.258208068959443e-07,0.0006839751186645427
8.458291513887433e-10,-0.005958946523931235,-2.8388462487159274e-07,-0.00026451573952366165,5.314456811045782e-07,0.0006834515381847609
8.466040354924502e-10,-0.005954393768685673,-2.8436195781279364e-07,-0.00026431293337297304,5.371074761584525e-07,0.0006829283046053048
8.473501532385332e-10,-0.005949844491836842,-2.848301847963366e-07,-0.0002641104047663837,5.428059148384338e-07,0.0006824054147578177
8.48068086990585e-10,-0.00594529869072717,-2.8528948122991963e-07,-0.00026390816191946734,5.485407007294019e-07,0.0006818828653106204
8.487584155670361e-10,-0.005940756362701006,-2.8574001918982917e-07,-0.0002637062135329979,5.543115167353046e-07,0.0006813606527598486
8.49421697321993e-10,-0.00593621750510504,-2.861819674289947e-07,-0.000263504568820734,5.601180239238205e-07,0.0006808387734190094
8.500584840566304e-10,-0.005931682115287801,-2.866154914187427e-07,-0.00026330323754120193,5.659598607040915e-07,0.0006803172234081356
8.506693188192193e-10,-0.005927150190599643,-2.8704075346502023e-07,-0.00026310223002803436,5.718366414562698e-07,0.0006797959986431542
8.512547271659644e-10,-0.0059226217283937736,-2.8745791273586443e-07,-0.00026290155722364576,5.777479550968864e-07,0.0006792750948230754
8.51815232663752e-10,-0.005918096726023602,-2.8786712534719457e-07,-0.0002627012307163484,5.836933643467864e-07,0.0006787545074177424
8.523513391030748e-10,-0.005913575180846756,-2.8826854438093235e-07,-0.0002625012627779133,5.896724036910766e-07,0.000678234231654697
8.528635459644556e-10,-0.005909057090221777,-2.8866231999537604e-07,-0.0002623016664026925,5.956845781405169e-07,0.0006777142625043831
8.533523428591294e-10,-0.005904542451508879,-2.8904859945642276e-07,-0.000262102455349737,6.017293615540284e-07,0.0006771945946654958
8.538182055677197e-10,-0.005900031262071374,-2.894275271731795e-07,-0.0002619036441902479,6.078061950774277e-07,0.0006766752225486275
8.542616061368838e-10,-0.005895523519272905,-2.8979924478916876e-07,-0.0002617052483519179,6.139144851727633e-07,0.0006761561402609284
8.546830018715423e-10,-0.005891019220480888,-2.901638912192561e-07,-0.00026150728417161,6.200536016615303e-07,0.0006756373415862976
8.550828434576293e-10,-0.005886518363064024,-2.9052160267785164e-07,-0.00026130976894569877,6.262228759882017e-07,0.0006751188199681167
8.554615728923458e-10,-0.005882020944392892,-2.908725127961789e-07,-0.00026111272098896886,6.324215988245482e-07,0.000674600568488791
8.558196213229449e-10,-0.005877526961840501,-2.9121675259362055e-07,-0.00026091615969229284,6.386490177364285e-07,0.0006740825798489797
8.561574133177238e-10,-0.005873036412781336,-2.9155445057178253e-07,-0.00026072010558541897,6.449043350379146e-07,0.0006735648463458419
8.564753634829475e-10,-0.005868549294591843,-2.918857327820338e-07,-0.0002605245804033174,6.51186704894281e-07,0.0006730473598492094
8.567738804233875e-10,-0.005864065604651208,-2.9221072282794635e-07,-0.00026032960715519234,6.574952310685896e-07,0.000672530111776991
8.570533614221229e-10,-0.005859585340340245,-2.925295419121677e-07,-0.00026013521020004865,6.638289632839517e-07,0.0006720130930695109
8.573141949554734e-10,-0.005855108499041297,-2.9284230893717914e-07,-0.0002599414153213736,6.701868949267313e-07,0.0006714962941621235
8.575567693008337e-10,-0.005850635078139173,-2.931491405268333e-07,-0.00025974824981114987,6.765679594521819e-07,0.0006709797049561895
8.577814544145273e-10,-0.005846165075021244,-2.934501510031116e-07,-0.0002595557425556471,6.82971026963556e-07,0.0006704633147889453
8.579886211706384e-10,-0.005841698487075607,-2.937454525230806e-07,-0.0002593639241242174,6.893949008345709e-07,0.0006699471124014093
8.581786322299607e-10,-0.005837235311693116,-2.940351550852896e-07,-0.0002591728268684182,6.958383132737016e-07,0.0006694310859049305
8.583518362431383e-10,-0.005832775546266441,-2.9431936654757433e-07,-0.0002589824850181433,7.022999219830821e-07,0.0006689152227460043
8.58508579559717e-10,-0.005828319188190604,-2.945981926744673e-07,-0.00025879293479063865,7.087783055649382e-07,0.0006683995096686016
8.586492042393763e-10,-0.005823866234862105,-2.9487173725760585e-07,-0.00025860421449896346,7.152719586018776e-07,0.0006678839326762137
8.587740404876115e-10,-0.005819416683679862,-2.951401020385344e-07,-0.0002584163646688998,7.217792872680273e-07,0.0006673684769902049
8.588834153859158e-10,-0.0058149705320444675,-2.9540338681983256e-07,-0.00025822942815985876,7.282986043902456e-07,0.0006668531270078117
8.589776464689545e-10,-0.005810527777358185,-2.956616894680437e-07,-0.00025804345029356725,7.348281236575907e-07,0.0006663378662570835
8.590570475998054e-10,-0.005806088417026092,-2.9591510595055276e-07,-0.0002578584789857553,7.413659545645787e-07,0.0006658226773503025
8.591219254735598e-10,-0.005801652448454769,-2.9616373042078204e-07,-0.00025767456488573405,7.479100954722536e-07,0.0006653075419348458
8.591725813881544e-10,-0.005797219869052988,-2.964076552148511e-07,-0.00025749176152174756,7.54458428417874e-07,0.0006647924406433384
8.592093032940533e-10,-0.005792790676231225,-2.966469708350745e-07,-0.0002573101254512205,7.610087117561899e-07,0.0006642773530397953
8.592323895465824e-10,-0.005788364867402269,-2.968817661336379e-07,-0.0002571297164190006,7.675585734841867e-07,0.0006637622575652563
8.592421211315847e-10,-0.005783942439980247,-2.971121281688533e-07,-0.00025695059751816254,7.741055037088985e-07,0.000663247131480681
8.592387675235706e-10,-0.005779523391381706,-2.973381423388919e-07,-0.0002567728353620289,7.806468473858138e-07,0.0006627319508075108
8.592226042277476e-10,-0.005775107719025485,-2.975598924274515e-07,-0.0002565965002558641,7.871797957284965e-07,0.0006622166902667886
8.591938990939687e-10,-0.005770695420332059,-2.977774606017107e-07,-0.0002564216663774515,7.937013780831083e-07,0.0006617013232170499
8.591529095308694e-10,-0.0057662864927237574,-2.979909273962589e-07,-0.0002562484119650082,8.002084527794494e-07,0.0006611858215883769
8.590998955916573e-10,-0.005761880933624963,-2.982003718768505e-07,-0.0002560768195039875,8.066976979091199e-07,0.0006606701558171665
8.590351040844531e-10,-0.005757478740462003,-2.984058714757196e-07,-0.00025590697592354887,8.131656018920802e-07,0.000660154294777373
8.58958780505392e-10,-0.005753079910663252,-2.986075022394267e-07,-0.00025573897279347076,8.196084528774302e-07,0.0006596382057120821
8.58871165358801e-10,-0.005748684441659382,-2.988053386869821e-07,-0.00025557290652750776,8.260223286473039e-07,0.0006591218541628796
8.587724971208672e-10,-0.005744292330882485,-2.9899945394049355e-07,-0.0002554088785847475,8.324030851954017e-07,0.0006586052038996844
8.586630019898922e-10,-0.005739903575766351,-2.9918991966687284e-07,-0.0002552469956757455,8.387463456039154e-07,0.0006580882168488439
8.585429081454456e-10,-0.005735518173747691,-2.993768061731362e-07,-0.0002550873699661026,8.450474878761377e-07,0.0006575708530221364
8.584124406033935e-10,-0.0057311361222647855,-2.9956018247440414e-07,-0.00025493011928092823,8.513016332027491e-07,0.000657053070446437
8.582718135716118e-10,-0.005726757418757272,-2.9974011612489e-07,-0.0002547753673040837,8.575036328923994e-07,0.0006565348250938967
8.581212375963439e-10,-0.005722382060667731,-2.999166734783385e-07,-0.0002546232437741989,8.636480554687713e-07,0.0006560160708136894
8.579609254315465e-10,-0.005718010045439976,-3.00089919596603e-07,-0.00025447388467257463,8.697291735525868e-07,0.000655496759267453
8.577910791447531e-10,-0.005713641370519844,-3.002599182688555e-07,-0.00025432743240464073,8.757409496264279e-07,0.0006549768398658775
8.576119002145054e-10,-0.00570927603335529,-3.0042673204337227e-07,-0.00025418403596485356,8.816770227606073e-07,0.0006544562597113187
8.574235836121066e-10,-0.005704914031396493,-3.005904222997338e-07,-0.00025404385109192303,8.875306941039042e-07,0.0006539349635442989
8.572263265711434e-10,-0.0057005553620950505,-3.007510492165657e-07,-0.0002539070404037026,8.932949124090169e-07,0.0006534128936968292
8.570203082489633e-10,-0.005696200022904708,-3.009086717633791e-07,-0.00025377377350929877,8.989622597835197e-07,0.0006528899900527439
8.568057244073153e-10,-0.005691848011281688,-3.0106334790071005e-07,-0.0002536442270990607,9.045249370522364e-07,0.0006523661900169927
8.5658274413873e-10,-0.005687499324683069,-3.012151343382282e-07,-0.00025351858500156753,9.099747496643546e-07,0.000651841428495131
8.56351554979076e-10,-0.005683153960568448,-3.0136408679886673e-07,-0.00025339703820927194,9.153030932882559e-07,0.0006513156378849387
8.561123295314173e-10,-0.00567881191639973,-3.01510259845169e-07,-0.00025327978486247473,9.205009394618973e-07,0.0006507887480803507
8.558652323157408e-10,-0.005674473189640257,-3.016537070219217e-07,-0.00025316703019006393,9.255588227974811e-07,0.0006502606864927262
8.556104344017775e-10,-0.005670137777755379,-3.017944808706463e-07,-0.00025305898639902926,9.304668272043001e-07,0.0006497313780867932
8.553480999143341e-10,-0.005665805678212936,-3.019326328844614e-07,-0.00025295587250785044,9.352145741793793e-07,0.0006492007454382811
8.550783904066309e-10,-0.0056614768884813045,-3.0206821358476575e-07,-0.00025285791411787866,9.397912112438346e-07,0.0006486687088114744
8.548014565234649e-10,-0.005657151406032724,-3.022012724733182e-07,-0.000252765343114263,9.441854013645766e-07,0.0006481351862605511
8.545174561494953e-10,-0.005652829228339657,-3.0233185818462226e-07,-0.0002526783972921968,9.483853143119605e-07,0.0006476000937573038
8.542265434951978e-10,-0.005648510352877559,-3.024600183650715e-07,-0.00025259731989904483,9.523786188293251e-07,0.0006470633453461358
8.539288641664583e-10,-0.005644194777123457,-3.0258579968705354e-07,-0.0002525223590891186,9.56152477005628e-07,0.0006465248533303451
8.536245591499553e-10,-0.005639882498556351,-3.0270924801574567e-07,-0.0002524537672795562,9.596935404799496e-07,0.000645984528490084
8.533137730162395e-10,-0.005635573514656796,-3.0283040830570315e-07,-0.00025239180040551815,9.629879488317957e-07,0.0006454422803356281
8.529966435742322e-10,-0.005631267822907518,-3.0294932465982276e-07,-0.0002523367170665901,9.660213308302206e-07,0.000644898017397816
8.526733136280002e-10,-0.005626965420793759,-3.0306604030714e-07,-0.0002522887775578449,9.687788081046523e-07,0.0006443516475551214
8.523439103299884e-10,-0.005622666305802066,-3.0318059761443483e-07,-0.000252248242783217,9.712450023545639e-07,0.0006438030784031757
8.520085670942227e-10,-0.0056183704754206,-3.0329303818860747e-07,-0.00025221537304453447,9.734040456781935e-07,0.0006432522176638699
8.516674102741101e-10,-0.005614077927140091,-3.034034027939775e-07,-0.00025219042670864613,9.752395947974888e-07,0.0006426989736370677
8.513205668269029e-10,-0.005609788658453011,-3.0351173141783794e-07,-0.0002521736587429824,9.767348491376107e-07,0.0006421432556949595
8.509681616824505e-10,-0.0056055026668534865,-3.036180633107113e-07,-0.0002521653191292158,9.778725731946966e-07,0.0006415849748179223
8.506103090343767e-10,-0.005601219949838405,-3.037224369116458e-07,-0.0002521656511532408,9.786351237712869e-07,0.0006410240441722417
8.502471364002902e-10,-0.005596940504905231,-3.038248900132435e-07,-0.0002521748895708186,9.790044815763156e-07,0.0006404603797270868
8.498787536653805e-10,-0.005592664329554372,-3.039254595620419e-07,-0.00025219325866853966,9.78962287970337e-07,0.0006398939009089655
8.495052765109012e-10,-0.0055883914212875785,-3.040241818662936e-07,-0.00025222097021501065,9.78489886897556e-07,0.0006393245312901179
8.491268158094432e-10,-0.0055841217776084065,-3.041210925203768e-07,-0.00025225822132447914,9.775683720637035e-07,0.0006387521993071135
8.487434777485987e-10,-0.00557985539602323,-3.0421622639953774e-07,-0.00025230519224412636,9.761786391133895e-07,0.0006381768390038801
8.48355375541754e-10,-0.00557559227403969,-3.043096177547614e-07,-0.0002523620440821427,9.743014438512353e-07,0.0006375983907935822
8.479626074890883e-10,-0.005571332409167607,-3.044013001500254e-07,-0.00025242891649880747,9.719174648588071e-07,0.0006370168022325528
8.475652797763692e-10,-0.005567075798917691,-3.0449130655689306e-07,-0.0002525059253836906,9.690073715655204e-07,0.0006364320287984064
8.471634942485559e-10,-0.005562822440804019,-3.045796692115208e-07,-0.0002525931605454251,9.65551897308624e-07,0.000635844034661918
8.467573453411512e-10,-0.005558572332341693,-3.046664198063291e-07,-0.00025269068344094015,9.615319170144433e-07,0.0006352527934459362
8.463469310934837e-10,-0.005554325471047798,-3.0475158937974056e-07,-0.0002527985249784932,9.569285284184917e-07,0.0006346582889586639
8.45932349390612e-10,-0.005550081854441822,-3.0483520841959175e-07,-0.00025291668342306337,9.517231375356057e-07,0.0006340605158909454
8.455136930848472e-10,-0.005545841480044096,-3.0491730679731447e-07,-0.0002530451224391029,9.458975468848233e-07,0.0006334594804687172
8.45091045271214e-10,-0.005541604345377813,-3.04997913759677e-07,-0.00025318376930976593,9.394340459936533e-07,0.0006328552010454102
8.446645021326511e-10,-0.005537370447968155,-3.050770581268399e-07,-0.000253332513351401,9.323155040811106e-07,0.0006322477086265243
8.44234145500931e-10,-0.005533139785341315,-3.0515476800885376e-07,-0.00025349120457696274,9.24525462768515e-07,0.0006316370473138616
8.438000700236389e-10,-0.005528912355026095,-3.052310710894068e-07,-0.00025365965262291035,9.16048229147548e-07,0.0006310232746608576
8.433623494106736e-10,-0.005524688154552598,-3.053059944172681e-07,-0.0002538376259743741,9.068689677242044e-07,0.0006304064619269086
8.429210721344875e-10,-0.005520467181453373,-3.0537956464377114e-07,-0.00025402485151314,8.969737905967144e-07,0.0006297866942254652
8.424763184188256e-10,-0.005516249433262846,-3.0545180779262385e-07,-0.0002542210144143407,8.863498442195151e-07,0.0006291640705577097
8.420281618038429e-10,-0.005512034907516942,-3.0552274945386134e-07,-0.0002544257583956417,8.749853922327685e-07,0.0006285387037268028
8.41576685610105e-10,-0.005507823601753407,-3.055924146706301e-07,-0.000254638686342463,8.628698937919951e-07,0.0006279107201293417
8.411219598681202e-10,-0.005503615513512599,-3.05660828052692e-07,-0.0002548593613110192,8.49994075381984e-07,0.0006272802594228382
8.406640642549305e-10,-0.00549941064033595,-3.0572801374900547e-07,-0.00025508730790084445,8.363499965140457e-07,0.0006266474740697155
8.402030697758023e-10,-0.005495208979767261,-3.057939953577137e-07,-0.0002553220139987936,8.219311071104053e-07,0.0006260125287600973
8.397390457209737e-10,-0.005491010529351788,-3.058587961249353e-07,-0.00025556293287640376,8.067322973077735e-07,0.000625375599719832
8.392720622901575e-10,-0.005486815286636939,-3.059224387880344e-07,-0.0002558094856182879,7.907499376887034e-07,0.0006247368739075971
8.388021888277515e-10,-0.005482623249172578,-3.0598494564020903e-07,-0.00025606106386287536,7.739819110578289e-07,0.0006240965481130197
8.383294939230812e-10,-0.005478434414509079,-3.060463386114067e-07,-0.00025631703281383964,7.56427633157462e-07,0.0006234548279640471
8.378540388986902e-10,-0.00547424878019944,-3.0610663911647446e-07,-0.0002565767344994216,7.380880649142592e-07,0.0006228119268557992
8.373758953310834e-10,-0.005470066343798976,-3.061658682073937e-07,-0.0002568394912277583,7.189657134066535e-07,0.0006221680648147727
8.368951150552702e-10,-0.00546588710286439,-3.062240465364717e-07,-0.00025710460920587663,6.990646235653784e-07,0.0006215234673116006
8.364117709920629e-10,-0.005461711054953829,-3.0628119437058295e-07,-0.00025737138226990437,6.783903594482998e-07,0.0006208783640370434
8.3592592126621e-10,-0.0054575381976282224,-3.0633733153555827e-07,-0.0002576390956892664,6.5694997681385e-07,0.0006202329876563766
8.354376170120131e-10,-0.005453368528449399,-3.063924775086448e-07,-0.00025790702999064466,6.347519860112248e-07,0.0006195875725573414
8.349469264777317e-10,-0.005449202044982079,-3.064466513968763e-07,-0.00025817446476625083,6.118063064571943e-07,0.000618942353604365
8.344539006762154e-10,-0.0054450387447921725,-3.064998719299291e-07,-0.00025844068241551784,5.881242135564471e-07,0.0006182975649159468
8.339585975388235e-10,-0.005440878625447723,-3.065521574868989e-07,-0.00025870497178576265,5.63718278086325e-07,0.0006176534386761411
8.334610706944625e-10,-0.005436721684517868,-3.066035260409302e-07,-0.000258966631672267,5.386022991006521e-07,0.0006170102039917715
8.329613777726743e-10,-0.005432567919574867,-3.06653995307222e-07,-0.00025922497414565635,5.127912317577672e-07,0.0006163680858072792
8.324595651804675e-10,-0.00542841732819191,-3.06703582564252e-07,-0.00025947932767646524,4.863011103087457e-07,0.000615727303887426
8.319556868671568e-10,-0.005424269907944696,-3.0675230484443786e-07,-0.00025972904003311863,4.5914896668635835e-07,0.0006150880718722311
8.314497953286191e-10,-0.005420125656409677,-3.068001788116228e-07,-0.0002599734809342068,4.313527469950842e-07,0.0006144505964142513
8.309419373463646e-10,-0.005415984571166597,-3.068472208088559e-07,-0.0002602120444382831,4.0293122514578905e-07,0.0006138150764003825
8.304321641662603e-10,-0.005411846649795936,-3.06893446857849e-07,-0.00026044415106251696,3.7390391556064406e-07,0.0006131817022632175
8.299205156098526e-10,-0.005407711889880813,-3.0693887265634005e-07,-0.0002606692496217597,3.442909856005231e-07,0.0006125506553821601
8.294070505841522e-10,-0.005403580289005618,-3.069835136424985e-07,-0.00026088681878946597,3.141131676385653e-07,0.000611922107576441
8.288918032769625e-10,-0.0053994518447567814,-3.0702738493251197e-07,-0.00026109636837881307,2.833916726256367e-07,0.0006112962206870129
8.28374826421776e-10,-0.005395326554722409,-3.0707050139851336e-07,-0.00026129744035100985,2.521481047660644e-07,0.0006106731462490365
8.278561546330055e-10,-0.005391204416493065,-3.0711287751232063e-07,-0.0002614896095638065,2.2040437883366702e-07,0.0006100530252475613
8.273358417587605e-10,-0.005387085427659926,-3.0715452763318424e-07,-0.000261672484260206,1.8818263969782666e-07,0.000609435987956236
8.26813919524751e-10,-0.00538296958581765,-3.0719546565889323e-07,-0.000261845706322596,1.5550518482644242e-07,0.000608822153853516
8.262904376311283e-10,-0.005378856888561225,-3.07235705355722e-07,-0.0002620089513014222,1.2239439069198194e-07,0.0006082116316106759
8.257654319290758e-10,-0.005374747333488486,-3.072752601629241e-07,-0.0002621619282348454,8.887264250481242e-08,0.0006076045191473451
8.252389386410149e-10,-0.005370640918198934,-3.0731414325298525e-07,-0.00026230437927894304,5.496226798844679e-08,0.0006070009037477402
8.247110041398862e-10,-0.005366537640293149,-3.073523676569573e-07,-0.00026243607916434387,2.0685475141201357e-08,0.0006064008622335298
8.241816623363006e-10,-0.005362437497374269,-3.073899459454229e-07,-0.0002625568344994092,-1.393570556465113e-08,0.0006058044611854783
8.236509455668456e-10,-0.0053583404870473795,-3.0742689063039065e-07,-0.0002626664829354122,-4.8879474674738825e-08,0.000605211757208806
8.231189038199748e-10,-0.005354246606918706,-3.0746321397292103e-07,-0.00026276489221559786,-8.41243130428489e-08,0.0006046227972369676
8.225855576130152e-10,-0.005350155854597382,-3.074989278113313e-07,-0.00026285195912224206,-1.1964902666989208e-07,0.0006040376188673958
8.220509475963452e-10,-0.005346068227693406,-3.0753404399044823e-07,-0.0002629276083372662,-1.5543278748365066e-07,0.0006034562507251704
8.215151108145325e-10,-0.005341983723818474,-3.0756857403568985e-07,-0.00026299179123740856,-1.9145516980244685e-07,0.0006028787128468735
8.209780798325151e-10,-0.005337902340586761,-3.076025291992276e-07,-0.000263044484633949,-2.276961827257137e-07,0.0006023050170837949
8.204398874184946e-10,-0.0053338240756141,-3.0763592052606833e-07,-0.00026308568947166675,-2.6413629852775775e-07,0.0006017351675155667
8.199005627026958e-10,-0.005329748926517893,-3.076687589381908e-07,-0.0002631154295020151,-3.0075647761676993e-07,0.0006011691608747616
8.193601361421068e-10,-0.005325676890917952,-3.077010550603574e-07,-0.00026313374994086297,-3.3753818945536045e-07,0.0006006069869746066
8.188186451912491e-10,-0.005321607966435452,-3.077328193720696e-07,-0.0002631407161179074,-3.7446343044883935e-07,0.0006000486291391586
8.18276116106838e-10,-0.005317542150693025,-3.0776406209147666e-07,-0.0002631364121359774,-4.115147384125944e-07,0.0005994940646318595
8.177325761602282e-10,-0.005313479441315778,-3.0779479328116703e-07,-0.0002631209395385698,-4.486752040557666e-07,0.0005989432650799403
8.17188062122908e-10,-0.005309419835930555,-3.0782502278895435e-07,-0.00026309441599872474,-4.85928479529756e-07,0.0005983961968919828
8.16642593080466e-10,-0.005305363332165647,-3.0785476028347043e-07,-0.0002630569740357936,-5.232587845065076e-07,0.0005978528216679438
8.160962063039194e-10,-0.005301309927651329,-3.078840152719319e-07,-0.0002630087597622188,-5.606509100155201e-07,0.0005973130965977815
8.155489203765879e-10,-0.005297259620019606,-3.079127970152343e-07,-0.0002629499316686489,-5.980902191861186e-07,0.000596776974849235
8.150007720969422e-10,-0.005293212406904702,-3.0794111464142487e-07,-0.0002628806594477308,-6.355626470460509e-07,0.0005962444059424004
8.144517753552473e-10,-0.005289168285942118,-3.0796897707839265e-07,-0.00026280112286235116,-6.730546977457582e-07,0.0005957153361106421
8.139019598436971e-10,-0.0052851272547694336,-3.079963930796094e-07,-0.00026271151065922026,-7.105534402144528e-07,0.0005951897086462358
8.133513566969204e-10,-0.00528108931102583,-3.0802337135796436e-07,-0.0002626120195314564,-7.480465023104908e-07,0.0005946674642327182
8.127999838962494e-10,-0.005277054452352791,-3.080499202569804e-07,-0.0002625028531259643,-7.855220638267768e-07,0.000594148541258968
8.122478774446562e-10,-0.00527302267639318,-3.080760480904959e-07,-0.00026238422110547724,-8.229688478933633e-07,0.0005936328761197015
8.116950437669408e-10,-0.005268993980791428,-3.081017629296455e-07,-0.000262256338257164,-8.603761114293821e-07,0.0005931204034996736
8.111415187729689e-10,-0.005264968363194516,-3.081270727731799e-07,-0.00026211942365046546,-8.977336350190723e-07,0.0005926110566414748
8.105873201975102e-10,-0.005260945821250815,-3.081519853262279e-07,-0.0002619736998460449,-9.350317114208346e-07,0.0005921047675981809
8.100324690588465e-10,-0.005256926352610113,-3.081765083636886e-07,-0.00026181939215418694,-9.722611335489942e-07,0.0005916014674707919
8.094769938788293e-10,-0.005252909954924366,-3.0820064940047675e-07,-0.00026165672793742933,-1.0094131823236434e-06,0.0005911010866292563
8.089209032174619e-10,-0.005248896625847307,-3.082244156706811e-07,-0.0002614859359613025,-1.0464796133201174e-06,0.0005906035549211648
8.08364232377882e-10,-0.005244886363034739,-3.082478144921713e-07,-0.00026130724579218967,-1.0834526437238108e-06,0.0005901088018634233
8.078069915514302e-10,-0.005240879164143716,-3.082708529432346e-07,-0.0002611208872360791,-1.1203249382649273e-06,0.0005896167568218022
8.072492105314369e-10,-0.005236875026833452,-3.0829353792344345e-07,-0.00026092708982120705,-1.1570895955140797e-06,0.0005891273491764765
8.06690899581985e-10,-0.0052328739487649024,-3.083158762646786e-07,-0.0002607260823211491,-1.1937401339766962e-06,0.0005886405084750512
8.061320828493157e-10,-0.005228875927600232,-3.0833787466194644e-07,-0.00026051809231458534,-1.2302704774796238e-06,0.0005881561645723644
8.055727758758181e-10,-0.005224880961004457,-3.083595396453283e-07,-0.0002603033457868388,-1.2666749415361426e-06,0.0005876742477597478
8.050130047329121e-10,-0.005220889046643643,-3.083808776690551e-07,-0.0002600820667625323,-1.3029482187950525e-06,0.00058719468888277
8.044527791752168e-10,-0.005216900182185867,-3.084018950089313e-07,-0.0002598544769736947,-1.3390853650934421e-06,0.000586717419446921
8.038921166802554e-10,-0.005212914365301323,-3.0842259778805415e-07,-0.0002596207955588634,-1.3750817854539473e-06,0.0005862423717153857
8.03331041824929e-10,-0.005208931593661031,-3.084429921930833e-07,-0.0002593812387938602,-1.4109332203318503e-06,0.0005857694787956368
8.02769565186559e-10,-0.00520495186493866,-3.084630840362826e-07,-0.0002591360198513421,-1.446635731931494e-06,0.0005852986747180557
8.022077062120362e-10,-0.005200975176809216,-3.0848287924107053e-07,-0.0002588853485835848,-1.4821856907448485e-06,0.0005848298945043184
8.016454816568497e-10,-0.005197001526949388,-3.08502383508542e-07,-0.0002586294313338124,-1.517579762443871e-06,0.0005843630742305585
8.010829068435709e-10,-0.0051930309130382955,-3.0852160244871364e-07,-0.00025836847077320024,-1.5528148947729267e-06,0.000583898151080828
8.005200052292097e-10,-0.005189063332756202,-3.08540541575887e-07,-0.0002581026657525502,-1.5878883051836536e-06,0.0005834350633936579
7.999567745083984e-10,-0.005185098783785282,-3.0855920622097786e-07,-0.0002578322111828472,-1.6227974682269706e-06,0.000582973750703508
7.99393239995763e-10,-0.005181137263809916,-3.085776016716604e-07,-0.0002575572979289341,-1.6575401037014325e-06,0.0005825141537747554
7.988294256043119e-10,-0.005177178770515564,-3.0859573316853783e-07,-0.00025727811272562836,-1.6921141646836337e-06,0.0005820562146308857
3.4050730215428522e-09,-0.005173223301589001,6.991920617601674e-07,-0.00025699483723696414,-1.7266475797742538e-06,0.0005815998765756971
7.475554849883234e-10,-0.005169270854722142,-2.8922989126400596e-07,-0.000256707650192085,-1.7607420589047267e-06,0.000581145084044724
7.479930268372092e-10,-0.005165321427603291,-2.896204516441691e-07,-0.000256416727465824,-1.7948006473135418e-06,0.000580691783296674
7.484102777656555e-10,-0.0051613750179266725,-2.900035779659102e-07,-0.00025612223724624767,-1.8286845697749562e-06,0.0005802399214159603
7.48807646720753e-10,-0.005157431623386398,-2.903794135187607e-07,-0.00025582434486395676,-1.8623927824591779e-06,0.0005797894469811774
7.491855502840584e-10,-0.0051534912416792015,-2.907480988124043e-07,-0.00025552321131035996,-1.8959244117535479e-06,0.0005793403099048626
7.495443825656907e-10,-0.005149553870503,-2.9110977158228256e-07,-0.0002552189932445717,-1.9292787442913474e-06,0.0005788924614336165
3.3400390900114385e-09,-0.005145619507556592,7.152747913756316e-07,-0.00025491184202102325,-1.962583783322679e-06,0.0005784458541420502
7.003812564708631e-10,-0.005141688150544775,-2.724318126318667e-07,-0.00025460190646402745,-1.995445746096055e-06,0.0005780004417585458
7.016809214947552e-10,-0.005137759797167951,-2.731460437790537e-07,-0.00025428933195296603,-2.028265763172047e-06,0.0005775561798359879
7.029431095049565e-10,-0.005133834445132555,-2.7384660528584646e-07,-0.0002539742566675631,-2.060907043887877e-06,0.0005771130247315967
7.041685682948737e-10,-0.0051299120921447375,-2.7453376036129406e-07,-0.000253656815996405,-2.093369548900231e-06,0.0005766709342576519
7.053580584708764e-10,-0.005125992735913987,-2.752077674549105e-07,-0.00025333714120018345,-2.125653349810709e-06,0.0005762298675033578
7.065122773997281e-10,-0.005122076374150427,-2.7586887965994725e-07,-0.0002530153594678145,-2.1577586220950315e-06,0.0005757897848197932
3.2759175829878417e-09,-0.005118163004565218,7.270771089155607e-07,-0.00025269159287605623,-2.189812684698925e-06,0.00057535064779963
6.593133629125895e-10,-0.005114252624874932,-2.578331478210177e-07,-0.0002523659617364055,-2.2214268716645255e-06,0.0005749124190920059
6.613533940576402e-10,-0.005110345232792917,-2.588286785277097e-07,-0.0002520385826912886,-2.2529989444095326e-06,0.0005744750630584835
6.633411796204479e-10,-0.0051064408260370385,-2.5980512005439294e-07,-0.0002517095659732725,-2.2843940792241693e-06,0.0005740385447463311
6.652777791283185e-10,-0.0051025394023263325,-2.6076284024831914e-07,-0.000251379019369672,-2.3156128740654297e-06,0.0005736028305282858
6.671642203419367e-10,-0.005098640959382208,-2.6170219978156154e-07,-0.0002510470470013099,-2.3466559936827745e-06,0.00057316788791822
6.690015275641616e-10,-0.005094745494927201,-2.6262355237547454e-07,-0.0002507137493961965,-2.377524164566636e-06,0.0005727336855477734
6.707906796891892e-10,-0.005090853006685185,-2.635272449515175e-07,-0.0002503792235686464,-2.408218169529166e-06,0.0005723001931437746
3.232902182198004e-09,-0.005086963492382188,7.422238413829972e-07,-0.0002500435618687885,-2.438864939335137e-06,0.0005718673815015246
6.249762411608255e-10,-0.005083076949748172,-2.4590416332528136e-07,-0.0002497068559554914,-2.4690788929441e-06,0.0005714352222944272
6.276109889118223e-10,-0.005079193376510192,-2.471296490433339e-07,-0.0002493691937569946,-2.4992560070219895e-06,0.0005710036887284924
6.301816616904467e-10,-0.005075312770400271,-2.483316154186748e-07,-0.000249030657817456,-2.529262543309148e-06,0.0005705727545064436
6.326895537798145e-10,-0.005071435129151785,-2.4951051560752345e-07,-0.00024869132876774273,-2.5590995012772262e-06,0.0005701423944693512
6.351359256130808e-10,-0.005067560450499381,-2.5066679388807203e-07,-0.00024835128420208136,-2.5887679115658488e-06,0.0005697125844076439
6.375220155029367e-10,-0.0050636887321794935,-2.5180088614911126e-07,-0.0002480105987578403,-2.6182688326242434e-06,0.0005692833010379708
3.1702646352363444e-09,-0.005059819971929506,7.472844990653699e-07,-0.00024766934287179064,-2.647727446433766e-06,0.0005688545219758045
5.934422251550412e-10,-0.005055954167492125,-2.347493458455615e-07,-0.0002473275872252194,-2.6767642231757884e-06,0.0005684262255459062
5.966274513606501e-10,-0.005052091316606335,-2.3618978514790478e-07,-0.0002469853987681024,-2.705769678665599e-06,0.0005679983914343651
5.997376372398982e-10,-0.005048231417016494,-2.3760256385212464e-07,-0.00024664283998856925,-2.734612073584167e-06,0.000567570999656475
6.027743073719074e-10,-0.00504437446646792,-2.389882149086431e-07,-0.0002462999719212551,-2.763292558951201e-06,0.0005671440311974164
6.057389203298248e-10,-0.0050405204627071015,-2.4034726090466186e-07,-0.00024595685310997917,-2.7918122962138362e-06,0.0005667174678258801
6.086329582174226e-10,-0.005036669403482825,-2.4168021451590994e-07,-0.00024561353968330753,-2.8201724544364155e-06,0.0005662912920708583
6.114578148283665e-10,-0.005032821286545317,-2.4298757827665947e-07,-0.0002452700854285553,-2.8483742084547484e-06,0.0005658654871999537
3.1292401087105405e-09,-0.005028976109646027,7.559416695193446e-07,-0.0002449265404225724,-2.876541462962905e-06,0.0005654400371940198
5.685256621426646e-10,-0.005025133870540819,-2.262723660909942e-07,-0.00024458295602466934,-2.9042986550114034e-06,0.0005650149265592485
5.721181105507943e-10,-0.005021294566983079,-2.278762590549901e-07,-0.00024423937982923387,-2.932032707646608e-06,0.0005645901409858249
5.756274517538741e-10,-0.0050174581967304625,-2.2944934241763714e-07,-0.00024389585594428016,-2.9596130522714477e-06,0.0005641656663121569
5.790553411579871e-10,-0.005013624757542536,-2.3099220974697498e-07,-0.00024355242750240654,-2.987040863130074e-06,0.0005637414891728383
5.824034356700617e-10,-0.005009794247179373,-2.325054432026685e-07,-0.0002432091357076606,-3.0143173094132175e-06,0.0005633175968136747
5.85673325352515e-10,-0.00500596666340304,-2.3398961365689127e-07,-0.00024286601989932028,-3.041443553398614e-06,0.0005628939770726283
5.888665934018443e-10,-0.005002142003977708,-2.3544528104683773e-07,-0.0002425231176140088,-3.068420749410193e-06,0.0005624706183606447
5.919847771896278e-10,-0.00499832026666961,-2.368729944658373e-07,-0.00024218046464925588,-3.0952500424233916e-06,0.0005620475096416522
3.108485670916141e-09,-0.004994501449244816,7.682139739941003e-07,-0.00024183809354806835,-3.1220545061013734e-06,0.0005616246404131433
5.496521820041699e-10,-0.004990685549475219,-2.2027075666390145e-07,-0.0002414960392090237,-3.148460591119732e-06,0.0005612020005190543
5.535203156200013e-10,-0.004986872565129182,-2.2199050050614253e-07,-0.00024115433263501146,-3.1748533903635813e-06,0.0005607795808210706
5.572998908199147e-10,-0.004983062493980145,-2.236772027731501e-07,-0.0002408130023222552,-3.2011027324743955e-06,0.0005603573721533531
5.609926966375551e-10,-0.00497925533380201,-2.2533150013725815e-07,-0.00024047207623019881,-3.2272097009537572e-06,0.0005599353659837238
5.646004697927544e-10,-0.0049754510823712935,-2.2695401682652833e-07,-0.0002401315809147696,-3.253175364361786e-06,0.0005595135542295568
5.681249204443299e-10,-0.004971649737465151,-2.2854536509675685e-07,-0.0002397915415779327,-3.2790007752832993e-06,0.0005590919292441745
5.715677389424274e-10,-0.004967851296863129,-2.3010614545905303e-07,-0.00023945198211925198,-3.3046869700225356e-06,0.0005586704837998377
3.0676681319317055e-09,-0.004964055758345546,7.726758942197682e-07,-0.0002391129235098295,-3.330355271817884e-06,0.0005582492110702831
5.302637845327455e-10,-0.004960263119697382,-2.1380426095007987e-07,-0.0002387743898867227,-3.355636738406422e-06,0.0005578281044483273
5.344296669296628e-10,-0.004956473378700675,-2.1564872287146352e-07,-0.00023843640131153627,-3.380911793736252e-06,0.0005574071582235012
5.38501114951065e-10,-0.004952686533142501,-2.174577404766473e-07,-0.00023809897611324723,-3.4060515817702336e-06,0.000556986366533822
5.424800094422708e-10,-0.004948902580810523,-2.1923199661902735e-07,-0.00023776213237133563,-3.4310570491314417e-06,0.0005565657240350539
5.463682104337306e-10,-0.004945121519494783,-2.2097216098706745e-07,-0.00023742588713122843,-3.45592912325478e-06,0.0005561452257188943
5.501675482684814e-10,-0.004941343346985927,-2.2267889039548305e-07,-0.00023709025644485417,-3.480668711908238e-06,0.0005557248669017584
5.538798047741249e-10,-0.0049375680610772065,-2.2435282904105877e-07,-0.0002367552554102012,-3.5052767029084434e-06,0.0005553046432121483
3.0279435621082562e-09,-0.0049337956595621275,7.754379529952349e-07,-0.00023642089644040307,-3.5298725724300974e-06,0.0005548845505761034
5.135278798813375e-10,-0.00493002614023919,-2.083262124423649e-07,-0.00023608719581835934,-3.5540921572684766e-06,0.0005544645850361551
5.179389831275913e-10,-0.004926259500904436,-2.1027635101675413e-07,-0.00023575416551077985,-3.5783109553740745e-06,0.0005540447434374813
5.222508028997617e-10,-0.004922495739357943,-2.1218900937116658e-07,-0.00023542181643129516,-3.602401483567032e-06,0.0005536250223752324
5.264653252905548e-10,-0.004918734853400995,-2.140649096379057e-07,-0.00023509015945010674,-3.626364528290108e-06,0.0005532054188711072
5.305845164979254e-10,-0.0049149768408371305,-2.1590475986984042e-07,-0.00023475920469259512,-3.6502008550838627e-06,0.0005527859301947012
5.346102838753587e-10,-0.004911221699470027,-2.1770925463747935e-07,-0.00023442896157176726,-3.6739112084549114e-06,0.0005523665538530741
5.385445034767004e-10,-0.004907469427107074,-2.1947907511378451e-07,-0.0002340994388159226,-3.6974963122367677e-06,0.000551947287582637
5.423890292426178e-10,-0.004903720021555594,-2.2121488923719184e-07,-0.00023377064450010002,-3.720956869229039e-06,0.0005515281293390483
3.0088150805825572e-09,-0.004899973480624608,7.822572699455221e-07,-0.00023344258419043986,-3.7444111130255843e-06,0.0005511090772863571
5.024433800144642e-10,-0.0048962298021281245,-2.0523643278292203e-07,-0.00023311526804606497,-3.7674976432771563e-06,0.0005506901296160091
5.06976191955275e-10,-0.004892488983876595,-2.0724632478212938e-07,-0.00023278870154124065,-3.790589056266999e-06,0.000550271285246899
5.11407353952135e-10,-0.004888751023685791,-2.092175853700867e-07,-0.00023246288977022873,-3.813558504263982e-06,0.0005498525427591537
5.157389257115626e-10,-0.004885015919371508,-2.111509588887886e-07,-0.0002321378379395527,-3.836406586917198e-06,0.0005494339010834711
5.199728798776793e-10,-0.004881283668752461,-2.1304717511335933e-07,-0.00023181355075492302,-3.859133883618835e-06,0.0005490153593235464
5.24111193335395e-10,-0.004877554269648338,-2.1490694996052822e-07,-0.0002314900324464609,-3.881740953136482e-06,0.0005485969167479504
5.281557905705478e-10,-0.0048738277198801415,-2.167309855197946e-07,-0.00023116728678758845,-3.904228333939292e-06,0.0005481785727840732
2.970310603720545e-09,-0.004870104017270248,7.827716759190896e-07,-0.0002308453151530798,-3.926712339206884e-06,0.0005477603270075578
4.89069203864617e-10,-0.004866383159645758,-2.00998657895082e-07,-0.0002305241240365456,-3.9488365620899105e-06,0.0005473421789637695
4.937811129168107e-10,-0.004862665144830905,-2.0309033208083642e-07,-0.00023020371490246823,-3.9709684035949115e-06,0.0005469241288745001
4.98387848572635e-10,-0.00485894997065404,-2.051417992238866e-07,-0.00022988408936646773,-3.992982489547713e-06,0.0005465061765656985
5.028915329222972e-10,-0.004855237634945176,-2.071538339904013e-07,-0.00022956524922914146,-4.01487926044967e-06,0.0005460883221642739
5.07294243217445e-10,-0.004851528135535618,-2.0912719608118476e-07,-0.0002292471959521661,-4.036659137419483e-06,0.0005456705659204313
5.115979727504103e-10,-0.004847821470258549,-2.110626304501343e-07,-0.00022892993067363373,-4.058322522692842e-06,0.0005452529082020782
5.158047570453501e-10,-0.004844117636948333,-2.1296086799421907e-07,-0.0002286134542266047,-4.079869799421269e-06,0.0005448353494902643
5.19916519682281e-10,-0.00484041663344131,-2.148226252136688e-07,-0.0002282977671516668,-4.1013013325603015e-06,0.0005444178903738586
2.952424711672636e-09,-0.004836718457575178,7.875383562864257e-07,-0.00022798286764558822,-4.122732157081499e-06,0.0005440005315418463
4.811473273002076e-10,-0.004833023107191149,-1.9910783808869209e-07,-0.000227668759584122,-4.1438088293332335e-06,0.0005435832736025524
4.859189359766135e-10,-0.004829330580128665,-2.0123616756707814e-07,-0.00022735544135800838,-4.164895642657329e-06,0.0005431661178062722
4.905842575397104e-10,-0.004825640874231345,-2.0332358391518895e-07,-0.00022704291204616095,-4.185867967226773e-06,0.0005427490649532833
4.951454121003287e-10,-0.004821953987343436,-2.0537087518549602e-07,-0.00022673117094990864,-4.2067260788067725e-06,0.0005423321161075661
4.996045120743669e-10,-0.004818269917311342,-2.0737881458481167e-07,-0.00022642021716343927,-4.227470236097495e-06,0.0005419152724159109
5.039636127109089e-10,-0.004814588661983331,-2.093481602843516e-07,-0.00022611004958157988,-4.248100680664686e-06,0.0005414985351046066
5.082247167219009e-10,-0.0048109102192082495,-2.1127965568769699e-07,-0.00022580066691468433,-4.2686176375156495e-06,0.0005410819054753988
5.123897717841288e-10,-0.004807234586837877,-2.1317402990576904e-07,-0.00022549206769874162,-4.289021314932774e-06,0.0005406653849034896
2.9346158477939278e-09,-0.004803561762723931,7.917836031431111e-07,-0.0002251842481348197,-4.309425482543135e-06,0.000540248974829507
4.739230216132493e-10,-0.004799891744723041,-1.974720008764261e-07,-0.00022487721060697463,-4.329479713198933e-06,0.000539832676577132
4.787410360593888e-10,-0.0047962245306890925,-1.996320718021225e-07,-0.00022457095152616285,-4.349545158066065e-06,0.0005394164920911983
4.834519073249277e-10,-0.004792560118480788,-2.0175061799956852e-07,-0.00022426546848321164,-4.369497974848461e-06,0.0005390004228265811
4.880577836003662e-10,-0.004788898505957191,-2.038284395330854e-07,-0.0002239607592881887,-4.389338294038586e-06,0.0005385844704757319
4.925607848597038e-10,-0.004785239690979447,-2.0586632100095606e-07,-0.0002236568216330213,-4.409066231312028e-06,0.0005381686367865492
4.969629667818124e-10,-0.00478158367140985,-2.0786503177646996e-07,-0.00022335365309994086,-4.428681887624709e-06,0.000537752923559652
5.012663586496967e-10,-0.0047779304451130355,-2.0982532659930604e-07,-0.0002230512511690381,-4.448185349462742e-06,0.0005373373326462343
2.897845232859336e-09,-0.004774280009953794,7.904420087897737e-07,-0.0002227496109864848,-4.467688521983496e-06,0.0005369218659422144
4.6356419486105126e-10,-0.004770632363802201,-1.9434040238037998e-07,-0.00022244873424284787,-4.486846026822661e-06,0.0005365065252045961
4.685026701643142e-10,-0.004766987504525185,-1.9656094365573478e-07,-0.00022214861624964444,-4.506013803984146e-06,0.000536091312797395
4.733316574435396e-10,-0.0047633454299940755,-1.9873879532824593e-07,-0.0002218492538928101,-4.525069570042829e-06,0.0005356762305707881
4.780533618569866e-10,-0.004759706138081162,-2.008747797881051e-07,-0.00022155064424750882,-4.544013343811252e-06,0.0005352612805966588
4.826699400166108e-10,-0.004756069626660718,-2.0296970354701574e-07,-0.00022125278432709743,-4.562845131172444e-06,0.0005348464649849655
4.871834751165128e-10,-0.00475243589360838,-2.0502435765579921e-07,-0.00022095567108867945,-4.581564925218763e-06,0.0005344317858826707
4.915960714571343e-10,-0.004748804936801463,-2.0703951809324647e-07,-0.00022065930143832932,-4.600172706487855e-06,0.000534017245471285
4.959097313623083e-10,-0.004745176754118538,-2.090159455975745e-07,-0.00022036367223697787,-4.618668443524731e-06,0.0005336028459665204
2.8815699277249108e-09,-0.004741551343439399,7.935434345296476e-07,-0.0002200687779762774,-4.637162833788444e-06,0.0005331885896115952
4.584379340840835e-10,-0.0047379287026487965,-1.9351793271248575e-07,-0.00021977462010922206,-4.655313525111042e-06,0.0005327744784919986
4.633821121299375e-10,-0.004734308829627972,-1.957545468497521e-07,-0.0002194811932011388,-4.673473350306082e-06,0.00053236051529623
4.682167372692696e-10,-0.00473069172226308,-1.9794816161647775e-07,-0.00021918849381904231,-4.691520864168349e-06,0.0005319467021744011
4.729440445963337e-10,-0.00472707737844099,-2.0009960546352006e-07,-0.00021889651866670862,-4.7094559785742525e-06,0.0005315330414882224
4.775661673885212e-10,-0.004723465796050693,-2.022096908625278e-07,-0.00021860526442966105,-4.727278594441375e-06,0.0005311195356242896
4.820852317999604e-10,-0.0047198569729820505,-2.0427921454998033e-07,-0.00021831472777750156,-4.744988602276656e-06,0.0005307061869942554
4.865033078200831e-10,-0.004716250907126911,-2.0630895805293522e-07,-0.00021802490536913409,-4.762585882086269e-06,0.0005302929980326493
4.90822423268711e-10,-0.004712647596378657,-2.0829968767191747e-07,-0.00021773579385554008,-4.7800703037919704e-06,0.0005298799711968564
2.8654605841923712e-09,-0.004709047038632044,7.964957630151672e-07,-0.0002174473874672891,-4.797551394184206e-06,0.00052946710896139
4.535735305263594e-10,-0.0047054492317852685,-1.9278614195071367e-07,-0.00021715968778191126,-4.814689808502473e-06,0.0005290544136291712
4.585187943276342e-10,-0.004701854173734635,-1.950370806665305e-07,-0.0002168726889819385,-4.831835314343926e-06,0.0005286418881081704
4.6335458778724883e-10,-0.00469826186238082,-1.972447440753083e-07,-0.00021658638765202675,-4.8488673216200635e-06,0.0005282295347476342
4.680830816202075e-10,-0.004694672295625254,-1.9940996579107646e-07,-0.00021630078044766214,-4.865785653770216e-06,0.0005278173561032586
4.727064525742607e-10,-0.00469108547137097,-2.0153356359072892e-07,-0.00021601586403396431,-4.88259012565494e-06,0.0005274053547479748
4.772268116325033e-10,-0.004687501387522812,-2.0361633942886708e-07,-0.0002157316350870198,-4.899280543451979e-06,0.0005269935332714793
4.816462231703719e-10,-0.0046839200419873375,-2.0565907977616292e-07,-0.00021544809029632616,-4.91585670484365e-06,0.0005265818942795735
2.8306601807507733e-09,-0.0046803414326709565,7.942682690168401e-07,-0.0002151652238968456,-4.932426395493849e-06,0.0005261704403897331
4.4508695180531266e-10,-0.004676765557485542,-1.9033930357910185e-07,-0.00021488303773781179,-4.9486551865195925e-06,0.000525759174039431
4.501169168741916e-10,-0.0046731924143406005,-1.9263752061990288e-07,-0.0002146015258792185,-4.9648878232529665e-06,0.0005253480982731271
4.550357686376802e-10,-0.004669622001148698,-1.9489155145611857e-07,-0.0002143206851048775,-4.981005290773961e-06,0.0005249372155643967
4.5984573441188595e-10,-0.0046660543158244605,-1.9710224738703144e-07,-0.00021404051220222706,-4.997007348886259e-06,0.0005245265285912535
4.6454900020086536e-10,-0.0046624893562836065,-1.992704433724882e-07,-0.0002137610039834501,-5.012893750077627e-06,0.0005241160400441222
4.69147728717608e-10,-0.004658927120443755,-2.013969581405981e-07,-0.00021348215728736098,-5.028664239748928e-06,0.000523705752626231
4.736439994640343e-10,-0.004655367606224148,-2.0348259469735024e-07,-0.00021320396897940677,-5.04431855647094e-06,0.0005232956690528623
4.780398791986367e-10,-0.004651810811544968,-2.055281405650046e-07,-0.00021292643595555432,-5.05985643201213e-06,0.0005228857920510551
2.8161230163879105e-09,-0.00464825673432784,7.966190487710111e-07,-0.00021264955259217244,-5.0753845616793144e-06,0.0005224761243551542
4.416449905728004e-10,-0.0046447053724985666,-1.901710282702848e-07,-0.00021237332121707138,-5.090571437545465e-06,0.000522066668512226
4.4664881518434335e-10,-0.00464115672398107,-1.9247271491316033e-07,-0.00021209773587575864,-5.1057588620130345e-06,0.0005216574276841699
4.515421316709934e-10,-0.004637610786702202,-1.9473014845260743e-07,-0.00021182279370219646,-5.120828685979296e-06,0.0005212484044478094
4.5632713441210125e-10,-0.00463406755859104,-1.9694418160420955e-07,-0.00021154849175384285,-5.135780611591331e-06,0.000520839601584268
4.610060279756106e-10,-0.00463052703757735,-1.9911565051384282e-07,-0.00021127482712234336,-5.150614335595441e-06,0.0005204310218849624
4.6558092418708876e-10,-0.004626989221593207,-2.0124537510815616e-07,-0.00021100179693586378,-5.165329549101301e-06,0.0005200226681507467
4.700539144474639e-10,-0.004623454108571922,-2.0333415961866707e-07,-0.00021072939835897896,-5.179925937901201e-06,0.000519614543192245
4.744270604189252e-10,-0.00461992169644816,-2.0538279290735103e-07,-0.00021045762859389397,-5.194403182789293e-06,0.0005192066498298257
2.8017449283568352e-09,-0.0046163919831577185,7.990382836765674e-07,-0.0002101864822599463,-5.208866929647139e-06,0.0005187989908885706
4.3819491887846495e-10,-0.004612864966641137,-1.8998784595586198e-07,-0.00020991596224282117,-5.222988538518157e-06,0.000518391569000073
4.4317342187931415e-10,-0.004609340644835247,-1.9229328796753495e-07,-0.0002096460626639772,-5.237106937397444e-06,0.0005179843874218958
4.4804197906511475e-10,-0.004605819015682129,-1.9455440466075682e-07,-0.00020937678108508116,-5.251104843207792e-06,0.0005175774488123362
4.5280281442907964e-10,-0.004602300077124682,-1.9677204998667657e-07,-0.00020910811490460398,-5.264981914539528e-06,0.000517170756036419
4.5745806610276504e-10,-0.004598783827107246,-1.9894706138836246e-07,-0.0002088400615614241,-5.278737805671676e-06,0.0005167643119681676
4.620098808553674e-10,-0.0045952702635758975,-2.010802604152613e-07,-0.00020857261853605164,-5.292372166939764e-06,0.0005163581194895531
4.664603310104838e-10,-0.004591759384477802,-2.0317245241687072e-07,-0.00020830578334907153,-5.305884644659502e-06,0.0005159521814915159
2.768872479727748e-09,-0.004588251187761302,7.964892570911726e-07,-0.00020803955089944678,-5.3193792772278065e-06,0.0005155465008687314
4.3085891732069566e-10,-0.004584745671379173,-1.8795292275477253e-07,-0.00020777392455774353,-5.332532122783744e-06,0.00051514108031974
4.3590076587701396e-10,-0.0045812428332814925,-1.9029770765510033e-07,-0.00020750889858036582,-5.345677341850854e-06,0.0005147359231740226
4.40831452419854e-10,-0.004577742671422849,-1.925974090600055e-07,-0.00020724447093648809,-5.358699202663517e-06,0.0005143310321557854
4.4565323942589216e-10,-0.004574245183758364,-1.9485289588211165e-07,-0.0002069806393571811,-5.371597335238316e-06,0.0005139264101973666
4.503682866261975e-10,-0.0045707503682448376,-1.970650197761097e-07,-0.0002067174016164808,-5.384371366460082e-06,0.0005135220602384961
4.549787554156969e-10,-0.004567258222841016,-1.9923461612617165e-07,-0.00020645475553027513,-5.3970209204219925e-06,0.000513117985227598
4.5948674770378186e-10,-0.004563768745506474,-2.0136250436407636e-07,-0.0002061926989575275,-5.4095456183146115e-06,0.0005127141881210147
4.638943218336228e-10,-0.004560281934203187,-2.0344948793364784e-07,-0.00020593122979894378,-5.421945078682635e-06,0.0005123106718830874
2.7559770870614585e-09,-0.004556797786893041,7.986165122668762e-07,-0.00020567034327046574,-5.4343223707994935e-06,0.0005119074394819328
4.2840781687054804e-10,-0.00455331630154315,-1.8817365459387096e-07,-0.0002054100433373101,-5.446356294418276e-06,0.0005115044936846116
4.3340556388453226e-10,-0.004549837476117427,-1.905144146213159e-07,-0.00020515032440378245,-5.458378282350016e-06,0.0005111018379015961
4.382930979297588e-10,-0.0045463613085844805,-1.9281016890760765e-07,-0.00020489118490779043,-5.470273458064224e-06,0.0005106994749260026
4.4307266778399333e-10,-0.004542887796913829,-1.950617845298776e-07,-0.0002046326229646382,-5.482041429635075e-06,0.0005102974077622008
4.477464120659647e-10,-0.004539416939075965,-1.972701117407263e-07,-0.0002043746367307072,-5.493681803122237e-06,0.0005098956394224719
4.523164808514226e-10,-0.00453594873304345,-1.994359846160593e-07,-0.00020411722440445435,-5.505194182841534e-06,0.0005094941729272326
4.56784932922913e-10,-0.004532483176790138,-2.0156022105616262e-07,-0.00020386038422730082,-5.51657817124703e-06,0.0005090930113050086
4.6115383212223066e-10,-0.004529020268291733,-2.0364362333032226e-07,-0.00020360411448141255,-5.527833369284955e-06,0.0005086921575918191
2.7431877470045797e-09,-0.004525560005524574,8.009326150245414e-07,-0.00020334841070436915,-5.5390619167159635e-06,0.0005082916148279198
4.2578509917642964e-10,-0.004522102386469333,-1.8831257693727586e-07,-0.0002030932774408845,-5.549945288809546e-06,0.0005078913858476948
4.3074280264828994e-10,-0.004518647409103851,-1.9065088681667564e-07,-0.0002028387092489818,-5.5608122641380086e-06,0.0005074914741418875
4.3559118203014666e-10,-0.0045151950714106565,-1.9294423808997052e-07,-0.00020258470502945388,-5.57154881431096e-06,0.0005070918825712868
4.403324265285046e-10,-0.00451174537137364,-1.9519349709562867e-07,-0.00020233126327184802,-5.582154535133169e-06,0.0005066926142127666
4.4496869169439663e-10,-0.0045082983069763966,-1.9739951310818732e-07,-0.00020207838250745763,-5.59262902122755e-06,0.0005062936721501105
4.4950210632012806e-10,-0.0045048538762062365,-1.9956311937696882e-07,-0.00020182606130754146,-5.602971866493252e-06,0.0005058950594756465
4.5393471087312103e-10,-0.004501412077050168,-2.0168513286997682e-07,-0.0002015742982842136,-5.613182663855859e-06,0.0005054967792896916
2.7120678721193066e-09,-0.00449797290749757,7.983719741084397e-07,-0.0002013230892715501,-5.623362072364787e-06,0.0005050988346958539
4.1915073482900756e-10,-0.004494536365541028,-1.8651536149284505e-07,-0.0002010724392642371,-5.633196020083184e-06,0.0005047012285901063
4.2415936120347743e-10,-0.004491102449171349,-1.8888843448409662e-07,-0.00020082234298145503,-5.643008781862184e-06,0.0005043039645309877
4.2905771824156264e-10,-0.004487671156382985,-1.9121587913339048e-07,-0.00020057279971274483,-5.6526878379908675e-06,0.0005039070454415518
4.3384798636665413e-10,-0.004484242485171393,-1.9349857451202858e-07,-0.00020032380826816906,-5.662232780388604e-06,0.0005035104744616852
4.3853237518397445e-10,-0.004480816433533537,-1.9573738281186272e-07,-0.00020007536749564866,-5.6716432007296884e-06,0.0005031142547390896
4.4311299072522235e-10,-0.004477392999468355,-1.979331495307317e-07,-0.00019982747628185073,-5.6809186906168745e-06,0.0005027183894291988
4.475919303734037e-10,-0.004473972180975773,-2.0008670391939968e-07,-0.00019958013355074526,-5.690058841699368e-06,0.00050232288169551
4.5197121029412863e-10,-0.004470553976057649,-2.0219885908110255e-07,-0.00019933333826549311,-5.699063245797774e-06,0.0005019277347090307
2.70061651435643e-09,-0.004467138382716311,8.005607454606146e-07,-0.00019908708655707753,-5.708031706961709e-06,0.0005015329516444454
4.172655034142542e-10,-0.0044637253989580645,-1.8695809850448894e-07,-0.00019884138394071638,-5.716652690907033e-06,0.0005011385354638475
4.2222050865342437e-10,-0.004460315022787573,-1.8932286908908874e-07,-0.00019859622527542307,-5.7252479640628505e-06,0.000500744489803586
4.270663988424359e-10,-0.004456907252213499,-1.916421715774984e-07,-0.00019835161026779565,-5.7337058357083245e-06,0.0005003508176532325
4.31805331643879e-10,-0.004453502085244685,-1.9391688151124476e-07,-0.00019810753806451508,-5.7420259001064515e-06,0.0004999575222221504
4.3643946536340933e-10,-0.004450099519892527,-1.9614785828240757e-07,-0.00019786400784667967,-5.750207752996102e-06,0.0004995646067269793
4.409709061609816e-10,-0.00444669955416806,-1.9833594437007848e-07,-0.0001976210188321366,-5.758250990107058e-06,0.0004991720743922234
4.4540171702252895e-10,-0.0044433021860862815,-2.0048196607271975e-07,-0.00019737857027259703,-5.7661552084507224e-06,0.0004987799284487456
2.670935291070206e-09,-0.0044399074136617055,7.979736484020437e-07,-0.00019713665856634015,-5.7740188141292055e-06,0.0004983881721312989
4.112417034485508e-10,-0.0044365152349126235,-1.853892112662248e-07,-0.00019689528961259946,-5.781534548037377e-06,0.0004979968084589727
4.1623648106088347e-10,-0.004433125647856137,-1.8778434704109422e-07,-0.00019665445841155583,-5.78901985538467e-06,0.0004976058411304491
4.2112137823415435e-10,-0.004429738650512302,-1.9013342948787917e-07,-0.000196414165009892,-5.796364516500099e-06,0.0004972152731917507
4.2589862586980474e-10,-0.004426354240902761,-1.9243734595808455e-07,-0.00019617440883041185,-5.803568134820123e-06,0.0004968251079092516
4.3057035802283107e-10,-0.004422972417050303,-1.9469696636406066e-07,-0.00019593518932767376,-5.81063031439657e-06,0.0004964353485563731
4.351386966568584e-10,-0.004419593176979458,-1.9691314429852282e-07,-0.00019569650598876855,-5.81755066128452e-06,0.000496045998412806
4.3960573542226425e-10,-0.004416216518716355,-1.9908671663225558e-07,-0.00019545835833365295,-5.8243287826749225e-06,0.0004956570607646784
4.4397349267818826e-10,-0.00441284244028806,-2.0121850425244774e-07,-0.0001952207459125961,-5.830964287366538e-06,0.0004952685389044948
2.6607101642657207e-09,-0.004409470939723019,8.001954741903655e-07,-0.00019498366537988539,-5.837554801574958e-06,0.0004948804361265306
4.098593955647368e-10,-0.004406102015053698,-1.860414166976897e-07,-0.00019474712307351869,-5.8437954511901246e-06,0.0004944927555048459
4.14791674925643e-10,-0.0044027356643101135,-1.884242155163378e-07,-0.0001945111141059507,-5.850001329284655e-06,0.0004941055008027076
4.1961539849484905e-10,-0.004399371885526301,-1.9076119872016144e-07,-0.00019427563887988313,-5.856063017505898e-06,0.000493718675119681
4.2433275773731543e-10,-0.004396010676737121,-1.930532490721607e-07,-0.00019404069709915247,-5.861980134359789e-06,0.0004933322817766529
4.289458726423832e-10,-0.004392652035979557,-1.95301231891313e-07,-0.00019380628849779633,-5.867752300341564e-06,0.0004929463241009398
4.3345683455884823e-10,-0.004389295961290808,-1.9750599651089108e-07,-0.00019357241283794968,-5.873379137679155e-06,0.0004925608054238679
4.3786769516063964e-10,-0.004385942450711048,-1.9966837540564513e-07,-0.0001933390699111734,-5.878860271089469e-06,0.0004921757290822194
4.4218048717133764e-10,-0.004382591502281014,-2.0178918537829721e-07,-0.00019310625953590347,-5.884195327001351e-06,0.0004917910984171437
2.650464008071601e-09,-0.004379243114042225,8.027263254250463e-07,-0.0001928739785959243,-5.889481188135607e-06,0.0004914069167698368
4.0812149755332186e-10,-0.004375897284041039,-1.8653127318883782e-07,-0.0001926422338243145,-5.89441529310489e-06,0.000491023187255676
4.1299900675625047e-10,-0.004372554010320493,-1.8890486107015257e-07,-0.00019241102042714554,-5.899310454468685e-06,0.0004906399136885355
4.177691320034107e-10,-0.004369213290928575,-1.9123281081608679e-07,-0.00019218033912754952,-5.904058043541926e-06,0.0004902570992059117
4.2243401295122826e-10,-0.004365875123913686,-1.935160016195638e-07,-0.00019195018987978678,-5.908657699603959e-06,0.000489874747168155
4.2699578051884335e-10,-0.004362539507325801,-1.9575529588853077e-07,-0.0001917205726652164,-5.913109064874137e-06,0.0004894928609392051
4.314564953945019e-10,-0.004359206439216264,-1.9795153916609257e-07,-0.0001914914874895215,-5.917411783984483e-06,0.0004891114438861687
4.3581818956465567e-10,-0.0043558759176377535,-2.0010556099654723e-07,-0.0001912629343838234,-5.921565504340588e-06,0.0004887304993776561
2.6221307937935234e-09,-0.0043525479406442335,8.004333885085525e-07,-0.00019103491043380043,-5.925665824522461e-06,0.0004883500307811639
4.022778092148036e-10,-0.004349222506293647,-1.849880918628225e-07,-0.0001908074226363719,-5.929414205791075e-06,0.0004879700412335496
4.071930662934513e-10,-0.0043458996126409175,-1.873915484361575e-07,-0.00019058046629830572,-5.933119392607998e-06,0.0004875905345724097
4.1200023120096897e-10,-0.004342579257746,-1.8974879141273745e-07,-0.00019035404239122736,-5.93667417365466e-06,0.00048721151395302845
4.167014811949424e-10,-0.004339261439669218,-1.920607109680269e-07,-0.00019012815106556245,-5.940078211886107e-06,0.00048683298275259716
4.212989176599241e-10,-0.004335946156472333,-1.9432818052604715e-07,-0.00018990279249473467,-5.943331173141905e-06,0.00048645494434858326
4.257946710669612e-10,-0.004332633406218748,-1.9655205635774584e-07,-0.00018967796687350034,-5.946432726271001e-06,0.00048607740211867057
4.301907602137613e-10,-0.004329323186972894,-1.9873317836401119e-07,-0.00018945367441894866,-5.949382543381642e-06,0.00048570035944037307
4.3448916818869484e-10,-0.004326015496801211,-2.0087237016465452e-07,-0.0001892299153702807,-5.952180299938514e-06,0.0004853238196904789
2.6129346873276276e-09,-0.0043227103337711275,8.02990749981645e-07,-0.0001890066869906051,-5.954920917090841e-06,0.00048494778624081156
4.009763785944067e-10,-0.0043194076959534155,-1.8566238003227282e-07,-0.00018878399658092424,-5.9573080305798925e-06,0.00048457226222586766
4.0582928272872825e-10,-0.004316107581416894,-1.880530728536093e-07,-0.00018856183950845536,-5.959648239774375e-06,0.00048419725148673705
4.105753926549846e-10,-0.004312809988234259,-1.9039779785712983e-07,-0.00018834021699417524,-5.961835098888118e-06,0.00048382275717123876
4.152168874795702e-10,-0.004309514914479596,-1.9269744096778292e-07,-0.00018811912937742034,-5.963868301218244e-06,0.0004834487826464566
4.1975584780964427e-10,-0.004306222358227175,-1.9495287047141086e-07,-0.0001878985770156461,-5.965747543938622e-06,0.00048307533127687943
4.2419434430734396e-10,-0.004302932317554342,-1.9716493832874457e-07,-0.0001876785602857608,-5.96747252771834e-06,0.00048270240642343224
4.285343934455026e-10,-0.004299644790538894,-1.9933447967740723e-07,-0.00018745907958212942,-5.969042956784121e-06,0.00048233001144261134
2.585752305655182e-09,-0.004296359775259672,8.007680169551138e-07,-0.00018724013232408661,-5.970552541313969e-06,0.0004819581496822542
3.955116654176333e-10,-0.004293077269799942,-1.8425526934238446e-07,-0.0001870217259908847,-5.9717087723374545e-06,0.0004815868242486851
4.0039573200127507e-10,-0.004289797272239607,-1.8667320960539902e-07,-0.00018680385602341308,-5.972814345064344e-06,0.0004812160389529078
4.0517245125982705e-10,-0.004286519780663662,-1.890446571864767e-07,-0.0001865865238238118,-5.973764194340677e-06,0.0004808457969067127
4.098439920451234e-10,-0.00428324479315741,-1.9137050795073817e-07,-0.0001863697298705199,-5.974558044889912e-06,0.0004804761014385042
4.1441245823821145e-10,-0.00427997230780739,-1.9365164021056044e-07,-0.0001861534746571068,-5.975195625353895e-06,0.0004801069558695605
4.188799238602284e-10,-0.0042767023227021144,-1.9588891555615275e-07,-0.00018593775869049748,-5.97567666845254e-06,0.0004797383635131685
4.232484250594681e-10,-0.0042734348359315995,-1.9808317894223688e-07,-0.0001857225824941924,-5.976000911094876e-06,0.0004793703276745476
4.275199298682283e-10,-0.004270169845586432,-2.0023525891215102e-07,-0.00018550794660360744,-5.976168094281929e-06,0.0004790028516495074
2.577498334542176e-09,-0.0042669073497594995,8.034404225604634e-07,-0.00018529384856442912,-5.976271317528511e-06,0.0004786359387205137
3.9450239564631907e-10,-0.004263647346546124,-1.850536715874367e-07,-0.0001850802960595608,-5.976020101620814e-06,0.0004782695919204241
3.9931939649949313e-10,-0.004260389834040079,-1.8745645718363108e-07,-0.0001848672845559463,-5.975715136231286e-06,0.0004779038149891779
4.040304710074203e-10,-0.004257134810339684,-1.8981304210740833e-07,-0.0001846548156302188,-5.975252094256731e-06,0.00047753861095612077
4.086377331876726e-10,-0.004253882273542826,-1.921243163892461e-07,-0.0001844428898809352,-5.974630739415381e-06,0.00047717398306335723
4.1314327472003466e-10,-0.004250632221749583,-1.9439115305329982e-07,-0.00018423150791979482,-5.973850839850471e-06,0.00047680993454050344
4.175491311276388e-10,-0.004247384653061649,-1.9661440827923387e-07,-0.00018402067036819915,-5.972912168310675e-06,0.0004764464686037351
4.218573268754511e-10,-0.004244139565581604,-1.98794921629243e-07,-0.00018381037785803036,-5.9718145020113626e-06,0.00047608358845537354
2.5513563239852692e-09,-0.0042408969574126605,8.01346590567329e-07,-0.00018360062803936408,-5.970649801278726e-06,0.000475721297278434
3.8930578824702585e-10,-0.004237656826663288,-1.8373606852908982e-07,-0.00018339142868346398,-5.969131273000589e-06,0.00047535959800105857
3.941495952493222e-10,-0.0042344191714387604,-1.8616437717912358e-07,-0.00018318277529832307,-5.9675558675808515e-06,0.0004749984942544185
3.9888700005334165e-10,-0.004231183989847817,-1.8854599342483978e-07,-0.00018297466957022476,-5.965820599496943e-06,0.0004746379889526479
4.0352011164819045e-10,-0.0042279512800010455,-1.908818168018274e-07,-0.0001827671121758141,-5.963925270776754e-06,0.00047427808521739766
4.0805105236082964e-10,-0.004224721040009576,-1.9317272963657938e-07,-0.00018256010379800528,-5.961869688414397e-06,0.000473918786152458
4.124818756845745e-10,-0.004221493267986607,-1.9541959720038058e-07,-0.00018235364512798362,-5.9596536637457516e-06,0.0004735600948419305
4.1681456822254574e-10,-0.004218267962046474,-1.9762326791826944e-07,-0.00018214773686276142,-5.957277013593411e-06,0.00047320201435094463
4.210511218635391e-10,-0.004215045120305025,-1.9978457400787158e-07,-0.00018194237970451668,-5.954739559808767e-06,0.0004728445477232975
2.5439337910794265e-09,-0.004211824740879185,8.041855873045931e-07,-0.0001817375713674733,-5.952132717953413e-06,0.0004724876979781397
3.8848669543472723e-10,-0.004208606821889153,-1.8461506749159396e-07,-0.00018153331972237103,-5.949171577728195e-06,0.00047213146787004244
3.9326075358431114e-10,-0.004205391361453144,-1.870266685418727e-07,-0.00018132962026283088,-5.946151223795017e-06,0.00047177586085449176
3.9792985784681964e-10,-0.004202178357694061,-1.8939189908873547e-07,-0.00018112647476444367,-5.9429693801223615e-06,0.00047142087966029514
4.024961208476341e-10,-0.0041989678087348695,-1.9171165256213468e-07,-0.0001809238839518975,-5.939625894900762e-06,0.000471066527216862
4.069616152401879e-10,-0.004195759712699582,-1.9398680508363475e-07,-0.00018072184855249892,-5.93612062196702e-06,0.0004707128064287941
4.113283405560134e-10,-0.004192554067714006,-1.9621821586867843e-07,-0.000180520369295509,-5.932453420242201e-06,0.0004703597201744409
4.1559829529997963e-10,-0.004189350871906445,-1.984067276405427e-07,-0.00018031944691225668,-5.928624154023108e-06,0.0004700072713047339
2.518722425713224e-09,-0.004186150123403838,8.022517263434077e-07,-0.00018011907916435448,-5.924723169758822e-06,0.00046965546263923316
3.8347959793921013e-10,-0.004182951820339264,-1.833533110305741e-07,-0.0001799192739116735,-5.920469076686306e-06,0.00046930429672654126
3.8827765221435113e-10,-0.00417975596084196,-1.857893589504197e-07,-0.00017972002665202918,-5.91615338064311e-06,0.00046895377680843857
3.929703418536686e-10,-0.004176562543045798,-1.8817856546908798e-07,-0.00017952133919206086,-5.911675108674741e-06,0.0004686039053948265
3.975597737510959e-10,-0.0041733715650851076,-1.9052183294197866e-07,-0.00017932321226301994,-5.907034153561029e-06,0.00046825468518881105
4.0204802925264323e-10,-0.004170183025095492,-1.928200464203833e-07,-0.0001791256465954584,-5.902230413755831e-06,0.0004679061188615224
4.064371143055817e-10,-0.004166996921215363,-1.9507407386533645e-07,-0.0001789286429168995,-5.8972637932552454e-06,0.000467558209050695
4.107290585506032e-10,-0.004163813251582193,-1.9728476664829203e-07,-0.00017873220195328173,-5.892134201840496e-06,0.0004672109583606148
4.149257886080681e-10,-0.004160632014337225,-1.9945295944634474e-07,-0.00017853632442640856,-5.886841554918376e-06,0.00046686436935997646
2.5120239300024978e-09,-0.004157453207621098,8.052829489775781e-07,-0.0001783410080932844,-5.88147571909484e-06,0.0004665184445776978
3.827796824597939e-10,-0.0041542768295783124,-1.8428196099656915e-07,-0.00017814626079714341,-5.875757040525651e-06,0.00046617318626316186
3.875067278880482e-10,-0.004151102878352175,-1.8670034448397597e-07,-0.00017795207797470007,-5.8699752959718386e-06,0.0004658285973528323
3.9212986950615566e-10,-0.004147931352088487,-1.890722267344837e-07,-0.00017775846142791045,-5.864030192977674e-06,0.00046548468004139055
3.966512107058923e-10,-0.0041447622489349115,-1.9139850382462636e-07,-0.0001775654118540351,-5.857921677119225e-06,0.0004651414367094379
4.0107279804135393e-10,-0.004141595567039778,-1.93680054171438e-07,-0.00017737292994332275,-5.851649700423752e-06,0.00046479886969670565
4.053966317276875e-10,-0.0041384313045535175,-1.9591773970094303e-07,-0.00017718101637978823,-5.8452142202110195e-06,0.00046445698130127936
4.096246658183651e-10,-0.0041352694596275075,-1.9811240517803757e-07,-0.00017698967183788338,-5.838615200481034e-06,0.0004641157737787312
2.4876388129117777e-09,-0.004132110030414019,8.035210829036328e-07,-0.00017679889405798017,-5.83194150549993e-06,0.00046377524933770585
3.7790720948740995e-10,-0.00412895301506948,-1.8305205775615556e-07,-0.00017660869076373503,-5.824916838347692e-06,0.0004634354099000421
3.826565328327209e-10,-0.0041257984117475935,-1.8549427390222717e-07,-0.00017641905735163896,-5.8178275527254765e-06,0.0004630962580630975
3.8730157946354055e-10,-0.0041226462186063515,-1.878895297120216e-07,-0.00017622999556694995,-5.810574620873991e-06,0.00046275779568060035
3.918444391889749e-10,-0.004119496433804293,-1.902387298726524e-07,-0.0001760415060357742,-5.803158038377838e-06,0.0004624200247808194
3.96287173118909e-10,-0.004116349055501222,-1.9254276187723185e-07,-0.0001758535893744405,-5.795577806967549e-06,0.00046208294734498664
4.0063178570286496e-10,-0.0041132040818585595,-1.9480249571853617e-07,-0.00017566624618561922,-5.787833934477943e-06,0.0004617465653043743
4.048802356204532e-10,-0.004110061511039203,-1.9701878487105214e-07,-0.00017547947706032061,-5.779926435479658e-06,0.0004614108805402718
2.4641915813094124e-09,-0.004106921341206881,8.016322652098934e-07,-0.0001752932796868859,-5.771943207500979e-06,0.0004610758948785
3.7356271524396803e-10,-0.0041037835705287,-1.8205745021011456e-07,-0.00017510766161804272,-5.763611220374161e-06,0.00046074160985258914
3.7832421483247044e-10,-0.004100648197169625,-1.845189675584181e-07,-0.00017492261818465935,-5.755213491293017e-06,0.000460408027658589
3.8298124545071755e-10,-0.004097515219299476,-1.8693315276643847e-07,-0.00017473815103243064,-5.746652234335745e-06,0.0004600751497458561
3.875359248891302e-10,-0.004094384635087334,-1.8930091793915874e-07,-0.00017450735300289963,-5.3670757989693304e-06,0.00046023709773452686
3.919902802263231e-10,-0.004091256442704502,-1.9162315697447104e-07,-0.00017428019007085453,-5.002811891459629e-06,0.00046037876872864677
3.963463462562507e-10,-0.004088130640323825,-1.9390074722821243e-07,-0.0001740565243133826,-4.653262252185034e-06,0.0004605009692579271
4.00606080097884e-10,-0.004085007226119158,-1.9613454880335133e-07,-0.00017383622330699745,-4.3178520673848e-06,0.00046060447418685323
4.047714330291818e-10,-0.004081886198265795,-1.9832540526224186e-07,-0.00017361915990901812,-3.996029049179772e-06,0.00046069002795737083
2.4589534823423152e-09,-0.004078767554940227,8.047836088223043e-07,-0.00017340521019417417,-3.687349868117551e-06,0.0004607583457807763
3.7338993376617627e-10,-0.004075651294321887,-1.83229326171919e-07,-0.00017319426076147407,-3.391041353130161e-06,0.00046081011480080463
3.7807146625430807e-10,-0.004072537414589126,-1.8566849422872164e-07,-0.00017298619713611098,-3.1068783288937663e-06,0.00046084599515710276
3.82650195344968e-10,-0.004069425913923095,-1.8806076057284246e-07,-0.0001727809112666361,-2.83430142400496e-06,0.00046086662108953195
3.8712817958068136e-10,-0.0040663167905064315,-1.904070290198148e-07,-0.00017257829942124968,-2.572858402758687e-06,0.00046087260192952773
3.915074620030126e-10,-0.004063210042522611,-1.9270818575372895e-07,-0.0001723782620041803,-2.3221147485167997e-06,0.0004608645230832731
3.957900021713947e-10,-0.004060105668156729,-1.9496509966983325e-07,-0.0001721807033931567,-2.0816529684865048e-06,0.00046084294697108693
3.9997775266837035e-10,-0.0040570036655955205,-1.9717862336561878e-07,-0.0001719855317799619,-1.8510719273715568e-06,0.0004608084139296555
2.436177014097292e-09,-0.004053904033026252,8.031909690036993e-07,-0.00017179265820115505,-1.6300724744910197e-06,0.0004607614430768984
3.6898624264765587e-10,-0.0040508067686400055,-1.8217888620679033e-07,-0.00017160199878235452,-1.4180240903528796e-06,0.0004607025331550145
3.7368208920096147e-10,-0.004047711870625506,-1.8463843009234757e-07,-0.0001714134733074972,-1.2148325509759066e-06,0.0004606321633047831
3.7827491288812554e-10,-0.004044619337175434,-1.8705068009887728e-07,-0.00017122700278196238,-1.0200683159089662e-06,0.00046055079386663915
3.8276678093485124e-10,-0.004041529166483315,-1.894165468942098e-07,-0.0001710425123060846,-8.334028990467681e-07,0.0004604588670992338
3.8715968875831437e-10,-0.004038441356743894,-1.9173692437333282e-07,-0.00017085992996739398,-6.545206805594012e-07,0.0004603568078939588
3.914556608713254e-10,-0.00403535590615329,-1.9401268890106794e-07,-0.00017067918672219508,-4.831184023583696e-07,0.00046024502445647506
3.956566275357409e-10,-0.0040322728129091375,-1.9624469984733776e-07,-0.00017050021628186782,-3.1890468279740483e-07,0.0004601239089617983
3.997644831902878e-10,-0.004029192075210388,-1.98433800307632e-07,-0.0001703229550032251,-1.6159955144746715e-07,0.0004599938381832779
2.431403857254487e-09,-0.0040261136912566955,8.066535232630775e-07,-0.0001701473417754906,-1.1019846037310072e-08,0.0004598551740975636
3.687043739470635e-10,-0.004023037659251742,-1.8329626016678353e-07,-0.00016997331629160656,1.3335185010192165e-07,0.00045970826446807084
3.73323507227398e-10,-0.004019963977396589,-1.857345037832302e-07,-0.000169800825621968,2.715035289337171e-07,0.0004595534433902877
3.7784121811557505e-10,-0.004016892643896128,-1.8812586349504897e-07,-0.0001696298139341912,4.0376108138690095e-07,0.0004593910318478907
3.8225950243105583e-10,-0.004013823656956412,-1.9047124259885586e-07,-0.00016946022930814232,5.303537948575387e-07,0.00045922133821365473
3.8658039573773693e-10,-0.0040107570147846355,-1.9277152727547696e-07,-0.00016929202189540333,6.515019803685125e-07,0.00045904465874827086
3.9080584585308875e-10,-0.004007692715589333,-1.9502758596069407e-07,-0.0001691251438373975,7.674173253498217e-07,0.00045886127807612015
3.949377557346721e-10,-0.004004630757580386,-1.9724027076313514e-07,-0.000168959549183781,8.783032317638052e-07,0.00045867146964128616
2.409197180781368e-09,-0.004001571138968375,8.053031909264779e-07,-0.00016879519431385153,9.842701913868578e-07,0.0004584754961471485
3.642592443064008e-10,-0.0039985138579678664,-1.821970724548874e-07,-0.00016863203376442287,1.0857622631055639e-06,0.00045827360997867053
3.688944791865295e-10,-0.003995458912791093,-1.8465662972377942e-07,-0.00016847003170025472,1.1827021969157608e-06,0.0004580660536002575
3.7342800336634375e-10,-0.0039924063016541405,-1.870688927779923e-07,-0.00016830914685854424,1.2753497532012127e-06,0.0004578530599582875
3.7786186966868964e-10,-0.003989356022773584,-1.8943477274996898e-07,-0.00016814934175541843,1.3638715320031061e-06,0.0004576348528446526
3.8219808305685506e-10,-0.0039863080743674836,-1.917551629844712e-07,-0.00016799058040253083,1.448427616716264e-06,0.0004574116472596656
3.8643859008035567e-10,-0.003983262454655261,-1.940309399469103e-07,-0.0001678328282486859,1.5291718284966501e-06,0.0004571836497558794
3.90585324528937e-10,-0.003980219161858092,-1.9626296324347114e-07,-0.0001676760521203786,1.6062519722867755e-06,0.00045695105877096995
2.3877940869329776e-09,-0.003977178194197226,8.038421161462332e-07,-0.0001675202210106791,1.679725968938078e-06,0.0004567140649463167
3.602639975502731e-10,-0.0039741395498979985,-1.8130390808936711e-07,-0.00016736530021428826,1.7499840290389374e-06,0.00045647285143112214
3.6490675964294736e-10,-0.003971103227183834,-1.8378081134441638e-07,-0.000167211266197655,1.8169021118240846e-06,0.0004562275941750599
3.6944774703175725e-10,-0.003968069224281487,-1.8621008643146343e-07,-0.00016705808823080129,1.8806917670688127e-06,0.0004559784622183474
3.7388895357912e-10,-0.003965037539418365,-1.8859265053641035e-07,-0.00016690573925203393,1.941474078800184e-06,0.00045572561795602183
3.782324260259661e-10,-0.003962008170823719,-1.9092940351809414e-07,-0.00016675419328012907,1.9993653984786434e-06,0.0004554692174011858
3.824800995772575e-10,-0.003958981116727788,-1.9322122813112622e-07,-0.0001666034253701555,2.05447753102275e-06,0.0004552094104350452
3.866338966343707e-10,-0.003955956375362072,-1.954689898025127e-07,-0.00016645341157198277,2.106917913326124e-06,0.0004549463410475435
2.3671682366441016e-09,-0.003952933944959064,8.023279621986062e-07,-0.00016630412997028956,2.1567064830421504e-06,0.000454680147570709
3.566473533742315e-10,-0.003949913823755059,-1.8058464503696238e-07,-0.00016615555366949962,2.2041937885154123e-06,0.00045441096289589185
3.6129053241042254e-10,-0.003946896009984028,-1.8307554578966265e-07,-0.00016600766797143313,2.249222376902607e-06,0.00045413891468994416
3.6583196510601714e-10,-0.003943880501883678,-1.8551854846119058e-07,-0.00016586044976384467,2.291968606456094e-06,0.00045386412560397937
3.702736855149058e-10,-0.003940867297692019,-1.87914575661344e-07,-0.0001657138795077752,2.332520511945589e-06,0.00045358671346522713
3.7461768468418474e-10,-0.003937856395649011,-1.9026453241131937e-07,-0.00016556793844416744,2.370962692578312e-06,0.0004533067914682405
3.7886594036160786e-10,-0.0039348477939961345,-1.9256930639689386e-07,-0.00016542260856205332,2.4073764462873686e-06,0.00045302446835648923
3.830203742142883e-10,-0.003931841490975351,-1.9482976795583044e-07,-0.00016527787256775503,2.441839898933931e-06,0.0004527398485974023
3.8708286027354335e-10,-0.003928837484830652,-1.9704677081585747e-07,-0.000165133713857988,2.474428129769307e-06,0.00045245303254973316
2.364152704966183e-09,-0.003925835773806707,8.059634853773432e-07,-0.00016499011775035618,2.505130218319034e-06,0.00045216411662712676
3.569842487188449e-10,-0.003922836356151649,-1.820028947706931e-07,-0.00016484706357942105,2.534266171080558e-06,0.0004518731934468409
3.615403658343057e-10,-0.0039198392301114425,-1.8446669966583524e-07,-0.0001647045436848968,2.561650490212432e-06,0.00045158035198420793
3.659965495091021e-10,-0.0039168443939359985,-1.8688312854585808e-07,-0.00016456254101548611,2.5874317513958347e-06,0.0004512856777165595
3.7035475841302776e-10,-0.003913851845875948,-1.892530937345578e-07,-0.00016442104202299803,2.611671499016145e-06,0.00045098925275685906
3.7461700512841146e-10,-0.003910861584182814,-1.9157749074461105e-07,-0.000164280033698194,2.634428881064897e-06,0.0004506911559871187
3.787852037249358e-10,-0.00390787360711,-1.938571973641196e-07,-0.00016413950355108464,2.6557607420446655e-06,0.0004503914631854764
3.828612317213205e-10,-0.0039048879129116748,-1.9609307446244342e-07,-0.00016399943958746556,2.6757217146526027e-06,0.0004500902471476892
2.3439073674231526e-09,-0.003901904499843387,8.048436273002326e-07,-0.0001638598316429445,2.694281972197106e-06,0.0004497875778060929
3.530975245707186e-10,-0.0038989233661639662,-1.811254253714738e-07,-0.000163720663032875,2.7117404392425674e-06,0.000449483522336194
3.576603672304783e-10,-0.003895944510130213,-1.836062738112277e-07,-0.00016358193043323143,2.727895684465506e-06,0.00044917814527058354
3.6212320009380866e-10,-0.003892967930002449,-1.860394176992353e-07,-0.00016344362062485502,2.7428781307513836e-06,0.0004488715086028434
3.664880021654354e-10,-0.003889993624041895,-1.884257761635852e-07,-0.0001633057238174332,2.7567325841041857e-06,0.0004485636718845426
3.707567395888364e-10,-0.003887021590511073,-1.9076625021314735e-07,-0.0001631682306093789,2.7695021098179618e-06,0.00044825469232152073
3.7493133410726384e-10,-0.0038840518276737823,-1.930617242740545e-07,-0.00016303113197275537,2.78122810165745e-06,0.0004479446248666709
3.790137036710755e-10,-0.0038810843337951126,-1.953130653754588e-07,-0.00016289441923809966,2.7919503466188404e-06,0.0004476335223081982
2.324359237052825e-09,-0.003878119107141138,8.036606565012891e-07,-0.00016275808548232485,2.8016254685019234e-06,0.00044732143535630513
3.495646225378088e-10,-0.003875156145981129,-1.8041295377211135e-07,-0.00016262211693688605,2.810536556423024e-06,0.0004470084127184722
3.541275624627095e-10,-0.0038721954485824617,-1.8290766774834363e-07,-0.00016248651335595363,2.818471137526823e-06,0.00044669450118487065
3.585905288621073e-10,-0.003869237013216326,-1.8535441011725004e-07,-0.00016235126429879892,2.8255462805548625e-06,0.00044637974570282805
3.629554961052048e-10,-0.00386628083815443,-1.8775410521201773e-07,-0.00016221636268290714,2.8317946379901117e-06,0.0004460641894465401
3.672244833035591e-10,-0.003863326921669805,-1.9010765903349267e-07,-0.00016208180170664598,2.837247599258244e-06,0.0004457478738878691
3.713993628629063e-10,-0.003860375262036996,-1.92415960756915e-07,-0.00016194757483713318,2.8419353396189103e-06,0.00044543083886309907
3.754820756296327e-10,-0.003857425857531658,-1.9467988242856282e-07,-0.0001618136757996639,2.84588686843969e-06,0.00044511312263719496
3.794744320530342e-10,-0.0038544787064307634,-1.9690027855897136e-07,-0.00016168009856614454,2.8491300739172364e-06,0.0004447947619654516
2.322126475118153e-09,-0.003851533807012299,8.076616124766598e-07,-0.00016154683878337955,2.851610306608809e-06,0.0004444757921547181
3.4990099610862105e-10,-0.003848591157557455,-1.8183306132916219e-07,-0.0001614138850124982,2.8535992162043533e-06,0.00044415624711378464
3.5437839329687137e-10,-0.00384565075634538,-1.8430064302213483e-07,-0.00016128123945384807,2.8548742127217445e-06,0.0004438361594148281
3.58757580748813e-10,-0.0038427126016592427,-1.8672077570896928e-07,-0.00016114889386969688,2.8555420885520307e-06,0.00044351556034573114
3.6304052510484135e-10,-0.003839776691782483,-1.8909437384466307e-07,-0.00016101684332943742,2.8556257555826407e-06,0.0004431944799570337
3.672291688228726e-10,-0.00383684302499996,-1.9142233352173137e-07,-0.00016088508309620907,2.8551472444701823e-06,0.0004428729471126801
3.71325389336275e-10,-0.0038339115995980767,-1.9370553422889793e-07,-0.00016075360861869773,2.854127738994745e-06,0.0004425509895352722
3.753310733106966e-10,-0.0038309824138640664,-1.959448382856697e-07,-0.00016062241552326653,2.8525876094013397e-06,0.00044222863385243204
2.3028236233900568e-09,-0.0038280554660865196,8.06846052023028e-07,-0.00016049150104024767,2.8504656570288147e-06,0.00044190590564013936
3.460754587148548e-10,-0.0038251307545572803,-1.8094808811750765e-07,-0.00016036085526743512,2.8480245772399337e-06,0.00044158282945885147
3.505597156479186e-10,-0.0038222082775659447,-1.8343285680152288e-07,-0.0001602304818485521,2.845037118119631e-06,0.0004412594288994587
3.5494566990338644e-10,-0.003819288033405996,-1.8586984537215753e-07,-0.00016010037395622445,2.8416030003811033e-06,0.0004409357266206279
3.592353090038596e-10,-0.003816370020371513,-1.8825997436826002e-07,-0.00015997052800499956,2.8377389814876655e-06,0.0004406117443829433
3.6343052422495045e-10,-0.0038134542367577236,-1.9060414663202184e-07,-0.00015984094054853046,2.8334611783819556e-06,0.00044028750308529785
3.675332814871736e-10,-0.00381054068086127,-1.9290324765481021e-07,-0.00015971160827473024,2.828785093458214e-06,0.00043996302279902263
3.7154539616648274e-10,-0.0038076293509804993,-1.951581455752182e-07,-0.0001595825279983781,2.8237256388552943e-06,0.0004396383227994299
2.2841510578387516e-09,-0.003804720245413784,8.059524694625712e-07,-0.00015945369807078845,2.8182170269250698e-06,0.0004393134215999605
3.4258893830407743e-10,-0.00380181336246353,-1.802237407610205e-07,-0.00015932510974336667,2.812514954243859e-06,0.00043898833697551815
3.470736662225528e-10,-0.0037989087004297673,-1.827226025797003e-07,-0.00015919676764627224,2.8063892798037836e-06,0.00043866308599713205
3.514601529168285e-10,-0.00379600625761627,-1.8517341288495323e-07,-0.00015906866598040844,2.7999344256501998e-06,0.0004383376850604131
3.5575032967502753e-10,-0.0037931060323276857,-1.8757709735868195e-07,-0.00015894080212666846,2.793162680251945e-06,0.00043801214990888434
3.5994616835155377e-10,-0.0037902080228697514,-1.899345640773175e-07,-0.0001588131735653667,2.7860858674095696e-06,0.0004376864956601069
3.6404959016556566e-10,-0.0037873122275492647,-1.922467034789116e-07,-0.00015868577787185622,2.778715364587878e-06,0.0004373607368309285
3.680623725731339e-10,-0.0037844186446749093,-1.9451438832876808e-07,-0.00015855861271359391,2.7710621201521104e-06,0.0004370348873606816
2.266087329443637e-09,-0.003781527272555512,8.050253853835976e-07,-0.00015843167722958968,2.763057176949138e-06,0.00043670896063620487
3.39387893631974e-10,-0.003778638109503998,-1.7963482310814165e-07,-0.00015830496354710344,2.754950666858512e-06,0.00043638296950695104
3.4386782674170897e-10,-0.0037757511538305723,-1.8214517020813172e-07,-0.00015817847695267045,2.746510830900958e-06,0.00043605692631244926
3.482496667089548e-10,-0.003772866403849344,-1.8460724450714218e-07,-0.0001580522124013731,2.737828085226632e-06,0.0004357308429018602
3.5253534178354846e-10,-0.00376998385787546,-1.8702197572043305e-07,-0.00015792616796511344,2.728911473081076e-06,0.0004354047306507304
3.567267968459706e-10,-0.0037671035142248562,-1.8939027643777037e-07,-0.00015780034178687903,2.7197697009912225e-06,0.0004350786004808095
3.608259676486058e-10,-0.003764225371214764,-1.9171304102174652e-07,-0.000157674732078264,2.7104111505373076e-06,0.0004347524628775592
3.6483468117434525e-10,-0.0037613494271639494,-1.9399114667025797e-07,-0.0001575493371155482,2.700843892907086e-06,0.0004344263279071316
2.24860849769938e-09,-0.003758475680391702,8.041011226223562e-07,-0.00015742415658402353,2.6909968250501172e-06,0.00043410020523509425
3.3642646435310037e-10,-0.0037556041292211816,-1.7915949375029227e-07,-0.00015729918328756323,2.681115571289486e-06,0.00043377410413649207
3.408971986743457e-10,-0.003752734771973054,-1.8167913849130163e-07,-0.00015717442293088868,2.670967661936363e-06,0.00043344803351585005
3.4527008948436913e-10,-0.0037498676069716353,-1.8415033137937838e-07,-0.00015704987102378108,2.66064044975553e-06,0.00043312200192271424
3.4954705631272985e-10,-0.0037470026325420744,-1.8657400568081076e-07,-0.0001569255261315989,2.6501406219226015e-06,0.0004327960175628467
3.5373005796470704e-10,-0.003744139847010561,-1.8895107680025078e-07,-0.000156801386870102,2.6394746204047718e-06,0.0004324700883119877
3.578209489436258e-10,-0.003741279248704997,-1.912824427596761e-07,-0.00015667745190375772,2.6286486519909037e-06,0.00043214422172967534
3.618215940004123e-10,-0.003738420835954124,-1.9356898403083152e-07,-0.00015655371994338527,2.6176686970345706e-06,0.00043181842507109214
3.657337872455772e-10,-0.003735564607088483,-1.9581156435884303e-07,-0.00015643018974424293,2.606540518384321e-06,0.0004314927052992736
2.2479740661772197e-09,-0.003732710560438554,8.084492810802876e-07,-0.00015630686141016777,2.5951908768102786e-06,0.0004311670690983312
3.3716623956672376e-10,-0.003729858694338876,-1.8079282134244908e-07,-0.0001561837282942733,2.583863045975031e-06,0.0004308415228788541
3.415457845182318e-10,-0.0037270090071218624,-1.8328122603036924e-07,-0.00015606079642250988,2.5723227069336958e-06,0.0004305160727933646
3.458293557045465e-10,-0.0037241614971233283,-1.8572178067249757e-07,-0.00015593806173752015,2.56065518774439e-06,0.0004301907247480528
3.500188600228018e-10,-0.0037213161626799196,-1.8811540718124118e-07,-0.00015581552319055613,2.5488652854401006e-06,0.00042986548440823036
3.541161918691319e-10,-0.003718473002129233,-1.9046300958525494e-07,-0.0001556931797674106,2.536957626521742e-06,0.0004295403572096856
3.581231891750139e-10,-0.003715632013810498,-1.9276547439998083e-07,-0.00015557103048673384,2.524936672589016e-06,0.0004292153483675354
3.620417136719032e-10,-0.003712793196064075,-1.9502367165289306e-07,-0.00015544907439812866,2.51280672735904e-06,0.0004288904628846858
2.230538989625257e-09,-0.0037099565472310503,8.07982699878136e-07,-0.0001553273118385771,2.5004937404036393e-06,0.00042856570556215666
3.3375095318440005e-10,-0.0037071220656560923,-1.8005912068134118e-07,-0.00015520573657991222,2.4882378739385208e-06,0.0004282410810012172
3.3813126329107096e-10,-0.00370428974968154,-1.8256179792109568e-07,-0.00015508435475537289,2.475805268853126e-06,0.00042791659361639993
3.424156738362864e-10,-0.0037014595976534513,-1.8501635055823073e-07,-0.00015496316260651626,2.463279427738224e-06,0.0004275922476440851
3.4660602389118644e-10,-0.003698631607918669,-1.8742370469813867e-07,-0.00015484215932047874,2.4506639523955595e-06,0.0004272680471455798
3.507042182659392e-10,-0.0036958057788249784,-1.8978477048483754e-07,-0.00015472134410981727,2.437962320196669e-06,0.0004269439960152111
3.5471215284301064e-10,-0.0036929821087217265,-1.9210043941204093e-07,-0.0001546007162089416,2.425177889033967e-06,0.00042662009798759103
3.586315946455968e-10,-0.003690160595959227,-1.9437158610641727e-07,-0.000154480274875436,2.412313901803102e-06,0.00042629635664289246
2.21362492897588e-09,-0.0036873412388889596,8.074623266147468e-07,-0.00015436002059127346,2.3992958660985536e-06,0.0004259727754156232
3.306026218335155e-10,-0.0036845240358652394,-1.7945451789824396e-07,-0.0001542399474760575,2.3863612409546245e-06,0.00042564935759440434
3.349788048352641e-10,-0.0036817089852409996,-1.8196898120109705e-07,-0.00015412006168445477,2.3732769391108263e-06,0.0004253261063325131
3.3925914575320124e-10,-0.0036788960853721153,-1.8443509225314084e-07,-0.00015400035968362504,2.3601249909272168e-06,0.0004250030246541421
3.434456110884073e-10,-0.0036760853346154247,-1.8685378300417608e-07,-0.0001538808408274154,2.3469081286234465e-06,0.00042468011545646457
3.475400452870655e-10,-0.0036732767313289168,-1.8922596681730067e-07,-0.00015376150448534077,2.3336289938752006e-06,0.0004243573815157842
3.5154434250353327e-10,-0.0036704702738719897,-1.9155253955074552e-07,-0.00015364235004335252,2.3202901413321616e-06,0.00042403482549183873
3.5546028182145154e-10,-0.0036676659606051073,-1.9383438009531502e-07,-0.00015352337690216256,2.3068940419451263e-06,0.00042371244993298684
2.197213273587893e-09,-0.003664863789889464,8.069235034938625e-07,-0.00015340458562750653,2.2933660244838616e-06,0.00042339025728158243
3.276792761653552e-10,-0.003662063760089932,-1.789585985422564e-07,-0.00015328597063443827,2.279941154398492e-06,0.0004230682498740875
3.3204718594322984e-10,-0.0036592658695690085,-1.8148275452934744e-07,-0.0001531675380369899,2.266387329427804e-06,0.0004227464299480203
3.3631950424703134e-10,-0.003656470116692889,-1.8395837202581678e-07,-0.00015304928447795963,2.252785367778261e-06,0.0004224247996485728
3.404981591349176e-10,-0.0036536764998281656,-1.8638638575034695e-07,-0.00015293120942452316,2.2391373686726868e-06,0.00042210336102833934
3.445849993273971e-10,-0.003650885017343123,-1.8876771281429338e-07,-0.00015281331235523945,2.225445364763738e-06,0.00042178211605164924
3.4858185720473406e-10,-0.003648095667607018,-1.911032526509289e-07,-0.00015269559275948673,2.211711325606836e-06,0.0004214610665991171
3.5249057104142504e-10,-0.0036453084489903556,-1.933938875262356e-07,-0.00015257805013668086,2.1979371595197436e-06,0.0004211402144698344
2.181283668983073e-09,-0.0036425233598643045,8.063949563863201e-07,-0.00015246068509072153,2.1840482028125074e-06,0.00042081956138655623
3.249448794950384e-10,-0.0036397403986032782,-1.7855367934480305e-07,-0.00015234349229567467,2.170277365583211e-06,0.0004204991089949088
3.2930119975556214e-10,-0.0036369595635804878,-1.8108577571979673e-07,-0.0001522264777792684,2.1563936704814026e-06,0.00042017885886820025
3.335621515929811e-10,-0.003634180853171695,-1.8356918026144854e-07,-0.00015210963832348613,2.142476917698355e-06,0.0004198588125135769
3.3772973199083304e-10,-0.0036314042657536946,-1.8600483125490967e-07,-0.00015199297347283925,2.12852874384457e-06,0.00041953897137079793
3.4180577949440317e-10,-0.0036286297997044376,-1.8839364860093203e-07,-0.00015187648277906651,2.11455073759828e-06,0.00041921933681546904
3.457921221583398e-10,-0.003625857453403075,-1.9073653422800896e-07,-0.0001517601658012378,2.100544441048125e-06,0.00041889991016265025
3.496905603125086e-10,-0.0036230872252303605,-1.9303437336285296e-07,-0.0001516440221047521,2.0865113520418544e-06,0.00041858069266824204
2.1658144988685805e-09,-0.0036203191135672206,8.058997430476418e-07,-0.00015152805229948235,2.072376944378587e-06,0.0004182616855327923
3.2236861270708556e-10,-0.00361755311679815,-1.782244787506286e-07,-0.00015141225129107293,2.05837215856516e-06,0.00041794288990071484
3.2671053832313603e-10,-0.0036147892333058423,-1.8076305714773497e-07,-0.00015129662499088677,2.0442672311913205e-06,0.0004176243068632966
3.3095747822689685e-10,-0.003612027461476313,-1.8325281874564886e-07,-0.00015118117029271384,2.03014108821402e-06,0.0004173059374651927
3.351113212399232e-10,-0.0036092677996959264,-1.856947042246823e-07,-0.00015106588679153095,2.0159950282783088e-06,0.000416987782701668
3.39173961569934e-10,-0.0036065102463528295,-1.880896358827942e-07,-0.00015095077408739814,2.0018303148506825e-06,0.0004166698435211487
3.431472335050505e-10,-0.003603754799835989,-1.904385183898308e-07,-0.00015083583178445342,1.987648176899016e-06,0.0004163521208284683
3.4703289321855686e-10,-0.003601001458536053,-1.9274223884377932e-07,-0.00015072105949235474,1.973449811144219e-06,0.00041603461548539705
2.1507833749289317e-09,-0.003598250220843597,8.054560836820222e-07,-0.00015060645780324406,1.9591609201542057e-06,0.00041571732831414336
3.1992412340118834e-10,-0.003595501085153384,-1.7795782363813517e-07,-0.00015049202183440707,1.945010621569667e-06,0.0004154002600952561
3.2424941202260926e-10,-0.0035927540498576194,-1.805016794139473e-07,-0.00015037775735881906,1.930770416620675e-06,0.0004150834115708009
3.284801220775428e-10,-0.0035900091133523986,-1.8299661699745027e-07,-0.00015026366136339833,1.9165184665083786e-06,0.0004147667834499134
3.326181060999497e-10,-0.00358726627403391,-1.85443578662467e-07,-0.00015014973347491563,1.9022558213842892e-06,0.0004144503764051194
3.3666524925611634e-10,-0.0035845255302998508,-1.8784348849728203e-07,-0.0001500359733234222,1.8879835053251695e-06,0.0004141341910756197
3.4062338186786365e-10,-0.0035817868805491726,-1.9019725332158073e-07,-0.0001499223805422468,1.873702517620108e-06,0.0004138182280687055
3.444942606922631e-10,-0.003579050323182269,-1.9250576200293817e-07,-0.0001498089547661075,1.8594138330567898e-06,0.0004135024879601159
3.4827969219368704e-10,-0.003576315856600272,-1.9476988660561974e-07,-0.00014969569563299468,1.8451184033057373e-06,0.00041318697129651133
2.1519574105288314e-09,-0.0035735834792053485,8.10387218538972e-07,-0.00014958260370524505,1.8307416906582578e-06,0.00041287167859701445
3.2097599735979564e-10,-0.003570853189403054,-1.797753373291237e-07,-0.00014946967428723263,1.816512622926908e-06,0.0004125566103515699
3.252071126098342e-10,-0.0035681249855965846,-1.8228440471291566e-07,-0.00014935691302502986,1.8022024207497709e-06,0.00041224176702187466
3.2934556285905195e-10,-0.003565398866192738,-1.847452236207369e-07,-0.00014924431697372687,1.7878890636863418e-06,0.00041192714904917196
3.333931976417301e-10,-0.0035626748295989937,-1.871587238523106e-07,-0.0001491318857804322,1.773573399379903e-06,0.00041161275684781717
3.3735183516827153e-10,-0.003559952874224086,-1.895258172027229e-07,-0.00014901961909407095,1.759256256660499e-06,0.0004112985908092183
3.4122331165344895e-10,-0.003557232998478124,-1.9184739774427792e-07,-0.0001489075165653836,1.7449384459387042e-06,0.0004109846513025854
3.4500933060070636e-10,-0.003554515200771802,-1.941243421037619e-07,-0.00014879557784548174,1.7306207607806924e-06,0.00041067093867539996
2.1367163441060946e-09,-0.0035517994795174483,8.104576866164422e-07,-0.0001486838034515067,1.7162290069074249e-06,0.0004103574532554955
3.1793724373446425e-10,-0.003549085833129593,-1.7916552596575491e-07,-0.00014857218887439225,1.7019904869904786e-06,0.00041004419534950207
3.2216445635157057e-10,-0.0035463742600218414,-1.8168647796846403e-07,-0.0001484607395947905,1.687677746871178e-06,0.00040973116524299007
3.262991478725811e-10,-0.0035436647586107573,-1.8415895287524842e-07,-0.00014834945273607943,1.6733681448844767e-06,0.0004094183632073628
3.3034313493911033e-10,-0.0035409573273133465,-1.865838845269329e-07,-0.00014823832795419752,1.6590623961409538e-06,0.000409105789494925
3.3429827878898966e-10,-0.003538251964548068,-1.8896218904817052e-07,-0.00014812736490611128,1.6447612024491545e-06,0.00040879344434083394
3.381663322430029e-10,-0.0035355486687343295,-1.9129476451167324e-07,-0.00014801656324859303,1.6304652515280094e-06,0.0004084813279638463
3.419490604552147e-10,-0.003532847438293233,-1.9358249229917082e-07,-0.00014790592263977268,1.6161752185177004e-06,0.00040816944056745876
2.1218613578342933e-09,-0.003530148271645875,8.104835247659722e-07,-0.00014779544354322736,1.6018172809039494e-06,0.0004078577823414639
3.1509757822401154e-10,-0.003527451167217161,-1.7865435441056208e-07,-0.00014768512162972603,1.5876171825969589e-06,0.0004075463534594551
3.193173001275252e-10,-0.0035247561234303154,-1.8118529129938902e-07,-0.00014757496220782455,1.5733487998112646e-06,0.0004072351540791894
3.2344470854692637e-10,-0.00352206313871124,-1.8366755883213796e-07,-0.00014746496246303682,1.5590889130004192e-06,0.00040692418434973407
3.274815959028813e-10,-0.0035193722114867324,-1.861020944033815e-07,-0.00014735512205393985,1.5448381381149535e-06,0.0004066134444051866
3.314298377662723e-10,-0.0035166833401847875,-1.8848981786229435e-07,-0.00014724544063946212,1.530597080303953e-06,0.00040630293436804603
3.352911885267592e-10,-0.003513996523234909,-1.9083163092531502e-07,-0.00014713591787777447,1.5163663348014955e-06,0.00040599265434854566
3.390673811234653e-10,-0.0035113117590673077,-1.931284179952683e-07,-0.00014702655342750944,1.5021464864001179e-06,0.0004056826044456815
2.107379142062128e-09,-0.0035086290461130497,8.104916988741002e-07,-0.00014691734769504785,1.4878641014952552e-06,0.0004053727847489189
3.1242641044083904e-10,-0.00350594838280648,-1.7822629192644495e-07,-0.00014680829652516096,1.4737434237686613e-06,0.0004050631953360224
3.166356903120469e-10,-0.003503269767580348,-1.8076561278346094e-07,-0.00014669940505068207,1.4595596531851273e-06,0.00040475383627226296
3.2075286016666317e-10,-0.0035005931988701783,-1.8325610246678944e-07,-0.00014659067051442186,1.4453890269621811e-06,0.00040444470761808664
3.2477979958710166e-10,-0.0034979186751123506,-1.8569870212692535e-07,-0.00014648209257386857,1.4312320851000494e-06,0.00040413580942246055
3.287183325867923e-10,-0.003495246194744545,-1.8809433424703413e-07,-0.00014637367088541264,1.417089358848868e-06,0.0004038271417256933
3.325702389309408e-10,-0.0034925757562058535,-1.9044390355370687e-07,-0.0001462654051057894,1.4029613719740901e-06,0.0004035187045600203
3.3633720650873257e-10,-0.003489907357935929,-1.927482975967728e-07,-0.00014615729489041474,1.3888486401223907e-06,0.0004032104979489908
2.0932549932926115e-09,-0.003487240998375294,8.105041389757289e-07,-0.00014604934058582244,1.37467812649407e-06,0.0004029025219092163
3.098974606889248e-10,-0.003484576675968287,-1.7786788371666906e-07,-0.00014595695977368876,1.2783318406669817e-06,0.00040257263343127826
3.140938052526863e-10,-0.0034819143891569263,-1.8041424672843818e-07,-0.00014584872791080137,1.2675610864046874e-06,0.0004022660038231046
3.1819837687571434e-10,-0.0034792541363862267,-1.8291164307565936e-07,-0.00014574067338407872,1.2566783931976029e-06,0.00040195957005606276
3.22213000153499e-10,-0.0034765959161023865,-1.853610161118778e-07,-0.00014563279493209422,1.2456893114367572e-06,0.00040165333348060904
3.2613950548466026e-10,-0.0034739397267524955,-1.877632912257321e-07,-0.00014552509132828207,1.234599185842875e-06,0.00040134729538617866
3.2997965047132175e-10,-0.0034712855667847252,-1.9011937559747123e-07,-0.0001454175613802625,1.2234131641547314e-06,0.00040104145700601326
3.337351796295888e-10,-0.0034686334346486093,-1.924301591737413e-07,-0.00014531020392839777,1.212136203992089e-06,0.00040073581951718615
2.0794733438727422e-09,-0.003465983328794462,8.105384613762972e-07,-0.00014520301844789154,1.2006999822036855e-06,0.0004004303840450164
3.0748819204009756e-10,-0.003463335247675593,-1.7756750115995511e-07,-0.00014509600046132637,1.1893300624172925e-06,0.0004001251516636966
3.1166961028246526e-10,-0.003460689189743679,-1.801197889446051e-07,-0.00014498915393849134,1.1778082104513295e-06,0.0003998201233943657
3.1575958928600643e-10,-0.003458045153453303,-1.8262299594744065e-07,-0.00014488247556904393,1.1662134955215575e-06,0.0003995153002167145
3.1975998538592745e-10,-0.003455403137259765,-1.8507806767199104e-07,-0.00014477596433733883,1.1545500307931476e-06,0.0003992106830630478
3.2367257886293586e-10,-0.0034527631396200457,-1.874859314690775e-07,-0.00014466961925356454,1.1428217799750997e-06,0.00039890627282267236
3.2749914637293243e-10,-0.003450125158991528,-1.8984749696743978e-07,-0.00014456343935207643,1.1310325625604917e-06,0.0003986020703428381
3.3124140793106315e-10,-0.003447489193833388,-1.921636558670877e-07,-0.00014445742368983836,1.119186060080049e-06,0.0003982980764307617
2.066018090895596e-09,-0.003444855242605541,8.106085994702401e-07,-0.0001443515719035814,1.1072131660314263e-06,0.00039799429185629183
3.051794223150849e-10,-0.0034422233037703504,-1.7731511903745286e-07,-0.00014424587985863112,1.095336945217318e-06,0.00039769071735179057
3.0934427207323125e-10,-0.003439593375788934,-1.7987240656144263e-07,-0.00014414035157243478,1.083339337651891e-06,0.00039738735361050044
3.134180865183071e-10,-0.003436965457125671,-1.8238051699560662e-07,-0.0001440349839665957,1.0712978907106168e-06,0.00039708420129683545
3.174026393240866e-10,-0.0034343395462450676,-1.8484039755008299e-07,-0.00014392977620197484,1.0592156703058607e-06,0.00039678126104030777
3.21299798154343e-10,-0.003431715641613398,-1.8725297814729473e-07,-0.00014382472745725112,1.047095632684917e-06,0.0003964785334391854
3.2511126385801893e-10,-0.0034290937416976983,-1.8961916916158104e-07,-0.00014371983692858654,1.03494062900637e-06,0.0003961760190614906
3.2883879554887893e-10,-0.003426473844966256,-1.9193986483786458e-07,-0.00014361510382906932,1.0227534095224133e-06,0.00039587371844594237
2.0528728128855655e-09,-0.0034238559498884495,8.107253552175406e-07,-0.00014351052789495611,1.0104644044195809e-06,0.0003955716321042822
3.029547306596984e-10,-0.003421240054936092,-1.7710211616192492e-07,-0.00014340610528169626,9.982945337195168e-07,0.00039526976052152706
3.0710169601884493e-10,-0.0034186261585797636,-1.7966364492999593e-07,-0.00014330183999472466,9.86026182375327e-07,0.0003949681041527058
3.111580666226677e-10,-0.003416014259292904,-1.8217591513527996e-07,-0.0001431977291371426,9.737356821768257e-07,0.0003946666634337335
3.1512557933788497e-10,-0.0034134043555496996,-1.846398754693959e-07,-0.00014309377199520087,9.614253336842905e-07,0.00039436543877447247
3.19006053443661e-10,-0.0034107964458256895,-1.8705645671661702e-07,-0.00014298996786828855,9.490973575742037e-07,0.0003940644305625806
3.2280123413834925e-10,-0.0034081905285972204,-1.894265717144984e-07,-0.0001428863160680454,9.367538973900576e-07,0.000393763639163093
3.2651283842228474e-10,-0.003405586602341931,-1.9175111545496072e-07,-0.0001427828159180255,9.24397022795825e-07,0.0003934630649201698
2.0400211950371514e-09,-0.0034029846655383245,8.10896876597049e-07,-0.00014267946721141137,9.119569296062946e-07,0.0003931627081587534
3.0080020842037676e-10,-0.0034003847166677176,-1.7692110150044554e-07,-0.00014257626635397175,8.996526589437506e-07,0.00039286256918435515
3.0492831109343885e-10,-0.003397786754210125,-1.7948625542043684e-07,-0.00014247321729906376,8.872672281820435e-07,0.00039256264827927775
3.0896619668115327e-10,-0.003395190776648363,-1.82002080556248e-07,-0.00014237031729293727,8.748759787764343e-07,0.00039226294571384105
3.129156510804304e-10,-0.0033925967824655653,-1.8446952761724568e-07,-0.0001422675657115925,8.624806508035973e-07,0.0003919634617388926
3.1677849989633075e-10,-0.003390004770146582,-1.8688952854280644e-07,-0.00014216496194004887,8.500829261339933e-07,0.00039166419658892386
3.2055644612228553e-10,-0.003387414738177409,-1.8926299716550085e-07,-0.0001420625053723446,8.3768443013962e-07,0.0003913651504824031
3.2425118072019356e-10,-0.003384826685044747,-1.915908299348051e-07,-0.0001419601954104252,8.252867338459026e-07,0.0003910663236224959
2.027446990662424e-09,-0.0033822406092363236,8.111290762393704e-07,-0.00014185803187294113,8.128199616126983e-07,0.0003907677161984966
2.9870405442445355e-10,-0.0033796565092427855,-1.7676575953893518e-07,-0.0001417560113884096,8.005014773253105e-07,0.00039046932838598307
3.028124805372463e-10,-0.0033770743835533964,-1.793340439329174e-07,-0.0001416541378280956,7.881150589928108e-07,0.00039017116034227426
3.068311542614926e-10,-0.0033744942306599547,-1.8185293945554358e-07,-0.00014155240855550383,7.757352228720409e-07,0.000389873212217759
3.107617966349359e-10,-0.003371916049055536,-1.8432339733088764e-07,-0.0001414508230104342,7.633632978082904e-07,0.000389575484147825
3.1460625736894144e-10,-0.0033693398372337453,-1.867463512107301e-07,-0.00014134938063825554,7.510005697399521e-07,0.0003892779762564387
3.1836623334355577e-10,-0.0033667655936895705,-1.891227159340096e-07,-0.00014124808089123827,7.38648283094133e-07,0.0003889806886555638
3.22043416785188e-10,-0.0033641933169195567,-1.9145338910649536e-07,-0.00014114711480703096,7.253373041628915e-07,0.0003886836203170731
2.015134374202409e-09,-0.0033616230054204378,8.114259917010082e-07,-0.0001410459392151957,7.137492388259024e-07,0.0003883867699629425
2.966563979254285e-10,-0.0033590546576919675,-1.766307125763379e-07,-0.00014094456400701267,7.040265032122977e-07,0.00038809011723889286
3.0074457067193724e-10,-0.0033564882722324084,-1.7920173625271184e-07,-0.000140843005436662,6.95883728788573e-07,0.0003877936426052269
3.04743362451236e-10,-0.0033539238475430544,-1.8172331810382025e-07,-0.00014074127305497612,6.893268594712553e-07,0.000387497327333823
3.086546683445954e-10,-0.0033513613821260007,-1.8419641113913048e-07,-0.00014063937795622314,6.842918549870768e-07,0.00038720115346210006
3.1248016768455414e-10,-0.0033488008744843255,-1.86621948870591e-07,-0.00014053733080512061,6.807171508720104e-07,0.0003869051037693855
3.1622162458267784e-10,-0.003346242323121562,-1.890008479202251e-07,-0.00014043514185487,6.785435615434701e-07,0.00038660916175085804
3.1988068219240325e-10,-0.0033436857265436216,-1.913340065438076e-07,-0.0001403328209644112,6.777141868074524e-07,0.00038631331159251606
2.0030679361160356e-09,-0.0033411310832566253,8.117900980767038e-07,-0.00014023037795769507,6.781037190630147e-07,0.0003860175381474986
2.9464883417059737e-10,-0.003338578391769839,-1.76511400916152e-07,-0.00014012781939456252,6.798726016856011e-07,0.0003857218269293592
2.987163125687038e-10,-0.00333602765059027,-1.790848610772909e-07,-0.00014002515825220957,6.827559704924747e-07,0.0003854261640176
3.0269488205671536e-10,-0.0033334788582282666,-1.816088320991015e-07,-0.0001399224009992847,6.867770667388668e-07,0.00038513053614515016
3.0658636954378253e-10,-0.003330932013194967,-1.8408426812108068e-07,-0.0001398195557698709,6.918891409177457e-07,0.00038483493060546993
3.103925129303322e-10,-0.0033283871140024853,-1.8651210409127977e-07,-0.00013971663039840604,6.980472406016892e-07,0.00038453933524986724
3.141150512276014e-10,-0.0033258441591644157,-1.8889325708133782e-07,-0.0001396136324312629,7.05208141248159e-07,0.00038424373846933905
3.1775565550840017e-10,-0.00332330314719506,-1.9122862610497482e-07,-0.00013951056913977415,7.133302764653481e-07,0.0003839481291756097
1.9912328427330413e-09,-0.0033207640766097415,8.122225790507108e-07,-0.0001394074478970119,7.223034648267789e-07,0.00038365249678315574
2.9267448466111404e-10,-0.0033182269459262857,-1.7640397599943335e-07,-0.00013930427282510821,7.323008430423599e-07,0.0003833568312259559
2.967209243984028e-10,-0.0033156917536615706,-1.7897964278180016e-07,-0.0001392010547223573,7.43072911433842e-07,0.0003830611228087053
3.0067896425476376e-10,-0.003313158498334444,-1.815057786186677e-07,-0.00013909779787085418,7.546552834942936e-07,0.00038276536238647133
3.045503913955557e-10,-0.0033106271784653736,-1.8398333754597072e-07,-0.00013899450834516902,7.670137641207034e-07,0.00038246954122152926
3.083369233747373e-10,-0.0033080977925760073,-1.8641325530943595e-07,-0.00013889119201106884,7.801154639569443e-07,0.00038217365100035624
3.120402704338268e-10,-0.0033055703391885317,-1.8879644971672143e-07,-0.00013878785453709107,7.939287475463434e-07,0.0003818776838189692
3.156620546094182e-10,-0.003303044816826301,-1.9113382102285965e-07,-0.00013868450140233895,8.084231850005058e-07,0.00038158163217011566
1.979614933704987e-09,-0.0033005212240135085,8.127235587573763e-07,-0.00013858113832033886,8.234996816001595e-07,0.00038128548893036904
2.907275087797891e-10,-0.0032979995592774458,-1.7630520406508992e-07,-0.00013847776762398735,8.393402040061363e-07,0.00038098924739482314
2.9475279181825017e-10,-0.003295479821143613,-1.7888291082138785e-07,-0.00013837439871991415,8.557068805327252e-07,0.0003806929010757558
2.986901148128313e-10,-0.0032929620081402367,-1.8141104705684768e-07,-0.00013827103435046863,8.72644124214462e-07,0.0003803964439718684
3.025412856024941e-10,-0.0032904461187968177,-1.838905678594019e-07,-0.000138167679176493,8.90126858345623e-07,0.00038009987037233145
3.063079802025716e-10,-0.0032879321516439287,-1.863224098823793e-07,-0.00013806433771859766,9.081309542795291e-07,0.0003798031748924403
3.099919667091887e-10,-0.0032854201052123825,-1.8870749191084714e-07,-0.00013796101436162355,9.266331946524092e-07,0.0003795063524619937
3.1359484534080097e-10,-0.0032829099780349144,-1.9104671416934759e-07,-0.0001378577133646505,9.456112374052285e-07,0.0003792093983163741
1.9682005477847194e-09,-0.0032804017686448492,8.132923011206634e-07,-0.0001377544393504452,9.64974143170821e-07,0.000378912307986705
2.8880314203740417e-10,-0.003277895475578151,-1.7621238642543578e-07,-0.00013765119332567838,9.849099116968709e-07,0.00037861507735274444
2.9280714757576153e-10,-0.0032753910973693516,-1.7879201847081468e-07,-0.00013754798387303208,1.0051895798020414e-06,0.00037831770238736065
2.9672368274109885e-10,-0.0032728886325560954,-1.81322042889938e-07,-0.00013744481265792763,1.0258637704526018e-06,0.0003780201795120559
3.005545194164032e-10,-0.0032703880796765123,-1.838034153927657e-07,-0.00013734168339116538,1.0469140311304505e-06,0.0003777225053514405
3.0430136091418454e-10,-0.0032678894372694923,-1.862370734131385e-07,-0.00013723859969130177,1.0683225987188527e-06,0.0003774246767817552
3.0796589121761784e-10,-0.0032653927038755414,-1.886239361381379e-07,-0.00013713556508787974,1.090072371642782e-06,0.00037712669092515913
3.115497922210337e-10,-0.0032628978780365175,-1.9096490492713064e-07,-0.00013703258302677512,1.1121468848368304e-06,0.0003768285451401638
1.9569768489385062e-09,-0.0032604049582941825,8.139273813294916e-07,-0.00013692965744632111,1.1344612246475519e-06,0.00037653023701734973
2.8689749825258767e-10,-0.003257913943193616,-1.7612328605708565e-07,-0.00013682678835850835,1.1572074003280896e-06,0.0003762317644472998
2.908802104345986e-10,-0.003255424831278484,-1.7870477116128447e-07,-0.0001367239839267428,1.1801633768976265e-06,0.0003759331253088194
2.94775949868913e-10,-0.0032529376210949632,-1.8123661322645396e-07,-0.00013662124506696205,1.2033841114657684e-06,0.0003756343179151142
2.985864331859646e-10,-0.0032504523111899254,-1.8371976812719167e-07,-0.00013651857487105467,1.226855965965689e-06,0.00037533534071111787
3.0231336889913984e-10,-0.0032479689001119077,-1.8615517406272145e-07,-0.00013641597637140465,1.250565803736439e-06,0.0003750361923398281
3.05958460134598e-10,-0.003245487386410232,-1.885437512053409e-07,-0.00013631345254334405,1.2745009694903809e-06,0.0003747368716367873
1.9312362224501852e-09,-0.00324300776863422,8.092416354249537e-07,-0.00013621100695942074,1.2985810551735324e-06,0.00037443737762535333
2.8181380892723463e-10,-0.003240530045337376,-1.7393053147182606e-07,-0.0001361086389841165,1.3229988112423544e-06,0.00037413770959959986
2.8584647075627174e-10,-0.0032380542150703957,-1.765543111225918e-07,-0.00013600635660966073,1.3475386178927348e-06,0.00037383786676438934
2.897911674632332e-10,-0.0032355802763878176,-1.7912763272601534e-07,-0.00013590416030908334,1.3722575786919105e-06,0.0003735378487564517
2.9364966955847223e-10,-0.0032331082278442918,-1.8165146830805166e-07,-0.00013580205282345316,1.3971451786850541e-06,0.0003732376552937338
2.974237379885476e-10,-0.003230638067995506,-1.8412677163078055e-07,-0.0001357000368570489,1.4221912815672827e-06,0.00037293728625653665
3.0111504337437326e-10,-0.003228169795398517,-1.8655447699016642e-07,-0.00013559811507725769,1.447386116080018e-06,0.0003726367416821859
3.047252024571642e-10,-0.0032257034086117685,-1.889355017967322e-07,-0.00013549629011746955,1.4727202612170924e-06,0.0003723360217606517
1.921305279899892e-09,-0.0032232389061936434,8.096156374545189e-07,-0.00013539456533016777,1.498116775577257e-06,0.0003720351268313905
2.8067964397432807e-10,-0.003220776286705992,-1.7429301299903553e-07,-0.0001352929394680102,1.523770047451559e-06,0.000371734057481828
2.84676272490686e-10,-0.0032183155487089847,-1.769099496308966e-07,-0.0001351914205646353,1.5494689692097528e-06,0.0003714328141309411
2.8858569677506387e-10,-0.003215856690765149,-1.7947656002079117e-07,-0.00013509000871908403,1.5752727537943866e-06,0.0003711313976372518
2.924096852660016e-10,-0.0032133997114387157,-1.8199381371848942e-07,-0.0001349887064290676,1.6011735386156574e-06,0.00037082980889344776
2.961499414416996e-10,-0.003210944609293593,-1.8446266159206652e-07,-0.00013488751616966854,1.6271637372115597e-06,0.0003705280489208991
2.9980815878666743e-10,-0.003208491382895967,-1.8688403627288434e-07,-0.00013478644039645424,1.653236028346859e-06,0.00037022611886691666
3.033859821702728e-10,-0.0032060400308129354,-1.892588523916703e-07,-0.00013468548154703857,1.6793833468155607e-06,0.0003699240200006739
1.9115162169949465e-09,-0.0032035905516118036,8.10181603836662e-07,-0.00013458464289600806,1.7055313616104602e-06,0.00036962175371120645
2.7943968108943403e-10,-0.003201142943863265,-1.745872998923649e-07,-0.00013448392270167583,1.7318753242749648e-06,0.0003693193216218772
2.834027279171939e-10,-0.0031986972061357126,-1.7719870660050987e-07,-0.00013438332917997355,1.7582078214954726e-06,0.00036901672511415086
2.8727931099550074e-10,-0.0031962533370013383,-1.797598937310419e-07,-0.0001342828621709846,1.7845894410945369e-06,0.0003687139660262909
2.910711509876297e-10,-0.0031938113350317944,-1.822718287131e-07,-0.0001341825240394062,1.8110142533534351e-06,0.00036841104618957394
2.947799588053696e-10,-0.003191371198801034,-1.8473546043046934e-07,-0.00013408231714123016,1.8374765309901836e-06,0.00036810796753903034
2.98407412686217e-10,-0.003188932926883706,-1.8715171925379235e-07,-0.00013398224382219466,1.8639707395179322e-06,0.00036780473210986183
3.019550986060425e-10,-0.0031864965178551724,-1.895215177358446e-07,-0.0001338823064192314,1.8904915315203148e-06,0.0003675013420355836
1.9018509193587166e-09,-0.003184061970291719,8.109142145569007e-07,-0.00013378250822392165,1.9169665649126453e-06,0.0003671977995452741
2.781082786407693e-10,-0.0031816292827729327,-1.7482115351439e-07,-0.00013368284707830055,1.9435913987707193e-06,0.0003668941070948973
2.8203995552880684e-10,-0.0031791984538757836,-1.7742819405460997e-07,-0.00013358333147460712,1.970161713095261e-06,0.00036659026683110146
2.858858391514951e-10,-0.003176769482180806,-1.7998509905469744e-07,-0.00013348396106440736,1.9967389405802884e-06,0.00036628628137966643
2.896476224064235e-10,-0.0031743423662693795,-1.8249283416765675e-07,-0.00013338473815555142,2.0233185641866113e-06,0.0003659821533239017
2.933269739663929e-10,-0.00317191710472346,-1.8495234676050433e-07,-0.00013328566505232752,2.049896213193444e-06,0.0003656778853305614
2.969256267706081e-10,-0.0031694936961259423,-1.8736456676408886e-07,-0.00013318674405591414,2.0764676600481046e-06,0.00036537348014526675
3.004451903168299e-10,-0.003167072139061571,-1.8973040424132781e-07,-0.00013308797746460141,2.1030288126396805e-06,0.00036506894059292193
1.8922937586470705e-09,-0.0031646524321150486,8.117910724230888e-07,-0.00013298936864347124,2.129508863926285e-06,0.0003647642695750687
2.7669817132829123e-10,-0.0031622345738744136,-1.7500151823612964e-07,-0.0001328909150697784,2.1561032861387604e-06,0.00036445947021616177
2.8060037596965736e-10,-0.0031598185629255573,-1.7760522239730244e-07,-0.00013279262556642222,2.1826104086039994e-06,0.000364154545267273
2.8441741557440476e-10,-0.0031574043978581175,-1.8015885525130962e-07,-0.0001326944996430954,2.209092127728141e-06,0.00036384949798659664
2.881510061287709e-10,-0.003154992077261034,-1.8266338145799043e-07,-0.00013259653959315278,2.235544960593183e-06,0.0003635443315565558
2.918027912586384e-10,-0.0031525815997260533,-1.8511974712979333e-07,-0.00013249874771074718,2.2619655318770375e-06,0.0003632390492259835
2.9537444995830855e-10,-0.0031501729638441518,-1.8752888029239352e-07,-0.00013240112628961593,2.2883505704083474e-06,0.0003629336543059864
2.988675683657826e-10,-0.0031477661682085267,-1.8989169034177925e-07,-0.00013230367762441113,2.314696905384802e-06,0.0003626281501710287
1.882831338175159e-09,-0.00314536121141308,8.127923858983289e-07,-0.00013220640518817755,2.340934933282334e-06,0.0003623225402548939
2.752205958686319e-10,-0.003142958092053768,-1.7513460011377637e-07,-0.0001321093061182315,2.3672597621986654e-06,0.0003620168282149026
2.7909505488965886e-10,-0.0031405568087258286,-1.777358783526201e-07,-0.00013201238960138385,2.393472039263123e-06,0.0003617110172732626
2.8288494427116647e-10,-0.003138157360026678,-1.8028713187246543e-07,-0.00013191565502676823,2.419633852470101e-06,0.0003614051111891409
2.865919212640231e-10,-0.003135759744554588,-1.8278932460323192e-07,-0.00013181910469722748,2.4457424788635906e-06,0.00036109911361688145
2.9021774392654874e-10,-0.003133363960908901,-1.8524340204544556e-07,-0.00013172274091565272,2.471795275300179e-06,0.00036079302826172216
2.937639477033713e-10,-0.0031309700076905655,-1.8765029055609606e-07,-0.00013162656598754026,2.4977896751669366e-06,0.00036048685887766195
2.972321942955283e-10,-0.0031285778835006416,-1.90010899790287e-07,-0.00013153058222021622,2.5237231859943318e-06,0.00036018060926682117
1.8734521565998696e-09,-0.003126187586941263,8.139006861680034e-07,-0.00013143479320564918,2.5495271654489894e-06,0.0003598742832780585
2.7368556859571654e-10,-0.0031237991166175104,-1.752259452136807e-07,-0.00013133919575725018,2.5753961648304434e-06,0.00035956788498437667
2.775337406207717e-10,-0.003121412471132871,-1.77825600604841e-07,-0.00013124379943573554,2.6011328995006113e-06,0.0003592614179651688
2.8129793892797426e-10,-0.003119027649093309,-1.8037526313812527e-07,-0.00013114860351879149,2.626799455514835e-06,0.00035895488636842997
2.849798369818604e-10,-0.003116644649106148,-1.8287589552901736e-07,-0.00013105361032371491,2.652393671919443e-06,0.000358648294209522
2.885810379356016e-10,-0.0031142634697787492,-1.8532844195756436e-07,-0.00013095882216898348,2.677913446853787e-06,0.00035834164554171327
2.921031983878498e-10,-0.0031118841097204615,-1.877338294916062e-07,-0.00013086424137525638,2.7033567356627915e-06,0.0003580349444550695
2.9554787443970417e-10,-0.003109506567540928,-1.9009296623953437e-07,-0.00013076987026504471,2.7287215485863895e-06,0.0003577281950747329
1.864146495179482e-09,-0.003107130841851309,8.151005730473127e-07,-0.0001306757125493047,2.7539400273262018e-06,0.0003574214015607761
2.721018879987463e-10,-0.0031047569312648753,-1.7528050134979275e-07,-0.0001305817647195363,2.77920603407967e-06,0.0003571145682998868
2.759251690649547e-10,-0.0031023848343937413,-1.7787924242921068e-07,-0.00013048803670834424,2.8043241633957013e-06,0.0003568076991278869
2.7966495726075016e-10,-0.0031000145498523294,-1.804280076673589e-07,-0.00013039452767806388,2.8293563624700074e-06,0.00035650079848328377
2.8332296223350156e-10,-0.0030976460762560413,-1.8292776019505828e-07,-0.00013030123995750247,2.8543008891948274e-06,0.00035619387064489237
2.869008251066789e-10,-0.003095279412221243,-1.8537944420024108e-07,-0.00013020817587555637,2.8791560452274296e-06,0.00035588691991810775
2.9040014593410454e-10,-0.0030929145563657686,-1.8778398547251996e-07,-0.00013011533776210164,2.9039201754557832e-06,0.0003555799506336307
1.8407367119360371e-09,-0.0030905515073069976,8.10917216695596e-07,-0.00013002272941317662,2.9285264940021326e-06,0.00035527296714756
2.674125368965315e-10,-0.0030881902636662613,-1.7318384912089575e-07,-0.0001299303470813955,2.953166719522835e-06,0.00035496597404562286
2.71280293501175e-10,-0.003085830824063068,-1.7582303332025867e-07,-0.00012983820095539128,2.9776484198642274e-06,0.00035465897531614023
2.75063686646386e-10,-0.003083473187119397,-1.7841146225290713e-07,-0.00012974629011290053,3.0020328644797006e-06,0.0003543519755769015
2.787645125723516e-10,-0.003081117351457461,-1.8095011456489708e-07,-0.00012965461688362238,3.026318591508799e-06,0.0003540449792651966
2.823843060175981e-10,-0.003078763315701713,-1.8343994863294876e-07,-0.00012956318359558317,3.050504173398432e-06,0.00035373799083581706
2.8592479295621035e-10,-0.003076411078476856,-1.8588190523547587e-07,-0.000129471992576139,3.0745882163684786e-06,0.0003534310147593095
2.893875351638461e-10,-0.003074060638408414,-1.8827690686874938e-07,-0.00012938104615153146,3.098569359197464e-06,0.0003531240555220579
1.8324699668902247e-09,-0.003071711994123158,8.118735096575847e-07,-0.00012929034821108093,3.122381374554279e-06,0.00035281711762438734
2.6646794337333145e-10,-0.003069365144250373,-1.7363051998417868e-07,-0.0001291998946763181,3.146215183031368e-06,0.00035251020580265985
2.7029859120099275e-10,-0.003067020087417724,-1.7626123780050427e-07,-0.00012910969607661868,3.169879954191326e-06,0.0003522033241392652
2.7404569330547414e-10,-0.0030646768222558976,-1.788413641814282e-07,-0.00012901975135164197,3.1934366753136368e-06,0.00035189647738262717
2.777109519389712e-10,-0.0030623353473957027,-1.8137187361850198e-07,-0.00012893006281631853,3.2168841325276855e-06,0.00035158967007568724
2.812960184746415e-10,-0.0030599956614696926,-1.8385372167504388e-07,-0.00012884063278347923,3.24022113856105e-06,0.00035128290676806397
2.848024640167092e-10,-0.003057657763110785,-1.862878460356859e-07,-0.0001287514635609665,3.2634465323577886e-06,0.00035097619201757433
2.882318818442357e-10,-0.0030553216509530967,-1.8867516610509326e-07,-0.00012866255745408214,3.2865591775588605e-06,0.00035066953038676886
1.8242410979825032e-09,-0.0030529873236319794,8.130190754869033e-07,-0.00012857391842540153,3.309493326147489e-06,0.00035036292644409224
2.6538320011008715e-10,-0.003050654779784572,-1.739842829882626e-07,-0.00012848554205382578,3.332439080191691e-06,0.0003500563849991145
2.6917988350473983e-10,-0.0030483240180476604,-1.7660832407492875e-07,-0.0001283974391873371,3.355207102623011e-06,0.00034974991015323907
2.7289378513232355e-10,-0.0030459950370594945,-1.7918190235015043e-07,-0.00012830960860920333,3.377858057307269e-06,0.00034944350671008617
2.765265805661662e-10,-0.003043667835459314,-1.8170598967709348e-07,-0.00012822205260116116,3.4003909224430516e-06,0.0003491371792434497
2.8007976383496674e-10,-0.003041342411888657,-1.841815387971412e-07,-0.0001281347734406385,3.4228046971164146e-06,0.0003488309323261642
2.835550798430157e-10,-0.0030390187649879104,-1.8660948637240806e-07,-0.0001280477733979809,3.4450984007734008e-06,0.0003485247705292963
2.869540368853419e-10,-0.0030366968934005503,-1.8899074845974562e-07,-0.00012796105473767417,3.467271072297366e-06,0.0003482186984203973
1.816037380457126e-09,-0.0030343767957694023,8.143221436631368e-07,-0.00012787462147261799,3.4892573832132192e-06,0.0003479127205649174
2.641789672901339e-10,-0.003032058470740463,-1.742570509768928e-07,-0.00012778846882621268,3.5112466129705e-06,0.0003476068417755335
2.6794448529353184e-10,-0.0030297419169582457,-1.768759748044268e-07,-0.0001277026079398731,3.533050827719407e-06,0.00034730106610226814
2.7162780732264325e-10,-0.0030274271330696465,-1.7944453394327998e-07,-0.00012761703742115852,3.5547303426557053e-06,0.0003469953983358823
2.75230669093705e-10,-0.0030251141177226938,-1.8196369907052054e-07,-0.00012753175949972736,3.5762842876974412e-06,0.0003466898430133559
2.787546516406259e-10,-0.0030228028695663523,-1.8443442179458503e-07,-0.00012744677639605617,3.597711809639439e-06,0.0003463844046626259
2.8220134196135953e-10,-0.003020493387249811,-1.868576347652942e-07,-0.00012736209032277338,3.6190120710222836e-06,0.0003460790878017278
2.8557227315096185e-10,-0.003018185669424347,-1.8923425386137486e-07,-0.00012727770348388345,3.6401842505901246e-06,0.0003457738969376293
1.8078486672103803e-09,-0.0030158797147414153,8.157551875109183e-07,-0.0001271936199176205,3.6611633927509137e-06,0.0003454688365672489
2.6287340468407203e-10,-0.00301357552185525,-1.7445934959510672e-07,-0.00012710983448048147,3.682137961598756e-06,0.00034516391144187873
2.666100566128932e-10,-0.003011273089418318,-1.7707451261607392e-07,-0.0001270263585814157,3.7029213504853925e-06,0.00034485912549728773
2.7026518394873455e-10,-0.0030089724160862366,-1.7963938342425837e-07,-0.00012694319063344373,3.723573512091456e-06,0.00034455448344790325
2.7384040408318413e-10,-0.0030066735005151403,-1.8215493109688497e-07,-0.0001268603327923631,3.7440936990915007e-06,0.0003442499897316067
2.773373462389127e-10,-0.0030043763413617574,-1.8462210580998252e-07,-0.00012677778720280076,3.7644811775396717e-06,0.00034394564877021156
2.8075757529981334e-10,-0.003002080937284318,-1.870418398437654e-07,-0.00012669555599921473,3.7847352272235027e-06,0.00034364146496782813
1.7858188034389947e-09,-0.0029997872869415793,8.117993037814447e-07,-0.0001266136432098136,3.804791670851758e-06,0.0003433374427129326
2.584865721989923e-10,-0.002997495388994435,-1.7246823686747864e-07,-0.00012653204341642695,3.8248368513733155e-06,0.00034303358665287474
2.6226307371173623e-10,-0.002995205242103307,-1.751218092602911e-07,-0.0001264507681704884,3.844686661332867e-06,0.00034272990057959663
2.6595729411750636e-10,-0.0029929168449303965,-1.7772434974567368e-07,-0.00012636981572791727,3.864400277166356e-06,0.00034242638909174624
2.695708912201158e-10,-0.002990630196139269,-1.80276841415777e-07,-0.00012628918816434657,3.88397704167704e-06,0.00034212305649449675
2.7310543266013904e-10,-0.0029883452943941426,-1.8278024818147564e-07,-0.00012620888754313756,3.903416309153439e-06,0.00034181990707037496
2.765625763964764e-10,-0.0029860621383598143,-1.85235516330745e-07,-0.00012612891591438024,3.922717445216616e-06,0.00034151694507920363
2.799438534255731e-10,-0.0029837807267028573,-1.8764357274155796e-07,-0.000126049275314895,3.941879827167185e-06,0.0003412141747569643
1.77853394556446e-09,-0.002981501058089328,8.130344551847684e-07,-0.0001259699697553991,3.960839581701774e-06,0.0003409116003168839
2.577210687693278e-10,-0.002979223131189986,-1.730121442692954e-07,-0.00012589099343492043,3.979782294519029e-06,0.00034060922624015694
2.6145856570863577e-10,-0.0029769469446718324,-1.7565537731834737e-07,-0.00012581235812084114,3.998525039785572e-06,0.0003403070561008251
2.6511457973642816e-10,-0.0029746724972065475,-1.7824777736559576e-07,-0.00012573406184352928,4.017126636226379e-06,0.00034000509431910704
2.6869075666911377e-10,-0.0029723997874645343,-1.8079032398322804e-07,-0.00012565610657058494,4.035586514755491e-06,0.00033970334500042163
2.7218869913279503e-10,-0.002970128814118868,-1.8328397741343126e-07,-0.00012557849425534468,4.053904116828531e-06,0.0003394018122219046
2.7560999121405567e-10,-0.002967859575842491,-1.8572968000386074e-07,-0.00012550122683621705,4.0720788929785115e-06,0.00033910050003143596
2.7895618884177914e-10,-0.002965592071310067,-1.881283553657641e-07,-0.00012542430623634876,4.090110304231417e-06,0.0003387994124478062
1.7712316737874874e-09,-0.00296332629919627,8.144720951581093e-07,-0.00012534773642774554,4.1079347528381475e-06,0.0003384985534610898
2.567862716894784e-10,-0.0029610622581788286,-1.7344187191164608e-07,-0.0001252715112188908,4.125737105231697e-06,0.00033819792733932717
2.6048844196280703e-10,-0.0029587999469338397,-1.7607696403512037e-07,-0.00012519564257269572,4.143335549658581e-06,0.00033789753739178643
2.6410990366405675e-10,-0.0029565393641406345,-1.7866138007961418e-07,-0.00012512012827853322,4.1607885554897885e-06,0.00033759738781466463
2.6765224203158676e-10,-0.0029542805084780146,-1.8119609634507766e-07,-0.00012504497018092582,4.178095630772787e-06,0.0003372974824686738
2.71117088497434e-10,-0.0029520233786268584,-1.8368207045171556e-07,-0.00012497017010847355,4.195256292694937e-06,0.0003369978251808843
2.7450597406212647e-10,-0.00294976797326816,-1.8612024143177248e-07,-0.00012489572987341017,4.2122700673336525e-06,0.0003366984197445576
2.778204096789045e-10,-0.0029475142910846143,-1.8851153020120627e-07,-0.00012482165127082682,4.229136489344139e-06,0.00033639926991828496
1.7639012762309476e-09,-0.0029452623307590947,8.160743683707358e-07,-0.00012474793821631532,4.2457922127260235e-06,0.00033610037942730873
2.557076402055267e-10,-0.0029430120909775623,-1.7377261663146713e-07,-0.0001246745841244657,4.262421423459972e-06,0.00033580175228496305
2.593776916585309e-10,-0.002940763570424305,-1.7640147369233857e-07,-0.00012460160113276353,4.278843361411285e-06,0.0003355033914959201
2.629677366149035e-10,-0.00293851676778614,-1.7897977473076296e-07,-0.0001245289867788218,4.295116158224636e-06,0.00033520530099290366
2.664793235713497e-10,-0.0029362716817502646,-1.8150849375778808e-07,-0.0001244567427720276,4.3112393909137735e-06,0.0003349074843531059
2.699140592131334e-10,-0.002934028311005523,-1.8398858616469433e-07,-0.00012438487080429503,4.327212645333959e-06,0.0003346099451161618
2.7327348452203766e-10,-0.002931786654240961,-1.8642098898280617e-07,-0.00012431337254962329,4.343035514898225e-06,0.00033431268678292813
1.7429389417813246e-09,-0.0029295467101472226,8.122894041629922e-07,-0.00012424225184589914,4.358645330215288e-06,0.0003340157128179468
2.5156469730039547e-10,-0.0029273084774165637,-1.718742752993902e-07,-0.00012417150182742338,4.374224326401539e-06,0.0003337190269801978
2.5527084671119864e-10,-0.0029250719547407214,-1.7453975453277304e-07,-0.00012410113468933325,4.389593969921251e-06,0.0003334226319853311
2.588962707428096e-10,-0.0029228371408132935,-1.7715397262627883e-07,-0.00012403114777458993,4.4048116683290496e-06,0.0003331265315052009
2.6244262717179117e-10,-0.0029206040343283416,-1.797179168749061e-07,-0.00012396154266661896,4.419877054482412e-06,0.00033283072884285775
2.659114409100286e-10,-0.0029183726339820346,-1.8223255574444052e-07,-0.00012389232093093315,4.434789769337836e-06,0.0003325352272597158
2.693043085838127e-10,-0.0029161429384704646,-1.846988393079906e-07,-0.00012382348411379965,4.449549460944711e-06,0.0003322400299760498
2.7262272670577725e-10,-0.002913914946491076,-1.87117698903238e-07,-0.00012375503374346128,4.46415578501429e-06,0.0003319451401705816
1.736410788999006e-09,-0.0029116886567419624,8.137364064985538e-07,-0.00012368697357460865,4.478546280649239e-06,0.0003316505609816023
2.5094679741461004e-10,-0.0029094640679241494,-1.725036642999369e-07,-0.00012361929635458,4.4929025987664455e-06,0.00033135629585331026
2.5461224177759993e-10,-0.002907241178736598,-1.7515715705876174e-07,-0.0001235520144179008,4.507047127550872e-06,0.0003310623471391629
2.5819779081813185e-10,-0.0029050199878812846,-1.777596194412104e-07,-0.00012348512484664756,4.52103697069661e-06,0.0003307687181912789
2.617051463824746e-10,-0.002902800494060547,-1.8031203470582805e-07,-0.00012341862907417478,4.5348718209792415e-06,0.0003304754119733361
2.6513571541472175e-10,-0.002900582695977905,-1.8281536622194629e-07,-0.00012335252851570225,4.548551377649702e-06,0.00033018243140596037
2.6849118336238357e-10,-0.0028983665923374338,-1.852705608661807e-07,-0.00012328682456709541,4.562075347808064e-06,0.00032988977936550327
2.7177299842229697e-10,-0.002896152181844733,-1.8767854537755865e-07,-0.0001232215186056433,4.575443444884052e-06,0.0003295974586832657
1.7298237654821248e-09,-0.002893939463205895,8.15398979021226e-07,-0.00012315661429570748,4.588593396542182e-06,0.0003293054721491653
2.50135835279783e-10,-0.002891728435129882,-1.7300078742983047e-07,-0.00012309210400222713,4.601706320557349e-06,0.0003290138228691476
2.5376473350804603e-10,-0.0028895190963231713,-1.7564484067503633e-07,-0.00012302800019027606,4.614605462244123e-06,0.000328722512813631
2.5731455310870994e-10,-0.0028873114454958837,-1.78238045380278e-07,-0.00012296429967708516,4.627347640572736e-06,0.00032843154499304463
2.6078686132604337e-10,-0.002885105481358484,-1.8078138127265074e-07,-0.00012290100374483834,4.639932604448173e-06,0.00032814092201265875
2.6418321509047243e-10,-0.0028829012026218145,-1.8327580879387297e-07,-0.0001228381136565868,4.652360108771986e-06,0.00032785064643244276
2.675051315327819e-10,-0.0028806986079988575,-1.857222702932669e-07,-0.00012277563065602842,4.664629915989588e-06,0.00032756072076581695
2.70754109018311e-10,-0.0028784976962023556,-1.881216899685615e-07,-0.00012271355596806219,4.676741794480435e-06,0.00032727114748006914
1.7231685474798356e-09,-0.0028762984659463486,8.172340296126081e-07,-0.00012265189316106964,4.6886336421822715e-06,0.00032698192899831426
2.491611557992088e-10,-0.002874100915947553,-1.733835988969102e-07,-0.00012259063422967082,4.70048609214995e-06,0.000326693068073527
2.527571233441688e-10,-0.0028719050449208315,-1.7602041369664084e-07,-0.00012252979175888078,4.712123186810233e-06,0.0003264045662767903
2.5627470796323243e-10,-0.0028697108515839003,-1.786065195387358e-07,-0.00012246936230595292,4.723601478844197e-06,0.0003261164262621184
2.597154545866582e-10,-0.002867518334654836,-1.8114289321660825e-07,-0.00012240934700234643,4.7349207701081855e-06,0.00032582865026317025
2.630809487762185e-10,-0.0028653274928527764,-1.8363049276188877e-07,-0.0001223497469591686,4.746080869433462e-06,0.00032554124046541667
2.6637260446692604e-10,-0.0028631383248980953,-1.8607025739162143e-07,-0.00012229056327127982,4.757081591391051e-06,0.0003252541990076732
1.7030926139923666e-09,-0.00286095082951127,8.136509966452122e-07,-0.00012223179940173406,4.767861434624752e-06,0.0003249675279833453
2.4516535466803637e-10,-0.0028587650054160392,-1.7151824771283808e-07,-0.0001221734471052741,4.778599287254238e-06,0.00032468122982467004
2.4879556759697443e-10,-0.002856580851334247,-1.7419104868301853e-07,-0.00012211551897910902,4.7891211610890905e-06,0.0003243953057515124
2.523467619766805e-10,-0.0028543983659896893,-1.7681244735863467e-07,-0.00012205801139245512,4.7994829655105655e-06,0.0003241097580962884
2.558204455079357e-10,-0.00285221754810837,-1.7938343374389792e-07,-0.00012200092534872792,4.8096845475952836e-06,0.0003238245887600002
2.5921826303071306e-10,-0.002850038396415588,-1.8190497937277096e-07,-0.00012194426183143395,4.819725760645383e-06,0.00032353979959501934
2.625416726209547e-10,-0.0028478609096389174,-1.8437803645985332e-07,-0.00012188802180760975,4.829606464035851e-06,0.00032325539240650756
2.6579219066860916e-10,-0.0028456850865056713,-1.868035395299282e-07,-0.00012183220622582455,4.839326523596101e-06,0.00032297136895166444
1.6971490900283104e-09,-0.002843510925745124,8.153341049311311e-07,-0.00012177681845303719,4.848824570491831e-06,0.00032268773094176024
2.4460755330035706e-10,-0.0028413384260876427,-1.721775765513139e-07,-0.00012172184990501537,4.858279115973303e-06,0.0003224044804409274
2.481970921229536e-10,-0.0028391675862634524,-1.7483781358823455e-07,-0.00012166731329000563,4.867516839193527e-06,0.0003221216182579913
2.5170844189204757e-10,-0.002836998405004821,-1.7744689047205552e-07,-0.00012161320473294828,4.876593426268402e-06,0.00032183914635730093
2.55143175486416e-10,-0.0028348308810442644,-1.8000579238474448e-07,-0.00012155952509651008,4.885508773215368e-06,0.0003215570662567834
2.58502787727126e-10,-0.0028326650131155675,-1.8251548600962595e-07,-0.00012150627522555414,4.894262783026728e-06,0.0003212753794267659
2.6178882946853526e-10,-0.0028305007999537006,-1.8497691983657535e-07,-0.00012145345595069364,4.902855364115351e-06,0.0003209940872892871
2.650027769827042e-10,-0.0028283382402945097,-1.8739102338888253e-07,-0.00012140106808418247,4.911286430946117e-06,0.00032071319121889654
1.6911118253290596e-09,-0.002826177332873662,8.172303311212657e-07,-0.00012134911489879564,4.919494729014187e-06,0.00032043269254496284
2.438475244036878e-10,-0.0028240180764306415,-1.726953172440146e-07,-0.0001212975874950364,4.9276584477485594e-06,0.0003201525929634929
2.4740073499291795e-10,-0.0028218604697027383,-1.7534571652510973e-07,-0.00012124649869266194,4.935604867968815e-06,0.00031987289287270027
2.508765407767945e-10,-0.0028197045114299983,-1.7794514541424895e-07,-0.00012119584438302842,4.943389474053583e-06,0.0003195935938709134
2.542764576105957e-10,-0.0028175502003526735,-1.80494585043465e-07,-0.00012114562530057853,4.951012210024284e-06,0.0003193146970952838
2.576019968325231e-10,-0.0028153975352122975,-1.8299499884264103e-07,-0.00012109584216283699,4.958473026315108e-06,0.0003190362036358375
2.6085470985477596e-10,-0.0028132465147515913,-1.8544733153957488e-07,-0.00012104649567396289,4.965771878128567e-06,0.00031875811453542405
1.6718107000430265e-09,-0.002811097137713413,8.137306486368471e-07,-0.00012099758901285617,4.972848057804835e-06,0.00031848043079246333
2.400669687889385e-10,-0.002808949402843516,-1.7092995776548468e-07,-0.0001209491130965768,4.979878174352319e-06,0.0003182031537814727
2.4365091793378973e-10,-0.0028068033088857027,-1.7361441760200523e-07,-0.00012090108075325104,4.986691281769276e-06,0.00031792628355280326
2.471568608032429e-10,-0.0028046588545873746,-1.762472501340573e-07,-0.00012085348772143383,4.993342287999269e-06,0.0003176498213857994
2.50586365637008e-10,-0.002802516038695268,-1.7882945060695248e-07,-0.0001208063346332321,4.999831177829194e-06,0.00031737376808955997
2.539409478075331e-10,-0.0028003748599575986,-1.813619938801585e-07,-0.00012075962210716097,5.006157941057214e-06,0.00031709812442795083
2.572221236603508e-10,-0.00279823531712347,-1.8384583698309635e-07,-0.0001207133507481462,5.012322573464051e-06,0.000316822891117578
2.6043135141027637e-10,-0.0027960974089429598,-1.8628191803802635e-07,-0.00012066752114874245,5.018325076244051e-06,0.0003165480688299274
1.6664193494072452e-09,-0.0027939611341674642,8.155291717011029e-07,-0.00012062213641205494,5.024104817766082e-06,0.0003162736581929372
2.3965415502788063e-10,-0.0027918264915499248,-1.7168259188137313e-07,-0.00012057718718784002,5.029838198899184e-06,0.0003159996602256125
2.431954434438502e-10,-0.0027896934798415972,-1.7435269035170742e-07,-0.00012053268642400038,5.035354740630897e-06,0.00031572607458235023
2.4665960071497334e-10,-0.0027875620977973734,-1.769714383609238e-07,-0.00012048862965838404,5.040709194739168e-06,0.0003154529021906554
2.500481962113486e-10,-0.0027854323441720867,-1.795398253594845e-07,-0.00012044501742346418,5.0459015899696105e-06,0.00031518014349513854
2.5336268931312306e-10,-0.002783304217721208,-1.820588212818039e-07,-0.00012040185023856398,5.050931960446786e-06,0.00031490779889542807
2.566046621023124e-10,-0.0027811777172017465,-1.8452937847393917e-07,-0.0001203591286137403,5.055800345805977e-06,0.0003146358687474244
2.5977551735241407e-10,-0.0027790528413718157,-1.8695242933561432e-07,-0.00012031685304778706,5.060506790707537e-06,0.000314364353361854
1.6609072870029244e-09,-0.0027769295889891812,8.17559956617985e-07,-0.00012027502657843988,5.064990719939731e-06,0.00031409325300810144
2.390166305061585e-10,-0.002774807958815095,-1.7227603418184793e-07,-0.00012023363962112298,5.069428384884828e-06,0.0003138225683626109
2.425200183149303e-10,-0.0027726879496091264,-1.7493483654186742e-07,-0.00012019270525168152,5.073649704079187e-06,0.0003135522986958361
2.459471102330532e-10,-0.0027705695601324687,-1.775425063183766e-07,-0.00012015221882916933,5.077709295947821e-06,0.00031328244459710383
2.4929938622153846e-10,-0.0027684527891482023,-1.8010002817948093e-07,-0.00012011218080426696,5.081607231890446e-06,0.0003130130061595272
2.525783492498038e-10,-0.002766337635419803,-1.8260836855555835e-07,-0.00012007259161871872,5.085343588047292e-06,0.0003127439834336025
2.5578552895479473e-10,-0.002764224097711368,-1.8506847537307543e-07,-0.00012003345170533258,5.088918445840345e-06,0.00031247537642709803
1.642286779561663e-09,-0.0027621121747878155,8.141895318669731e-07,-0.0001199947640402906,5.092271721862811e-06,0.0003122071851079884
2.3537935163493077e-10,-0.0027600018654167706,-1.705645166171987e-07,-0.00011995651893672739,5.095578253440473e-06,0.0003119394098611177
2.389114029353411e-10,-0.0027578931683646,-1.7325634200680869e-07,-0.00011991872949509354,5.098669533791305e-06,0.0003116720496418491
2.423665966013679e-10,-0.0027557860823989285,-1.7589639836703353e-07,-0.00011988139097678687,5.101599672885724e-06,0.00031140510475211107
2.457464274976573e-10,-0.0027536806062895412,-1.7848568304498104e-07,-0.00011984450377980376,5.1043687774211485e-06,0.0003111385749914321
2.4905248944040886e-10,-0.0027515767388066096,-1.8102517484055732e-07,-0.0001198080682940901,5.10697695875227e-06,0.0003108724601173639
2.5228620437471067e-10,-0.002749474478720791,-1.835158321936216e-07,-0.00011977208490553484,5.109424333418466e-06,0.0003106067598476792
2.554490315805543e-10,-0.002747373824803829,-1.859585961586656e-07,-0.00011973655399441694,5.111711022116694e-06,0.00031034147385931583
1.637356526760323e-09,-0.0027452747758283645,8.161448608096659e-07,-0.00011970147850301939,5.113776959374201e-06,0.0003100766017916129
2.350444896800673e-10,-0.002743177330569516,-1.7136649821952792e-07,-0.00011966684857484372,5.115796948056686e-06,0.0003098121437173862
2.3853318310340154e-10,-0.0027410814878006907,-1.7404301161841278e-07,-0.0001196326774600818,5.117602740507383e-06,0.0003095480982389646
2.419459208259304e-10,-0.002738987246298251,-1.7666805106489702e-07,-0.00011959896028995758,5.11924836000955e-06,0.00030928446535205946
2.4528420804385324e-10,-0.0027368946048380734,-1.7924260800758943e-07,-0.00011956569742346064,5.120733951224085e-06,0.000309021244535852
2.485495671589543e-10,-0.002734803562198509,-1.817676555801996e-07,-0.00011953288921651794,5.122059663892395e-06,0.000308758435231939
2.5174345264450564e-10,-0.0027327141171575877,-1.8424414719525769e-07,-0.00011950053602299553,5.123225651913587e-06,0.0003084960368430021
2.548672824859737e-10,-0.0027306262684945537,-1.8667301822596801e-07,-0.00011946863819447414,5.124232073746817e-06,0.00030823404873386157
1.6322803730743862e-09,-0.0027285400149898416,8.183385377934288e-07,-0.0001194371986616684,5.125018861420451e-06,0.0003079724702342693
2.3447286087703224e-10,-0.002726455355425582,-1.7199821094291353e-07,-0.00011940620743486809,5.125760841878189e-06,0.0003077113011228765
2.37923253734622e-10,-0.0027243722885827762,-1.746626907075939e-07,-0.00011937567793225477,5.126289955469481e-06,0.0003074505396692991
2.412984613709086e-10,-0.002722290813245136,-1.7727592843574555e-07,-0.00011934560518175146,5.126660161818964e-06,0.00030719018558133116
2.4460002152068144e-10,-0.002720210928196537,-1.7983891136392116e-07,-0.00011931598953072246,5.12687164179536e-06,0.0003069302380382732
2.478294367901105e-10,-0.0027181326322221924,-1.8235260755883477e-07,-0.00011928683132779525,5.12692458037648e-06,0.000306670696184068
2.509881234922078e-10,-0.002716055924107601,-1.8481796639152882e-07,-0.00011925813092175109,5.1268191669128695e-06,0.0003064115591266048
1.6142521583536802e-09,-0.002713980802639489,8.151100215190047e-07,-0.00011922989123271234,5.126495770154579e-06,0.0003061528259402682
2.3093424627608025e-10,-0.0027119072666067913,-1.7031121452521488e-07,-0.00011920210226745171,5.126127966040773e-06,0.000305894496159889
2.344120676074282e-10,-0.002709835314797186,-1.730082444506139e-07,-0.0001191747775040995,5.125549071586316e-06,0.00030563656778724395
2.378142211507956e-10,-0.002707764946000428,-1.7565340531917946e-07,-0.00011914791194758273,5.124812604007407e-06,0.0003053790402907908
2.411421721635663e-10,-0.002705696159007159,-1.782476960242488e-07,-0.0001191215059595422,5.1239187735724354e-06,0.0003051219126040799
2.4439752880779483e-10,-0.0027036289526087983,-1.8079209733243656e-07,-0.00011909555990498746,5.122867794006589e-06,0.0003048651836271934
2.4758164073409995e-10,-0.0027015633255980083,-1.8328756937495188e-07,-0.00011907007415407377,5.121659883435623e-06,0.00030460885222624866
2.5069598007152166e-10,-0.002699499276767791,-1.857350554092474e-07,-0.00011904504908087934,5.120295263435062e-06,0.0003043529172344508
1.6096996035037958e-09,-0.002697436804912143,8.172314109026541e-07,-0.00011902048763875529,5.118714261029065e-06,0.0003040973774540488
2.3063729914572595e-10,-0.00269537590882716,-1.7113542817765226e-07,-0.00011899637977947733,5.117090590087847e-06,0.00030384223216363486
2.3407185817274284e-10,-0.0026933165873082488,-1.7381671704681324e-07,-0.00011897273918453372,5.1152576153280585e-06,0.0003035874790692447
2.3743168317794304e-10,-0.0026912588391524053,-1.764464402322418e-07,-0.00011894956081770455,5.113268836085438e-06,0.00030333311738941376
2.4071817127198157e-10,-0.0026892026631576927,-1.7902559072701222e-07,-0.00011892684508555466,5.111124493097793e-06,0.00030307914579582923
2.439329133403495e-10,-0.002687148058122558,-1.815551433851484e-07,-0.00011890459240223322,5.108824830518088e-06,0.0003028255629283256
2.470773072328704e-10,-0.002685095022847132,-1.8403605315511566e-07,-0.00011888280319124785,5.106370096282253e-06,0.00030257236739633046
1.5922959558263926e-09,-0.0026830435561317374,8.139933991511289e-07,-0.00011886148043680156,5.103701015552951e-06,0.0003023195577802017
2.2734272170035772e-10,-0.0026809936567788292,-1.6959576550102544e-07,-0.00011884061416045435,5.1009901625884385e-06,0.00030206713314691054
2.3080034660830017e-10,-0.0026789453235901827,-1.7230676723365005e-07,-0.00011882021813919927,5.0980721418509445e-06,0.00030181509096834823
2.341827675074696e-10,-0.0026768985553692675,-1.7496563058121994e-07,-0.00011880028737077334,5.095000054838752e-06,0.0003015634302563707
2.3749148295194296e-10,-0.0026748533509207413,-1.7757336001712924e-07,-0.00011878082232913711,5.091774166623969e-06,0.0003013121494694851
2.407280058475412e-10,-0.0026728097090493947,-1.8013094093898733e-07,-0.00011876182349916211,5.0883947455551074e-06,0.00030106124703668157
2.438937521640698e-10,-0.0026707676285614855,-1.826393390124023e-07,-0.00011874329137918314,5.084862062542391e-06,0.0003008107213580194
2.469901903810702e-10,-0.00266872710826441,-1.8509950215020631e-07,-0.000118725226479887,5.081176392105439e-06,0.00030056057080534733
1.5882247706779896e-09,-0.002666688146965796,8.161335538639735e-07,-0.00011870763187323626,5.077278374088427e-06,0.0003003107937237089
2.272384059249199e-10,-0.0026646507434754155,-1.705576318163792e-07,-0.0001186904976122365,5.073340842147017e-06,0.0003000613889616016
2.3064945331403205e-10,-0.0026626148966018702,-1.732502417676443e-07,-0.00011867383772326911,5.069198298765693e-06,0.0002998123537305191
2.339863212627045e-10,-0.0026605806051563587,-1.758910678838024e-07,-0.00011865764723211332,5.064903874853329e-06,0.00029956368682989437
2.372504175272482e-10,-0.002658547867950525,-1.7848110735575602e-07,-0.00011864192672264791,5.060457859761993e-06,0.0002993153864921745
2.404432385037539e-10,-0.002656516683796952,-1.8102133899223575e-07,-0.00011862667679643061,5.055860545488687e-06,0.0002990674509226016
2.4356622651779175e-10,-0.002654487051508905,-1.83512722127744e-07,-0.00011861189807047623,5.051112227043135e-06,0.0002988198783003755
2.4662072214281864e-10,-0.0026524589699008956,-1.8595619794931713e-07,-0.0001185975911808107,5.0462132012750214e-06,0.00029857266677735424
1.5839668043104047e-09,-0.0026504324377876814,8.185455230133017e-07,-0.00011858375931958585,5.041104000776364e-06,0.000298325814482682
2.2686179181671844e-10,-0.0026484074539865534,-1.713193022618472e-07,-0.00011857039262136063,5.035957778765671e-06,0.0002980793200637856
2.3023207179098624e-10,-0.002646384017313526,-1.7399737546222043e-07,-0.00011855750539057485,5.030608858973529e-06,0.00029783318049039607
2.335289646477704e-10,-0.0026443621265869826,-1.766239444863154e-07,-0.00011854509272137001,5.025110425511349e-06,0.00029758739436666837
2.3675396693485565e-10,-0.002642341780625775,-1.7920000202513898e-07,-0.00011853315534747929,5.019462788312573e-06,0.00029734195971699507
2.3990849000576865e-10,-0.0026403229782494065,-1.8172652074526506e-07,-0.00011852169402441938,5.01366625922011e-06,0.00029709687454045606
2.429939770115929e-10,-0.0026383057182785804,-1.842044555733254e-07,-0.00011851070952982197,5.007721152451112e-06,0.00029685213681187347
1.5670110690003296e-09,-0.002636289999535115,8.155300560181877e-07,-0.00011850020517023197,5.001568340428899e-06,0.0002966077444834875
2.2355220321294473e-10,-0.002634275820841694,-1.697256216370764e-07,-0.00011849017127541189,4.995379997321431e-06,0.0002963636960379562
2.2694655277617896e-10,-0.002632263181021017,-1.7243444692131408e-07,-0.00011848062231478478,4.988991482647238e-06,0.0002961199882543704
2.302670821749005e-10,-0.0026302520788980123,-1.7509117606325112e-07,-0.00011847155352149274,4.982455646414195e-06,0.00029587661957529286
2.335153012615961e-10,-0.0026282425132977765,-1.7769681287040416e-07,-0.00011846296579439718,4.975772813258832e-06,0.00029563358785604597
2.366926046882622e-10,-0.0026262344830460904,-1.8025234060093801e-07,-0.00011845486005847016,4.968943308727961e-06,0.00029539089092803174
2.3980042004469603e-10,-0.002624227986969733,-1.8275872529755189e-07,-0.0001184472372660137,4.961967460624641e-06,0.0002951485266003436
2.4284015758266506e-10,-0.0026222230238968744,-1.8521691399874966e-07,-0.00011844009839677171,4.954845597925808e-06,0.0002949064926586835
1.56317802873341e-09,-0.0026202195926558866,8.179093212501353e-07,-0.00011843344694660841,4.947518441629637e-06,0.00029466478686861886
2.2337967039464375e-10,-0.0026182176920774404,-1.706348010182879e-07,-0.00011842727342749773,4.940158601247891e-06,0.0002944234075420167
2.2672968924245633e-10,-0.0026162173209910377,-1.7332624847855434e-07,-0.00011842159264974639,4.932601108134778e-06,0.00029418235124362385
2.3000684013390252e-10,-0.0026142184782286773,-1.7596593469135952e-07,-0.00011841639999812071,4.924898910156424e-06,0.0002939416162504062
2.332124971963472e-10,-0.0026122211626222747,-1.7855485617549144e-07,-0.00011841169660277854,4.917052343649036e-06,0.00029370120023695375
2.3634818653335354e-10,-0.002610225373005281,-1.8109399179241686e-07,-0.0001184074836245363,4.909061745935288e-06,0.00029346110085635535
2.3941527419259943e-10,-0.0026082311082115503,-1.835843000560689e-07,-0.00011840376225775564,4.9009274550538214e-06,0.00029322131574034216
1.5467486155186015e-09,-0.002606238367075979,8.14904555371723e-07,-0.00011840053617852515,4.892590490860845e-06,0.00029298184250130287
2.2025854630162903e-10,-0.0026042471484358904,-1.6915324896843985e-07,-0.00011839779618593691,4.884222591405098e-06,0.0002927426793085254
2.236293995967687e-10,-0.0026022574511262104,-1.7187328979756634e-07,-0.00011839555731391666,4.875659683718119e-06,0.000292503822557533
2.269269681691861e-10,-0.002600269273985489,-1.7454101808957155e-07,-0.00011839381516578844,4.86695442332072e-06,0.00029226527038565825
2.3015267816071851e-10,-0.0025982826158521518,-1.771574413770252e-07,-0.00011839257111140749,4.8581071528144855e-06,0.0002920270203196812
2.3330802347524984e-10,-0.0025962974755656745,-1.7972354866066114e-07,-0.0001183918265579476,4.849118214705033e-06,0.0002917890698656384
2.3639441589419064e-10,-0.002594313851966408,-1.8224030918351705e-07,-0.00011839158295112143,4.839987952186156e-06,0.0002915514165094067
2.3941320983687645e-10,-0.002592331743895772,-1.8470867309946443e-07,-0.00011839184177495848,4.83071670833488e-06,0.000291314057716648
1.5433036420869303e-09,-0.002590351150195142,8.173188835583382e-07,-0.00011839260697503385,4.821245304031955e-06,0.0002910769909349851
2.2022826129735294e-10,-0.0025883720697087095,-1.7016728570330728e-07,-0.00011839386964254093,4.811746033251902e-06,0.00029084021418570487
2.2355246350497363e-10,-0.00258639450127931,-1.7286792905447472e-07,-0.00011839564522700877,4.802054334788384e-06,0.00029060372366905937
2.268043389155647e-10,-0.0025844184437517946,-1.755166334196767e-07,-0.00011839792957861192,4.792223008241104e-06,0.00029036751737839765
2.299853465345797e-10,-0.002582443895972594,-1.781143999766993e-07,-0.00011840072438928198,4.782252397031065e-06,0.000290131592679711
2.3309694382149943e-10,-0.0025804708567872814,-1.806622095221892e-07,-0.00011840403139415084,4.772142844754013e-06,0.00028989594691977965
2.3614041612260187e-10,-0.002578499325043951,-1.8316102436255606e-07,-0.00011840785237421457,4.761894693792512e-06,0.00028966057742637084
2.391172440342305e-10,-0.0025765292995903067,-1.8561178916769244e-07,-0.00011841218915477991,4.751508286322099e-06,0.00028942548150773603
1.5396368082940392e-09,-0.002574560779275571,8.200069070376485e-07,-0.000118417045997389,4.740924217474058e-06,0.0002891906564543046
2.1991497474126194e-10,-0.002572593762950946,-1.7096741332838897e-07,-0.00011842241434964731,4.7303153998779555e-06,0.0002889561001493361
2.2319848024795338e-10,-0.002570628249465932,-1.7365277835767095e-07,-0.00011842831011894752,4.719516698853593e-06,0.0002887218086036867
2.2641056768266517e-10,-0.0025686642376730883,-1.7628649918956275e-07,-0.00011843472945759209,4.708581080874193e-06,0.00028848777967421774
2.2955253163156743e-10,-0.0025667017264243246,-1.7886956981085237e-07,-0.00011844167443119974,4.697508884032308e-06,0.0002882540105740681
2.326259261115453e-10,-0.002564740714574122,-1.8140296733251915e-07,-0.00011844914715746971,4.68630044507544e-06,0.0002880204984974806
2.3563203671449814e-10,-0.002562781200976461,-1.838876480490516e-07,-0.00011845714980473849,4.674956099378431e-06,0.00028778724062029974
1.5235293848473933e-09,-0.0025608231844861345,8.172249605362081e-07,-0.00011846568693347822,4.663416675841586e-06,0.00028755423410160966
2.1673006488812604e-10,-0.002558866663960732,-1.6939526277549907e-07,-0.00011847475043337416,4.651854370434317e-06,0.00028732147670264567
2.2003638925739165e-10,-0.002556911638255921,-1.721109649041928e-07,-0.00011848435654786839,4.640104729940984e-06,0.0002870889642825974
2.2327080557941082e-10,-0.002554958106230066,-1.7477443793042146e-07,-0.00011849450178126572,4.628220486388897e-06,0.00028685669457900785
2.2643476462049974e-10,-0.0025530060667421635,-1.773866882532998e-07,-0.00011850518857285109,4.616201966864961e-06,0.00028662466467497096
2.295297007032479e-10,-0.002551055518652002,-1.7994870293206372e-07,-0.00011851641941820783,4.604049496292335e-06,0.00028639287163535466
2.3255694766305676e-10,-0.002549106460819548,-1.8246144917701003e-07,-0.00011852819687032813,4.591763396812883e-06,0.0002861613125066908
2.355179125384921e-10,-0.0025471588921067677,-1.8492587706195914e-07,-0.00011854052354016756,4.579343988168688e-06,0.0002859299843173699
1.5202052310617762e-09,-0.002545212811375279,8.198739460962385e-07,-0.00011855340439801452,4.566731821838911e-06,0.00028569888407981606
2.165893464801055e-10,-0.0025432682174894496,-1.7032354923662725e-07,-0.00011856683180972734,4.554099829080184e-06,0.0002854680094266215
2.1985207389507557e-10,-0.0025413251093123336,-1.73021504306359e-07,-0.00011858082256637253,4.54128281568758e-06,0.00028523735603367117
2.2304380677484073e-10,-0.0025393834857088122,-1.756675723138855e-07,-0.00011859537357760777,4.528333723865925e-06,0.0002850069215120021
2.261659102309307e-10,-0.0025374433455447767,-1.7826275263529783e-07,-0.00011861048775997043,4.5152528590533495e-06,0.0002847767027996472
2.292199220979292e-10,-0.0025355046876873464,-1.8080802678793546e-07,-0.00011862616809162532,4.50204052371926e-06,0.00028454669681616813
2.322071068925492e-10,-0.0025335675110032176,-1.8330435498680521e-07,-0.0001186424176156943,4.488697016406906e-06,0.0002843169004634363
1.504544053815516e-09,-0.0025316318143609974,8.170902444814537e-07,-0.00011865924168395131,4.475163073591314e-06,0.0002840873106276367
2.1356753244905603e-10,-0.002529697596630418,-1.6884819854366646e-07,-0.00011867663320822992,4.4616110148615605e-06,0.0002838579248273982
2.1685027093626314e-10,-0.0025277648566811267,-1.715746265177259e-07,-0.00011869460939123261,4.447876174317081e-06,0.00028362873858859807
2.2006161979750132e-10,-0.002525833593384012,-1.7424861850647952e-07,-0.00011871316758690967,4.4340112965392116e-06,0.00028339974940998105
2.2320305560714522e-10,-0.00252390380561108,-1.7687118527165692e-07,-0.00011873231117038488,4.42001666065325e-06,0.00028317095410377826
2.2627596130186923e-10,-0.0025219754922347006,-1.7944331729735818e-07,-0.00011875204358551232,4.405892540734202e-06,0.00028294234946542166
2.2928169252291422e-10,-0.002520048652128918,-1.819659861373043e-07,-0.00011877236834509952,4.391639206049574e-06,0.0002827139322723504
2.3222164287857648e-10,-0.002518123284167512,-1.844401451812769e-07,-0.00011879328903179607,4.377256920906666e-06,0.00028248569928406746
1.5015338164976765e-09,-0.0025161993872255648,8.19759426969919e-07,-0.0001188148114951202,4.3626860835324044e-06,0.00028225764724503714
2.1354782786081757e-10,-0.0025142769601807255,-1.6986809345547165e-07,-0.00011883692923564504,4.34809987340816e-06,0.00028202977355258683
2.1678503538018213e-10,-0.002512356001908613,-1.7257500973751344e-07,-0.00011885966008667912,4.333332698581198e-06,0.00028180207355125563
2.1995184698775622e-10,-0.0025104365112865955,-1.7522986636684367e-07,-0.00011888300190035896,4.3184375555964315e-06,0.00028157454461971867
2.2304964468870388e-10,-0.00250851848719459,-1.7783366611116893e-07,-0.0001189069586190852,4.303414681301072e-06,0.00028134718343091443
2.2607981187320456e-10,-0.0025066019285118063,-1.803873927825947e-07,-0.00011893153425720838,4.288264306416433e-06,0.00028111998664070596
2.2904372866581998e-10,-0.0025046868341185723,-1.8289201125089853e-07,-0.00011895673290447027,4.2729866549064875e-06,0.0002808929508880519
1.4862875329589338e-09,-0.0025027732028956263,8.170149640252616e-07,-0.0001189825608572509,4.257522253369617e-06,0.0002806660727961999
2.1064911999865345e-10,-0.002500861033725972,-1.6846119064230936e-07,-0.00011900901224525525,4.242043779437892e-06,0.000280439349656071
2.139043227772895e-10,-0.0024989503254917596,-1.7119526121030985e-07,-0.00011903610537301022,4.226386000243169e-06,0.00028021277666579955
2.1708881199366825e-10,-0.002497041077077273,-1.73876748757742e-07,-0.00011906383860122265,4.210601750921897e-06,0.00027998635110014145
2.2020394108669367e-10,-0.002495133287367311,-1.765066663853658e-07,-0.00011909221639281331,4.194691220525649e-06,0.00027976006951468794
2.2325115379556713e-10,-0.0024932269552466442,-1.7908600789013493e-07,-0.00011912124328464959,4.17865458998173e-06,0.00027953392844898235
2.262317659219765e-10,-0.002491322079602458,-1.8161574743397295e-07,-0.00011915092389076502,4.162492032002957e-06,0.00027930792442627366
2.2914717286888512e-10,-0.002489418659321553,-1.8409684090847834e-07,-0.0001191812628985838,4.146203711025164e-06,0.00027908205395437243
1.4835599431554185e-09,-0.002487516693291725,8.197429573629123e-07,-0.00011921226714922663,4.12972974445237e-06,0.0002788563135274313
2.1071207562117382e-10,-0.0024856161804029256,-1.6954505536831318e-07,-0.00011924393142570715,4.113243801113251e-06,0.0002786307003312274
2.1392064200894205e-10,-0.0024837171195441063,-1.7225838224264576e-07,-0.00011927627469975432,4.096579514168231e-06,0.0002784052093910658
2.1705945569442164e-10,-0.0024818195096059535,-1.749195258587415e-07,-0.0001193092958680743,4.079790011683421e-06,0.0002781798378819286
2.2012985830185806e-10,-0.0024799233494798164,-1.775294916402012e-07,-0.0001193429999910358,4.062875412662799e-06,0.0002779545822366832
2.2313330566834815e-10,-0.002478028638058352,-1.8008926584039303e-07,-0.00011937739220228318,4.045835825855828e-06,0.00027772943887561515
2.260710552723791e-10,-0.002476135374234682,-1.8259981464025253e-07,-0.00011941247770707317,4.028671349556232e-06,0.0002775044042047047
1.4686960043628559e-09,-0.0024742435569026257,8.170631175491116e-07,-0.00011944826379280574,4.011322162969565e-06,0.0002772794746193391
2.0790659936471398e-10,-0.002472353184957312,-1.6818510144232488e-07,-0.00011948474587845786,3.9939615464163415e-06,0.0002770546472243616
2.1113173547684147e-10,-0.002470464257294283,-1.7092467755344992e-07,-0.00011952194339041258,3.97642330377355e-06,0.0002768299169201917
2.1428685013811822e-10,-0.0024685767728099915,-1.736115655087051e-07,-0.00011955985571169833,3.9587604346881825e-06,0.00027660528080844304
2.173732411656813e-10,-0.002466690730402264,-1.7624677935016402e-07,-0.0001195984883929619,3.940972981731851e-06,0.0002763807352359844
2.2039236570970937e-10,-0.002464806128968573,-1.7883131506394723e-07,-0.00011963784704879613,3.923060974813786e-06,0.0002761562765401697
2.2334555627956012e-10,-0.0024629229674081724,-1.8136614898737441e-07,-0.00011967793735651757,3.9050244313127314e-06,0.00027593190104916924
2.2623408514031475e-10,-0.002461041244621461,-1.8385223798050094e-07,-0.00011971876505438979,3.8868633552997965e-06,0.0002757076050827451
1.4662193665606918e-09,-0.0024591609595082313,8.198733294480417e-07,-0.00011976033788444729,3.868517431682717e-06,0.0002754833849547294
2.0802409453209395e-10,-0.0024572821109715426,-1.693122618800564e-07,-0.00011980265183712802,3.850161070484455e-06,0.0002752592377203225
2.112020824519202e-10,-0.002455404697912555,-1.7203026076260349e-07,-0.0001198457268903944,3.831626705061872e-06,0.0002750351581589297
2.143109232068108e-10,-0.0024535287192351675,-1.746959861145774e-07,-0.00011988956283112008,3.8129676664900145e-06,0.0002748111433361396
2.1735205952035072e-10,-0.0024516541738430937,-1.7731044554228086e-07,-0.000119934165660651,3.7941838890317696e-06,0.0002745871895446037
2.203268467355483e-10,-0.0024497810606416105,-1.7987462650596974e-07,-0.00011997954142228703,3.7752752917827947e-06,0.00027436329307500764
2.2323659662410327e-10,-0.0024479093785363796,-1.82389497768419e-07,-0.00012002569619806135,3.7562417778387684e-06,0.00027413945021712125
1.451705569279537e-09,-0.0024460391264337364,8.172721294383864e-07,-0.00012007263797693059,3.737023014172831e-06,0.0002739156572631519
2.0528975903542907e-10,-0.0024441703032421266,-1.6798312463918877e-07,-0.00012012036318182994,3.717793139413598e-06,0.0002736919112743158
2.084833562531016e-10,-0.002442302907868613,-1.7072677994298416e-07,-0.00012016889200520166,3.6983845438350826e-06,0.0002734682069895567
2.1160753553618533e-10,-0.00244043693922281,-1.73417667318438e-07,-0.00012021822445752678,3.678850459369132e-06,0.00027324454150174835
2.1466376254607765e-10,-0.00243857239621476,-1.760568040697581e-07,-0.00012026836674197549,3.6591907050022926e-06,0.00027302091112202696
2.1765328295992657e-10,-0.0024367092777551245,-1.7864518634054736e-07,-0.00012031932506879638,3.6394050819379598e-06,0.0002727973121717596
2.2057756353595772e-10,-0.002434847582755522,-1.8118379342343596e-07,-0.0001203711056479866,3.619493371778194e-06,0.00027257374098447763
2.234378319062783e-10,-0.002432987310128224,-1.8367358330387802e-07,-0.00012042371468162837,3.5994553374190417e-06,0.0002723501939083939
1.449449138687207e-09,-0.0024311284587865893,8.201769391860941e-07,-0.00012047716015714165,3.579230049015955e-06,0.00027212666731021206
2.0544148408000371e-10,-0.002429271027645558,-1.6913832126562208e-07,-0.00012053143859273165,3.5589929208637816e-06,0.00027190315837292246
2.0858771070095601e-10,-0.002427415015618959,-1.718598587058521e-07,-0.00012058657020217976,3.538574700093847e-06,0.00027167966188544016
2.1166546340938014e-10,-0.002425560421622853,-1.7452905432449673e-07,-0.00012064255482242569,3.5180289854486183e-06,0.0002714561751029565
2.1467625539767537e-10,-0.0024237072445739056,-1.7714691752434736e-07,-0.00012069939848625443,3.4973554372088557e-06,0.0002712326944888456
2.176213309143704e-10,-0.0024218554833898035,-1.7971443605301535e-07,-0.00012075710716155965,3.4765536935839656e-06,0.00027100921653977435
2.2050200502734284e-10,-0.0024200051369883554,-1.8223258035472819e-07,-0.00012081568673846143,3.4556233701080965e-06,0.0002707857377889897
1.4352548656517433e-09,-0.00241815620428856,8.176602805706759e-07,-0.00012087514473903175,3.434503424152822e-06,0.0002705622548122449
2.027622987017063e-10,-0.002416308684211181,-1.6782805318635108e-07,-0.00012093547735942526,3.4133691195246227e-06,0.0002703387650481453
2.0592343377660703e-10,-0.002414462575675985,-1.7057488262406513e-07,-0.00012099670421254642,3.392050916697347e-06,0.00027011526350226674
2.090159276389544e-10,-0.0024126178776052287,-1.7326888342889208e-07,-0.0001210588244748844,3.370602340359207e-06,0.00026989174774179385
2.120410788185718e-10,-0.002410774588920897,-1.75911073065325e-07,-0.00012112184343789096,3.3490228857767978e-06,0.0002696682145512963
2.1500032292084868e-10,-0.0024089327085463105,-1.7850245038746525e-07,-0.00012118576622306312,3.3273120226064024e-06,0.00026944466078007164
2.1789491662547118e-10,-0.002407092235405384,-1.8104399379950356e-07,-0.00012125059776239459,3.3054691939573187e-06,0.00026922108334964396
2.2072617960371978e-10,-0.0024052531684229145,-1.8353666373390884e-07,-0.00012131634277938444,3.283493816134999e-06,0.00026899747925937653
1.4331898386729186e-09,-0.002403415506524825,8.206642341668825e-07,-0.00012138300740681892,3.26132412900422e-06,0.00026877384559447626
2.0293377885543947e-10,-0.002401579248637786,-1.690001977239063e-07,-0.00012145058647118045,3.239136828090507e-06,0.0002685501803854836
2.0604765699581357e-10,-0.002399744393688444,-1.717245826100138e-07,-0.00012151909803192291,3.2167604190031886e-06,0.00026832647917351656
2.0909382247710635e-10,-0.002397910940605224,-1.7439657127431797e-07,-0.00012158853939779691,3.1942488277795948e-06,0.00026810274022229735
2.1207366597681868e-10,-0.002396078888317305,-1.7701717322505268e-07,-0.00012165891388610325,3.171601329210719e-06,0.00026787896103184816
2.1498845805942734e-10,-0.002394248235754127,-1.7958737837260217e-07,-0.00012173022445038352,3.1488171682584482e-06,0.0002676551392284516
2.178396144839855e-10,-0.0023924189818464356,-1.8210815849621045e-07,-0.000121802473647214,3.1258955588412047e-06,0.000267431272573883
1.4192866422724846e-09,-0.002390591125525284,8.182323770276314e-07,-0.00012187566515987493,3.102774521770957e-06,0.0002672073589771058
2.0029811437732821e-10,-0.002388764665723701,-1.6770008216931607e-07,-0.00012194979139250548,3.0796307320364654e-06,0.00026698339738302616
2.0342651139263852e-10,-0.0023869396013740944,-1.7044956356015252e-07,-0.0001220248675577809,3.0562921357242634e-06,0.0002667593842376981
2.0648695005463232e-10,-0.002385115931410156,-1.7314616520630062e-07,-0.00012210088790355644,3.032812614114595e-06,0.00026653531886352183
2.0948078646576794e-10,-0.0023832936547670564,-1.7579090585191854e-07,-0.0001221778524548253,3.0091912223615853e-06,0.00026631119987058913
2.1240935779318838e-10,-0.0023814727703801723,-1.7838478476639293e-07,-0.0001222557606018336,2.9854269820987997e-06,0.00026608702607773885
2.1527397954620274e-10,-0.002379653277185562,-1.8092878196866928e-07,-0.000122334611051658,2.961518881342097e-06,0.0002658627965273794
2.180759561177091e-10,-0.0023778351741204386,-1.8342385849885558e-07,-0.00012241440177856026,2.9374658741218532e-06,0.00026563851050169756
1.4173865967538186e-09,-0.0023760184601222716,8.213346146040397e-07,-0.0001224951314329097,2.9132051380331835e-06,0.0002654141675407132
2.0047932620323267e-10,-0.002374203134130716,-1.6888128793619105e-07,-0.00012257678719651593,2.888914957993481e-06,0.0002651897683769803
2.0356075837959986e-10,-0.002372389195084542,-1.7160815025140367e-07,-0.00012265937862455232,2.864420986753107e-06,0.0002649653112470847
2.065752015697457e-10,-0.0023705766419242808,-1.7428256860158924e-07,-0.0001227428937247587,2.839777560254315e-06,0.00026474079751920846
2.0952398590641755e-10,-0.002368765473591431,-1.7690555305072203e-07,-0.0001228273259098457,2.8149834586296086e-06,0.0002645162279470623
2.1240842896677284e-10,-0.002366955689027821,-1.7947809512613923e-07,-0.00012291266747588533,2.790037426957446e-06,0.0002642916036407771
2.1522988603954943e-10,-0.0023651472871757916,-1.8200116671477435e-07,-0.0001229989095264554,2.7649381747210937e-06,0.0002640669260912443
1.4037485224009511e-09,-0.002363340266978819,8.189840388397482e-07,-0.0001230860432634913,2.7396225681434985e-06,0.00026384219719622384
1.9787908358371423e-10,-0.0023615346273825723,-1.6758508922040327e-07,-0.00012317404815934179,2.714269031303368e-06,0.0002636174202352372
2.009747619339004e-10,-0.0023597303673309404,-1.703369721449881e-07,-0.00012326292530888747,2.6887023878617197e-06,0.0002633925960651938
2.0400314510376031e-10,-0.0023579274857706113,-1.7303592883469228e-07,-0.00012335265370200365,2.662976992631347e-06,0.00026316772894677666
2.0696572868482425e-10,-0.002356125981647866,-1.756829801479625e-07,-0.0001234432171491873,2.6370913811425003e-06,0.00026294282268045393
2.0986366032575164e-10,-0.0023543258539105334,-1.7827912425357843e-07,-0.0001235345977022558,2.6110440553010985e-06,0.00026271788162137967
2.126983717577462e-10,-0.002352527101507067,-1.808253431943872e-07,-0.00012362677553806893,2.5848334834855674e-06,0.0002624929107136809
2.1547103475671245e-10,-0.002350729723387066,-1.8332259812564877e-07,-0.00012371972884058074,2.5584581018654725e-06,0.00026226791552854767
1.4019896704070976e-09,-0.0023489337184994627,8.221801120097946e-07,-0.00012381343495042763,2.5318538642274167e-06,0.0002620429023022564
1.9806329691299926e-10,-0.0023471390857964926,-1.6876989193218014e-07,-0.00012390785880332902,2.5052010496317596e-06,0.00026181787897239754
2.0111242997439412e-10,-0.002345345824228655,-1.7149908585553846e-07,-0.00012400298596820317,2.4783218990035745e-06,0.0002615928512049102
2.040952687383488e-10,-0.0023435539327491153,-1.7417579081094896e-07,-0.0001240987787641957,2.4512713616591055e-06,0.0002613678285129553
2.070131830029611e-10,-0.0023417634103105466,-1.7680101813866158e-07,-0.00012419520337623197,2.4240477290212675e-06,0.00026114282022265636
2.0986742794687188e-10,-0.002339974255867505,-1.793757594949887e-07,-0.0001242922231326191,2.3966492682769684e-06,0.00026091783655209175
2.1265931870481302e-10,-0.0023381864683741367,-1.8190098793008253e-07,-0.00012438979833423737,2.3690742240077313e-06,0.0002606928886632607
1.3885935065977947e-09,-0.002336400046786387,8.199048999403572e-07,-0.00012448788725132848,2.3412582596086895e-06,0.000260467988717953
1.9549287885317082e-10,-0.002334614990061259,-1.6747326158383736e-07,-0.00012458643489159338,2.3133820561687043e-06,0.0002602431509630206
1.9855609939957785e-10,-0.002332831297155119,-1.7022748418973497e-07,-0.0001246854054629481,2.2852668824956294e-06,0.00026001838763934325
2.015527742883267e-10,-0.00233104896702646,-1.729287354315336e-07,-0.00012478473870259268,2.256967914828987e-06,0.00025979371532499767
2.0448422784734536e-10,-0.0023292679986336253,-1.755780361644748e-07,-0.0001248843769270341,2.228483327771153e-06,0.0002595691507788301
2.07351835992437e-10,-0.0023274883909367165,-1.781763877085723e-07,-0.0001249842582250191,2.1998112915061882e-06,0.0002593447120738363
2.101568148770176e-10,-0.0023257101428960443,-1.8072477081141562e-07,-0.0001250843162267538,2.1709499770526556e-06,0.00025912041866754936
1.3756767257391367e-09,-0.0023239332534724633,8.174722001926024e-07,-0.00012518448093597618,2.1418348740168797e-06,0.0002588962914780229
1.9321643984927657e-10,-0.0023221577216287433,-1.6641106257943076e-07,-0.00012528466783454792,2.112647281190382e-06,0.0002586723540203946
1.9628804901526314e-10,-0.002320383546326866,-1.69185799497869e-07,-0.00012538480972435392,2.083207557036429e-06,0.0002584486282009418
1.9929301258381815e-10,-0.0023186107265306256,-1.7190717005792068e-07,-0.00012548481330860905,2.0535713267431288e-06,0.00025822514088455375
2.0223256803002448e-10,-0.002316839261204385,-1.7457620208987968e-07,-0.0001255845861485743,2.0237368433267045e-06,0.00025800191961885974
2.051081524976685e-10,-0.002315069149313179,-1.771939050538717e-07,-0.0001256840297770357,1.9937023962276057e-06,0.00025777899382128217
2.079209924200998e-10,-0.002313300389823376,-1.797612669915809e-07,-0.00012578303940921786,1.963466318096935e-06,0.0002575563948683516
2.106723369089373e-10,-0.0023115329817015268,-1.822792578579551e-07,-0.0001258815036472566,1.933026993983407e-06,0.0002573341561868187
1.3744544919614645e-09,-0.0023097669239146262,8.206257764808849e-07,-0.0001259793051329916,1.9023194919973517e-06,0.0002571123133484935
1.9366044261814857e-10,-0.0023080022154319453,-1.6781644906982965e-07,-0.00012607631000481222,1.8715278194334678e-06,0.0002568909052710676
1.9668106392312176e-10,-0.0023062388552221105,-1.705642487181347e-07,-0.00012617239922387723,1.8404700345862005e-06,0.0002566699698429527
1.9963602119981317e-10,-0.00230447684225498,-1.7325920039576912e-07,-0.00012626742521176695,1.8092032432159493e-06,0.0002564495507871794
2.0252663428054583e-10,-0.0023027161755011074,-1.759023227639539e-07,-0.00012636123890256908,1.7777262434044887e-06,0.0002562296932068786
2.0535428568722618e-10,-0.0023009568539321913,-1.7849461550147952e-07,-0.00012645368276404894,1.7460379508710407e-06,0.0002560104448298561
2.0812018029298435e-10,-0.00229919887652045,-1.8103705701172275e-07,-0.00012654459048968672,1.7141374139882133e-06,0.0002557918561032822
1.3617362257343332e-09,-0.0022974422422385042,8.183750082783916e-07,-0.00012663378753967612,1.6819603409365824e-06,0.00025557398028859145
1.9133243001924846e-10,-0.002295686950061272,-1.6668852677656943e-07,-0.000126721081089664,1.6496922456968678e-06,0.0002553568746854712
1.9436284561432494e-10,-0.0022939329989624304,-1.694581058114207e-07,-0.00012680629061485508,1.6171510958143052e-06,0.0002551405961375091
1.9732748350009487e-10,-0.002292180387917588,-1.721744184175273e-07,-0.00012688920515276415,1.5843955093457137e-06,0.00025492520805003713
2.0022766138186452e-10,-0.002290429115902743,-1.7483849041568017e-07,-0.00012696961023297033,1.5514254353223394e-06,0.00025471077580183256
2.0306468151123073e-10,-0.0022886791818950377,-1.7745132814237196e-07,-0.00012704728100255573,1.518241057881785e-06,0.0002544973679897021
2.0583971345290157e-10,-0.0022869305848720965,-1.8001391821251525e-07,-0.00012712198203031663,1.4848428165157463e-06,0.0002542850564901417
2.0855417137959846e-10,-0.002285183323812603,-1.8252723031311853e-07,-0.00012719346714740333,1.4512314274000862e-06,0.00025407391650896497
1.3605886828812695e-09,-0.0022834373976953213,8.217172441733271e-07,-0.00012726148003460849,1.417343800094846e-06,0.00025386402662010534
1.9169607478325196e-10,-0.002281692805501773,-1.680296345797665e-07,-0.00012732574491932465,1.383369695310971e-06,0.0002536554699541661
1.9467757469297017e-10,-0.0022799495462112176,-1.707735143079747e-07,-0.0001273859965766322,1.34912653285431e-06,0.0002534483295023858
1.9759427923668187e-10,-0.002278207618806027,-1.734646223353764e-07,-0.000127441938479707,1.3146763069566357e-06,0.0002532426952304031
2.0044753920631037e-10,-0.0022764670222683086,-1.7610397542413961e-07,-0.00012749326989541416,1.280021473983831e-06,0.0002530386592558143
2.0323855408919346e-10,-0.0022747277555816487,-1.7869256999627552e-07,-0.0001275396794062606,1.2451649148818315e-06,0.00025283631700518874
2.0596862681450056e-10,-0.0022729898177296123,-1.8123138494668908e-07,-0.0001275808451531913,1.2101099620508118e-06,0.0002526357671375899
1.348042620099667e-09,-0.0022712532076968614,8.196041477819077e-07,-0.0001276164357537271,1.1747963586559748e-06,0.00025243711144049425
1.89332899590328e-10,-0.0022695179244696896,-1.668484759616108e-07,-0.0001276461021199637,1.1394171665740468e-06,0.00025224045586182326
1.9232534231195606e-10,-0.0022677839670337636,-1.696151599099038e-07,-0.00012766950678258404,1.1037921899218156e-06,0.0002520459056325138
1.952528661029216e-10,-0.0022660513343761815,-1.72328633102138e-07,-0.00012768628387104677,1.0679872058173235e-06,0.00025185357220196063
1.9811668048696007e-10,-0.0022643200254846897,-1.749899199315401e-07,-0.00012769606626595144,1.032008220909164e-06,0.00025166356819570073
2.0091809787881082e-10,-0.0022625900393483116,-1.776000264533418e-07,-0.0001276984799527329,9.95861858508082e-07,0.0002514760083504109
2.0365838605007548e-10,-0.0022608613749561086,-1.8015993876498818e-07,-0.0001276931450297793,9.59555385495984e-07,0.00025129100919610715
1.3359326605904916e-09,-0.0022591340312981367,8.173527373469857e-07,-0.0001276796773132334,9.230328483204506e-07,0.00025110868869362534
1.8723130860672557e-10,-0.002257408007366036,-1.658815839091231e-07,-0.0001276576817273491,8.864915576889079e-07,0.0002509291669730223
1.9022968058327557e-10,-0.0022556833021508474,-1.6866694633289443e-07,-0.000127626780958568,8.497553585928942e-07,0.0002507525612524691
1.9316303732837467e-10,-0.0022539599146451034,-1.7139873834835338e-07,-0.00012758657808267126,8.128950175392532e-07,0.00025057899235520647
1.960326001245427e-10,-0.0022522378438418708,-1.7407799107046885e-07,-0.0001275366837575096,7.759213625917354e-07,0.0002504085794392697
1.988397044466145e-10,-0.0022505170887357744,-1.767057174856966e-07,-0.0001274767117558189,7.388459879597523e-07,0.00025024144060046606
2.0158559444104404e-10,-0.0022487976483213084,-1.7928290977471435e-07,-0.00012740628096211072,7.016812654890779e-07,0.00025007769223772366
2.0427145831892337e-10,-0.0022470795215940764,-1.818105413688635e-07,-0.00012732501750083646,6.644403534391462e-07,0.0002499174483760012
1.3352125539482155e-09,-0.0022453627075497617,8.207271435418517e-07,-0.00012723255729999992,6.270732166195947e-07,0.00024976081995058857
1.8776344745648413e-10,-0.0022436472051866347,-1.6737335208140374e-07,-0.00012712854144352988,5.89784127436181e-07,0.0002496079151515591
1.907102443032701e-10,-0.0022419330135017017,-1.7013011393124458e-07,-0.00012701264376705602,5.524016536409228e-07,0.00024945883420867494
1.9359301642846874e-10,-0.0022402201314934123,-1.7283385543206494e-07,-0.00012688453682530232,5.15003482621064e-07,0.000249313675308973
1.9641307275448748e-10,-0.002238508558161969,-1.7548559898219191e-07,-0.00012674391860323156,4.776066696862639e-07,0.0002491725292395845
1.9917173676174397e-10,-0.0022367982925068715,-1.7808634582314617e-07,-0.00012659050909866778,4.4022900793033924e-07,0.00024903547970051156
2.0187009640251436e-10,-0.00223508933352916,-1.8063707751885535e-07,-0.00012642405293200503,4.028890019739655e-07,0.0002489026024675083
1.3232337672176866e-09,-0.0022333816802300684,8.186817710119899e-07,-0.0001262443221143086,3.655425513461935e-07,0.00024877396456527096
1.8557089801520707e-10,-0.0022316753316133945,-1.663062917904429e-07,-0.00012605111251603223,3.283974630051292e-07,0.00024864962446642473
1.8852586100713418e-10,-0.0022299702866809914,-1.690836608077497e-07,-0.00012584426895491494,2.9128817399922836e-07,0.00024852962722545906
1.9141664935812497e-10,-0.0022282665444374366,-1.7180761237030308e-07,-0.00012562365402634534,2.542969203421615e-07,0.00024841400993848084
1.9424459097233827e-10,-0.002226564103887113,-1.7447917670887265e-07,-0.00012538917254285102,2.174451536761967e-07,0.0002483027968682571
1.9701099842669256e-10,-0.0022248629640357516,-1.7709936269715307e-07,-0.0001251407678864558,1.807547517369835e-07,0.0002481959998762311
1.9971700380805407e-10,-0.0022231631238896436,-1.7966915942826284e-07,-0.0001248784237287606,1.4424795185070578e-07,0.0002480936178653003
2.023638794988923e-10,-0.002221464582455541,-1.821895386203399e-07,-0.00012460216549457583,1.0794727821401834e-07,0.0002479956363087312
1.3225248255922342e-09,-0.0022197673387409213,8.222652857749898e-07,-0.00012431206156980973,7.181283275375098e-08,0.0002479020268711415
1.8598701026494896e-10,-0.002218071391755416,-1.677014905395131e-07,-0.00012400821925362008,3.6054122607791594e-08,0.0002478127480100783
1.8889314304517592e-10,-0.002216376740507117,-1.70452117701482e-07,-0.0001236908047959138,5.087749608147636e-10,0.00024772774124081395
1.9173612655119382e-10,-0.0022146833840066627,-1.7314984280632433e-07,-0.00012336001406937973,-3.4739064153431904e-08,0.00024764693650064225
1.9451723545183917e-10,-0.0022129913212647666,-1.757956856107527e-07,-0.00012301609224517324,-6.96666441322881e-08,0.0002475702485527896
1.9723774049046886e-10,-0.0022113005512931255,-1.7839064556608616e-07,-0.00012265932818901037,-1.0425142804083197e-07,0.00024749757809713365
1.9989887876219223e-10,-0.0022096110731035104,-1.8093570296542293e-07,-0.0001222900535169702,-1.384711795841324e-07,0.0002474288120758993
1.3106550205904614e-09,-0.002207922885708915,8.203648429940007e-07,-0.00012190864119600624,-1.7236528256006738e-07,0.00024736382409793183
1.8373084859185036e-10,-0.00220623598812421,-1.665558502875528e-07,-0.0001215155000553639,-2.0572940810881676e-07,0.0002473024757190572
1.866467778475959e-10,-0.0022045503793630544,-1.6932859708338652e-07,-0.00012111108917424973,-2.387248861221978e-07,0.0002472446140956796
1.8949942434648688e-10,-0.002202866058440923,-1.7204801659018324e-07,-0.00012069589016740494,-2.712711163867955e-07,0.0002471900772954394
1.9229007943774407e-10,-0.002201183024373991,-1.7471513576355494e-07,-0.0001202704219120348,-3.0334863010012854e-07,0.00024713869206452184
1.9501993915182175e-10,-0.0021995012761790145,-1.7733096162104946e-07,-0.00011983523326614221,-3.349387413836017e-07,0.0002470902755393358
1.976901936180657e-10,-0.0021978208128733356,-1.798964823549058e-07,-0.00011939089999461852,-3.6602361382630607e-07,0.00024704463625026436
1.2991835668804395e-09,-0.0021961416334751226,8.183251736558334e-07,-0.00011893802131477131,-3.966458777299811e-07,0.0002470015751828167
1.817184217521055e-10,-0.002194463737004943,-1.656152691765671e-07,-0.00011847721373117663,-4.2661117045931636e-07,0.0002469608874790332
1.846395078756321e-10,-0.002192787122480894,-1.684061877624681e-07,-0.00011800912084874994,-4.560826182876748e-07,0.0002469223611727294
1.874972476767904e-10,-0.0021911117889242314,-1.711434286399581e-07,-0.00011753438854598045,-4.849870783439137e-07,0.00024688578200868244
1.902928999914119e-10,-0.0021894377353562197,-1.7382802561609685e-07,-0.00011705367617965156,-5.133117294814699e-07,0.0002468509321298708
1.9302767043410706e-10,-0.0021877649607988194,-1.7646099268949647e-07,-0.00011656764925821393,-5.410448600615547e-07,0.00024681759186109044
1.9570277070709272e-10,-0.0021860934642747415,-1.790433246705236e-07,-0.00011607697598296782,-5.681758879089949e-07,0.0002467855408446033
1.9831949735895147e-10,-0.002184423244807883,-1.8157599785712503e-07,-0.00011558232389242635,-5.946953721599644e-07,0.00024675455914294214
1.2988079765247494e-09,-0.0021827543014218934,8.219429664259027e-07,-0.00011508435631732989,-6.20652951757611e-07,0.000246724428298285
1.8226215853185766e-10,-0.002181086633142957,-1.671296156829645e-07,-0.00011458372760502293,-6.458675105367422e-07,0.00024669493278530163
1.4580321552889684e-06,-0.002179419918036703,7.911012669848554e-07,-0.00011427594823171943,-6.765490933852439e-07,0.00024665103682433646
2.902277963189392e-06,-0.0021777534978460254,7.563412212203686e-07,-0.00011395479483400913,-7.084240334723025e-07,0.00024660872451815196
4.334136007931297e-06,-0.0021760873571403027,7.229630142796044e-07,-0.00011362143020134346,-7.413578088642546e-07,0.0002465677242856007
5.753736423241728e-06,-0.0021744214823109583,6.909122165347143e-07,-0.00011327698551114303,-7.751704250827536e-07,0.0002465277707442735
7.161206998170226e-06,-0.0021727558614690595,6.601365379689946e-07,-0.00011292255755988766,-8.09694156660525e-07,0.00024648860565994565
8.55667314405963e-06,-0.0021710904843562618,6.305857451925992e-07,-0.00011255920670121054,-8.447731119908692e-07,0.0002464499787990962
9.940257871667543e-06,-0.002169425342257465,6.0221157985312e-07,-0.00011218795507365542,-8.802627850148681e-07,0.0002464116486779711
1.1312081778161187e-05,-0.002167760427920584,5.749676819833864e-07,-0.00011180978512541901,-9.16029596768558e-07,0.0002463733832114706
1.267226304315482e-05,-0.0021660957354763797,5.488095147103127e-07,-0.00011142563842498078,-9.51950426870712e-07,0.00024633496025837755
1.4020917433769248e-05,-0.0021644312603659533,5.236942929337676e-07,-0.0001110364147622765,-9.87912142695383e-07,0.0002462961680676505
1.5358158317340135e-05,-0.0021627669992698825,4.995809144634278e-07,-0.00011064297152098347,-1.0238111242523349e-06,0.00024625680562828184
1.6684096682091327e-05,-0.002161102950040471,4.764298941983899e-07,-0.00011024612331558512,-1.0595527919886881e-06,0.0002462166829266009
1.79988411640893e-05,-0.002159439111638563,4.542032999921823e-07,-0.0001098466418765549,-1.095051134681367e-06,0.0002461756211156921
1.9302498080520044e-05,-0.0021577754840722396,4.3286469236553574e-07,-0.00010944525616444517,-1.1302282459380221e-06,0.00024613345260437254
2.059517146851791e-05,-0.0021561120683381728,4.1237906532418395e-07,-0.00010904265270010767,-1.1650138655807775e-06,0.0002460900210700165
2.1876963128143464e-05,-0.0021544488663682165,3.9271279030642956e-07,-0.00010863947608417209,-1.199344930860528e-06,0.0002460451814006082
2.3147972670257126e-05,-0.002152785880974692,3.738335616704866e-07,-0.00010823632969444655,-1.2331651395801267e-06,0.00024599879957716884
2.4408297567208352e-05,-0.0021511231158008438,3.557103449022583e-07,-0.00010783377653636857,-1.2664245242004924e-06,0.0002459507524977502
2.5658033206696535e-05,-0.0021494605752737437,3.383133268001165e-07,-0.00010743234022817774,-1.2990790393652583e-06,0.0002459009277526063
2.6897272947756055e-05,-0.002147798264557746,3.216138673425622e-07,-0.00010703250610292862,-1.331090165234621e-06,0.00024584922335629594
2.8126108178861544e-05,-0.0021461361895110075,3.0558445331655365e-07,-0.00010663472240801933,-1.3624245235857055e-06,0.00024579554744330113
2.9344628376915438e-05,-0.0021444743566448477,2.901986543883794e-07,-0.00010623940158602052,-1.3930535115784258e-06,0.0002457398179317506
3.055292116740009e-05,-0.0021428127730823846,2.754310798670352e-07,-0.00010584692161970025,-1.4229529501268033e-06,0.0002456819621624465
3.175107238475051e-05,-0.0021411514465223087,2.612573389455401e-07,-0.0001054576274254744,-1.4521027496269458e-06,0.00024562191651714577
3.2939166133113706e-05,-0.002139490385201462,2.4765400039296307e-07,-0.00010507183228228821,-1.4804865913313612e-06,0.00024555962602135635
3.411728484668814e-05,-0.00213782959786245,2.3459855478659722e-07,-0.00010468981928570842,-1.5080916253790553e-06,0.0002454950439365768
3.528550934940781e-05,-0.002136169093717429,2.2206937923983264e-07,-0.00010431184280657403,-1.5349081846937976e-06,0.00024542813134484473
3.6443918914280636e-05,-0.002134508882419942,2.1004570102636022e-07,-0.00010393812995786272,-1.5609295149518004e-06,0.00024535885673051004
3.759259132135973e-05,-0.002132848974032285,1.985075655665106e-07,-0.00010356888204534792,-1.5861515211042903e-06,0.00024528719556040073
3.873160291471548e-05,-0.002131189378999606,1.8743580315301088e-07,-0.00010320427600925545,-1.6105725273845704e-06,0.0002452131298686897
3.986102865801969e-05,-0.002129530108119752,1.7681199902994116e-07,-0.00010284446583438473,-1.6341930531863117e-06,0.00024513664784491234
4.098094218879694e-05,-0.002127871172518877,1.6661846273066073e-07,-0.00010248958393501655,-1.6570156034495978e-06,0.0002450577434300538
4.209141587103749e-05,-0.0021262125836265604,1.5683820013900848e-07,-0.00010213974250517012,-1.6790444725691525e-06,0.00024497641592186297
4.319252084616319e-05,-0.002124554353150292,1.4745488596954276e-07,-0.00010179503482732547,-1.7002855607353438e-06,0.0002448926695898012
4.428432708224641e-05,-0.0021228964930551588,1.3845283797952128e-07,-0.00010145553654127233,-1.7207462046263563e-06,0.00024480651330340426
4.536690342174319e-05,-0.0021212390155406218,1.2981699007555269e-07,-0.00010112130686542833,-1.740435018378453e-06,0.0002447179601712443
4.64403176270752e-05,-0.0021195819330200585,1.2153287027267665e-07,-0.00010079238977295215,-1.759361747071699e-06,0.0002446270271958535
4.750463642475949e-05,-0.0021179252581010684,1.1358657523171288e-07,-0.00010046881511921414,-1.7775371312395899e-06,0.0002445337349409407
4.855992554768326e-05,-0.0021162690035666765,1.059647495046268e-07,-0.00010015059971751123,-1.7949727813924316e-06,0.00024443810721489563
4.9606249775417145e-05,-0.002114613182358449,9.86545628101583e-08,-9.983774836880355e-05,-1.8116810616354002e-06,0.0002443401707670347
5.064367297303273e-05,-0.0021129578075571617,9.164369022047512e-08,-9.953025483891746e-05,-1.8276749840114195e-06,0.0002442399550013826
5.167225812800009e-05,-0.0021113028923682837,8.492029151797594e-08,-9.922810278488524e-05,-1.8429681097145593e-06,0.00024413749170302428
5.269206738559263e-05,-0.0021096484501059286,7.847299308542411e-08,-9.893126663674569e-05,-1.8575744602544262e-06,0.00024403281478119736
5.370316208251736e-05,-0.002107994494177795,7.229086829845958e-08,-9.863971242592772e-05,-1.8715084344396578e-06,0.00024392596002584084
5.4705602778800004e-05,-0.0021063410380709664,6.636342102278318e-08,-9.835339857009588e-05,-1.8847847340355375e-06,0.00024381696487888726
5.569944928849501e-05,-0.0021046880953390435,6.068056833821625e-08,-9.807227661057348e-05,-1.8974182949698175e-06,0.00024370586821979563
5.668476070855469e-05,-0.0021030356795893996,5.52326239021579e-08,-9.779629190667416e-05,-1.9094242252524615e-06,0.0002435927101637468
5.766159544628588e-05,-0.0021013838044701572,5.00102825572569e-08,-9.752538428405342e-05,-1.9208177485613168e-06,0.00024347753187524767
5.863001124554413e-05,-0.002099732483659317,4.5004605827229815e-08,-9.72594886437462e-05,-1.931614152893571e-06,0.00024336037539168229
5.959006521149461e-05,-0.0020980817308536097,4.0207006974723e-08,-9.699853553310835e-05,-1.941828744935179e-06,0.00024324128346108655
6.054181383411627e-05,-0.0020964315597577533,3.560923728478727e-08,-9.674245167311344e-05,-1.951476808899161e-06,0.0002431202993911713
6.148531301036517e-05,-0.0020947819840755597,3.120337233947186e-08,-9.649116045577231e-05,-1.9605735681119733e-06,0.00024299746690910798
6.242061806520984e-05,-0.0020931330174989906,2.6981800336962656e-08,-9.624458239979607e-05,-1.969134152959442e-06,0.0002428728300324256
6.33477837716552e-05,-0.002091484673700993,2.2937208481503134e-08,-9.600263557993512e-05,-1.9771735707689026e-06,0.00024274643295020442
6.426686436943488e-05,-0.002089836966325204,1.9062572319985072e-08,-9.576523601989243e-05,-1.984706679726307e-06,0.00024261831991380348
6.517791358294842e-05,-0.0020881899089789115,1.5351143818760148e-08,-9.553229805658223e-05,-1.991748165475333e-06,0.00024248853513702206
6.608098463809476e-05,-0.002086543515225801,1.1796440857856746e-08,-9.530373467884581e-05,-1.998312521598865e-06,0.00024235712270342114
6.697613027795405e-05,-0.0020848977985781394,8.392235841867599e-09,-9.507945783518016e-05,-2.004414030607043e-06,0.00024222412648457453
6.786340277815444e-05,-0.0020832527724900913,5.132546887269382e-09,-9.485937871925593e-05,-2.0100667499836653e-06,0.00024208959006354066
6.874285396066448e-05,-0.0020816084503510485,2.0116277311265183e-09,-9.464340803111273e-05,-2.0152844981424984e-06,0.0002419535566668853
6.961453520750454e-05,-0.0020799648454803894,-9.760418491394706e-10,-9.443145621592051e-05,-2.0200808439882405e-06,0.0002418160691027013
7.047849747325332e-05,-0.00207832197112087,-3.835764550367437e-09,-9.422343368219486e-05,-2.0244690970082584e-06,0.00024167716970565695
7.133479129694181e-05,-0.0020766798404346968,-6.572634547646094e-09,-9.40192509991338e-05,-2.0284623002717156e-06,0.0002415369002872947
7.218346681330777e-05,-0.002075038466496003,-9.191545058392826e-09,-9.381881907840501e-05,-2.0320732234493514e-06,0.00024139530209275187
7.302457376358761e-05,-0.0020733978622880056,-1.1697196349114974e-08,-9.362204933549948e-05,-2.0353143593512475e-06,0.00024125241576192878
7.3858161505308e-05,-0.0020717580406987533,-1.4094104763987639e-08,-9.342885383764666e-05,-2.0381979187958003e-06,0.000241108281295332
7.468427902179672e-05,-0.0020701190145151955,-1.6386607092070063e-08,-9.323914543518186e-05,-2.040735829884548e-06,0.00024096293802525746
7.550297493127771e-05,-0.00206848079642078,-1.8578870181465637e-08,-9.305283788069698e-05,-2.042939735365489e-06,0.00024081642459020702
7.63142974950671e-05,-0.0020668433989909727,-2.067489701505526e-08,-9.28698459335324e-05,-2.044820992660719e-06,0.0002406687789135367
7.71182946256909e-05,-0.0020652068346907926,-2.2678532377269888e-08,-9.269008545360656e-05,-2.046390674129833e-06,0.00024052003818550677
7.791501389429377e-05,-0.0020635711158703226,-2.459346933108582e-08,-9.251347348269629e-05,-2.04765956847125e-06,0.00024037023884917658
7.870450253774704e-05,-0.0020619362547622815,-2.6423256160579126e-08,-9.233992831794356e-05,-2.0486381816828768e-06,0.0002402194165881236
7.948680746541547e-05,-0.0020603022634801,-2.8171301020122867e-08,-9.216936957314543e-05,-2.049336740027847e-06,0.0002400676063178399
8.026197526535144e-05,-0.0020586691540142106,-2.984087754051312e-08,-9.200171823227077e-05,-2.049765192292487e-06,0.00023991484217939754
8.103005221038118e-05,-0.0020570369382297868,-3.14351304713521e-08,-9.183689669586828e-05,-2.0499332138447677e-06,0.0002397611575356589
8.179108426361445e-05,-0.002055405627865471,-3.295708070242623e-08,-9.167482881892441e-05,-2.0498502091210255e-06,0.00023960658496908888
8.254511708406596e-05,-0.0020537752345310615,-3.4409629802853984e-08,-9.151543994161292e-05,-2.049525316752725e-06,0.0002394511562821121
8.329219603133547e-05,-0.0020521457697039364,-3.579556513014286e-08,-9.135865691471491e-05,-2.0489674127191447e-06,0.00023929490249838126
8.403236617067134e-05,-0.002050517244730955,-3.711756415304174e-08,-9.120440811892925e-05,-2.0481851159041425e-06,0.00023913785386664823
8.476567227734243e-05,-0.0020488896708235763,-3.837819864303797e-08,-9.105262347752172e-05,-2.047186791977142e-06,0.00023898003986512693
8.549215884106586e-05,-0.0020472630590580164,-3.957993888103408e-08,-9.090323446819469e-05,-2.045980558835233e-06,0.00023882148920802173
8.621187006989812e-05,-0.0020456374203741525,-4.072515822271872e-08,-9.075617412496428e-05,-2.044574291313182e-06,0.00023866222985229407
8.692484989430338e-05,-0.002044012765574394,-4.181613543930271e-08,-9.061137704003554e-05,-2.0429756264101334e-06,0.00023850228900648378
8.763114197061063e-05,-0.0020423891053219074,-4.285506056599122e-08,-9.046877936157039e-05,-2.0411919683950317e-06,0.00023834169313938745
8.833078968463614e-05,-0.002040766450141219,-4.384403674641077e-08,-9.032831878712389e-05,-2.0392304946298996e-06,0.00023818046798981465
8.902383615490381e-05,-0.002039144810415429,-4.4785083571044795e-08,-9.018993455374888e-05,-2.0370981602689775e-06,0.00023801863857806157
8.971032423592002e-05,-0.0020375241963888854,-4.5680141485989314e-08,-9.005356742776728e-05,-2.0348017043040046e-06,0.00023785622921694086
9.03902965209743e-05,-0.002035904618162724,-4.653107420218719e-08,-8.991915968965667e-05,-2.032347654027286e-06,0.0002376932635233332
9.106379534511884e-05,-0.0020342860856971427,-4.7339672111736e-08,-8.978665511838045e-05,-2.029742331075022e-06,0.00023752976443065503
9.173086278794354e-05,-0.0020326686088108408,-4.8107654531689746e-08,-8.965599897316382e-05,-2.026991856719357e-06,0.00023736575420182278
9.239154067608302e-05,-0.0020310521971803625,-4.883667295353659e-08,-8.952713797460464e-05,-2.0241021570147565e-06,0.00023720125444185643
9.304587058566255e-05,-0.002029436860339721,-4.952831388490597e-08,-8.940002028167539e-05,-2.021078968089966e-06,0.00023703628611117196
9.36938938448416e-05,-0.0020278226076808894,-5.018410093140795e-08,-8.9274595471611e-05,-2.0179278409662477e-06,0.00023687086953982177
9.433565153595874e-05,-0.002026209448453815,-5.080549701698925e-08,-8.915081451413608e-05,-2.014654147671513e-06,0.0002367050244400073
9.497118449773713e-05,-0.002024597391766299,-5.1393908465404967e-08,-8.902862974968721e-05,-2.0112630854531045e-06,0.0002365387699207341
9.56005333274886e-05,-0.0020229864465843594,-5.195068500366128e-08,-8.89079948618635e-05,-2.0077596818872664e-06,0.00023637212450093419
9.622373838292307e-05,-0.0020213766217324295,-5.247712329676035e-08,-8.878886485265111e-05,-2.0041487998724445e-06,0.00023620510612411795
9.684083978432181e-05,-0.0020197679258936287,-5.297446861820642e-08,-8.867119601576227e-05,-2.000435142818496e-06,0.00023603773217149753
9.745187741616498e-05,-0.002018160367610335,-5.344391716413234e-08,-8.855494591075019e-05,-1.996623258876589e-06,0.0002358700194761387
9.805689092934836e-05,-0.002016553955285034,-5.388661765069536e-08,-8.844007333434909e-05,-1.99271754566855e-06,0.00023570198433669315
9.865591974230373e-05,-0.0020149486971793545,-5.430367316146988e-08,-8.832653829414614e-05,-1.988722254948661e-06,0.0002355336425307725
9.92490030433012e-05,-0.0020133446014165427,-5.4696143863688505e-08,-8.821430198080904e-05,-1.984641496909645e-06,0.000235365009329182
9.983617979169124e-05,-0.002011741675981067,-5.50650471126987e-08,-8.810332674075982e-05,-1.9804792448425628e-06,0.00023519609950854451
0.0001004174887196509,-0.002010139928718594,-5.541135997580523e-08,-8.799357604851428e-05,-1.976239338974395e-06,0.00023502692736483986
0.00010099296833373021,-0.0020085393673385443,-5.5736021705333593e-08,-8.788501447924392e-05,-1.9719254906994015e-06,0.00023485750672675156
0.00010156265691619874,-0.002006939999412866,-5.6039933344499105e-08,-8.77776076808946e-05,-1.967541286543193e-06,0.00023468785096842886
0.00010212659252669831,-0.002005341832378458,-5.6323960510578274e-08,-8.767132234874747e-05,-1.9630901925553566e-06,0.00023451797302200268
0.00010268481300354018,-0.0020037448735362572,-5.658893472796619e-08,-8.756612619587303e-05,-1.9585755576368937e-06,0.00023434788539004157
0.000103237355965181,-0.0020021491300539463,-5.683565432454168e-08,-8.746198792857969e-05,-1.9540006172040768e-06,0.00023417760015859577
0.00010378425881141351,-0.002000554608965377,-5.706488590190418e-08,-8.735887721942285e-05,-1.949368497440501e-06,0.00023400712900815745
0.00010432555872488266,-0.0019989613171724437,-5.727736586523153e-08,-8.725676468087748e-05,-1.9446822179668864e-06,0.0002338364832265919
0.00010486129267229152,-0.001997369261445057,-5.7473801328695677e-08,-8.715562184012384e-05,-1.939944696087823e-06,0.00023366567371993364
0.00010539149740564108,-0.001995778448423257,-5.765487077732818e-08,-8.705542111349852e-05,-1.9351587494580833e-06,0.0002334947110241808
0.00010591620946354386,-0.001994188884617353,-5.782122655038336e-08,-8.695613578127977e-05,-1.9303270996545207e-06,0.00023332360531625745
0.0001064354651724174,-0.0019926005764086597,-5.79734944281885e-08,-8.6857739963583e-05,-1.9254523750539375e-06,0.0002331523664251718
0.00010694930064776799,-0.0019910135300517267,-5.81122759029575e-08,-8.676020859725625e-05,-1.9205371145558766e-06,0.00023298100384214814
0.00010745775179521987,-0.001989427751674306,-5.823814771037712e-08,-8.666351740999937e-05,-1.915583769745718e-06,0.0002328095267318389
0.00010796085431185801,-0.0019878432472790787,-5.8351664418804334e-08,-8.656764290014732e-05,-1.910594707814298e-06,0.00023263794394137724
0.00010845864368725208,-0.0019862600227441803,-5.845335773344221e-08,-8.647256231167764e-05,-1.9055722149317723e-06,0.00023246626401150715
0.00010895115520473111,-0.001984678083825123,-5.854373907768506e-08,-8.637825361321724e-05,-1.9005184983848425e-06,0.000232294495185108
0.00010943842394241156,-0.0019830974361545427,-5.862329873585403e-08,-8.62846954762707e-05,-1.8954356894510104e-06,0.00023212264541738436
0.00010992048477432427,-0.0019815180852444233,-5.869250747638037e-08,-8.619186725356035e-05,-1.8903258460179455e-06,0.00023195072238491756
0.00011039737237160532,-0.001979940036487364,-5.875181768206269e-08,-8.609974895925447e-05,-1.8851909544326106e-06,0.00023177873349424782
0.0001108691212035227,-0.001978363295156713,-5.880166356696426e-08,-8.600832124775205e-05,-1.8800329325143282e-06,0.00023160668589076007
0.0001113357655385043,-0.0019767878664083455,-5.8842461705365426e-08,-8.591756539424393e-05,-1.8748536313726065e-06,0.00023143458646740497
0.0001117973394454681,-0.00197521375528301,-5.887461246919822e-08,-8.582746327749505e-05,-1.8696548383837986e-06,0.00023126244187270133
0.00011225387679455636,-0.0019736409667042583,-5.889849974555475e-08,-8.573799735641032e-05,-1.8644382784625014e-06,0.00023109025851839832
0.00011270541125843686,-0.0019720695054826426,-5.891449237610098e-08,-8.564915065725716e-05,-1.8592056165472133e-06,0.00023091804258809303
0.00011315197631324467,-0.0019704993763162873,-5.892294403804671e-08,-8.556090675167552e-05,-1.8539584592637857e-06,0.00023074580004358975
0.00011359360523978834,-0.0019689305837909048,-5.8924195031250524e-08,-8.547324974256857e-05,-1.8486983574700373e-06,0.00023057353663376643
0.00011403033112444147,-0.0019673631323820894,-5.891857122023758e-08,-8.538616424500002e-05,-1.8434268077248903e-06,0.00023040125790021543
0.00011446218686018183,-0.0019657970264557647,-5.89063851297129e-08,-8.529963536997618e-05,-1.838145254258786e-06,0.00023022896918505282
0.00011488920514786532,-0.0019642322702708155,-5.8887937985149194e-08,-8.521364870978356e-05,-1.8328550905417142e-06,0.00023005667563742458
0.00011531141849685481,-0.001962668867977367,-5.88635176990638e-08,-8.512819032232783e-05,-1.8275576609326705e-06,0.0002298843822197898
0.00011572885922650734,-0.0019611068236218793,-5.8833401094762274e-08,-8.504324671480568e-05,-1.822254262617127e-06,0.0002297120937144533
0.00011614155946690557,-0.0019595461411449243,-5.879785383609648e-08,-8.49588048301538e-05,-1.8169461470188866e-06,0.00022953981472960131
0.00011654955115992377,-0.0019579868243840403,-5.875713090751357e-08,-8.487485203305269e-05,-1.8116345214339385e-06,0.00022936754970553087
0.00011695286606038365,-0.001956428877074367,-5.871147679383922e-08,-8.479137609582119e-05,-1.8063205500346394e-06,0.00022919530291976947
0.00011735153573694883,-0.0019548723028510627,-5.8661126335439525e-08,-8.470836518419842e-05,-1.801005356140218e-06,0.00022902307849327665
0.00011774559157319998,-0.0019533171052485503,-5.8606304505389586e-08,-8.462580784579217e-05,-1.7956900229347096e-06,0.00022885088039528852
0.00011813506476867943,-0.0019517632877026007,-5.854722792042225e-08,-8.454369299719378e-05,-1.7903755947157202e-06,0.0002286787124491323
0.00011851998633983257,-0.001950210853551942,-5.848410340141128e-08,-8.44620099106503e-05,-1.785063078784995e-06,0.00022850657833662526
0.00011890038712116918,-0.0019486598060391984,-5.8417130309079326e-08,-8.438074820428825e-05,-1.7797534461542203e-06,0.00022833448160369777
0.00011927629776606734,-0.0019471101483111363,-5.834649949513695e-08,-8.42998978281205e-05,-1.7744476330592006e-06,0.00022816242566434797
0.00011964774874800654,-0.0019455618834215546,-5.827239391361914e-08,-8.421944905538008e-05,-1.7691465417332168e-06,0.00022799041380612727
0.00012001477036148532,-0.00194401501433102,-5.819498937962207e-08,-8.413939247019307e-05,-1.763851042167615e-06,0.00022781844919345806
0.00012037739272292105,-0.0019424695439077483,-5.811445437613423e-08,-8.40597189581358e-05,-1.7585619725416785e-06,0.00022764653487303553
0.00012073564577197404,-0.0019409254749309032,-5.8030950220817594e-08,-8.398041969535043e-05,-1.7532801403829057e-06,0.0002274746737772022
0.00012108955927229134,-0.0019393828100893067,-5.794463255220926e-08,-8.390148613832604e-05,-1.7480063238209992e-06,0.0002273028687286832
0.00012143916281251434,-0.0019378415519836838,-5.785564946746749e-08,-8.382291001712279e-05,-1.7427412725208544e-06,0.00022713112244329868
0.00012178448580759718,-0.0019363017031283926,-5.7764143655166825e-08,-8.374468332226579e-05,-1.737485708691881e-06,0.00022695943753500155
0.0001221255574994492,-0.0019347632659509997,-5.767025200375004e-08,-8.366679829930164e-05,-1.7322403275041235e-06,0.00022678781651895216
0.00012246240695818633,-0.001933226242794676,-5.757410586123008e-08,-8.358924743869154e-05,-1.727005798161774e-06,0.0002266162618147549
0.00012279506308302302,-0.0019316906359186814,-5.747583049677399e-08,-8.351202346725835e-05,-1.7217827654727986e-06,0.00022644477575030724
0.00012312355460342988,-0.0019301564474996393,-5.737554677449438e-08,-8.343511934129976e-05,-1.71657184942719e-06,0.00022627336056481743
0.00012344791007990992,-0.0019286236796324332,-5.7273369929689216e-08,-8.335852823681465e-05,-1.7113736468498556e-06,0.00022610201841212485
0.00012376815790533473,-0.00192709233433196,-5.716941115638051e-08,-8.328224354439284e-05,-1.7061887318340816e-06,0.0002259307513634424
0.00012408432630572707,-0.0019255624135336349,-5.706377643310219e-08,-8.320625886132866e-05,-1.7010176568653013e-06,0.0002257595614107615
0.00012439644334127,-0.0019240339190941572,-5.6956567318787026e-08,-8.313056798329179e-05,-1.6958609528018244e-06,0.00022558845046920324
0.00012470453690752176,-0.0019225068527932094,-5.6847881502856844e-08,-8.305516489832806e-05,-1.6907191303126025e-06,0.00022541742038048067
0.0001250086347362727,-0.0019209812163346275,-5.6737812475909e-08,-8.298004378130613e-05,-1.6855926797816077e-06,0.00022524647291469733
0.00012530876439653484,-0.0019194570113461882,-5.662644978761985e-08,-8.290519898547668e-05,-1.6804820726927396e-06,0.00022507560977339154
0.0001256049532956751,-0.0019179342393824952,-5.6513879218756195e-08,-8.283062503902734e-05,-1.6753877616711608e-06,0.0002249048325922244
0.00012589722868037951,-0.001916412901924477,-5.6400183090121385e-08,-8.275631663642128e-05,-1.6703101813556773e-06,0.0002247341429426368
0.00012618561763761687,-0.001914893000380212,-5.6285440228440066e-08,-8.26822686347299e-05,-1.665249749065412e-06,0.0002245635423351198
0.000126470147095826,-0.0019133745360884152,-5.616972596693537e-08,-8.260847604641441e-05,-1.6602068648863278e-06,0.00022439303222048434
0.00012675084382571676,-0.0019118575103163704,-5.6053112340901415e-08,-8.253493403665869e-05,-1.6551819127039872e-06,0.00022422261399271702
0.0001270277344414629,-0.001910341924262809,-5.59356689642322e-08,-8.2461637914596e-05,-1.6501752604704621e-06,0.0002240522889908582
0.0001273008454015936,-0.0019088277790578908,-5.581746141477347e-08,-8.238858313130878e-05,-1.6451872610150346e-06,0.00022388205850077634
0.000127570203010129,-0.0019073150757647796,-5.569855369917964e-08,-8.23157652738308e-05,-1.640218251690991e-06,0.00022371192375727068
0.00012783583341746243,-0.0019058038153801828,-5.5579006052992545e-08,-8.224318005992717e-05,-1.6352685559200673e-06,0.00022354188594609254
0.00012809776262156204,-0.0019042939988362373,-5.545887682016423e-08,-8.21708233358718e-05,-1.630338482616343e-06,0.00022337194620546916
0.00012835601646877406,-0.0019027856269997793,-5.533822186448799e-08,-8.20986910686741e-05,-1.6254283276873817e-06,0.00022320210562784396
0.00012861062065501732,-0.0019012787006745019,-5.5217094061861345e-08,-8.202677934485534e-05,-1.6205383734822893e-06,0.00022303236526198512
0.00012886160072672598,-0.0018997732206020303,-5.509554427376565e-08,-8.195508436511821e-05,-1.615668889622476e-06,0.00022286272611395092
0.00012910898208185213,-0.0018982691874620122,-5.4973621503344804e-08,-8.188360244079235e-05,-1.610820133563467e-06,0.00022269318914891842
0.00012935278997099037,-0.0018967666018735179,-5.4851371721072804e-08,-8.18123299898352e-05,-1.6059923506015028e-06,0.00022252375529303834
0.00012959304949817065,-0.00189526546439543,-5.4728840193614283e-08,-8.174126353294543e-05,-1.6011857742828587e-06,0.00022235442543431966
0.00012982978562209942,-0.0018937657755278673,-5.46060689776433e-08,-8.167039969111818e-05,-1.5964006271537165e-06,0.00022218520042440314
0.0001300630231571639,-0.0018922675357132864,-5.4483098539479477e-08,-8.159973518209123e-05,-1.5916371208510865e-06,0.0002220160810795843
0.00013029278677425174,-0.0018907707453363965,-5.435996827657721e-08,-8.152926681434801e-05,-1.5868954559343283e-06,0.00022184706818252888
0.00013051910100203836,-0.0018892754047259294,-5.4236715116679195e-08,-8.145899148867077e-05,-1.5821758229907366e-06,0.00022167816248307848
0.00013074199022767915,-0.0018877815141544244,-5.411337467049829e-08,-8.138890619081131e-05,-1.5774784025633647e-06,0.0002215093647000197
0.0001309614786981562,-0.001886289073840478,-5.3989980786121606e-08,-8.131900799204547e-05,-1.5728033653919285e-06,0.00022134067552127872
0.00013117759052115404,-0.0018847980839486413,-5.3866565875602573e-08,-8.124929404384184e-05,-1.5681508729008572e-06,0.00022117209560621994
0.0001313903496659126,-0.0018833085445899545,-5.374316055813983e-08,-8.117976157541887e-05,-1.56352107757209e-06,0.00022100362558583744
0.0001315997799645547,-0.0018818204558237223,-5.3619794447087786e-08,-8.111040789263284e-05,-1.5589141224833778e-06,0.00022083526606425245
0.00013180590511283478,-0.0018803338176574269,-5.349649566632714e-08,-8.104123037409109e-05,-1.5543301425241187e-06,0.0002206670176197367
0.00013200874867127363,-0.0018788486300476332,-5.3373291151479304e-08,-8.097222646870891e-05,-1.549769263958878e-06,0.0002204988808050703
0.00013220833406618116,-0.0018773648929016065,-5.325020650611947e-08,-8.090339369481952e-05,-1.5452316050793778e-06,0.00022033085614923432
0.00013240468459053492,-0.0018758826060765682,-5.3127265959020574e-08,-8.083472963551053e-05,-1.540717276113233e-06,0.00022016294415796062
0.00013259782340524297,-0.0018744017693823193,-5.300449280291283e-08,-8.076623193851187e-05,-1.5362263798577768e-06,0.0002199951453144538
0.0001327877735398123,-0.001872922382580318,-5.288190934662353e-08,-8.069789831264182e-05,-1.5317590113008114e-06,0.00021982746008074737
0.00013297455789365906,-0.0018714444453849337,-5.27595364592324e-08,-8.06297265271406e-05,-1.527315258605717e-06,0.00021965988889767525
0.00013315819923700968,-0.0018699679574651644,-5.2637394407443974e-08,-8.056171440855993e-05,-1.5228952024841185e-06,0.00021949243218658945
0.00013333872021177926,-0.0018684929184436014,-5.2515502040765186e-08,-8.049385983943077e-05,-1.5184989169858818e-06,0.00021932509034930343
0.0001335161433327604,-0.0018670193278983746,-5.239387790436964e-08,-8.042616075515336e-05,-1.5141264695439983e-06,0.00021915786376917095
0.00013369049098856312,-0.0018655471853636617,-5.227253888520985e-08,-8.035861514499556e-05,-1.5097779211434577e-06,0.0002189907528119756
0.0001338617854425471,-0.0018640764903302238,-5.2151501736131174e-08,-8.029122104742972e-05,-1.5054533262526413e-06,0.0002188237578258982
0.00013403004883388495,-0.001862607242245366,-5.203078185229803e-08,-8.022397655001972e-05,-1.5011527335047072e-06,0.0002186568791434039
0.00013419530317858959,-0.0018611394405155038,-5.191039400687099e-08,-8.01568797882005e-05,-1.4968761852560546e-06,0.0002184901170802419
0.0001343575703704541,-0.0018596730845050079,-5.1790352580115365e-08,-8.008992894172343e-05,-1.4926237184837513e-06,0.00021832347193744033
0.00013451687218207366,-0.0018582081735372753,-5.167067045745826e-08,-8.002312223587754e-05,-1.4883953642727333e-06,0.0002181569440010295
0.00013467323026575514,-0.001856744706895619,-5.1551360553797035e-08,-7.995645793804705e-05,-1.4841911485295057e-06,0.0002179905335428716
0.000134826666154717,-0.0018552826838248969,-5.1432434616799485e-08,-7.988993435715518e-05,-1.4800110910780553e-06,0.00021782424082146464
0.00013497720126383838,-0.0018538221035294357,-5.131390404696966e-08,-7.982354984144388e-05,-1.4758552074647386e-06,0.00021765806608188494
0.00013512485689083588,-0.0018523629651766187,-5.119577996722336e-08,-7.975730277936067e-05,-1.4717235075633134e-06,0.00021749200955684252
0.00013526965421706462,-0.0018509052678955238,-5.107807177006328e-08,-7.969119159533978e-05,-1.467615996814201e-06,0.00021732607146664928
0.00013541161430873495,-0.0018494490107787676,-5.0960789400540835e-08,-7.962521475124452e-05,-1.463532675324015e-06,0.00021716025202008068
0.00013555075811770204,-0.0018479941928822472,-5.084394201381198e-08,-7.955937074381331e-05,-1.459473539077916e-06,0.00021699455141470643
0.0001356871064825499,-0.0018465408132256522,-5.0727538088061424e-08,-7.949365810332729e-05,-1.4554385792021823e-06,0.00021682896983697214
0.00013582068012947068,-0.0018450888707938645,-5.061158536873168e-08,-7.942807539383133e-05,-1.4514277824219698e-06,0.0002166635074631436
0.00013595149967337864,-0.0018436383645367492,-5.049609144716567e-08,-7.936262121080222e-05,-1.447441131572015e-06,0.0002164981644594706
0.00013607958561880076,-0.0018421892933704925,-5.038106343635987e-08,-7.929729418037107e-05,-1.4434786049389889e-06,0.00021633294098263045
0.00013620495836082745,-0.0018407416561770798,-5.026650815797855e-08,-7.923209295965639e-05,-1.4395401765657998e-06,0.00021616783717967272
0.00013632763818621654,-0.001839295451805921,-5.015243185846067e-08,-7.916701623376541e-05,-1.4356258170397794e-06,0.00021600285318884897
0.00013644764527413435,-0.0018378506790735776,-5.0038840150791615e-08,-7.910206271668195e-05,-1.4317354923515045e-06,0.000215837989140113
0.0001365649996973648,-0.0018364073367647595,-4.9925738515325557e-08,-7.903723114893513e-05,-1.4278691657469191e-06,0.00021567324515453593
0.00013667972142315937,-0.0018349654236329376,-4.98131321541613e-08,-7.89725202989303e-05,-1.4240267959125712e-06,0.00021550862134588967
0.00013679183031417116,-0.0018335249384002922,-4.970102554487429e-08,-7.890792895884174e-05,-1.420208338463004e-06,0.00021534411781983743
0.0001369013461294727,-0.0018320858797587175,-4.9589423556725415e-08,-7.884345594649904e-05,-1.416413745427104e-06,0.00021517973467496306
0.00013700828852544213,-0.0018306482463700258,-4.947832958594984e-08,-7.877910010394415e-05,-1.4126429651884984e-06,0.00021501547200226972
0.0001371126770568372,-0.0018292120368664524,-4.9367748060735705e-08,-7.87148602970971e-05,-1.408895943256049e-06,0.00021485132988642854
0.00013721453117766246,-0.0018277772498516425,-4.925768223237922e-08,-7.865073541375778e-05,-1.405172621653887e-06,0.000214687308405527
0.00013731387024211838,-0.0018263438839003442,-4.914813505926392e-08,-7.85867243636059e-05,-1.4014729392352935e-06,0.00021452340763093017
0.0001374107135056603,-0.0018249119375597386,-4.9039109809702265e-08,-7.852282607819998e-05,-1.3977968320944782e-06,0.0002143596276282796
0.00013750508012573009,-0.0018234814093491464,-4.893060898788735e-08,-7.845903950986744e-05,-1.3941442330594657e-06,0.000214195968457215
0.00013759698916290545,-0.0018220522977605868,-4.882263487587783e-08,-7.839536363070486e-05,-1.390515072247891e-06,0.00021403243017173386
0.00013768645958171368,-0.0018206246012593974,-4.8715189815536286e-08,-7.833179743224442e-05,-1.3869092768868642e-06,0.00021386901282069074
0.00013777351025161564,-0.0018191983182850489,-4.860827568010102e-08,-7.826833992545419e-05,-1.3833267712299955e-06,0.00021370571644743666
0.00013785815994806096,-0.001817773447251311,-4.850189451188389e-08,-7.820499013885009e-05,-1.37976747720513e-06,0.00021354254109028875
0.00013794042735317086,-0.001816349986546082,-4.8396047495671594e-08,-7.814174712004993e-05,-1.3762313140919432e-06,0.00021337948678300383
0.00013802033105684335,-0.001814927934532642,-4.829073602079999e-08,-7.807860993266479e-05,-1.3727181984901692e-06,0.0002132165535545812
0.00013809788955762678,-0.0018135072895495961,-4.818596146223345e-08,-7.801557765863022e-05,-1.3692280444282904e-06,0.00021305374142934765
0.00013817312126367356,-0.0018120880499117114,-4.8081724719550536e-08,-7.795264939520816e-05,-1.3657607638599002e-06,0.00021289105042762124
0.0001382460444936602,-0.0018106702139095467,-4.797802652948903e-08,-7.788982425520902e-05,-1.362316266087218e-06,0.00021272848056548926
0.00013831667747762097,-0.0018092537798104406,-4.78748676786459e-08,-7.78271013678795e-05,-1.3588944581629624e-06,0.0002125660318552254
0.00013838503835799333,-0.0018078387458591858,-4.777224841172518e-08,-7.776447987757027e-05,-1.3554952450640848e-06,0.00021240370430503856
0.00013845114519051707,-0.0018064251102780557,-4.767016953204545e-08,-7.770195894295859e-05,-1.352118529518174e-06,0.00021224149791948847
0.00013851501594496767,-0.001805012871266496,-4.756863075809345e-08,-7.763953773638181e-05,-1.3487642122539183e-06,0.00021207941269984617
0.00013857666850629094,-0.0018036020270027291,-4.746763233423608e-08,-7.757721544483647e-05,-1.3454321915694946e-06,0.00021191744864387238
0.00013863612067542503,-0.0018021925756436616,-4.736717449828446e-08,-7.751499126864615e-05,-1.3421223640475601e-06,0.00021175560574584435
0.00013869339017008177,-0.0018007845153238324,-4.7267256580436684e-08,-7.745286442046186e-05,-1.3388346244314564e-06,0.00021159388399711
0.0001387484946258396,-0.001799377844159291,-4.716787860582169e-08,-7.73908341273708e-05,-1.3355688651870806e-06,0.0002114322833861174
0.00013880145159694013,-0.0017979725602434715,-4.7069040178365964e-08,-7.732889962634543e-05,-1.3323249774408019e-06,0.0002112708038981333
0.00013885227855714387,-0.0017965686616514007,-4.697074078464518e-08,-7.726706016912712e-05,-1.3291028499089531e-06,0.00021110944551588567
0.00013890099290071275,-0.0017951661464373015,-4.687297960301739e-08,-7.72053150176751e-05,-1.3259023701948642e-06,0.00021094820821908783
0.00013894761194316725,-0.001793765012636495,-4.677575638550265e-08,-7.714366344538651e-05,-1.322723423736588e-06,0.000210787091985411
0.000138992152922363,-0.0017923652582659136,-4.667907000204431e-08,-7.70821047375415e-05,-1.3195658945466312e-06,0.00021062609678937456
0.00013903463299912822,-0.0017909668813224017,-4.65829194992855e-08,-7.702063818985882e-05,-1.3164296648726513e-06,0.00021046522260362104
0.00013907506925838083,-0.0017895698797854365,-4.648730417045402e-08,-7.695926310894028e-05,-1.3133146156986831e-06,0.000210304469398362
0.00013911347870975476,-0.001788174251616,-4.639222294056544e-08,-7.689797881116041e-05,-1.310220625946154e-06,0.00021014383714148754
0.00013914987828871723,-0.0017867799947577463,-4.6297674726397884e-08,-7.683678462333226e-05,-1.3071475736012973e-06,0.000209983325798817
0.00013918428485722086,-0.0017853871071360273,-4.620365832074117e-08,-7.677567988270741e-05,-1.304095334983406e-06,0.00020982293533423752
0.00013921671520469238,-0.0017839955866595422,-4.611017248311748e-08,-7.671466393475538e-05,-1.3010637851209232e-06,0.00020966266570956335
0.00013924718604885767,-0.001782605431220068,-4.601721579082619e-08,-7.665373613560613e-05,-1.2980527976159906e-06,0.00020950251688473242
0.00013927571403660286,-0.0017812166386924017,-4.59247870747707e-08,-7.659289584905188e-05,-1.2950622445822919e-06,0.00020934248881808071
0.00013930231574475372,-0.0017798292069356946,-4.583288499332252e-08,-7.653214244987853e-05,-1.2920919971280843e-06,0.00020918258146579078
0.00013932700768110105,-0.0017784431337926794,-4.5741507872338836e-08,-7.647147531942386e-05,-1.289141925181003e-06,0.00020902279478266452
0.0001393498062850016,-0.0017770584170899088,-4.565065449696272e-08,-7.641089384890836e-05,-1.2862118973051954e-06,0.00020886312872198744
0.00013937072792839076,-0.001775675054638944,-4.5560323204552e-08,-7.635039743710391e-05,-1.283301780767956e-06,0.00020870358323527675
0.00013938978891666484,-0.0017742930442361997,-4.54705123517957e-08,-7.628998549122172e-05,-1.280411442237822e-06,0.0002085441582724764
0.0001394070054892025,-0.0017729123836620485,-4.538122031807111e-08,-7.622965742591272e-05,-1.2775407467392777e-06,0.00020838485378251137
0.00013942239382069914,-0.0017715330706837484,-4.5292445546646794e-08,-7.616941266448933e-05,-1.2746895585193463e-06,0.00020822566971245607
0.00013943597002142243,-0.0017701551030522313,-4.5204186252239436e-08,-7.610925063692617e-05,-1.271857740739524e-06,0.00020806660600867035
0.00013944775013854393,-0.0017687784785060789,-4.511644071152055e-08,-7.604917078052738e-05,-1.2690451557652052e-06,0.00020790766261532943
0.00013945775015659955,-0.0017674031947680635,-4.5029206955520165e-08,-7.598917254025771e-05,-1.2662516649782911e-06,0.00020774883947667183
0.0001394659859984392,-0.0017660292495484732,-4.494248358691265e-08,-7.592925536785662e-05,-1.2634771286480404e-06,0.00020759013653436233
0.00013947247352611995,-0.0017646566405434608,-4.4856268493569626e-08,-7.586941872216904e-05,-1.2607214061364979e-06,0.0002074315537299899
0.00013947722854146724,-0.0017632853654359385,-4.4770559958979144e-08,-7.580966206881381e-05,-1.2579843562704342e-06,0.00020727309100351324
0.00013948026678721551,-0.001761915421895728,-4.4685356011726146e-08,-7.574998487940547e-05,-1.2552658369635798e-06,0.00020711474829428704
0.00013948160394752895,-0.0017605468075801846,-4.4600655092370626e-08,-7.569038663255403e-05,-1.252565705412205e-06,0.00020695652554025783
0.00013948125564886097,-0.0017591795201332072,-4.4516455028694044e-08,-7.563086681308757e-05,-1.2498838177380037e-06,0.00020679842267854617
0.0001394792374607764,-0.001757813557186567,-4.4432753956051066e-08,-7.557142491216287e-05,-1.2472200297965974e-06,0.00020664043964561347
0.0001394755648968205,-0.001756448916360337,-4.434955003838608e-08,-7.551206042626672e-05,-1.2445741965141284e-06,0.00020648257637659467
0.00013947025341515279,-0.0017550855952619228,-4.4266841162156677e-08,-7.545277285854773e-05,-1.2419461721468811e-06,0.00020632483280607692
0.00013946331841934955,-0.0017537235914868495,-4.4184625559451614e-08,-7.539356171792806e-05,-1.2393358105329474e-06,0.00020616720886787628
0.00013945477525929484,-0.0017523629026199084,-4.410290112279764e-08,-7.533442651854851e-05,-1.2367429649168917e-06,0.0002060097044948433
0.00013944463923177864,-0.0017510035262336262,-4.4021665986320916e-08,-7.527536678054546e-05,-1.234167487584276e-06,0.00020585231961922442
0.00013943292558145435,-0.0017496454598892096,-4.394091797660896e-08,-7.521638202905176e-05,-1.2316092309377047e-06,0.00020569505417252236
0.0001394196495013918,-0.001748288701137155,-4.386065530865285e-08,-7.515747179486273e-05,-1.229068046403017e-06,0.0002055379080853576
0.00013940482613399784,-0.0017469332475170242,-4.3780875617501686e-08,-7.509863561432489e-05,-1.226543785080496e-06,0.0002053808812879962
0.00013938847057172132,-0.0017455790965573248,-4.37015773907199e-08,-7.503987302800399e-05,-1.2240362974527458e-06,0.00020522397370998724
0.00013937059785773862,-0.0017442262457767236,-4.362275831041068e-08,-7.498118358223906e-05,-1.221545434015766e-06,0.000205067185280109
0.00013935122298675497,-0.0017428746926830185,-4.354441647241606e-08,-7.492256682825442e-05,-1.219071044579124e-06,0.00020491051592656237
0.0001393303609058249,-0.0017415244347743913,-4.346654966775127e-08,-7.486402232215907e-05,-1.2166129787116193e-06,0.0002047539655773039
0.0001393080265148769,-0.0017401754695383282,-4.338915638269302e-08,-7.480554962439215e-05,-1.2141710854748776e-06,0.00020459753415960115
0.0001392842346675954,-0.001738827794452616,-4.331223411881101e-08,-7.47471483002781e-05,-1.2117452138269451e-06,0.00020444122159989463
0.0001392590001721968,-0.0017374814069857972,-4.323578093503262e-08,-7.468881792013676e-05,-1.2093352124394795e-06,0.00020428502782465798
0.00013923233779196696,-0.0017361363045963608,-4.315979507054997e-08,-7.46305580578411e-05,-1.2069409296928503e-06,0.00020412895275945334
0.0001392042622461868,-0.0017347924847342547,-4.3084274325484035e-08,-7.457236829259281e-05,-1.20456221376073e-06,0.000203972996329571
0.00013917478821058802,-0.00173344994483911,-4.3009216572884415e-08,-7.451424820781228e-05,-1.2021989125928028e-06,0.00020381715846002854
0.00013914393031838214,-0.00173210868234242,-4.2934620174283426e-08,-7.445619739080572e-05,-1.1998508741862768e-06,0.000203661439075071
0.0001391117031606716,-0.0017307686946664816,-4.2860482613677127e-08,-7.439821543365278e-05,-1.1975179460365635e-06,0.00020350583809894879
0.00013907812128729574,-0.0017294299792244827,-4.2786802390736485e-08,-7.434030193165295e-05,-1.195199975830532e-06,0.00020335035545505567
0.0001390431992075331,-0.001728092533421311,-4.271357740736522e-08,-7.428245648487889e-05,-1.192896811118961e-06,0.00020319499106704074
0.00013900695139074234,-0.0017267563546535406,-4.264080555228638e-08,-7.422467869728919e-05,-1.1906082992260161e-06,0.00020303974485758592
0.00013896939226699007,-0.0017254214403087307,-4.256848468019565e-08,-7.416696817672776e-05,-1.188334287606998e-06,0.00020288461674937785
0.00013893053622789634,-0.0017240877877671215,-4.2496613133557004e-08,-7.410932453492365e-05,-1.1860746238441364e-06,0.0002027296066649134
0.00013889039762713493,-0.001722755394400009,-4.242518863178213e-08,-7.405174738693678e-05,-1.1838291553607272e-06,0.0002025747145258884
0.0001388489907812713,-0.0017214242575716303,-4.235420973210523e-08,-7.399423635204483e-05,-1.1815977295809146e-06,0.00020241994025436448
0.00013880632997021367,-0.0017200943746376264,-4.228367448068791e-08,-7.393679105396667e-05,-1.1793801940328903e-06,0.0002022652837713257
0.0001387624294380398,-0.001718765742946146,-4.2213580258212735e-08,-7.387941111786314e-05,-1.1771763963725006e-06,0.00020211074499850785
0.00013871730339366404,-0.0017174383598378092,-4.214392559623109e-08,-7.382209617455767e-05,-1.1749861845951193e-06,0.00020195632385634836
0.00013867096601138755,-0.0017161122226464593,-4.207470822112101e-08,-7.376484585798104e-05,-1.1728094066176266e-06,0.00020180202026573248
0.000138623431431535,-0.0017147873286971938,-4.2005926858579755e-08,-7.370765980417323e-05,-1.170645910538223e-06,0.00020164783414715977
0.00013857471376122534,-0.0017134636753091347,-4.193757918390981e-08,-7.365053765428078e-05,-1.168495544683855e-06,0.00020149376542074693
0.0001385248270748685,-0.0017121412597937632,-4.186966358446415e-08,-7.3593479052114e-05,-1.1663581574687956e-06,0.00020133981400664166
0.00013847378541484206,-0.0017108200794553564,-4.18021777874185e-08,-7.353648364481347e-05,-1.1642335981648628e-06,0.00020118597982452392
0.00013842160279219366,-0.0017095001315917105,-4.1735120074913494e-08,-7.347955108229452e-05,-1.1621217156513115e-06,0.00020103226279410486
0.00013836829318712555,-0.0017081814134938074,-4.166848876116073e-08,-7.342268101902386e-05,-1.1600223593726596e-06,0.00020087866283476753
0.00013831387054963513,-0.0017068639224456091,-4.160228178500253e-08,-7.336587311102188e-05,-1.1579353788979523e-06,0.00020072517986586985
0.0001382583488003052,-0.0017055476557248696,-4.1536497507949557e-08,-7.330912701886003e-05,-1.155860624574525e-06,0.00020057181380655253
0.00013820174183054457,-0.001704232610602459,-4.147113404782499e-08,-7.325244240532973e-05,-1.1537979466783057e-06,0.00020041856457576516
0.00013814406350364352,-0.001702918784343481,-4.140618951849454e-08,-7.31958189361082e-05,-1.1517471964370705e-06,0.00020026543209229427
0.00013808532765498797,-0.001701606174206246,-4.134166204394914e-08,-7.313925628109084e-05,-1.149708224865002e-06,0.0002001124162746535
0.0001380255480927401,-0.0017002947774425938,-4.127755016085677e-08,-7.308275411228156e-05,-1.1476808838605019e-06,0.00019995951704163714
0.00013796473859864884,-0.0016989845912995826,-4.121385178640707e-08,-7.302631210401494e-05,-1.145665025730288e-06,0.00019980673431168166
0.00013790291292826878,-0.001697675613017078,-4.115056531640101e-08,-7.296992993562129e-05,-1.143660503273809e-06,0.0001996540680027292
0.00013784008481175814,-0.0016963678398288226,-4.108768888584489e-08,-7.291360728631836e-05,-1.1416671697795727e-06,0.00019950151803341685
0.00013777626795443389,-0.0016950612689641332,-4.102522075631162e-08,-7.285734384142998e-05,-1.139684879031866e-06,0.00019934908432141658
0.00013771147603720743,-0.0016937558976448663,-4.0963159356595016e-08,-7.28011392866117e-05,-1.1377134854949485e-06,0.00019919676678515114
0.0001376457227173105,-0.0016924517230888835,-4.0901503039874183e-08,-7.27449933112934e-05,-1.1357528442211157e-06,0.0001990445653421871
0.0001375790216286676,-0.0016911487425072735,-4.08402499184115e-08,-7.268890560801258e-05,-1.1338028109164918e-06,0.00019889247991037242
0.00013751138638260106,-0.0016898469531060063,-4.07793983647778e-08,-7.26328758711932e-05,-1.1318632420839261e-06,0.00019874051040752992
0.00013744283056818765,-0.001688546352085715,-4.071894677489089e-08,-7.257690379836708e-05,-1.1299339945931685e-06,0.00019858865675118065
0.00013737336775305196,-0.0016872469366419798,-4.065889327916109e-08,-7.252098908995174e-05,-1.1280149261333573e-06,0.00019843691885890506
0.0001373030114835267,-0.001685948703964096,-4.059923649110831e-08,-7.24651314484731e-05,-1.1261058951893085e-06,0.0001982852966482584
0.00013723177528558476,-0.0016846516512378795,-4.053997452630414e-08,-7.240933058023101e-05,-1.1242067611912603e-06,0.0001981337900366061
0.00013715967266503119,-0.0016833557756424982,-4.048110612614702e-08,-7.235358619241254e-05,-1.1223173839313895e-06,0.0001979823989414819
0.0001370867171081212,-0.0016820610743528267,-4.042262946382864e-08,-7.229789799631174e-05,-1.1204376244505963e-06,0.00019783112328006314
0.00013701292208212444,-0.0016807675445383926,-4.036454282798806e-08,-7.224226570510911e-05,-1.118567344177393e-06,0.00019767996296961318
0.00013693830103567208,-0.001679475183364174,-4.0306844710464265e-08,-7.218668903431557e-05,-1.1167064057611996e-06,0.00019752891792737065
0.00013686286739942599,-0.0016781839879902783,-4.0249533798719154e-08,-7.213116770254977e-05,-1.114854672458942e-06,0.0001973779880705224
0.00013678663458650237,-0.0016768939555719276,-4.019260819281607e-08,-7.207570143031667e-05,-1.1130120088611751e-06,0.00019722717331625776
0.00013670961599278862,-0.0016756050832595916,-4.0136066524324416e-08,-7.202028994145102e-05,-1.1111782800610573e-06,0.00019707647358165913
0.0001366318249977043,-0.0016743173681992647,-4.007990729032037e-08,-7.196493296134112e-05,-1.1093533522104893e-06,0.0001969258887835891
0.0001365532749643646,-0.0016730308075323433,-4.002412895631887e-08,-7.190963021770504e-05,-1.1075370926923023e-06,0.00019677541883955158
0.00013647397924031068,-0.0016717453983956382,-3.996872988522009e-08,-7.185438144214642e-05,-1.1057293696485725e-06,0.00019662506366619446
0.00013639395115774985,-0.0016704611379218363,-3.991370904938136e-08,-7.179918636782176e-05,-1.1039300520686085e-06,0.0001964748231805843
0.00013631320403416044,-0.001669178023238567,-3.985906434505867e-08,-7.174404472933011e-05,-1.1021390106043477e-06,0.00019632469729956794
0.0001362317511726294,-0.0016678960514697793,-3.9804794885038275e-08,-7.16889562650439e-05,-1.1003561165077631e-06,0.00019617468594027376
0.00013614960586226204,-0.0016666152197346857,-3.9750898663811175e-08,-7.163392071533299e-05,-1.0985812423124924e-06,0.00019602478901977757
0.00013606678137878295,-0.0016653355251486398,-3.969737473414052e-08,-7.157893782278693e-05,-1.0968142617801908e-06,0.00019587500645479712
0.0001359832909848479,-0.0016640569648231057,-3.964422144841998e-08,-7.152400733232554e-05,-1.0950550497497955e-06,0.000195725338162192
0.00013589914793023038,-0.0016627795358639076,-3.95914374384766e-08,-7.14691289913099e-05,-1.0933034823058931e-06,0.00019557578405915774
0.0001358143654527341,-0.001661503235374934,-3.953902144900139e-08,-7.141430254909883e-05,-1.091559436444491e-06,0.00019542634406225453
0.00013572895677815464,-0.0016602280604545421,-3.948697161307132e-08,-7.135952775838026e-05,-1.0898227909976733e-06,0.0001952770180886289
0.00013564293512092365,-0.0016589540081980237,-3.943528717886493e-08,-7.130480437317379e-05,-1.0880934254669627e-06,0.00019512780605493004
0.00013555631368426582,-0.001657681075695554,-3.938396624409898e-08,-7.125013214993995e-05,-1.086371221159383e-06,0.00019497870787844857
0.0001354691056608844,-0.001656409260035002,-3.9333007786903274e-08,-7.119551084813616e-05,-1.0846560603027957e-06,0.00019482972347586804
0.00013538132423306144,-0.0016551385582991385,-3.92824104798551e-08,-7.114094022877294e-05,-1.0829478268334983e-06,0.00019468085276412396
0.0001352929825732251,-0.001653868967567919,-3.923217297963163e-08,-7.108642005519117e-05,-1.0812464055688083e-06,0.0001945320956600993
0.00013520409384415712,-0.0016526004849171554,-3.918229387310735e-08,-7.103195009361727e-05,-1.0795516833698669e-06,0.00019438345208070844
0.0001351146711994687,-0.001651333107418597,-3.913277185015322e-08,-7.097753011194176e-05,-1.0778635482588897e-06,0.00019423492194297883
0.00013502472778381528,-0.0016500668321406823,-3.9083605639904e-08,-7.092315988082974e-05,-1.0761818894938814e-06,0.00019408650516385804
0.00013493427673340344,-0.001648801656148544,-3.9034794246359816e-08,-7.08688391726105e-05,-1.0745065979252746e-06,0.00019393820166018508
0.00013484333117622704,-0.001647537576503484,-3.8986335875729127e-08,-7.08145677634978e-05,-1.0728375662190326e-06,0.00019379001134913615
0.00013475190423235662,-0.0016462745902629515,-3.8938229719683064e-08,-7.076034542914958e-05,-1.071174688429136e-06,0.000193641934147555
0.0001346600090143311,-0.0016450126944810568,-3.889047463522927e-08,-7.070617195010724e-05,-1.0695178596797278e-06,0.00019349396997254007
0.00013456765862750577,-0.001643751886209472,-3.884306891912265e-08,-7.065204710802138e-05,-1.0678669775545585e-06,0.00019334611874110853
0.00013447486617024264,-0.0016424921624949886,-3.879601163091045e-08,-7.059797068665112e-05,-1.0662219405532531e-06,0.00019319838037019693
0.00013438164473425385,-0.001641233520381662,-3.8749301588178466e-08,-7.054394247352874e-05,-1.0645826493312678e-06,0.00019305075477713451
0.00013428800740494342,-0.0016399759569105225,-3.870293727304787e-08,-7.04899622562968e-05,-1.0629490059766864e-06,0.0001929032418788908
0.00013419396726161537,-0.001638719469118478,-3.865691781810452e-08,-7.043602982626035e-05,-1.0613209142115142e-06,0.00019275584159260574
0.00013409953737790497,-0.0016374640540400291,-3.861124224569115e-08,-7.03821449767217e-05,-1.059698279661607e-06,0.00019260855383531096
0.00013400473082176689,-0.0016362097087060526,-3.856590878942561e-08,-7.032830750298021e-05,-1.0580810095745947e-06,0.00019246137852440136
0.00013390956065604078,-0.001634956430144471,-3.8520916676587245e-08,-7.027451720377622e-05,-1.0564690131928257e-06,0.0001923143155766929
0.00013381403993847123,-0.0016337042153790823,-3.847626483265254e-08,-7.022077387818136e-05,-1.0548622013269954e-06,0.0001921673649099464
0.00013371818172209818,-0.0016324530614316689,-3.8431951997356246e-08,-7.016707732926333e-05,-1.0532604867945882e-06,0.000192020526441233
0.00013362199905551182,-0.0016312029653210514,-3.8387977129504113e-08,-7.011342736164297e-05,-1.0516637842019004e-06,0.00019187380008773707
0.0001335255049828828,-0.001629953924061536,-3.8344338994207494e-08,-7.005982378293756e-05,-1.0500720102537012e-06,0.00019172718576672968
0.00013342871254443182,-0.00162870593466544,-3.8301036385448263e-08,-7.000626640198415e-05,-1.0484850833213452e-06,0.00019158068339584453
0.00013333163477652137,-0.00162745899414199,-3.8258068306281865e-08,-6.995275503083871e-05,-1.046902923987172e-06,0.0001914342928921917
0.00013323428471186647,-0.001626213099497146,-3.821543372507295e-08,-6.989928948355413e-05,-1.0453254544327055e-06,0.00019128801417332784
0.00013313667537983879,-0.0016249682477343045,-3.817313176340519e-08,-6.984586957695769e-05,-1.0437525994383596e-06,0.000191141847156785
0.00013303881980638837,-0.001623724435853262,-3.813116078688288e-08,-6.979249512943018e-05,-1.0421842854624216e-06,0.0001909957917597088
0.00013294073101459923,-0.0016224816608510874,-3.808952045051939e-08,-6.973916596257017e-05,-1.0406204407798165e-06,0.00019084984790021997
0.00013284242202468173,-0.0016212399197225783,-3.804820927902215e-08,-6.96858818996411e-05,-1.0390609966323746e-06,0.0001907040154953589
0.0001327439058539982,-0.001619999209458653,-3.80072262222331e-08,-6.963264276712448e-05,-1.0375058855694353e-06,0.00019055829446297453
0.0001326451955174805,-0.0016187595270484192,-3.796657030509819e-08,-6.957944839294389e-05,-1.0359550426543036e-06,0.00019041268472075125
0.00013254555359567454,-0.0016175209309700518,8.899528031704258e-07,-6.960474514268325e-05,-1.4333910957500677e-06,0.00019026709629939742
0.00013244588168626333,-0.0016162833453993509,1.673082397103312e-06,-6.96178449876343e-05,-1.7685717206266496e-06,0.00019012162956555604
0.0001323461805512968,-0.0016150467682376146,2.322343415873865e-06,-6.961967117806529e-05,-2.0461931058370505e-06,0.00018997628405513224
0.00013224645152409877,-0.0016138111973519847,2.848282902420138e-06,-6.961111531508217e-05,-2.2707905322053757e-06,0.00018983105927202252
0.00013214669648884872,-0.0016125766305766626,3.261087026329009e-06,-6.959303847805067e-05,-2.446744088222692e-06,0.00018968595469121195
0.0001320469178599593,-0.0016113430657116355,3.570593875984391e-06,-6.956627230660218e-05,-2.578284172414213e-06,0.0001895409697617587
0.0001319471185633517,-0.0016101105005243029,3.786305811092312e-06,-6.953162004714765e-05,-2.669496806269399e-06,0.0001893961039090651
0.00013184730201762075,-0.001608878932748586,3.9174013774218395e-06,-6.948985756239093e-05,-2.7243287598068376e-06,0.00018925135653798843
0.00013174747211607048,-0.0016076483600863736,3.9727467799830415e-06,-6.944173430267596e-05,-2.746592486288874e-06,0.00018910672703387673
0.00013164763320961314,-0.001606418780206499,3.960906985706277e-06,-6.938797424466182e-05,-2.7399708975305973e-06,0.0001889622147662822
0.00013154779008984726,-0.001605190190744575,3.890156389701448e-06,-6.932927679739115e-05,-2.7080219519169202e-06,0.000188817819089883
0.00013144794797346595,-0.0016039625893063951,3.7684891381945493e-06,-6.926631767303943e-05,-2.6541830952126516e-06,0.00018867353934658355
0.0001313481124863484,-0.001602735973464851,3.6036290706975527e-06,-6.919974972985478e-05,-2.5817755358106604e-06,0.00018852937486771513
0.00013124828964886665,-0.0016015103407617656,3.403039302108237e-06,-6.913020378425229e-05,-2.4940083671988797e-06,0.0001883853249751149
0.00013114848586147937,-0.0016002856887081722,3.1739314921016106e-06,-6.905828939280516e-05,-2.3939825540359704e-06,0.0001882413889828615
0.00013104870789104367,-0.0015990620147852048,2.9232747547414797e-06,-6.898459560909582e-05,-2.284694765133011e-06,0.00018809756619922552
0.000130948962857069,-0.0015978393164426067,2.6578042780074156e-06,-6.890969170996066e-05,-2.1690410800676265e-06,0.00018795385592677985
0.00013084925821931222,-0.0015966175911019185,2.3840296264787206e-06,-6.883412790031156e-05,-2.0498205605182434e-06,0.00018781025746517164
0.0001307496125775423,-0.0015953968352701987,2.122003172257006e-06,-6.875843746211086e-05,-1.9297458450182062e-06,0.0001876667701130534
0.0001306500135074271,-0.0015941770478990194,1.851702123444698e-06,-6.868313161423093e-05,-1.8114183135731552e-06,0.00018752339316240597
0.00013055047615032303,-0.0015929582258566704,1.5883203266496488e-06,-6.86086234559303e-05,-1.696939384995145e-06,0.0001873801260052306
0.00013045101081780988,-0.0015917403663383346,1.3295228218116497e-06,-6.853454252629779e-05,-1.5844251864407402e-06,0.00018723696889528233
0.00013035165235236745,-0.0015905234645444747,1.049950925231587e-06,-6.84587450144735e-05,-1.462971902954816e-06,0.00018709392407847606
0.00013025244063327374,-0.0015893075152505667,7.205140171737483e-07,-6.837877176165502e-05,-1.3200709896311312e-06,0.00018695099419177276
0.00013015341333399823,-0.0015880925133922815,3.136324063258017e-07,-6.829229163035923e-05,-1.1438635704137927e-06,0.00018680818172787407
0.0001300546060070431,-0.0015868784540632576,-1.9681812361649928e-07,-6.819709694147401e-05,-9.231165707351231e-07,0.00018666548898731034
0.00012995605216510354,-0.0015856653325117983,-8.355594417200095e-07,-6.809109909626507e-05,-6.471998429370499e-07,0.00018652291803536748
0.00012985778335901404,-0.0015844531441388705,-1.6259619729445486e-06,-6.797232437637796e-05,-3.0606423926272347e-07,0.00018638047066234638
0.00012975901718963303,-0.001583241951051114,-1.564271271280159e-06,-6.792563417406516e-05,-3.313267316990376e-07,0.00018623805107668444
0.0001296604644693706,-0.0015820316929787384,-1.5050014285426376e-06,-6.787879024129829e-05,-3.555445732647771e-07,0.00018609573575019823
0.00012956214008371265,-0.0015808223665979852,-1.448057400757159e-06,-6.78318049715128e-05,-3.7875909541016325e-07,0.00018595352306356974
0.00012946405861234575,-0.00157961396860093,-1.393347874777986e-06,-6.778469135615493e-05,-4.010100458046261e-07,0.00018581141107273962
0.00012936623432967966,-0.0015784064956980393,-1.3407851228746439e-06,-6.773746304631072e-05,-4.223356538095608e-07,0.00018566939749086202
0.00012926868120522928,-0.001577199944619541,-1.290284862319878e-06,-6.769013440756042e-05,-4.4277269353632534e-07,0.00018552747967341788
0.00012917141290361142,-0.0015759943121169237,-1.2417661192302906e-06,-6.764272056905766e-05,-4.6235654388238125e-07,0.0001853856546061268
0.00012907444278452922,-0.0015747895949632651,-1.1951510989261957e-06,-6.75952374606156e-05,-4.811212459028329e-07,0.0001852439188958738
0.0001289777839028294,-0.0015735857899561092,-1.150365060935066e-06,-6.754770184479586e-05,-4.990995585860985e-07,0.00018510226876371452
0.00012888144900821092,-0.0015723828939166668,-1.1073362000959828e-06,-6.750013134300006e-05,-5.163230114721605e-07,0.00018496070004042782
0.00012878545054493623,-0.001571180903692828,-1.0659955299184438e-06,-6.745254445267803e-05,-5.328219545891143e-07,0.00018481920816417163
0.0001286898006515349,-0.0015699798161588352,-1.0262767725312375e-06,-6.740496056120342e-05,-5.486256076921825e-07,0.0001846777881807442
0.00012859451116042803,-0.0015687796282180721,-9.881162518142266e-07,-6.735739995319803e-05,-5.637621067584584e-07,0.00018453643474503412
0.00012849959359740034,-0.001567580336802085,-9.514527929501159e-07,-6.730988381030477e-05,-5.782585476851127e-07,0.00018439514212510047
0.0001284050591809907,-0.0015663819388728832,-9.162276216589587e-07,-6.72624342104043e-05,-5.921410290232133e-07,0.00018425390420775156
0.0001283109188222202,-0.0015651844314240662,-8.823842720744828e-07,-6.721507411850375e-05,-6.054346932160565e-07,0.00018411271450572707
0.00012821718312370435,-0.0015639878114812407,-8.498684946557196e-07,-6.716782737473786e-05,-6.181637651729901e-07,0.00018397156616645918
0.00012812386237923815,-0.0015627920761024311,-8.18628170199569e-07,-6.712071867914931e-05,-6.303515899028824e-07,0.00018383045198249725
0.00012803096657322595,-0.0015615972223808824,-7.886132257426771e-07,-6.707377357191582e-05,-6.420206681770778e-07,0.00018368936440312203
0.00012793850537996568,-0.0015604032474440636,-7.597755543152473e-07,-6.702701840858109e-05,-6.531926907141134e-07,0.000183548295547066
0.00012784648816310007,-0.0015592101484555294,-7.320689369057956e-07,-6.698048033661613e-05,-6.638885713722865e-07,0.00018340723721712234
0.00012775492397496522,-0.0015580179226152998,-7.05448970320711e-07,-6.693418726376539e-05,-6.741284784928804e-07,0.00018326618091469207
0.00012766382155615644,-0.0015568265671607928,-6.798729934756791e-07,-6.688816782750093e-05,-6.839318650950487e-07,0.00018312511785705202
0.00012757318933488929,-0.0015556360793674735,-6.553000207835126e-07,-6.684245136103573e-05,-6.933174979602837e-07,0.00018298403899356502
0.00012748303542651796,-0.0015544464565498757,-6.316906758015374e-07,-6.679706785567158e-05,-7.02303484774102e-07,0.00018284293502438621
0.00012739336763306167,-0.0015532576960621877,-6.090071278435273e-07,-6.675204792325808e-05,-7.109073016041203e-07,0.00018270179641914083
0.0001273041934428308,-0.0015520697952987937,-5.872130311993559e-07,-6.670742275454303e-05,-7.191458177621736e-07,0.00018256061343654298
0.00012721552003009634,-0.0015508827516956035,-5.662734672751361e-07,-6.666322408074208e-05,-7.27035320517189e-07,0.00018241937614473877
0.0001271273542546235,-0.0015496965627293594,-5.46154888551325e-07,-6.661948412500555e-05,-7.345915379830413e-07,0.0001822780744417523
0.00012703970266159884,-0.0015485112259199286,-5.268250639374829e-07,-6.657623556198831e-05,-7.418296623880731e-07,0.00018213669807760368
0.00012695257148142533,-0.0015473267388290462,-5.08253028638594e-07,-6.65335114703155e-05,-7.487643707320064e-07,0.00018199523667525568
0.00012686596662963315,-0.0015461430990632637,-4.904090323308923e-07,-6.649134528582418e-05,-7.554098463206269e-07,0.00018185367975314353
0.0001267798937067595,-0.001544960304271711,-4.7326449350860023e-07,-6.644977075469386e-05,-7.617797977815868e-07,0.00018171201674803723
0.00012669435799853124,-0.0015437783521491087,-4.5679195224692497e-07,-6.640882188524552e-05,-7.678874783506912e-07,0.0001815702370368487
0.00012660936447605152,-0.0015425972404342829,-4.4096502658403374e-07,-6.636853289807368e-05,-7.737457040481161e-07,0.00018142832996093563
0.0001265249177959518,-0.0015414169669127184,-4.257583705833026e-07,-6.632893817873365e-05,-7.793668714310532e-07,0.0001812862848480483
0.00012644102230078395,-0.001540237529414905,-4.111476327635643e-07,-6.629007222709718e-05,-7.847629736186996e-07,0.00018114409103599436
0.00012635768201940383,-0.0015390589258175518,-3.9710941860036265e-07,-6.625196960804026e-05,-7.899456164489458e-07,0.0001810017378961387
0.00012627490066761403,-0.0015378811540448882,-3.836212504946026e-07,-6.62146649022429e-05,-7.949260347009942e-07,0.00018085921485609866
0.00012619268164877032,-0.0015367042120679473,-3.706615341722854e-07,-6.617819265632189e-05,-7.997151055457813e-07,0.00018071651142354873
0.00012611102805463428,-0.0015355280979056946,-3.582095229646331e-07,-6.614258733385298e-05,-8.043233641092335e-07,0.00018057361720856885
0.00012602994266593714,-0.001534352809624547,-3.4624528424811094e-07,-6.610788326561498e-05,-8.087610151775428e-07,0.00018043052194740845
0.00012594942795372642,-0.0015331783453386048,-3.347496681939112e-07,-6.607411460138928e-05,-8.130379475320829e-07,0.00018028721552482144
0.00012586948608027943,-0.0015320047032117146,-3.237042762170226e-07,-6.604131526098226e-05,-8.171637461957787e-07,0.00018014368799629065
0.00012579011890031456,-0.0015308318814551984,-3.130914325788812e-07,-6.600951888669125e-05,-8.211477037287444e-07,0.0001799999296104748
0.00012571132796243827,-0.0015296598783303705,-3.028941546242724e-07,-6.597875879643656e-05,-8.249988319298063e-07,0.00017985593083129576
0.00012563311451034556,-0.0015284886921469454,-2.9309612698601483e-07,-6.594906793600636e-05,-8.287258725040653e-07,0.00017971168235923396
0.00012555547948474917,-0.0015273183212642942,-2.8368167420922767e-07,-6.592047883418859e-05,-8.323373079697522e-07,0.00017956717515202962
0.00012547842352476888,-0.0015261487640917393,-2.7463573653216626e-07,-6.589302355679185e-05,-8.358413706257209e-07,0.0001794224004461462
0.00012540194696985518,-0.001524980019088169,-2.659438446501613e-07,-6.58667336625557e-05,-8.392460530869854e-07,0.00017927734977636248
0.000125326049861766,-0.0015238120847611803,-2.575920981090673e-07,-6.584164015972632e-05,-8.425591165129645e-07,0.00017913201499600287
0.00012525073194659015,-0.001522644959669958,-2.495671412393758e-07,-6.581777346385493e-05,-8.45788099658088e-07,0.00017898638829517098
0.00012517599267688895,-0.0015214786424230572,-2.418561427980319e-07,-6.579516335504061e-05,-8.48940326950762e-07,0.00017884046222013474
0.00012510183121408925,-0.0015203131316784638,-2.3444677561107126e-07,-6.577383893883813e-05,-8.52022916471686e-07,0.00017869422969095134
0.0001250282464308965,-0.0015191484261456608,-2.2732719548681096e-07,-6.575382860605544e-05,-8.550427872834213e-07,0.00017854768401902286
0.0001249552369136902,-0.0015179845245827887,-2.2048602358329916e-07,-6.573515999410701e-05,-8.580066663988904e-07,0.00017840081892329232
0.00012488280096549433,-0.001516821425799,-2.1391232780440322e-07,-6.571785995080896e-05,-8.609210956806452e-07,0.00017825362854701174
0.00012481093660852752,-0.0015156591286536482,-2.0759560488546476e-07,-6.57019544971769e-05,-8.637924383061848e-07,0.00017810610747201025
0.00012473964158712098,-0.0015144976320547161,-2.015257638216937e-07,-6.568746879255456e-05,-8.666268843903239e-07,0.00017795825073442224
0.00012466891337104298,-0.0015133369349623422,-1.9569310958684264e-07,-6.567442710274162e-05,-8.694304574851546e-07,0.0001778100538377254
0.00012459874915825736,-0.0015121770363849495,-1.900883275660692e-07,-6.566285276579049e-05,-8.722090194388927e-07,0.0001776615127658459
0.0001245291458783867,-0.0015110179353807936,-1.847024685138388e-07,-6.565276816102276e-05,-8.749682753033389e-07,0.00017751262399601702
0.00012446010019613737,-0.0015098596310580564,-1.7952693504942087e-07,-6.564419468037863e-05,-8.777137784874796e-07,0.00017736338450972413
0.00012439160851474574,-0.0015087021225744864,-1.745534667817935e-07,-6.563715269854521e-05,-8.804509352761924e-07,0.00017721379180341278
0.0001243236669795286,-0.001507545409136541,-1.6977412724959113e-07,-6.56316615476373e-05,-8.831850090228162e-07,0.00017706384389896474
0.0001242562714816616,-0.0015063894900001129,-1.651812918180992e-07,-6.562773948877085e-05,-8.859211241506735e-07,0.00017691353935188166
0.00012418941766192807,-0.0015052343644691812,-1.6076763485778015e-07,-6.562540369007567e-05,-8.886642694989896e-07,0.00017676287726012586
0.00012412310091483431,-0.0015040800318972944,-1.565261183114949e-07,-6.562467020204448e-05,-8.914193024006728e-07,0.0001766118572711554
0.00012405731639240705,-0.0015029264916855978,-1.5244998020402705e-07,-6.562555393665755e-05,-8.941909510566199e-07,0.00017646047958879503
0.00012399205900836622,-0.0015017737432830342,-1.4853272382291286e-07,-6.562806864517601e-05,-8.969838182629591e-07,0.00017630874497805274
0.00012392732344251268,-0.0015006217861866704,-1.4476810766736655e-07,-6.563222690237399e-05,-8.998023836881301e-07,0.00017615665477106504
0.00012386310414481215,-0.0014994706199405214,-1.4115013466774524e-07,-6.5638040085444e-05,-9.026510064793609e-07,0.00017600421086976303
0.0001237993953399546,-0.0014983202441349102,-1.3767304367858635e-07,-6.564551835989564e-05,-9.055339275187718e-07,0.00017585141575011227
0.00012373619103185073,-0.0014971706584082415,-1.3433129925725782e-07,-6.565467066323615e-05,-9.08455271415672e-07,0.00017569827246317272
0.00012367348500809692,-0.0014960218624434903,-1.3111958320615815e-07,-6.566550469253604e-05,-9.114190485544117e-07,0.00017554478463734137
0.0001236112708447658,-0.0014948738559706302,-1.2803278594953418e-07,-6.567802689166327e-05,-9.144291565834442e-07,0.0001753909564781244
0.00012354954191109508,-0.0014937266387640487,-1.2506599854061153e-07,-6.569224244051579e-05,-9.174893820814383e-07,0.0001752367927682575
0.00012348829137422723,-0.0014925802106436064,-1.2221450440337817e-07,-6.570815524458851e-05,-9.206034011996703e-07,0.00017508229886577343
0.00012342751220417196,-0.001491434571472473,-1.194737722221521e-07,-6.572576792809242e-05,-9.237747819039779e-07,0.00017492748070305612
0.00012336719717885063,-0.0014902897211591887,-1.1683944862782581e-07,-6.574508182685398e-05,-9.270069838259758e-07,0.00017477234478239896
0.00012330733888898498,-0.0014891456596544954,-1.1430735040862286e-07,-6.57660969812134e-05,-9.303033597763178e-07,0.0001746168981734214
0.0001232479297430645,-0.0014880023869523122,-1.1187345958319732e-07,-6.578881213392051e-05,-9.336671557415775e-07,0.00017446114850829778
0.00012318896197290315,-0.001486859903088989,-1.0953391468663851e-07,-6.581322472536659e-05,-9.371015122689529e-07,0.0001743051039758727
0.00012313042763834788,-0.001485718208142878,-1.07285006016556e-07,-6.583933089236932e-05,-9.406094639461125e-07,0.00017414877331575247
0.00012307231863278544,-0.00148457730223204,-1.0512317009149788e-07,-6.586712546851229e-05,-9.441939398143798e-07,0.000173992165811925
0.00012301462668853143,-0.0014834371855171828,-1.0304498256678095e-07,-6.589660198226514e-05,-9.478577636637934e-07,0.00017383529128419946
0.00012295734338180463,-0.0014822978581971282,-1.0104715377863328e-07,-6.59277526624317e-05,-9.5160365383901e-07,0.00017367816008022073
0.00012290046013857387,-0.0014811593205113988,-9.91265228113201e-08,-6.596056843837987e-05,-9.554342236626622e-07,0.00017352078306629966
0.00012284396823947807,-0.0014800215727371476,-9.728005292707552e-08,-6.599503894526884e-05,-9.59351980110109e-07,0.00017336317161753984
0.000122787858825724,-0.0014788846151901486,-9.550482689369412e-08,-6.603115252983153e-05,-9.633593241771754e-07,0.00017320533760693737
0.00012273212290422428,-0.0014777484482230874,-9.379804140411745e-08,-6.606889625637935e-05,-9.674585506130196e-07,0.00017304729339471714
0.0001226767513532942,-0.0014766130722262698,-9.215700339439169e-08,-6.610825591436179e-05,-9.716518468896291e-07,0.00017288905181629563
0.0001226217349280769,-0.0014754784876244078,-9.057912517930033e-08,-6.614921602703728e-05,-9.759412930281878e-07,0.0001727306261694265
0.00012256706426610973,-0.0014743446948787126,-8.906192109068516e-08,-6.619175986147586e-05,-9.803288606760617e-07,0.0001725720302012495
0.00012251272989289886,-0.0014732116944846836,-8.760300265034324e-08,-6.623586943989481e-05,-9.848164123849823e-07,0.00017241327809477123
0.0001224587222274234,-0.0014720794869713468,-8.620007506021696e-08,-6.62815255493296e-05,-9.894057013817711e-07,0.0001722543844544154
0.00012240503158787887,-0.0014709480729011835,-8.485093393861732e-08,-6.63287077568557e-05,-9.94098369899281e-07,0.00017209536429132634
0.00012235164819693548,-0.0014698174528681358,-8.35534611557996e-08,-6.637739442159176e-05,-9.988959489748672e-07,0.0001719362330080885
0.0001222985621875907,-0.0014686876274986396,-8.230562125260177e-08,-6.642756271003312e-05,-1.0037998573224551e-06,0.00017177700638286415
0.00012224576360873583,-0.0014675585974496452,-8.110545957547479e-08,-6.647918861183039e-05,-1.0088114004023149e-06,0.0001716177005529358
0.00012219324243054823,-0.0014664303634077957,-7.995109727886423e-08,-6.653224695501244e-05,-1.0139317699418912e-06,0.0001714583319982888
0.00012214098855014378,-0.0014653029260890886,-7.884072992229579e-08,-6.658671142398547e-05,-1.0191620421763458e-06,0.00017129891752473857
0.00012208899179720425,-0.0014641762862382774,-7.777262324164732e-08,-6.664255457853203e-05,-1.0245031775115203e-06,0.00017113947424567051
0.00012203724193928576,-0.0014630504446264193,-7.674511181321041e-08,-6.66997478701449e-05,-1.0299560191113636e-06,0.0001709800195648463
0.00012198572868760738,-0.0014619254020526334,-7.575659482155106e-08,-6.675826166424599e-05,-1.0355212930535294e-06,0.00017082057115763282
0.00012193444170234968,-0.0014608011593415173,-7.480553460203005e-08,-6.681806525940686e-05,-1.0411996060702257e-06,0.00017066114695338033
0.00012188337059810744,-0.0014596777173431082,-7.389045410995077e-08,-6.68791269070149e-05,-1.0469914449161612e-06,0.0001705017651156497
0.00012183250494944796,-0.0014585550769307233,-7.300993355432715e-08,-6.69414138360453e-05,-1.0528971766975257e-06,0.0001703424440239147
0.00012178183429619301,-0.001457433239001834,-7.216260985865045e-08,-6.700489227217207e-05,-1.0589170461860393e-06,0.0001701832022536641
0.00012173134814882306,-0.0014563122044762246,-7.134717219061755e-08,-6.706952746387228e-05,-1.065051176657913e-06,0.00017002405855775734
0.00012168103599386871,-0.001455191974295555,-7.056236272856223e-08,-6.713528370309177e-05,-1.071299567832284e-06,0.00016986503184583389
0.00012163088729906538,-0.0014540725494217837,-6.980697193829232e-08,-6.720212435068375e-05,-1.077662096224478e-06,0.00016970614116525222
0.00012158089151873755,-0.0014529539308374222,-6.907983793989225e-08,-6.727001186273578e-05,-1.084138513819924e-06,0.00016954740568091901
0.00012153103809893132,-0.0014518361195437627,-6.837984454250571e-08,-6.733890781234554e-05,-1.090728447612048e-06,0.00016938884465501805
0.00012148131648253419,-0.0014507191165601895,-6.770591960287671e-08,-6.740877291783461e-05,-1.097431399122761e-06,0.00016923047742772892
0.00012143171611452724,-0.0014496029229243092,-6.705703292157014e-08,-6.747956706818823e-05,-1.104246744415542e-06,0.00016907232339582047
0.00012138222644678564,-0.0014484875396889565,-6.643219475105051e-08,-6.755124934982568e-05,-1.1111737324190459e-06,0.00016891440199395084
0.00012133283694332451,-0.0014473729679232367,-6.583045425394567e-08,-6.76237780729278e-05,-1.1182114860330276e-06,0.00016875673267337279
0.00012128353708507887,-0.0014462592087105513,-6.525089773261947e-08,-6.769711079942859e-05,-1.12535900111455e-06,0.00016859933488291495
0.00012123431637489784,-0.00144514626314867,-6.469264772791458e-08,-6.777120437078618e-05,-1.1326151462690065e-06,0.00016844222804760487
0.00012118516434221308,-0.001444034132348001,-6.415486152408563e-08,-6.784601493541879e-05,-1.1399786633108491e-06,0.0001682854315499829
0.00012113607054806865,-0.0014429228174313211,-6.363672869457886e-08,-6.792149797769633e-05,-1.1474481670511173e-06,0.0001681289647093361
0.00012108702458940003,-0.001441812319531933,-6.31374711052381e-08,-6.799760834582088e-05,-1.155022145182241e-06,0.00016797284676254082
0.00012103801610407353,-0.0014407026397942504,-6.265634148471917e-08,-6.807430028148329e-05,-1.1626989587247698e-06,0.00016781709684443485
0.00012098903477519954,-0.0014395937793714132,-6.219262135740744e-08,-6.815152744885422e-05,-1.1704768424533944e-06,0.00016766173396796672
0.00012094007033568247,-0.0014384857394254171,-6.174562121369293e-08,-6.822924296290801e-05,-1.1783539052846986e-06,0.0001675067770052325
0.00012089111257268761,-0.0014373785211263404,-6.131467789678509e-08,-6.830739942063302e-05,-1.1863281306164746e-06,0.00016735224466883422
0.00012084215133186152,-0.001436272125650191,-6.089915487411799e-08,-6.838594892880067e-05,-1.1943973773504148e-06,0.00016719815549256923
0.00012079317652186072,-0.001435166554180007,-6.04984406455559e-08,-6.846484313517528e-05,-1.2025593801931895e-06,0.00016704452781299617
0.00012074417811813392,-0.0014340618079027203,-6.011194741643909e-08,-6.854403325728148e-05,-1.210811751053911e-06,0.0001668913797514852
0.00012069514616749099,-0.0014329578880105558,-5.973911082283711e-08,-6.862347011383538e-05,-1.2191519798101916e-06,0.0001667387291964085
0.00012064607079177963,-0.0014318547956982167,-5.937938893479202e-08,-6.870310415317917e-05,-1.227577434956096e-06,0.00016658659378456525
0.00012059694219210016,-0.0014307525321637748,-5.903226054292638e-08,-6.878288548426681e-05,-1.2360853657144724e-06,0.00016643499088535627
0.00012054775065252749,-0.00142965109860616,-5.869722536162368e-08,-6.886276390709685e-05,-1.2446729030353081e-06,0.00016628393758225227
0.00012049848654404858,-0.001428550496225778,-5.83738026201225e-08,-6.894268894203205e-05,-1.2533370607713176e-06,0.00016613345065770205
0.00012044914032814845,-0.0014274507262228716,-5.806153121910996e-08,-6.902260985989828e-05,-1.2620747373008639e-06,0.0001659835465757523
0.00012039970256054865,-0.0014263517897963025,-5.775996711725373e-08,-6.910247571374681e-05,-1.2708827178068028e-06,0.0001658342414667357
0.0001203501638947199,-0.0014252536881441933,-5.7468684600685487e-08,-6.918223536673079e-05,-1.2797576755352495e-06,0.0001656855511120812
0.00012030051508538023,-0.0014241564224615549,-5.718727430993934e-08,-6.926183752309057e-05,-1.2886961738141232e-06,0.00016553749092893227
0.00012025074699179342,-0.001423059993940261,-5.691534344506155e-08,-6.934123075847217e-05,-1.2976946681828393e-06,0.00016539007595547201
0.0001202008505812694,-0.001421964403767989,-5.665251433010341e-08,-6.942036354913479e-05,-1.3067495089903202e-06,0.0001652433208374691
0.00012015081693218205,-0.0014208696531279898,-5.6398424448927564e-08,-6.949918430182445e-05,-1.3158569431673442e-06,0.00016509723981429617
0.0001201006372371945,-0.0014197757431975353,-5.615272566571049e-08,-6.957764138386968e-05,-1.3250131164672227e-06,0.0001649518467055319
0.00012005030280625967,-0.0014186826751472043,-5.591508300750027e-08,-6.965568315127772e-05,-1.3342140767578064e-06,0.00016480715489851822
0.00011999980506973692,-0.0014175904501410475,-5.568517562760001e-08,-6.97332579792732e-05,-1.343455776008989e-06,0.00016466317733615613
0.00011994913558099646,-0.0014164990693342997,-5.546269470891637e-08,-6.981031429117079e-05,-1.3527340733835207e-06,0.00016451992650546245
0.00011989828601946675,-0.0014154085338742711,-5.524734429864065e-08,-6.988680058713714e-05,-1.3620447378212264e-06,0.00016437741442564148
0.0001198472481931763,-0.0014143188448980375,-5.5038838967635254e-08,-6.996266547317334e-05,-1.371383451612224e-06,0.0001642356526385296
0.00011979601404149143,-0.0014132300035333586,-5.483690611179718e-08,-7.00378576880998e-05,-1.3807458125543931e-06,0.00016409465219740068
0.0001197445756375153,-0.0014121420108966,-5.464128291562918e-08,-7.011232613498091e-05,-1.3901273378180106e-06,0.0001639544236576896
0.00011969292519064665,-0.001411054868092754,-5.445171723517574e-08,-7.018601990588752e-05,-1.3995234671512163e-06,0.0001638149770685857
0.0001196410550488246,-0.0014099685762142397,-5.426796709171007e-08,-7.025888831143417e-05,-1.4089295658008825e-06,0.00016367632196365753
0.00011958895770088814,-0.0014088831363401747,-5.4089799952822805e-08,-7.033088090809466e-05,-1.418340928797125e-06,0.00016353846735314186
0.00011953662577876717,-0.001407798549536529,-5.391699248897303e-08,-7.040194752540595e-05,-1.427752783683501e-06,0.0001634014217169812
0.00011948405205950826,-0.0014067148168546663,-5.37493302933937e-08,-7.047203829283961e-05,-1.4371602947112205e-06,0.00016326519299697368
0.00011943122946738391,-0.0014056319393316373,-5.3586607850394774e-08,-7.054110366633841e-05,-1.4465585661420045e-06,0.00016312978859157258
0.00011937815107567139,-0.0014045499179874358,-5.3428626976702437e-08,-7.060909445496489e-05,-1.4559426466713012e-06,0.00016299521534946486
0.0001193248101086438,-0.0014034687538266922,-5.3275198318281056e-08,-7.067596184666037e-05,-1.4653075325853402e-06,0.0001628614795644537
0.00011927119994333851,-0.0014023884478374688,-5.31261394676661e-08,-7.074165743500306e-05,-1.4746481723928137e-06,0.00016272858697109063
0.00011921731411101071,-0.00140130900098922,-5.298127565225802e-08,-7.080613324241326e-05,-1.4839594701101768e-06,0.0001625965427404165
0.00011916314629902762,-0.0014002304142342564,-5.2840438365476243e-08,-7.086934174813168e-05,-1.493236290469359e-06,0.00016246535147670485
0.00011910869035210717,-0.0013991526885055634,-5.270346690913228e-08,-7.093123591020255e-05,-1.5024734615994647e-06,0.00016233501721429783
0.00011905394027395451,-0.0013980758247173583,-5.257020624226787e-08,-7.099176919211934e-05,-1.5116657805293761e-06,0.00016220554341509809
0.00011899889022849226,-0.0013969998237638628,-5.244050760587951e-08,-7.105089558491724e-05,-1.5208080171047662e-06,0.00016207693296745856
0.00011894353454109717,-0.0013959246865186403,-5.231422867211986e-08,-7.110856963237522e-05,-1.5298949175407804e-06,0.00016194918818442254
0.00011888786769978491,-0.0013948504138343839,-5.2191232172519404e-08,-7.116474645255309e-05,-1.5389212098275594e-06,0.00016182231080300155
0.00011883188435645662,-0.0013937770065428016,-5.207138702148428e-08,-7.121938176299194e-05,-1.5478816077479283e-06,0.00016169630198442736
0.00011877557932769752,-0.0013927044654528794,-5.1954566627405614e-08,-7.12724319006969e-05,-1.5567708149367613e-06,0.00016157116231399802
0.0001187189475958357,-0.0013916327913518949,-5.1840650295766576e-08,-7.132385384578196e-05,-1.5655835297834436e-06,0.00016144689180282726
0.0001186619843098434,-0.0013905619850041742,-5.1729521638786254e-08,-7.137360524289482e-05,-1.5743144494531966e-06,0.0001613234898891345
0.00011860468478599195,-0.0013894920471501375,-5.162106902555031e-08,-7.1421644421643e-05,-1.5829582753897477e-06,0.00016120095543947858
0.0001185470445086299,-0.0013884229785069229,-5.151518569182531e-08,-7.146793041857163e-05,-1.591509716517877e-06,0.0001610792867526155
0.00011848905913079703,-0.0013873547797666648,-5.141176847372819e-08,-7.151242299658946e-05,-1.599963494413192e-06,0.00016095848156206353
0.00011843072447484921,-0.0013862874515980033,-5.131071925838978e-08,-7.155508266528189e-05,-1.608314347823016e-06,0.0001608385370394322
0.00011837203653272747,-0.0013852209946432984,-5.1211943108995234e-08,-7.159587070089045e-05,-1.6165570374650387e-06,0.00016071944979911113
0.00011831299146657464,-0.001384155409519783,-5.111534953626897e-08,-7.163474916429382e-05,-1.6246863497017024e-06,0.00016060121590272123
0.00011825358560892489,-0.0013830906968184894,-5.102085145837896e-08,-7.167168092065372e-05,-1.632697101793367e-06,0.0001604838308644279
0.00011819381546306682,-0.0013820268571048849,-5.092836534531775e-08,-7.170662965661849e-05,-1.640584146183396e-06,0.00016036728965578007
0.00011813367770311967,-0.0013809638909173597,-5.0837811007763074e-08,-7.173955989963439e-05,-1.6483423748805476e-06,0.00016025158671336822
0.00011807316917419087,-0.0013799017987672182,-5.0749111542251725e-08,-7.177043703248439e-05,-1.6559667238967985e-06,0.0001601367159442446
0.00011801228689247235,-0.0013788405811391191,-5.066219344282457e-08,-7.179922731348773e-05,-1.6634521777059868e-06,0.00016002267073330416
0.00011795102804504501,-0.0013777802384893059,-5.057698611756772e-08,-7.182589788914994e-05,-1.6707937738240183e-06,0.00015990944395088204
0.00011788938998991593,-0.0013767207712466136,-5.049342118317806e-08,-7.185041681258558e-05,-1.677986606514729e-06,0.00015979702796086866
0.00011782737025580882,-0.0013756621798112195,-5.0411434420609e-08,-7.187275305838836e-05,-1.6850258319494496e-06,0.00015968541462903064
0.00011776496654193555,-0.0013746044645552428,-5.03309630653664e-08,-7.189287653561323e-05,-1.6919066716874011e-06,0.00015957459533177398
0.00011770217671763619,-0.0013735476258218086,-5.025194692776561e-08,-7.191075810453354e-05,-1.6986244174293981e-06,0.00015946456096509076
0.00011763899882212054,-0.0013724916639256117,-5.0174329462691025e-08,-7.192636958884511e-05,-1.7051744344670629e-06,0.00015935530195489004
0.00011757543106393117,-0.0013714365791514227,-5.0098055169936796e-08,-7.193968378986908e-05,-1.7115521668425157e-06,0.00015924680826692774
0.00011751147182042036,-0.0013703823717549461,-5.0023071864151956e-08,-7.195067449831267e-05,-1.7177531398920128e-06,0.00015913906941626314
0.00011744711963731689,-0.0013693290419623777,-4.9949328691247744e-08,-7.195931650769311e-05,-1.7237729654543315e-06,0.0001590320744798526
0.00011738237322798928,-0.0013682765899699439,-4.9876777296987455e-08,-7.196558562532141e-05,-1.7296073450979054e-06,0.00015892581210578334
0.00011731723147277504,-0.001367225015943877,-4.9805371230826766e-08,-7.196945868361697e-05,-1.7352520737124157e-06,0.00015882027052585186
0.00011725169341824693,-0.0013661743200201596,-4.9735066359691134e-08,-7.197091355120074e-05,-1.7407030440336206e-06,0.00015871543756744834
0.00011718575827643873,-0.001365124502305174,-4.966581984343265e-08,-7.196992914276723e-05,-1.7459562489789636e-06,0.0001586113006649127
0.00011711942542390726,-0.0013640755628742225,-4.9597590962477e-08,-7.196648542873369e-05,-1.7510077862973589e-06,0.00015850784687274335
0.0001170526944008418,-0.0013630275017724421,-4.9530340695799175e-08,-7.19605634447786e-05,-1.7558538612518039e-06,0.00015840506287787597
0.00011698556491000577,-0.00136198031901379,-4.9464031535455754e-08,-7.195214529960333e-05,-1.7604907902525788e-06,0.00015830293501306407
0.00011691803681585425,-0.0013609340145823254,-4.939862770388815e-08,-7.194121418402651e-05,-1.7649150039457931e-06,0.00015820144926924787
0.00011685011014330826,-0.0013598885884307924,-4.93340949175465e-08,-7.19277543769684e-05,-1.7691230504095592e-06,0.0001581005913104324
0.00011678178507657827,-0.001358844040481249,-4.9270399973485816e-08,-7.19117512544346e-05,-1.7731115980065297e-06,0.00015800034648591032
0.00011671306195805536,-0.0013578003706246119,-4.9207511642930385e-08,-7.189319129472278e-05,-1.7768774383060457e-06,0.00015790069984572953
0.00011664394128701979,-0.0013567575787216885,-4.914539967508145e-08,-7.187206208374249e-05,-1.780417488763214e-06,0.0001578016361532672
0.00011657442371827408,-0.0013557156646014984,-4.908403538766672e-08,-7.184835232199838e-05,-1.783728795672262e-06,0.00015770313990087192
0.00011650451006082434,-0.0013546746280625065,-4.902339101649339e-08,-7.182205182768886e-05,-1.7868085359505634e-06,0.0001576051953234565
0.00011643420127640805,-0.0013536344688717143,-4.896344008657961e-08,-7.179315154302345e-05,-1.7896540205811494e-06,0.00015750778641388267
0.00011636349847815048,-0.0013525951867661345,-4.890415746479302e-08,-7.176164353554453e-05,-1.7922626959873673e-06,0.0001574108969373714
0.00011629240292890235,-0.0013515567814511432,-4.884551911407595e-08,-7.172752100244721e-05,-1.7946321465836966e-06,0.0001573145104459219
0.0001162209160397888,-0.001350519252601922,-4.87875015345612e-08,-7.169077827367622e-05,-1.7967600967646213e-06,0.00015721861029461035
0.00011614903936850438,-0.00134948259986229,-4.87300826627659e-08,-7.165141081369244e-05,-1.7986444128239085e-06,0.0001571231796557714
0.00011607677461767319,-0.0013484468228452992,-4.8673241320555955e-08,-7.16094152220171e-05,-1.800283104502832e-06,0.00015702820153428189
0.0001160041236332673,-0.0013474119211343133,-4.861695741812425e-08,-7.156478923566347e-05,-1.8016743265799623e-06,0.00015693365878331801
0.00011593108840265978,-0.001346377894281289,-4.8561211392007223e-08,-7.151753172923746e-05,-1.8028163809050429e-06,0.00015683953411906978
0.00011585767105299056,-0.001345344741808297,-4.850598485776846e-08,-7.146764271326135e-05,-1.8037077169513876e-06,0.00015674581013676596
0.00011578387384921503,-0.0013443124632067322,-4.845126015505566e-08,-7.141512333605092e-05,-1.8043469337526389e-06,0.00015665246932545205
0.00011570969919228491,-0.0013432810579381291,-4.839702026120028e-08,-7.135997588126201e-05,-1.8047327803094514e-06,0.00015655949408399428
0.0001156351496172324,-0.0013422505254339697,-4.834324914857647e-08,-7.130220376588192e-05,-1.804864157037026e-06,0.000156466866735931
0.00011556022779117741,-0.0013412208650960503,-4.828993104412075e-08,-7.124181153855342e-05,-1.804740116563808e-06,0.0001563745695452897
0.00011548493651131933,-0.0013401920762963065,-4.823705170921425e-08,-7.117880487667803e-05,-1.804359863756536e-06,0.00015628258473153556
0.00011540927870293781,-0.0013391641583775046,-4.8184596654547735e-08,-7.111319058285273e-05,-1.803722757212877e-06,0.000156190894485116
0.00011533325741723996,-0.0013381371106526707,-4.8132552643903886e-08,-7.104497658186242e-05,-1.802828308682704e-06,0.00015609948098256192
0.00011525687582934176,-0.0013371109324066205,-4.808090690627548e-08,-7.097417191522934e-05,-1.8016761841547833e-06,0.00015600832640191351
0.00011518013723596782,-0.0013360856228942842,-4.802964701982302e-08,-7.090078673776207e-05,-1.800266203389086e-06,0.00015591741293700189
0.00011510304505342492,-0.0013350611813428134,-4.7978761142642786e-08,-7.082483231077232e-05,-1.798598339966107e-06,0.00015582672281358893
0.00011502560281525479,-0.0013340376069509304,-4.7928238564857e-08,-7.074632099684807e-05,-1.796672721575425e-06,0.00015573623830290553
0.00011494781417001837,-0.0013330148988890903,-4.787806837542447e-08,-7.066526625429205e-05,-1.7944896290519448e-06,0.00015564594173750045
0.00011486968287893381,-0.001331993056299383,-4.782824029205975e-08,-7.058168262767614e-05,-1.7920494964944639e-06,0.00015555581552474827
0.0001147912128137058,-0.0013309720782975472,-4.777874463993422e-08,-7.049558574427862e-05,-1.7893529103156928e-06,0.00015546584216187396
0.0001147124079539318,-0.0013299519639706331,-4.7729572225240176e-08,-7.040699230275104e-05,-1.786400608920246e-06,0.00015537600425025055
0.00011463327238500557,-0.0013289327123805065,-4.7680714334027486e-08,-7.031592006711392e-05,-1.783193481581113e-06,0.00015528628450890922
0.00011455381029536833,-0.0013279143225606684,-4.763216277434474e-08,-7.022238785597896e-05,-1.7797325673195887e-06,0.00015519666578863649
0.00011447402597428791,-0.0013268967935190132,-4.758390901483736e-08,-7.012641553510163e-05,-1.7760190544410597e-06,0.00015510713108569162
0.00011439392380932266,-0.0013258801242377806,-4.7535945759747164e-08,-7.002802400604855e-05,-1.772054278866596e-06,0.0001550176635549873
0.00011431350828375757,-0.0013248643136730407,-4.748826556606977e-08,-6.992723519741807e-05,-1.7678397230893218e-06,0.00015492824652380618
0.00011423278397412333,-0.0013238493607558375,-4.7440861546728023e-08,-6.982407205217651e-05,-1.7633770139231237e-06,0.00015483886350365562
0.00011415175554759631,-0.00132283526439205,-4.739372711886724e-08,-6.971855851821246e-05,-1.7586679224581507e-06,0.0001547494982040186
0.00011407042775946265,-0.0013218220234632045,-4.734685600217636e-08,-6.961071953578392e-05,-1.753714360862446e-06,0.000154660134544479
0.0001139888054504007,-0.0013208096368261307,-4.730024233268137e-08,-6.950058102574283e-05,-1.7485183812998496e-06,0.00015457075666635474
0.00011390689354400364,-0.0013197981033146902,-4.7253880146355874e-08,-6.938816987587153e-05,-1.743082174344975e-06,0.00015448134894512083
0.00011382469704393272,-0.0013187874217382644,-4.7207764288461324e-08,-6.92735139301068e-05,-1.7374080661143614e-06,0.0001543918960020433
0.00011374222103145189,-0.0013177775908846244,-4.7161889381737305e-08,-6.915664197276825e-05,-1.7314985166951885e-06,0.00015430238271458844
0.00011365947066247264,-0.0013167686095173995,-4.711625047136199e-08,-6.903758371533954e-05,-1.7253561179772448e-06,0.00015421279422849946
0.00011357645116504911,-0.0013157604763790512,-4.707084322456147e-08,-6.891636978391679e-05,-1.7189835911518157e-06,0.00015412311596802066
0.0001134931678364853,-0.0013147531901896033,-4.70256627686315e-08,-6.879303170066221e-05,-1.7123837840925317e-06,0.00015403333364549335
0.00011340962604070392,-0.0013137467496485635,-4.698070491106561e-08,-6.866760187236239e-05,-1.70555966949954e-06,0.00015394343327234408
0.00011332583120536478,-0.0013127411534341518,-4.6935965775498364e-08,-6.854011357277029e-05,-1.6985143415344096e-06,0.0001538534011685079
0.00011324178881903328,-0.0013117364002034459,-4.689144137174286e-08,-6.841060092672416e-05,-1.6912510136519446e-06,0.00015376322397127651
0.00011315750442858498,-0.0013107324885952305,-4.684712832916875e-08,-6.827909889482126e-05,-1.6837730153772868e-06,0.0001536728886440361
0.00011307298363608044,-0.0013097294172271364,-4.680302252161702e-08,-6.814564325453867e-05,-1.676083789967805e-06,0.00015358238248628666
0.00011298823209619928,-0.001308727184699107,-4.6759121210712294e-08,-6.80102705849089e-05,-1.6681868913010122e-06,0.00015349169313966647
0.00011290325551318603,-0.001307725789591831,-4.671542094471711e-08,-6.787301824741854e-05,-1.6600859804574422e-06,0.00015340080859777702
0.00011281805963804678,-0.001306725230467735,-4.6671919009142556e-08,-6.7733924369463e-05,-1.6517848231255308e-06,0.00015330971721210998
0.00011273265026575264,-0.0013057255058724726,-4.662861208040611e-08,-6.759302782424694e-05,-1.6432872863995203e-06,0.00015321840770031732
0.00011264703323222376,-0.0013047266143339175,-4.6585497918836816e-08,-6.745036821224081e-05,-1.6345973352405596e-06,0.00015312686915165772
0.00011256174354317822,-0.001303728508679419,-8.582630799028595e-07,-6.723836728320379e-05,-1.2643592801040593e-06,0.00015303515545030477
0.00011247583834636658,-0.0013027312693165822,-1.047107325299429e-06,-6.70765683916235e-05,-1.1712092688287172e-06,0.00015294314514235227
0.00011238935716539528,-0.0013017348918965186,-6.477771921620485e-07,-6.6962125953835e-05,-1.3397219461931075e-06,0.00015285082923239575
0.00011230233816376034,-0.001300739372119274,3.061922776511397e-07,-6.689228875589463e-05,-1.7549712714493768e-06,0.00015275819922030555
0.00011221578660421653,-0.0012997446221263557,2.9219199604112383e-07,-6.674026213174382e-05,-1.7391300686176844e-06,0.00015266536499057562
0.00011212906249143868,-0.0012987506960448806,2.7874307845419883e-07,-6.658677016818743e-05,-1.7233676966118333e-06,0.00015257224445583583
0.00011204217189146616,-0.0012977575922994288,2.6582386947528325e-07,-6.64318551965593e-05,-1.7076790670892156e-06,0.00015247882945963105
0.00011195512088695082,-0.0012967653093006273,2.534135649860889e-07,-6.627556018218432e-05,-1.6920595415079197e-06,0.00015238511225659662
0.00011186791557436616,-0.001295773845446871,2.414921768487099e-07,-6.611792869873113e-05,-1.676504911727611e-06,0.00015229108551524577
0.00011178056206118174,-0.0012947831991255792,2.3004050199897243e-07,-6.595900490534074e-05,-1.6610113823557497e-06,0.0001521967423207628
0.00011169306646286118,-0.001293793368712476,2.190400917174344e-07,-6.57988335187595e-05,-1.6455755538985977e-06,0.00015210207617703328
0.00011160543489996283,-0.0012928043525718977,2.0847322126228536e-07,-6.563745978935845e-05,-1.630194404829815e-06,0.0001520070810079967
0.00011151767349536214,-0.0012918161490587392,1.983228625372731e-07,-6.547492947426553e-05,-1.6148652758552681e-06,0.00015191175115937547
0.00011142978837136638,-0.0012908287565187716,1.885726552944738e-07,-6.531128881238644e-05,-1.5995858537163596e-06,0.00015181608139903176
0.0001113417856467507,-0.0012898421732882844,1.7920688197828247e-07,-6.51465844966494e-05,-1.5843541559267176e-06,0.0001517200669177664
0.00011125367143394471,-0.0012888563976951582,1.702104425975285e-07,-6.498086364836007e-05,-1.5691685159806877e-06,0.00015162370332916507
0.00011116545183615166,-0.0012878714280591982,1.615688295308238e-07,-6.48141737916678e-05,-1.5540275676701884e-06,0.00015152698666902524
0.00011107713294457251,-0.0012868872626936073,1.5326810529834002e-07,-6.464656282392407e-05,-1.5389302323784124e-06,0.00015142991339451317
0.00011098872083549817,-0.0012859038999046004,1.4529487912710589e-07,-6.447807899037117e-05,-1.52387570422589e-06,0.00015133248038292824
0.0001109002215674986,-0.001284921337992119,1.3763628653187497e-07,-6.430877085672156e-05,-1.508863437173408e-06,0.00015123468493023022
0.00011081164117865987,-0.0012839395752511117,1.3027996813072642e-07,-6.413868728129392e-05,-1.4938931323052625e-06,0.00015113652474853264
0.00011072298568371149,-0.0012829586099710277,1.232140496583993e-07,-6.396787738681597e-05,-1.4789647246684431e-06,0.00015103799796348103
0.00011063426107131281,-0.0012819784404372373,1.1642712323523719e-07,-6.37963905336706e-05,-1.4640783713643886e-06,0.0001509391031119764
0.00011054547330129957,-0.0012809990649314976,1.0990822909675925e-07,-6.362427629047833e-05,-1.4492344395261298e-06,0.00015083983913808174
0.00011045662830186528,-0.0012800204817319204,1.0364683774445646e-07,-6.345158440612286e-05,-1.4344334951351266e-06,0.00015074020538981863
0.00011036773196696274,-0.001279042689114487,9.763283280330605e-08,-6.327836478277629e-05,-1.419676291137263e-06,0.00015064020161467673
0.00011027879015353657,-0.0012780656853533237,9.185649593885775e-08,-6.310466744470558e-05,-1.4049637570853943e-06,0.00015053982795521818
0.00011018980867882303,-0.0012770894687204814,8.630848975683917e-08,-6.29305425124084e-05,-1.3902969881261718e-06,0.0001504390849441371
0.00011010079331776123,-0.0012761140374873354,8.097984378127151e-08,-6.275604017097585e-05,-1.375677235329572e-06,0.00015033797349931245
0.000110011749800401,-0.0012751393899255125,7.586194007394675e-08,-6.258121064300785e-05,-1.3611058950226777e-06,0.00015023649491729152
0.00010992268380921979,-0.0012741655243064685,7.09464983569409e-08,-6.240610415941862e-05,-1.3465844993412466e-06,0.0001501346508681054
0.00010983360097665152,-0.0012731924389026775,6.622556436201235e-08,-6.223077092813338e-05,-1.3321147071941518e-06,0.00015003244338865294
0.00010974450688249194,-0.0012722201319880823,6.169149562210972e-08,-6.205526110755921e-05,-1.3176982942771952e-06,0.00014992987487561293
0.00010965540705141375,-0.001271248601838189,5.733695023285932e-08,-6.18796247749488e-05,-1.3033371450298107e-06,0.00014982694807896726
0.00010956630695059606,-0.0012702778467319237,5.315487424329097e-08,-6.170391189876151e-05,-1.289033243439939e-06,0.00014972366609409017
0.00010947721198715561,-0.0012693078649507463,4.913849093174246e-08,-6.152817230691679e-05,-1.2747886649590755e-06,0.0001496200323540139
0.0001093881275058914,-0.0012683386547803395,4.5281289814028265e-08,-6.135245565948819e-05,-1.2606055682022945e-06,0.00014951605062175788
0.00010929905878682096,-0.0012673702145100422,4.157701574565159e-08,-6.117681141706823e-05,-1.2464861869118931e-06,0.00014941172498176156
0.00010921001104292204,-0.0012664025424342573,3.8019659472061864e-08,-6.100128881213105e-05,-1.2324328229792363e-06,0.00014930705983092805
0.00010912098941791052,-0.001265435636852975,3.4603448064293824e-08,-6.0825936819950046e-05,-1.2184478381586986e-06,0.00014920205987075232
0.00010903199898396407,-0.00126446949607208,3.132283443410908e-08,-6.065080412696434e-05,-1.204533647380835e-06,0.00014909673009626584
0.0001089430447395254,-0.0012635041184037373,2.8172490553576255e-08,-6.047593910358353e-05,-1.1906927116599062e-06,0.00014899107578860712
0.0001088541316072008,-0.0012625395021670983,2.5147296250646898e-08,-6.0301389771998833e-05,-1.1769275312683205e-06,0.00014888510250404558
0.00010876526443165026,-0.0012615756456886677,2.224233393400501e-08,-6.0127203778878505e-05,-1.1632406392303594e-06,0.0001487788160639418
0.00010867644797759683,-0.0012606125473034195,1.9452878039650333e-08,-5.99534283646209e-05,-1.149634594916593e-06,0.00014867222254552422
0.00010858768692781557,-0.0012596502053550307,1.6774389095930478e-08,-5.978011033471858e-05,-1.136111977839395e-06,0.00014856532827058796
0.00010849898588113735,-0.0012586886181956173,1.4202505907182862e-08,-5.960729602956714e-05,-1.1226753820973704e-06,0.0001484581397951303
0.00010841034935063374,-0.00125772778418715,1.1733038192405328e-08,-5.943503129605045e-05,-1.109327409702561e-06,0.00014835066389914627
0.0001083217817617814,-0.001256767701701874,9.361961133938622e-09,-5.926336145857198e-05,-1.0960706664056808e-06,0.00014824290757436235
0.00010823328745065066,-0.0012558083691223945,7.085407242948739e-09,-5.909233128952916e-05,-1.0829077546486896e-06,0.00014813487801496953
0.00010814487066219782,-0.0012548497848423597,4.899661012064047e-09,-5.892198498145554e-05,-1.069841269709174e-06,0.00014802658260419782
0.00010805653554862931,-0.0012538919472669379,2.8011534160464674e-09,-5.875236611805028e-05,-1.056873793967914e-06,0.00014791802890498027
0.00010796828616776998,-0.0012529348548135553,7.864551511652517e-10,-5.8583517646431014e-05,-1.0440078924843115e-06,0.00014780922464692126
0.00010788012648155409,-0.0012519785059119444,-1.1477285120605215e-09,-5.8415481848608155e-05,-1.0312461076108438e-06,0.0001477001777156673
0.00010779206035445302,-0.0012510228990044079,-3.004562315147551e-09,-5.824830031440349e-05,-1.0185909551618663e-06,0.00014759089614052457
0.00010770409155217357,-0.0012500680325470766,-4.787086791819914e-09,-5.8082013913813045e-05,-1.006044920238905e-06,0.0001474813880830115
0.00010761622374022242,-0.0012491139050095621,-6.4982235529081725e-09,-5.791666276925887e-05,-9.936104517341432e-07,0.00014737166182540075
0.0001075284604826445,-0.0012481605148758786,-8.140778624995253e-09,-5.7752286230839275e-05,-9.812899598245562e-07,0.0001472617257580021
0.00010744080524075738,-0.001247207860644384,-9.717448467829744e-09,-5.7588922847137275e-05,-9.690858113288765e-07,0.0001471515883677423
0.00010735326137204781,-0.0012462559408287434,-1.1230823206255273e-08,-5.742661034191314e-05,-9.570003260291481e-07,0.00014704125822669745
0.0001072658321290509,-0.00124530475395854,-1.2683391108896315e-08,-5.726538558713402e-05,-9.450357731622122e-07,0.0001469307439793978
0.00010717852065824718,-0.001244354298578002,-1.4077543253004993e-08,-5.710528457777904e-05,-9.331943677447015e-07,0.00014682005433177577
0.00010709132999916898,-0.0012434045732480417,-1.5415576204303058e-08,-5.694634240753312e-05,-9.214782678383143e-07,0.00014670919803858227
0.00010700426308353318,-0.0012424555765463943,-1.669969660102392e-08,-5.6788593244813265e-05,-9.09889571006674e-07,0.00014659818389206012
0.00010691732273438183,-0.0012415073070676024,-1.7932024011090628e-08,-5.6632070309128205e-05,-8.984303113065187e-07,0.0001464870207102463
0.00010683051166528765,-0.0012405597634232398,-1.9114595118582458e-08,-5.647680584765981e-05,-8.871024565218071e-07,0.0001463757173253841
0.00010674383247974762,-0.0012396129442427193,-2.0249366222760757e-08,-5.6322831112177615e-05,-8.759079054012313e-07,0.00014626428257223247
0.00010665728767047878,-0.001238666848172933,-2.1338216802017896e-08,-5.6170176338728666e-05,-8.648484851525907e-07,0.0001461527252771286
0.0001065708796189815,-0.0012377214738793893,-2.2382952529353314e-08,-5.601887072421898e-05,-8.539259486490971e-07,0.0001460410542458277
0.00010648461059496881,-0.0012367768200459645,-2.3385308192162758e-08,-5.586894240798984e-05,-8.431419725726048e-07,0.00014592927825388585
0.00010639848275602516,-0.0012358328853754124,-2.4346950199142985e-08,-5.5720418449954044e-05,-8.324981546928501e-07,0.0001458174060342266
0.00010631249814723645,-0.00123488966858912,-2.5269479705152927e-08,-5.557332481161668e-05,-8.219960122881763e-07,0.000145705446267477
0.0001062266587009881,-0.0012339471684283435,-2.615443460833091e-08,-5.542768633898459e-05,-8.116369795671638e-07,0.0001455934075708298
0.00010614096623673487,-0.0012330053836537844,-2.700329272643047e-08,-5.528352674292115e-05,-8.014224063877571e-07,0.0001454812984882155
0.00010605542246088988,-0.001232064313045407,-2.781747337996449e-08,-5.5140868582388364e-05,-7.913535562617517e-07,0.00014536912747966589
0.00010597002896679805,-0.0012311239554040519,-2.8598340334030852e-08,-5.499973325035243e-05,-7.814316049456713e-07,0.00014525690291186696
0.00010588478723476012,-0.0012301843095501577,-2.9347203791946497e-08,-5.486014095535962e-05,-7.716576387263154e-07,0.00014514463304894244
0.00010579969863210029,-0.0012292453743242959,-3.0065321844102694e-08,-5.4722110708553065e-05,-7.620326529005767e-07,0.00014503232604143383
0.00010571476441342734,-0.0012283071485887451,-3.075390408679197e-08,-5.458566031090888e-05,-7.525575509181307e-07,0.00014491998991974877
0.00010562998572077429,-0.0012273696312253505,-3.141411199196281e-08,-5.445080633903166e-05,-7.432331429896045e-07,0.00014480763258346293
0.00010554536358400942,-0.0012264328211382812,-3.204706108702264e-08,-5.431756413461167e-05,-7.340601453992757e-07,0.00014469526179345415
0.00010546089892106421,-0.0012254967172512586,-3.2653823485175994e-08,-5.4185947793327224e-05,-7.250391788948208e-07,0.0001445828851641934
0.00010537659253858036,-0.001224561318510325,-3.323542910211409e-08,-5.405597015519001e-05,-7.161707684891848e-07,0.00014447051015577798
0.00010529244513224952,-0.0012236266238822239,-3.37928672652408e-08,-5.392764279589004e-05,-7.074553427038847e-07,0.00014435814406587517
0.00010520845728755831,-0.0012226926323559298,-3.432708797954795e-08,-5.3800976019582504e-05,-6.988932325764589e-07,0.00014424579402348833
0.00010512462948025501,-0.0012217593429409057,-3.483900445741782e-08,-5.3675978851897524e-05,-6.904846718058317e-07,0.00014413346698159398
0.00010504096207722123,-0.0012208267546689065,-3.5329493974601476e-08,-5.3552659035724246e-05,-6.822297955829286e-07,0.00014402116971152856
0.00010495745533717426,-0.0012198948665932128,-3.579939901626662e-08,-5.343102302577479e-05,-6.741286412252444e-07,0.00014390890879568
0.00010487410941155918,-0.0012189636777889922,-3.624952875478341e-08,-5.331107598758695e-05,-6.661811471428389e-07,0.0001437966906234872
0.00010479092434533745,-0.0012180331873525296,-3.6680661152179644e-08,-5.31928217933087e-05,-6.583871539760837e-07,0.00014368452138540213
0.00010470790007813325,-0.0012171033944029725,-3.7093542792447875e-08,-5.3076263024365076e-05,-6.507464030689675e-07,0.00014357240706801324
0.0001046250364450637,-0.001216174298080327,-3.748889156036653e-08,-5.296140097001694e-05,-6.432585383493803e-07,0.00014346035344998053
0.0001045423331779614,-0.0012152458975470154,-3.786739662803014e-08,-5.2848235631137784e-05,-6.359231051321099e-07,0.00014334836609784926
0.00010445978990641423,-0.0012143181919868744,-3.822972018636792e-08,-5.2736765722546504e-05,-6.287395519297977e-07,0.0001432364503630084
0.00010437740615896289,-0.0012133911806052825,-3.857649841749418e-08,-5.262698867900461e-05,-6.217072295959197e-07,0.00014312461137768568
0.00010429518136449617,-0.0012124648626307651,-3.8908342450773686e-08,-5.2518900662655114e-05,-6.148253929936461e-07,0.00014301285405315158
0.00010421311485319712,-0.0012115392373115417,-3.922583934148745e-08,-5.241249656779786e-05,-6.080932014433485e-07,0.0001429011830770756
0.00010413120585827831,-0.0012106143039190686,-3.95295528631282e-08,-5.230777003387933e-05,-6.015097191320843e-07,0.00014278960291186246
0.00010404945351707703,-0.0012096900617458546,-3.982002472537924e-08,-5.2204713454264326e-05,-5.950739170079348e-07,0.00014267811779252596
0.00010396785687259904,-0.001208766510105621,-4.0097775832363274e-08,-5.21033179894468e-05,-5.887846728495339e-07,0.00014256673172725353
0.00010388641487489072,-0.0012078436483333216,-4.036330573505385e-08,-5.200357358059503e-05,-5.826407737086761e-07,0.00014245544849555473
0.00010380512638271536,-0.0012069214757857913,-4.0617094366623444e-08,-5.190546896664843e-05,-5.766409160041213e-07,0.00014234427164865046
0.0001037239901649299,-0.0012059999918409333,-4.0859603437375434e-08,-5.1808991700081594e-05,-5.707837078463173e-07,0.00014223320451021854
0.00010364300490207405,-0.0012050791958969022,-4.1091276229575544e-08,-5.171412816688811e-05,-5.650676700575725e-07,0.00014212225017628974
0.00010356216918815933,-0.001204159087374528,-4.131253801468409e-08,-5.162086360711721e-05,-5.594912388022361e-07,0.00014201141151790335
0.00010348148153197327,-0.0012032396657132942,-4.152379782030598e-08,-5.1529182136856054e-05,-5.540527661939368e-07,0.0001419006911811676
0.00010340094035902595,-0.0012023209303745695,-4.1725448944887813e-08,-5.1439066773429064e-05,-5.487505233005091e-07,0.00014179009159044102
0.00010332054401307108,-0.0012014028808397341,-4.191786816588618e-08,-5.135049946115321e-05,-5.435827017541135e-07,0.00014167961495091584
0.00010324029075788848,-0.001200485516610701,-4.2101418245178784e-08,-5.1263461098425955e-05,-5.385474162737427e-07,0.00014156926325019017
0.00010316017877892121,-0.00119956883720918,-4.227644714377564e-08,-5.117793156902984e-05,-5.336427070700147e-07,0.00014145903826373038
0.00010308020618502508,-0.0011986528421768772,-4.2443289543590357e-08,-5.1093889772439755e-05,-5.288665422289723e-07,0.00014134894155703066
0.00010300037101028084,-0.0011977375310755992,-4.260226678591891e-08,-5.101131365879193e-05,-5.242168202832773e-07,0.00014123897448998723
0.00010292067121554293,-0.0011968229034858271,-4.27536873603092e-08,-5.093018026351928e-05,-5.196913736058542e-07,0.00014112913822219073
0.00010284110469037775,-0.0011959089590078326,-4.289784789088726e-08,-5.0850465745318115e-05,-5.152879708943135e-07,0.00014101943371712115
0.00010276166925469984,-0.0011949956972610047,-4.303503319530963e-08,-5.077214542555728e-05,-5.110043205888565e-07,0.00014090986174761707
0.00010268236266049306,-0.0011940831178832746,-4.316551661147398e-08,-5.06951938309066e-05,-5.068380739605454e-07,0.00014080042290220412
0.00010260318259357524,-0.0011931712205315258,-4.328956120824746e-08,-5.061958473629937e-05,-5.027868290078811e-07,0.00014069111758974504
0.0001025241266752751,-0.0011922600048806826,-4.3407419258175196e-08,-5.05452912113345e-05,-4.988481335590807e-07,0.00014058194604740296
0.00010244519246417582,-0.0011913494706244936,-4.35193333153955e-08,-5.0472285667679474e-05,-4.950194897272526e-07,0.00014047290834598254
0.00010236637745766135,-0.001190439617473679,-4.362553637940061e-08,-5.0400539911467705e-05,-4.912983569710387e-07,0.000140364004398252
0.00010228767909365835,-0.0011895304451574626,-4.3726251990336993e-08,-5.033002519325426e-05,-4.876821574692613e-07,0.00014025523396541946
0.00010220909475217907,-0.0011886219534216554,-4.3821695352717674e-08,-5.026071226529837e-05,-4.841682795492843e-07,0.00014014659666516152
0.00010213004373602327,-0.0011877141917339556,9.29421314241115e-07,-5.027375258390241e-05,-9.128704717216215e-07,0.00014003802170277534
0.00010205120877746572,-0.0011868071009337499,1.7474001579843537e-06,-5.027498472785905e-05,-1.2727355157857468e-06,0.000139929587204701
0.00010197257741697828,-0.0011859006815685203,2.422147826666828e-06,-5.026538190900731e-05,-1.5691034393405231e-06,0.00013982129207718887
0.00010189413751704285,-0.0011849949341856173,2.9654151808906264e-06,-5.024589355565041e-05,-1.807188905032473e-06,0.00013971313508178533
0.00010181587725384955,-0.0011840898593317491,3.38867801199171e-06,-5.0217445969886654e-05,-1.992084361302735e-06,0.00013960511484724516
0.00010173778510919758,-0.001183185457552556,3.7031439867011136e-06,-5.018094297402358e-05,-2.128763140957905e-06,0.00013949722988064266
0.00010165984986248714,-0.0011822817293919066,3.919759494091184e-06,-5.013726655345525e-05,-2.2220825164609286e-06,0.00013938947858030328
0.00010158206058259552,-0.0011813786753891915,4.049216410696848e-06,-5.0087277494175563e-05,-2.2767867183578022e-06,0.0001392818592467219
0.0001015044066203545,-0.0011804762960811257,4.101958802246856e-06,-5.003181601875946e-05,-2.297509925210085e-06,0.0001391743700959245
0.00010142687760060635,-0.0011795745919991653,4.08818957771305e-06,-4.99717024201019e-05,-2.2887792317658166e-06,0.00013906700927081566
0.00010134946341463149,-0.001178673563669974,4.017877113365382e-06,-4.9907737695420614e-05,-2.255017603621877e-06,0.00013895977485387775
0.00010127215421244726,-0.0011777732116136674,3.900761860760315e-06,-4.984070418225825e-05,-2.200546824643236e-06,0.00013885266487969494
0.00010119494039533782,-0.0011768735363444657,3.746362958120191e-06,-4.977136619711006e-05,-2.1295904439599637e-06,0.0001387456773474876
0.00010111781260816243,-0.0011759745383695664,3.5639848580770504e-06,-4.97004706787495e-05,-2.0462767319483946e-06,0.00013863881023367744
0.00010104076173185634,-0.0011750762181886875,3.3627239883763746e-06,-4.96287478357728e-05,-1.9546416484759137e-06,0.00013853206150464458
0.00010096377887592812,-0.001174178576295075,3.1514754629690247e-06,-4.9556911803658514e-05,-1.8586318333994578e-06,0.00013842542913003743
0.00010088685537063977,-0.001173281613172693,2.9389398556084286e-06,-4.948566130742735e-05,-1.7621076251549726e-06,0.00013831891109502572
0.0001008099841689471,-0.001172385329177065,2.7322071918325654e-06,-4.941556165265848e-05,-1.668214434212373e-06,0.00013821250551418105
0.00010073316404932608,-0.0011714897241683045,2.5325039957264105e-06,-4.934669005685938e-05,-1.577494654347291e-06,0.00013810621094727683
0.00010065639523486626,-0.0011705947978755155,2.33959931916662e-06,-4.927900315253471e-05,-1.4898437184973552e-06,0.0001380000261042952
0.00010057967793955134,-0.0011697005500168709,2.1532696774753665e-06,-4.9212459139614135e-05,-1.4051604527120828e-06,0.00013789394974531545
0.00010050301236868218,-0.0011688069803012795,1.9732988146890558e-06,-4.9147017729821364e-05,-1.3233469696718703e-06,0.0001377879806778178
0.00010042639871902927,-0.001167914088427327,1.799477472922589e-06,-4.908264009104331e-05,-1.2443085627174155e-06,0.00013768211775547882
0.00010034983717936442,-0.0011670218740863572,1.6316031717099563e-06,-4.901928879569717e-05,-1.1679536051705327e-06,0.0001375763598752965
0.00010027332793044814,-0.0011661303369596722,1.4694799926599531e-06,-4.895692776876435e-05,-1.0941934517197655e-06,0.00013747070597693438
0.00010019687114549903,-0.0011652394767212007,1.3129183703288837e-06,-4.889552223926711e-05,-1.0229423434041846e-06,0.00013736515504028866
0.00010012046699036783,-0.0011643492930373037,1.1617348908216624e-06,-4.883503869241168e-05,-9.54117315116411e-07,0.0001372597060838304
0.00010004411562376773,-0.0011634597855660542,1.0157520960788566e-06,-4.877544482539508e-05,-8.876381062424222e-07,0.00013715435816382172
9.996781719759216e-05,-0.0011625709539592722,8.747982938392241e-07,-4.8716709502325204e-05,-8.234270742264379e-07,0.0001370491103716704
9.989157185697125e-05,-0.0011616827978606276,7.387073740760756e-07,-4.865880271224852e-05,-7.614091107937776e-07,0.00013694396183392028
9.981537974080065e-05,-0.0011607953169090837,6.073186309715514e-07,-4.8601695528290145e-05,-7.015115600300796e-07,0.00013683891170888113
9.973924098162216e-05,-0.0011599085107358701,4.804765897877168e-07,-4.854536006923449e-05,-6.436641406694535e-07,0.00013673395918764464
9.9663155706071e-05,-0.001159022378967202,3.5803084050344146e-07,-4.8489769460553375e-05,-5.877988688268354e-07,0.00013662910349085194
9.958712403497867e-05,-0.0011581369212232571,2.3983587523111445e-07,-4.843489779843052e-05,-5.338499847067081e-07,0.00013652434386842875
9.951114608353918e-05,-0.0011572521371183578,1.257509313684033e-07,-4.838072011489688e-05,-4.817538810676196e-07,0.00013641967959861367
9.943522196161548e-05,-0.001156368026262447,1.563983993526428e-08,-4.832721234318887e-05,-4.314490337060941e-07,0.00013631510998588701
9.935935177377315e-05,-0.0011554845882598152,-9.062912187871987e-08,-4.827435128610347e-05,-3.8287593456381167e-07,0.00013621063436098315
9.928353561959954e-05,-0.0011546018227103919,-1.9318337406059337e-07,-4.8222114583022256e-05,-3.359770264412218e-07,0.00013610625207877692
9.9207773593776e-05,-0.0011537197292094362,-2.92146170492994e-07,-4.817048068226353e-05,-2.906966403934049e-07,0.00013600196251862336
9.913206578628966e-05,-0.0011528383073481107,-3.8763673423792854e-07,-4.8119428808551395e-05,-2.469809345415268e-07,0.00013589776508166345
9.905641228253711e-05,-0.0011519575567129022,-4.79770386500464e-07,-4.806893893725519e-05,-2.0477783506345001e-07,0.00013579365919174477
9.898081316361089e-05,-0.0011510774768872067,-5.686586724370185e-07,-4.801899176618878e-05,-1.640369791689133e-07,0.00013568964429274996
9.89052685062341e-05,-0.0011501980674496226,-6.544094821441233e-07,-4.7969568690294455e-05,-1.2470965963976382e-07,0.00013558571984982566
9.882977838314978e-05,-0.0011493193279761514,-7.371271698083576e-07,-4.792065177544097e-05,-8.67487710459304e-08,0.00013548188534638812
9.875434286309878e-05,-0.0011484412580390088,-8.169126659745523e-07,-4.787222373421824e-05,-5.0108758366050156e-08,0.00013537814028489152
9.867896201096712e-05,-0.0011475638572069206,-8.938635897549831e-07,-4.782426790384278e-05,-1.4745566350602758e-08,0.0001352744841853476
9.860363588797943e-05,-0.0011466871250459096,-9.680743545624778e-07,-4.777676822173131e-05,1.9383409289846956e-08,0.00013517091658475866
9.852836455172956e-05,-0.0011458110611182366,-1.0396362726168084e-06,-4.772970920484896e-05,5.2319368624950535e-08,0.0001350674370369689
9.845314805644308e-05,-0.0011449356649841575,-1.1086376544867323e-06,-4.768307592894748e-05,8.410215331504175e-08,0.0001349640451109995
9.837798645304625e-05,-0.0011440609362016513,-1.1751639069013387e-06,-4.763685400802459e-05,1.1477029048542034e-07,0.00013486074039099547
9.830287978911193e-05,-0.0011431868743248662,-1.23929762618526e-06,-4.759102957400579e-05,1.4436103591357697e-07,0.00013475752247611491
9.822782810919715e-05,-0.001142313478906062,-1.3011186898334241e-06,-4.75455892600906e-05,1.729104150653187e-07,0.00013465439097871186
9.815283145488234e-05,-0.0011414407494957806,-1.3607043443760399e-06,-4.7500520179767874e-05,2.00453263440262e-07,0.00013455134552479447
9.807788986479908e-05,-0.0011405686856415969,-1.4181292913738307e-06,-4.745580991260434e-05,2.2702326492234486e-07,0.0001344483857533424
9.800300337482213e-05,-0.0011396972868895374,-1.4734657687817118e-06,-4.741144648437138e-05,2.5265298975205823e-07,0.00013434551131480876
9.79281720180712e-05,-0.0011388265527829257,-1.5267836327872194e-06,-4.736741835360953e-05,2.7737393057644225e-07,0.00013424272187257438
9.785339582514062e-05,-0.0011379564828641762,-1.5781504334423484e-06,-4.732371439386543e-05,3.012165380515726e-07,0.00013414001710036592
9.77786748240138e-05,-0.0011370870766729618,-1.6276314909339703e-06,-4.72803238799238e-05,3.242102539988152e-07,0.00013403739668337548
9.770400904028892e-05,-0.0011362183337477406,-1.6752899678223585e-06,-4.7237236472819084e-05,3.46383545338269e-07,0.0001339348603169544
9.762939849724999e-05,-0.001135350253625566,-1.7211869391645244e-06,-4.719444220606845e-05,3.677639354582184e-07,0.0001338324077062358
9.755484321583183e-05,-0.0011344828358413619,-1.7653814607714593e-06,-4.7151931472237175e-05,3.8837803508823876e-07,0.00013373003856629565
9.748034321489995e-05,-0.001133616079929469,-1.8079306347222885e-06,-4.710969500917189e-05,4.082515723570634e-07,0.00013362775262117826
9.74058985110712e-05,-0.0011327499854217704,-1.8488896737312085e-06,-4.7067723889341755e-05,4.274094217088306e-07,0.00013352554960407311
9.733150911899237e-05,-0.0011318845518495336,-1.888311962461436e-06,-4.702600950518349e-05,4.4587563142457865e-07,0.0001334234292562671
9.725717505139752e-05,-0.0011310197787432299,-1.9262491169301465e-06,-4.698454356055218e-05,4.636734514177486e-07,0.00013332139132728006
9.718289631898666e-05,-0.0011301556656310016,-1.9627510429940234e-06,-4.694331805651011e-05,4.808253589548842e-07,0.00013321943557456764
9.710867293076507e-05,-0.001129292212041059,-1.9978659918954235e-06,-4.690232528255593e-05,4.973530841022248e-07,0.00013311756176277882
9.703450489383352e-05,-0.0011284294174996416,-2.031640614601156e-06,-4.686155780574381e-05,5.132776343464152e-07,0.0001330157696643898
9.696039221368204e-05,-0.0011275672815327425,-2.0641200137940484e-06,-4.682100846002583e-05,5.286193182507958e-07,0.0001329140590578925
9.688633489413294e-05,-0.0011267058036650568,-2.0953477952790583e-06,-4.678067033748019e-05,5.433977684349376e-07,0.00013281242972927346
9.681233293736741e-05,-0.0011258449834204557,-2.1253661165516018e-06,-4.6740536778430735e-05,5.57631964030354e-07,0.00013271088147032755
9.673838634407156e-05,-0.0011249848203221272,-2.1542157340080135e-06,-4.6700601363008825e-05,5.713402517240509e-07,0.00013260941407899777
9.666449511347837e-05,-0.0011241253138926511,-2.1819360502848935e-06,-4.66608579013832e-05,5.845403671697939e-07,0.00013250802735917389
9.659065924327867e-05,-0.0011232664636532065,-2.208565156959026e-06,-4.662130042676549e-05,5.972494545361947e-07,0.0001324067211205178
9.65168787299013e-05,-0.0011224082691251836,-2.2341398789748692e-06,-4.658192318686146e-05,6.094840864434349e-07,0.00013230549517784576
9.644315356839427e-05,-0.0011215507298291004,-2.258695815193533e-06,-4.65427206358773e-05,6.212602823906102e-07,0.00013220434935121725
9.636948375250063e-05,-0.0011206938452844497,-2.282267379902202e-06,-4.6503687426969974e-05,6.325935276653969e-07,0.00013210328346566224
9.629586927474238e-05,-0.0011198376150107466,-2.304887840660181e-06,-4.646481840602993e-05,6.434987902031403e-07,0.0001320022973509662
9.622231012645372e-05,-0.0011189820385268516,-2.32658935691773e-06,-4.6426108603243165e-05,6.539905382647425e-07,0.00013190139084177032
9.614880629776753e-05,-0.0011181271153505525,-2.3474030155879952e-06,-4.638755322787362e-05,6.640827563902285e-07,0.00013180056377657998
9.60753577777754e-05,-0.0011172728450006572,-2.3673588676503103e-06,-4.63491476604909e-05,6.737889620426185e-07,0.0001316998159985859
9.600196455444377e-05,-0.0011164192269941715,-2.3864859611015022e-06,-4.631088744808607e-05,6.831222206905972e-07,0.00013159914735442162
9.592862661472179e-05,-0.0011155662608486432,-2.404812374715143e-06,-4.627276829752024e-05,6.920951605371483e-07,0.0001314985576953877
9.585534394452303e-05,-0.0011147139460806082,-2.422365250102648e-06,-4.623478606875323e-05,7.007199874807856e-07,0.00013139804687595932
9.578211652883647e-05,-0.001113862282206943,-2.4391708218238325e-06,-4.6196936770956985e-05,7.090084986679521e-07,0.00013129761475460692
9.570894435168779e-05,-0.0011130112687435959,-2.4552544484412203e-06,-4.615921655640993e-05,7.169720964931573e-07,0.00013119726119281594
9.563582739625039e-05,-0.0011121609052072222,-2.4706406405497152e-06,-4.612162171494548e-05,7.246218011833584e-07,0.00013109698605549434
9.556276564475371e-05,-0.0011113111911128747,-2.4853530896109068e-06,-4.608414866984428e-05,7.3196826380226e-07,0.00013099678921089152
9.54897590786688e-05,-0.001110462125976844,-2.4994146946205176e-06,-4.6046793971839005e-05,7.390217783906148e-07,0.00013089667053013004
9.541680767864476e-05,-0.0011096137093145452,-2.512847587795275e-06,-4.600955429578384e-05,7.457922937734737e-07,0.00013079662988718272
9.534391142453945e-05,-0.0011087659406416191,-2.5256731612445e-06,-4.597242643576907e-05,7.522894251591843e-07,0.00013069666715919318
9.527107029547363e-05,-0.0011079188194732257,-2.5379120906631805e-06,-4.593540730023684e-05,7.585224650029767e-07,0.00013059678222531566
9.519828426979797e-05,-0.0011070723453241562,-2.549584358941231e-06,-4.5898493908316474e-05,7.645003941444066e-07,0.00013049697496824274
9.512555332526019e-05,-0.0011062265177101851,-2.560709279262289e-06,-4.586168338582867e-05,7.702318914600592e-07,0.000130397245272156
9.505287743885364e-05,-0.0011053813361459473,-2.571305517887113e-06,-4.5824972961399084e-05,7.757253446089831e-07,0.00013029759302410137
9.498025658694051e-05,-0.0011045368001463074,-2.5813911148493353e-06,-4.578835996301668e-05,7.809888595360351e-07,0.0001301980181136181
9.490769074529053e-05,-0.0011036929092266342,-2.590983505257088e-06,-4.575184181414825e-05,7.860302693508267e-07,0.00013009852043207486
9.483517988909168e-05,-0.0011028496629020145,-2.6000995386557447e-06,-4.5715416029963645e-05,7.908571441987645e-07,0.00012999909987288123
9.476272399286803e-05,-0.001102007060687141,-2.6087554997296528e-06,-4.567908021433793e-05,7.954767994252041e-07,0.00012989975633173918
9.469032303065319e-05,-0.0011011651020972682,-2.616967126101308e-06,-4.564283205763108e-05,7.998963043536139e-07,0.0001298004897062574
9.46179769759275e-05,-0.0011003237866474365,-2.6247496266294876e-06,-4.5606669331470135e-05,8.041224904011258e-07,0.0001297012998957169
9.454568580168425e-05,-0.0010994831138530134,-2.6321176992207555e-06,-4.557058988830481e-05,8.081619590829794e-07,0.00012960218680139438
9.447344948034501e-05,-0.0010986430832290522,-2.639085547790312e-06,-4.5534591656078644e-05,8.120210893092163e-07,0.0001295031503263252
9.440126798390149e-05,-0.0010978036942908417,-2.6456668985629647e-06,-4.549867263667491e-05,8.157060455938509e-07,0.00012940419037472687
9.432914128389628e-05,-0.001096964946554034,-2.6518750164276724e-06,-4.546283090380658e-05,8.192227843973887e-07,0.00012930530685305116
9.425706935139975e-05,-0.0010961268395340404,-2.657722719364483e-06,-4.5427064599797365e-05,8.225770615900281e-07,0.0001292064996689212
9.418505215703992e-05,-0.0010952893727465076,-2.6632223947174745e-06,-4.539137193280602e-05,8.257744388497146e-07,0.00012910776873114528
9.411308967103047e-05,-0.001094452545706936,-2.6683860122807645e-06,-4.535575117460546e-05,8.288202903689307e-07,0.00012900911395064864
9.404118186323327e-05,-0.0010936163579315387,-2.6732251386504663e-06,-4.5320200659029065e-05,8.317198090133355e-07,0.00012891053523917114
9.396932870309124e-05,-0.0010927808089363706,-2.6777509512954075e-06,-4.528471877897284e-05,8.344780124491702e-07,0.00012881203250979587
9.389753015973243e-05,-0.0010919458982381058,-2.6819742503486137e-06,-4.5249303984174976e-05,8.370997489132498e-07,0.00012871360567692365
9.382578620182915e-05,-0.0010911116253526695,-2.6859054723721193e-06,-4.521395478010557e-05,8.395897030142231e-07,0.00012861525465642664
9.375409679775861e-05,-0.0010902779897964466,-2.6895547018161217e-06,-4.517866972397024e-05,8.419524009856328e-07,0.00012851697936477503
9.368246191561412e-05,-0.0010894449910868159,-2.6929316831515002e-06,-4.5143447426152915e-05,8.441922163969061e-07,0.00012841877971985874
9.361088152313223e-05,-0.0010886126287405027,-2.6960458317121358e-06,-4.510828654433199e-05,8.463133748061846e-07,0.00012832065564062658
9.353935558775114e-05,-0.0010877809022747536,-2.698906245340116e-06,-4.5073185785589604e-05,8.483199589370193e-07,0.00012822260704718562
9.346788407660491e-05,-0.0010869498112068242,-2.701521714622036e-06,-4.5038143901638e-05,8.502159135879111e-07,0.0001281246338601913
9.339646695657883e-05,-0.0010861193550546547,-2.7039007332278058e-06,-4.500315968881913e-05,8.520050499312173e-07,0.00012802673600159848
9.332511459591034e-05,-0.0010852895324411703,-2.717395589215734e-06,-4.496728582512113e-05,8.587274150125707e-07,0.00012792891414094767
9.325387789965503e-05,-0.0010844603384799784,-2.7976388216465223e-06,-4.492588355164391e-05,8.950817594437856e-07,0.00012783117206152886
9.31828144249875e-05,-0.0010836317675824022,-3.007711308457834e-06,-4.4873701630277026e-05,9.890729383626094e-07,0.00012773351502600732
9.311197756631267e-05,-0.0010828038143788055,-3.406349523237013e-06,-4.4805867608787984e-05,1.166775795328745e-06,0.000127635949758944
9.304141669114504e-05,-0.0010819764737188978,-4.048076292949143e-06,-4.4717883430040566e-05,1.4523927956020514e-06,0.00012753848506922666
9.29705835243306e-05,-0.0010811497917351017,-3.884976150649358e-06,-4.469722754267389e-05,1.3806768182948818e-06,0.00012744106017298509
9.289994901549842e-05,-0.0010803237268216708,-3.728283576607656e-06,-4.467634991630733e-05,1.3117807991833648e-06,0.00012734373698268658
9.282953289687199e-05,-0.0010794982759966011,-3.5777469797366518e-06,-4.465541833823086e-05,1.2455808724160624e-06,0.00012724652970760788
9.27593539696742e-05,-0.0010786734362619066,-3.4331246467885314e-06,-4.463463872261478e-05,1.1819543464352312e-06,0.00012714945627008076
9.268943007408205e-05,-0.0010778492046179201,-3.2941843557262154e-06,-4.46142570266786e-05,1.1207793724112998e-06,0.00012705253844177858
9.261977805607684e-05,-0.0010770255780727187,-3.160703002420448e-06,-4.4594560447260385e-05,1.0619346773828166e-06,0.00012695580189475827
9.255041373259887e-05,-0.0010762025536561973,-3.0324662419958135e-06,-4.457587797028145e-05,1.0052993553678618e-06,0.00012685927617114178
9.248135185502676e-05,-0.0010753801284303466,-2.9092681462723424e-06,-4.455858032961423e-05,9.507527138170933e-07,0.00012676299457652825
9.241260607190399e-05,-0.0010745582995022858,-2.7909108713057988e-06,-4.45430794291977e-05,8.981741658432123e-07,0.00012666699399764537
9.234418889127713e-05,-0.0010737370640355986,-2.677204342346934e-06,-4.452982728501732e-05,8.474431687471271e-07,0.00012657131465396734
9.227611164317846e-05,-0.001072916419262358,-2.5679659469093286e-06,-4.451931453602101e-05,7.98439200614693e-07,0.00012647599978178118
9.220838444269289e-05,-0.0010720963624952138,-2.4630202419396514e-06,-4.451206856770968e-05,7.510417725204278e-07,0.00012638109525929707
9.214101615398517e-05,-0.0010712768911374196,-2.3621986733047618e-06,-4.4508651300469775e-05,7.051304729207922e-07,0.00012628664917578794
9.20740143558953e-05,-0.0010704580026962517,-2.2653393045183143e-06,-4.4509656677727864e-05,6.60585039254368e-07,0.00012619271134995332
9.200738530914118e-05,-0.001069639694792691,-2.1722865566332332e-06,-4.4515707897667734e-05,6.172854551530171e-07,0.00012609933280185222
9.194113392565592e-05,-0.0010688219651724413,-2.0828909590525062e-06,-4.452745442303368e-05,5.751120684860467e-07,0.00012600656518584717
9.187526374039813e-05,-0.001068004811717099,-1.9970089095559383e-06,-4.4545568808098734e-05,5.339457292311135e-07,0.00012591446018643746
9.18097768856853e-05,-0.001067188232453344,-1.914502444240479e-06,-4.457074337176939e-05,4.936679434486673e-07,0.00012582306888668634
9.174467406852547e-05,-0.0010663722255632568,-1.8352390151671082e-06,-4.4603686749909774e-05,4.541610406604405e-07,0.000125732441112257
9.167995455117007e-05,-0.0010655567893943332,-1.7590912787235717e-06,-4.464512035563696e-05,4.153083542708869e-07,0.00012564262475662057
9.161561613469595e-05,-0.0010647419224676573,-1.6859368906341458e-06,-4.4695774774116606e-05,3.769944102223299e-07,0.00012555366509697897
9.155165514628267e-05,-0.00106392762348681,-1.6156583099445126e-06,-4.475638611772733e-05,3.391051253895771e-07,0.00012546560410076155
9.148806643003467e-05,-0.001063113891346056,-1.5481426094890895e-06,-4.482769236556762e-05,3.0152801083869916e-07,0.00012537847973538173
9.14248433414579e-05,-0.0010623007251377356,-1.483281296643131e-06,-4.491042970740012e-05,2.641523811989642e-07,0.00012529232528178967
9.136197774577243e-05,-0.001061488124159374,-1.4209701372530297e-06,-4.5005328915010056e-05,2.2686956630317417e-07,0.0001252071686613415
9.129946002010124e-05,-0.0010606760879202169,-1.3611089897730743e-06,-4.511311175729657e-05,1.8957312578677998e-07,0.0001251230317782428
9.123727905953784e-05,-0.0010598646161470878,-1.3036016437003953e-06,-4.52344874789652e-05,1.5215906539620925e-07,0.00012503992988738445
9.117542228716359e-05,-0.0010590537087901294,-1.248355665777188e-06,-4.5370149355477375e-05,1.1452605103729363e-07,0.00012495787098803162
9.111387566792715e-05,-0.0010582433660263424,-1.1952822512018902e-06,-4.5520771341682886e-05,7.657562478565478e-08,0.00012487685525336154
9.105262372660173e-05,-0.0010574335882660069,-1.144296081611837e-06,-4.568700482845598e-05,3.8212416867191966e-08,0.00012479687449673727
9.09916495693537e-05,-0.001056624376153544,-1.0953151878972402e-06,-4.586947551199513e-05,-6.55644018549818e-10,0.00012471791168226838
9.093093490939167e-05,-0.0010558157305723959,-1.0482608189397222e-06,-4.6068780398766314e-05,-4.01171236768049e-08,0.0001246399404814169
9.087046009618556e-05,-0.0010550076526460131,-1.0030573148790361e-06,-4.628548494153548e-05,-8.025688038071298e-08,0.00012456292488179175
9.08102041484925e-05,-0.001054200143740336,-9.596319865569998e-07,-4.652012032935944e-05,-1.2115586651482863e-07,0.00012448681885029975
9.075014479080674e-05,-0.0010533932054636287,-9.179149979735181e-07,-4.677318092664863e-05,-1.6289093600510113e-07,0.00012441156605451042
9.069025849345075e-05,-0.0010525868396680767,-8.778392543619518e-07,-4.704512187617728e-05,-2.055346586178902e-07,0.0001243370996442351
9.063052051581771e-05,-0.001051781048447967,-8.393402958915192e-07,-4.733635686670624e-05,-2.491551394316288e-07,0.0001242633420968042
9.057090495300593e-05,-0.0010509758341400387,-8.023561918783362e-07,-4.764725607287782e-05,-2.938158462879859e-07,0.0001241902051271195
9.051138478535035e-05,-0.001050171199320603,-7.668274438504116e-07,-4.79781442674938e-05,-3.395754452016943e-07,0.00012411758966399084
9.045193193091358e-05,-0.0010493671468032048,-7.326968886148221e-07,-4.832929911405771e-05,-3.8648764325390934e-07,0.00012404538589464768
9.03925173009063e-05,-0.0010485636796371649,-6.999096070510407e-07,-4.870094963503043e-05,-4.346010409049639e-07,0.00012397347337682113
9.033311085737633e-05,-0.0010477608011020218,-6.684128363291053e-07,-4.9093274862682046e-05,-4.839589937022298e-07,0.00012390172121930825
9.027368167353615e-05,-0.0010469585147036206,-6.381558842404205e-07,-4.950640266976443e-05,-5.345994830153753e-07,0.0001238299883313916
9.021419799636774e-05,-0.001046156824170921,-6.090900491661514e-07,-4.994040878167139e-05,-5.865549984599445e-07,0.00012375812373813396
9.0154627311125e-05,-0.001045355733448749,-5.811685416028046e-07,-5.0395315966532894e-05,-6.398524297228855e-07,0.00012368596696432684
9.009493640778094e-05,-0.0010445552466922911,-5.543464084238357e-07,-5.087109340480063e-05,-6.945129709818446e-07,0.00012361334848106837
9.003509144914283e-05,-0.0010437553682598735,-5.285804616348965e-07,-5.136765623321679e-05,-7.505520371200643e-07,0.00012354009021747206
8.997505804070529e-05,-0.001042956102707584,-5.038292087083274e-07,-5.1884865263947046e-05,-8.079791912892624e-07,0.00012346600613050027
8.991480130147303e-05,-0.0010421574547797923,-4.800527858840427e-07,-5.24225268724368e-05,-8.667980864260236e-07,0.00012339090283702448
8.985428593619502e-05,-0.0010413594294017587,-4.572128949787616e-07,-5.298039305155347e-05,-9.270064200134318e-07,0.00012331458029704617
8.979347630839186e-05,-0.0010405620316703147,-4.3527274117921216e-07,-5.3558161628571696e-05,-9.885959018974414e-07,0.00012323683255251075
8.973233651441299e-05,-0.0010397652668461084,-4.14196974321255e-07,-5.415547664134198e-05,-1.0515522372980231e-06,0.00012315744851270323
8.967083045778331e-05,-0.0010389691403423918,-3.9395163203181445e-07,-5.4771928865649464e-05,-1.1158551235406284e-06,0.00012307621278637734
8.960892192428178e-05,-0.0010381736577164474,-3.7450408592505127e-07,-5.540705649165719e-05,-1.1814782626032481e-06,0.0001229929065535581
8.954657465700883e-05,-0.0010373788246576057,-3.5582298835995163e-07,-5.606034594277314e-05,-1.2483893881152988e-06,0.00012290730847603864
8.94837524318446e-05,-0.0010365846469778707,-3.3787822272702676e-07,-5.673123283339203e-05,-1.316550308563808e-06,0.0001228191956392945
8.94204191326489e-05,-0.0010357911306003648,-3.206408552288562e-07,-5.741910305618752e-05,-1.3859169668764577e-06,0.0001227283445233634
8.935653882625784e-05,-0.0010349982815469655,-3.0408308816896564e-07,-5.812329399584843e-05,-1.456439514546195e-06,0.00012263453199870552
8.929207583732147e-05,-0.0010342061059285138,-2.8817821541607387e-07,-5.884309586193555e-05,-1.5280624041652869e-06,0.00012253753633830876
8.922699482230476e-05,-0.001033414609930314,-2.729005797551927e-07,-5.957775313708379e-05,-1.600724496802317e-06,0.00012243713824872736
8.916126084320704e-05,-0.0010326237998020376,-2.582255317091724e-07,-6.032646612889849e-05,-1.674359186115894e-06,0.0001223331219065494
8.909483944023383e-05,-0.0010318336818438808,-2.441293897213297e-07,-6.108839262598894e-05,-1.7488945399753354e-06,0.00012222527600310555
8.902769670371973e-05,-0.0010310442623943491,-2.3058940282697018e-07,-6.186264964859621e-05,-1.8242534577837453e-06,0.0001221133947881342
8.896012551570726e-05,-0.0010302555196536618,-8.507676986472999e-07,-6.259557187676364e-05,-1.6184411699489092e-06,0.00012199731881882426
8.88914195501932e-05,-0.0010294675181713353,-8.129289371281942e-07,-6.339379844840876e-05,-1.7064819735811906e-06,0.00012187677709447423
8.882189539250109e-05,-0.0010286802342925718,-7.765789205037568e-07,-6.420139786797067e-05,-1.794642397681422e-06,0.00012175162644493966
8.875152199519122e-05,-0.0010278936743781954,-7.416591731703821e-07,-6.501734651392551e-05,-1.8828439854478208e-06,0.00012162169364114059
8.868026920427495e-05,-0.0010271078447604172,-7.081135156412154e-07,-6.58405898243369e-05,-1.9710034573856914e-06,0.00012148681607400597
8.860810782365043e-05,-0.0010263227517327814,-6.75887975346443e-07,-6.667004449418934e-05,-2.059032991306822e-06,0.0001213468427023803
8.8535009677466e-05,-0.0010255384015347183,-6.449306993484449e-07,-6.75046007249195e-05,-2.14684051440762e-06,0.0001212016349720442
8.84609476709246e-05,-0.001024754800337402,-6.151918718715712e-07,-6.83431245198212e-05,-2.234330009705178e-06,0.000121051067696694
8.838589584953754e-05,-0.0010239719542323277,-5.866236328339237e-07,-6.918446002388045e-05,-2.3214018339341627e-06,0.00012089502990117048
8.830982945631999e-05,-0.0010231898692172094,-5.591800026569135e-07,-7.002743189916214e-05,-2.4079530478236338e-06,0.00012073342562119386
8.823272498712904e-05,-0.0010224085511826289,-5.328168078305116e-07,-7.087084773264151e-05,-2.493877756612974e-06,0.00012056617465500922
8.815456024407399e-05,-0.0010216280058991446,-5.074916098444872e-07,-7.17135004703743e-05,-2.5790674618408615e-06,0.00012039321326663486
8.807531438684859e-05,-0.0010208482390039679,-4.83163637537178e-07,-7.255417087401242e-05,-2.6634114220059126e-06,0.00012021449483324385
8.799496798206976e-05,-0.001020069255989045,-4.5979372098396213e-07,-7.339162999433604e-05,-2.7467970214885493e-06,0.00012002999043678834
8.791350305036841e-05,-0.001019291062187636,-4.3734422981166817e-07,-7.422464165847303e-05,-2.829110147882966e-06,0.00011983968939578375
8.783090311130658e-05,-0.0010185136627620089,-4.1577901113683637e-07,-7.505196496370247e-05,-2.9102355750086415e-06,0.00011964359973332234
8.774715322607183e-05,-0.0010177370626908296,-3.950633330141214e-07,-7.587235677684245e-05,-2.9900573512786712e-06,0.00011944174858146796
8.766224003791956e-05,-0.0010169612667582026,-3.751638277145237e-07,-7.668457423178693e-05,-3.068459193397036e-06,0.00011923418251588746
8.757615181016184e-05,-0.0010161862795407977,-3.5604843903187307e-07,-7.748737722363561e-05,-3.1453248818458926e-06,0.00011902096782323652
8.748887846195181e-05,-0.0010154121053976685,-3.376863697175132e-07,-7.827953089298082e-05,-3.220538659193232e-06,0.0001188021906946007
8.740041160127437e-05,-0.0010146387484568763,-3.200480332406759e-07,-7.905980809757482e-05,-3.2939856276438333e-06,0.00011857795734704417
8.731074455595327e-05,-0.001013866212607157,-3.0310500539647744e-07,-7.982699186604922e-05,-3.36555214813726e-06,0.00011834839407028679
8.721987240176993e-05,-0.0010130945014856394,-2.8682997913177155e-07,-8.057987783180023e-05,-3.4351262340573658e-06,0.00011811364719721069
8.712779198812697e-05,-0.001012323618468456,-2.711967202726671e-07,-8.131727664071128e-05,-3.5025979444105144e-06,0.00011787388299746478
8.703450196116814e-05,-0.0010115535666607185,-2.5618002607627775e-07,-8.203801632915982e-05,-3.567859770286595e-06,0.00011762928749451948
8.694000278416411e-05,-0.0010107843488870365,-2.417556837540078e-07,-8.274094467031067e-05,-3.6308070154180855e-06,0.00011738006620468525
8.684429675531262e-05,-0.0010100159676826146,-2.279004329962105e-07,-8.342493148036923e-05,-3.6913381688838375e-06,0.00011712644379775849
8.67473880226739e-05,-0.0010092484252844992,-2.145919268890981e-07,-8.408887088601392e-05,-3.749355268809499e-06,0.00011686866368173002
8.664928259656936e-05,-0.0010084817236238556,-2.0180869771442329e-07,-8.47316835457929e-05,-3.8047642548265416e-06,0.00011660698750977738
8.65499883589207e-05,-0.0010077158643176415,-1.8953012077762224e-07,-8.535231882048698e-05,-3.857475309248529e-06,0.0001163416946112166
8.644951506993981e-05,-0.0010069508486615177,-1.777363833178876e-07,-8.594975689454822e-05,-3.90740318367908e-06,0.00011607308134812947
8.634787437193161e-05,-0.0010061866776235307,-1.6640845038910444e-07,-8.65230108351785e-05,-3.954467511922579e-06,0.00011580146039883853
8.624507979013712e-05,-0.0010054233518380473,-1.55528036146426e-07,-8.707112859537683e-05,-3.9985931061410576e-06,0.00011552715996928824
8.614114673063052e-05,-0.0010046608715994056,-1.4507757320520213e-07,-8.759319494918436e-05,-4.039710235542653e-06,0.00011525052293570575
8.603609247529037e-05,-0.0010038992368568784,-1.3504018553587945e-07,-8.808833336179042e-05,-4.077754886176109e-06,0.00011497190592071432
8.592993617370634e-05,-0.0010031384472099913,-1.2539966003325786e-07,-8.855570778406334e-05,-4.1126690019109764e-06,0.00011469167830383148
8.582269883222307e-05,-0.0010023785019049251,-1.1614042157905139e-07,-8.899452437738653e-05,-4.144400704074669e-06,0.00011441022117230841
8.571440329960953e-05,-0.0010016193998305667,-1.0724750730390497e-07,-8.940403315469954e-05,-4.172904488258127e-06,0.00011412792621355254
8.560507425002093e-05,-0.001000861139516065,-9.870654274843981e-08,-8.978352954384839e-05,-4.198141399504549e-06,0.00011384519455238433
8.54947381625054e-05,-0.0010001037191271925,-9.050371949883625e-08,-9.013235586413839e-05,-4.220079184181508e-06,0.00011356243553932708
8.538342329754638e-05,-0.0009993471364664194,-8.262577112480742e-08,-9.044990271719837e-05,-4.238692416187756e-06,0.00011328006549117941
8.527115967050279e-05,-0.0009985913889702814,-7.505995350489519e-08,-9.073561028582602e-05,-4.253962599361478e-06,0.0001129985063891692
8.51579790217947e-05,-0.000997836473710527,-6.779402394966128e-08,-9.098896954247581e-05,-4.265878244144051e-06,0.00011271818454089301
8.504391478365575e-05,-0.000997082387390853,-6.081622108072903e-08,-9.120952335872939e-05,-4.274434918079642e-06,0.00011243952920784118
8.492900204438914e-05,-0.0009963291263528529,-5.4115246322703344e-08,-9.139686752196143e-05,-4.279635271521204e-06,0.00011216297120535404
8.481327750847791e-05,-0.0009955766865723296,-4.7680245458093334e-08,-9.155065164931875e-05,-4.281489034758291e-06,0.00011188894147916718
8.469677945428817e-05,-0.0009948250636643793,-4.1500791271546314e-08,-9.167057999989724e-05,-4.280012991867901e-06,0.00011161786966452878
8.457954768805278e-05,-0.0009940742528849972,-3.556686660284562e-08,-9.175641218744575e-05,-4.275230926004964e-06,0.00011135018263234437
8.446162349486859e-05,-0.000993324249134786,-2.986884861449952e-08,-9.180796378304748e-05,-4.2671735396330295e-06,0.00011108630302827034
8.434304958637545e-05,-0.0009925750469616597,-2.439749289163677e-08,-9.182510681432591e-05,-4.255878350167791e-06,0.00011082664781011668
8.422387004544454e-05,-0.0009918266405682188,-1.9143918468717265e-08,-9.180777015728664e-05,-4.241389559072901e-06,0.00011057162678937174
8.41041302672329e-05,-0.0009910790238137073,-1.4099594113028131e-08,-9.175593981613039e-05,-4.223757897094065e-06,0.00011032164118221818
8.398387689773552e-05,-0.000990332190222452,-9.256323732302441e-09,-9.166965909636182e-05,-4.203040445863976e-06,0.00011007708217610703
8.386315776859872e-05,-0.0009895861329894866,-4.606234348261765e-09,-9.154902866364391e-05,-4.179300436430015e-06,0.00010983832951668926
8.374202182927348e-05,-0.000988840844987763,-1.4176195659939027e-10,-9.139420649205658e-05,-4.152607026234991e-06,0.00010960575012291882
8.362051907571502e-05,-0.00098809631877575,4.1443596699989825e-09,-9.120540769853954e-05,-4.123035054412273e-06,0.00010937969673276957
8.349870047667179e-05,-0.0009873525466076378,8.259110950754077e-09,-9.098290426440254e-05,-4.090664777935378e-06,0.00010916050658901705
8.337661789626875e-05,-0.000986609520440099,1.220919774939039e-08,-9.072702464034982e-05,-4.0555815889724805e-06,0.00010894850016730428
8.325432401445832e-05,-0.0009858672319442497,1.600106220831263e-08,-9.043815323923256e-05,-4.0178757152363825e-06,0.00010874397995547302
8.313187224414327e-05,-0.0009851256725144995,1.9640893184685958e-08,-9.011672981120056e-05,-3.977641905182698e-06,0.00010854722928561529
8.300931664583925e-05,-0.0009843848332808764,2.313463638232003e-08,-8.976324870280221e-05,-3.934979097335082e-06,0.00010835851122803334
8.288671183958122e-05,-0.000983644705119924,2.6488003885436216e-08,-8.93782580015864e-05,-3.8899900792502425e-06,0.00010817806755056507
8.276411291456218e-05,-0.000982905278668091,2.9706482635270687e-08,-8.896235856365028e-05,-3.842781133930515e-06,0.00010800611774720089
8.264157533579582e-05,-0.0009821665443323572,3.2795344630783034e-08,-8.851620292401817e-05,-3.7934616770529785e-06,0.00010784285814511043
8.251915484924748e-05,-0.0009814284923067248,3.575965424608536e-08,-8.804049409185043e-05,-3.742143887787115e-06,0.0001076884610891092
8.239690738419082e-05,-0.0009806911125831799,3.8604277166021685e-08,-8.753598422892374e-05,-3.6889423325526003e-06,0.00010754307421269541
8.227488895390356e-05,-0.000979954394969557,4.1333888253068645e-08,-8.700347321437946e-05,-3.6339735856966656e-06,0.00010740681979779732
8.215315555431139e-05,-0.0009792183291011047,4.395297818126929e-08,-8.644380709240761e-05,-3.5773558475908396e-06,0.00010727979422826631
8.203176306109535e-05,-0.0009784829044584753,4.646586196608497e-08,-8.585787640597338e-05,-3.5192085620621164e-06,0.00010716206753954671
8.191076712522111e-05,-0.0009777481103832053,4.887668504781487e-08,-8.524661442069305e-05,-3.4596520364027288e-06,0.00010705368306861874
8.179022306715667e-05,-0.000977013936094029,5.1189430146843135e-08,-8.461099523341673e-05,-3.3988070633652985e-06,0.00010695465720884703
8.167018576991644e-05,-0.0009762803707036314,5.34079241100861e-08,-8.395203177295723e-05,-3.336794549008196e-06,0.00010686497926860124
8.155070957134368e-05,-0.0009755474032370307,5.5535843422156795e-08,-8.327077369129714e-05,-3.273735146471107e-06,0.00010678461144012852
8.143184815554569e-05,-0.0009748150226479916,5.757672102237348e-08,-8.256830515215775e-05,-3.2097488991225064e-06,0.00010671348887819657
8.131365444401276e-05,-0.0009740832178384236,5.953395096553252e-08,-8.184574251004664e-05,-3.14495489257226e-06,0.00010665151988891986
8.119618048633466e-05,-0.0009733519776754593,6.141079501443948e-08,-8.110423189610189e-05,-3.0794709184744287e-06,0.00010659858623363477
8.107947735110983e-05,-0.000972621291011495,6.321038692801805e-08,-8.03449467015213e-05,-3.0134131522743536e-06,0.00010655454354283774
8.096359501718375e-05,-0.0009718911467023557,6.493573827585973e-08,-7.956908497000893e-05,-2.946895843019912e-06,0.00010651922184525659
8.084858226525032e-05,-0.000971161533626991,6.658974252868845e-08,-7.877786670024157e-05,-2.8800310209055666e-06,0.00010649242620742171
8.073448657035969e-05,-0.0009704324407066958,6.817518097051298e-08,-7.79725310631281e-05,-2.812928219260408e-06,0.0001064739374849324
8.062135399570514e-05,-0.0009697038569254481,6.969472526339584e-08,-7.715433354096957e-05,-2.745694216468383e-06,0.00010646351318188368
8.050922908730725e-05,-0.0009689757713472823,7.11509437218551e-08,-7.632454298985239e-05,-2.6784327934216262e-06,0.00010646088841846769
8.03981547709121e-05,-0.0009682481731390773,7.254630449358071e-08,-7.548443863504801e-05,-2.611244512914655e-06,0.00010646577699998301
8.028817225055917e-05,-0.0009675210515887703,7.388317923864068e-08,-7.463530700452646e-05,-2.5442265167256436e-06,0.00010647787258764242
8.017932090919384e-05,-0.0009667943961248305,7.516384782711481e-08,-7.377843880713761e-05,-2.4774723439755797e-06,0.00010649684996395254
8.007163821224671e-05,-0.0009660681963376818,7.639050177338257e-08,-7.291512576201212e-05,-2.4110717696305797e-06,0.00010652236638953194
7.996515961349354e-05,-0.0009653424419980053,7.756524659133362e-08,-7.204665739017682e-05,-2.3451106630429086e-06,0.00010655406304543368
7.985991846431023e-05,-0.0009646171230767085,7.86901069147164e-08,-7.117431777160706e-05,-2.2796708681855436e-06,0.00010659156655424309
7.975594592603112e-05,-0.000963892229764589,7.976702885191904e-08,-7.029938228437259e-05,-2.214830103463584e-06,0.00010663449057429643
7.965327088621468e-05,-0.0009631677524920577,8.07978826726298e-08,-6.942311432465933e-05,-2.1506618818030598e-06,0.00010668243746001229
7.955191987823058e-05,-0.0009624436819469842,8.178446676631103e-08,-6.854676202787773e-05,-2.0872354508815345e-06,0.00010673499997886603
7.945191700543324e-05,-0.0009617200090950412,8.272851034504325e-08,-6.7671554994524e-05,-2.0246157522061407e-06,0.0001067917630797224
7.935328386933404e-05,-0.0009609967251963258,8.36316754130995e-08,-6.679870103345677e-05,-1.9628633986466168e-06,0.00010685230570086042
7.925603950221662e-05,-0.0009602738218249329,8.449556009003783e-08,-6.592938293480473e-05,-1.9020346691948922e-06,0.00010691620261081329
7.916020030485768e-05,-0.0009595512908859406,8.532170100839791e-08,-6.506475528194774e-05,-1.842181521519844e-06,0.00010698302627098112
7.906577998860257e-05,-0.0009588291246327173,8.611157597810953e-08,-6.420594131723046e-05,-1.7833516193991229e-06,0.00010705234871164084
7.897278952289891e-05,-0.0009581073156844046,8.686660602779893e-08,-6.335402987085051e-05,-1.7255883750727164e-06,0.00010712374340990866
7.888123708776802e-05,-0.0009573858570408907,8.75881572102601e-08,-6.251007236691496e-05,-1.668931004842225e-06,0.00010719678716040483
7.879112803174087e-05,-0.0009566647421001938,8.827754378177904e-08,-6.167507992310176e-05,-1.6134145977246896e-06,0.00010727106192681907
7.870246483482335e-05,-0.0009559439646720434,8.893603015066912e-08,-6.0850020548704037e-05,-1.5590701942462082e-06,0.00010734615666556481
7.861524707739727e-05,-0.0009552235189929869,8.956483150615745e-08,-6.0035816464601064e-05,-1.5059248754513055e-06,0.00010742166910812907
7.852947141426256e-05,-0.0009545033997412554,9.016511724479934e-08,-5.9233341553929196e-05,-1.4540018608372024e-06,0.00010749720749433488
7.844513155422103e-05,-0.0009537836020495072,9.07380123542616e-08,-5.844341895589416e-05,-1.4033206130336269e-06,0.00010757239224360215
7.836221824511186e-05,-0.0009530641215163858,9.128459879869554e-08,-5.766681882349022e-05,-1.3538969489018163e-06,0.00010764685755457174
7.82807192644797e-05,-0.0009523449542201258,9.180591760436653e-08,-5.6904256250681586e-05,-1.3057431559143304e-06,0.00010772025292222775
7.820061941517528e-05,-0.0009516260967290245,9.230297049065182e-08,-5.6156389394919686e-05,-1.2588681122020956e-06,0.0001077922445631497
7.812190052662536e-05,-0.0009509075461117391,9.277672066570417e-08,-5.542381779833079e-05,-1.21327740936968e-06,0.00010786251673795844
7.804454146083031e-05,-0.0009501892999474506,9.32280954965405e-08,-5.470708093333596e-05,-1.1689734777802672e-06,0.0001079307729623373
7.796851812361082e-05,-0.0009494713563358368,9.365798736006707e-08,-5.400665697703687e-05,-1.1259557136887562e-06,0.00010799673709623359
7.789380348020969e-05,-0.0009487537139034578,9.406725405599718e-08,-5.332296183946257e-05,-1.0842206055549351e-06,0.0001080601543048142
7.782036757548579e-05,-0.0009480363718128206,9.445672257173612e-08,-5.265634845578384e-05,-1.0437618624506186e-06,0.00010812079187974278
7.774817755847743e-05,-0.0009473193297687541,9.482718765647754e-08,-5.200710635670895e-05,-1.004570541701779e-06,0.00010817843991637264
7.76771977105228e-05,-0.0009466025880243386,9.51794144130999e-08,-5.137546153516114e-05,-9.666351757791318e-07,0.00010823291183685592
7.760738947732998e-05,-0.0009458861473877268,9.551413970666578e-08,-5.076157662644822e-05,-9.299419000401087e-07,0.00010828404475468167
7.753871150368396e-05,-0.0009451700092256349,9.583207215687242e-08,-5.0165551409032846e-05,-8.944745801281803e-07,0.0001083316996735804
7.747111967137545e-05,-0.00094445417546763,9.613389448895523e-08,-4.9587423652328196e-05,-8.602149396923164e-07,0.00010837576151590802
7.740456713925145e-05,-0.0009437386486095737,9.642026317147987e-08,-4.902717031618491e-05,-8.271426897826702e-07,0.00010841613897469693
7.733900438517252e-05,-0.000943023431718435,9.669181095822725e-08,-4.8484709128492755e-05,-7.952356591801656e-07,0.00010845276418677518
7.727437924925038e-05,-0.0009423085284315651,9.69491462070003e-08,-4.7959900544341354e-05,-7.644699283794962e-07,0.00010848559222157098
7.721063697784387e-05,-0.0009415939429614572,9.71928552756167e-08,-4.745255011316297e-05,-7.34819966674289e-07,0.0001085146003845314
7.714772026811327e-05,-0.0009408796800956709,9.74235019390667e-08,-4.6962411262186255e-05,-7.062587747931858e-07,0.00010853978732971776
7.70855693118388e-05,-0.0009401657451990225,9.764163011459228e-08,-4.648918851418605e-05,-6.787580345304278e-07,0.00010856117198155798
7.702412183842666e-05,-0.0009394521442126581,9.78477621093032e-08,-4.603254115562779e-05,-6.522882642708579e-07,0.0001085787922642073
7.69633131563103e-05,-0.0009387388836562185,9.804240188806746e-08,-4.559208737075115e-05,-6.268189876223199e-07,0.00010859270363425064
7.690307619191296e-05,-0.0009380259706278392,9.822603443954701e-08,-4.5167408856468324e-05,-6.023189102320912e-07,0.0001086029774186936
7.684334152577447e-05,-0.0009373134128043687,9.839912696843879e-08,-4.475805593584246e-05,-5.787561114314495e-07,0.00010860969895380997
7.678403742434126e-05,-0.0009366012184406995,9.85621288282789e-08,-4.4363553185243505e-05,-5.56098250045452e-07,0.00010861296552693234
7.672508986794443e-05,-0.0009358893963720321,9.871547347091841e-08,-4.3983405591504e-05,-5.343127879310861e-07,0.00010861288411550299
7.666599610939161e-05,-0.0009351779909733072,1.0109064035648505e-06,-4.3694202725882e-05,-9.056806021965232e-07,0.00010860951783778194
7.660735907753778e-05,-0.0009344669563749999,1.4030097490607128e-06,-4.3374370134325575e-05,-1.05414548914803e-06,0.00010860306369673096
