0.0,1.8156131635984523,0.0,-0.031841313964365854,0.0,-0.5142158322788638
0.0,1.7866065322457327,0.0,-0.027385813863691558,1.737107365987369e-18,-0.5134894012345731
0.0,1.8734340846623898,0.0,-0.016239822730882262,-1.8592118536628392e-17,-0.5004497791988574
0.0,1.9609091251603943,0.0,-0.005026977355503184,-2.586759166673389e-17,-0.48690167105636917
0.0,2.049099324659963,0.0,0.0062566540339971605,-2.5175185719036162e-17,-0.4728306817387847
0.0,2.1380820976085637,0.0,0.017615058418564047,-2.4564236967406328e-17,-0.45822089646546754
0.0,2.227946444480461,0.0,0.029052269808365328,-2.6615949819312254e-17,-0.44305461442159216
0.0,2.318797057527903,0.0,0.04057262160300611,-2.7059929112988614e-17,-0.42731206574154207
0.0,2.410750699220152,0.0,0.052485432694858544,-3.1877063433600665e-17,-0.41081777655579094
0.0,2.503948216726726,0.0,0.06483187443772583,-3.5577595968235776e-17,-0.3935515300114275
0.0,2.5780446248267856,0.0,0.07629378587749756,-3.9032055496878915e-17,-0.377520491415577
0.0,2.633287066432197,0.0,0.08665978669481576,-3.7607009382841966e-17,-0.362776657774441
0.0,2.672064488310604,0.0,0.09587634265566015,-3.8167993113781834e-17,-0.3491425108513016
0.0,2.696313641316147,0.0,0.10389334530912638,-3.7912257875069214e-17,-0.3364718383990621
0.0,2.70767089901137,0.0,0.11066665883871804,-4.450541090804155e-17,-0.32464290308415156
0.0,2.707561755073099,0.0,0.11615927092744609,-4.363661212587117e-17,-0.31355346921795096
0.0,2.695508919752246,0.0,0.11991237670493225,-4.246396468202363e-17,-0.30360308784050566
0.0,2.667159463321025,0.0,0.12057537659189405,-4.665286517409281e-17,-0.29630756092108024
0.0,2.625260460572814,0.0,0.11856492093161378,-4.6648431965961396e-17,-0.29127499790497446
0.0,2.579256691230182,0.0,0.11566504778451926,-5.1921105599569533e-17,-0.2871097286404071
0.0,2.53443623218298,0.0,0.11290622793273773,-5.033480683642911e-17,-0.28301599548502343
0.0,2.490733942480125,0.0,0.11027434347648725,-4.778629460715589e-17,-0.27898693209040765
0.0,2.44809129882075,0.0,0.10775777525500842,-4.314389923331889e-17,-0.27501752051793465
0.0,2.406455490264266,0.0,0.10534670332397746,-3.8126870827879167e-17,-0.27110395384754216
0.0,2.365778660727835,0.0,0.1030326650601073,-3.9545696053834046e-17,-0.267243261815724
0.0,2.3260172716609016,0.0,0.1008082590086802,-4.2165429688594076e-17,-0.2634330780768334
0.0,2.287131563056663,0.0,0.09866693702848561,-4.5315878777523614e-17,-0.25967148826448877
0.0,2.2490850954032138,0.0,0.09660285299134741,-4.80015435714857e-17,-0.25595692634604256
0.0,2.2118443586245244,0.0,0.09461074936716539,-4.8448463682508336e-17,-0.2522881009736581
0.0,2.1753784367560685,0.0,0.09268587011460701,-5.0798969469649166e-17,-0.2486639410965029
0.0,2.1396587192205456,0.0,0.09082389235822963,-4.751146587534083e-17,-0.2450835543276257
0.0,2.1046586512490917,0.0,0.08902087177999891,-4.9721815368973175e-17,-0.24154619402354435
0.0,2.070353517332194,0.0,0.0872731981960035,-4.7541390335535824e-17,-0.2380512325183491
0.0,2.0367202526579318,0.0,0.08557755880189612,-4.768580470256912e-17,-0.23459813887361153
0.0,2.0037372783603717,0.0,0.08393090726144563,-4.2855741226256665e-17,-0.2311864600816439
0.0,1.971384357102056,0.0,0.0823304372967698,-4.3514915070186144e-17,-0.227815805027819
0.0,1.9396424660855818,0.0,0.08077355978941225,-4.7653313983938836e-17,-0.22448583074729567
0.0,1.9084936850564722,0.0,0.07925788265606107,-4.930666997555384e-17,-0.2211962306596852
0.0,1.8779210972436218,0.0,0.07778119295368484,-4.7280081824469335e-17,-0.2179467245507088
0.0,1.8479087015007263,0.0,0.07634144080880371,-3.140482540744265e-17,-0.21473705012514413
0.0,1.8184413341749182,0.0,0.07493672487112478,-2.8709247717300034e-17,-0.21156695598183353
0.0,1.789504599447645,0.0,0.07356527906766337,-2.807390248897924e-17,-0.20843619587935253
0.0,1.7610848070756198,0.0,0.07222546049076867,-2.6350482869435276e-17,-0.20534452416663557
0.0,1.7331689166129067,0.0,0.07091573829211364,-2.942693737095301e-17,-0.2022916922581409
0.0,1.7057444873242176,0.0,0.06963468348422891,-2.678267798153947e-17,-0.19927744603590095
0.0,1.6787996331083412,0.0,0.06838095957032318,-2.565818188545226e-17,-0.1963015240635572
0.0,1.652322981842877,0.0,0.06715331393681895,-2.5974860373261604e-17,-0.1933636565035801
0.0,1.6263036386398062,0.0,0.06595056995391038,-2.5153280761455126e-17,-0.19046356463265238
0.0,1.6007311525681862,0.0,0.06477161973637001,-2.6272578037373547e-17,-0.18760096085942315
0.0,1.5755954864573765,0.0,0.06361541752609087,-2.5749458215026352e-17,-0.18477554915425426
0.0,1.5508869894430535,0.0,0.06248097366509469,-2.5921661409050688e-17,-0.18198702581049211
0.0,1.5265963719603681,0.0,0.061367349140761536,-2.3384843575158253e-17,-0.17923508046130537
0.0,1.502714682924761,0.0,0.06027365070002222,-2.401693997905511e-17,-0.17651939728349658
0.0,1.4792332888722701,0.0,0.059199026553346384,-2.7233110133877595e-17,-0.173839656320268
0.0,1.4561438548582213,0.0,0.05814266272242482,-2.8691676155073573e-17,-0.1711955348537807
0.0,1.4334383269367117,0.0,0.05710378013542131,-3.0430235821383486e-17,-0.16858670874795811
0.0,1.4111089160637282,0.0,0.056081632645347886,-3.1061566461342876e-17,-0.166012853663049
0.0,1.3891480832845755,0.0,0.05507550625249144,-3.0864462583732724e-17,-0.16347364600803316
0.0,1.367548526081847,0.0,0.054084719964117844,-3.361764279429598e-17,-0.16096876343839367
0.0,1.3463031657738136,0.0,0.05310862894348323,-3.477025442801799e-17,-0.15849788461707517
0.0,1.3254051358650447,0.0,0.05214663090685591,-3.361236756502228e-17,-0.15606068781618243
0.0,1.304847771261599,0.0,0.051198177142825325,-3.1587308330366856e-17,-0.1536568477372674
0.0,1.2846245982723568,0.0,0.050262790053920404,-2.998417551534324e-17,-0.1512860296460741
0.0,1.2647293253262457,0.0,0.049340089699275294,-2.676501424251612e-17,-0.14894787956065686
0.0,1.2451558343423081,0.0,0.04842983224203911,-2.5051874684420136e-17,-0.14664200885292908
0.0,1.2258981726959486,0.0,0.04753196295026297,-2.2248920502785165e-17,-0.14436797139821253
0.0,1.2069505457303624,0.0,0.046646684335494626,-1.8726001916122062e-17,-0.1421252317916186
0.0,1.1883073097671815,0.0,0.045774534115441155,-1.6391984890814637e-17,-0.1399131250345573
0.0,1.1699629655748263,0.0,0.04491645522594851,-1.5266316635704206e-17,-0.1377308129075966
0.0,1.1519121522570668,0.0,0.044073819698877706,-1.3625310271994213e-17,-0.13557725127894443
0.0,1.1341496415278243,0.0,0.043219022322712713,-1.3268519574670984e-17,-0.13348283231850813
0.0,1.1166703323414564,0.0,0.04225063389434188,-1.2785734520369847e-17,-0.13155939615774592
0.0,1.0994692458505735,0.0,0.04117601050934663,-1.0720614517724191e-17,-0.12980211688734672
0.0,1.0825415206660285,0.0,0.040008999490833655,-1.0620288791360687e-17,-0.12819815170612894
0.0,1.0658824083959708,0.0,0.038768638569365285,-1.0349422505497786e-17,-0.126727611292142
0.0,1.0494872694429414,0.0,0.03747645798472964,-9.8216195912187e-18,-0.12536643854228877
0.0,1.0333515690398174,0.0,0.03615341598241788,-1.0442605479103951e-17,-0.12409008483938883
0.0,1.0174708735070956,0.0,0.034817603032791744,-9.929084800538559e-18,-0.1228765342029898
0.0,1.0018408467154982,0.0,0.033483223339159145,-9.861314838749604e-18,-0.12170787392528595
0.0,0.9864572467392518,0.0,0.03216065200030924,-9.245332044701944e-18,-0.1205705119688393
0.0,0.9713159226866107,0.0,0.030857066917399832,-7.965764933911455e-18,-0.11945459898521792
0.0,0.956412811695321,0.0,0.02957722974327149,-7.770091986606126e-18,-0.11835318382214821
0.0,0.9417439360817151,0.0,0.028324185610356944,-7.402255029291214e-18,-0.1172614121516437
0.0,0.9273054006330527,0.0,0.02709980534919531,-7.393843556791552e-18,-0.11617588628279318
0.0,0.9130933900335532,0.0,0.025905173659441172,-6.61254307757374e-18,-0.11509419788928886
0.0,0.8991041664153212,0.0,0.024740854640154148,-6.302871693088616e-18,-0.11401460399680285
0.0,0.14358497175156987,0.0,-0.002344862198745525,-5.627675664642158e-18,-0.11349468492359367
0.0,0.14358497175156987,0.0,-0.0022163733759041028,-5.293931649134416e-18,-0.11162071349818595
0.0,0.14358497175156987,0.0,-0.002093186391686686,-4.3313081868858494e-18,-0.10976944956532708
0.0,0.14358497175156987,0.0,-0.001975205760411918,-3.3254908220780607e-18,-0.10794058324957875
0.0,0.14358497175156987,0.0,-0.0018623376555354188,-2.4947369041036324e-18,-0.10613380893543549
0.0,0.14358497175156987,0.0,-0.0017544898880774394,-1.9926348688219717e-18,-0.10434882520717895
0.0,0.14358497175156987,0.0,-0.0016515718849318215,-2.2097893985416197e-18,-0.10258533478990765
0.0,0.14358497175156987,0.0,-0.0015534946671264208,-2.0335869163320295e-18,-0.10084304449159784
0.0,0.14358497175156987,0.0,-0.0014601708279150727,-2.710275038952509e-18,-0.09912166514615964
0.0,0.14358497175156987,0.0,-0.0013715145108899362,-2.2121938808264582e-18,-0.09742091155757905
0.0,0.14358497175156987,0.0,-0.0012874413880487505,-1.6305509420806626e-18,-0.09574050244477682
0.0,0.14358497175156987,0.0,-0.0012078686378585316,-1.220480440983938e-18,-0.0940801603873356
0.0,0.14358497175156987,0.0,-0.0011327149233298795,-6.735061564931868e-19,-0.09243961177253884
0.0,0.14358497175156987,0.0,-0.0010619003701602646,4.823605544129719e-19,-0.09081858674265031
0.0,0.14358497175156987,0.0,-0.0009953465448961224,1.5177546939356954e-19,-0.08921681914360789
0.0,0.14358497175156987,0.0,-0.0009329764332402174,9.891675440530342e-20,-0.08763404647374021
0.0,0.14358497175156987,0.0,-0.0008747144184166359,2.1338477051918743e-18,-0.08607000983432636
0.0,0.14358497175156987,0.0,-0.0008204862596894831,2.6473762002881458e-18,-0.08452445387984886
0.0,0.14358497175156987,0.0,-0.0007702190710181817,3.2089717215227283e-18,-0.08299712676954316
0.0,0.14358497175156987,0.0,-0.0007238412997863956,4.730258172445822e-18,-0.08148778011983988
0.0,0.14358497175156987,0.0,-0.0006812827058682693,5.327952960568091e-18,-0.07999616895690104
0.0,0.14358497175156987,0.0,-0.0006424743407063204,6.1766043586354e-18,-0.07852205167041484
0.0,0.14358497175156987,0.0,-0.0006073485266543041,6.254355287006384e-18,-0.07706518996766287
0.0,0.14358497175156987,0.0,-0.000575838836494643,6.637816727899067e-18,-0.0756253488286719
0.0,0.14358497175156987,0.0,-0.0005478800731938318,7.35388811696643e-18,-0.07420229646148924
0.0,0.14358497175156987,0.0,-0.0005234082498607002,8.328875621937742e-18,-0.07279580425858784
0.0,0.14358497175156987,0.0,-0.0005023605698580265,8.244344709123036e-18,-0.07140564675355027
0.0,0.14358497175156987,0.0,-0.0004846754072513502,8.895501650919088e-18,-0.07003160157852444
0.0,0.14358497175156987,0.0,-0.0004702922874310683,9.07006621607568e-18,-0.0686734494221897
0.0,0.14358497175156987,0.0,-0.0004591518678743918,9.038374189232667e-18,-0.06733097398856643
0.0,0.14358497175156987,0.0,-0.00045119591936714637,9.35727479589614e-18,-0.0660039619559373
0.0,0.14358497175156987,0.0,-0.0004463673072190215,1.0604444300457788e-17,-0.06469220293674229
0.0,0.14358497175156987,0.0,-0.0004446099728625105,1.0757135328102929e-17,-0.06339548943796118
0.0,0.14358497175156987,0.0,-0.0004458689156967609,1.1183121604558997e-17,-0.06211361682183196
0.0,0.14358497175156987,0.0,-0.0004500901750718765,1.354250648049136e-17,-0.060846383267342624
0.0,0.14358497175156987,0.0,-0.00045722081261635565,1.3384879722652818e-17,-0.059593589732282265
0.0,0.14358497175156987,0.0,-0.0004672088947561114,1.4880109437110526e-17,-0.058355039915362575
0.0,0.14358497175156987,0.0,-0.00048000347545759485,1.4668746151153168e-17,-0.05713054021972627
0.0,0.14358497175156987,0.0,-0.000495554579323044,1.48421840564504e-17,-0.05591989971590709
0.0,0.14358497175156987,0.0,-0.0005138131847379429,1.464788232309954e-17,-0.054722930106232234
0.0,0.14358497175156987,0.0,-0.0005347312074148085,1.4651863300472644e-17,-0.05353944568902168
0.0,0.14358497175156987,0.0,-0.0005582614841843064,1.483484896500654e-17,-0.052369263323768775
0.0,0.14358497175156987,0.0,-0.0005843577568183846,1.4722087298679565e-17,-0.051212202396482054
0.0,0.14358497175156987,0.0,-0.0006129746563764476,1.4751860749908057e-17,-0.050068084785560234
0.0,0.14358497175156987,0.0,-0.0006440676875147109,1.4711517072493103e-17,-0.04893673482834176
0.0,0.14358497175156987,0.0,-0.0006775932133014058,1.470745967114212e-17,-0.047817979287737816
0.0,0.14358497175156987,0.0,-0.0007135084399550132,1.5228834603485506e-17,-0.046711647319626196
0.0,0.14358497175156987,0.0,-0.0007517714020694897,1.598961725864065e-17,-0.04561757044070306
0.0,0.14358497175156987,0.0,-0.000792340947932616,1.6232407625217144e-17,-0.04453558249640373
0.0,0.14358497175156987,0.0,-0.0008351767250807151,1.7755636988140746e-17,-0.0434655196296769
0.0,0.14358497175156987,0.0,-0.0008802391661668907,1.8078234122378863e-17,-0.04240722024990979
0.0,0.14358497175156987,0.0,-0.0009274894748368036,1.8140878536292718e-17,-0.041360525002508766
0.0,0.14358497175156987,0.0,-0.0009768896120723692,1.8286890176260883e-17,-0.040325276738626674
0.0,0.14358497175156987,0.0,-0.001028402282585543,1.867774185376767e-17,-0.0393013204854602
0.0,0.14358497175156987,0.0,-0.0010819909214939243,1.9563797652093906e-17,-0.03828850341687395
0.0,0.14358497175156987,0.0,-0.0011376196811381965,2.121963340758261e-17,-0.03728667482464082
0.0,0.14358497175156987,0.0,-0.0011952534181870964,2.1398660385426993e-17,-0.03629568608956357
0.0,0.14358497175156987,0.0,-0.0012548576808874088,2.2523556197352608e-17,-0.03531539065366569
0.0,0.14358497175156987,0.0,-0.001316398696548593,2.2724708936336362e-17,-0.03434564399215241
0.0,0.14358497175156987,0.0,-0.0013798433592110033,2.2612120858223512e-17,-0.033386303585949774
0.0,0.14358497175156987,0.0,-0.0014451592174917491,2.3165946708769272e-17,-0.03243722889502891
0.0,0.14358497175156987,0.0,-0.001512314462656276,2.2300974760448523e-17,-0.031498281331324415
0.0,0.14358497175156987,0.0,-0.001581277916913799,2.281858731366631e-17,-0.030569324232458783
0.0,0.14358497175156987,0.0,-0.001652019021748787,2.2896631699242378e-17,-0.029650222836056544
0.0,0.14358497175156987,0.0,-0.0017245078266669078,2.366611431748602e-17,-0.028740844253765073
0.0,0.14358497175156987,0.0,-0.001798714977917783,2.4039586773041754e-17,-0.027841057446185764
0.0,0.14358497175156987,0.0,-0.0018746117075217035,2.4407771835837286e-17,-0.02695073319789121
0.0,0.14358497175156987,0.0,-0.0019521698224258081,2.4425411625079276e-17,-0.02606974409272603
0.0,0.14358497175156987,0.0,-0.002031361693877064,2.372353008463223e-17,-0.02519796448961192
0.0,0.14358497175156987,0.0,-0.002112160246874905,2.4167759988822448e-17,-0.024335270498647955
0.0,0.14358497175156987,0.0,-0.0021945389499343007,2.206256693736625e-17,-0.02348153995729269
0.0,0.14358497175156987,0.0,-0.0022784718049083117,2.186153677020411e-17,-0.02263665240720119
0.0,0.14358497175156987,0.0,-0.002363933336983784,2.243368275438852e-17,-0.021800489071165805
0.0,0.14358497175156987,0.0,-0.0024508985849244404,2.224628807776887e-17,-0.020972932830420465
0.0,0.14358497175156987,0.0,-0.002539343091380983,2.2510248217023918e-17,-0.0201538682022221
0.0,0.14358497175156987,0.0,-0.0026292428934272076,2.290868656469602e-17,-0.01934318131782293
0.0,0.14358497175156987,0.0,-0.002720574513193146,2.3155859534692164e-17,-0.01854075990057013
0.0,0.14358497175156987,0.0,-0.0028133149487398453,2.3343187672449e-17,-0.017746493244406556
0.0,0.14358497175156987,0.0,-0.002907441664942891,2.3518248333104606e-17,-0.016960272192801742
0.0,0.14358497175156987,0.0,-0.0030029325847152778,2.3118776793769934e-17,-0.016181989117644405
0.0,0.14358497175156987,0.0,-0.003099766080220297,2.2925022890520312e-17,-0.015411537898576189
0.0,0.14358497175156987,0.0,-0.003197920964269868,2.3538667080784418e-17,-0.014648813902742818
0.0,0.14358497175156987,0.0,-0.0032973764819774713,2.4446227798639036e-17,-0.013893713964578735
0.0,0.14358497175156987,0.0,-0.003398112302337008,2.4043164019294032e-17,-0.013146136365967637
0.0,0.14358497175156987,0.0,-0.003500108510141993,2.4583824143041585e-17,-0.012405980816818755
0.0,0.14358497175156987,0.0,-0.003603345597985439,2.530687094595208e-17,-0.011673148435406622
0.0,0.14358497175156987,0.0,-0.003707804458260454,2.5644285832327438e-17,-0.010947541729748628
0.0,0.14358497175156987,0.0,-0.0038134663755664015,2.515208605078833e-17,-0.01022906457839378
0.0,0.14358497175156987,0.0,-0.003920313018924996,2.469899782473932e-17,-0.009517622212225744
0.0,0.14358497175156987,0.0,-0.004028326434433615,2.485033732441933e-17,-0.008813121195827563
0.0,0.14358497175156987,0.0,-0.004137489037756354,2.4499784648958644e-17,-0.00811546940972729
0.0,0.14358497175156987,0.0,-0.004247783607001944,2.532963518905406e-17,-0.007424576032356203
0.0,0.14358497175156987,0.0,-0.004359193275548142,2.5334922998187692e-17,-0.006740351522618957
0.0,0.14358497175156987,0.0,-0.004471701525081354,2.6142224388184825e-17,-0.006062707602348366
0.0,0.14358497175156987,0.0,-0.004585292178632992,2.5951980705401756e-17,-0.0053915572394365174
0.0,0.14358497175156987,0.0,-0.004699949393937448,2.654127638995336e-17,-0.0047268146308378604
0.0,0.14358497175156987,0.0,-0.004815657656725769,2.6002779734610267e-17,-0.004068395185779332
0.0,0.14358497175156987,0.0,-0.004932401774190335,2.5569523742303936e-17,-0.0034162155095492086
0.0,0.14358497175156987,0.0,-0.00505016686857085,2.5477098036167484e-17,-0.0027701933871877096
0.0,0.14358497175156987,0.0,-0.005168938370896774,2.579044722121321e-17,-0.0021302477674007246
0.0,0.14358497175156987,0.0,-0.005288702014700524,2.587461251513411e-17,-0.0014962987469210112
0.0,0.14358497175156987,0.0,-0.00540944383001117,2.5488433903777325e-17,-0.0008682675547621588
0.0,0.14358497175156987,0.0,-0.0055311501373188935,2.5176065372940436e-17,-0.0002460765370349595
0.0,0.14358497175156987,0.0,-0.005653807541718054,2.4592011572964084e-17,0.00037035085833804493
0.0,0.14358497175156987,0.0,-0.005777402927086594,2.4282160761973647e-17,0.0009810900965814238
0.0,0.14358497175156987,0.0,-0.005901923450480663,2.4214653213124244e-17,0.001586215570795614
0.0,0.14358497175156987,0.0,-0.006027356536452153,2.496374660444234e-17,0.002185800616379383
0.0,0.14358497175156987,0.0,-0.006153689871667132,2.5110755361940334e-17,0.002779917525800233
0.0,0.14358497175156987,0.0,-0.006280911399447427,2.4521421652960444e-17,0.0033686375623022367
0.0,0.14358497175156987,0.0,-0.00640900931450843,2.4881814353041585e-17,0.0039520309741485175
0.0,0.14358497175156987,0.0,-0.006537972057749442,2.541648788679878e-17,0.004530167008432839
0.0,0.14358497175156987,0.0,-0.006667788311134834,2.5450626625429016e-17,0.005103113924582833
0.0,0.14358497175156987,0.0,-0.006798446992697874,2.6067387222496328e-17,0.005670939007825341
0.0,0.14358497175156987,0.0,-0.006929937251581141,2.6145895949644754e-17,0.006233708582554266
0.0,0.14358497175156987,0.0,-0.007062248463181468,2.5643365222789093e-17,0.006791488025113129
0.0,0.14358497175156987,0.0,-0.007195370224480921,2.572957067370032e-17,0.0073443417771441345
0.0,0.14358497175156987,0.0,-0.007329292349218232,2.5714853872622216e-17,0.007892333357895503
0.0,0.14358497175156987,0.0,-0.0074640048634404405,2.5747269230312178e-17,0.00843552537700274
0.0,0.14358497175156987,0.0,-0.007599498000899799,2.659458277418943e-17,0.00897397954678443
0.0,0.14358497175156987,0.0,-0.007735762198667461,2.7200663068274853e-17,0.009507756694618064
0.0,0.14358497175156987,0.0,-0.007872788092732058,2.714718395646059e-17,0.010036916774641802
0.0,0.14358497175156987,0.0,-0.00801056651379405,2.6532138844043723e-17,0.010561518880184875
0.0,0.14358497175156987,0.0,-0.00814908848305319,2.6241985784611668e-17,0.011081621255070267
0.0,0.14358497175156987,0.0,-0.008288345207974841,2.6481930874799192e-17,0.01159728130529954
0.0,0.14358497175156987,0.0,-0.008428328078402228,2.599978885826383e-17,0.012108555610563426
0.0,0.14358497175156987,0.0,-0.00856902866248033,2.590779343578758e-17,0.012615499935595364
0.0,0.14358497175156987,0.0,-0.008710438702757659,2.6272349585254483e-17,0.01311816924101845
0.0,0.14358497175156987,0.0,-0.008852550112385445,2.5607074656166985e-17,0.013616617694497946
0.0,0.14358497175156987,0.0,-0.008995354971295114,2.6956394334049423e-17,0.014110898681549622
0.0,0.14358497175156987,0.0,-0.009138845522599944,2.6525186353085373e-17,0.014601064816338775
0.0,0.14358497175156987,0.0,-0.009283014168784284,2.710183532705035e-17,0.015087167951811545
0.0,0.14358497175156987,0.0,-0.009427853468374065,2.7696201345036787e-17,0.015569259190658678
0.0,0.14358497175156987,0.0,-0.009573356132209415,2.8209693821031945e-17,0.016047388895132762
0.0,0.14358497175156987,0.0,-0.009719515020141135,2.850688535845197e-17,0.016521606697276616
0.0,0.14358497175156987,0.0,-0.009866323137647081,2.863700688997513e-17,0.016991961509128403
0.0,0.14358497175156987,0.0,-0.010013773632452136,2.819195996903348e-17,0.01745850153220047
0.0,0.14358497175156987,0.0,-0.010161859791286074,2.7666310302055383e-17,0.017921274267439183
0.0,0.14358497175156987,0.0,-0.010310575036783943,2.7024258514743658e-17,0.018380326524799425
0.0,0.14358497175156987,0.0,-0.010459912924255167,2.6881766699756233e-17,0.018835704432682277
0.0,0.14358497175156987,0.0,-0.0106098671385772,2.6922651357155062e-17,0.01928745344712302
0.0,0.14358497175156987,0.0,-0.01076043149128324,2.7143050833423955e-17,0.01973561836119614
0.0,0.14358497175156987,0.0,-0.010911599917549829,2.7119741892251474e-17,0.020180243314058006
0.0,0.14358497175156987,0.0,-0.011063366473229534,2.689479949929177e-17,0.020621371799799792
0.0,0.14358497175156987,0.0,-0.011215725332047243,2.7146529773799066e-17,0.021059046676285595
0.0,0.14358497175156987,0.0,-0.011368670782815817,2.6840151678363618e-17,0.02149331017411678
0.0,0.14358497175156987,0.0,-0.011522197226651498,2.7201364430360136e-17,0.021924203904943807
0.0,0.14358497175156987,0.0,-0.011676299174239558,2.7339735138126604e-17,0.022351768870060934
0.0,0.14358497175156987,0.0,-0.011830971243242772,2.755201780938356e-17,0.022776045468811474
0.0,0.14358497175156987,0.0,-0.011986208155693064,2.7327688471752533e-17,0.023197073506845356
0.0,0.14358497175156987,0.0,-0.012142004735410779,2.736562099183612e-17,0.023614892204229812
0.0,0.14358497175156987,0.0,-0.012298355905500883,2.713282219270318e-17,0.024029540203484568
0.0,0.14358497175156987,0.0,-0.01245525668592811,2.71933748021803e-17,0.024441055577558553
0.0,0.14358497175156987,0.0,-0.01261270219105691,2.7019989221186435e-17,0.024849475837642958
0.0,0.14358497175156987,0.0,-0.012770687627335242,2.6645636029181555e-17,0.025254837940869274
0.0,0.14358497175156987,0.0,-0.012929208290942965,2.6402572695936335e-17,0.025657178297897414
0.0,0.14358497175156987,0.0,-0.013088259565541108,2.628357620849243e-17,0.026056532780587865
0.0,0.14358497175156987,0.0,-0.013247836920010345,2.5933538986020256e-17,0.026452936729229135
0.0,0.14358497175156987,0.0,-0.013407935906272019,2.5582248964608075e-17,0.02684642495985049
0.0,0.14358497175156987,0.0,-0.013568552157110666,2.5450369911973425e-17,0.02723703177158621
0.0,0.14358497175156987,0.0,-0.013729681384173707,2.5371964544877064e-17,0.027624790953742744
0.0,0.14358497175156987,0.0,-0.013891319375739853,2.5292516268867716e-17,0.028009735792718687
0.0,0.14358497175156987,0.0,-0.014053461994841848,2.5002659876914074e-17,0.028391899079037063
0.0,0.14358497175156987,0.0,-0.01421610517716955,2.4908167783938167e-17,0.028771313114122243
0.0,0.14358497175156987,0.0,-0.014379244929218552,2.5029026660508353e-17,0.02914800971709005
0.0,0.14358497175156987,0.0,-0.014542877326285196,2.4584607862833833e-17,0.02952202023140899
0.0,0.14358497175156987,0.0,-0.014706998510647834,2.455123384746769e-17,0.02989337553133964
0.0,0.14358497175156987,0.0,-0.014871604689770175,2.4032996182459177e-17,0.030262106028599998
0.0,0.14358497175156987,0.0,-0.01503669213437897,2.428744909866048e-17,0.030628241678581136
0.0,0.14358497175156987,0.0,-0.015202257176801345,2.4106227056847353e-17,0.03099181198670974
0.0,0.14358497175156987,0.0,-0.015368296209215683,2.4215598742028295e-17,0.03135284601473905
0.0,0.14358497175156987,0.0,-0.015534805681948625,2.4253593040649038e-17,0.03171137238675916
0.0,0.14358497175156987,0.0,-0.01570178210179526,2.367717356110183e-17,0.03206741929532276
0.0,0.14358497175156987,0.0,-0.015869222030431365,2.3535512021966328e-17,0.03242101450734468
0.0,0.14358497175156987,0.0,-0.016037122082751452,2.4016547578408687e-17,0.03277218537006697
0.0,0.14358497175156987,0.0,-0.016205478925423407,2.344462620968889e-17,0.033120958816906625
0.0,0.14358497175156987,0.0,-0.016374289275237843,2.3778751296037868e-17,0.03346736137301555
0.0,0.14358497175156987,0.0,-0.016543549897650642,2.386449964063484e-17,0.03381141916102268
0.0,0.14358497175156987,0.0,-0.016713257605377792,2.413550891170473e-17,0.034153157906754494
0.0,0.14358497175156987,0.0,-0.016883409256839222,2.372797334382535e-17,0.03449260294445588
0.0,0.14358497175156987,0.0,-0.017054001754894802,2.3749885377342126e-17,0.03482977922251729
0.0,0.14358497175156987,0.0,-0.017225032045285398,2.3795466643871824e-17,0.035164711308509566
0.0,0.14358497175156987,0.0,-0.017396497115476202,2.3599332079498142e-17,0.03549742339478921
0.0,0.14358497175156987,0.0,-0.01756839399322499,2.3753286560772965e-17,0.035827939303520295
0.0,0.14358497175156987,0.0,-0.017740719745286532,2.3614245332266635e-17,0.03615628249180103
0.0,0.14358497175156987,0.0,-0.01791347147620318,2.286306257478843e-17,0.036482476056867726
0.0,0.14358497175156987,0.0,-0.0180866463270573,2.220986257171324e-17,0.03680654274100913
0.0,0.14358497175156987,0.0,-0.018260241474204505,2.2293637752255678e-17,0.037128504936480025
0.0,0.14358497175156987,0.0,-0.018434254128176075,2.1765483316601483e-17,0.037448384690488466
0.0,0.14358497175156987,0.0,-0.0186086815324568,2.1729566361884825e-17,0.03776620370988665
0.0,0.14358497175156987,0.0,-0.01878352096238395,2.1895281455621033e-17,0.03808198336593513
0.0,0.14358497175156987,0.0,-0.018958769724081136,2.208140850916446e-17,0.03839574469907827
0.0,0.14358497175156987,0.0,-0.019134425153272783,2.1693743054593325e-17,0.03870750842337077
0.0,0.14358497175156987,0.0,-0.019310484614353755,2.1929492060622908e-17,0.03901729493129405
0.0,0.14358497175156987,0.0,-0.019486945499266273,2.218067227914863e-17,0.03932512429794319
0.0,0.14358497175156987,0.0,-0.01966380522655584,2.189380872708415e-17,0.039631016285725795
0.0,0.14358497175156987,0.0,-0.019841061240395683,2.177909920879771e-17,0.039934990348645255
0.0,0.14358497175156987,0.0,-0.020018711009546494,2.1461178983636998e-17,0.04023706563647246
0.0,0.14358497175156987,0.0,-0.020196752026511514,2.118023918721538e-17,0.04053726099925693
0.0,0.14358497175156987,0.0,-0.020375181806627597,2.127701719426373e-17,0.04083559499132339
0.0,0.14358497175156987,0.0,-0.02055399788712067,2.155964338696501e-17,0.04113208587553831
0.0,0.14358497175156987,0.0,-0.02073319782627592,2.167884263825706e-17,0.04142675162738246
0.0,0.14358497175156987,0.0,-0.02091277920260702,2.1556414266890515e-17,0.04171960993884609
0.0,0.14358497175156987,0.0,-0.0210927396139999,2.125957202576835e-17,0.042010678222609565
0.0,0.14358497175156987,0.0,-0.02127307667701226,2.1103076956840228e-17,0.04229997361591089
0.0,0.14358497175156987,0.0,-0.02145378802596955,2.1002671104490796e-17,0.04258751298432384
0.0,0.14358497175156987,0.0,-0.02163487131229771,2.1024760989234383e-17,0.04287331292569122
0.0,0.14358497175156987,0.0,-0.021816324203816476,2.0910113158438583e-17,0.04315738977389433
0.0,0.14358497175156987,0.0,-0.021998144383942785,2.0318966242899184e-17,0.04343975960248839
0.0,0.14358497175156987,0.0,-0.022180329551103904,2.054805492138171e-17,0.0437204382285024
0.0,0.14358497175156987,0.0,-0.022362877417991558,2.0327806208487088e-17,0.04399944121595069
0.0,0.14358497175156987,0.0,-0.022545785710978067,2.0270378998224184e-17,0.044276783879490356
0.0,0.14358497175156987,0.0,-0.02272905216947676,2.0049496843997035e-17,0.04455248128792665
0.0,0.14358497175156987,0.0,-0.022912674545313892,1.9144914171606256e-17,0.04482654826766369
0.0,0.14358497175156987,0.0,-0.023096650602242162,1.904333027452192e-17,0.04509899940625761
0.0,0.14358497175156987,0.0,-0.023280978115270544,1.88362919703576e-17,0.045369849055693384
0.0,0.14358497175156987,0.0,-0.023465654870196428,1.868244911886583e-17,0.04563911133571877
0.0,0.14358497175156987,0.0,-0.023650678663075766,1.7825111569779908e-17,0.04590680013731113
0.0,0.14358497175156987,0.0,-0.023836047299802775,1.7723000013705097e-17,0.04617292912583046
0.0,0.14358497175156987,0.0,-0.024021758595435393,1.739715009922364e-17,0.04643751174411489
0.0,0.14358497175156987,0.0,-0.024207810374054953,1.722116467669276e-17,0.046700561216045
0.0,0.14358497175156987,0.0,-0.024394200468069935,1.7048194920706413e-17,0.04696209054925868
0.0,0.14358497175156987,0.0,-0.024580926717926846,1.6952450380827763e-17,0.04722211253844101
0.0,0.14358497175156987,0.0,-0.024767986971763425,1.7261379407144692e-17,0.04748063976846627
0.0,0.14358497175156987,0.0,-0.024955379084965902,1.7813984963216982e-17,0.04773768461724566
0.0,0.14358497175156987,0.0,-0.02514310091992299,1.7665482749860308e-17,0.04799325925888867
0.0,0.14358497175156987,0.0,-0.02533115034562195,1.7660910409207133e-17,0.048247375666480685
0.0,0.14358497175156987,0.0,-0.02551952523744644,1.7599884374893517e-17,0.04850004561508326
0.0,0.14358497175156987,0.0,-0.02570822347679501,1.7715632321283838e-17,0.04875128068455219
0.0,0.14358497175156987,0.0,-0.025897242951060988,1.780322442659915e-17,0.04900109226256423
0.0,0.14358497175156987,0.0,-0.026086581553083767,1.828872761248301e-17,0.04924949154703515
0.0,0.14358497175156987,0.0,-0.02627623718135017,1.815658856171729e-17,0.049496489549380594
0.0,0.14358497175156987,0.0,-0.026466207739456953,1.817955510343935e-17,0.04974209709676655
0.0,0.14358497175156987,0.0,-0.026656491136242858,1.7957808294659477e-17,0.04998632483520571
0.0,0.14358497175156987,0.0,-0.02684708528552822,1.732973073069367e-17,0.05022918323190096
0.0,0.14358497175156987,0.0,-0.027037988106123585,1.704848076731763e-17,0.050470682578188264
0.0,0.14358497175156987,0.0,-0.02722919752168885,1.726358170769035e-17,0.05071083299190347
0.0,0.14358497175156987,0.0,-0.027420711460788248,1.7129123579639495e-17,0.05094964442013379
0.0,0.14358497175156987,0.0,-0.027612527856780558,1.719610022130929e-17,0.05118712664150154
0.0,0.14358497175156987,0.0,-0.02780464464807214,1.7707460292681297e-17,0.051423289269127856
0.0,0.14358497175156987,0.0,-0.027997059777903347,1.748247883883335e-17,0.05165814175264931
0.0,0.14358497175156987,0.0,-0.028189771194655714,1.7595803249471668e-17,0.05189169338094515
0.0,0.14358497175156987,0.0,-0.028382776851886247,1.7994279152410068e-17,0.05212395328453483
0.0,0.14358497175156987,0.0,-0.028576074708620045,1.7875424785500694e-17,0.0523549304380259
0.0,0.14358497175156987,0.0,-0.028769662729371818,1.772665735620424e-17,0.05258463366235497
0.0,0.14358497175156987,0.0,-0.028963538884532125,1.819868411812724e-17,0.052813071627273334
0.0,0.14358497175156987,0.0,-0.029157701150648876,1.821085848320199e-17,0.053040252853659695
0.0,0.14358497175156987,0.0,-0.0293521475107226,1.8578003956887077e-17,0.05326618571587781
0.0,0.14358497175156987,0.0,-0.02954687595457088,1.8786027101513172e-17,0.05349087844390829
0.0,0.14358497175156987,0.0,-0.02974188447929052,1.7961408994904455e-17,0.05371433912585988
0.0,0.14358497175156987,0.0,-0.029937171089740193,1.76720897876997e-17,0.053936575710034074
0.0,0.14358497175156987,0.0,-0.03013273379896401,1.7264754816753377e-17,0.05415759600722689
0.0,0.14358497175156987,0.0,-0.030328570628972266,1.7702093956693395e-17,0.054377407693039545
0.0,0.14358497175156987,0.0,-0.03052467961113255,1.7679504322018343e-17,0.05459601830983987
0.0,0.14358497175156987,0.0,-0.03072105878703286,1.75256347951724e-17,0.05481343526921753
0.0,0.14358497175156987,0.0,-0.030917706209212723,1.7415408262183813e-17,0.055029665853996046
0.0,0.14358497175156987,0.0,-0.031114619941926762,1.8426583133842034e-17,0.05524471722039501
0.0,0.14358497175156987,0.0,-0.031311798062175406,1.844192860092603e-17,0.05545859640033693
0.0,0.14358497175156987,0.0,-0.03150923866051797,1.8219623562900192e-17,0.05567131030333253
0.0,0.14358497175156987,0.0,-0.03170693984226771,1.8309879071664492e-17,0.05588286571879668
0.0,0.14358497175156987,0.0,-0.03190489972856892,1.7926563570069664e-17,0.05609326931816323
0.0,0.14358497175156987,0.0,-0.03210311645762148,1.7705467923886175e-17,0.05630252765684635
0.0,0.14358497175156987,0.0,-0.03230158818613094,1.8243562987614312e-17,0.05651064717664297
0.0,0.14358497175156987,0.0,-0.03250031309051457,1.903402371468749e-17,0.05671763420740872
0.0,0.14358497175156987,0.0,-0.032699289368786646,1.8877382298554758e-17,0.05692349496971781
0.0,0.14358497175156987,0.0,-0.032898515241836464,1.9117982796807137e-17,0.057128235576458214
0.0,0.14358497175156987,0.0,-0.033097988955613285,1.7721050505746902e-17,0.0573318620353588
0.0,0.14358497175156987,0.0,-0.03329770878279608,1.6865397619941377e-17,0.05753438025086075
0.0,0.14358497175156987,0.0,-0.03349767302498926,1.6021430474189184e-17,0.05773579602636973
0.0,0.14358497175156987,0.0,-0.03369788001495655,1.638688050581561e-17,0.057936115066377206
0.0,0.14358497175156987,0.0,-0.03389832811908213,1.6649233995899573e-17,0.05813534297875067
0.0,0.14358497175156987,0.0,-0.03409901573984119,1.7137226987543756e-17,0.05833348527666563
0.0,0.14358497175156987,0.0,-0.0342999413188015,1.7654902886579252e-17,0.058530547381165636
0.0,0.14358497175156987,0.0,-0.034501103339466585,1.7421312111109982e-17,0.058726534623135984
0.0,0.14358497175156987,0.0,-0.034702500330653724,1.783565803838127e-17,0.058921452245758926
0.0,0.14358497175156987,0.0,-0.03490413086994231,1.6925448750283212e-17,0.05911530540671795
0.0,0.14358497175156987,0.0,-0.0351059935874957,1.7234862764444478e-17,0.05930809918068475
0.0,0.14358497175156987,0.0,-0.0353080871701613,1.7831551142417014e-17,0.05949983856178588
0.0,0.14358497175156987,0.0,-0.03551041036581332,1.7634670516467225e-17,0.05969052846579676
0.0,0.14358497175156987,0.0,-0.03571296198829103,1.663105161146647e-17,0.059880173733194195
0.0,0.14358497175156987,0.0,-0.03591574092233006,1.6234058102097063e-17,0.06006877913124215
0.0,0.14358497175156987,0.0,-0.036118746129361196,1.5614904260831847e-17,0.060256349357175776
0.0,0.14358497175156987,0.0,-0.03632197665349163,1.457880369743577e-17,0.06044288904078113
0.0,0.14358497175156987,0.0,-0.03652543162797664,1.5180992847583345e-17,0.06062840274732005
0.0,0.14358497175156987,0.0,-0.0367291102825314,1.5952001920814335e-17,0.06081289498072506
0.0,0.14358497175156987,0.0,-0.03693301195096396,1.522549849887677e-17,0.06099637018676088
0.0,0.14358497175156987,0.0,-0.03713713607959115,1.592593010546791e-17,0.0611788327562907
0.0,0.14358497175156987,0.0,-0.03734148223640953,1.4656564972830887e-17,0.061360287028862814
0.0,0.14358497175156987,0.0,-0.03754605012118953,1.468953533506233e-17,0.06154073729650526
0.0,0.14358497175156987,0.0,-0.037750839576251076,1.490663990259782e-17,0.06172018780761085
0.0,0.14358497175156987,0.0,-0.037955850598551256,1.3383773065334006e-17,0.06189864277122602
0.0,0.14358497175156987,0.0,-0.03816108335253852,1.1895508815240006e-17,0.062076106361410095
0.0,0.14358497175156987,0.0,-0.03836653818471888,1.1545378801438314e-17,0.0622525827223047
0.0,0.14358497175156987,0.0,-0.03857221563915678,1.2051508135376725e-17,0.062428075973021524
0.0,0.14358497175156987,0.0,-0.03877811647479226,8.942297750072025e-18,0.06260259021339604
0.0,0.14358497175156987,0.0,-0.038984241684665015,6.474264561056505e-18,0.06277612953023615
0.0,0.14358497175156987,0.0,-0.039190592516518574,4.723623811892053e-18,0.06294869800336665
0.0,0.14358497175156987,0.0,-0.039397170496457856,3.1279270903337072e-18,0.06312029971352508
0.0,0.14358497175156987,0.0,-0.03960397745421962,2.161149198737032e-18,0.06329093874961089
0.0,0.14358497175156987,0.0,-0.03981101555190884,-2.341257518456594e-18,0.06346061921765639
0.0,0.14358497175156987,0.0,-0.04001828731559793,-1.728227008060273e-18,0.06362934525032424
0.0,0.14358497175156987,0.0,-0.04022579567060618,-2.8837120639448976e-18,0.06379712101737227
0.0,0.14358497175156987,0.0,-0.04043354398094136,-3.6637147925045914e-18,0.06396395073750473
0.0,0.14358497175156987,0.0,-0.04064153609325041,-2.3492915948517152e-18,0.06412983869122776
0.0,0.14358497175156987,0.0,-0.040849776386445734,-3.39457820833696e-18,0.06429478923571101
0.0,0.14358497175156987,0.0,-0.04105826982725801,1.0777532344626294e-18,0.0644588068210229
0.0,0.14358497175156987,0.0,-0.041267022032888415,-1.2751113399530642e-18,0.0646218960086247
0.0,0.14358497175156987,0.0,-0.04147603934212235,-5.880829134270468e-19,0.06478406149254876
0.0,0.14358497175156987,0.0,-0.04170216627814257,2.4402614042989914e-19,0.06491289945330309
0.0,0.14358497175156987,0.0,-0.04194851944980446,9.931040499634246e-19,0.065002068401926
0.0,0.14358497175156987,0.0,-0.04221577553444421,1.8707908291782552e-18,0.06504987016611347
0.0,0.14358497175156987,0.0,-0.04250465997007229,2.488720599449206e-18,0.06505449142087684
0.0,0.14358497175156987,0.0,-0.04281595202914332,2.3430883275708096e-18,0.06501399213257629
0.0,0.14358497175156987,0.0,-0.043150490584384735,2.6460639374734298e-18,0.06492629245686268
0.0,0.14358497175156987,0.0,-0.04350918068551938,3.516196077991462e-18,0.06478915783001457
0.0,0.14358497175156987,0.0,-0.04389300108887455,5.0336659703159284e-18,0.06460018193753553
0.0,0.14358497175156987,0.0,-0.04430301291492442,5.538622903460765e-18,0.06435676718017434
0.0,0.14358497175156987,0.0,-0.044740369644723346,6.335636170440834e-18,0.06405610216960667
0.0,0.14358497175156987,0.0,-0.04520632871795821,7.621074812739023e-18,0.06369513568441316
0.0,0.14358497175156987,0.0,-0.04570226505410266,7.987306546951303e-18,0.0632705463770042
0.0,0.14358497175156987,0.0,-0.04622968690223472,8.372392457334903e-18,0.06277870735521578
0.0,0.14358497175156987,0.0,-0.046790254524052034,9.487781329822388e-18,0.06221564453202724
0.0,0.14358497175156987,0.0,-0.04738580235422963,9.832439029057508e-18,0.06157698735080079
0.0,0.14358497175156987,0.0,-0.04801836545815212,1.0121272045540564e-17,0.060857910104460344
0.0,0.14358497175156987,0.0,-0.048690211347491144,1.020301930710162e-17,0.060053061556336856
0.0,0.14358497175156987,0.0,-0.04940387853530822,1.0636905382839168e-17,0.059156479878039146
0.0,0.14358497175156987,0.0,-0.05016222365468106,1.1670838858544272e-17,0.058161488978985126
0.0,0.14358497175156987,0.0,-0.0509684795735681,1.2898998204722424e-17,0.05706057099534257
0.0,0.14358497175156987,0.0,-0.05182632780017604,1.480969337916151e-17,0.05584520788012458
0.0,0.14358497175156987,0.0,-0.05273998969929215,1.6673200859392162e-17,0.054505682424597496
0.0,0.14358497175156987,0.0,-0.05371434282846662,1.7736331324312642e-17,0.053030825255320775
0.0,0.14358497175156987,0.0,-0.054755071354720034,1.8665072942323458e-17,0.05140768874592576
0.0,0.14358497175156987,0.0,-0.05586886353621226,1.9288502196563044e-17,0.04962112030342488
0.0,0.14358497175156987,0.0,-0.05706367550783105,2.0051554311155556e-17,0.04765319434609019
0.0,0.14358497175156987,0.0,-0.0583490906058132,2.058787318837868e-17,0.04548244135597764
0.0,0.14358497175156987,0.0,-0.05973681994825464,1.9553289358206678e-17,0.04308277798648952
0.0,0.14358497175156987,0.0,-0.061241418160102895,2.1285046173020335e-17,0.04042198362729618
0.0,0.14358497175156987,0.0,-0.06288133832604241,2.3376073419670272e-17,0.037459464888433894
0.0,0.14358497175156987,0.0,-0.06468054415378768,2.6343579370839107e-17,0.03414285591695419
0.0,0.14358497175156987,0.0,-0.0666710834748716,2.7961864931795326e-17,0.030402620770275585
0.0,0.14358497175156987,0.0,-0.06889742307732358,2.7424579197099486e-17,0.026143017205382254
0.0,0.14358497175156987,0.0,-0.07142426338427664,3.134587018430239e-17,0.021225922322884762
0.0,0.14358497175156987,0.0,-0.0743519337280613,3.719278579291252e-17,0.015439240770267836
0.0,0.14358497175156987,0.0,-0.0778506352985862,3.640815637138235e-17,0.008427395346402404
0.0,0.14358497175156987,0.0,-0.08225139806131146,4.049737782667926e-17,-0.0004905914751802687
0.0,0.14358497175156987,0.0,-0.08836898640993224,4.719762714437555e-17,-0.012952162254297756
0.0,0.14358497175156987,0.0,-0.09673183218968359,4.947441844941529e-17,-0.02994572162744958
0.0,0.14358497175156987,0.0,-0.09750804014153228,4.919909100355036e-17,-0.027842484384167324
0.0,0.14358497175156987,0.0,-0.08951165828069128,-7.541696968853409e-17,-0.031108343935128013
0.0,0.14358497175156987,0.0,-0.06871018848393892,-7.422236838258349e-17,-0.01679010327911757
0.0,0.14358497175156987,0.0,-0.0644707340846407,1.632706584178023e-16,-0.021461148004599792
0.0,0.14358497175156987,0.0,-0.04218684131855882,1.605694284409188e-16,-0.008439152104831732
0.0,0.14358497175156987,0.0,-0.041225495628018236,1.681782371302771e-16,-0.01382338888090396
0.0,0.14358497175156987,0.0,-0.01766521598412557,1.5997357637045806e-16,-0.002098714615018496
0.0,0.14358497175156987,0.0,-0.019528794757221895,3.6519340773276875e-16,-0.0077161163150283735
0.0,0.14358497175156987,0.0,0.0011912347010437328,3.6195677285386965e-16,0.0014424798214532145
0.0,0.14358497175156987,0.0,0.0004854863546237681,3.5771628990276663e-16,0.00302147606560154
0.0,0.14358497175156987,0.0,-0.0002328506687043659,3.5368726455652294e-16,0.0045939932087835506
0.0,0.14358497175156987,0.0,-0.0009636435075890716,3.496219591671849e-16,0.006160047990275211
0.0,0.14358497175156987,0.0,-0.025679989754514167,2.6568959736492163e-16,-0.0007271992617318007
0.0,0.14358497175156987,0.0,-0.00093830749321527,2.7426728194292823e-16,0.009884136753871627
0.0,0.14358497175156987,0.0,-0.025854610239859084,3.7455982651385144e-16,0.002998123371709238
0.0,0.14358497175156987,0.0,-0.0009480544928845321,3.734671386176386e-16,0.013585348636813509
0.0,0.14358497175156987,0.0,-0.026062837345346805,2.752752387369078e-16,0.006698765471294832
0.0,0.14358497175156987,0.0,-0.0009930312119431663,2.8511328236234295e-16,0.017263385312788475
0.0,0.14358497175156987,0.0,-0.026304805396501454,4.010875616412948e-16,0.010374424547277994
0.0,0.14358497175156987,0.0,-0.0010733828375320068,3.9995967412063748e-16,0.02091794845345865
0.0,0.14358497175156987,0.0,-0.026580647219665764,2.4621995398574984e-16,0.014024798192255827
0.0,0.14358497175156987,0.0,-0.001189253023054785,2.488740120071074e-16,0.02454873974487655
0.0,0.14358497175156987,0.0,-0.026890494127168256,4.955685825709307e-16,0.017649584098055095
0.0,0.14358497175156987,0.0,-0.0013407838725721828,4.830386231790424e-16,0.028155460903577123
0.0,0.14358497175156987,0.0,-0.027234475902527987,2.863297433995009e-16,0.02124848007258582
0.0,0.14358497175156987,0.0,-0.0015281159253010424,2.9876048873666915e-16,0.031737813693232496
0.0,0.14358497175156987,0.0,-0.027612720785784577,4.772310189526998e-16,0.02482118405701468
0.0,0.14358497175156987,0.0,-0.0017513881401954295,4.822928769224128e-16,0.035295499941092545
0.0,0.14358497175156987,0.0,-0.028025355458850067,5.088852653582032e-16,0.028367394143174574
0.0,0.14358497175156987,0.0,-0.002010737880506649,4.951450893682937e-16,0.03882822155485643
0.0,0.14358497175156987,0.0,-0.02847250503089703,2.6429175031861563e-16,0.031886808590800717
0.0,0.14358497175156987,0.0,-0.0023063008985001604,2.729660152336396e-16,0.04233568053981582
0.0,0.14358497175156987,0.0,-0.028954293023890784,4.449187900785534e-16,0.035379125845457736
0.0,0.14358497175156987,0.0,-0.002638211320112816,4.4408819575962637e-16,0.045817579015674105
0.0,0.14358497175156987,0.0,-0.029470841358133083,2.5003475147439974e-16,0.03884404455616069
0.0,0.14358497175156987,0.0,-0.003006601629855058,2.6626611909619264e-16,0.049273619234294116
0.0,0.14358497175156987,0.0,-0.030022270337931225,6.189363413908939e-16,0.042281263593498125
0.0,0.8952223435989299,0.0,0.019880202275242162,6.136756308547208e-16,0.0656972710261808
0.0,0.14433585823693185,0.0,-0.030585430100875083,8.986835739910591e-16,0.045703462854394555
0.0,0.8997921129498219,0.0,0.018936997750632227,8.865280585978122e-16,0.06907917894465682
0.0,0.14509055979009158,0.0,-0.031185706315804744,-6.4433284202812046e-18,0.04909544473308895
0.0,0.9043884788870953,0.0,0.017957684891441058,5.776436729154705e-18,0.07242213216102453
0.0,0.14584909916980887,0.0,-0.031823226678724746,1.5376683252758305e-16,0.052456879368448506
0.0,0.9090114514436717,0.0,0.01694225905818833,1.5034181359603682e-16,0.07572563301332384
0.0,0.14661149912213042,0.0,-0.03249811703042524,-4.784846710468406e-16,0.05578743708638051
0.0,0.913661039982812,0.0,0.015890720249082897,-4.68269479020405e-16,0.0789891825796998
0.0,0.1473777823797335,0.0,-0.033210501336937384,-5.202786811838646e-16,0.05908678842098929
0.0,0.9183372532011166,0.0,0.014803073132626765,-5.047622752022972e-16,0.082212280718619
0.0,0.14814797166127333,0.0,-0.0339605016700506,-5.316633497044327e-16,0.062354604136064744
0.0,0.9230400991315295,0.0,0.013679327079663592,-5.253636856830672e-16,0.08539442611008388
0.0,0.14892208967073414,0.0,-0.03474823818775007,-4.1951187069130583e-16,0.06559055524664412
0.0,0.9277695851463563,0.0,0.012519496195244536,-4.115259632956097e-16,0.08853511629701598
0.0,0.14970015909678372,0.0,-0.0355738291148472,-1.0095652994461402e-15,0.06879431304100206
0.0,0.9325257179602867,0.0,0.011323599349782118,-9.770139276015835e-16,0.0916338477281024
0.0,0.15048220261213185,0.0,-0.036437390723586226,-2.9696512423880194e-15,0.07196554910279546
0.0,0.9373085036334255,0.0,0.010091660209859923,-2.939098858137504e-15,0.09469011580106532
0.0,0.1512682428728924,0.0,-0.03733903731421638,-3.3939016316815042e-15,0.07510393533327644
0.0,0.942117947574338,0.0,0.008823707268695255,-3.3324399386267152e-15,0.09770341490651283
0.0,0.15205830251794877,0.0,-0.03827888119577353,-2.5635356771407616e-15,0.07820914397412676
0.0,0.9469540545430978,0.0,0.007542582975217441,-2.567033805662722e-15,0.10072040388020413
0.0,0.15285240416832357,0.0,-0.03922505598172373,-3.0665214344358202e-15,0.0813216349251846
0.0,0.9518168286543469,0.0,0.006251692847722737,-3.074621632544659e-15,0.10374802699669608
0.0,0.15365057042655136,0.0,-0.040172701115543774,-3.0494300399349844e-15,0.0844474374716962
0.0,0.9567062733803655,0.0,0.004951007139029356,-3.0583979001386397e-15,0.10678616790494064
0.0,0.15445282387605566,0.0,-0.04112174979097831,-2.0670590604522964e-15,0.08758646728453016
0.0,0.9616223915541482,0.0,0.0036404963784555967,-2.071712629225841e-15,0.10983470905513064
0.0,0.15525918708052927,0.0,-0.042072134766196645,-2.10536770616245e-15,0.09073863885550254
0.0,0.96656518537249,0.0,0.0023201313789825116,-2.1131724004882173e-15,0.11289353170260695
0.0,0.15606968258331846,0.0,-0.043023788367779287,-2.147397907280225e-15,0.09390386549629132
0.0,0.9715346563990844,0.0,0.0009898832445099561,-2.1519380990833e-15,0.11596251591221521
0.0,0.15688433290681073,0.0,-0.04397664249537387,-2.5990831137504552e-15,0.09708205933822486
0.0,0.9765308055676275,0.0,-0.00035027662281409723,-2.6060968675444027e-15,0.11904154056245013
0.0,0.1577031605518265,0.0,-0.04493062862600244,-3.1578699509711345e-15,0.10027313133170573
0.0,0.9815536331849312,0.0,-0.0017003765153809358,-3.166655253729265e-15,0.12213048335041521
0.0,0.15852618799701443,0.0,-0.04588567781863622,-3.662582848724122e-15,0.10347699124591257
0.0,0.9866031389340459,0.0,-0.0030604444128298543,-3.671881700412745e-15,0.12522922079670487
0.0,0.15935343769825022,0.0,-0.04684172071894064,-2.4790745544682713e-15,0.10669354766912904
0.0,0.9916793218773983,0.0,-0.004430507974734226,-2.4864422280810728e-15,0.12833762825038628
0.0,0.9132432836519712,0.0,-0.034500956074333,-2.084362370487591e-15,0.11450633320729944
0.0,0.9975344865054462,0.0,-0.005797310086236776,-2.0910208671962302e-15,0.13146015894067878
0.0,0.9191068509749176,0.0,-0.03595377619976929,-2.1283327255422377e-15,0.11755661416207411
0.0,1.0034205958318405,0.0,-0.007174669968075689,-2.141822128280083e-15,0.1345919110714098
0.0,0.9250012886848192,0.0,-0.037416983726983925,-2.179751334492027e-15,0.1206156969680367
0.0,1.0093376693634069,0.0,-0.008562623363038677,-2.1859075109992096e-15,0.13773275309654048
0.0,0.930926615118161,0.0,-0.038890607270521016,-2.6852832191066106e-15,0.12368344977227118
0.0,1.0152857259726864,0.0,-0.009961205754977755,-2.6935592138101115e-15,0.14088255228938665
0.0,0.9368828479706041,0.0,-0.04037467514497954,-1.2934814189059933e-15,0.12675973956209413
0.0,1.0212647839005295,0.0,-0.011370452361510545,-1.298588819192666e-15,0.144041174749201
0.0,0.9428700042995058,0.0,-0.04186921535806621,-1.0810513235512298e-15,0.12984443217173178
0.0,1.0272748607587001,0.0,-0.012790398126538366,-1.081832261846964e-15,0.1472084854074595
0.0,0.9488881005264463,0.0,-0.043374255603505996,-1.602843088229214e-15,0.13293739228933968
0.0,1.033315973532494,0.0,-0.0142210777130187,-1.6071745598295806e-15,0.15038434803506914
0.0,0.9549371524397715,0.0,-0.04488982325424586,-1.5717696053715955e-15,0.13603848346440794
0.0,1.0393881385833759,0.0,-0.015662525495490492,-1.5773626991202844e-15,0.15356862524936266
0.0,0.9610171751971461,0.0,-0.04641594535527433,-1.5413490247844555e-15,0.13914756811493226
0.0,1.0454913716516203,0.0,-0.0171147755527786,-1.5476299417681673e-15,0.15676117852185018
0.0,0.9671281833281216,0.0,-0.0479526486167422,-1.7825808447374676e-15,0.14226450753541647
0.0,1.0516256878589778,0.0,-0.018577861660481504,-1.789153975184976e-15,0.1599618681853503
0.0,0.9732701907367105,0.0,-0.04949995940701207,-2.578919794365163e-15,0.14538916190490853
0.0,1.0577911017113435,0.0,-0.020051817283732676,-2.5903243148565897e-15,0.16317055344255868
0.0,0.979443210703983,0.0,-0.05105790374546919,-2.9933465366620304e-15,0.1485213902947709
0.0,1.0639876271014463,0.0,-0.02153667556962823,-2.9997745273946853e-15,0.16638709237386215
0.0,0.9856472558906638,0.0,-0.052626507295912506,-3.5306318471988634e-15,0.15166105067812324
0.0,1.0702152773115545,0.0,-0.023032469339884287,-3.534832088096599e-15,0.16961134194566804
0.0,0.991882338339754,0.0,-0.05420579535922674,-3.005847587534322e-15,0.15480799993763622
0.0,1.0764740650161868,0.0,-0.024539231083492603,-3.0123427947366974e-15,0.1728431580197716
0.0,0.9981484694791556,0.0,-0.0557957928666311,-3.558180343137843e-15,0.15796209387512308
0.0,1.0827640022848448,0.0,-0.026056992949176096,-3.562386237429582e-15,0.17608239536153425
0.0,1.0044456601243132,0.0,-0.057396524372736686,-3.525236061893574e-15,0.1611231872208523
0.0,1.0890851005847577,0.0,-0.02758578673802032,-3.5340881948374676e-15,0.1793289076495741
0.0,1.010773920480869,0.0,-0.05900801404846004,-2.982483184606475e-15,0.1642911336427329
0.0,1.095437370783639,0.0,-0.02912564389614393,-2.9958841586040816e-15,0.18258254748537994
0.0,1.017133260147328,0.0,-0.06063028567427667,-1.9584387591682138e-15,0.16746578575647214
0.0,1.1018208231524595,0.0,-0.030676595507181666,-1.968094016294853e-15,0.18584316640263726
0.0,1.0235236881177383,0.0,-0.06226336263320004,-1.0030727065562877e-15,0.17064699513545387
0.0,1.1082354673682382,0.0,-0.03223867228493444,-1.0004345959188138e-15,0.18911061487768727
0.0,1.0299452127843831,0.0,-0.06390726790401331,-2.8844542630418604e-16,0.1738346123213224
0.0,1.1146813125168409,0.0,-0.033811904565890415,-2.8793005319362845e-16,0.1923847423393878
0.0,1.0363978419404867,0.0,-0.06556202405416559,7.31545722972418e-17,0.17702848683406036
0.0,1.1211583670957972,0.0,-0.035396322302017745,6.296161308765283e-17,0.1956653971801637
0.0,1.042881582782931,0.0,-0.06722765323323542,-1.1987912047893668e-16,0.18022846718347912
0.0,1.127666639017134,0.0,-0.03699195505315055,-1.1662613824951591e-16,0.19895242676629551
0.0,1.0493964419149902,0.0,-0.06890417716589446,-8.584730245375942e-16,0.1834344008799707
0.0,1.1342061356102227,0.0,-0.03859883197979977,-8.596262197990267e-16,0.20224567744932914
0.0,1.0559424253490723,0.0,-0.07059161714507448,1.205575977104297e-15,0.1866461344457733
0.0,1.1407768636246354,0.0,-0.040216981835789534,1.2057990923450099e-15,0.20554499457750822
0.0,1.0625195385094812,0.0,-0.07228999402529421,2.5642435305805725e-16,0.18986351342685057
0.0,1.1473788292330298,0.0,-0.04184643296075677,2.6031023297402163e-16,0.2088502225068381
0.0,1.069127786235184,0.0,-0.07399932821597763,-1.3768611194021236e-15,0.19308638240495654
0.0,1.1540120380340348,0.0,-0.04348721327300514,-1.3856369900010128e-15,0.21216120461347188
0.0,1.0757671727826,0.0,-0.07571963967447382,-1.0948411911661313e-15,0.19631458500922877
0.0,1.16067649505516,0.0,-0.045139350262171196,-1.1005435132950062e-15,0.21547778330580114
0.0,1.0824377018283968,0.0,-0.07745094789954261,-9.044931545192307e-16,0.19954796392901922
0.0,1.1673722047557198,0.0,-0.04680287098184262,-8.959818072270935e-16,0.21879980003646626
0.0,1.0891393764723052,0.0,-0.07919327192469326,8.025951592918892e-16,0.2027863609266296
0.0,1.174099171029769,0.0,-0.048477802042389884,8.02967180248596e-16,0.22212709531529629
0.0,1.0958721992399423,0.0,-0.08094663031148054,3.2839217573540667e-15,0.2060296168500328
0.0,1.1808573972090615,0.0,-0.05016416960370055,3.2861514230428847e-15,0.225459508722213
0.0,1.1026361720856532,0.0,-0.08271104114294735,4.315460935872816e-15,0.20927757164609878
0.0,1.1876468860660152,0.0,-0.05186199936801348,4.316486893733101e-15,0.22879687892040623
0.0,1.1094312963953676,0.0,-0.0844865220169949,6.862993738365592e-15,0.21253006437413757
0.0,1.1944676398167013,0.0,-0.05357131657259161,6.8787938439814536e-15,0.23213904366951713
0.0,1.116257572989463,0.0,-0.08627309004000096,6.15454429860521e-15,0.2157869332197161
0.0,1.2013196601238465,0.0,-0.055292145982768326,6.159041292105962e-15,0.2354858398397019
0.0,1.1231150021256497,0.0,-0.08807076182017846,5.318813774824532e-15,0.21904801550828884
0.0,1.2082029480998493,0.0,-0.057024511884671135,5.325816746786908e-15,0.2388371034253689
0.0,1.130003583501869,0.0,-0.0898795534612303,2.702108815608579e-15,0.22231314771984306
0.0,1.215117504309818,0.0,-0.0587684380781643,2.7081511806255263e-15,0.24219266955930913
0.0,1.1369233162592,0.0,-0.09169948055595625,3.961879684944348e-15,0.22558216550314755
0.0,1.2220633287746179,0.0,-0.060523947869817116,3.977550441260385e-15,0.24555237252745965
0.0,1.14387419898479,0.0,-0.09353055817976899,3.0490552672056247e-15,0.22885490369043698
0.0,1.2290404209739432,0.0,-0.0622910640659068,3.043844182934072e-15,0.24891604578337911
0.0,1.15085622971479,0.0,-0.0953728008845695,1.0191597181304121e-16,0.23213119631261941
0.0,1.2360487798494009,0.0,-0.06406980896533464,9.811481187233073e-17,0.25228352196319376
0.0,1.1578694059373118,0.0,-0.0972262226924129,4.3568228393436576e-16,0.23541087661453167
0.0,1.2430884038076093,0.0,-0.06586020435281421,4.454891360291965e-16,0.25565463290119156
0.0,1.1649137245953993,0.0,-0.09909083708917236,9.012112359353262e-16,0.23869377707001352
0.0,1.2501592907233223,0.0,-0.06766227149184474,9.015260563152218e-16,0.25902920964486525
0.0,1.1719891820900095,0.0,-0.10096665701864836,3.720412158389045e-15,0.2419797293984161
0.0,1.2572614379425608,0.0,-0.06947603111789905,3.740407361166404e-15,0.26240708247087
0.0,1.1790957742830137,0.0,-0.10285369487621021,3.804043949503795e-15,0.2452685645798998
0.0,1.2643948422857691,0.0,-0.07130150343171432,3.809745999596616e-15,0.26578808090123734
0.0,1.1862334965002146,0.0,-0.1047519625028728,2.286965806739509e-15,0.2485601128720081
0.0,1.2715595000509845,0.0,-0.07313870809229513,2.289356951106172e-15,0.26917203371905446
0.0,1.193402343534371,0.0,-0.10666147117934086,1.6984834844928955e-15,0.25185420382630364
0.0,1.2787554070170264,0.0,-0.07498766421047881,1.6989354535342367e-15,0.2725587689856575
0.0,1.2006023096482508,0.0,-0.10858223161992059,3.799034784248103e-16,0.2551506663047427
0.0,1.2859825584467042,0.0,-0.07684839034198841,3.892160876012886e-16,0.27594811405670644
0.0,1.2078333885776862,0.0,-0.11051425396683628,3.1223949959103058e-15,0.25844932849700325
0.0,1.2932409490900396,0.0,-0.07872090448105316,3.132494462248749e-15,0.2793398955997528
0.0,1.2150955735346523,0.0,-0.11245754778425956,3.935000180053771e-15,0.2617500179374413
0.0,1.3005305731875128,0.0,-0.08060522405371531,3.928778418016314e-15,0.28273393961112364
0.0,1.2223888572103618,0.0,-0.11441212205272241,2.6779400533591058e-17,0.265052561522941
0.0,1.3078514244733208,0.0,-0.08250136591132189,3.794938849113376e-17,0.28613007143334673
0.0,1.2297132317783714,0.0,-0.11637798516330417,-1.0275905167203904e-15,0.2683567855302756
0.0,1.3152034961786594,0.0,-0.08440934632422095,-1.0278564425196388e-15,0.2895281157732279
0.0,1.2370686888977085,0.0,-0.11835514491205802,-1.9160615747453608e-15,0.2716625156341099
0.0,1.3225867810350214,0.0,-0.08632918097518849,-1.91195287810768e-15,0.2929278967194479
0.0,1.2444552197160088,0.0,-0.12034360849451486,-5.306633102255204e-15,0.27496957692542745
0.0,1.3300012712775136,0.0,-0.08826088495326012,-5.3189848004667984e-15,0.29632923776096703
0.0,1.25187281487268,0.0,-0.12234338250012429,-3.1282730848003323e-15,0.278277793929598
0.0,1.3374469586481936,0.0,-0.09020447274738652,-3.1489264681489457e-15,0.2997319618053614
0.0,1.2593214645020705,0.0,-0.12435447290699177,-4.133337933281364e-15,0.28158699062536313
0.0,1.3449238343994283,0.0,-0.09215995824028923,-4.15207643246242e-15,0.3031358911975248
0.0,1.2668011582366623,0.0,-0.12637688507638387,-3.1022720314848917e-15,0.2848969904634251
0.0,1.3524318892972653,0.0,-0.09412735470229855,-3.126785839456336e-15,0.3065408477385081
0.0,1.2743118852102786,0.0,-0.1284106237476428,-3.064635850868013e-15,0.2882076163858151
0.0,1.359971113624832,0.0,-0.0961066747853074,-3.0665789542880168e-15,0.309946652704587
0.0,1.281853634061308,0.0,-0.13045569303291316,-1.7918169990175086e-15,0.2915186908450245
0.0,1.3675414971857482,0.0,-0.09809793051687421,-1.814708458831208e-15,0.31335312686689165
0.0,1.2894263929359484,0.0,-0.13251209641209205,-1.8172585387962035e-15,0.29483003582359546
0.0,1.3751430293075635,0.0,-0.1001011332941615,-1.840385778739588e-15,0.31676009051061504
0.0,1.2970301494914616,0.0,-0.13457983672785362,-4.93317605675181e-15,0.29814147285406983
0.0,1.3827756988452102,0.0,-0.10211629387822815,-4.9697405268807115e-15,0.3201673634549954
0.0,1.3046648908994571,0.0,-0.1366589161805093,-3.4513817455459842e-15,0.3014528230383437
0.0,1.3904394941844815,0.0,-0.1041434223882839,-3.4638187570795456e-15,0.3235747650734221
0.0,1.3123306038491787,0.0,-0.13874933632364106,-2.558518729039852e-15,0.3047639070690501
0.0,1.3981344032455283,0.0,-0.10618252829581638,-2.5659524651610303e-15,0.3269821143131623
0.0,1.3200272745508217,0.0,-0.14085109805887458,-2.923160087074594e-15,0.3080745452488721
0.0,1.4058604134863755,0.0,-0.10823362041929656,-2.9361361101496776e-15,0.33038922971652335
0.0,1.3277548887388637,0.0,-0.14296420163131082,-1.2271426253200596e-15,0.31138455751123184
0.0,1.4136175119064605,0.0,-0.11029670691846656,-1.2402164930709165e-15,0.33379592944107916
0.0,1.3355134316754078,0.0,-0.14508864662531867,-2.3298139020936135e-16,0.3146937634421741
0.0,1.4214056850501984,0.0,-0.11237179528895251,-2.4229882680957703e-16,0.33720203128039716
0.0,1.343302888153556,0.0,-0.1472244319594648,3.3943155313652673e-16,0.3180019822999264
0.0,1.4292249190105546,0.0,-0.11445889235693305,3.4264440546514525e-16,0.3406073526854255
0.0,1.3511232425007893,0.0,-0.14937155588263343,3.647903622800708e-15,0.32130903303720204
0.0,1.4370751994326578,0.0,-0.1165580042739099,3.6545862557223315e-15,0.34401171078557385
0.0,1.358974478582374,0.0,-0.15153001596952706,2.3257353099563297e-15,0.3246147343222953
0.0,1.4449565115174217,0.0,-0.11866913651151528,2.3345733527819103e-15,0.3474149224100386
0.0,1.366856579804785,0.0,-0.15369980911634515,2.113591507727971e-15,0.3279189045603305
0.0,1.4528688400251895,0.0,-0.12079229385646764,2.1114404651658148e-15,0.35081680410982824
0.0,1.3747695291191464,0.0,-0.15588093153700774,3.5492205779351984e-15,0.3312213619157708
0.0,1.460812169279412,0.0,-0.12292748040570527,3.542379170912811e-15,0.35421717217944926
0.0,1.3827133090246955,0.0,-0.1580733787588094,4.385829646527726e-15,0.3345219243336881
0.0,1.4687864831703354,0.0,-0.1250746995611576,4.388349376569912e-15,0.35761584267837176
0.0,1.3906879015722582,0.0,-0.1602771456188702,8.162705117712509e-15,0.33782040956253523
0.0,1.4767917651587195,0.0,-0.1272339540254073,8.184486361685936e-15,0.36101263145422113
0.0,1.398693288367758,0.0,-0.1624922262599842,8.739613100531198e-15,0.34111663517591573
0.0,1.484827998279577,0.0,-0.12940524579678503,8.759512026872455e-15,0.36440735416456027
0.0,1.4067294505757273,0.0,-0.16471861412728306,9.7900448278694e-15,0.34441041859569105
0.0,1.4928951651459361,0.0,-0.13158857616481354,9.80861930111551e-15,0.36779982629951613
0.0,1.4147963689228544,0.0,-0.16695630196438102,1.0454869492112927e-14,0.3477015771141755
0.0,1.5009932479526302,0.0,-0.1337839457057281,1.0481672980283588e-14,0.37118986320462016
0.0,1.4228940237015422,0.0,-0.16920528181012012,8.982729994309889e-15,0.35098992791734573
0.0,1.509122228480106,0.0,-0.13599135427815023,9.00169293062469e-15,0.37457728010370334
0.0,1.4310223947734892,0.0,-0.17146554499502947,3.949513938056169e-15,0.35427528810759085
0.0,1.5172820880982594,0.0,-0.13821080101881733,3.9524748774131034e-15,0.3779618921218848
0.0,1.4391814615732903,0.0,-0.1737370821382418,1.038347874332452e-15,0.3575574747272395
0.0,1.5254728077702977,0.0,-0.1404422843384245,1.0444010261615495e-15,0.3813435143089687
0.0,1.4473712031120631,0.0,-0.17601988314425554,4.9729006997880574e-15,0.360836304781516
0.0,1.5336943680566208,0.0,-0.1426858019175975,4.99194220543615e-15,0.384721961662701
0.0,1.4555915979810914,0.0,-0.1783139371999873,1.1848650713103836e-14,0.36411159526234504
0.0,1.5419467491187362,0.0,-0.14494135070301456,1.1910070311560488e-14,0.38809704915253196
0.0,1.4638426243554872,0.0,-0.18061923277168576,1.1344728099924916e-14,0.367383163171567
0.0,1.5502299307231882,0.0,-0.14720892690343726,1.1391069984611025e-14,0.39146859174289755
0.0,1.4721242599978808,0.0,-0.18293575760259456,1.426173491366281e-14,0.37065082554558976
0.0,1.5585438922455268,0.0,-0.14948852598620108,1.428405731352149e-14,0.3948364044174537
0.0,1.4804364822621308,0.0,-0.1852634987096871,1.3204132447121214e-14,0.37391439947811006
0.0,1.5668886126742867,0.0,-0.15178014267364662,1.3244499000055083e-14,0.39820030220317776
0.0,1.488779268097054,0.0,-0.18760244238160415,1.1214617895837041e-14,0.3771737021451636
0.0,1.575264070615009,0.0,-0.1540837709394177,1.1241569855291279e-14,0.40156010019375393
0.0,1.4971525940501769,0.0,-0.18995257417607583,8.502767850323234e-15,0.3804285508289347
0.0,1.583670244294275,0.0,-0.1563994040054192,8.536767022035188e-15,0.4049156135747218
0.0,1.5055564362715155,0.0,-0.192313878917527,1.1240306202224772e-14,0.3836787629418585
0.0,1.5921071115637762,0.0,-0.15872703433852756,1.1244210445631142e-14,0.4082666576474584
0.0,1.5139907705173714,0.0,-0.19468634069512297,8.459328265899068e-15,0.386924156051592
0.0,1.600574649904411,0.0,-0.16106665364729514,8.482607265343002e-15,0.41161304785327935
0.0,1.5224555721541542,0.0,-0.19706994286047824,9.112503487177832e-15,0.39016454790500044
0.0,1.6090728364304014,0.0,-0.16341825287940367,9.133555801828635e-15,0.41495459979900157
0.0,1.5309508161622265,0.0,-0.19946466802597176,6.388270528302347e-15,0.39339975645310715
0.0,1.6176016478934472,0.0,-0.16578182221841298,6.4117751682752806e-15,0.41829112928077483
0.0,1.539476477139774,0.0,-0.20187049806288404,5.165068328857226e-15,0.39662959987603685
0.0,1.6261610606869037,0.0,-0.16815735108138608,5.177293085880641e-15,0.42162245230950157
0.0,1.5480325293066983,0.0,-0.20428741409966644,7.987797160241049e-15,0.3998538966074118
0.0,1.6347510508499852,0.0,-0.17054482811616256,8.010635145499668e-15,0.4249483851355314
0.0,1.5566189465085305,0.0,-0.20671539652052354,6.107794460155249e-15,0.4030724653596871
0.0,1.6433715940720053,0.0,-0.1729442411989204,6.116481076824616e-15,0.428268744273685
0.0,1.5652357022203742,0.0,-0.2091544249640878,6.125079467597415e-15,0.40628512514931137
0.0,1.652022665696639,0.0,-0.1753555774319749,6.1337800425992415e-15,0.4315833465285379
0.0,1.5738827695508717,0.0,-0.21160447832194282,6.142391461736163e-15,0.40949169532138097
0.0,1.660704240726216,0.0,-0.1777788231415813,6.147803852232638e-15,0.4348920090196531
0.0,1.5825601212461944,0.0,-0.21406553473776013,6.156423484455429e-15,0.41269199557531155
0.0,1.6694162938260475,0.0,-0.1802139638758858,6.16181914502551e-15,0.4381945492068008
0.0,1.5912677296940572,0.0,-0.21653757160622086,8.52242511546547e-15,0.4158858459900183
0.0,1.6781587993287792,0.0,-0.18266098440309525,8.551470485393507e-15,0.4414907849153625
0.0,1.6000055669277604,0.0,-0.21902056557220284,1.1408023786654262e-14,0.4190730670493774
0.0,1.6869317312387788,0.0,-0.18511986870968192,1.143623702450195e-14,0.44478053436179893
0.0,1.6087736046302565,0.0,-0.22151449253008737,8.394913992382951e-15,0.42225347966751353
0.0,1.695735063236549,0.0,-0.18759059999886998,8.413673773227647e-15,0.44806361617931745
0.0,1.6175718141382431,0.0,-0.22401932762310273,9.86982681933763e-15,0.4254269052141745
0.0,1.704568768683177,0.0,-0.19007316068911775,9.90452994602705e-15,0.4513398494432662
0.0,1.6264001664462835,0.0,-0.2265350452432332,9.918480364984294e-15,0.428593165540984
0.0,1.7134328206248133,0.0,-0.19256753241284758,9.953380987186141e-15,0.45460905369694093
0.0,1.6352586322109481,0.0,-0.2290616190305531,7.229980791126754e-15,0.43175208300616247
0.0,1.7223271917971845,0.0,-0.19507369601532526,7.24016679638266e-15,0.4578710489772513
0.0,1.644147181754993,0.0,-0.23159902187345802,1.0500934248742507e-14,0.4349034805008207
0.0,1.7312518546301339,0.0,-0.19759163155360138,1.0528151588081194e-14,0.4611256558405568
0.0,1.6530657850715558,0.0,-0.2341472259084882,1.6299327358217324e-14,0.4380471814744442
0.0,1.7402067812522053,0.0,-0.2001213182956482,1.6349438145187118e-14,0.46437269538817816
0.0,1.6620144118283844,0.0,-0.23670620252063032,1.5472830899139177e-14,0.44118300996069504
0.0,1.7491919434952448,0.0,-0.2026627347197307,1.54701919780211e-14,0.467611989292565
0.0,1.6709930313720935,0.0,-0.2392759223434575,1.0455273723355508e-14,0.44431079060281625
0.0,1.7582073128990503,0.0,-0.2052158585138543,1.0491701227117712e-14,0.47084335982313485
0.0,1.6800016127324453,0.0,-0.2418563552599544,4.8235059998309496e-15,0.44743034868018405
0.0,1.7672528607160483,0.0,-0.20778066657527686,4.84651718569716e-15,0.4740666298718541
0.0,1.6890401246266633,0.0,-0.24444747040279566,5.977513158401758e-15,0.4505415101333401
0.0,1.7763285579160073,0.0,-0.21035713501038597,6.024124950445373e-15,0.47728162297948296
0.0,1.6981085354637724,0.0,-0.24704923615535093,9.86612006424554e-16,0.45364410159026725
0.0,1.7854343751907824,0.0,-0.21294523913459193,9.820000911869242e-16,0.4804881633613965
0.0,1.7072068133489717,0.0,-0.2496616201525409,5.650488991146868e-15,0.45673795039203136
0.0,1.7945702829591033,0.0,-0.2155449534723037,5.669460287306325e-15,0.48368607593316437
0.0,1.7163349260880272,0.0,-0.2522845892819076,1.3617114171574193e-14,0.45982288461867193
0.0,1.8037362513713882,0.0,-0.21815625175741785,1.3685018183631514e-14,0.4868751863372983
0.0,1.7254928411917072,0.0,-0.2549181096849705,7.916906066337735e-15,0.46289873311498525
0.0,1.812932250314603,0.0,-0.22077910693343825,7.91491104593433e-15,0.49005532096822757
0.0,1.7346805258802398,0.0,-0.2575621467584852,7.713830871870071e-15,0.465965325516314
0.0,1.8221582494171509,0.0,-0.22341349115419823,7.726577409351641e-15,0.49322630699872605
0.0,1.7438979470877998,0.0,-0.26021666515620495,3.894859278210067e-15,0.46902249227458925
0.0,1.8314142180538013,0.0,-0.2260593757847133,3.8810433224055255e-15,0.4963879724061513
0.0,1.753145071467036,0.0,-0.26288162879024396,2.0587637463246e-15,0.4720700646833045
0.0,1.8407001253506576,0.0,-0.22871673140169405,2.089949494530413e-15,0.49954014599717717
0.0,1.762421865393613,0.0,-0.2655570008334962,4.581970132350428e-15,0.47510787490460404
0.0,1.850015940190162,0.0,-0.2313855277950698,4.584293052364615e-15,0.5026826574349654
0.0,1.771728294970805,0.0,-0.26824274372111034,-2.2765619620107474e-15,0.4781357559935311
0.0,1.8593616312161383,0.0,-0.23406573396889632,-2.286342978844714e-15,0.5058153372640968
0.0,1.7810643260341046,0.0,-0.27093881915309015,-3.717145544669014e-15,0.48115354192473986
0.0,1.8687371668388755,0.0,-0.23675731814285772,-3.735007077807639e-15,0.5089380169365355
0.0,1.7904299241558719,0.0,-0.2736451880964865,-4.625208832708001e-15,0.4841610676176007
0.0,1.8781425152402456,0.0,-0.23946024775388708,-4.640508606443092e-15,0.5120505288376556
0.0,1.7998250546500156,0.0,-0.27636181078788935,-5.308144238967944e-16,0.4871581689618393
0.0,1.8875776443788728,0.0,-0.24217448945782896,-5.49894191835331e-16,0.5151527063114494
0.0,1.8092496825767064,0.0,-0.27908864673619377,1.0171911932241239e-15,0.4901446828429877
0.0,1.8970425219953282,0.0,-0.2449000091314572,1.0342196766212193e-15,0.5182443836867414
0.0,1.818703772747122,0.0,-0.28182565472547194,6.110859738599268e-15,0.49312044716813
0.0,1.9065371156173807,0.0,-0.24763677187432456,6.119349228456518e-15,0.5213253963017465
0.0,1.828187289728228,0.0,-0.2845727928178637,2.7209306511369127e-15,0.49608530089082814
0.0,1.916061392565274,0.0,-0.25038474201134725,2.750642997769007e-15,0.5243955805307011
0.0,1.837700197847597,0.0,-0.2873300183568671,2.4110216301644085e-15,0.49903908403665675
0.0,1.9256153199570625,0.0,-0.2531438830950401,2.4016658663331542e-15,0.5274547738085837
0.0,1.8472424611982512,0.0,-0.2900972879706099,-7.607727060775808e-15,0.5019816377283167
0.0,1.935198864713974,0.0,-0.25591415790805755,-7.637818006470877e-15,0.5305028146562688
0.0,1.8568140436435505,0.0,-0.2928745575754217,-3.0157007060732815e-15,0.5049128042108936
0.0,1.944811993565829,0.0,-0.258695528466165,-3.0472844655357325e-15,0.533539542706283
0.0,1.866414908822114,0.0,-0.29566178237937,1.3789891830110486e-15,0.5078324268763492
0.0,1.9544546730564867,0.0,-0.2614879560211742,1.3618177398579992e-15,0.5365647987278196
0.0,1.8760450201527714,0.0,-0.2984589168863328,6.293131064989495e-15,0.5107403502892859
0.0,1.9641268695493599,0.0,-0.2642914010638695,6.310180622783117e-15,0.5395784246511656
0.0,1.8857043408395588,0.0,-0.3012659148997732,6.082657680462227e-15,0.5136364202109519
0.0,1.973828549232949,0.0,-0.2671058233276485,6.091103801890827e-15,0.5425802635935778
0.0,1.8953928338767467,0.0,-0.30408272952704046,2.726831385277671e-16,0.5165204836242894
0.0,1.9835596781264409,0.0,-0.26993118179167874,2.660835677729457e-16,0.545570159883031
0.0,1.9051104620539012,0.0,-0.30690931318364356,1.4615055035471892e-16,0.5193923887583869
0.0,1.9933202220853379,0.0,-0.27276743468491466,1.3742527382356336e-16,0.5485479590839365
0.0,1.9148571879609968,0.0,-0.3097456175978576,3.3891768998247184e-15,0.5222519851130482
0.0,2.0031101468071504,0.0,-0.2756145394896507,3.3979543953831595e-15,0.5515135080206834
0.0,1.9246329739935466,0.0,-0.3125915938152259,6.190354174544257e-15,0.5250991234827241
0.0,2.012929417837117,0.0,-0.2784724529457973,6.2053438940507424e-15,0.5544666548029128
0.0,1.9344377823577896,0.0,-0.3154471922036391,6.4575890752999504e-15,0.5279336559812113
0.0,2.0227780005739913,0.0,-0.2813411310550158,6.466433669940103e-15,0.5574072488493875
0.0,1.9442715750759096,0.0,-0.3183123624581293,6.475149976212418e-15,0.5307554360650955
0.0,2.032655860275865,0.0,-0.2842205290850003,6.4840089038370214e-15,0.5603351409117994
0.0,1.9541343139912866,0.0,-0.32118705360627775,6.492738541989861e-15,0.5335643185582054
0.0,2.042562962066043,0.0,-0.28711060157427504,6.5016118293890864e-15,0.5632501830994425
0.0,1.9640259607738024,0.0,-0.32407121401322386,6.5103548250345195e-15,0.5363601596743764
0.0,2.0524992709389673,0.0,-0.2900113023368134,6.519242499023909e-15,0.5661522289024458
0.0,1.9739464769251744,0.0,-0.3269647913876083,6.527998877825847e-15,0.539142817042145
0.0,2.0624647517661963,0.0,-0.2929225844670625,6.5324521963695086e-15,0.5690411332156595
0.0,1.9838958237843354,0.0,-0.3298677327869222,6.541215462974042e-15,0.5419121497270858
0.0,2.0724593693024254,0.0,-0.2958444003451107,6.5456494394653845e-15,0.5719167523622765
0.0,1.9938739625328534,0.0,-0.33277998462353897,6.554419569445259e-15,0.5446680182555222
0.0,2.082483088191565,0.0,-0.2987767016418471,6.558834163685947e-15,0.5747789441166585
0.0,2.0038808542003945,0.0,-0.3357014926707607,6.567611132557197e-15,0.5474102846375654
0.0,2.092535872972878,0.0,-0.30171943932462675,6.572006304919414e-15,0.5776275677277175
0.0,2.013916459670224,0.0,-0.33863220206879974,9.785163679914102e-15,0.5501388123893487
0.0,2.1026176880871477,0.0,-0.3046725636630412,9.80123050364062e-15,0.5804624839422867
0.0,2.02398073968476,0.0,-0.3415720573314619,6.591721455026013e-16,0.5528534665563284
0.0,2.1127284978829275,0.0,-0.30763602423446157,6.6397852874875e-16,0.583283555026782
0.0,2.0340736548511558,0.0,-0.34452100235240307,1.452539402237473e-16,0.555554113735154
0.0,2.122868266622823,0.0,-0.3106097699304883,1.7235792123355697e-16,0.5860906447907325
0.0,2.0441951656469377,0.0,-0.3474789804120414,3.695479222980375e-15,0.5582406220962133
0.0,2.133036958489838,0.0,-0.3135937489629062,3.702624102620295e-15,0.588883618608391
0.0,2.054345232425682,0.0,-0.35044593418426107,4.252020832985411e-16,0.5609128614052771
0.0,2.143234537593775,0.0,-0.31658790887029764,4.506486959689321e-16,0.5916623434413113
0.0,2.06452381542274,0.0,-0.3534218057435024,-5.6241227406158675e-15,0.5635707030453286
0.0,2.1534609679776935,0.0,-0.31959219652459225,-5.640124744087458e-15,0.594426687859822
0.0,2.074730874761,0.0,-0.3564065365721686,-2.7267075105285097e-15,0.5662140200385761
0.0,2.163716213624421,0.0,-0.32260655813788497,-2.731390625365105e-15,0.597176522065008
0.0,2.084966370456711,0.0,-0.35940006756758175,-1.39997780400003e-15,0.5688426870666925
0.0,2.1740002384631265,0.0,-0.3256309392694153,-1.4336174997016791e-15,0.5999117179097218
0.0,2.0952302624253334,0.0,-0.36240233904998703,-3.049171465121683e-15,0.5714565804930344
0.0,2.1843130063759473,0.0,-0.32866528483280305,-3.068520096974835e-15,0.602632148920244
0.0,2.105522510487452,0.0,-0.36541329076994444,-4.425447862445719e-15,0.5740555783825606
0.0,2.1946544812046827,0.0,-0.3317095391032814,-4.449370501754921e-15,0.6053376903165224
0.0,2.115843074374728,0.0,-0.36843286191627406,-8.535196089584002e-15,0.5766395605227006
0.0,2.2050246267575373,0.0,-0.3347636457254604,-8.608885115237088e-15,0.6080282190337176
0.0,2.1261919137359095,0.0,-0.3714609911241969,-1.272394908274365e-14,0.5792084084436225
0.0,2.2154234068159355,0.0,-0.3378275477208404,-1.2782257930560204e-14,0.6107036137416377
0.0,2.136568988142866,0.0,-0.3744976164835524,-2.1327269892686977e-14,0.5817620054386076
0.0,2.225850785141391,0.0,-0.3409011874958101,-2.1434470997769852e-14,0.6133637548654619
0.0,2.1469742570967094,0.0,-0.37754267554699444,-1.7179392709574352e-14,0.5843002365831076
0.0,2.236306725482439,0.0,-0.3439845068499454,-1.7298346311890334e-14,0.6160085246058474
0.0,2.1574076800339315,0.0,-0.38059610533863225,-8.840865214881637e-15,0.5868229887545398
0.0,2.246791191581638,0.0,-0.3470774469838866,-8.844233656521166e-15,0.6186378069574616
0.0,2.1678692163326057,0.0,-0.38365784236279893,-1.3612653102190708e-14,0.5893301506516997
0.0,2.2573041471826234,0.0,-0.3501799485083082,-1.369259608635228e-14,0.6212514877296994
0.0,2.1783588253186457,0.0,-0.3867278226128628,-1.4275602302148097e-14,0.5918216128135292
0.0,2.2678455560372406,0.0,-0.3532919514522277,-1.4354493947711606e-14,0.623849454564733
0.0,2.188876466272106,0.0,-0.389805981580177,-1.282037489832621e-14,0.5942972676373734
0.0,2.278415381912733,0.0,-0.3564133952718672,-1.2894932274745746e-14,0.6264315969560518
0.0,2.19942209843353,0.0,-0.39289225426347524,-1.476278324644831e-14,0.5967570093981379
0.0,2.2890135885989986,0.0,-0.3595442188599492,-1.484779060384442e-14,0.6289978062679581
0.0,2.209995681010371,0.0,-0.39598657517798874,-1.2153323715072529e-14,0.5992007342653534
0.0,2.299640139915919,0.0,-0.3626843605545846,-1.2191956516403713e-14,0.6315479757525299
0.0,2.220597173183445,0.0,-0.39908887836509815,-1.522924425721844e-14,0.6016283403214849
0.0,2.3102949997207505,0.0,-0.3658337581490205,-1.531574673711997e-14,0.6340820005685913
0.0,2.231226534113455,0.0,-0.40219909740190063,-1.4182128752397384e-14,0.6040397275788764
0.0,2.320978131915587,0.0,-0.3689923489008137,-1.4252065780845504e-14,0.6365997777978476
0.0,2.2418837229475503,0.0,-0.4053171654112642,-6.571132836069247e-15,0.6064347979976168
0.0,2.331689500454897,0.0,-0.37216006954191955,-6.6094672475154315e-15,0.6391012064631612
0.0,2.252568698825963,0.0,-0.40844301507150194,-4.829961147507985e-16,0.6088134555012338
0.0,2.34242906935312,0.0,-0.37533685628848945,-4.684058034345679e-16,0.6415861875450042
0.0,2.263281420888686,0.0,-0.4115765786267818,5.259190392920325e-15,0.6111756059939205
0.0,2.353196802692352,0.0,-0.3785226448510091,5.274536038731694e-15,0.6440546239977689
0.0,2.2740218482822123,0.0,-0.4147177878972839,9.859579869062593e-15,0.6135211573762218
0.0,2.3639926646300853,0.0,-0.381717370444681,9.905161234675106e-15,0.6465064207665094
0.0,2.28478994016633,0.0,-0.41786657428971197,9.919029153471378e-15,0.6158500195609702
0.0,2.3748166194070386,0.0,-0.38492096779968843,9.964824533163132e-15,0.6489414848018331
0.0,2.295585655720983,0.0,-0.42102286880785633,5.800120986480966e-15,0.6181621044884137
0.0,2.385668631355051,0.0,-0.3881333711721758,5.805717931359565e-15,0.6513597250764961
0.0,2.306408954153172,0.0,-0.42418660206343306,4.463459587356911e-15,0.6204573261415908
0.0,2.396548664905054,0.0,-0.3913545143548114,4.496365916276179e-15,0.6537610525997158
0.0,2.317259794703942,0.0,-0.42735770428694736,3.4468146944615003e-15,0.6227356005608042
0.0,2.407456684595127,0.0,-0.39458433068796905,3.4275392905666394e-15,0.656145380432272
0.0,2.3281381366554044,0.0,-0.43053610533872655,-6.607666336001563e-16,0.6249968458578864
0.0,2.4183926550786206,0.0,-0.39782275307084,-6.701172505032182e-16,0.6585126237009664
0.0,2.3390439393378353,0.0,-0.4337217347201477,1.4616745245432134e-15,0.6272409822301572
0.0,2.4293565411323637,0.0,-0.40106971397277397,1.4745819063721124e-15,0.6608626996122374
0.0,2.349977162136825,0.0,-0.43691452158517197,-2.1993039655526102e-15,0.6294679319745998
0.0,2.440348307664956,0.0,-0.4043251454450013,-2.221889640708108e-15,0.6631955274666066
0.0,2.360937764500509,0.0,-0.440114394751535,-4.072769868562458e-15,0.6316776195000052
0.0,2.451367919725128,0.0,-0.40758897913209136,-4.08710573356802e-15,0.6655110286711621
0.0,2.3719257059468335,0.0,-0.44332128271272,-3.1652299566687733e-15,0.6338699713408521
0.0,2.462415342510199,0.0,-0.4108611462838976,-3.2056449617334884e-15,0.6678091267525323
0.0,2.3829409460709075,0.0,-0.4465351136495095,2.387325809609308e-15,0.6360449161689626
0.0,2.4734905413745985,0.0,-0.4141415777680037,2.3739543799127033e-15,0.6700897473707563
0.0,2.3939834445524157,0.0,-0.4497558154420016,6.7527210084288774e-15,0.638202384805838
0.0,2.484593481838499,0.0,-0.41743020408128434,6.784532281180408e-15,0.6723528183291698
0.0,2.405053161163084,0.0,-0.4529833156818993,7.579103461525679e-15,0.640342310234849
0.0,2.495724129596508,0.0,-0.42072695536283644,7.559382995454732e-15,0.6745982695879496
0.0,2.416150055774228,0.0,-0.4562175416843819,1.8873886440811115e-15,0.6424646276115626
0.0,2.5068824505264566,0.0,-0.4240317614063159,1.9318454243615812e-15,0.6768260332746112
0.0,2.4272740883643578,0.0,-0.459458420500732,4.313652096530211e-15,0.6445692742753066
0.0,2.5180684106982825,0.0,-0.42734455167277147,4.316897639743861e-15,0.6790360436953261
0.0,2.438425219026851,0.0,-0.46270587893076465,1.2452659927636206e-14,0.6466561897595224
0.0,2.529281976382995,0.0,-0.4306652553034043,1.2456547080174319e-14,0.6812282373449808
0.0,2.4496034079777047,0.0,-0.465959843535318,1.1513086538445617e-14,0.6487253158012805
0.0,2.5405231140617235,0.0,-0.4339938011328218,1.1506763291979778e-14,0.6834025529178366
0.0,2.4608086155633355,0.0,-0.4692202406493674,6.371651237682492e-15,0.650776596352042
0.0,2.5517917904348693,0.0,-0.43733011770211305,6.380575741498676e-15,0.685558931316926
0.0,2.4720408022684826,0.0,-0.47248699639453,1.1241979167012276e-14,0.6528099775856248
0.0,2.563087972431349,0.0,-0.44067413327225696,1.1289378805504072e-14,0.6876973156630373
0.0,2.483299928724141,0.0,-0.4757600366924315,1.4880915572611382e-14,0.654825407908127
0.0,2.574411627217921,0.0,-0.4440257758378736,1.4873657325237858e-14,0.6898176513045676
0.0,2.494585955715606,0.0,-0.4790392872775645,5.748640686557489e-15,0.6568228379651735
0.0,2.5857627222086146,0.0,-0.4473849731405286,5.7452070331480424e-15,0.6919198858244531
0.0,2.5058988441905594,0.0,-0.4823246737108853,5.260592800109211e-15,0.6588022206510978
0.0,2.597141225074254,0.0,-0.45075165268311523,5.273661381008616e-15,0.694003969049806
0.0,2.517238555267251,0.0,-0.485616121393023,1.1546254231445549e-14,0.6607635111155834
0.0,2.6085471037520858,0.0,-0.4541257417434385,1.1597771300172333e-14,0.6960698530581086
0.0,2.528605050242745,0.0,-0.48891355557792027,6.3126734527055e-15,0.6627066667711345
0.0,2.6199803264554906,0.0,-0.4575071673886154,6.324210617966323e-15,0.698117492185068
0.0,2.5399982906012353,0.0,-0.4922169013864292,6.000148342443684e-15,0.6646316472996531
0.0,2.6314408616838083,0.0,-0.46089585648939907,6.023371411018166e-15,0.7001468430311307
0.0,2.551418238022457,0.0,-0.49552608382011515,-2.162400301012193e-15,0.6665384146585328
0.0,2.6429286782322583,0.0,-0.4642917357346231,-2.148382773802502e-15,0.7021578644677783
0.0,2.5628648543901513,0.0,-0.4988410277752646,-4.840189917772276e-15,0.6684269330868142
0.0,2.654443745201967,0.0,-0.4676947316458525,-4.859610041624785e-15,0.7041505176431235
0.0,2.574338101800626,0.0,-0.5021616580567793,-6.21758567089629e-15,0.6702971691101726
0.0,2.6659860320100943,0.0,-0.4711047705921725,-6.280759432997847e-15,0.7061247659874724
0.0,2.5858379425713895,0.0,-0.505487899392334,-2.89922498629283e-15,0.6721490915458027
0.0,2.6775555084000686,0.0,-0.47452177880518986,-2.9038215034059977e-15,0.7080805752182904
0.0,2.597364339249862,0.0,-0.5088196764466959,-5.238442073297859e-16,0.6739826715071151
0.0,2.6891521444519304,0.0,-0.47794568239395246,-5.764637054024098e-16,0.7100179133440484
0.0,2.6089172546221664,0.0,-0.5121569138360674,1.8178551994478494e-15,0.6757978824075925
0.0,2.70077591059278,0.0,-0.4813764073604016,1.795812828579761e-15,0.7119367506692006
0.0,2.6204966517220143,0.0,-0.5154995361424614,-4.390538605292483e-15,0.6775946999639988
0.0,2.7124267776073396,0.0,-0.48481387961453976,-4.445971617176644e-15,0.7138370597967093
0.0,2.632102493839655,0.0,-0.5188474679285331,8.998730775229334e-16,0.679373102200314
0.0,2.7241047166486245,0.0,-0.48825802499007964,8.671061698649323e-16,0.7157188156317561
0.0,2.643734744530928,0.0,-0.5222006337518705,-3.4685876540504373e-15,0.6811330694490597
0.0,2.735809699248729,0.0,-0.4917087692600208,-3.5231860879189844e-15,0.7175819953839448
0.0,2.655393367626379,0.0,-0.5255589581802741,-7.411597516571046e-16,0.6828745843548685
0.0,2.7475416973297206,0.0,-0.4951660381524715,-7.612916049719431e-16,0.7194265785696494
0.0,2.6670783272404854,0.0,-0.5289223658062456,5.712265278414601e-15,0.6845976318751138
0.0,2.7593006832146676,0.0,-0.49862975736661336,5.701769921012415e-15,0.7212525470137234
0.0,2.678789587780955,0.0,-0.532290781262119,1.906904741502506e-14,0.6863021992812727
0.0,2.771086629638754,0.0,-0.502099852588728,1.912148953790246e-14,0.723059884850555
0.0,2.6905271139581055,0.0,-0.5356641292352557,1.455763877753254e-14,0.6879882761602841
0.0,2.7828995097605485,0.0,-0.505576249508329,1.4575334856198583e-14,0.7248485785245342
0.0,2.7022908707943523,0.0,-0.5390423344831752,8.211392072772414e-15,0.6896558544143947
0.0,2.7947392971733698,0.0,-0.5090588738346051,8.203959143193491e-15,0.7266186167908203
0.0,2.7140808236337746,0.0,-0.5424253218487369,8.92743420434942e-15,0.6913049282607947
0.0,2.8066059659167815,0.0,-0.5125476513128525,8.936900065781174e-15,0.7283699907147057
0.0,2.725896938151765,0.0,-0.5458130162756588,9.306887939490207e-15,0.6929354942314151
0.0,2.818499490488218,0.0,-0.5160425077409415,9.307352059323964e-15,0.7301026936709081
0.0,2.7377391803647937,0.0,-0.5492053428238917,-1.4598685547135185e-15,0.6945475511713838
0.0,2.8304198458547196,0.0,-0.5195433689862688,-1.5040246424735805e-15,0.7318167213428636
0.0,2.749607516640247,0.0,-0.552602226685307,-3.67217824734482e-15,0.6961411002379404
0.0,2.842367007464824,0.0,-0.523050161002265,-3.697482852187538e-15,0.7335120717200463
0.0,2.7615019137063626,0.0,-0.5560035931990597,-5.153255610823436e-15,0.6977161448974413
0.0,2.854340951260547,0.0,-0.526562809845712,-5.1647095551725605e-15,0.7351887450970466
0.0,2.7734223386622667,0.0,-0.559409367867644,-8.812546723447693e-15,0.6992726909239281
0.0,2.866341653689534,0.0,-0.530081241693568,-8.812819403770725e-15,0.7368467440700002
0.0,2.7853687589881106,0.0,-0.5628194763725373,-1.5040032571717808e-14,0.7008107463953814
0.0,2.8783690917173215,0.0,-0.5336053828602194,-1.507843440791022e-14,0.7384860735337451
0.0,2.797341142555288,0.0,-0.566233844590061,-1.1246892324770684e-14,0.7023303216903478
0.0,2.8904232428397356,0.0,-0.5371351598148096,-1.1322318760848696e-14,0.7401067406781188
0.0,2.8093394576367685,0.0,-0.569652398607397,-3.229884443751763e-15,0.7038314294840086
0.0,2.9025040850954333,0.0,-0.5406704991988328,-3.25455259425338e-15,0.7417087549846
0.0,2.821363672917531,0.0,-0.5730750647386607,-4.370323037016269e-15,0.7053140847438641
0.0,2.9146115970785855,0.0,-0.5442113278432519,-4.432653002522101e-15,0.7432921282200333
0.0,2.8334137575050837,0.0,-0.5765017695409169,1.3214565431711161e-15,0.706778304724412
0.0,2.926745757951683,0.0,-0.5477575727867126,1.303214661720172e-15,0.7448568744337417
0.0,2.8454896809401005,0.0,-0.5799324398303837,9.142523282671813e-15,0.7082241089619027
0.0,2.938906547458499,0.0,-0.5513091612928981,9.185311424296851e-15,0.7464030099503648
0.0,2.857591413207156,0.0,-0.583367002698878,-9.21055081790851e-16,0.7096515192689483
0.0,2.951093945937209,0.0,-0.554866020868415,-9.395678511710802e-16,0.7479305533639163
0.0,2.8697189247455626,0.0,-0.5868053855298094,-7.533505404237671e-16,0.7110605597272072
0.0,2.963307934333616,0.0,-0.5584280792811122,-7.815434039865917e-16,0.7494395255325562
0.0,2.8818721864603276,0.0,-0.5902475160147725,6.5847092160185226e-15,0.712451256681069
0.0,2.9755484942145705,0.0,-0.5619952645777309,6.577269339336376e-15,0.7509299495698568
0.0,2.8940511697331917,0.0,-0.5936933221700235,6.775863045956503e-15,0.7138236387305785
0.0,2.9878156077815063,0.0,-0.5655675051024033,6.792129411267152e-15,0.7524018508386356
0.0,2.9062558464338064,0.0,-0.5971427323528438,6.610828271014907e-15,0.7151777367229891
0.0,3.0001092578841524,0.0,-0.5691447295148211,6.603269770899732e-15,0.7538552569423186
0.0,2.918486188930998,0.0,-0.6005956752781881,6.8034112545381066e-15,0.7165135837449307
0.0,3.012429428034383,0.0,-0.5727268668085186,6.8197487014455236e-15,0.7552901977163685
0.0,2.9307421701041543,0.0,-0.6040520800353227,6.636926831133397e-15,0.717831215113556
0.0,3.0247761024202333,0.0,-0.5763138463295959,6.629249878776601e-15,0.7567067052200108
0.0,2.943023763354726,0.0,-0.6075118761044843,6.830936988667294e-15,0.7191306683672875
0.0,3.037149265920071,0.0,-0.5799055977951046,6.847345379945922e-15,0.7581048137261703
0.0,2.955330942617832,0.0,-0.6109749933734812,6.66300484614971e-15,0.7204119832558363
0.0,3.049548904116932,0.0,-0.5835020513117074,6.6552096162738514e-15,0.7594845597115811
0.0,2.9676636823739866,0.0,-0.6144413621547175,6.858440164607457e-15,0.7216752017305619
0.0,3.0619750033130106,0.0,-0.5871031373945329,6.874919361712454e-15,0.7608459818466957
0.0,2.9800219576609477,0.0,-0.6179109132018157,6.68906226633427e-15,0.7229203679334119
0.0,3.0744275505443324,0.0,-0.5907087869859594,6.681148936851738e-15,0.7621891209845402
0.0,2.99240574408567,0.0,-0.6213835777265619,6.8859207027572e-15,0.7241475281859733
0.0,3.0869065335955774,0.0,-0.594318931474595,6.902470565975447e-15,0.7635140201495112
0.0,3.0048150178363944,0.0,-0.6248592874157433,6.715099042246597e-15,0.7253567309776121
0.0,3.099411941015081,0.0,-0.5979335027142525,6.74869143540309e-15,0.7648207245254027
0.0,3.0172497556948423,0.0,-0.6283379744482305,8.533825238911333e-15,0.7265480269538391
0.0,3.1119437621300117,0.0,-0.601552433043065,8.57347033059347e-15,0.7661092814431405
0.0,3.0297099350485435,0.0,-0.6318195715118512,-3.301291962655283e-16,0.727721468903434
0.0,3.1245019870617137,0.0,-0.6051756553027141,-3.242942048067867e-16,0.7673797403680984
0.0,3.0421955339032847,0.0,-0.6353040118204365,-7.485002899075723e-15,0.728877111745565
0.0,3.137086606741249,0.0,-0.6088031028575404,-7.524622827780832e-15,0.7686321528862299
0.0,3.0547065308956807,0.0,-0.6387912291309179,-1.1477937032776616e-15,0.7300150125163097
0.0,3.1496976129250758,0.0,-0.612434709614158,-1.1855613475929557e-15,0.7698665726914445
0.0,3.06724290530587,0.0,-0.6422811577604408,-1.1809069061984983e-14,0.7311352303549521
0.0,3.162334998210967,0.0,-0.6160704100405373,-1.1890887091822373e-14,0.7710830555700106
0.0,3.0798046370703527,0.0,-0.6457737326033623,1.769960411712805e-15,0.7322378264891712
0.0,3.174998756054067,0.0,-0.6197101391858266,1.80748240245661e-15,0.7722816593870715
0.0,3.092391706794936,0.0,-0.6492688891485563,2.0113688078472672e-15,0.7333228642207218
0.0,3.187688880783158,0.0,-0.6233538326996383,2.0065264012404595e-15,0.7734624440706392
0.0,3.1050040957678346,0.0,-0.6527665634964616,-2.0448787621635106e-15,0.7343904089097137
0.0,3.200405367617118,0.0,-0.6270014268518892,-2.0986671489339594e-15,0.774625471596467
0.0,3.117641785972884,0.0,-0.6562666923763492,-2.305835088474192e-15,0.7354405279590402
0.0,3.213148212681555,0.0,-0.6306528585524255,-2.302410554121238e-15,0.7757708059718155
0.0,3.1303047601028986,0.0,-0.6597692131635123,2.7984534864111847e-15,0.7364732907983006
0.0,3.225917413025665,0.0,-0.6343080653707385,2.769310177217459e-15,0.7768985132186191
0.0,3.1429930015731617,0.0,-0.6632740638965693,3.3874233274483177e-15,0.7374887688671604
0.0,3.2387129666392567,0.0,-0.6379669855559196,3.4028271563804946e-15,0.7780086613568986
0.0,3.1557064945350612,0.0,-0.6667811832946521,5.270392829200614e-16,0.7384870355981711
0.0,3.251534872470001,0.0,-0.6416295580564835,5.271741016125834e-16,0.779101320387118
0.0,3.1684452238898473,0.0,-0.6702905107746654,2.178944664980649e-15,0.7394681663991746
0.0,3.264383130440879,0.0,-0.6452957225403597,2.13411112750344e-15,0.7801765622721153
0.0,3.1812091753025533,0.0,-0.6738019864686158,6.9027356145832635e-15,0.7404322386355743
0.0,3.277257741467829,0.0,-0.6489654194149376,6.9197191685737005e-15,0.7812344609190089
0.0,3.193998335216032,0.0,-0.677315551240955,6.7209676029515874e-15,0.7413793316119592
0.0,3.2901587074776177,0.0,-0.6526385898471523,6.75596134159734e-15,0.7822750921601609
0.0,3.2068126908651675,0.0,-0.6808311467057758,8.643522235201465e-15,0.7423095265530214
0.0,3.3030860314259094,0.0,-0.6563151757835823,8.707330420659503e-15,0.78329853373398
0.0,3.2196522302912047,0.0,-0.6843487152441814,1.3118329894001124e-14,0.7432229065845338
0.0,3.3160397173155625,0.0,-0.6599951199707093,1.296292310204843e-14,0.7843048652651691
0.0,3.232516942356237,0.0,-0.6878682000217003,7.935159698689402e-15,0.7441195567138793
0.0,3.3290197702151443,0.0,-0.6636783659751395,8.016895263037939e-15,0.7852941682446407
0.0,3.2454068167578525,0.0,-0.6913895450054367,8.660649394957465e-15,0.7449995638095083
0.0,3.3420261962776587,0.0,-0.6673648582039868,8.71024455725356e-15,0.7862665260090478
0.0,3.2583218440439152,0.0,-0.694912694981428,1.1474659033788665e-14,0.745863016580493
0.0,3.3550590027595124,0.0,-0.6710545419251313,1.1494367958924858e-14,0.7872220237194052
0.0,3.2712620156275074,0.0,-0.6984375955722315,5.772467234208793e-15,0.746710005556327
0.0,3.3681181980396997,0.0,-0.6747473632876823,5.787793745147419e-15,0.7881607483399334
0.0,3.284227323802022,0.0,-0.701964193253838,2.520114442775928e-14,0.747540623064579
0.0,3.3812037916392255,0.0,-0.6784432693425758,2.5350229043799277e-14,0.789082788616405
0.0,3.2972177617564213,0.0,-0.7054924353732727,1.9393881303490433e-14,0.7483549632098357
0.0,3.3943157942407645,0.0,-0.6821422080627592,1.9500910451515074e-14,0.7899882350529186
0.0,3.310233323590631,0.0,-0.7090222701659611,2.5755819906203047e-14,0.7491531218517093
0.0,3.407454217708544,0.0,-0.6858441283641311,2.59364175828846e-14,0.7908771798904407
0.0,3.32327400433113,0.0,-0.7125536467727182,1.2611944379794552e-14,0.749935196581442
0.0,3.4206190751084957,0.0,-0.6895489801259562,1.2648744398233293e-14,0.7917497170829921
0.0,3.336339799946665,0.0,-0.7160865152573873,2.3262259729287124e-14,0.7507012866999542
0.0,3.4338103807286364,0.0,-0.6932567142114827,2.342133456255942e-14,0.7926059422737948
0.0,3.349430707364146,0.0,-0.7196208266239966,1.93310164433012e-14,0.7514514931940879
0.0,3.4470281500996833,0.0,-0.696967282488731,1.9442582158569845e-14,0.793445952772121
0.0,3.3625467244847096,0.0,-0.7231565328339741,1.0977422280682442e-14,0.7521859187128391
0.0,3.460272400015961,0.0,-0.7006806378512533,1.1023462011859722e-14,0.7942698475284865
0.0,3.3756878501999448,0.0,-0.7266935868235558,-1.1974734169306788e-15,0.7529046675437161
0.0,3.47354314855653,0.0,-0.7043967342388093,-1.2272268376577957e-15,0.7950777271097476
0.0,3.388854084408287,0.0,-0.7302319425209206,5.128065624894862e-15,0.7536078455876767
0.0,3.4868404151065895,0.0,-0.7081155266583015,5.173435100083807e-15,0.7958696936744579
0.0,3.4020454280315833,0.0,-0.7337715548634381,3.6398656468780724e-15,0.7542955603348532
0.0,3.500164220379143,0.0,-0.7118369712045685,3.656015736839861e-15,0.796645850946954
0.0,3.4152618830318353,0.0,-0.7373123798150681,3.4923722531075365e-16,0.7549679208393374
0.0,3.5135145864369353,0.0,-0.7155610250813077,3.525159962486127e-16,0.7974063041914135
0.0,3.4285034524281084,0.0,-0.7408543743832333,1.0096977780338917e-14,0.7556250376931711
0.0,3.526891536714648,0.0,-0.7192876466220536,1.0095190027904456e-14,0.7981511601858887
0.0,3.441770140313632,0.0,-0.7443974966362513,-3.8915727589791435e-15,0.7562670230009363
0.0,3.5402950960413833,0.0,-0.7230167953111122,-3.9297246886848e-15,0.7988805271954317
0.0,3.45506195187306,0.0,-0.7479417057204076,2.997872486251935e-16,0.7568939903533071
0.0,3.553725290663426,0.0,-0.7267484318046024,3.4242629007049074e-16,0.7995945149449565
0.0,3.4683788933999278,0.0,-0.7514869618771068,8.619144920170782e-15,0.7575060548007048
0.0,3.5671821482672894,0.0,-0.7304825179514882,8.642569832099207e-15,0.8002932345917824
0.0,3.4817209723142875,0.0,-0.7550332264598917,9.551474596770396e-15,0.7581033328257264
0.0,3.5806656980030245,0.0,-0.7342190168147809,9.584464403952928e-15,0.8009767986985498
0.0,3.4950881971805265,0.0,-0.7585804619517151,-9.094362516095767e-15,0.7586859423168643
0.0,3.594175970507875,0.0,-0.7379578926924106,-9.164473329154546e-15,0.8016453212036355
0.0,3.5084805777253716,0.0,-0.7621286319818097,-2.6263793020975985e-15,0.7592540025400807
0.0,3.6077129979301645,0.0,-0.7416991111387307,-2.694890843609044e-15,0.8022989173944916
0.0,3.521898124856092,0.0,-0.7656777013427097,-4.966691758006743e-15,0.7598076341110525
0.0,3.6212768139535347,0.0,-0.7454426389854176,-4.986556376653931e-15,0.8029377038771891
0.0,3.53534085067888,0.0,-0.7692276360074859,-3.1754129219180777e-15,0.7603469589675218
0.0,3.6348674538214683,0.0,-0.7491884443628634,-3.2212927345573333e-15,0.8035617985481663
0.0,3.548808768517441,0.0,-0.77277840314639,-5.508676254140166e-15,0.7608721003398257
0.0,3.6484849543621056,0.0,-0.7529364967214286,-5.577958770264246e-15,0.8041713205644534
0.0,3.562301892931765,0.0,-0.7763299711440104,2.6535163951642933e-15,0.7613831827226262
0.0,3.662129354013403,0.0,-0.7566867668526971,2.6644864204521158e-15,0.8047663903138325
0.0,3.5758202397370984,0.0,-0.7798823096160736,6.005899564066706e-16,0.7618803318458225
0.0,3.6758006928486067,0.0,-0.7604392269107639,5.681955675601399e-16,0.8053471293842378
0.0,3.5893638260231313,0.0,-0.7834353894263992,6.788429999760661e-15,0.7623636746447404
0.0,3.6894990126020155,0.0,-0.7641938504338168,6.8012881932687864e-15,0.805913660534162
0.0,3.602932670173365,0.0,-0.7869891827036246,4.268009802034951e-15,0.7628333392306258
0.0,3.703224356695123,0.0,-0.7679506123653044,4.27356655699099e-15,0.8064661076609949
0.0,3.6165267918847075,0.0,-0.7905436628580078,3.814754413436355e-15,0.7632894548600933
0.0,3.716976770263042,0.0,-0.771709489075513,3.835913864848658e-15,0.8070045957702604
0.0,3.6301462121872428,0.0,-0.7940988045983625,9.190277520708249e-15,0.7637321519058726
0.0,3.7307563001813113,0.0,-0.7754704583829225,9.264116845590583e-15,0.807529250943845
0.0,3.643790953464253,0.0,-0.7976545839485477,8.109590157881171e-15,0.7641615618251332
0.0,3.7445629950930073,0.0,-0.7792334995758687,8.166166710062742e-15,0.8080402003088116
0.0,3.657461039472421,0.0,-0.8012109782643472,-3.995290152349877e-15,0.7645778171292136
0.0,3.7583969054362303,0.0,-0.7829985934339705,-4.010264696285276e-15,0.8085375720045124
0.0,3.6711564953622418,0.0,-0.8047679662499458,1.1489653024994244e-15,0.7649810513522343
0.0,3.7722580834719266,0.0,-0.786765722249752,1.1910843847451948e-15,0.8090214951510568
0.0,3.6848773476986874,0.0,-0.8083255279747734,-4.6971548418467e-15,0.7653713990202021
0.0,3.786146583312081,0.0,-0.7905348698502606,-4.713430104277865e-15,0.8094920998161287
0.0,3.698623624482053,0.0,-0.8118836448897377,-7.0841234896277316e-15,0.7657489956183161
0.0,3.80006246094825,0.0,-0.7943060216186988,-7.124525016502424e-15,0.809949516982243
0.0,3.7123953551690363,0.0,-0.8154422998441582,-7.609862522968048e-15,0.7661139775604934
0.0,3.814005774280504,0.0,-0.7980791645161676,-7.613359293417634e-15,0.8103938785136235
0.0,3.7261925706940495,0.0,-0.8190014771019198,3.073696102445323e-15,0.7664664821560943
0.0,3.8279765831467003,0.0,-0.8018542871033011,3.111018439521703e-15,0.8108253171223831
0.0,3.7400153034907446,0.0,-0.8225611623581301,-6.9025427429782196e-15,0.76680664757822
0.0,3.84197494935216,0.0,-0.8056313795621542,-6.967854563976497e-15,0.8112439663352756
0.0,3.753863587513779,0.0,-0.8261213427553875,-1.9551024851304816e-15,0.7671346128306274
0.0,3.8560009366997217,0.0,-0.8094104337179567,-1.950203716952008e-15,0.8116499604593072
0.0,3.767737458260792,0.0,-0.8296820069003696,2.6052980595933046e-15,0.7674505177159402
0.0,3.870054611020203,0.0,-0.8131914430609388,2.595281540610156e-15,0.8120434345475308
0.0,3.7816369527946456,0.0,-0.8332431448798802,-3.6602977969848446e-15,0.7677545028012129
0.0,3.8841360402032192,0.0,-0.8169744027682382,-3.72553075322309e-15,0.8124245243644671
0.0,3.795562109765867,0.0,-0.8368047482773059,-8.319211513403092e-15,0.7680467093856896
0.0,3.8982452942284516,0.0,-0.8207593097259434,-8.41283343857213e-15,0.8127933663518128
0.0,3.8095129694353576,0.0,-0.8403668101889025,-1.6659661359021657e-14,0.7683272794672968
0.0,3.912382445197297,0.0,-0.8245461625509143,-1.6804115706191693e-14,0.8131500975926721
0.0,3.8234895736973282,0.0,-0.8439293252398584,-1.512903901729085e-14,0.7685963557086539
0.0,3.926547567364934,0.0,-0.8283349616129583,-1.5241616336421594e-14,0.8134948557767889
0.0,3.8374919661024744,0.0,-0.8474922896005936,-1.0148220170126675e-14,0.7688540814036703
0.0,3.940740737172817,0.0,-0.8321257090567494,-1.0185015994023667e-14,0.8138277791649302
0.0,3.851520191881418,0.0,-0.8510557010027717,-1.1589235386008424e-15,0.769100600443103
0.0,3.9549620332815953,0.0,-0.8359184088242189,-1.1700006226957666e-15,0.8141490065533763
0.0,3.865574297968368,0.0,-0.8546195587554417,-4.849169625280074e-15,0.7693360572807855
0.0,3.96921153660447,0.0,-0.8397130666764965,-4.9258406680399144e-15,0.814458677237644
0.0,3.8796543330250643,0.0,-0.858183863761165,-9.85051030992025e-15,0.7695605968993533
0.0,3.983489330340976,0.0,-0.8435096902162553,-9.969737867505514e-15,0.8147569309765625
0.0,3.8937603474649505,0.0,-0.861748618531711,3.576174002026457e-15,0.7697743647748313
0.0,3.9977955000112297,0.0,-0.8473082889100222,3.598214058586468e-15,0.8150439079559867
0.0,3.907892393477612,0.0,-0.8653138272044816,-4.063985991971196e-15,0.7699775068434838
0.0,4.01213013349062,0.0,-0.851108874110481,-4.144355073396101e-15,0.8153197487519687
0.0,3.922050525053478,0.0,-0.8688794955580441,5.613590182761303e-16,0.7701701694657371
0.0,4.026493321044965,0.0,-0.8549114590789423,6.092440585103555e-16,0.8155845942941209
0.0,3.9362347980087815,0.0,-0.8724456310281843,-4.863652716596243e-15,0.7703524993916491
0.0,4.040885155366133,0.0,-0.8587160590077877,-4.910935289391372e-15,0.8158385858287739
0.0,3.9504452700107873,0.0,-0.8760122427237036,-1.3900857137223208e-14,0.7705246437257849
0.0,4.055305731608122,0.0,-0.8625226910430638,-1.4048738387764432e-14,0.816081864881786
0.0,3.9646820006032737,0.0,-0.8795793414422396,-1.1317270088343121e-14,0.7706867498920688
0.0,4.069755147423673,0.0,-0.8663313743070913,-1.1400510488119716e-14,0.8163145732211493
0.0,3.9789450512323095,0.0,-0.8831469396860313,-2.4718943157998302e-14,0.7708389655980442
0.0,4.084233503001298,0.0,-0.8701421299209946,-2.4883965286712316e-14,0.8165368528191832
0.0,3.9932344852722816,0.0,-0.8867150516777769,-1.3342541405644888e-14,0.770981438800205
0.0,4.098740901102868,0.0,-0.8739549810277315,-1.3486733085612298e-14,0.8167488458152391
0.0,4.007550368052202,0.0,-0.8902836933760209,-1.4516560080638092e-14,0.7711143176671638
0.0,4.1132774471016695,0.0,-0.8777699528147709,-1.4649163998518404e-14,0.8169506944780972
0.0,4.021892766882319,0.0,-0.8938528824911378,-8.848270949254655e-15,0.7712377505450146
0.0,4.127843249020989,0.0,-0.8815870725369832,-8.83927562682878e-15,0.8171425411668147
0.0,4.036261751080957,0.0,-0.8974226385008096,-1.7485100353513602e-14,0.7713518859208701
0.0,4.142438417573199,0.0,-0.8854063695397628,-1.7604898335887287e-14,0.8173245282938835
0.0,4.0506573920017015,0.0,-0.9009929826655655,-9.48278599715842e-15,0.7714568723870306
0.0,4.157063066199404,0.0,-0.8892278752820704,-9.546376521557145e-15,0.8174967982860286
0.0,4.065079763060828,0.0,-0.9045639380445387,2.4411630703707692e-15,0.7715528586052681
0.0,4.171717311109589,0.0,-0.8930516233595136,2.4352931026872823e-15,0.8176594935456709
0.0,4.079528939765038,0.0,-0.9081355295108275,-1.9841934784837032e-14,0.7716399932704178
0.0,4.186401271323316,0.0,-0.8968776495278077,-2.000614925387694e-14,0.8178127564127081
0.0,4.094004999739481,0.0,-0.9117077837670213,-1.9772609453045564e-14,0.7717184250741222
0.0,4.201115068710999,0.0,-0.9007059917259923,-1.9941576804810052e-14,0.8179567291254766
0.0,4.10850802275609,0.0,-0.9152807293607718,-1.4040928358850386e-14,0.771788302668767
0.0,4.215858828035715,0.0,-0.9045366901000121,-1.4134233892050067e-14,0.8180915537816562
0.0,4.123038090762181,0.0,-0.9188543967002017,-1.7573202583542824e-15,0.7718497746312979
0.0,4.230632676995584,0.0,-0.9083697870262035,-1.792112227994474e-15,0.8182173722992581
0.0,4.13759528790939,0.0,-0.9224288180692192,3.903126039909071e-15,0.7719029894260623
0.0,4.2454367462667335,0.0,-0.9122053271350665,3.899542747628497e-15,0.8183343263777514
0.0,4.152179700582906,0.0,-0.9260040276431281,6.7617839098869784e-15,0.7719480953692646
0.0,4.260271169546865,0.0,-0.9160433573351061,6.757854422904699e-15,0.8184425574581177
0.0,4.1667914174309715,0.0,-0.9295800615037845,6.5064298857261105e-15,0.7719852405919838
0.0,4.275136083599388,0.0,-0.9198839268366783,6.501948339314275e-15,0.8185422066838262
0.0,4.181430529394776,0.0,-0.9331569576551129,3.898397779108262e-15,0.7720145730033371
0.0,4.290031628298166,0.0,-0.9237270871760304,3.9172320210726816e-15,0.8186334148609238
0.0,4.196097129738562,0.0,-0.9367347560384724,6.8036592232179695e-15,0.7720362402547106
0.0,4.3049579466729,0.0,-0.9275728922395662,6.790286125239929e-15,0.818716322418418
0.0,4.21079131408014,0.0,-0.9403134985477283,6.536674067524307e-15,0.7720503897020231
0.0,4.319915184955113,0.0,-0.9314213982881652,6.532094254718903e-15,0.8187910693687109
0.0,4.225513180421661,0.0,-0.9438932290448887,3.906546090498089e-15,0.7720571683699108
0.0,4.3349034926247665,0.0,-0.9352726639815565,3.921190658005102e-15,0.8188577952671109
0.0,4.240262829180732,0.0,-0.9474739933751818,4.9829308315941496e-15,0.7720567229146007
0.0,4.349923022457536,0.0,-0.9391267504029669,4.947816101173178e-15,0.8189166391720801
0.0,4.2550403632218625,0.0,-0.9510558393824377,1.1576397313101534e-14,0.772049199587338
0.0,4.364973930572728,0.0,-0.9429837210838798,1.1648717309442124e-14,0.8189677396051289
0.0,4.269845887888231,0.0,-0.9546388169243324,3.1646403840292262e-15,0.7720347441975196
0.0,4.380056376481874,0.0,-0.946843642029004,3.1406757651466717e-15,0.8190112345103195
0.0,4.284679511033782,0.0,-0.9582229778875815,1.8128172326103075e-15,0.7720135020758342
0.0,4.3951705231379785,0.0,-0.9507065817412376,1.777599103429811e-15,0.8190472612142276
0.0,4.2995413430556635,0.0,-0.9618083762034056,-9.006197553777818e-17,0.7719856180379481
0.0,4.410316536985468,0.0,-0.9545726112469347,-9.086349901117274e-17,0.8190759563848071
0.0,4.3144314969269955,0.0,-0.9653950678625791,1.1692857670043771e-14,0.771951236347194
0.0,4.425494588010838,0.0,-0.9584418041214169,1.174224108690553e-14,0.8190974559916979
0.0,4.329350088229983,0.0,-0.9689831109308092,6.655457985007354e-15,0.7719105006780698
0.0,4.44070484979398,0.0,-0.9623142365144137,6.641231983388262e-15,0.8191118952646836
0.0,4.344297235189366,0.0,-0.9725725655639923,8.265866251647926e-15,0.7718635540794179
0.0,4.455947499560259,0.0,-0.9661899871760473,8.329627815034815e-15,0.8191194086538507
0.0,4.359273058706232,0.0,-0.9761634940233941,1.5901979613669575e-14,0.7718105389377022
0.0,4.471222718233312,0.0,-0.9700691374826347,1.5986576864200013e-14,0.819120129787792
0.0,4.374277682392143,0.0,-0.9797559606910704,1.0864038886962405e-14,0.7717515969402307
0.0,4.486530690488551,0.0,-0.9739517714628979,1.08981042639338e-14,0.8191141914332756
0.0,4.389311232603665,0.0,-0.9833500320850537,2.4957873879670202e-15,0.7716868690383737
0.0,4.501871604807478,0.0,-0.9778379758244695,2.4893885523143714e-15,0.8191017254540764
0.0,4.404373838477203,0.0,-0.986945776874664,-3.4969707979572474e-15,0.771616495411089
0.0,4.51724565353272,0.0,-0.9817278399804158,-3.5503456953849615e-15,0.819082862770018
0.0,4.419465631964227,0.0,-0.9905432658958684,-6.286081097670037e-15,0.7715406154279936
0.0,4.532653032923849,0.0,-0.9856214560760239,-6.3295958558275925e-15,0.8190577333150872
0.0,4.434586747866842,0.0,-0.9941425721665772,-6.0655868595207045e-15,0.771459367612988
0.0,4.548093943213996,0.0,-0.9895189190159348,-6.103625580294116e-15,0.8190264659971939
0.0,4.449737323873743,0.0,-0.9977437709020284,-1.995936234006561e-15,0.7713728896072675
0.0,4.563568588667272,0.0,-0.9934203264914602,-2.004278812461513e-15,0.8189891886559888
0.0,4.464917500596499,0.0,-1.001346939530135,-5.860800740015345e-15,0.771281318133131
0.0,4.579077177636972,0.0,-0.9973257790080909,-5.9275150393083305e-15,0.8189460280219466
0.0,4.480127421606248,0.0,-1.0049521577068803,2.3419651101199263e-15,0.7711847889574575
0.0,4.594619922624657,0.0,-1.0012353799132874,2.257875701687588e-15,0.8188971096742997
0.0,4.495367233470741,0.0,-1.0085595073318607,-4.933737252426865e-15,0.7710834368548956
0.0,4.61019704034002,0.0,-1.0051492354246072,-4.989884805953793e-15,0.8188425580000156
0.0,4.510637085791773,0.0,-1.012169072563681,-1.1656058917129003e-14,0.7709773955718886
0.0,4.625808751761642,0.0,-1.0090674546579927,-1.1789919199760429e-14,0.8187824961514995
0.0,4.525937131242975,0.0,-1.0157809398354163,-1.9874939928387313e-14,0.7708667977900081
0.0,4.641455282198608,0.0,-1.0129901496564497,-2.0011335987662355e-14,0.8187170460053955
0.0,4.54126752560802,0.0,-1.019395197870265,-1.9754961005411142e-14,0.7707517750896223
0.0,4.657136861352987,0.0,-1.0169174354189243,-1.9940457657127396e-14,0.8186463281204095
0.0,4.556628427819181,0.0,-1.0230119376971085,-1.3530351633504764e-14,0.7706324579138141
0.0,4.672853723383223,0.0,-1.0208494299296298,-1.3668341871764553e-14,0.818570461695533
0.0,4.572019999996283,0.0,-1.0266312526660828,-4.715111867162793e-15,0.770508975532117
0.0,4.688606106968441,0.0,-1.0247862541874329,-4.7422312248718735e-15,0.818489564527637
0.0,4.587442407486072,0.0,-1.0302532384644292,5.6536291048294606e-15,0.770381456004514
0.0,4.704394255373654,0.0,-1.0287280322357846,5.6322390419229585e-15,0.8184037529698942
0.0,4.602895818901941,0.0,-1.0338779931321178,2.706493172800221e-14,0.7702500261453115
0.0,4.7202184165159276,0.0,-1.0326748911929087,2.7276975628925838e-14,0.818313141889131
0.0,4.618380406164078,0.0,-1.0375056170777075,2.335802225185108e-14,0.7701148114868182
0.0,4.7360788430314855,0.0,-1.0366269612823742,2.3520730058442954e-14,0.8182178446238966
0.0,4.633896344539983,0.0,-1.0411362130941586,1.5901375264354066e-14,0.7699759362440447
0.0,4.751975792343807,0.0,-1.0405843758639668,1.597377549269392e-14,0.8181179729418901
0.0,4.649443812685426,0.0,-1.0447698863748347,1.002856168788504e-14,0.7698335232784645
0.0,4.767909526732679,0.0,-1.044547271464844,1.003258711420089e-14,0.8180136369975489
0.0,4.665022992685777,0.0,-1.0484067445295073,2.3152097723372524e-14,0.7696876940624051
0.0,4.783880313404263,0.0,-1.0485157878112634,2.3240465600357163e-14,0.8179049452891327
0.0,4.680634070097755,0.0,-1.0520468976004524,2.4415973125384428e-14,0.769538568643372
0.0,4.799888424562199,0.0,-1.0524900678606528,2.4605873696100083e-14,0.8177920046169109
0.0,4.696277233991588,0.0,-1.055690458078467,1.8625414774468962e-14,0.7693862656082217
0.0,4.8159341374797,0.0,-1.0564702578338323,1.8757561910060473e-14,0.8176749200393252
0.0,4.711952676993569,0.0,-1.059337540919332,2.0506543941472992e-14,0.7692309020481161
0.0,4.832017734572742,0.0,-1.0604565072480385,2.066639758950043e-14,0.8175537948310757
0.0,4.727660595329061,0.0,-1.0629882635599264,8.025682635611124e-15,0.7690725935225875
0.0,4.848139503474306,0.0,-1.0644489689501098,8.13296436877018e-15,0.8174287304392205
0.0,4.743401188865859,0.0,-1.0666427459348127,7.855002836454857e-15,0.7689114540246884
0.0,4.864299737109677,0.0,-1.0684477991501526,7.835366528223333e-15,0.8172998264410184
0.0,4.759174661158052,0.0,-1.0703011104927016,3.214446888402113e-15,0.7687475959450948
0.0,4.880498733772892,0.0,-1.0724531574556708,3.213446682589511e-15,0.8171671804999616
0.0,4.77498121949022,0.0,-1.0739634822129447,3.1517266388227843e-16,0.7685811300377141
0.0,4.896736797204302,0.0,-1.0764652069062473,3.25509180556133e-16,0.8170308883228022
0.0,4.790821074922132,0.0,-1.077629988622511,8.18133318852863e-15,0.7684121653840872
0.0,4.913014236669228,0.0,-1.0804841140085586,8.1672305467576e-15,0.8168910436157572
0.0,4.806694442333789,0.0,-1.0813007598124207,7.886242404173768e-15,0.7682408093584407
0.0,4.929331367037843,0.0,-1.0845100487720223,7.866308863104086e-15,0.8167477380415838
0.0,4.822601540471006,0.0,-1.0849759284551412,3.196678579334629e-15,0.7680671675928805
0.0,4.945688508866183,0.0,-1.0885431847447633,3.2416743704652675e-15,0.816601061174864
0.0,4.8385425919912795,0.0,-1.0886556298212906,3.129095889093421e-16,0.7678913439427857
0.0,4.962085988478371,0.0,-1.0925836990503548,3.7418317638754926e-16,0.816451100459
0.0,4.854517823510228,0.0,-1.0923400017969318,8.312543089711917e-15,0.7677134404516641
0.0,4.978524138050078,0.0,-1.0966317724248515,8.277272007793077e-15,0.8162979411615915
0.0,4.870527465648375,0.0,-1.096029184900896,1.506815519681021e-14,0.7675335573167705
0.0,4.995003295693192,0.0,-1.1006875892545571,1.5058644920083397e-14,0.8161416663304528
0.0,4.886571753078395,0.0,-1.0997233223022167,1.0350516760612356e-14,0.7673517928547006
0.0,5.011523805541753,0.0,-1.1047513376142593,1.0354323341543065e-14,0.8159823567494224
0.0,4.902650924572806,0.0,-1.1034225598375773,2.399898176153692e-14,0.767168243466532
0.0,5.028086017839179,0.0,-1.1088232093059385,2.411569224776964e-14,0.8158200908931661
0.0,4.918765223052095,0.0,-1.107127046029243,2.2366277356070878e-14,0.7669830036041149
0.0,5.044690289026809,0.0,-1.1129033998984874,2.252312673328166e-14,0.8156549448833261
0.0,4.934914895633273,0.0,-1.1108369321027278,7.064366540664364e-15,0.7667961657349128
0.0,5.061336981833714,0.0,-1.1169921087675894,7.047849631004621e-15,0.815486992442923
0.0,4.951100193678888,0.0,-1.1145523720047774,8.848695809154393e-15,0.7666078203086026
0.0,5.078026465367896,0.0,-1.1210895391363818,8.93430026532707e-15,0.8153163048515999
0.0,4.967321372846473,0.0,-1.118273522421752,-4.5282542569390455e-15,0.7664180557227078
0.0,5.094759115208883,0.0,-1.125195898116849,-4.588032176532104e-15,0.8151429508998862
0.0,4.983578693138454,0.0,-1.12200054279778,-2.794357422586938e-15,0.766226958288549
0.0,5.111535313501624,0.0,-1.1293113967519677,-2.7936817323667955e-15,0.8149669968442812
0.0,4.999872418952456,0.0,-1.1257335953531808,1.0745472654741647e-14,0.7660346121973073
0.0,5.128355449051891,0.0,-1.133436250058172,1.0791907344867382e-14,0.8147885063607381
0.0,5.016202819132129,0.0,-1.1294728451033127,9.29726324008204e-15,0.765841099486177
0.0,5.145219917423064,0.0,-1.137570677068921,9.341966451714416e-15,0.8146075404993054
0.0,5.032570167018374,0.0,-1.1332184598772697,1.1471863584933171e-14,0.7656465000047483
0.0,5.162129121034409,0.0,-1.1417149008788259,1.1604513386255038e-14,0.814424157637273
0.0,5.048974740501006,0.0,-1.1369706103369162,5.856577512556367e-15,0.7654508913812321
0.0,5.179083469260842,0.0,-1.145869148688495,5.848316669604232e-15,0.814238413433026
0.0,5.065416822070916,0.0,-1.1407294699961725,1.7412017282764716e-14,0.7652543489887513
0.0,5.196083378534167,0.0,-1.150033651850211,1.7553591974267583e-14,0.814050360779099
0.0,5.081896698872632,0.0,-1.1444952152402954,2.489479662434774e-14,0.7650569459120202
0.0,5.213129272445915,0.0,-1.1542086459143466,2.509500556987397e-14,0.8138600497548099
0.0,5.098414662757373,0.0,-1.1482680253455233,7.39893427282129e-15,0.7648587529137043
0.0,5.230221581851699,0.0,-1.158394370676688,7.419585580309223e-15,0.8136675275795017
0.0,5.114971010336511,0.0,-1.152048082498855,7.122352312731917e-15,0.7646598384010229
0.0,5.247360744977188,0.0,-1.1625910702263775,7.13165301785299e-15,0.8134728385640309
0.0,5.131566043035518,0.0,-1.155835571818112,1.1749743210588936e-14,0.7644602683927817
0.0,5.264547207525702,0.0,-1.1667989929949802,1.1825467165733289e-14,0.8132760240631729
0.0,5.148200067148357,0.0,-1.1596306813720283,1.3381257523836977e-14,0.7642601064854374
0.0,5.281781422787421,0.0,-1.1710183918061334,1.3248231561076109e-14,0.8130771224270055
0.0,5.164873393892298,0.0,-1.1634336022008145,1.0177195593831736e-14,0.7640594138206849
0.0,5.299063851750337,0.0,-1.1752495239266167,1.0217946959634644e-14,0.8128761689524509
0.0,5.1815863394632,0.0,-1.1672445283367021,2.1796980693541906e-15,0.7638582490516805
0.0,5.316394963212826,0.0,-1.1794926511174864,2.1327740784736656e-15,0.8126731958338518
0.0,5.198339225091261,0.0,-1.1710636568248454,5.86013102775066e-15,0.7636566683100967
0.0,5.333775233898041,0.0,-1.1837480396868834,5.922093164996214e-15,0.8124682321131196
0.0,5.215132377097197,0.0,-1.1748911877446655,9.485282713479487e-16,0.763454725173613
0.0,5.351205148570001,0.0,-1.1880159605437222,9.32259623247697e-16,0.8122613036303602
0.0,5.23196612694883,0.0,-1.1787273242308434,6.202534192498499e-16,0.763252470632109
0.0,5.368685200151509,0.0,-1.1922966892519642,6.198155870224374e-16,0.8120524329733276
0.0,5.248840811318205,0.0,-1.1825722724951073,4.374272946857933e-15,0.7630499530549851
0.0,5.38621588984392,0.0,-1.1965905060864888,4.3410499255070055e-15,0.8118416394265495
0.0,5.265756772139081,0.0,-1.1864262418481932,-4.124412940572963e-15,0.7628472181586442
0.0,5.403797727248707,0.0,-1.200897696089296,-4.202617836275387e-15,0.8116289389195226
0.0,5.282714356664885,0.0,-1.1902894447217753,-6.097058564364584e-15,0.7626443089731381
0.0,5.421431230490987,0.0,-1.2052185491277045,-6.134446620158088e-15,0.8114143439757782
0.0,5.299713917527107,0.0,-1.194162096690947,3.631590529195926e-15,0.7624412658093574
0.0,5.439116926344906,0.0,-1.2095533599527055,3.630372825979189e-15,0.8111978636600095
0.0,5.316755812794147,0.0,-1.1980444164969541,4.727103963944375e-16,0.7622381262264508
0.0,5.456855350361042,0.0,-1.2139024282591795,4.3958275073356455e-16,0.8109795035253067
0.0,5.33384040603056,0.0,-1.2019366260697633,1.4069337171827588e-14,0.7620349249985614
0.0,5.474647046995781,0.0,-1.2182660587469023,1.412167461575967e-14,0.8107592655599738
0.0,5.350968066356767,0.0,-1.205838950551756,3.334965767128464e-15,0.7618316940824894
0.0,5.492492569742683,0.0,-1.2226445611827528,3.3834955239377892e-15,0.8105371481332041
0.0,5.368139168509175,0.0,-1.2097516183208077,5.298749975554753e-15,0.7616284625845908
0.0,5.51039248126601,0.0,-1.2270382504643833,5.244120996265254e-15,0.8103131459408341
0.0,5.385354092900749,0.0,-1.2136748610143533,-6.250515725564623e-15,0.7614252567279367
0.0,5.528347353536233,0.0,-1.2314474466847858,-6.383729220591647e-15,0.8100872499499998
0.0,5.402613225681955,0.0,-1.217608913553055,9.727697613288414e-16,0.7612220998194317
0.0,5.546357767967792,0.0,-1.2358724751986083,1.0343569440526708e-15,0.8098594473433111
0.0,5.419916958802178,0.0,-1.2215540141658374,-6.030299377407561e-15,0.7610190122175697
0.0,5.5644243155589495,0.0,-1.2403136666892665,-6.051240159410813e-15,0.8096297214622673
0.0,5.437265690071492,0.0,-1.225510404413827,3.2762888334178196e-15,0.7608160112986079
0.0,5.582547597033899,0.0,-1.2447713572378256,3.212309500031159e-15,0.809398051750216
0.0,5.454659823222917,0.0,-1.229478329215769,-9.696901821764945e-15,0.7606131114243881
0.0,5.600728222987156,0.0,-1.2492458883930866,-9.796238912805559e-15,0.8091644136941745
0.0,5.472099767974998,0.0,-1.2334580368733592,2.1636580443342192e-15,0.7604103239091872
0.0,5.618966814030169,0.0,-1.2537376072430506,2.1146154682666963e-15,0.8089287787663857
0.0,5.489585940094823,0.0,-1.237449779096541,6.010122022343215e-15,0.7602076569865364
0.0,5.637264000940357,0.0,-1.258246866488037,6.000870638626739e-15,0.8086911143644641
0.0,5.507118761461436,0.0,-1.2414538110298958,1.8371232090200423e-14,0.7600051157768752
0.0,5.655620424812467,0.0,-1.2627740245150278,1.8453326851795263e-14,0.808451383751299
0.0,5.524698660129608,0.0,-1.2454703912785352,1.6520603266065012e-14,0.7598027022535857
0.0,5.674036737212381,0.0,-1.2673194454738037,1.6589508480609567e-14,0.8082095459939524
0.0,5.542326070394031,0.0,-1.2494997819350995,1.9554756452091964e-14,0.7596004152105653
0.0,5.692513600333377,0.0,-1.2718834993544181,1.9730275129495856e-14,0.8079655559012633
0.0,5.560001432853823,0.0,-1.2535422486062997,2.5987079188578336e-14,0.7593982502285723
0.0,5.711051687154942,0.0,-1.2764665620665845,2.6120617273544627e-14,0.8077193639612621
0.0,5.577725194477451,0.0,-1.2575980604406805,1.9580901064859287e-14,0.7591961996423608
0.0,5.729651681604075,0.0,-1.2810690155203612,1.9659777793340393e-14,0.8074709162769793
0.0,5.595497808667973,0.0,-1.2616674901559333,2.6608415315177287e-14,0.7589942525066589
0.0,5.748314278719262,0.0,-1.2856912477087614,2.6840971558047217e-14,0.8072201545017402
0.0,5.613319735328654,0.0,-1.2657508140671851,1.2005094321777336e-14,0.7587923945635021
0.0,5.767040184817077,0.0,-1.2903336527921392,1.2067903108322837e-14,0.8069670157730267
0.0,5.631191440928886,0.0,-1.2698483121151398,6.118777284537185e-15,0.7585906082078684
0.0,5.78583011766147,0.0,-1.2949966311840888,6.184399323206267e-15,0.8067114326454827
0.0,5.649113398570479,0.0,-1.2739602678951933,5.432320184600058e-16,0.7583888724546297
0.0,5.804684806635825,0.0,-1.29968058963937,5.542095512617038e-16,0.8064533330229602
0.0,5.6670860880542255,0.0,-1.2780869686860996,-4.11001251729381e-15,0.7581871629042083
0.0,5.823604992917866,0.0,-1.304385941343822,-4.14584073471687e-15,0.8061926400891732
0.0,5.685109995946809,0.0,-1.282228705479941,-4.790977043724914e-16,0.7579854517090441
0.0,5.842591429657281,0.0,-1.30911310600574,-5.163423228721643e-16,0.8059292722370106
0.0,5.7031856156479925,0.0,-1.2863857730117443,-8.532543069728826e-16,0.7577837075392875
0.0,5.861644882156439,0.0,-1.313862509949964,-8.439737958976491e-16,0.8056631429976566
0.0,5.721313447458065,0.0,-1.2905584697897392,1.2919909539013885e-14,0.7575818955483948
0.0,5.880766128053914,0.0,-1.3186345862131799,1.3060382204653046e-14,0.8053941609667977
0.0,5.739493998645612,0.0,-1.2947470981261826,-3.8936719277366686e-16,0.7573799773389521
0.0,5.899955957511099,0.0,-1.3234297746416246,-3.8543473770129025e-16,0.8051222297307381
0.0,5.757727783515515,0.0,-1.2989519641683342,-1.8277826212588392e-14,0.7571779109281469
0.0,5.919215173401895,0.0,-1.328248521991132,-1.8517507254360128e-14,0.8048472477907438
0.0,5.7760153234771785,0.0,-1.3031733779298924,-3.31537109109201e-15,0.756975650712802
0.0,5.938544591505513,0.0,-1.3330912820291492,-3.463103241105011e-15,0.8045691084863198
0.0,5.794357147113004,0.0,-1.3074116533228481,-1.7726351964501175e-15,0.756773147434483
0.0,5.9579450407024535,0.0,-1.3379585156387528,-1.7934799721066098e-15,0.8042876999162382
0.0,5.8127537902471085,0.0,-1.3116671081897628,-4.519559256984473e-15,0.7565703481441948
0.0,5.97741736317376,0.0,-1.342850690925273,-4.551183529217385e-15,0.8040029048588837
0.0,5.831205796014181,0.0,-1.3159400643364776,8.998028616667519e-16,0.7563671961673494
0.0,5.996962414603598,0.0,-1.3477682833252846,9.710328832789151e-16,0.8037146006906395
0.0,5.849713714928546,0.0,-1.3202308475650981,1.0207471097561274e-14,0.756163631067972
0.0,6.016581064385148,0.0,-1.3527117757174767,1.0358468416365133e-14,0.8034226593023679
0.0,5.868278104953429,0.0,-1.3245397877074656,2.0318615024042965e-14,0.755959588612497
0.0,6.036274195830018,0.0,-1.3576816585368856,2.0436090463826073e-14,0.8031269470155198
0.0,5.886899531570294,0.0,-1.3288672186592712,1.0145683217951398e-14,0.755755000734558
0.0,6.056042706381068,0.0,-1.3626784298906685,1.0165281095262196e-14,0.802827324494466
0.0,5.905578567848364,0.0,-1.3332134784141088,-8.44420759106858e-15,0.755549795497781
0.0,6.075887507828881,0.0,-1.3677025956769313,-8.530068517692774e-15,0.8025236466584864
0.0,5.924315794514236,0.0,-1.3375789090982975,1.3586473907479948e-14,0.7553438970594604
0.0,6.095809526531854,0.0,-1.3727546697065884,1.3441825448923876e-14,0.802215762592227
0.0,5.943111800021555,0.0,-1.341963857006353,-5.263468447982345e-15,0.7551372256342429
0.0,6.115809703639945,0.0,-1.3778351738268628,-5.380358015188616e-15,0.8019035154523135
0.0,5.961967180620758,0.0,-1.3463686726356903,1.5639208690039675e-15,0.7549296974553745
0.0,6.135888995322309,0.0,-1.3829446380488777,1.5830615644655825e-15,0.801586742374585
0.0,5.980882540428938,0.0,-1.3507937107239714,-7.131176849854595e-15,0.7547212247395054
0.0,6.156048372998624,0.0,-1.3880836006769117,-7.130273683214184e-15,0.8012652743768625
0.0,5.999858491499552,0.0,-1.3552393302844514,8.587486000207019e-15,0.7545117156469543
0.0,6.176288823574502,0.0,-1.3932526084414132,8.641478590259853e-15,0.8009389362615232
0.0,6.018895653892285,0.0,-1.3597058946429983,1.0054211929098593e-14,0.7543010742440242
0.0,6.196611349680835,0.0,-1.398452216634512,1.0140077348457611e-14,0.8006075465141262
0.0,6.03799465574282,0.0,-1.364193771476118,-8.825854064394672e-15,0.7540892004656427
0.0,6.217016969917177,0.0,-1.4036829892489262,-8.937906593585959e-15,0.80027091720162
0.0,6.05715613333248,0.0,-1.3687033328476554,-5.427812210454599e-15,0.7538759900748352
0.0,6.237506719099384,0.0,-1.4089454991198915,-5.485986748069287e-15,0.7999288538672185
0.0,6.076380731157915,0.0,-1.37323495524775,-5.1417167560697885e-15,0.7536613346249602
0.0,6.2580816485113715,0.0,-1.41424032806996,-5.2553254822878475e-15,0.7995811554219152
0.0,6.095669102000514,0.0,-1.3777890196309561,-6.3271098352938866e-15,0.7534451214193754
0.0,6.278742826161327,0.0,-1.4195680670579527,-6.362715707573327e-15,0.7992276140359058
0.0,6.115021906995798,0.0,-1.382365911455381,-1.9520111824475224e-14,0.7532272334717497
0.0,6.299491337042204,0.0,-1.4249293163304033,-1.96482913935004e-14,0.7988680150253652
0.0,6.134439815702539,0.0,-1.3869660207220493,9.53924508652354e-15,0.753007549465548
0.0,6.320328283396828,0.0,-1.43032468557711,9.644491246890102e-15,0.7985021367375181
0.0,6.153923506171708,0.0,-1.3915897420149501,7.87013280009087e-15,0.7527859437138289
0.0,6.341254784987452,0.0,-1.4357547940898705,7.930173949131697e-15,0.7981297504325802
0.0,6.173473665015145,0.0,-1.3962374745408521,1.7971344340434892e-14,0.7525622861170838
0.0,6.362271979370119,0.0,-1.441220270925081,1.8114365570069653e-14,0.7977506201631879
0.0,6.193090987473962,0.0,-1.40090962217066,1.1312408391343764e-14,0.7523364421230103
0.0,6.383381022173671,0.0,-1.4467217550699323,1.1239237358485609e-14,0.7973645026507105
0.0,6.212776177486597,0.0,-1.4056065934797257,9.452092872130262e-15,0.7521082726829391
0.0,6.404583087383702,0.0,-1.4522598956127721,9.583276265319768e-15,0.7969711471586909
0.0,6.2325299477565235,0.0,-1.410328801789882,1.501426121240594e-14,0.7518776342103823
0.0,6.4258793676314365,0.0,-1.4578353519170284,1.5034653561618337e-14,0.7965702953632121
0.0,6.252353019819536,0.0,-1.415076665211235,2.0850628679396422e-14,0.7516443785378164
0.0,6.447271074487599,0.0,-1.4634487937991474,2.1042797516494368e-14,0.7961616812193466
0.0,6.272246124110595,0.0,-1.4198506066842398,1.6710986094586437e-14,0.7514083528727454
0.0,6.468759438761575,0.0,-1.4691009017112122,1.6827900635954837e-14,0.7957450308255631
0.0,6.292210000030199,0.0,-1.4246510540229407,8.105908174886958e-15,0.7511693997549868
0.0,6.490345710805672,0.0,-1.4747923669272553,8.166670272462778e-15,0.7953200622839036
0.0,6.31224539601014,0.0,-1.4294784399569764,-6.802945485472634e-15,0.7509273570098484
0.0,6.512031160824876,0.0,-1.4805238917341894,-6.890139489011006e-15,0.7948864855562551
0.0,6.3323530695788115,0.0,-1.4343332021765947,-1.752635256423249e-14,0.7506820577065305
0.0,6.533817079191962,0.0,-1.4862961896271543,-1.7660915744946423e-14,0.7944440023181112
0.0,6.352533787425718,0.0,-1.4392157833749744,3.62258386535099e-15,0.750433330109203
0.0,6.555704776768267,0.0,-1.4921099855093491,3.677899161478201e-15,0.7939923058073131
0.0,6.372788325465457,0.0,-1.4441266312934533,4.786832363700694e-15,0.7501809976333751
0.0,6.577695585230121,0.0,-1.4979660158970367,4.8245767022309284e-15,0.7935310806704724
0.0,6.393117468900816,0.0,-1.4490661987653775,4.0905405290599266e-15,0.7499248787977962
0.0,6.599790857401098,0.0,-1.5038650291287101,4.1531334114275e-15,0.7930600028035337
0.0,6.413522012285188,0.0,-1.4540349437615694,2.304734352984472e-15,0.7496647871785171
0.0,6.6219919675901435,0.0,-1.5098077855794925,2.1909326900226393e-15,0.7925787391893029
0.0,6.434002759584075,0.0,-1.4590333294353006,-5.983203103105235e-15,0.7494005313603408
0.0,6.644300311935812,0.0,-1.5157950578809753,-5.9735453703735645e-15,0.7920869477313182
0.0,6.454560524235702,0.0,-1.4640618241675751,-4.492632437974544e-15,0.7491319148883263
0.0,6.666717308756626,0.0,-1.521827631145772,-4.519918662618365e-15,0.791584277081677
0.0,6.475196129210633,0.0,-1.4691209016135458,-5.6490760925152355e-15,0.7488587362198347
0.0,6.689244398907723,0.0,-1.527906303197475,-5.7678654706520626e-15,0.7910703664654088
0.0,6.495910407070409,0.0,-1.4742110407482323,5.09339298011718e-15,0.7485807886742155
0.0,6.711883046143974,0.0,-1.5340318848064936,5.0348682777476026e-15,0.7905448455003214
0.0,6.516704200025012,0.0,-1.479332725913156,1.2558764133182245e-14,0.7482978603830834
0.0,6.73463473748958,0.0,-1.5402051999311455,1.2634017669306266e-14,0.7900073340114953
0.0,6.537578359989205,0.0,-1.4844864468628602,5.852377222082986e-16,0.7480097342390593
0.0,6.757500983614404,0.0,-1.5464270859646216,5.977279055318937e-16,0.7894574418408888
0.0,6.55853374863763,0.0,-1.4896726988122757,-4.696416283265401e-15,0.7477161878454737
0.0,6.7804833192170895,0.0,-1.55269839398805,-4.821710840248821e-15,0.788894768652167
0.0,6.57957123745855,0.0,-1.4948919824832219,3.513023852950607e-15,0.7474169934628531
0.0,6.803583303415204,0.0,-1.5590199890294991,3.5166981531661627e-15,0.7883189037298498
0.0,6.600691707806254,0.0,-1.5001448041524128,-1.1693533180028413e-14,0.7471119179575694
0.0,6.826802520142396,0.0,-1.565392750328906,-1.1784135619653207e-14,0.7877294257727758
0.0,6.621896050951985,0.0,-1.5054316756990986,-6.461975277063259e-15,0.7468007227484605
0.0,6.850142578552829,0.0,-1.5718175716101574,-6.55862988740909e-15,0.7871259026828559
0.0,6.643185168133257,0.0,-1.5107531146520161,1.8475345398186537e-15,0.7464831637515994
0.0,6.873605113433151,0.0,-1.578295361359522,1.7762295175287845e-15,0.7865078913476669
0.0,6.664559970601596,0.0,-1.5161096442381583,2.4239896964403277e-16,0.7461589913270759
0.0,6.897191785621759,0.0,-1.584827043109966,1.686359337109264e-16,0.7858749374157996
0.0,6.686021379668589,0.0,-1.5215017934305144,1.5176279137386064e-14,0.7458279502232442
0.0,6.920904282436036,0.0,-1.591413555733871,1.5383581173191476e-14,0.7852265750682987
0.0,6.7075703267500035,0.0,-1.5269300969961335,2.9685181552567744e-14,0.7454897795206903
0.0,6.944744318107266,0.0,-1.5980558537415634,2.9860670729452287e-14,0.7845623267814157
0.0,6.7292077534081205,0.0,-1.5323950955443721,1.8286714100676955e-14,0.7451442125754519
0.0,6.96871363422369,0.0,-1.604754907588163,1.8318347961786734e-14,0.7838817030850245
0.0,6.75093461139199,0.0,-1.5378973355751586,1.645307904099438e-15,0.7447909769620005
0.0,6.992814000181745,0.0,-1.6115117039871183,1.6799002944542894e-15,0.7831842023122113
0.0,6.772751862675648,0.0,-1.5434373695274066,-4.550960409156008e-15,0.7444297944153284
0.0,7.017047213645636,0.0,-1.6183272462319493,-4.746837804438605e-15,0.7824693103428715
0.0,6.794660479494041,0.0,-1.5490157558271493,3.839340880779256e-15,0.7440603807720918
0.0,7.041415101015514,0.0,-1.6252025545259352,3.782678266715405e-15,0.7817365003407366
0.0,6.8166614443767095,0.0,-1.5546330589353323,4.961816090845566e-15,0.7436824459104165
0.0,7.065919517904346,0.0,-1.632138666319786,4.9813123901979844e-15,0.7809852324821097
0.0,6.838755750179038,0.0,-1.5602898493968473,6.558998917904099e-15,0.7432956936916726
0.0,7.0905623496236725,0.0,-1.6391366366571736,6.608017220929883e-15,0.780214953675817
0.0,6.860944400110936,0.0,-1.565986703887988,1.8836376104986223e-14,0.7428998218985903
0.0,7.1153455116784805,0.0,-1.6461975385295735,1.892373563770143e-14,0.779425097277598
0.0,6.883228407762905,0.0,-1.5717242052640927,1.894811748682529e-14,0.7424945221735818
0.0,7.140270950271473,0.0,-1.653322463240358,1.9036030024712395e-14,0.7786150827963663
0.0,6.905608797129251,0.0,-1.5775029426077747,6.7651718811470194e-15,0.7420794799576518
0.0,7.165340642816529,0.0,-1.6605125207758016,6.760083643379209e-15,0.777784315587992
0.0,6.928086602628512,0.0,-1.583323511275811,3.223093079018814e-14,0.7416543744267645
0.0,7.190556598462255,0.0,-1.667768840187989,3.250364731915277e-14,0.7769321865459371
0.0,6.950662869120774,0.0,-1.5891865129462799,2.7359401180084446e-14,0.7412188784282672
0.0,7.215920858625083,0.0,-1.6750925699857702,2.7569549334271486e-14,0.7760580717797678
0.0,6.97333865192181,0.0,-1.5950925556661186,1.879887815503046e-14,0.7407726584187286
0.0,7.241435497532519,0.0,-1.682484878535197,1.8913724888937908e-14,0.7751613322837785
0.0,6.996115016813974,0.0,-1.6010422538965394,2.737103706799941e-14,0.7403153743966113
0.0,7.267102622776955,0.0,-1.6899469544716335,2.7637042154850807e-14,0.7742413135991528
0.0,7.018993040053585,0.0,-1.6070362285594624,1.8811330506205607e-14,0.7398466798386136
0.0,7.29292437587964,0.0,-1.6974800071206073,1.892696554317809e-14,0.7732973454636038
0.0,7.041973808374751,0.0,-1.6130751070830844,-9.739171795148732e-15,0.7393662216331254
0.0,7.318902932865676,0.0,-1.705085266929824,-9.831760884434961e-15,0.7723287414511808
0.0,7.065058418989462,0.0,-1.6191595234467573,-2.0792304619300846e-14,0.7388736400140389
0.0,7.345040504849871,0.0,-1.7127639859129122,-2.1011967964659122e-14,0.7713347986041429
0.0,7.088247979583681,0.0,-1.6252901182247903,6.608750014951978e-15,0.738368568492216
0.0,7.371339338633838,0.0,-1.7205174381026769,6.630725578071865e-15,0.7703147970495774
0.0,7.111543608309589,0.0,-1.6314675386317279,-2.7448046510286568e-15,0.7378506337910171
0.0,7.397801717314454,0.0,-1.7283469200177513,-2.8134976808873333e-15,0.7692679996098353
0.0,7.1349464337732424,0.0,-1.637692438562911,1.23227454565181e-14,0.7373194557730294
0.0,7.424429960904193,0.0,-1.736253751139838,1.2338819124098936e-14,0.7681936513978959
0.0,7.158457595018195,0.0,-1.6439654786388727,3.329188465860066e-14,0.7367746473761445
0.0,7.4512264269632045,0.0,-1.7442392744034922,3.354338852643385e-14,0.7670909794021382
0.0,7.182078241504332,0.0,-1.650287326245281,1.1758865581190097e-14,0.7362158145409421
0.0,7.47819351124371,0.0,-1.752304856698673,1.185157447519982e-14,0.7659591920595346
0.0,7.205809533081955,0.0,-1.6566586555739935,1.517156883147691e-14,0.7356425561425386
0.0,7.505333648346745,0.0,-1.7604518893856764,1.541200397601734e-14,0.7647974788146055
0.0,7.2296526399609355,0.0,-1.6630801476620105,1.0456861633202392e-14,0.7350544639196347
0.0,7.532649312391744,0.0,-1.768681788824124,1.0549278633527494e-14,0.7636050096680884
0.0,7.253608742674741,0.0,-1.6695524904293402,-2.3955882730405463e-14,0.7344511224027831
0.0,7.560143017699092,0.0,-1.7769959969145728,-2.419996103832864e-14,0.7623809347090574
0.0,7.277679032039125,0.0,-1.676076378717539,-2.840824054187563e-14,0.7338321088462348
0.0,7.587817319485682,0.0,-1.7853959816545157,-2.8759433461431744e-14,0.7611243836350136
0.0,7.3018647091051605,0.0,-1.6826525143238575,-1.3313293658963329e-14,0.7331969931532888
0.0,7.615674814574429,0.0,-1.793883237709174,-1.3534587876050332e-14,0.7598344652579283
0.0,7.326166985106626,0.0,-1.6892816060362221,-1.6075484834343395e-14,0.7325453378055458
0.0,7.643718142117409,0.0,-1.8024592869965934,-1.633762818955696e-14,0.7585102669947106
0.0,7.350587081401395,0.0,-1.695964369666945,-1.0463195338013069e-14,0.7318766977921671
0.0,7.671949984332935,0.0,-1.8111256792876573,-1.0631581005396006e-14,0.7571508543424286
0.0,7.375126229406542,0.0,-1.7027015280832671,-3.305421944833876e-14,0.731190620535825
0.0,7.700373067257443,0.0,-1.819883992822687,-3.3349925425159727e-14,0.7557552703388499
0.0,7.399785670527067,0.0,-1.709493811237427,-1.7279481710795822e-14,0.7304866458207104
0.0,7.728990161511829,0.0,-1.8287358349435743,-1.752418200530909e-14,0.7543225350066358
0.0,7.424566656077904,0.0,-1.7163419561947555,7.13333107554233e-15,0.7297643057201098
0.0,7.757804083082903,0.0,-1.837682842741559,7.128083809258707e-15,0.752851644778278
0.0,7.449470447199163,0.0,-1.7232467071601443,-7.382465864600074e-15,0.7290231245241775
0.0,7.786817694120266,0.0,-1.8467266837242289,-7.49599419261979e-15,0.7513415719091534
0.0,7.474498314763913,0.0,-1.730208815501618,-1.050748928586478e-14,0.7282626186660361
0.0,7.816033903748756,0.0,-1.8558690564974167,-1.0685344070767003e-14,0.7497912638666373
0.0,7.499651539278833,0.0,-1.737229039772727,6.0644115830546406e-15,0.7274822966496586
0.0,7.845455668897061,0.0,-1.865111691467321,5.990996786109329e-15,0.7481996427059876
0.0,7.524931410776987,0.0,-1.7443081457326182,2.842911578321636e-14,0.7266816589778442
0.0,7.875085995142516,0.0,-1.874456351559397,2.863079511901417e-14,0.746565604423816
0.0,7.55033922870269,0.0,-1.7514469063631266,2.823614311496788e-14,0.7258601980786563
0.0,7.904927937572797,0.0,-1.8839048329575987,2.8415963274683726e-14,0.7448880182943193
0.0,7.5758763017881705,0.0,-1.758646101884017,2.5413038592622404e-14,0.7250173982341073
0.0,7.934984601664465,0.0,-1.893458965862321,2.5708449121589422e-14,0.7431657261839141
0.0,7.601543947921609,0.0,-1.765906519765228,1.876943949950631e-14,0.7241527355077455
0.0,7.965259144179102,0.0,-1.9031206152687767,1.88692166219135e-14,0.7413975418451557
0.0,7.627343494006496,0.0,-1.7732289547370779,-1.215669791998897e-14,0.7232656776746073
0.0,7.9957547740770565,0.0,-1.912891681766312,-1.235499932245181e-14,0.7395822501904308
0.0,7.653276275811651,0.0,-1.7806142087955883,-1.4129293517550331e-14,0.7223556841473163
0.0,8.026474753449557,0.0,-1.9227741023587734,-1.4352581590968413e-14,0.7377186065420622
0.0,7.67934363781209,0.0,-1.7880630912078375,-5.126379691639784e-15,0.7214222059094546
0.0,8.057422398469082,0.0,-1.9327698513070968,-5.188212053247451e-15,0.7358053358604211
0.0,7.705546933019793,0.0,-1.7955764185108616,-4.7550309887811295e-15,0.7204646854429737
0.0,8.08860108035881,0.0,-1.9428809409936116,-4.853767797968711e-15,0.7338411319468424
0.0,7.731887522804772,0.0,-1.803155014509258,6.668221997683567e-15,0.7194825566602685
0.0,8.120014226381471,0.0,-1.95310942281158,6.722176717785741e-15,0.7318246566260085
0.0,7.758366776705394,0.0,-1.810799710268556,2.0526363162954136e-14,0.7184752448365962
0.0,8.15166532084762,0.0,-1.9634573880755073,2.0675674487526717e-14,0.7297545388962492
0.0,7.784986072228252,0.0,-1.818511344105008,1.7129442308770358e-14,0.7174421665430943
0.0,8.18355790614428,0.0,-1.9739269689597618,1.7251791320411743e-14,0.7276293740626718
0.0,7.811746794636562,0.0,-1.8262907615706399,3.2961786773921785e-14,0.7163827295799376
0.0,8.215695583783974,0.0,-1.9845203394594155,3.3213750302505966e-14,0.7254477228356879
0.0,7.838650336727516,0.0,-1.8341388154351561,-5.428680989680233e-15,0.7152963329120631
0.0,8.248082015474752,0.0,-1.9952397163787052,-5.476230898105476e-15,0.7232081104058534
0.0,7.865698098597521,0.0,-1.8420563656638245,1.1219162663787191e-14,0.714182366607998
0.0,8.280720924211511,0.0,-2.0060873603457394,1.1286716661327695e-14,0.7209090254882896
0.0,7.8928914873953495,0.0,-1.8500442793887777,1.7643615883054536e-14,0.7130402117745827
0.0,8.31361609538936,0.0,-2.017065576856055,1.783692969579643e-14,0.718548919340865
0.0,7.920231917062653,0.0,-1.8581034308775903,3.9233395856388044e-14,0.7118692404987811
0.0,8.346771377938955,0.0,-2.0281767173423733,3.9443124664067016e-14,0.7161262047463051
0.0,7.947720808061618,0.0,-1.8662347014968086,2.3064675614742857e-14,0.7106688157904846
0.0,8.380190685484571,0.0,-2.039423180275637,2.3203735833399614e-14,0.7136392549677519
0.0,7.975359587089088,0.0,-1.8744389796693048,2.3234390621999586e-14,0.7094382915254482
0.0,8.4138779975254,0.0,-2.050807412294612,2.3522707276172036e-14,0.7110864026678232
0.0,8.003149686777059,0.0,-1.8827171608258257,2.1713487174633064e-14,0.7081770123895881
0.0,8.447837360640671,0.0,-2.062331909368706,2.1976040889194825e-14,0.7084659387993957
0.0,8.031092545378819,0.0,-1.89107014735283,2.7541870924275657e-14,0.7068843138296287
0.0,8.482072889718259,0.0,-2.0739992179899374,2.779810336237809e-14,0.7057761114552068
0.0,8.0591896064406,0.0,-1.8994988485323474,4.1356662476528385e-17,0.705559522001987
0.0,8.516588769208425,0.0,-2.085811936399451,2.462470149646434e-17,0.7030151246852687
0.0,8.087442318458246,0.0,-1.9080041804774301,3.742656279350511e-15,0.7042019537278014
0.0,8.551389254402267,0.0,-2.0977727158477455,3.643705873658215e-15,0.7001811372772658
0.0,8.115852134518116,0.0,-1.916587066059354,1.4381128276339474e-14,0.7028109164474909
0.0,8.58647867273578,0.0,-2.1098842618895315,1.4177946282374793e-14,0.6972722614979856
0.0,8.144420511922334,0.0,-1.9252484348298795,1.13848356301581e-14,0.7013857081816768
0.0,8.621861425119846,0.0,-2.1221493357141608,1.1462563807302749e-14,0.6942865617945047
0.0,8.173148911797455,0.0,-1.9339892229349775,1.523783124923038e-14,0.6999256174924149
0.0,8.657541987296765,0.0,-2.1345707555134643,1.5679857356693606e-14,0.6912220534559399
0.0,8.202038798686413,0.0,-1.9428103730225652,1.0034333767111419e-14,0.6984299234504323
0.0,8.693524911223728,0.0,-2.1471513978872308,1.0030523819597523e-14,0.688076701231765
0.0,8.231091640123033,0.0,-1.9517128341421959,-9.386069810700443e-15,0.6968978956052705
0.0,8.729814826483757,0.0,-2.1598941992878844,-9.48984619097609e-15,0.6848484179070655
0.0,8.260308906188813,0.0,-1.9606975616360791,-2.2824413723342105e-14,0.6953287939576696
0.0,8.766416441724754,0.0,-2.1728021575058283,-2.3085241399268317e-14,0.6815350628332025
0.0,8.289692069051348,0.0,-1.9697655170232093,-1.547873881147177e-14,0.6937218689391211
0.0,8.803334546127047,0.0,-2.1858783331965173,-1.5679178234604976e-14,0.6781344404128055
0.0,8.319242602483989,0.0,-1.9789176678743952,1.3540265415724181e-14,0.6920763613940976
0.0,8.840574010899452,0.0,-2.1991258514478917,1.3662757171652783e-14,0.6746442985314898
0.0,8.348961981366356,0.0,-1.9881549876784539,3.091663653543784e-15,0.690391502567878
0.0,8.87813979080581,0.0,-2.212547903396022,2.9803496072933998e-15,0.6710623269488887
0.0,8.378851681164765,0.0,-1.9974784556989977,2.3276215323044447e-14,0.6886665140982026
0.0,8.916036925720581,0.0,-2.226147747881947,2.3429107140470692e-14,0.667386155629965
0.0,8.408913177392698,0.0,-2.0068890568224362,6.965609817187174e-15,0.6869006080141461
0.0,8.95427054221559,0.0,-2.2399287131574575,6.990090003767557e-15,0.663613353027738
0.0,8.439147945050244,0.0,-2.01638778139507,-4.204410514351205e-15,0.6850929867384514
0.0,8.992845855177752,0.0,-2.25389419863874,-4.268815290570179e-15,0.6597414243117945
0.0,8.469557458042296,0.0,-2.025975625051395,9.414711519350985e-15,0.6832428430986741
0.0,9.031768169457996,0.0,-2.26804767670787,9.434925208197291e-15,0.6557678095357625
0.0,8.500143188574851,0.0,-2.0356535885298572,-8.228228497085046e-15,0.6813493603407591
0.0,9.071042881552934,0.0,-2.2823926945678874,-8.364775522295331e-15,0.6516898817534079
0.0,8.530906606529,0.0,-2.045422677479868,1.2817994887245658e-14,0.6794117121534842
0.0,9.1106754813183,0.0,-2.2969328761472507,1.282676211979582e-14,0.6475049450668247
0.0,8.561849178811855,0.0,-2.0552839022548426,-3.985545925229199e-15,0.6774290626950681
0.0,9.150671553716522,0.0,-2.311671924061007,-3.968554848130812e-15,0.6432102326185363
0.0,8.592972368684313,0.0,-2.0652382776968716,-7.951551979295896e-15,0.675400566633352
0.0,9.191036780596672,0.0,-2.3266136216249604,-8.023117907885852e-15,0.6388029045143018
0.0,8.62427763506453,0.0,-2.0752868229059023,7.932285806324685e-15,0.6733253691873972
0.0,9.231776942509507,0.0,-2.3417618349290414,8.008119402206843e-15,0.6342800456828261
0.0,8.655766431807079,0.0,-2.085430560997918,7.015899370098978e-15,0.671202606179794
0.0,9.272897920556742,0.0,-2.357120514968958,6.9990676957548925e-15,0.6296386636663844
0.0,8.687440206956952,0.0,-2.0956705188503775,2.6125985941296065e-14,0.6690314040985734
0.0,9.314405698275156,0.0,-2.372693699837795,2.6296046214907462e-14,0.624875686338253
0.0,8.719300401978046,0.0,-2.106007726833478,1.6225017145008375e-14,0.6668108801656745
0.0,9.356306363556481,0.0,-2.388485516980254,1.6145210249465804e-14,0.6199879595479783
0.0,8.751348450955552,0.0,-2.1164432185285973,-1.0856758242894196e-15,0.6645401424172008
0.0,9.39860611060298,0.0,-2.4045001855113153,-1.079530481708047e-15,0.614972244691309
0.0,8.783585779771613,0.0,-2.1269780304311148,4.012034950929516e-15,0.6622182897904663
0.0,9.44131124191981,0.0,-2.4207420186011612,3.880358556858073e-15,0.6098252162019339
0.0,8.816013805253858,0.0,-2.1376132016390867,-2.7680307477947666e-15,0.659844412221949
0.0,9.484428170343861,0.0,-2.437215425927779,-2.790616257481747e-15,0.6045434589623384
0.0,8.848633934296284,0.0,-2.148349773527678,-1.821237256726916e-14,0.6574175907582747
0.0,9.527963421109746,0.0,-2.453924916198817,-1.8617200464659186e-14,0.5991234656289459
0.0,8.881447562951847,0.0,-2.1591887894070885,2.513683360172569e-15,0.6549368976759706
0.0,9.571923633953466,0.0,-2.4708750997463502,2.4041424640273972e-15,0.5935616338738134
0.0,8.914456075496428,0.0,-2.170131294163041,-1.0551839002800027e-14,0.6524013966096337
0.0,9.616315565254421,0.0,-2.4880706911964516,-1.0638026955321196e-14,0.5878542635381306
0.0,8.94766084346351,0.0,-2.181178333884393,2.0056994377389227e-14,0.6498101427001964
0.0,9.661146090214574,0.0,-2.5055165122118495,2.0292062072507433e-14,0.5819975536876203
0.0,8.981063224649322,0.0,-2.192330955469982,2.345472762772895e-14,0.6471621827470941
0.0,9.70642220507734,0.0,-2.5232174943169503,2.377282170281193e-14,0.5759875995814889
0.0,9.014664562087532,0.0,-2.203590206220188,-3.519930473338985e-16,0.6444565553783295
0.0,9.752151029384262,0.0,-2.5411786817994866,-3.4579190041420177e-16,0.5698203895346601
0.0,9.048466182993819,0.0,-2.2149571334099414,-7.732087162255444e-15,0.6416922912322797
0.0,9.798339808271631,0.0,-2.5594052346993315,-7.884718543714509e-15,0.5634918016878183
0.0,9.082469397678636,0.0,-2.2264327838433213,1.70011853856219e-14,0.6388684131538138
0.0,9.844995914805017,0.0,-2.5779024318772557,1.7076115919708977e-14,0.5569976006622321
0.0,9.116675498429366,0.0,-2.238018203388913,-1.3234068773230987e-14,0.6359839364032207
0.0,9.892126852354597,0.0,-2.596675674177176,-1.3509092454800687e-14,0.5503334341187407
0.0,9.151085758359816,0.0,-2.2497144364970865,-1.352972471721704e-14,0.6330378688837386
0.0,9.939740257008243,0.0,-2.6157304876719287,-1.3735682755866488e-14,0.5434948291913759
0.0,9.185701430228196,0.0,-2.261522525696153,-1.2145664098533669e-14,0.6300292113806452
0.0,9.987843900025524,0.0,-2.635072527008803,-1.2422088370827624e-14,0.5364771888223077
0.0,9.220523745221483,0.0,-2.2734435110682063,1.2369050539941379e-14,0.6269569578173526
0.0,10.036445690329622,0.0,-2.6547075788425416,1.244653975750361e-14,0.5292757879606503
0.0,9.255553911708116,0.0,-2.285478429706571,-4.335439058930359e-15,0.6238200955316681
0.0,10.08555367703935,0.0,-2.6746415653717057,-4.423630367697562e-15,0.5218857696523869
0.0,9.290793113956383,0.0,-2.297628315148038,-7.69720611475085e-15,0.6206176055615259
0.0,10.13517605204048,0.0,-2.694880547973811,-7.879070743855001e-15,0.5143021409994463
0.0,9.326242510819712,0.0,-2.3098941967878015,1.5074726207853644e-14,0.6173484629572259
0.0,10.18532115259424,0.0,-2.7154307309407146,1.4834099481666956e-14,0.5065197689842835
0.0,9.361903234388354,0.0,-2.32227709926896,8.809641746464754e-15,0.6140116371039932
0.0,10.235997463986354,0.0,-2.736298465323263,8.883405044833095e-15,0.49853337616574345
0.0,9.397776388607152,0.0,-2.3347780418527275,8.89356996001514e-15,0.6106060920705514
0.0,10.287213622212285,0.0,-2.7574902528824516,8.959217385890184e-15,0.49033753623402787
0.0,9.433863047858765,0.0,-2.347398037762118,2.8376432374453023e-14,0.6071307869691351
0.0,10.338978416700993,0.0,-2.7790127501524635,2.871377097044736e-14,0.4819266694230302
0.0,9.470164255513389,0.0,-2.3601380935057596,2.2621892251338426e-14,0.6035846763419336
0.0,10.391300793074926,0.0,-2.8008727726171276,2.289869549043811e-14,0.4732950377740629
0.0,9.506681022443871,0.0,-2.3729992081764872,8.932661087804947e-15,0.5999667105649436
0.0,10.444189855946053,0.0,-2.823077299004089,9.007401179240231e-15,0.46443674024978304
0.0,9.54341432550663,0.0,-2.385982372726007,9.017611617860981e-15,0.5962758362724018
0.0,10.497654871747086,0.0,-2.8456334756982535,9.084120575994903e-15,0.4553457076900302
0.0,9.580365105988452,0.0,-2.3990885692156008,2.887387583328087e-14,0.5925109968036792
0.0,10.551705271596687,0.0,-2.8685486212784075,2.908821004760016e-14,0.4460156976071234
0.0,9.617534268019357,0.0,-2.412318770042201,2.5149625866353016e-14,0.5886711326713814
0.0,10.60635065419742,0.0,-2.891830231179053,2.5516531128432252e-14,0.43644028881478386
0.0,9.654922676951472,0.0,-2.425673937140277,7.858569400964134e-15,0.5847551820540462
0.0,10.661600788765087,0.0,-2.9154859824818242,7.839790887762678e-15,0.4266128758876737
0.0,9.692531157704046,0.0,-2.4391550211563784,-1.4516148238042704e-14,0.580762081306359
0.0,10.717465617988214,0.0,-2.9395237388371003,-1.4752928028430058e-14,0.41652666344150985
0.0,9.730360493075798,0.0,-2.4527629606017722,5.970185179138546e-15,0.5766907655003741
0.0,10.773955261015395,0.0,-2.963951555522263,5.9857676754682795e-15,0.406174660237786
0.0,9.768411422023402,0.0,-2.4664986809759877,1.7573459583259886e-14,0.5725401689831178
0.0,10.83108001646909,0.0,-2.9887776846356213,1.7736395756134907e-14,0.39554967309703803
0.0,9.80668463790835,0.0,-2.4803630938676378,-1.0759231571961283e-14,0.5683092259640578
0.0,10.88885036548313,0.0,-3.0140105804311728,-1.0880076933095778e-14,0.38464430062228366
0.0,9.845180786711676,0.0,-2.4943570960281147,-2.124060727728766e-15,0.5639968711247284
0.0,10.947276974762474,0.0,-3.0396589047986167,-2.2702762248401833e-15,0.3734509267298057
0.0,9.88390046521689,0.0,-2.5084815684189596,7.130365645220971e-15,0.5596020402525378
0.0,11.006370699661042,0.0,-3.0657315328861907,7.167360098986536e-15,0.3619617139700931
0.0,9.922844219163448,0.0,-2.5227373752356677,-2.8699000810438455e-15,0.5551236709038818
0.0,11.06614258727656,0.0,-3.092237558876244,-2.9143411959724333e-15,0.3501685966496664
0.0,9.962012541369372,0.0,-2.537125362902261,-2.726759507845093e-14,0.5505607030865897
0.0,11.126603879557686,0.0,-3.1191863019102306,-2.7567938272234202e-14,0.3380632737349036
0.0,10.00140586982622,0.0,-2.5516463590443403,-1.566962062950681e-14,0.5459120799760366
0.0,11.187766016420062,0.0,-3.146587312168247,-1.6097428875319345e-14,0.32563720153767595
0.0,10.041024585765571,0.0,-2.566301171433151,3.677242589500392e-15,0.5411767486507894
0.0,11.249640638868613,0.0,-3.174450377107242,3.641929660021449e-15,0.3128815861807369
0.0,10.080869011699509,0.0,-2.5810905869063276,1.232488371693733e-15,0.5363536608583865
0.0,11.312239592120248,0.0,-3.2027855278574218,1.1645088487791731e-15,0.2997873758314068
0.0,10.120939409435437,0.0,-2.5960153702631046,4.8019787657553866e-15,0.5314417738063749
0.0,11.37557492872268,0.0,-3.231603045779159,4.855614835895069e-15,0.28634525269799543
0.0,10.161235978067879,0.0,-2.611076263136034,3.0316035288347104e-15,0.5264400509819689
0.0,11.439658911665626,0.0,-3.260913469186812,2.9855809453552766e-15,0.27254562479207334
0.0,10.201758851946906,0.0,-2.6262739828359467,-1.0490004138977908e-14,0.5213474629931572
0.0,11.504504017476865,0.0,-3.290727600235695,-1.064368151673112e-14,0.2583786174404389
0.0,10.242508098627155,0.0,-2.6416092211770605,-4.3917024997190926e-14,0.5161629884436059
0.0,11.570122939298304,0.0,-3.321056511977103,-4.441486727877816e-14,0.24383406454709644
0.0,10.283483716797345,0.0,-2.6570826432760097,-3.7045878250457526e-14,0.5108856148276535
0.0,11.636528589935821,0.0,-3.351911555584241,-3.757405253982878e-14,0.22890149960378725
0.0,10.324685634193042,0.0,-2.672694886330355,7.194179845042414e-15,0.5055143394552648
0.0,11.703734104873774,0.0,-3.383304367743837,7.222666322275928e-15,0.21357014643007666
0.0,10.36611370549559,0.0,-2.6884465583759662,4.7285368949863365e-14,0.5000481704025835
0.0,11.771752845249699,0.0,-3.415246878224651,4.775797894569577e-14,0.1978289096609286
0.0,10.407767710217215,0.0,-2.704338237022135,1.6983599954294503e-14,0.4944861274857243
0.0,11.84059840077741,0.0,-3.447751317611799,1.7065603568966698e-14,0.18166636495126354
0.0,10.449647350577713,0.0,-2.720370468169251,-1.897905116414522e-14,0.48882724326237476
0.0,11.910284592612687,0.0,-3.480830225216445,-1.9298157994023316e-14,0.16507074891375556
0.0,10.49175224937318,0.0,-2.7365437647084363,4.213655525162065e-15,0.48307056405902693
0.0,11.9808254761483,0.0,-3.5144964571549395,4.298785181482668e-15,0.14802994877667036
0.0,10.534081947839631,0.0,-2.752858605200957,2.2214123059137352e-14,0.47721515101611867
0.0,12.052235343732233,0.0,-3.548763194599256,2.2364175575849126e-14,0.13053149175726558
0.0,10.576635903516383,0.0,-2.769315432546737,5.6661422664865585e-15,0.4712600811647088
0.0,12.124528727292827,0.0,-3.5836439521958665,5.69289671390252e-15,0.11256253415331019
0.0,10.619413488109654,0.0,-2.78591465263548,8.286375016004542e-15,0.46520444851996845
0.0,12.197720400861913,0.0,-3.6191525866504346,8.367486651406179e-15,0.0941098501413895
0.0,10.662413985361995,0.0,-2.802656632986512,9.027006490666833e-15,0.459047365197678
0.0,12.271825382982751,0.0,-3.655303305479582,9.129592812687615e-15,0.075159820291061
0.0,10.705636588929657,0.0,-2.8195417013769872,3.334587622692424e-14,0.4527879625486162
0.0,12.346858938987053,0.0,-3.6921106759210622,3.3687936416386407e-14,0.05569841978207363
0.0,10.74908040027264,0.0,-2.83657014446463,-2.2854135208844004e-14,0.4464253923190967
0.0,12.422836583125315,0.0,-3.7295896340013406,-2.302378916916037e-14,0.03571120633282682
0.0,10.792744426559464,0.0,-2.8537422063994162,2.72361761293862e-14,0.43995882782005785
0.0,12.49977408053551,0.0,-3.7677554937523974,2.7622529498134772e-14,0.015183307830530735
0.0,10.836627578593893,0.0,-2.871058087434072,-2.9584584064745103e-15,0.4333874651175599
0.0,12.577687449034224,0.0,-3.8066239565770097,-3.006181946642751e-15,-0.005900590325701338
0.0,10.88072866876509,0.0,-2.888517942532806,1.4392972029321067e-14,0.42671052423886147
0.0,12.656592960705993,0.0,-3.8462111207498517,1.4505891528980327e-14,-0.027556258171114845
0.0,10.925046409026045,0.0,-2.9061218799778383,2.462342556112364e-14,0.41992725038552736
0.0,12.736507143274444,0.0,-3.8865334910460265,2.4938303499638312e-14,-0.049799934414713365
0.0,10.969579408906851,0.0,-2.9238699599816287,1.2100599479864975e-14,0.4130369151611123
0.0,12.817446781234478,0.0,-3.9276079884915305,1.2167587470454765e-14,-0.07264833995777292
0.0,11.014326173566634,0.0,-2.941762193307521,1.0818410205613175e-14,0.40603881781142814
0.0,12.899428916716495,0.0,-3.969451960219616,1.0821584457571407e-14,-0.0961186916885477
0.0,11.059285101887328,0.0,-2.9597985398930966,1.2203849438226998e-14,0.3989322864584911
0.0,12.982470850065123,0.0,-4.012083189423417,1.2345702396602101e-14,-0.12022871655062012
0.0,11.104454484618564,0.0,-2.977978907493388,1.7874889993388396e-14,0.39171667935163684
0.0,13.066590140098942,0.0,-4.055519905388099,1.7917841453208136e-14,-0.1449966658693076
0.0,11.1498325025753,0.0,-2.996303150335781,3.3743824471224265e-15,0.38439138611159573
0.0,13.151804604025173,0.0,-4.09978079358369,3.2815974528126835e-15,-0.17044132993645672
0.0,11.195417224897348,0.0,-3.014771067796765,-2.044122938200314e-14,0.3769558289756579
0.0,13.238132316981908,0.0,-4.144885005809867,-2.085720372616568e-14,-0.19658205282073887
0.0,11.241206607372849,0.0,-3.0333824030995484,-3.0012747729478455e-14,0.3694094640344493
0.0,13.325591611168313,0.0,-4.190852170358102,-3.038081246105297e-14,-0.22343874741207542
0.0,11.28719849083511,0.0,-3.052136842042112,1.3371831046775128e-14,0.36175178246609657
0.0,13.414201074532329,0.0,-4.237702402174733,1.3183281385108344e-14,-0.25103191067246267
0.0,11.33339059963888,0.0,-3.0710340117567276,-5.991292309793425e-15,0.3539823117563342
0.0,13.503979548979135,0.0,-4.285456313004876,-5.979025528786412e-15,-0.27938263905923283
0.0,11.3797805402179,0.0,-3.0900734795002585,-1.4569818631885924e-14,0.34610061689722854
0.0,13.594946128056728,0.0,-4.334135021474539,-1.4841518009763644e-14,-0.30851264412623924
0.0,11.426365799737788,0.0,-3.1092547514929683,9.601720846739882e-15,0.3381063015796183
0.0,13.687120154079118,0.0,-4.383760163091075,9.494178297658895e-15,-0.3384442682504413
0.0,11.47314374484361,0.0,-3.128577271794165,-2.0906261798795937e-14,0.32999900934834797
0.0,13.78052121464114,0.0,-4.434353900119197,-2.1276451707665494e-14,-0.36920050047132563
0.0,11.520111620515667,0.0,-3.1480404212350543,8.567272296249084e-15,0.32177842474286955
0.0,13.875169138477236,0.0,-4.485938931300771,8.676734330150141e-15,-0.40080499239236833
0.0,11.567266549033235,0.0,-3.1676435164001657,-3.0462317475191148e-15,0.3134442743970536
0.0,13.971083990608676,0.0,-4.538538501363411,-3.0621372270911076e-15,-0.4332820741279503
0.0,11.614605529060857,0.0,-3.187385808672371,-7.495293200479105e-15,0.3049963281065021
0.0,14.068286066733524,0.0,-4.592176410286837,-7.662828910717202e-15,-0.4666567702288971
0.0,11.66212543485834,0.0,-3.207266483342461,3.614225994232878e-14,0.2964343998568466
0.0,14.16679588678991,0.0,-4.64687702225795,3.63690247076124e-14,-0.5009548155603871
0.0,11.70982301562545,0.0,-3.2272846587876005,6.515640019420741e-15,0.2877583488006099
0.0,14.266634187643756,0.0,-4.7026652742745325,6.634978975700612e-15,-0.5362026710605129
0.0,11.757694894986646,0.0,-3.247439385728831,9.649989724342453e-15,0.27896808019087466
0.0,14.367821914822382,0.0,-4.7595666843203634,9.539200231116953e-15,-0.5724275393329614
0.0,11.805737570623446,0.0,-3.2677296465668855,-2.9823971639428035e-14,0.2700635462517268
0.0,14.470380213235217,0.0,-4.817607359053124,-3.024034496730354e-14,-0.6096573800043048
0.0,11.85394741406357,0.0,-3.288154354809106,1.3924144865944897e-14,0.2610447469939135
0.0,14.574330416803733,0.0,-4.876814000930548,1.3839722400002654e-14,-0.6479209247662072
0.0,11.902320670630257,0.0,-3.3087123545837667,-3.0216623665244262e-15,0.2519117309540859
0.0,14.679694036925973,0.0,-4.937213914691646,-3.037770823841152e-15,-0.6872476920338171
0.0,11.95085345956442,0.0,-3.329402420262043,-7.676742545277159e-15,0.24266459587719238
0.0,14.786492749684045,0.0,-4.998835013101065,-7.927186649725985e-15,-0.7276680011242931
0.0,11.999541774321195,0.0,-3.3502232561753535,1.6938297088497252e-14,0.23330348930349168
0.0,14.894748381726288,0.0,-5.0617058218767745,1.7166226296700667e-14,-0.7692129858552403
0.0,12.048381483051601,0.0,-3.3711734964496616,-2.7422401265918935e-14,0.22382860908455615
0.0,15.00448289471084,0.0,-5.1258554836761485,-2.769259840106092e-14,-0.8119146074677968
0.0,12.097368329275586,0.0,-3.3922517049536065,4.0026406397760794e-14,0.21424020380354142
0.0,15.115718368232042,0.0,-5.191313761046959,4.043702953609606e-14,-0.855805666746831
0.0,12.146497932752455,0.0,-3.413456375370629,1.5897943249929757e-14,0.20453857310471496
0.0,15.228476981117485,0.0,-5.25811103821156,1.5918234797620593e-14,-0.9009198152158109
0.0,12.195765790555772,0.0,-3.434785931396852,6.352418572388421e-15,0.19472406791698058
0.0,15.342780990996186,0.0,-5.3262783215622465,6.359964179386292e-15,-0.9472915652596836
0.0,12.245167278357542,0.0,-3.456238727073213,4.737213002588357e-14,0.18479709057388502
0.0,15.458652712016207,0.0,-5.395847238712354,4.7960636728352457e-14,-0.9949562990406102
0.0,12.294697651931317,0.0,-3.4778130472581017,2.681751275477697e-15,0.17475809482151
0.0,15.576114490606368,0.0,-5.466850035969534,2.5791467899928126e-15,-1.0439502760197275
0.0,12.344352048874846,0.0,-3.4995071082424336,-1.4537460943178232e-14,0.16460758570833567
0.0,15.695188679146515,0.0,-5.539319574049942,-1.4852797429481937e-14,-1.0943106389250723
0.0,12.394125490562335,0.0,-3.5213190585146616,4.004648867550695e-15,0.1543461193497304
0.0,15.815897607429463,0.0,-5.613289321873299,4.185420771288257e-15,-1.1460754179551795
0.0,12.444012884327027,0.0,-3.5432469796805965,-6.555304571686238e-15,0.1439743025685024
0.0,15.938263551765086,0.0,-5.6887933482327675,-6.708045722220485e-15,-1.199283533021551
0.0,12.494009025880857,0.0,-3.5652888875389834,-1.0047643805249477e-14,0.1334927923951545
0.0,16.062308701606433,0.0,-5.76586631115616,-1.0336272647346574e-14,-1.2539747937967616
0.0,12.544108601976216,0.0,-3.5874427333248815,1.060314821698841e-14,0.12290229543846254
0.0,16.188055123530813,0.0,-5.844543444726504,1.079420125697891e-14,-1.310189897317074
0.0,12.59430619330755,0.0,-3.6097064051140695,1.2493173241120833e-14,0.11220356710714596
0.0,16.31552472243687,0.0,-5.924860543135023,1.2652382394052114e-14,-1.36797042289164
0.0,12.644596277663144,0.0,-3.632077729400511,1.8615795244727227e-14,0.10139741068664837
0.0,16.444739199803582,0.0,-6.006853941728942,1.891470760148512e-14,-1.4273588240173476
0.0,12.694973233322262,0.0,-3.65455447284556,5.4895749079061306e-14,0.09048467626781798
0.0,16.575720008835063,0.0,-6.090560494774016,5.555794506557967e-14,-1.4883984170072169
0.0,12.745431342703347,0.0,-3.6771343442022006,-4.7380701910964654e-15,0.0794662595207763
0.0,16.708488306339287,0.0,-6.1760175496687735,-4.806673437841615e-15,-1.551133365999272
0.0,12.795964796260668,0.0,-3.6998149964141778,-3.086860674400966e-14,0.06834310031126356
0.0,16.84306490116238,0.0,-6.26326291730521,-3.141192806059091e-14,-1.615608664003558
0.0,12.846567696632324,0.0,-3.7225940288962445,2.8033608749020525e-14,0.05711618116502126
0.0,16.97947019900002,0.0,-6.352334838262873,2.8435744387903657e-14,-1.6818701096077042
0.0,12.897234063034208,0.0,-3.745468989987247,-2.0873927438288093e-14,0.045786525565114866
0.0,17.11772414341627,0.0,-6.443271944509513,-2.1224324536444895e-14,-1.7499642789538727
0.0,12.947957835902052,0.0,-3.7684373795844035,1.691165364521321e-14,0.03435519609587212
0.0,17.25784615287879,0.0,-6.5361132162513975,1.6737337391634915e-14,-1.8199384925647997
0.0,12.998732881776778,0.0,-3.791496651953633,2.4519339656562728e-15,0.02282329242722564
0.0,17.399855053633992,0.0,-6.630897933576443,2.4534573770848366e-15,-1.8918407765623828
0.0,13.049552998425892,0.0,-3.8146442187091685,1.2361280498123086e-14,0.011191949134575996
0.0,17.54376900823074,0.0,-6.7276656224895905,1.2536373648785045e-14,-1.9657198178315758
0.0,13.100411920203392,0.0,-3.837877451970744,-3.462657951633469e-14,-0.000537666628644351
0.0,17.6896054395201,0.0,-6.826455994958231,-3.49858446151436e-14,-2.0416249126074835
0.0,13.151303323633151,0.0,-3.8611936876808146,2.8033203758884e-14,-0.012364357620800848
0.0,17.83738094993403,0.0,-6.927308882527757,2.8480919018444175e-14,-2.119605907980989
0.0,13.202220833214783,0.0,-3.8845902290864895,-7.393965824086173e-15,-0.024286899146806706
0.0,17.98711123587561,0.0,-7.030264163083059,-7.556327028352066e-15,-2.1997131357748363
0.0,13.253158027442318,0.0,-3.908064350379104,3.6028627944947953e-14,-0.03630404183291974
0.0,18.13881099703379,0.0,-7.1353616802957065,3.6428474595368875e-14,-2.2819973382099557
0.0,13.304108445023454,0.0,-3.9316133004763616,-1.1187728915092027e-14,-0.04841451454879092
0.0,18.29249384047555,0.0,-7.24264115530894,-1.1368397286975182e-14,-2.3665095847757347
0.0,13.35506559129006,0.0,-3.955234306945578,5.922588949892015e-14,-0.06061702745544989
0.0,18.448172179330946,0.0,-7.352142090156654,6.007637051992865e-14,-2.4533011796913438
0.0,13.406022944791548,0.0,-3.978924580058777,-1.3842601194377125e-14,-0.07291027517405457
0.0,18.60585712595159,0.0,-7.463903662459576,-1.423115457664925e-14,-2.542423559314398
0.0,13.456973964050373,0.0,-4.002681316963676,1.728764054583607e-14,-0.085292940065481
0.0,18.765558379375303,0.0,-7.577964610866824,1.745048273242335e-14,-2.6339281788521025
0.0,13.50791209447373,0.0,-4.0265017059613175,-1.7195764687503428e-14,-0.09776369561458248
0.0,18.927284107029788,0.0,-7.694363110793692,-1.7668620523723342e-14,-2.727866387706723
0.0,13.558830775398647,0.0,-4.050382930875293,2.111565771154451e-14,-0.11032120989809086
0.0,19.0910408205376,0.0,-7.813136639913937,2.1488974835180275e-14,-2.8242892927784227
0.0,13.609723447257313,0.0,-4.074322175498006,1.3693171375678819e-14,-0.12296414912661952
0.0,19.25683324557542,0.0,-7.934321832931652,1.3735809225249693e-14,-2.923247609054579
0.0,13.660583558847263,0.0,-4.098316628101548,-3.549759149340731e-14,-0.13569118123879947
0.0,19.42466418574824,0.0,-8.057954325156194,-3.609134373411788e-14,-3.024791496787962
0.0,13.711404574679138,0.0,-4.12236348598334,4.028452111100944e-14,-0.14850097954578045
0.0,19.594534380474684,0.0,-8.18406858440457,4.085832441359431e-14,-3.1289703846209536
0.0,13.762179982393448,0.0,-4.146459960047041,1.4903154967225434e-14,-0.16139222637968859
0.0,19.766442356899034,0.0,-8.312697730781018,1.4556270859422862e-14,-3.2358327779651788
0.0,13.812903300212739,0.0,-4.170603279374477,5.789745878771498e-14,-0.17436361676074058
0.0,19.94038427594369,0.0,-8.443873343947093,5.884928590117616e-14,-3.3454260520362666
0.0,13.863568084417087,0.0,-4.194790695787927,-7.082375517331596e-15,-0.18741386202874882
0.0,20.116353772588976,0.0,-8.577625257471436,-7.341187666359916e-15,-3.4577962289325908
0.0,13.91416793681783,0.0,-4.219019488371906,2.2318271622962004e-14,-0.20054169342991213
0.0,20.294341790590035,0.0,-8.713981339967345,2.2556608428757084e-14,-3.5729877381947945
0.0,13.964696512198392,0.0,-4.243286967919185,-3.189603146792796e-15,-0.21374586564800346
0.0,20.47433641189191,0.0,-8.8529672627588,-3.235488393453657e-15,-3.6910431603903144
0.0,14.015147525710297,0.0,-4.267590481301558,-6.3564837081039425e-15,-0.2270251602149519
0.0,20.656322680992886,0.0,-8.994606253832668,-6.698586668868628e-15,-3.812002953251638
0.0,14.06551476018878,0.0,-4.291927415710347,2.783451423791638e-14,-0.240378388821733
0.0,20.84028242475194,0.0,-9.13891883806674,2.8333984453291776e-14,-3.9359051600932684
0.0,14.115792073367444,0.0,-4.316295202760218,-1.9096712888294772e-14,-0.2538043964620584
0.0,21.02619406801575,0.0,-9.285922563636108,-1.954001217938466e-14,-4.062785100241999
0.0,14.165973404967554,0.0,-4.340691322420119,4.880926317977537e-15,-0.2673020643998499
0.0,21.214032445707435,0.0,-9.435631714784176,4.8055322798163155e-15,-4.192675041408335
0.0,14.216052783631635,0.0,-4.365113306742105,-3.802671039280543e-14,-0.28087031292464165
0.0,21.40376861200647,0.0,-9.588057011166434,-3.860464257338304e-14,-4.325603854040256
0.0,14.266024333682038,0.0,-4.389558743366079,4.3362697325246024e-14,-0.29450810385872583
0.0,21.595369647398325,0.0,-9.743205294174727,4.3919732423402507e-14,-4.461596647862313
0.0,14.315882281669676,0.0,-4.4140252787566,-3.875193861118023e-15,-0.3082144428029465
0.0,21.788798464518532,0.0,-9.9010792008355,-4.003493768592722e-15,-4.600674391050354
0.0,14.365620962700334,0.0,-4.438510621165827,-2.9205965626655424e-14,-0.32198838105649086
0.0,21.984013613731065,0.0,-10.061676825979326,-2.9588496871172605e-14,-4.742853512607451
0.0,14.415234826502658,0.0,-4.463012543269205,5.3170073263779273e-14,-0.3358290172173422
0.0,22.180969089668864,0.0,-10.224991373726805,5.400268217364907e-14,-4.888145488869043
0.0,14.46471844322166,0.0,-4.487528884464355,-4.938438781247277e-14,-0.3497354984002562
0.0,22.37961413993026,0.0,-10.391010799411777,-5.042252624683089e-14,-5.036556415219188
0.0,14.514066508909437,0.0,-4.512057552792438,4.926442151865829e-14,-0.36370702106364283
0.0,22.579893077395496,0.0,-10.559717443428424,4.9835795194025734e-14,-5.188086564487441
0.0,14.563273850700554,0.0,-4.536596526468116,9.234843720256185e-15,-0.37774283140028003
0.0,22.781745097705816,0.0,-10.73108765870517,9.328607462102841e-15,-5.342729933753293
0.0,14.612335431642574,0.0,-4.561143854982271,5.923881019079607e-15,-0.39184222527381984
0.0,22.985104103595205,0.0,-10.905091433785799,5.86075360238448e-15,-5.500473781655258
0.0,14.661246355170967,0.0,-4.585697659761346,5.864461158462517e-15,-0.40600454766966876
0.0,23.189898537945588,0.0,-11.08169201384002,5.885262508587305e-15,-5.661298158679362
0.0,14.710001869209783,0.0,-4.610256134359331,-2.2975038421663566e-14,-0.4202291916400084
0.0,23.39605122755716,0.0,-11.26084552221744,-2.3412831231761543e-14,-5.82517543328468
0.0,14.758597369887083,0.0,-4.634817544169576,-2.9254247751649983e-14,-0.43451559671258067
0.0,23.603479239753156,0.0,-11.442500585478241,-2.9673318003961417e-14,-5.9920698171154045
0.0,14.80702840484896,0.0,-4.659380225629313,4.1773147457241694e-14,-0.4488632467655095
0.0,23.812093754151686,0.0,-11.626597965241487,4.239976668387256e-14,-6.161936893048114
0.0,14.855290676174256,0.0,-4.683942584926523,3.3000057813948973e-14,-0.46327166732072966
0.0,24.0217999519236,0.0,-11.813070200407072,3.336611700604989e-14,-6.334723150132891
0.0,14.903380042872502,0.0,-4.708503096175814,-1.0594121112366272e-14,-0.4777404222860966
0.0,24.232496925159232,0.0,-12.001841263826842,-1.0862826920464732e-14,-6.5103655300923355
0.0,14.951292522974626,0.0,-4.733060299083672,2.0260069623776035e-14,-0.492269110104274
0.0,24.444077608872266,0.0,-12.192826237650447,2.0496961925990877e-14,-6.688790990324867
0.0,14.999024295211862,0.0,-4.757612796089083,4.705298621731862e-14,-0.5068573593345609
0.0,24.656428738422107,0.0,-12.385931012066727,4.7763794862130554e-14,-6.869916088919144
0.0,15.046571700291391,0.0,-4.782159248994526,-3.3586915228024566e-14,-0.5215048236596961
0.0,24.86943083506079,0.0,-12.581052012332346,-3.403118909583857e-14,-7.0536465974965745
0.0,15.09393124177339,0.0,-4.806698375094086,5.769268712840869e-14,-0.5362111763355257
0.0,25.082958222393408,0.0,-12.778075959300093,5.859281441074744e-14,-7.239877148134532
0.0,15.14109958657073,0.0,-4.831228942822527,-4.7310241983148735e-14,-0.5509761041026463
0.0,25.29687907658749,0.0,-12.976879668954199,-4.840239977657429e-14,-7.42849092097975
0.0,15.188073565083744,0.0,-4.855749766950452,4.8998426361219044e-15,-0.5657993005779165
0.0,25.51105551298102,0.0,-13.17732989649193,5.0196831464554844e-15,-7.619359379333871
0.0,15.234850170985926,0.0,-4.8802597033435635,-2.6206144431376967e-14,-0.5806804591800786
0.0,25.725343711834004,0.0,-13.379283230788513,-2.6545455668701778e-14,-7.8123420593803505
0.0,15.281426560700815,0.0,-4.904757643345885,1.0674118433560129e-13,-0.5956192656051329
0.0,25.939594085693056,0.0,-13.582586044999118,1.0841845060046972e-13,-8.007286421690447
0.0,15.327800052582727,0.0,-4.929242507812295,-5.4814741265410864e-14,-0.6106153899179875
0.0,26.153651490691047,0.0,-13.787074509037819,-5.572912488483182e-14,-8.20402777174194
0.0,15.373968125843781,0.0,-4.953713240846669,1.4323611801079164e-14,-0.6256684783219717
0.0,26.367355483990085,0.0,-13.992574669678623,1.4528494313277954e-14,-8.402389256710865
0.0,15.41992841926539,0.0,-4.978168803313121,-1.881883983372012e-14,-0.6407781446525938
0.0,26.58054062907107,0.0,-14.198902603571497,-1.948482129095646e-14,-8.60218194538928
0.0,15.465678729727358,0.0,-5.0026081661728155,-4.403847399989167e-14,-0.6559439616862678
0.0,26.793036850388344,0.0,-14.405864648286334,-4.4739857762105944e-14,-8.803204997913312
0.0,15.511217010601921,0.0,-5.027030303718494,6.049414054353385e-14,-0.6711654523479453
0.0,27.004669838530642,0.0,-14.61325771607347,6.149128991775723e-14,-9.005245931522925
0.0,15.556541370058842,0.0,-5.051434186792497,-8.755527472254499e-14,-0.6864420808870708
0.0,27.215261506322594,0.0,-14.820869694170344,-8.913427698392803e-14,-9.208080987718482
0.0,15.601650069331313,0.0,-5.075818776061064,1.1213299075217111e-13,-0.7017732441389829
0.0,27.424630496157455,0.0,-15.028479935181347,1.1403826348564693e-13,-9.411475605716987
0.0,15.646541520986407,0.0,-5.100183015434991,-1.0699076284592852e-13,-0.71715826295523
0.0,27.632592737854466,0.0,-15.235859839734,-1.0907485404491464e-13,-9.615185005768184
0.0,15.691214287257479,0.0,-5.124525825722169,1.0663811915142187e-13,-0.7325963739284208
0.0,27.838962056171994,0.0,-15.442773533146923,1.0850112062436072e-13,-9.81895488519047
0.0,15.735667078487758,0.0,-5.148846098612848,-8.704869251778128e-14,-0.7480867214995031
0.0,28.043550825991204,0.0,-15.648978636239146,-8.867410733045029e-14,-10.022522228270848
0.0,15.779898751737768,0.0,-5.173142691086005,4.73789172034418e-14,-0.7636283505749982
0.0,28.246170672862657,0.0,-15.854227129613712,4.803299540289183e-14,-10.225616230098527
0.0,15.823908309602679,0.0,-5.1974144203290145,-6.986311036063378e-14,-0.7792201997651661
0.0,28.44663321568287,0.0,-16.05826630919969,-7.129212657114875e-14,-10.427959332660018
0.0,15.8676948992992,0.0,-5.221660059275455,6.497281179084786e-14,-0.7948610953486855
0.0,28.644750847642456,0.0,-16.260839829574948,6.584721205500331e-14,-10.62926836992164
0.0,15.911257812053243,0.0,-5.245878332835637,-9.172833989083695e-14,-0.8105497460868815
0.0,28.8403375508111,0.0,-16.46168883007056,-9.361447759992198e-14,-10.829255816869358
0.0,15.954596482849292,0.0,-5.270067914926647,1.130120798894663e-13,-0.8262847389790536
0.0,29.033209739085088,0.0,-16.66055313727721,1.1501564117147087e-13,-11.027631135696568
0.0,15.997710490566813,0.0,-5.294227426365644,-5.2511465497153424e-14,-0.8420645360787921
0.0,29.223187123557846,0.0,-16.857172536096893,-5.3589463275972023e-14,-11.22410221056044
0.0,16.040599558546894,0.0,-5.3183554337174295,3.4098013707015595e-14,-0.8578874724421588
0.0,29.410093593610554,0.0,-17.051288099882722,3.4458469151695803e-14,-11.418376860375124
0.0,16.08326355562047,0.0,-5.342450449155559,-3.9682529920081284e-14,-0.8737517553124414
0.0,29.593758106809272,0.0,-17.242643569246994,-4.034125998865958e-14,-11.610164417743167
0.0,16.125702497611776,0.0,-5.3665109313913675,4.9631423593624207e-14,-0.8896554646048992
0.0,29.7740155798393,0.0,-17.43098676739232,5.0391916082605856e-14,-11.799177360148459
0.0,16.167916549350604,0.0,-5.390535287729991,-7.532768898456364e-14,-0.9055965547487487
0.0,29.950707772650073,0.0,-17.616071039083018,-7.663021807665644e-14,-11.98513297838148
0.0,16.20990602718921,0.0,-5.414521877275531,2.978054235362237e-14,-0.9215728579365432
0.0,30.12368415751078,0.0,-17.797656699166204,3.0078055715481745e-14,-12.167755065726569
0.0,16.251671402034894,0.0,-5.438469015308463,-5.117545669663556e-14,-0.9375820888190851
0.0,30.2928027648115,0.0,-17.975512476138565,-5.2174003842364114e-14,-12.346775610737039
0.0,16.293213302900263,0.0,-5.462374978857407,1.640610906306294e-13,-0.9536218506362784
0.0,30.457930997100284,0.0,-18.14941693535984,1.6688512927220593e-13,-12.521936475298173
0.0,16.334532520943057,0.0,-5.486238013432464,8.070102045463207e-14,-0.9696896428106264
0.0,30.618946403324568,0.0,-18.31915986666271,8.196573639875079e-14,-12.692991039698411
0.0,16.375630013998855,0.0,-5.51005634092575,-1.0418322632767788e-14,-0.9857828699573554
0.0,30.77573740536079,0.0,-18.484543620974254,-1.0756289459522708e-14,-12.859705796123635
0.0,16.416506911559534,0.0,-5.533828168620568,1.0379448047505034e-13,-1.0018988522858843
0.0,30.928203969259748,0.0,-18.645384380775567,1.056835447558803e-13,-13.021861872222251
0.0,16.457164520182832,0.0,-5.557551699274077,-8.203395867057477e-14,-1.018034837330848
0.0,31.076258214501983,0.0,-18.801513350230195,-8.350067467037965e-14,-13.17925646734135
0.0,16.49760432928334,0.0,-5.581225142202262,1.4147749226239356e-13,-1.0341880129349148
0.0,31.219824954827082,0.0,-18.95277785119968,1.4398930697977162e-13,-13.331704184544568
0.0,16.53782801726128,0.0,-5.604846725284302,-3.918094987145925e-14,-1.0503555214074412
0.0,31.358842165481708,0.0,-19.099042313109315,-3.980874890893031e-14,-13.4790382434069
0.0,16.577837457926027,0.0,-5.628414707811173,-2.3644977255407155e-14,-1.066534474732072
0.0,31.49326137213015,0.0,-19.24018914543371,-2.3975715267666337e-14,-13.6211115595829
0.0,16.617634727150094,0.0,-5.651927394061255,9.709754342559694e-14,-1.0827219707255151
0.0,31.623047958181232,0.0,-19.376119483833207,9.869951827946955e-14,-13.757797679689379
0.0,16.657222109702783,0.0,-5.675383147504075,-9.392701497372503e-15,-1.0989151100061354
0.0,31.748181387923022,0.0,-19.50675380228074,-9.65783725122485e-15,-13.888991561672581
0.0,16.69660210620555,0.0,-5.698780405514928,7.653134025594763e-14,-1.1151110136368128
0.0,31.868655344278764,0.0,-19.63203238588126,7.779945304945524e-14,-14.014610193533455
0.0,16.735777440139678,0.0,-5.722117694473244,-1.0401380382303604e-13,-1.1313068412938432
0.0,31.984477780858263,0.0,-19.75191566081847,-1.0581104773823343e-13,-14.134593045443605
0.0,16.774751064853735,0.0,-5.745393645126725,1.393022660358879e-13,-1.147499809809185
0.0,32.09567088926282,0.0,-19.866384380186055,1.4186090438880228e-13,-14.248902353000078
0.0,16.813526170503966,0.0,-5.768607008085246,-1.833124613304743e-13,-1.1636872119434074
0.0,32.202270983798584,0.0,-19.975439666703068,-1.8677592490743684e-13,-14.357523232054643
0.0,16.852106190869282,0.0,-5.79175666932509,1.7687915489865958e-13,-1.1798664352228991
0.0,32.30432830645051,0.0,-20.07910291494462,1.8005651862095387e-13,-14.460463627633674
0.0,16.890494809991306,0.0,-5.8148416655843,-2.523390016579602e-13,-1.1960349806932555
0.0,32.40190675628068,0.0,-20.177415558123386,-2.572551628820312e-13,-14.557754102259615
0.0,16.92869596857815,0.0,-5.8378611995195975,2.607653082022347e-13,-1.2121904814540718
0.0,32.495083548237524,0.0,-20.270438706210932,2.6531553161782347e-13,-14.649447471177558
0.0,16.96671387012746,0.0,-5.860814654519825,-2.0242779757005448e-13,-1.2283307208274359
0.0,32.583948807027866,0.0,-20.358252663711955,-2.0630811424629667e-13,-14.73561829388431
0.0,17.004552986728438,0.0,-5.883701609074683,2.3672770988648634e-13,-1.244453650029968
0.0,32.66860510246362,0.0,-20.440956336986865,2.4123051702360037e-13,-14.816362233278147
0.0,17.042218064504297,0.0,-5.906521850598882,-2.7879073893463546e-13,-1.2605574052407351
0.0,32.74916693338927,0.0,-20.518666542452227,-2.8422168786080836e-13,-14.891795295479199
0.0,17.079714128659518,0.0,-5.9292753886280085,2.353224766788658e-13,-1.2766403239521935
0.0,32.82576016742243,0.0,-20.591517227615476,2.39807693254443e-13,-14.962052964279335
0.0,17.117046488123634,0.0,-5.951962467327785,-1.7388880396742097e-13,-1.2927009605082376
0.0,32.89852144434196,0.0,-20.659658618066764,-1.774101865766937e-13,-15.027289245494059
0.0,17.154220739753633,0.0,-5.974583577233303,2.0957273151531603e-13,-1.3087381007728165
0.0,32.967597551041855,0.0,-20.723256303941632,2.1333961588955952e-13,-15.087675637092502
0.0,17.191242772103205,0.0,-5.997139466195696,-2.509884122873525e-13,-1.324750775843911
0.0,33.03314477584259,0.0,-20.78249027942824,-2.5589541045534037e-13,-15.143400041100689
0.0,17.228118768749603,0.0,-6.019631149491774,1.446839629371852e-13,-1.3407382747821823
0.0,33.09532825020403,0.0,-20.837553949333543,1.4732731430881206e-13,-15.19466563377573
0.0,17.264855211184223,0.0,-6.042059919078817,-1.5242147360962416e-13,-1.3567001563224201
0.0,33.15432128551402,0.0,-20.888653116293924,-1.5570067757995053e-13,-15.241689710116827
0.0,17.301458881278315,0.0,-6.0644273519884475,1.368655624231589e-13,-1.3726362595529396
0.0,33.21030471238184,0.0,-20.936004961865255,1.3936055987024891e-13,-15.284702518398673
0.0,17.337936863347522,0.0,-6.086735317870563,-1.1658012083388388e-13,-1.38854671356091
0.0,33.263466229611915,0.0,-20.979837034308325,-1.1888245622617072e-13,-15.323946099884472
0.0,17.37429654583101,0.0,-6.108985985694448,1.174123025110002e-13,-1.404431946070744
0.0,33.313999769555764,0.0,-21.02038625510244,1.1937776803879296e-13,-15.359673148026676
0.0,17.410545622631446,0.0,-6.131181829656168,-9.554599579536676e-14,-1.4202926910863949
0.0,33.36210488610564,0.0,-21.057897955473805,-9.749106542911596e-14,-15.392145900515352
0.0,17.4466920941349,0.0,-6.153325634307789,1.79739549746808e-13,-1.4361299956085631
0.0,33.40798617118885,0.0,-21.09262495344413,1.8324622885103195e-13,-15.421635076658465
0.0,17.482744267970915,0.0,-6.175420498986617,-1.3771601548183623e-13,-1.4519452254489633
0.0,33.451852704881816,0.0,-21.124826680701126,-1.4040823195342216e-13,-15.448418871149986
0.0,17.5187107595484,0.0,-6.19746984158533,1.1109961865494275e-13,-1.4677400702318821
0.0,33.49391754402711,0.0,-21.154768367997935,1.130562375293041e-13,-15.472782014521501
0.0,17.554600492419695,0.0,-6.219477401736336,-9.211648447276981e-14,-1.4835165476474095
0.0,33.534397253468754,0.0,-21.182720296509423,-9.382520228353757e-14,-15.495014909121466
0.0,17.590422698532308,0.0,-6.241447243487544,1.3805919952122172e-13,-1.4992770070430201
0.0,33.57351148375934,0.0,-21.20895712195192,1.4046276596804188e-13,-15.515412848647166
0.0,17.626186918423056,0.0,-6.263383757548877,-6.97902822255076e-14,-1.5150241324435951
0.0,33.61148259850701,0.0,-21.233757277116226,-7.103009818184858e-14,-15.534275327928336
0.0,17.6619030014158,0.0,-6.285291663196582,3.971568047599606e-14,-1.5307609450968689
0.0,33.6485353541692,0.0,-21.257402457740532,4.0325545105530446e-14,-15.55190544877715
0.0,17.69758110588579,0.0,-6.307176009926585,-3.774082521549303e-14,-1.546490805646601
0.0,33.68489663477035,0.0,-21.280177195991364,-3.8472389461505855e-14,-15.568609426927964
0.0,17.733231699658457,0.0,-6.329042178951908,7.87754467247842e-14,-1.562217416045226
0.0,33.720795243699044,0.0,-21.30236852521054,8.009451819961419e-14,-15.584696204330085
0.0,17.768865560606855,0.0,-6.350895884642345,-8.734199540349719e-14,-1.5779448213137703
0.0,33.756461754296154,0.0,27.467241966972413,-8.921031430376484e-14,-89.54036211203655
0.0,11.469061279328251,0.0,-2.6223822527305174,-1.0706164568771878e-12,1.2931220179529
0.0,11.39749014651829,0.0,-2.6780760576005522,-1.0542897532068112e-12,1.2510507914783773
0.0,11.325844013708329,0.0,-2.732889609081111,-2.284475023558778e-13,1.2088919019250848
0.0,11.404272880898368,0.0,-2.677610534316739,-2.3164319661848984e-13,1.2549365612344308
0.0,11.332626748088405,0.0,-2.7324092943387512,-5.260065262364704e-14,1.212769607428956
0.0,11.411055615278444,0.0,-2.6771189653324057,-5.3447436927739864e-14,1.2588019767793686
0.0,11.339409482468483,0.0,-2.7319017969439865,7.158850668228775e-15,1.216628808683692
0.0,11.41783834965852,0.0,-2.676601003786007,7.295063074349019e-15,1.2626481959734854
0.0,11.34619221684856,0.0,-2.7313668375103397,7.304497473185175e-15,1.220470636037024
0.0,11.424621084038598,0.0,-2.6760563271447135,7.384303822764663e-15,1.26647635536268
0.0,11.352974951228637,0.0,-2.730804159767283,6.753934017233078e-15,1.224296198304337
0.0,11.431403818418676,0.0,-2.6754846369199683,6.843900017225362e-15,1.270287570307143
0.0,11.359757685608715,0.0,-2.730213530283141,3.0125410033531464e-15,1.2281065829045281
0.0,11.438186552798754,0.0,-2.6748856583823564,3.0044326582153786e-15,1.2740829351103837
0.0,11.366540419988791,0.0,-2.7295947381872945,-6.59890392094569e-15,1.2319028559961858
0.0,11.444969287178829,0.0,-2.674259140275767,-6.653594831974037e-15,1.277863523148569
0.0,11.373323154368869,0.0,-2.7289475948917,1.1922267379452278e-14,1.235686062614111
0.0,11.451752021558907,0.0,-2.673604854530872,1.1708685349167704e-14,1.2816303870002042
0.0,11.380105888748945,0.0,-2.7282719338117065,-2.0340133759465944e-14,1.2394572268061537
0.0,11.458534755938985,0.0,-2.6729225959778984,-2.0738238251638415e-14,1.2853845585761305
0.0,11.386888623129023,0.0,-2.7275676100861768,3.890888541367953e-14,1.2432173517703835
0.0,11.465317490319062,0.0,-2.672212182058712,3.9253518917277497e-14,1.2891270492498554
0.0,11.3936713575091,0.0,-2.726834500296917,-3.7134313567761864e-15,1.2469674199925858
0.0,11.47210022469914,0.0,-2.6714734525382062,-3.752735951752978e-15,1.2928588499882123
0.0,11.400454091889177,0.0,-2.726072502187411,-2.4736520572771633e-15,1.2507083933840868
0.0,11.478882959079215,0.0,-2.6707062692149925,-2.3837399705770837e-15,1.2965809314823407
0.0,11.407236826269255,0.0,-2.725281534380847,-1.2030938624077608e-14,1.2544412134198986
0.0,11.485665693459293,0.0,-2.6699105156313934,-1.2198282915115682e-14,1.3002942442790046
0.0,11.414019560649331,0.0,-2.724461536097475,4.1177332724904924e-14,1.258166801277211
0.0,11.49244842783937,0.0,-2.669086096782747,4.154812201111498e-14,1.3039997189122272
0.0,11.420802295029409,0.0,-2.7236124668712383,8.775217034224153e-15,1.2618860579741833
0.0,11.499231162219449,0.0,-2.6682329388260086,8.950012921628401e-15,1.307698266035262
0.0,11.427585029409487,0.0,-2.722734306265734,-3.2762613643772873e-15,1.2655998645090925
0.0,11.506013896599526,0.0,-2.6673509887876614,-3.4079559111525875e-15,1.3113907765528814
0.0,11.434367763789563,0.0,-2.72182705358946,-2.1457965910108585e-14,1.2693090819997863
0.0,11.5127966309796,0.0,-2.6664402142709323,-2.18835087823412e-14,1.3150781217540128
0.0,11.441150498169641,0.0,-2.7208907276103833,-2.1269257839668134e-14,1.2730145518234743
0.0,11.519579365359679,0.0,-2.6655006031623114,-2.1682478937275685e-14,1.318761153444676
0.0,11.447933232549717,0.0,-2.719925366269796,-2.2357915803872204e-14,1.2767170957568497
0.0,11.526362099739757,0.0,-2.6645321633373684,-2.2818083336849333e-14,1.322440704081265
0.0,11.454715966929795,0.0,-2.718931026395491,-4.128013802701683e-15,1.2804175161165277
0.0,11.533144834119835,0.0,-2.6635349223658937,-4.38965610881899e-15,1.3261175869041608
0.0,11.461498701309873,0.0,-2.717907783414234,1.821192291878009e-14,1.2841165958998246
0.0,11.539927568499913,0.0,-2.6625089272163165,1.848162058814493e-14,1.329792596071652
0.0,11.46828143568995,0.0,-2.7168557310635353,-7.974505603243709e-15,1.2878150989258512
0.0,11.546710302879987,0.0,-2.66145424395945,-7.962091312444166e-15,1.3334665067942062
0.0,11.475064170070027,0.0,-2.7157749811027436,2.1127232723880082e-14,1.2915137699769474
0.0,11.553493037260065,0.0,-2.660370957471537,2.144605539942648e-14,1.3371400754690557
0.0,11.481846904450103,0.0,-2.7146656630234247,-1.4760865557931273e-14,1.2952133349404304
0.0,11.560275771640143,0.0,-2.6592591711365876,-1.49791195423981e-14,1.3408140398151116
0.0,11.488629638830181,0.0,-2.7135279237590577,-1.4050498523551524e-15,1.298914500950685
0.0,11.56705850602022,0.0,-2.658119006548033,-1.4645423415143081e-15,1.3444891190082076
0.0,11.495412373210259,0.0,-2.7123619273940296,-9.240361497169452e-15,1.3026179565315679
0.0,11.573841240400299,0.0,-2.656950603209685,-9.263978874513772e-15,1.3481660138166744
0.0,11.502195107590335,0.0,-2.7111678548719396,1.0167214813616519e-14,1.3063243717391506
0.0,11.580623974780373,0.0,-2.6557541182359934,1.0321240149249634e-14,1.3518454067372376
0.0,11.508977841970413,0.0,-2.709945903703197,3.757022076818667e-14,1.3100343983047795
0.0,11.587406709160451,0.0,-2.654529726051609,3.785733942685686e-14,1.3555279621312417
0.0,11.51576057635049,0.0,-2.7086962876719425,-1.3998728529534484e-14,1.3137486697784784
0.0,11.594189443540529,0.0,-2.6532776180902586,-1.4356263199499123e-14,1.359214326361208
0.0,11.522543310730567,0.0,-2.707419236542254,1.0291659967766634e-14,1.3174678016726578
0.0,11.600972177920607,0.0,-2.6519980024929124,1.044597658210863e-14,1.3629051279277138
0.0,11.529326045110645,0.0,-2.706114995763676,7.211605957656136e-15,1.3211923916061763
0.0,11.607754912300685,0.0,-2.650691103805264,7.384908536975516e-15,1.3666009776066017
0.0,11.536108779490721,0.0,-2.7047838261760315,7.39440558573289e-15,1.3249230194487072
0.0,11.614537646680759,0.0,-2.649357162674521,7.429302071660624e-15,1.3703024685865206
0.0,11.5428915138708,0.0,-2.703426003713559,3.0194693629610395e-14,1.328660247465443
0.0,11.621320381060837,0.0,-2.6479964355454833,3.0529895414443277e-14,1.374010176606785
0.0,11.549674248250875,0.0,-2.7020418191083446,-1.4967177234053953e-14,1.332404620462135
0.0,11.628103115440915,0.0,-2.6466091943559418,-1.5269318983993508e-14,1.3777246600955728
0.0,11.556456982630953,0.0,-2.7006315775930574,-8.782519279218495e-15,1.3361566659304422
0.0,11.634885849820993,0.0,-2.645195726231372,-9.01678192839333e-15,1.3814464603084406
0.0,11.563239717011031,0.0,-2.699195598602997,4.5671196619170344e-14,1.3399168941936255
0.0,11.64166858420107,0.0,-2.6437563331789358,4.618269791813221e-14,1.385176101467172
0.0,11.570022451391107,0.0,-2.697734215477436,1.953122417306321e-14,1.343685798552559
0.0,11.648451318581145,0.0,-2.6422913317807906,1.9781358654572268e-14,1.3889140908989563
0.0,11.576805185771185,0.0,-2.696247775160272,2.516133340625001e-16,1.3474638554320704
0.0,11.655234052961223,0.0,-2.640801052886696,7.478624656655318e-17,1.3926609191758856
0.0,11.583587920151261,0.0,-2.6947366378999904,2.8118116556651793e-14,1.3512515245276169
0.0,11.662016787341301,0.0,-2.639285841305933,2.8534191138292746e-14,1.3964170602547907
0.0,11.59037065453134,0.0,-2.693201176948914,2.1394572115440597e-14,1.3550492489522725
0.0,11.668799521721379,0.0,-2.637746055498525,2.1716027334716472e-14,1.4001829716173977
0.0,11.597153388911417,0.0,-2.6916417782617765,-1.105459893381869e-15,1.3588574553840598
0.0,11.675582256101457,0.0,-2.6361820672657554,-1.1652950799286264e-15,1.4039590944108107
0.0,11.603936123291493,0.0,-2.690058840193596,-9.005655894504098e-15,1.362676554213606
0.0,11.682364990481531,0.0,-2.6345942614400033,-9.160481390773594e-15,1.4077458535883267
0.0,11.610718857671571,0.0,-2.6884527731968384,1.8272460216410048e-14,1.3665069396921092
0.0,11.68914772486161,0.0,-2.632983035573876,1.8428343977801942e-14,1.411543658050578
0.0,11.617501592051648,0.0,-2.686823999517908,1.452972170003801e-14,1.3703489900796624
0.0,11.695930459241687,0.0,-2.6313487996286486,1.4432519965873794e-14,1.415352900787001
0.0,11.624284326431725,0.0,-2.6851729528929233,6.601223113624193e-15,1.374203067793876
0.0,11.702713193621765,0.0,-2.6296919756620016,6.645483215413747e-15,1.4191739590176264
0.0,11.631067060811803,0.0,-2.6835000782428136,7.961696043443737e-15,1.37806951955885
0.0,11.709495928001843,0.0,-2.628012997515073,8.14963794681878e-15,1.4230071943352103
0.0,11.63784979519188,0.0,-2.681805831367702,-2.588736655586203e-14,1.3819486765544564
0.0,11.716278662381917,0.0,-2.6263123104988133,-2.6196264334273695e-14,1.426852952847684
0.0,11.644632529571957,0.0,-2.6800906786406093,1.30708417547614e-14,1.385840854565961
0.0,11.723061396761995,0.0,-2.6245903710796354,1.2770012949278323e-14,1.4307115653209281
0.0,11.651415263952034,0.0,-2.678355096700461,4.424444930316996e-14,1.3897463541339752
0.0,11.729844131142073,0.0,-2.6228476465643786,4.4672246057168333e-14,1.4345833473218832
0.0,11.658197998332112,0.0,-2.676599572144384,-8.37938662567492e-15,1.3936654607047176
0.0,11.736626865522151,0.0,-2.62108461478458,-8.663374416669833e-15,1.4384685993619848
0.0,11.66498073271219,0.0,-2.6748246012193255,-6.051999529537241e-15,1.397598444780623
0.0,11.743409599902229,0.0,-2.6193017637800367,-6.142989316497299e-15,1.4423676070409217
0.0,11.671763467092266,0.0,-2.6730306895129665,1.353711854863966e-14,1.4015455620712682
0.0,11.750192334282303,0.0,-2.617499591481687,1.3224721682273511e-14,1.4462806411907292
0.0,11.678546201472344,0.0,-2.671218351643942,2.3091585598424933e-14,1.4055070536446306
0.0,11.756975068662381,0.0,-2.6156786053937875,2.3455032037160675e-14,1.4502079580202034
0.0,11.68532893585242,0.0,-2.6693881109513677,3.3339649509525467e-14,1.4094831460786668
0.0,11.76375780304246,0.0,-2.613839322275396,3.370755088887652e-14,1.4541497992596442
0.0,11.692111670232498,0.0,-2.66754049918367,-6.996372980216798e-15,1.4134740516132318
0.0,11.770540537422537,0.0,-2.6119822678211677,-7.11284660804185e-15,1.458106392305933
0.0,11.698894404612576,0.0,-2.665676056186722,2.049352767293968e-14,1.4174799683023127
0.0,11.777323271802615,0.0,-2.6101079763414394,2.08289970342331e-14,1.4620779503679286
0.0,11.705677138992652,0.0,-2.663795329591274,1.625150423164985e-14,1.4215010801665935
0.0,11.78410600618269,0.0,-2.608216990441635,1.610831622228723e-14,1.4660646726121973
0.0,11.71245987337273,0.0,-2.6618988744997116,4.0480485415210345e-14,1.4255375573463538
0.0,11.790888740562767,0.0,-2.6063098607009607,4.0999816787586936e-14,1.4700667443090591
0.0,11.719242607752806,0.0,-2.659987253172095,1.4056115710157347e-14,1.4295895562546934
0.0,11.797671474942845,0.0,-2.6043871453504246,1.4205939923781495e-14,1.4740843369789889
0.0,11.726025342132884,0.0,-2.6580610347115057,-2.727871288867991e-14,1.4336572197310686
0.0,11.804454209322923,0.0,-2.602449409950138,-2.7676896147904063e-14,1.478117608539307
0.0,11.732808076512962,0.0,-2.656120794748724,-1.0579423855255453e-14,1.4377406771951893
0.0,11.811236943703001,0.0,-2.6004972270659303,-1.086861348723911e-14,1.4821667034512278
0.0,11.739590810893038,0.0,-2.6541671151261697,-4.583222048064389e-14,1.4418400448012032
0.0,11.818019678083076,0.0,-2.598531175945283,-4.662416819608045e-14,1.486231752867223
0.0,11.746373545273116,0.0,-2.652200583581182,-5.097386888362479e-16,1.4459554255922453
0.0,11.824802412463153,0.0,-2.596551842192545,-7.120670206684479e-16,1.4903128747787167
0.0,11.753156279653192,0.0,-2.650221793428587,-3.5693783891144785e-14,1.4500869096552849
0.0,11.831585146843231,0.0,-2.5945598174434625,-3.613856784214502e-14,1.4944101741641005
0.0,11.75993901403327,0.0,-2.6482313432425695,8.712527183327523e-15,1.4542345742763203
0.0,11.83836788122331,0.0,-2.592555699039025,8.724092873670721e-15,1.4985237431370917
0.0,11.766721748413348,0.0,-2.646229836537864,1.1376520850711803e-14,1.458398484095894
0.0,11.845150615603387,0.0,-2.5905400896985866,1.1618518741401046e-14,1.502653661095397
0.0,11.773504482793424,0.0,-2.6442178814502264,-9.243820295157803e-16,1.4625786912649321
0.0,11.851933349983462,0.0,-2.58851359719233,-9.848075228864353e-16,1.5067999948697262
0.0,11.780287217173502,0.0,-2.6421960904162374,-8.921904204349722e-15,1.4667752356009167
0.0,11.85871608436354,0.0,-2.5864768340130033,-9.125504156406241e-15,1.5109627988731207
0.0,11.787069951553578,0.0,-2.6401650798523844,1.004613500787088e-14,1.4709881447443842
0.0,11.865498818743617,0.0,-2.5844304170469736,1.0119330546596123e-14,1.5151421152506073
0.0,11.793852685933656,0.0,-2.6381254698334713,-1.7004363316902e-14,1.4752174343157507
0.0,11.872281553123695,0.0,-2.58237496724459,-1.727919456871206e-14,1.5193379740291921
0.0,11.800635420313734,0.0,-2.6360778837703145,-1.5979983770703433e-14,1.4794631080724656
0.0,11.879064287503773,0.0,-2.5803111092898443,-1.6300842005628e-14,1.523550393268171
0.0,11.80741815469381,0.0,-2.634022948086753,-4.400028913349734e-15,1.483725158066489
0.0,11.885847021883848,0.0,-2.5782394712693377,-4.489927686912383e-15,1.5277793792097714
0.0,11.814200889073888,0.0,-2.6319612918959616,-2.172858181268353e-14,1.488003564802107
0.0,11.892629756263926,0.0,-2.576160684340552,-2.2236871304299586e-14,1.5320249264301218
0.0,11.820983623453964,0.0,-2.6298935466760716,-3.701904342219463e-15,1.492298297394064
0.0,11.899412490644004,0.0,-2.574075382399424,-3.946649399246231e-15,1.5362870179905475
0.0,11.827766357834042,0.0,-2.6278203459450857,-6.359503029701613e-16,1.4966093137260237
0.0,11.906195225024081,0.0,-2.5719842017472336,-8.038409730946817e-16,1.5405656255891989
0.0,11.83454909221412,0.0,-2.6257423249351084,1.3795467158765705e-14,1.5009365606093632
0.0,11.91297795940416,0.0,-2.569887780756784,1.388564166838867e-14,1.5448607097130005
0.0,11.841331826594196,0.0,-2.623660120265879,-2.7929564464563232e-14,1.5052799739422964
0.0,11.919760693784234,0.0,-2.5677867595378916,-2.8114133061876012e-14,1.5491722197899307
0.0,11.848114560974274,0.0,-2.6215743696176057,-3.572746159498835e-15,1.509639478869312
0.0,11.926543428164312,0.0,-2.565681779602183,-3.732835125348222e-15,1.5535000943416308
0.0,11.85489729535435,0.0,-2.619485711403103,2.0853357140268855e-14,1.5140149899409538
0.0,11.93332616254439,0.0,-2.5635734835271924,2.1049861474480156e-14,1.5578442611363377
0.0,11.861680029734428,0.0,-2.6173947844392416,3.787879374217546e-15,1.5184064112739202
0.0,11.940108896924468,0.0,-2.5614625146197674,3.912905419903653e-15,1.5622046373421496
0.0,11.868462764114506,0.0,-2.6153022276176925,1.5226739844289954e-14,1.5228136367114935
0.0,11.946891631304545,0.0,-2.5593495165787767,1.5558797834327898e-14,1.5665811296806147
0.0,11.875245498494582,0.0,-2.613208679574991,2.2674753472839116e-15,1.527236549984302
0.0,11.95367436568462,0.0,-2.5572351331571253,2.1745765259829315e-15,1.5709736345806493
0.0,11.88202823287466,0.0,-2.6111147783618764,2.8426904625402883e-15,1.531675024871391
0.0,11.960457100064698,0.0,-2.5551200078230685,2.7377138361518633e-15,1.5753820383327815
0.0,11.888810967254736,0.0,-2.6090211611119813,-1.2582635630907034e-14,1.536128925361654
0.0,11.967239834444776,0.0,-2.553004783420835,-1.2817208662555348e-14,1.5798062172437264
0.0,11.895593701634814,0.0,-2.6069284637097763,1.1159948596435254e-14,1.5405981058155578
0.0,11.974022568824854,0.0,-2.550890101830559,1.1330456902945765e-14,1.5842460377912884
0.0,11.902376436014892,0.0,-2.604837320457858,-2.133301552242208e-14,1.5450824111272181
0.0,11.980805303204932,0.0,-2.548776603627501,-2.1807933724386875e-14,1.588701356779581
0.0,11.909159170394968,0.0,-2.602748363743514,-3.3181752234838386e-14,1.5495816768867885
0.0,11.987588037585006,0.0,-2.5466649277406006,-3.35426787347349e-14,1.5931720214945997
0.0,11.915941904775046,0.0,-2.600662223704616,1.7905613989716498e-15,1.5540957295431894
0.0,11.994370771965084,0.0,-2.5445557111103008,1.6241212331989775e-15,1.5976578698600856
0.0,11.922724639155122,0.0,-2.598579527894797,-2.1082233953986682e-14,1.5586243865671534
0.0,12.001153506345162,0.0,-2.5424495883457032,-2.1483210912433927e-14,1.6021587305937517
0.0,11.9295073735352,0.0,-2.5965009009479507,-2.2181592497409438e-14,1.5631674566146068
0.0,12.00793624072524,0.0,-2.5403471913810107,-2.2656490092650157e-14,1.6066744233638104
0.0,11.936290107915278,0.0,-2.5944269642420146,1.6755106377733265e-14,1.5677247396903715
0.0,12.014718975105318,0.0,-2.5382491491312944,1.7043640306828588e-14,1.6112047589458545
0.0,11.943072842295354,0.0,-2.5923583355620883,-3.0003521767453433e-15,1.5722960273122037
0.0,12.021501709485392,0.0,-2.536156087147537,-3.1004854226205873e-15,1.615749539380033
0.0,11.949855576675432,0.0,-2.5902956287628207,-1.113574275519709e-14,1.5768811026751517
0.0,12.02828444386547,0.0,-2.5340686272710067,-1.1464932379637174e-14,1.6203085581285859
0.0,11.956638311055508,0.0,-2.588239453430124,2.266501509738546e-14,1.581479740816238
0.0,12.035067178245548,0.0,-2.531987387286926,2.3070196485590912e-14,1.6248816002336905
0.0,11.963421045435586,0.0,-2.5861904145422008,-1.3742537374068775e-14,1.5860917087794892
0.0,12.041849912625626,0.0,-2.52991298057744,-1.383351750108733e-14,1.6294684424756376
0.0,11.970203779815664,0.0,-2.584149112129839,1.6976654619212436e-14,1.5907167657812664
0.0,12.048632647005704,0.0,-2.527846015773894,1.7024513347170665e-14,1.6340688535313321
0.0,11.97698651419574,0.0,-2.58211614093606,-3.8766028715151914e-16,1.5953546633759488
0.0,12.055415381385778,0.0,-2.5257870964084184,-4.611440304362589e-16,1.638682594133131
0.0,11.983769248575818,0.0,-2.5800920900750244,2.5702371864457767e-14,1.6000051456219186
0.0,12.062198115765856,0.0,-2.52373682056482,2.607578378624995e-14,1.6433094172280052
0.0,11.990551982955894,0.0,-2.5780775426902776,-4.767278841848838e-15,1.6046679492478964
0.0,12.068980850145934,0.0,-2.521695780528756,-4.883194625452676e-15,1.647949068137011
0.0,11.997334717335972,0.0,-2.576073075612288,-1.1606513320161318e-14,1.609342803819599
0.0,12.075763584526012,0.0,-2.519664562437259,-1.1901403165822852e-14,1.6526012847151326
0.0,12.00411745171605,0.0,-2.5740792590152726,1.966282659025236e-14,1.6140294319067072
0.0,12.08254631890609,0.0,-2.517643745927507,2.0016051252882727e-14,1.6572657975113942
0.0,12.010900186096126,0.0,-2.572096656073369,1.3319223164938457e-14,1.618727549250196
0.0,12.089329053286164,0.0,-2.515633903784939,1.3205454330244292e-14,1.6619423299293468
0.0,12.017682920476204,0.0,-2.5701258226160535,-2.9212292699644733e-15,1.623436864929943
0.0,12.096111787666242,0.0,-2.513635601590692,-3.0218689263510885e-15,1.6666305983878806
0.0,12.02446565485628,0.0,-2.568167306782934,1.684532424096819e-15,1.6281570815327286
0.0,12.10289452204632,0.0,-2.511649397368261,1.4564480948310845e-15,1.671330312482309
0.0,12.031248389236358,0.0,-2.566221648677775,6.8457146810128656e-15,1.6328878953204944
0.0,12.109677256426398,0.0,-2.5096758412295688,6.854961430049687e-15,1.676041175145862
0.0,12.038031123616436,0.0,-2.564289380021881,2.707549758162751e-14,1.6376289963989803
0.0,12.116459990806476,0.0,-2.5077154750202593,2.7487657578341676e-14,1.6807628828114463
0.0,12.044813857996512,0.0,-2.562371023806766,2.4827404431325632e-14,1.6423800688866752
0.0,12.12324272518655,0.0,-2.505768831964341,2.5201986952848785e-14,1.6854951255737596
0.0,12.05159659237659,0.0,-2.5604670939461243,1.6466813806577198e-14,1.6471407910840863
0.0,12.130025459566628,0.0,-2.5038364363081085,1.675708471959622e-14,1.6902375873517235
0.0,12.058379326756667,0.0,-2.558578094927096,1.932893852311762e-15,1.6519108356433327
0.0,12.136808193946706,0.0,-2.5019188029633908,1.7646934033722546e-15,1.6949899460512512
0.0,12.065162061136744,0.0,-2.556704521460877,4.467071121409664e-15,1.6566898697380963
0.0,12.143590928326784,0.0,-2.5000164371500833,4.508531162741006e-15,1.699751873728332
0.0,12.071944795516822,0.0,-2.5548468581325756,-2.3185830353591802e-14,1.6614775552338568
0.0,12.150373662706862,0.0,-2.49812983403801,-2.337823812332478e-14,1.7045230367524657
0.0,12.078727529896899,0.0,-2.5530055790504327,-2.2735224236681882e-14,1.666273548858498
0.0,12.157156397086936,0.0,-2.4962594783880454,-2.2914722849745138e-14,1.7093030959703783
0.0,12.085510264276976,0.0,-2.5511811474943,-2.903409965808011e-14,1.6710775023732076
0.0,12.163939131467014,0.0,-2.4944058441926042,-2.945516320400845e-14,1.714091706870132
0.0,12.092292998657053,0.0,-2.5493740155634432,1.6335160393049182e-15,1.6758890627437188
0.0,12.170721865847092,0.0,-2.4925693943153853,1.6600672314650708e-15,1.7188885197455095
0.0,12.09907573303713,0.0,-2.54758462382366,-2.13604360083928e-14,1.6807078723118885
0.0,12.17750460022717,0.0,-2.4907505801304284,-2.1805038178061038e-14,1.7236931798607296
0.0,12.105858467417209,0.0,-2.545813400953682,-4.080608892044351e-14,1.6855335689675846
0.0,12.184287334607248,0.0,-2.4889498411604913,-4.140202474871818e-14,1.728505327615523
0.0,12.112641201797285,0.0,-2.5440607633908843,8.02617877244482e-15,1.6903657863209105
0.0,12.191070068987322,0.0,-2.48716760471474,8.269489639196644e-15,1.733324598710523
0.0,12.119423936177363,0.0,-2.542327114976313,8.958178295499205e-15,1.695204153874756
0.0,12.1978528033674,0.0,-2.4854042855257026,9.152883253782887e-15,1.7381506243129563
0.0,12.126206670557439,0.0,-2.540612846599008,1.0521584113329227e-14,1.7000482971976787
0.0,12.204635537747478,0.0,-2.4836602853855654,1.0682437086365606e-14,1.742983031222695
0.0,12.132989404937517,0.0,-2.538918335839632,1.6128429234583443e-14,1.7048978380971105
0.0,12.211418272127556,0.0,-2.481935992781756,1.6310391097750823e-14,1.7478214420386196
0.0,12.139772139317595,0.0,-2.5372439466134025,1.0215915336033364e-14,1.70975239479289
0.0,12.218201006507634,0.0,-2.480231782531844,1.0425652073833348e-14,1.7526654753253208
0.0,12.14655487369767,0.0,-2.5355900288123268,1.0438313875211133e-14,1.7146115820911199
0.0,12.224983740887708,0.0,-2.478548015417728,1.0599077772309522e-14,1.7575147457801124
0.0,12.153337608077749,0.0,-2.5339569179467607,9.251791385767879e-15,1.7194750115583726
0.0,12.231766475267786,0.0,-2.476885037819144,9.252762047146515e-15,1.7623688644003892
0.0,12.160120342457825,0.0,-2.5323449347862326,1.0625522290113313e-14,1.7243422916961852
0.0,12.238549209647864,0.0,-2.475243181346462,1.0786849976022912e-14,1.7672274386512927
0.0,12.166903076837903,0.0,-2.5307543849996126,1.624905594277152e-14,1.7292130281159193
0.0,12.245331944027942,0.0,-2.4736227624728153,1.6394090273280314e-14,1.7720900726337367
0.0,12.17368581121798,0.0,-2.5291855587945644,2.8000332431535858e-14,1.7340868237139313
0.0,12.25211467840802,0.0,-2.4720240821655044,2.8457273535739906e-14,1.7769563672527284
0.0,12.180468545598057,0.0,-2.527638730556286,2.917664152650366e-14,1.7389632788470524
0.0,12.258897412788095,0.0,-2.470447425516707,2.946375129174596e-14,1.7818259203860167
0.0,12.187251279978135,0.0,-2.5261141584856293,2.950195524835226e-14,1.7438419915084613
0.0,12.265680147168172,0.0,-2.468893061373528,2.983800611645569e-14,1.7866983270531105
0.0,12.19403401435821,0.0,-2.5246120842364004,4.9676805318703154e-14,1.7487225575037828
0.0,12.27246288154825,0.0,-2.467361241967304,5.0299890387530834e-14,1.791573179584563
0.0,12.200816748738289,0.0,-2.5231327325520962,1.825730723654938e-14,1.7536045706276195
0.0,12.279245615928328,0.0,-2.465852202542253,1.8517096679411982e-14,1.796450067791637
0.0,12.207599483118367,0.0,-2.521676310901835,1.854015096422273e-14,1.7584876228403228
0.0,12.286028350308406,0.0,-2.464366160983411,1.8677541885956102e-14,1.80132857913627
0.0,12.214382217498443,0.0,-2.5202430091156804,-1.6183528792453065e-14,1.7633713044451642
0.0,12.29281108468848,0.0,-2.462903317443865,-1.666105880524052e-14,1.8062082989013646
0.0,12.22116495187852,0.0,-2.518832999019193,-4.40637243669567e-14,1.7682552042657675
0.0,12.299593819068559,0.0,-2.461463853971311,-4.457106324418953e-14,1.8110888103614236
0.0,12.227947686258597,0.0,-2.5174464340673746,-4.1208554156976994e-14,1.7731389098239485
0.0,12.306376553448636,0.0,-2.460047934133898,-4.182209085254599e-14,1.8159696949534996
0.0,12.234730420638675,0.0,-2.516083448977803,-2.20063129708447e-14,1.7780220075177788
0.0,12.313159287828714,0.0,-2.4586557026453955,-2.2407646711014174e-14,1.82085053244848
0.0,12.241513155018753,0.0,-2.514744159363193,-2.5526419157796206e-15,1.7829040828000846
0.0,12.319942022208792,0.0,-2.457287284989656,-2.5578624095148877e-15,1.8257309011227014
0.0,12.248295889398829,0.0,-2.5134286613631254,2.3513575922613025e-14,1.787784720357159
0.0,12.326724756588867,0.0,-2.455942787044366,2.374433008535007e-14,1.8306103779298746
0.0,12.255078623778907,0.0,-2.5121370312752926,1.803289892048656e-15,1.792663504287976
0.0,12.333507490968945,0.0,-2.4546222947041123,1.830267875502424e-15,1.835488538673339
0.0,12.261861358158983,0.0,-2.5108693251857557,-2.152911901715171e-14,1.7975400182834869
0.0,12.340290225349023,0.0,-2.453325873502807,-2.200359345430993e-14,1.8403649581787023
0.0,12.268644092539061,0.0,-2.5096255785987758,-1.4095478958786609e-15,1.802413845806476
0.0,12.3470729597291,0.0,-2.4520535682352915,-1.5478303158469742e-15,1.845239210466694
0.0,12.275426826919139,0.0,-2.5084058060657997,2.5280059814787626e-14,1.8072845702716094
0.0,12.353855694109178,0.0,-2.4508054025783887,2.5723123084731057e-14,1.8501108689264678
0.0,12.282209561299215,0.0,-2.5072100008138114,1.2676334063233088e-14,1.8121517752258667
0.0,12.360638428489253,0.0,-2.4495813787111436,1.2582099015041606e-14,1.8549795064891414
0.0,12.288992295679293,0.0,-2.506038134372916,-2.556571280184708e-15,1.8170150445292468
0.0,12.36742116286933,0.0,-2.4483814769344603,-2.7586091594073842e-15,1.8598446958017267
0.0,12.29577503005937,0.0,-2.504890156203349,1.860595429004524e-14,1.8218739625358848
0.0,12.374203897249409,0.0,-2.4472056552899537,1.8928997846797455e-14,1.8647060094013284
0.0,12.302557764439447,0.0,-2.50376599332165,-3.810276967942876e-15,1.8267281142754013
0.0,12.380986631629487,0.0,-2.4460538491781847,-3.91592561394891e-15,1.869563019889724
0.0,12.309340498819525,0.0,-2.5026655499262973,1.0573421324555571e-14,1.8315770856346905
0.0,12.387769366009564,0.0,-2.4449259709761577,1.0848902524932098e-14,1.8744153001082435
0.0,12.316123233199601,0.0,-2.501588707022459,7.408759121976576e-15,1.8364204635398929
0.0,12.394552100389639,0.0,-2.4438219096541522,7.443985175520068e-15,1.8792624233129964
0.0,12.322905967579679,0.0,-2.500535322046215,6.7616317692142526e-15,1.8412578361388237
0.0,12.401334834769717,0.0,-2.4427415303918036,6.807960889978686e-15,1.8841039633503844
0.0,12.329688701959755,0.0,-2.4995052284880246,8.198661901472002e-15,1.8460887929836884
0.0,12.408117569149795,0.0,-2.4416846741935334,8.284542774104031e-15,1.8889394948329734
0.0,12.336471436339833,0.0,-2.498498235515463,-2.769497486820391e-14,1.8509129252140912
0.0,12.414900303529873,0.0,-2.4406511575032983,-2.789792653195132e-14,1.8937685933157147
0.0,12.343254170719911,0.0,-2.4975141275952963,-1.2007671531791674e-14,1.8557298257404022
0.0,12.42168303790995,0.0,-2.4396407718186146,-1.2211389617565888e-14,1.8985908354724566
0.0,12.350036905099987,0.0,-2.4965526641148763,-2.5267614330007896e-15,1.8605390894274563
0.0,12.428465772290025,0.0,-2.438653283303854,-2.5550241972553473e-15,1.9034057992727647
0.0,12.356819639480065,0.0,-2.495613579002816,-1.573612116840091e-14,1.8653403132785764
0.0,12.435248506670103,0.0,-2.4376884324029677,-1.5795616540088255e-14,1.9082130641591746
0.0,12.363602373860141,0.0,-2.494696580348945,2.026926110015774e-14,1.8701330966198861
0.0,12.44203124105018,0.0,-2.4367459334513084,2.049756000100171e-14,1.9130122112245895
0.0,12.37038510824022,0.0,-2.4938013500236527,1.0107236103541326e-14,1.874917041285035
0.0,12.448813975430259,0.0,-2.435825474287021,1.003345924311409e-14,1.917802823390241
0.0,12.377167842620297,0.0,-2.4929275432964104,-6.632238716552492e-15,1.8796917518001282
0.0,12.455596709810337,0.0,-2.4349267158614674,-6.917513797167312e-15,1.9225844855837326
0.0,12.383950577000373,0.0,-2.492074788453783,-2.0600812200471387e-15,1.8844568355691593
0.0,12.462379444190411,0.0,-2.4340492918491665,-2.1256437830435083e-15,1.9273567849176043
0.0,12.390733311380451,0.0,-2.491242686416519,-7.696839072247697e-15,1.889211903059564
0.0,12.469162178570489,0.0,-2.4331928082569094,-7.833363059797667e-15,1.9321193108681083
0.0,12.397516045760527,0.0,-2.4904308103560857,2.4189008866181632e-14,1.8939565679882306
0.0,12.475944912950567,0.0,-2.43235684303229,2.4485706754121176e-14,1.9368716554544074
0.0,12.404298780140605,0.0,-2.489638705310517,-1.5900392111051e-14,1.8986904475078388
0.0,12.482727647330645,0.0,-2.4315409456714177,-1.6211125197584663e-14,1.9416134134179923
0.0,12.411081514520683,0.0,-2.4888658877995518,8.86997323662563e-15,1.903413162393513
0.0,12.489510381710723,0.0,-2.430744636825973,8.970186593325167e-15,1.9463441824024692
0.0,12.41786424890076,0.0,-2.488111845438951,-2.2421530193658173e-14,1.9081243372297054
0.0,12.496293116090797,0.0,-2.4299674079096683,-2.2744177407461944e-14,1.9510635631337485
0.0,12.424646983280837,0.0,-2.487376036554348,3.0613735288307445e-15,1.9128236005975918
0.0,12.503075850470875,0.0,-2.429208720703899,2.9143448928296226e-15,1.955771159600479
0.0,12.431429717660913,0.0,-2.4866578897941896,-5.927707775336096e-14,1.9175105852626173
0.0,12.509858584850953,0.0,-2.4284680069627025,-6.02159896159403e-14,1.9604665792347928
0.0,12.438212452040991,0.0,-2.4859568037420865,-1.0648855682864398e-14,1.9221849283624555
0.0,12.51664131923103,0.0,-2.4277446680170938,-1.077706645333688e-14,1.9651494330934587
0.0,12.44499518642107,0.0,-2.4852721465285366,-3.248604277062111e-14,1.9268462715953605
0.0,12.523424053611109,0.0,-2.427038074378614,-3.294928179975798e-14,1.969819336039272
0.0,12.451777920801145,0.0,-2.484603255441765,-2.5292208866865528e-14,1.9314942614086754
0.0,12.530206787991183,0.0,-2.426347565342337,-2.5669457811445737e-14,1.9744759069229054
0.0,12.458560655181223,0.0,-2.4839494365379755,-3.5515949570335826e-14,1.9361285491877753
0.0,12.536989522371261,0.0,-2.425672448588958,-3.5960353194971856e-14,1.9791187687649068
0.0,12.4653433895613,0.0,-2.4833099642510352,-1.1466203471232064e-14,1.9407487914454262
0.0,12.543772256751339,0.0,-2.425011999786367,-1.1621504309238944e-14,1.9837475489381637
0.0,12.472126123941377,0.0,-2.4826840810011697,-3.4795927330634345e-14,1.9453546500112422
0.0,12.550554991131417,0.0,-2.4243654621904502,-3.5237657133487075e-14,1.9883618793506375
0.0,12.478908858321455,0.0,-2.482070996803233,-1.4922139589822764e-14,1.949945792221687
0.0,12.557337725511495,0.0,-2.423732046245277,-1.5307844132766537e-14,1.992961396628501
0.0,12.485691592701532,0.0,-2.4814698888740896,-2.4465427639759576e-14,1.954521891110247
0.0,12.56412045989157,0.0,-2.4231109291824198,-2.4816819272714475e-14,1.997545742299444
0.0,12.49247432708161,0.0,-2.4808799012395153,2.859247668042794e-14,1.9590826255981013
0.0,12.570903194271647,0.0,-2.4225012546197187,2.901288911844708e-14,2.002114562976432
0.0,12.499257061461686,0.0,-2.4803001443401698,2.9050911320053706e-14,1.9636276806849413
0.0,12.577685928651725,0.0,-2.421902132159394,2.942113321032071e-14,2.006667510541832
0.0,12.506039795841764,0.0,-2.4797296946369523,1.6080238646645106e-14,1.96815674764017
0.0,12.584468663031803,0.0,-2.4213126369853306,1.638192177117405e-14,2.011204242331756
0.0,12.512822530221841,0.0,-2.479167594215787,9.013086375066918e-16,1.972669524194534
0.0,12.591251397411881,0.0,-2.420731809459661,8.509962026124549e-16,2.0157244213207077
0.0,12.519605264601918,0.0,-2.478612850391635,-1.6777733003261072e-14,1.9771657147320267
0.0,12.598034131791955,0.0,-2.4201586547187963,-1.7143312280411277e-14,2.0202277163067017
0.0,12.526387998981996,0.0,-2.4780644353115875,2.3053991297463646e-14,1.9816450304819269
0.0,12.604816866172033,0.0,-2.4195921422687423,2.3430016007479665e-14,2.0247138020966906
0.0,12.533170733362072,0.0,-2.4775212855576974,-8.314851815575431e-15,1.9861071897115257
0.0,12.611599600552111,0.0,-2.419031205579435,-8.301819897052527e-15,2.0291823596920557
0.0,12.53995346774215,0.0,-2.4769823017487815,7.231875590751123e-15,1.990551917918903
0.0,12.618382334932189,0.0,-2.418474741678883,7.330656480463287e-15,2.0336330764748825
0.0,12.546736202122228,0.0,-2.4764463481415877,7.340148587823277e-15,1.9949789480260898
0.0,12.625165069312267,0.0,-2.4179216107461134,7.427235062360026e-15,2.038065646394116
0.0,12.553518936502304,0.0,-2.4759122522314323,6.728917641639076e-15,1.9993880205726813
0.0,12.631947803692341,0.0,-2.417370635703797,6.700659832815819e-15,2.042479770152372
0.0,12.560301670882382,0.0,-2.475378804351853,-3.719428262432131e-16,2.0037788839095523
0.0,12.63873053807242,0.0,-2.4168206018098903,-4.865646198013878e-16,2.046875155392823
0.0,12.567084405262458,0.0,-2.47484475727395,3.763939175501281e-15,2.0081512943932047
0.0,12.645513272452497,0.0,-2.416270256248854,3.705039890698796e-15,2.051251516886658
0.0,12.573867139642536,0.0,-2.474308825804519,9.381394579610274e-15,2.0125050165800333
0.0,12.652296006832575,0.0,-2.4157183077219417,9.343968207306594e-15,2.0556085767206578
0.0,12.580649874022614,0.0,-2.4737696863841543,-2.8958090949249404e-14,2.0168398234214533
0.0,12.659078741212653,0.0,-2.4151634260369312,-2.9331742414569474e-14,2.0599460644852132
0.0,12.58743260840269,0.0,-2.473225976683894,-1.4463256102284737e-14,2.021155496458742
0.0,12.665861475592727,0.0,-2.4146042416970754,-1.4624805481116176e-14,2.0642637174626115
0.0,12.594215342782768,0.0,-2.472676295201898,1.6947615788766688e-15,2.0254518260187897
0.0,12.672644209972805,0.0,-2.41403934548952,1.7368465929011859e-15,2.068561280815778
0.0,12.600998077162844,0.0,-2.4721192008588613,8.137180286359854e-15,2.029728611409731
0.0,12.679426944352883,0.0,-2.413467288072789,8.250366593305177e-15,2.0728385077771474
0.0,12.607780811542922,0.0,-2.4715532125930735,1.1105636451893187e-14,2.033985661117166
0.0,12.686209678732961,0.0,-2.4128865795637164,1.1121253918193574e-14,2.077095159837981
0.0,12.614563545923,0.0,-2.4709768089546853,4.744006031703229e-14,2.038222793000639
0.0,12.69299241311304,0.0,-2.4122956891236873,4.800608300945264e-14,2.0813310069380204
0.0,12.621346280303076,0.0,-2.4703884276991834,-1.5325977585535432e-14,2.0424398344903643
0.0,12.699775147493114,0.0,-2.411693044544185,-1.584727033555673e-14,2.0855458276554626
0.0,12.628129014683154,0.0,-2.469786465380357,6.939096051713337e-15,2.0466366227844306
0.0,12.706557881873191,0.0,-2.411077031831554,6.885127030138445e-15,2.0897394093972
0.0,12.63491174906323,0.0,-2.4691692769423756,2.6144931318158693e-15,2.05081300504618
0.0,12.71334061625327,0.0,-2.4104459947911434,2.592435749738812e-15,2.0939115485894315
0.0,12.641694483443308,0.0,-2.4685351753113096,-5.949614408584161e-14,2.054968838602018
0.0,12.720123350633347,0.0,-2.409798234610757,-6.032497009565921e-14,2.0980620508686276
0.0,12.648477217823386,0.0,-2.46788243098596,-8.275732235627786e-15,2.0591039911395645
0.0,12.726906085013425,0.0,-2.409132009443411,-8.4933136242956e-15,2.102190731272807
0.0,12.655259952203462,0.0,-2.467209271627819,-3.5034979424049306e-15,2.0632183409059848
0.0,12.7336888193935,0.0,-2.4084455339893087,-3.649025466595449e-15,2.106297414433073
0.0,12.66204268658354,0.0,-2.4665138816505463,-1.0804908722376283e-14,2.067311776906824
0.0,12.740471553773578,0.0,-2.4077369790772094,-1.1168096834885292e-14,2.110381934765557
0.0,12.668825420963616,0.0,-2.465794401808649,-3.121697347723673e-14,2.0713841991050863
0.0,12.747254288153655,0.0,-2.407005545017623,-3.189229563609003e-14,2.114445069194487
0.0,12.675608155343694,0.0,-2.4650568195513647,3.320927846171718e-14,2.0754416772752786
0.0,12.754037022533733,0.0,-2.406266875775428,3.3604573553482425e-14,2.1185016647230004
0.0,12.682390889723772,0.0,-2.46431815030917,-6.464310658093326e-15,2.0794982728037916
0.0,12.760819756913811,0.0,-2.4055282065332335,-6.601800403506481e-15,2.1225582602515134
0.0,12.689173624103848,0.0,-2.4635794810669753,1.1307523291915857e-14,2.083554868332305
0.0,12.767602491293886,0.0,-2.404789537291039,1.1374474062505798e-14,2.126614855780027
0.0,12.695956358483926,0.0,-2.4628408118247807,-7.975410160988974e-15,2.087611463860818
0.0,12.774385225673964,0.0,-2.404050868048844,-8.231521051566492e-15,2.1306714513085403
0.0,12.702739092864002,0.0,-2.4621021425825855,8.979733201503914e-15,2.0916680593893315
0.0,12.781167960054042,0.0,-2.403312198806649,9.174113014945326e-15,2.1347280468370533
0.0,12.70952182724408,0.0,-2.461363473340391,-2.7435073265480556e-14,2.0957246549178445
0.0,12.78795069443412,0.0,-2.4025735295644544,-2.797837688999826e-14,2.1387846423655668
0.0,12.716304561624158,0.0,-2.460624804098196,-2.151775201929235e-15,2.099781250446358
0.0,12.794733428814197,0.0,-2.4018348603222597,-2.335701390303026e-15,2.1428412378940798
0.0,12.723087296004234,0.0,-2.4598861348560015,-1.1685314893581542e-14,2.1038378459748714
0.0,12.801516163194272,0.0,-2.401096191080065,-1.1986133847550855e-14,2.146897833422593
0.0,12.729870030384312,0.0,-2.459147465613807,3.691176512913898e-14,2.1078944415033845
0.0,12.80829889757435,0.0,-2.4003575218378703,3.754754388194181e-14,2.1509544289511062
0.0,12.736652764764388,0.0,-2.4584087963716117,-8.46749760632129e-15,2.111951037031898
0.0,12.815081631954428,0.0,-2.399618852595675,-8.481005151443796e-15,2.1550110244796197
0.0,12.743435499144466,0.0,-2.457670127129417,2.3195476474052448e-14,2.116007632560411
0.0,12.821864366334506,0.0,-2.3988801833534805,2.339619209434649e-14,2.159067620008133
0.0,12.750218233524544,0.0,-2.4569314578872223,2.6309394299942952e-14,2.1200642280889244
0.0,12.828647100714583,0.0,-2.398141514111286,2.661886645640657e-14,2.163124215536646
0.0,12.75700096790462,0.0,-2.4561927886450277,-5.072962713300002e-15,2.1241208236174374
0.0,12.835429835094658,0.0,-2.397402844869091,-5.0680218656522526e-15,2.1671808110651596
0.0,12.763783702284698,0.0,-2.455454119402833,-5.075338995869203e-15,2.128177419145951
0.0,12.842212569474736,0.0,-2.3966641756268965,-5.289139532402359e-15,2.1712374065936726
0.0,12.770566436664774,0.0,-2.454715450160638,-2.0457651058954676e-14,2.1322340146744643
0.0,12.848995303854814,0.0,-2.3959255063847014,-2.0954464114109373e-14,2.175294002122186
0.0,12.777349171044852,0.0,-2.453976780918443,5.743611675664938e-15,2.1362906102029773
0.0,12.855778038234892,0.0,-2.3951868371425067,5.830268310952346e-15,2.179350597650699
0.0,12.78413190542493,0.0,-2.4532381116762485,-4.4035278950141585e-14,2.1403472057314907
0.0,12.86256077261497,0.0,-2.394448167900312,-4.48402516522241e-14,2.1834071931792125
0.0,12.790914639805006,0.0,-2.452499442434054,1.5125021494364716e-14,2.1444038012600037
0.0,12.869343506995044,0.0,-2.3937094986581173,1.5290394896854305e-14,2.187463788707726
0.0,12.797697374185084,0.0,-2.451760773191859,-1.0741335745205497e-14,2.148460396788517
0.0,12.876126241375122,0.0,-2.3929708294159227,-1.1003531124272052e-14,2.191520384236239
0.0,12.80448010856516,0.0,-2.451022103949664,8.530774008933995e-15,2.15251699231703
0.0,12.8829089757552,0.0,-2.3922321601737275,8.725307094458104e-15,2.1955769797647524
0.0,12.811262842945238,0.0,-2.4502834347074693,5.113865088461646e-15,2.1565735878455436
0.0,12.889691710135278,0.0,-2.391493490931533,4.925166933147551e-15,2.1996335752932654
0.0,12.818045577325316,0.0,-2.4495447654652747,2.3054728723195534e-14,2.160630183374057
0.0,12.896474444515356,0.0,-2.390754821689338,2.3309934635868126e-14,2.203690170821779
0.0,12.824828311705392,0.0,-2.44880609622308,-3.4979652811984907e-15,2.16468677890257
0.0,12.90325717889543,0.0,-2.3900161524471435,-3.44968191844891e-15,2.207746766350292
0.0,12.83161104608547,0.0,-2.4480674269808853,-2.0033750355787075e-15,2.1687433744310836
0.0,12.910039913275508,0.0,-2.389277483204949,-2.0974253546467196e-15,2.2118033618788053
0.0,12.838393780465546,0.0,-2.44732875773869,-1.2268268808659437e-14,2.1727999699595966
0.0,12.916822647655586,0.0,-2.3885388139627537,-1.2468713585059327e-14,2.215859957407319
0.0,12.845176514845624,0.0,-2.4465900884964955,-1.58629036502424e-15,2.17685656548811
0.0,12.923605382035664,0.0,-2.387800144720559,-1.8236052191146694e-15,2.219916552935832
0.0,12.851959249225702,0.0,-2.445851419254301,1.9259130247152914e-14,2.1809131610166235
0.0,12.930388116415742,0.0,-2.3870614754783643,1.9534504402932256e-14,2.2239731484643452
0.0,12.858741983605778,0.0,-2.445112750012106,-2.265683115836241e-15,2.1849697565451365
0.0,12.937170850795816,0.0,-2.3863228062361697,-2.308489908711077e-15,2.2280297439928582
0.0,12.865524717985856,0.0,-2.4443740807699115,-3.7682187575315735e-15,2.18902635207365
0.0,12.943953585175894,0.0,-2.385584136993975,-3.9959165777501445e-15,2.2320863395213717
0.0,12.872307452365932,0.0,-2.4436354115277164,1.8578350389967228e-14,2.193082947602163
0.0,12.950736319555972,0.0,-2.38484546775178,1.8891236753509937e-14,2.236142935049885
0.0,12.87909018674601,0.0,-2.4428967422855217,3.349278521441134e-14,2.1971395431306764
0.0,12.95751905393605,0.0,-2.384106798509585,3.385513754602906e-14,2.240199530578398
0.0,12.885872921126088,0.0,-2.442158073043327,2.3689872657981307e-14,2.2011961386591894
0.0,12.964301788316128,0.0,-2.3833681292673905,2.407735120590808e-14,2.2442561261069116
0.0,12.892655655506164,0.0,-2.4414194038011323,-1.8212893777077108e-14,2.205252734187703
0.0,12.971084522696202,0.0,-2.382629460025196,-1.8617569419476385e-14,2.2483127216354246
0.0,12.899438389886242,0.0,-2.4406807345589376,1.798430648090082e-15,2.2093093297162163
0.0,12.97786725707628,0.0,-2.381890790783001,1.6424207777109057e-15,2.252369317163938
0.0,12.906221124266319,0.0,-2.4399420653167425,-1.3698179906080829e-14,2.2133659252447293
0.0,12.984649991456358,0.0,-2.381152121540806,-1.3915165851203333e-14,2.256425912692451
0.0,12.913003858646396,0.0,-2.439203396074548,2.480665660479307e-14,2.2174225207732428
0.0,12.991432725836436,0.0,-2.3804134522986113,2.5091688560778087e-14,2.2604825082209645
0.0,12.919786593026474,0.0,-2.438464726832353,1.927302063086052e-14,2.2214791163017558
0.0,12.998215460216514,0.0,-2.3796747830564167,1.940589523579919e-14,2.264539103749478
0.0,12.92656932740655,0.0,-2.4377260575901585,4.0655110208351175e-14,2.225535711830269
0.0,13.004998194596588,0.0,-2.378936113814222,4.126540407722136e-14,2.268595699277991
0.0,12.933352061786628,0.0,-2.436987388347964,6.903049461925288e-15,2.229592307358782
0.0,13.011780928976666,0.0,-2.3781974445720273,7.004535469350138e-15,2.2726522948065044
0.0,12.940134796166705,0.0,-2.4362487191057687,-3.1371044454953995e-16,2.2336489028872957
0.0,13.018563663356744,0.0,-2.377458775329832,-4.0686868059622194e-16,2.2767088903350174
0.0,12.946917530546783,0.0,-2.435510049863574,3.991181134938368e-15,2.237705498415809
0.0,13.025346397736822,0.0,-2.3767201060876375,3.86558131285946e-15,2.280765485863531
0.0,12.95370026492686,0.0,-2.4347713806213793,-1.5936626635828934e-14,2.241762093944322
0.0,13.0321291321169,0.0,-2.375981436845443,-1.6274821092097213e-14,2.284822081392044
0.0,12.960482999306938,0.0,-2.4340327113791846,2.6292731934535477e-14,2.2458186894728356
0.0,13.038911866496978,0.0,-2.375242767603248,2.6724639959871453e-14,2.2888786769205574
0.0,12.967265733687018,0.0,-2.43329404213699,8.39882685658187e-15,2.2498752850013486
0.0,13.04569460087706,0.0,-2.3745040983610535,8.450054366201786e-15,2.292935272449071
0.0,12.974048468067098,0.0,-2.432555372894795,1.1399298359967247e-14,2.253931880529862
0.0,13.052477335257137,0.0,-2.3737654291188583,1.1561560833450402e-14,2.296991867977584
0.0,12.980831202447177,0.0,-2.4318167036526,1.0840715599662983e-14,2.257988476058375
0.0,13.059260069637219,0.0,-2.3730267598766637,1.0776034438346344e-14,2.3010484635060973
0.0,12.987613936827257,0.0,-2.4310780344104055,1.6675418746860404e-14,2.2620450715868885
0.0,13.066042804017297,0.0,-2.372288090634469,1.7068646321522433e-14,2.3051050590346103
0.0,12.994396671207335,0.0,-2.430339365168211,4.8009840598919645e-14,2.266101667115402
0.0,13.072825538397375,0.0,-2.3715494213922743,4.869925582274604e-14,2.3091616545631237
0.0,13.001179405587415,0.0,-2.429600695926016,1.8563209515390577e-14,2.270158262643915
0.0,13.079608272777456,0.0,-2.3708107521500796,1.8814712437034768e-14,2.313218250091637
0.0,13.007962139967495,0.0,-2.428862026683821,-5.48353563175018e-15,2.2742148581724284
0.0,13.086391007157534,0.0,-2.3700720829078845,-5.650721070680485e-15,2.31727484562015
0.0,13.014744874347574,0.0,-2.4281322759767976,-7.871702084854289e-15,2.278278448809782
0.0,13.093173741537615,0.0,-2.3693929958173734,-8.082452592627499e-15,2.3213829283598124
0.0,13.021527608727654,0.0,-2.4275525615197227,4.449716350623775e-15,2.2824577978800606
0.0,13.099956475917693,0.0,-2.36890768472587,4.49444417716637e-15,2.325652959905556
0.0,13.028310343107732,0.0,-2.4271813741048556,-1.3221722061202169e-14,2.28678940691453
0.0,13.106739210297771,0.0,-2.3686213355651464,-1.3519112753831617e-14,2.3300779690458384
0.0,13.035093077487812,0.0,-2.4270145718815526,2.3405337634026504e-14,2.2912593448950855
0.0,13.113521944677853,0.0,-2.368530361631842,2.379735376483646e-14,2.33464381023707
0.0,13.041875811867891,0.0,-2.427047758493776,-9.44545096985952e-15,2.295854137112802
0.0,13.12030467905793,0.0,-2.368630904402976,-9.739108885691386e-15,2.339336793871426
0.0,13.048658546247971,0.0,-2.427276293163263,3.094577390181962e-14,2.300560760245381
0.0,13.127087413438012,0.0,-2.3689188438796753,3.148186932053527e-14,2.344143681575927
0.0,13.05544128062805,0.0,-2.427695300795219,1.4488752376031377e-14,2.305366637423999
0.0,13.13387014781809,0.0,-2.369389808953431,1.477426940383139e-14,2.3490516815008875
0.0,13.062224015008129,0.0,-2.4282996821065552,2.1920360148615178e-15,2.3102596332895278
0.0,13.140652882198168,0.0,-2.370039187794887,2.236048169209436e-15,2.354048443597766
0.0,13.069006749388208,0.0,-2.429084123776655,-1.5567109612530342e-14,2.3152280490381427
0.0,13.14743561657825,0.0,-2.3708621382651676,-1.586845247630382e-14,2.3591220548863867
0.0,13.075789483768288,0.0,-2.430043108620672,1.0841047688489565e-14,2.320260617456319
0.0,13.154218350958327,0.0,-2.3718535983497366,1.0936075912859728e-14,2.3642610347115474
0.0,13.082572218148368,0.0,-2.4311709257853606,1.6895807532584572e-14,2.325346497945201
0.0,13.161001085338409,0.0,-2.3730082966147874,1.727961285706709e-14,2.369454329989016
0.0,13.089354952528447,0.0,-2.4324616809674557,-8.737907358213865e-15,2.3304752715343704
0.0,13.167783819718487,0.0,-2.3743207626861715,-8.76305185718394e-15,2.374691310440906
0.0,13.096137686908525,0.0,-2.43390930665456,5.374048035250008e-15,2.335636935884983
0.0,13.174566554098565,0.0,-2.3757853377508624,5.3673324174882645e-15,2.3799617638204413
0.0,13.102920421288605,0.0,-2.4355075723885897,4.414030862680005e-14,2.3408219002822994
0.0,13.181349288478646,0.0,-2.377396185080943,4.4724181287553345e-14,2.3852558911260955
0.0,13.109703155668685,0.0,-2.4372500950517395,2.9913112589675655e-15,2.3460209806175985
0.0,13.188132022858724,0.0,-2.379147300580137,2.8878652404241423e-15,2.3905643018051252
0.0,13.116485890048764,0.0,-2.4391303491749854,-6.820930804798563e-15,2.3512253943594716
0.0,13.194914757238806,0.0,-2.3810325233528697,-7.005700071756583e-15,2.395878008946481
0.0,13.123268624428844,0.0,-2.4411416772691235,2.2899280098639504e-14,2.356426755514502
0.0,13.201697491618884,0.0,-2.383045546295865,2.3266357409397897e-14,2.4011884244631063
0.0,13.130051358808922,0.0,-2.44327730017834,3.452653752483487e-14,2.3616170695773304
0.0,13.208480225998962,0.0,-2.3851799267122735,3.492542420071794e-14,2.4064873542636165
0.0,13.136834093189002,0.0,-2.4455303274563134,-1.8246930449277804e-14,2.3667887284701004
0.0,13.215262960379043,0.0,-2.3874290969483356,-1.879742872134923e-14,2.411766993413366
0.0,13.143616827569081,0.0,-2.4478937677648576,-8.151570107254779e-16,2.3719345054712884
0.0,13.222045694759121,0.0,-2.389786375052581,-9.923851850481257e-16,2.417019921284896
0.0,13.150399561949161,0.0,-2.4503605392950876,1.8537047380076716e-14,2.377047550133924
0.0,13.228828429139202,0.0,-2.3922449754575537,1.8685456478825195e-14,2.422239096697764
0.0,13.15718229632924,0.0,-2.452923480211133,-1.9647910405190434e-14,2.3821213831931884
0.0,13.23561116351928,0.0,-2.3947980196840826,-1.9892016451490116e-14,2.427417853047764
0.0,13.163965030709319,0.0,-2.4555753591163683,1.3963326870275493e-14,2.3871498914633906
0.0,13.242393897899358,0.0,-2.3974385470680755,1.3929026020671133e-14,2.432549893425529
0.0,13.170747765089398,0.0,-2.458308885542196,1.8471207224421773e-14,2.392127322724346
0.0,13.24917663227944,0.0,-2.4001595255098547,1.8619402178063338e-14,2.43762928572451
0.0,13.177530499469478,0.0,-2.461116720459347,-2.0601989820122043e-14,2.397048280597118
0.0,13.255959366659518,0.0,-2.4029538622460196,-2.110417737201483e-14,2.4426504577383463
0.0,13.184313233849558,0.0,-2.4639914868117225,-3.755833545852888e-15,2.401907719409157
0.0,13.2627421010396,0.0,-2.4058144146438516,-3.8839548810198625e-15,2.4476081922476234
0.0,13.191095968229638,0.0,-2.466925780072774,1.804789416663393e-14,2.406700939048819
0.0,13.269524835419677,0.0,-2.408734001018238,1.8331263007697335e-14,2.452497622095998
0.0,13.197878702609716,0.0,-2.469912178824407,3.501571044988117e-14,2.4114235798092714
0.0,13.276307569799755,0.0,-2.411705411471149,3.533772357839663e-14,2.4573142252557294
0.0,13.204661436989795,0.0,-2.472943255358422,5.054311576712316e-15,2.416071617221773
0.0,13.283090304179836,0.0,-2.414721418753637,4.937966598596088e-15,2.4620538198825765
0.0,13.211444171369875,0.0,-2.476011586300497,-8.720843408403419e-15,2.4206413568783494
0.0,13.289873038559914,0.0,-2.417774789150368,-8.88396969253851e-15,2.4667125593600914
0.0,13.218226905749955,0.0,-2.4791097632566883,1.5422450953751082e-14,2.42512942924385
0.0,13.296655772939996,0.0,-2.4208582933866882,1.559448725666865e-14,2.471286927333282
0.0,13.225009640130034,0.0,-2.482230403482489,5.722799655788236e-15,2.429532784457382
0.0,13.303438507320074,0.0,-2.4239647175582375,5.854085001054707e-15,2.47577373273168
0.0,13.231792374510112,0.0,-2.4853661605743906,4.0137216828909716e-14,2.433848687123135
0.0,13.310221241700152,0.0,-2.4270868740830713,4.0671970369669886e-14,2.4801701047817724
0.0,13.238575108890192,0.0,-2.4885097351840035,2.013606670508585e-14,2.4380747110905867
0.0,13.317003976080233,0.0,-2.4302176126763455,2.046469393231655e-14,2.484473488008827
0.0,13.245357843270272,0.0,-2.4916538857546984,-2.411519664357539e-15,2.442208734224093
0.0,13.323786710460311,0.0,-2.433349831347509,-2.40346758001338e-15,2.4886816372281038
0.0,13.252140577650351,0.0,-2.4947914392807897,-2.3042998484460676e-14,2.4462489331618644
0.0,13.330569444840393,0.0,-2.436476487420043,-2.3627287092912226e-14,2.492792612525439
0.0,13.258923312030431,0.0,-2.497915302089245,-8.35957462089417e-15,2.4501937780643224
0.0,13.33735217922047,0.0,-2.439590608573737,-8.578789526665575e-15,2.496804774227226
0.0,13.265706046410509,0.0,-2.5010184706439347,3.659727524767884e-14,2.454042027351847
0.0,13.344134913600548,0.0,-2.442685303909494,3.7033773223949196e-14,2.5007167778597768
0.0,13.272488780790589,0.0,-2.5040940423724014,-2.885639776954809e-14,2.4577927224318863
0.0,13.35091764798063,0.0,-2.4457537750366676,-2.925774880237627e-14,2.504527569098063
0.0,13.279271515170668,0.0,-2.5071352265151936,3.2102611292499766e-14,2.461445182415491
0.0,13.357700382360708,0.0,-2.4487893271829306,3.2465815240190225e-14,2.5082363787038355
0.0,13.286054249550748,0.0,-2.510135354997698,2.098431426443293e-14,2.4649989988231904
0.0,13.36448311674079,0.0,-2.4517853803266876,2.123297475277585e-14,2.5118427174531495
0.0,13.292836983930828,0.0,-2.5130878933245304,2.0334858902305594e-15,2.468454030280278
0.0,13.371265851120867,0.0,-2.4547354803520167,1.9935760039552747e-15,2.5153463710532504
0.0,13.299619718310906,0.0,-2.5159864514964356,-2.417989646189998e-14,2.4718103972014625
0.0,13.378048585500945,0.0,-2.457633310226138,-2.4603234243645874e-14,2.5187473950488566
0.0,13.306402452690985,0.0,-2.5188247949497664,3.102719115382349e-15,2.475068476464936
0.0,13.384831319881027,0.0,-2.460472701199428,3.0638820029741437e-15,2.522046109717822
0.0,13.313185187071065,0.0,-2.52159685551843,-6.9604639649391e-15,2.478228896075777
0.0,13.391614054261105,0.0,-2.4632476440279563,-6.943220984239074e-15,2.5252430949561813
0.0,13.319967921451145,0.0,-2.5242967424184393,-1.6218860697308444e-14,2.4812925298187847
0.0,13.398396788641186,0.0,-2.46595230021856,-1.6546010268488047e-14,2.5283391851525776
0.0,13.326750655831225,0.0,-2.526918753254944,1.9748039995544135e-14,2.4842604919006686
0.0,13.405179523021264,0.0,-2.468581013296457,2.0009519724933147e-14,2.531335464052087
0.0,13.333533390211302,0.0,-2.5294573850518125,6.8862313841707995e-15,2.487134131581623
0.0,13.411962257401342,0.0,-2.471128320095397,6.868365386046306e-15,2.534233259609413
0.0,13.340316124591382,0.0,-2.5319073453037673,-2.3313223176602964e-14,2.4899150277963074
0.0,13.418744991781423,0.0,-2.473588962070326,-2.373823644986354e-14,2.5370341388314652
0.0,13.347098858971462,0.0,-2.534263563051019,-1.0602171990524336e-14,2.492604983764182
0.0,13.425527726161501,0.0,-2.4759578966325897,-1.0660780944153408e-14,2.5397399026093237
0.0,13.353881593351542,0.0,-2.5365211999764687,1.5684652370887313e-14,2.495206021589253
0.0,13.432310460541583,0.0,-2.4782303085077113,1.6067404644724467e-14,2.5423525805396063
0.0,13.360664327731621,0.0,-2.538675661525415,2.6175078602805724e-14,2.497720376849178
0.0,13.43909319492166,0.0,-2.48040162111563,2.6795264319854775e-14,2.5448744257351787
0.0,13.3674470621117,0.0,-2.54072260804781,1.595737026058006e-14,2.500150493173773
0.0,13.445875929301739,0.0,-2.482467507973547,1.5757580049055704e-14,2.5473079096252973
0.0,13.374229796491779,0.0,-2.5426579659630533,5.674071898739822e-15,2.5024990168128998
0.0,13.45265866368182,0.0,-2.484423904121242,5.5414641623525055e-15,2.549655716745088
0.0,13.381012530871859,0.0,-2.5444779389473124,-4.344817376463437e-14,2.504768791193735
0.0,13.459441398061898,0.0,-2.4862670175689834,-4.3777388546146183e-14,2.5519207395144545
0.0,13.387795265251938,0.0,-2.5461790191433664,-2.572497606021924e-16,2.5069628514674127
0.0,13.46622413244198,0.0,-2.4879933407679067,-4.947894426478187e-16,2.5541060730063263
0.0,13.394577999632018,0.0,-2.5477579983930054,-3.787711079773495e-14,2.5090844190450725
0.0,13.473006866822058,0.0,-2.489599662103002,-3.847904222063054e-14,2.556215009704337
0.0,13.401360734012096,0.0,-2.5492119794919583,-2.6869354413772473e-15,2.5111368961232827
0.0,13.479789601202135,0.0,-2.4910830774085584,-2.844409264107913e-15,2.558251034249837
0.0,13.408143468392176,0.0,-2.5505383874673258,-2.4682547919023744e-14,2.5131238601988266
0.0,13.486572335582217,0.0,-2.4924410015062124,-2.5001432896356793e-14,2.5602178181783444
0.0,13.414926202772255,0.0,-2.5517349808775998,6.9516007542021945e-15,2.515049058572912
0.0,13.493355069962295,0.0,-2.493671179765466,7.0448511154255974e-15,2.5621192146453216
0.0,13.421708937152335,0.0,-2.55279986313516,5.493293538222582e-15,2.5169164028447284
0.0,13.500137804342376,0.0,-2.4947716996867846,5.542176894073665e-15,2.5639592531413764
0.0,13.428491671532415,0.0,-2.553731493851368,4.772717513601219e-14,2.518729963394424
0.0,13.506920538722454,0.0,-2.495741002507224,4.848163359168185e-14,2.565742134196852
0.0,13.435274405912493,0.0,-2.554528700204109,-4.9139736593139544e-14,2.520493963855412
0.0,13.513703273102532,0.0,-2.496577894828555,-5.0194054541582415e-14,2.5674722240757566
0.0,13.442057140292572,0.0,-2.555190688327971,-4.400866237429154e-14,2.5222127755761363
0.0,13.520486007482614,0.0,-2.4972815602679637,-4.47332638051678e-14,2.5691540494591165
0.0,13.448839874672652,0.0,-2.5557170547268604,-2.0546467200666234e-14,2.5238909120711446
0.0,13.527268741862692,0.0,-2.49785157113127,-2.117768626027256e-14,2.570792292117713
0.0,13.455622609052732,0.0,-2.556107797709214,-2.1990516133632483e-14,2.5255330234615965
0.0,13.534051476242773,0.0,-2.4982879001086906,-2.235855152916572e-14,2.5723917835741887
0.0,13.462405343432811,0.0,-2.5563633288457326,2.380250399512805e-14,2.527143890905143
0.0,13.540834210622851,0.0,-2.4985909319930752,2.4228395743241085e-14,2.5739574997545063
0.0,13.46918807781289,0.0,-2.556484484449621,-2.1021711019333898e-17,2.528728421015175
0.0,13.547616945002929,0.0,-2.498761475420797,-1.3430986362251735e-16,2.575494555628887
0.0,13.475970812192969,0.0,-2.5564725370794013,3.042246818559119e-14,2.530291640269475
0.0,13.55439967938301,0.0,-2.4988007746350536,3.1043660475120545e-14,2.577008199842022
0.0,13.482753546573049,0.0,-2.55632920706424,1.383978838885913e-14,2.53183868940825
0.0,13.561182413763088,0.0,-2.4987105212717697,1.3535660363158033e-14,2.5785038093327346
0.0,13.489536280953129,0.0,-2.556056674051785,-5.265627803083735e-15,2.533374817821521
0.0,13.56796514814317,0.0,-2.4984928661680237,-5.44152942780568e-15,2.5799868839430187
0.0,13.496319015333208,0.0,-2.5556575885786,-1.0156274343502009e-14,2.534905377925951
0.0,13.574747882523248,0.0,-2.49815043119298,-1.0552068239262762e-14,2.5814630410164194
0.0,13.503101749713286,0.0,-2.5551350836630746,-9.783227795448326e-15,2.5364358195310066
0.0,13.581530616903326,0.0,-2.497686321101412,-9.770411964281764e-15,2.582938009985877
0.0,13.509884484093366,0.0,-2.554492786420877,-3.176101231101773e-14,2.537971684194515
0.0,13.588313351283407,0.0,-2.4971041354097023,-3.2187393480849346e-14,2.5844176269508754
0.0,13.516667218473446,0.0,-2.553734829702967,-8.29031499195839e-16,2.539518599567624
0.0,13.595096085663485,0.0,-2.4964079802944132,-8.023977163182205e-16,2.585907829244025
0.0,13.523449952853525,0.0,-2.552865863756101,-3.849791609541917e-14,2.5410822737291108
0.0,13.601878820043567,0.0,-2.4956024805133223,-3.913181751958517e-14,2.5874146499869664
0.0,13.530232687233605,0.0,-2.551891067905981,1.579760372914982e-14,2.5426684895091687
0.0,13.608661554423644,0.0,-2.4946927913491352,1.6001971286888775e-14,2.588944212635774
0.0,13.537015421613683,0.0,-2.5508161622627075,-1.2261829929201903e-14,2.5442830988023855
0.0,13.615444288803722,0.0,-2.4936846105755874,-1.2715762556780529e-14,2.590502725515634
0.0,13.543798155993763,0.0,-2.549647419449058,7.697310630270924e-15,2.545932016870346
0.0,13.622227023183804,0.0,-2.4925841904461192,7.79294446889936e-15,2.592096476344921
0.0,13.550580890373842,0.0,-2.548391676351042,7.016303499126606e-15,2.547621216633411
0.0,13.629009757563882,0.0,-2.4913983497051713,7.025761949261173e-15,2.593731826748749
0.0,13.557363624753922,0.0,-2.5470563458912028,1.8827266376341437e-14,2.549356722952046
0.0,13.635792491943963,0.0,-2.49013448562183,1.9234175127309118e-14,2.595415206761742
0.0,13.564146359134002,0.0,-2.545649428824241,2.319106594897905e-14,2.5511446068973713
0.0,13.642575226324041,0.0,-2.4888005860462767,2.346425496106009e-14,2.597153109320421
0.0,13.57092909351408,0.0,-2.544179525555384,6.848223437375882e-16,2.5529909800112645
0.0,13.649357960704119,0.0,-2.487405241488441,5.862678458540403e-16,2.598952084744688
0.0,13.57771182789416,0.0,-2.542655847981089,-2.0049762605756472e-16,2.554901988555677
0.0,13.6561406950842,0.0,-2.4859576572195072,-3.4124401014602473e-16,2.6008187352089758
0.0,13.584494562274239,0.0,-2.541088231352489,-2.7096994664592897e-14,2.5568838077515186
0.0,13.662923429464279,0.0,-2.484467665395703,-2.7617059427560452e-14,2.602759709202562
0.0,13.591277296654319,0.0,-2.539487146161172,-1.9785246544904368e-14,2.558942636006748
0.0,13.66970616384436,0.0,-2.4829457372047874,-2.0165535319333618e-14,2.6047816959794043
0.0,13.598060031034398,0.0,-2.5378637100476253,2.7372498181803086e-16,2.561084689133971
0.0,13.676488898224438,0.0,-2.4814029950350154,1.9003602087170822e-16,2.6068914199973223
0.0,13.604842765414476,0.0,-2.536229699732137,-5.256652505419437e-14,2.5633161945573373
0.0,13.683271632604516,0.0,-2.4798512246665587,-5.368780262934466e-14,2.6090956353464803
0.0,13.611625499794556,0.0,-2.534597562968348,-1.517046977109851e-14,2.56564338550894
0.0,13.690054366984597,0.0,-2.478302887485646,-1.5628288775724854e-14,2.6114011201674296
0.0,13.618408234174636,0.0,-2.532980430519134,-2.2590105144652307e-15,2.5680724952144196
0.0,13.696837101364675,0.0,-2.4767711327210398,-2.2763045804612504e-15,2.6138146710583574
0.0,13.625190968554715,0.0,-2.5313921281552223,-8.5842878816654e-15,2.570609751068117
0.0,13.703619835744757,0.0,-2.475269809703185,-8.921905274413562e-15,2.6163430974718356
0.0,13.631973702934795,0.0,-2.5298471886762957,2.889901863528783e-14,2.573261368797576
0.0,13.710402570124835,0.0,-2.4738134801457976,2.923572016881435e-14,2.618993216100879
0.0,13.638756437314873,0.0,-2.5283608639545196,1.8236661219326914e-14,2.5760335466173343
0.0,13.717185304504913,0.0,-2.4724174304499966,1.851806136621459e-14,2.621771845254393
0.0,13.645539171694953,0.0,-2.526949137000714,3.58923303114282e-14,2.5789324593721967
0.0,13.723968038884994,0.0,-2.4710976840311782,3.642604333547145e-14,2.624685799222183
0.0,13.652321906075032,0.0,-2.5256287340530195,1.990566140559209e-14,2.581964252669853
0.0,13.730750773265072,0.0,-2.4698710136680013,2.014483501753029e-14,2.627741882628989
0.0,13.659104640455112,0.0,-2.524417136688148,-1.9292761306550083e-14,2.5851350370029222
0.0,13.737533507645153,0.0,-2.4687549538743427,-1.955870502693125e-14,2.630946884778271
0.0,13.665887374835192,0.0,-2.523332593955048,1.831300309557646e-14,2.5884508818602887
0.0,13.744316242025231,0.0,-2.4677678132935057,1.846741539146457e-14,2.6343075739851454
0.0,13.67267010921527,0.0,-2.52239413453122,-2.3374642095123713e-14,2.5919178098279083
0.0,13.75109897640531,0.0,-2.466928687115109,-2.4033344185743974e-14,2.637830691898829
0.0,13.67945284359535,0.0,-2.521621578901552,-1.5374105543591044e-14,2.5955417906789977
0.0,13.75788171078539,0.0,-2.466257469514332,-1.5850320818105212e-14,2.641522947814309
0.0,13.68623557797543,0.0,-2.521035551559625,2.5243467568305647e-14,2.5993287354535455
0.0,13.764664445165469,0.0,-2.465766178344797,2.574600881057101e-14,2.645383467974859
0.0,13.693018312355509,0.0,-2.5205933769020903,-1.9649681612191214e-07,2.6032344473983944
0.0,13.77144717954555,0.0,-2.4653327321497054,-1.3773401898021316e-06,2.64929626751096
0.0,13.699801046735589,0.0,-2.520159930706999,-3.750889453695605e-06,2.607147246934496
0.0,13.778229913925628,0.0,-2.464899285954614,-7.33201427029079e-06,2.653209067047061
0.0,13.706583781115667,0.0,-2.5197264845119074,-1.2132853938031416e-05,2.611060046470597
0.0,13.785012648305706,0.0,-2.464465839759523,-1.8172898578772183e-05,2.657121866583162
0.0,13.713366515495746,0.0,-2.519293038316816,-2.545510994981597e-05,2.614972846006698
7.556103370520507e-05,13.791795382685788,-6.56218985627575e-05,-2.4640323935415234,5.621382859658547e-05,2.661034666145641
3.2097600976603356e-05,13.720149249875655,-2.669135876449079e-05,-2.5188595921261716,-3.6216039151751674e-06,2.618885645536904
3.880747313785233e-05,13.798578117065738,-3.508782226415712e-05,-2.4635989473761506,-4.166115818347148e-06,2.664947465647164
3.238960740213042e-05,13.726931984215987,-4.864664678873202e-05,-2.5184261459999777,7.788178992256927e-06,2.622798444979157
4.138909593965693e-05,13.805360851412418,-5.82977951099248e-05,-2.4631655012552276,6.098108573978422e-06,2.6688602650907067
-4.987918651679604e-05,13.733714716873589,-0.00011534402277019479,-2.5179927011831293,8.798984264114493e-05,2.6267112425845824
-3.625237851593172e-05,13.812143584351526,-0.00011947430489671885,-2.4627320564632265,8.035913266118655e-05,2.6727730628474085
-0.0006118713546252186,13.740497393064071,-0.0004146109287634128,-2.5175592924175807,0.000553295217103861,2.630623990001659
-0.0005699412362541524,13.818926266319423,-0.00038090202561245174,-2.462298646910015,0.0005104835741894825,2.676685816036627
-0.0038301152148996153,13.747278309571312,-0.00199016462616064,-2.5171269466555417,0.0031446599640096843,2.634535256492197
-0.003639560822294868,13.825707341580731,-0.00173232425332397,-2.4618662744288664,0.0029072812833947177,2.6805972598695353
-0.02171379306113019,13.754005424713691,-0.010586706210974075,-2.5167266964733708,0.017460409301032317,2.6384018191503404
-0.020706418502237037,13.832439163776904,-0.00907981774909279,-2.4614651940241887,0.01614869844739921,2.684469220153275
-0.10454516608596634,13.759524976788088,-0.05013198703975319,-2.5170461774858066,0.08361526955632036,2.641269319515213
-0.0997829836027967,13.838064637656228,-0.042868476966981754,-2.4617655500462776,0.07736278173152866,2.687458586498704
-0.18336126066020492,13.76350857811616,-0.08472381058494348,-2.5183370766386313,0.14493799076109326,2.642926107184677
-0.17559469483581533,13.84226847364672,-0.07273444251526098,-2.4630072188792913,0.13470402354601874,2.6893603005968445
-0.2585314339400122,13.76611527474287,-0.11541840434669959,-2.5205466772814606,0.20216880666393053,2.643551000347027
-0.24833041325944968,13.845183453622933,-0.09949208207647497,-2.4651367166388884,0.18868554077811348,2.6903172169108553
-0.33035118628266996,13.767500616507204,-0.14301515163186548,-2.523598460582756,0.25587651933791694,2.643294206736912
-0.3181504506215658,13.846944831586438,-0.12375838868390962,-2.468080452179942,0.23970517593802748,2.6904545832171056
-0.3990617144433537,13.767811853704876,-0.16811981790532224,-2.5274060523213993,0.30650206535411045,2.6422835097509996
-0.3851946671940721,13.847684358977281,-0.14600173623921997,-2.4717562223874276,0.28807520040472606,2.6898827619406567
-0.46486402029318574,13.767185870819793,-0.19119250724174366,-2.5318811175967646,0.3543909658542373,2.640628945128486
-0.4495880343666149,13.847527104902914,-0.166578743543681,-2.4760799635463457,0.334044264534991,2.688699506429031
-0.5279291357304448,13.765748565469023,-0.2125838586817811,-2.536937726469069,0.3998174597041254,2.6384262966071814
-0.5114444815068935,13.846589901703823,-0.1857620518306931,-2.480969641697559,0.3778136121041811,2.686991806695631
-0.5884055618253712,13.763614967699699,-0.2325622870596841,-2.542494661354797,0.4430024374770203,2.6357596987042733
-0.5708695699210915,13.84498073279188,-0.20376121094092947,-2.486347411234613,0.41954905512213253,2.6848373667636203
-0.646424697382579,13.760889718678712,-0.2513344471611282,-2.5484765263041145,0.48412676124635057,2.632703579707636
-0.6279623573170798,13.84279866192795,-0.22073836185430706,-2.4921407237767594,0.45938981445012633,2.6823057859743527
-0.7021048081441496,13.757667705910006,-0.2690605888914262,-2.5548141628512795,0.5233411514772386,2.629324124797457
-0.6828166990302544,13.840134067783277,-0.23682000048923665,-2.4982828021500887,0.4974550426599978,2.679459510856656
-0.7555539318623545,13.754034749409016,-0.2858660693853725,-2.5614446694976287,0.5607735204153013,2.6256803939594358
-0.7355221549688821,13.837069044275996,-0.25210579550727935,-2.5047127334389874,0.5338486326614974,2.67635461286414
-0.8068720048848224,13.750068285882373,-0.30184997850034945,-2.5683112000867876,0.5965344067008649,2.6218251932530756
-0.7861646195603033,13.833677884211745,-0.26667519406173884,-2.5113753374381163,0.5686627587868495,2.673041435337823
-0.8561524181461732,13.74583802598378,-0.3170915982923069,-2.575362644568756,0.6307209989098759,2.6178057703362647
-0.8348267569701928,13.830027597587929,-0.2805923680934393,-2.5182209071116803,0.6019804813211562,2.669565142442639
-0.9034831547501001,13.741406574298,-0.3316552384511298,-2.5825532531869664,0.6634201114745186,2.613664384524845
-0.8815882998261642,13.826178436071077,-0.2939099166699753,-2.5252048808538055,0.6338776599393536,2.6659661941808035
-0.9489476210319839,13.736830009025349,-0.34559385487052746,-2.5898422398965963,0.6947103838990143,2.6094387866069795
-0.9265262529369179,13.822184407199199,-0.30667163647104534,-2.5322874834964164,0.6644243581466687,2.66228076488779
-0.9926252536319137,13.732158421797504,-0.3589517570000303,-2.5971933857919454,0.7246639051840164,2.6051626328159254
-0.9697150317175085,13.81809376906655,-0.31891459467468575,-2.5394333587499704,0.693685873798749,2.658541117604825
-1.0345919635541345,13.727436419520105,-0.37176663327280585,-2.6045746543429233,0.7533474138641747,2.6008658497085353
-1.0112265566288952,13.813949500564688,-0.3306706799561377,-2.546611206817428,0.7217234958249936,2.6547759430687234
-1.0749204622858552,13.722703590610804,-0.38407106652402206,-2.6119578248742266,0.7808231855862037,2.5965749613503064
-1.0511303188969248,13.809789744834278,-0.3419677633170497,-2.5537934352938985,0.7485950612741025,2.651010669454444
-1.1136805032659758,13.71799493801577,-0.3958936682217827,-2.6193181475180434,0.8071496914013421,2.5923133865218806
-1.0894934283984916,13.80564822511759,-0.3528305674225231,-2.5609558279202833,0.7743553674439324,2.6472677471806025
-1.1509390632259422,13.71334128122237,-0.40725992799294786,-2.626634020962734,0.832382088457593,2.5881017111586475
-1.1263806513974408,13.80155463311435,-0.36328131832723226,-2.568077233524892,0.7990564794429075,2.6435669118365324
-1.1867604814002073,13.708769629268556,-0.41819285065655326,-2.633886693194798,0.856572588725736,2.583957939558445
-1.161854443476159,13.797534990475494,-0.3733402348664855,-2.5751392760870315,0.8227479628083958,2.639925427444382
-1.2212065697315548,13.70430352654705,-0.4287134347825308,-2.641059984772664,0.8797707394121396,2.5798977267915877
-1.1959749812854898,13.793611984379275,-0.3830258970401767,-2.5821260859828303,0.8454770628329962,2.6363583117121534
-1.2543367035684156,13.699963373031505,-0.4388410331504321,-2.648140033797097,0.9020236397791404,2.575934594037088
-1.2288001954808225,13.789805278305767,-0.39235552426307957,-2.5890240519372623,0.8672888463354342,2.6328785445732503
-1.2862078996466428,13.69576672042025,-0.44859362526490754,-2.6551150615364945,0.9233761124476647,2.572080128124873
-1.260385806291655,13.786131799218843,-0.4013451865261279,-2.5958215928834,0.888226317230888,2.629497261081264
-1.3168748861453234,13.691728545591669,-0.45798802442921366,-2.6619751575645285,0.9438708423207691,2.5683441662911335
-1.2907853625142418,13.782606002405233,-0.4100099656513577,-2.6025089487461495,0.9083305140243265,2.6262239295882903
-1.3463901681188528,13.687861502692764,-0.4670400361541423,-2.668712083223683,0.9635484926134731,2.564734966997737
-1.3200502842402309,13.779240115234693,-0.41836407944170134,-2.6090779890685147,0.9276405949725901,2.623066516052363
-1.3748040905275323,13.684176155121484,-0.47576458039171,-2.675319092228738,0.9824478047791535,2.561259367574893
-1.3482299093145718,13.776044361094268,-0.4264209782464732,-2.6155220383606985,0.9461939149253675,2.6200316352676487
-1.402164900286131,13.680681188622444,-0.4841757868878986,-2.6817907672384598,1.0006056871423457,2.5579229294032557
-1.3753715432848432,13.77302716473389,-0.4341934210211785,-2.621835717043856,0.9640260965902601,2.6171246897826905
-1.4285188081907352,13.677383606670944,-0.49228707055284493,-2.6881228712618186,1.0180572956031946,2.5547300713246655
-1.4015205124734516,13.770195340226676,-0.4416935361298528,-2.6280147968831553,0.9811710980597625,2.6143499972483415
-1.4539100511732312,13.674288909286638,-0.5001111919683232,-2.694312212803864,1.0348361087289286,2.551684191960626
-1.426720219714594,13.767554262714622,-0.44893287078106164,-2.6340560698355406,0.9976612777877285,2.611710906921671
-1.4783809550556015,13.671401256380035,-0.5076603068225987,-2.700356523704883,1.050973998793322,2.548787781608221
-1.4510122022605954,13.765108025068546,-0.4559224319744645,-2.6399572292819147,1.0135274577460278,2.609209906034102
-1.499057154472657,13.6698931101702,-0.5134629701196214,-2.7048571035149704,1.0625276753638597,2.546715071637471
-1.4714083192884226,13.764037894768412,-0.46128907954871196,-2.6442756377214964,1.0248128032985493,2.60745002787394
-1.518808870340561,13.668683281158835,-0.5190839470475794,-2.709142719110125,1.0735026956770102,2.5448727598480465
-1.4908725486811147,13.763256931057342,-0.46647482653489275,-2.648381842220591,1.0355121165855776,2.605912521241418
-1.5376696409179254,13.667770526134118,-0.5245076148380088,-2.713217394734052,1.083910838525421,2.5432604617301364
-1.5094426087880128,13.762762793977393,-0.47146935894020786,-2.6522800852130257,1.0456422247538821,2.6045957347799567
-1.5556731748126817,13.667152712775783,-0.5297247874004136,-2.717085144024193,1.0937671150769201,2.541876621404785
-1.5271551730572401,13.762552560125227,-0.4762672252844255,-2.6559745416960863,1.0552217075783337,2.6034972138282404
-1.5728528940214406,13.666826935297443,-0.5347309814697956,-2.720750026016177,1.103088620130933,2.5407187478828748
-1.5440457291497467,13.762622774584303,-0.4808665100466229,-2.6594693835203276,1.064270136135162,2.602613853857422
-1.5892416106370109,13.66678962146376,-0.5395251246623737,-2.724216174811789,1.1118936911330517,2.539783607496881
-1.5601484915960815,13.762969506937136,-0.48526784598275785,-2.6627688170395682,1.0728075203535434,2.6019420281988963
-1.6048713032411972,13.667036630251488,-0.5441085939448969,-2.7274878113826864,1.1202012965871753,2.539067380814351
-1.5754963542121008,13.763588408262923,-0.4894736797554296,-2.665877102136986,1.0808539121650638,2.6014776944869724
-1.6197729674289212,13.6675633401264,-0.5484845010771393,-2.7305692434828055,1.128030595232526,2.538565790809413
-1.5901208718302786,13.764474767083556,-0.49348772686163717,-2.668798558439407,1.088429124347832,2.601216483503361
-1.633976521260599,13.66836472829055,-0.5526571625960333,-2.7334648578945084,1.1354006221291066,2.538274207775513
-1.6040522634495473,13.765623562945247,-0.49731456797156093,-2.671537562937504,1.095552535196166,2.601153773465125
-1.6475107512123945,13.669435441455764,-0.5566317076445086,-2.7361791079899613,1.1423300688588132,2.538187735396073
-1.6173194308289145,13.767029516832096,-0.5009593508640581,-2.674098542060128,1.102242956663676,2.6012847522537834
-1.660403287794231,13.670769858785748,-0.5604137887163718,-2.738716498702695,1.14883713333364,2.5383012815194346
-1.6299499880233757,13.768687137956404,-0.5044275711740702,-2.6764859603958273,1.1085185492673861,2.6016044696278575
-1.6726806027093573,13.672362147676585,-0.5640093692002184,-2.7410815703637406,1.1549394209020638,2.5386096164815704
-1.641970298468048,13.770590766718664,-0.5077249119250918,-2.678704307620558,1.1143967712623268,2.602107881089449
-1.6843680214685581,13.674206313033414,-0.567424568192191,-2.743278882395599,1.1606538830874584,2.5391074212575533
-1.653405517065749,13.772734613797201,-0.5108571268724722,-2.680758084726044,1.1198943527633256,2.6027898847709596
-1.6954897469048966,13.676296240670823,-0.5706655479774517,-2.745312997524689,1.1659967837640348,2.539789327271478
-1.6642796353724547,13.775112795443484,-0.5138299564636588,-2.68265179029962,1.1250272878614993,2.6036453524623937
-1.7060688901901793,13.678625735423026,-0.5737384332649944,-2.747188466933545,1.170983685176573,2.5406499493373653
-1.6746155284637207,13.777719365133837,-0.5166490680477679,-2.684389907356216,1.1298108395599213,2.604669155699888
-1.7161275068224087,13.681188554505075,-0.5766492540179354,-2.7489098166032373,1.175629448153602,2.541683912918068
-1.6844350024344372,13.780548341775974,-0.5193200140815637,-2.6859768910402426,1.13425955368416,2.6058561876755637
-1.7256866357064644,13.683978436621091,-0.5794039057838719,-2.7504815349749205,1.1799482423190626,2.542885876663611
-1.6937588417625176,13.783593734697021,-0.5218482036604584,-2.6874171573829204,1.1383872789184015,2.6072013815987782
-1.7347663399434523,13.686989127269701,-0.5820081229704781,-2.751908061976077,1.1839535631949865,2.5442505510098496
-1.702606855981706,13.786849565651394,-0.5242388838846811,-2.6887150732075735,1.142207190864953,2.6086997260334304
-1.74338574831352,13.690214400654927,-0.5844674616650833,-2.7531937793992705,1.1876582539012168,2.5457727134754076
-1.7109979252689185,13.790309888090004,-0.5264971284560076,-2.689874947209993,1.145731818581773,2.6103462776496733
-1.7515630967134426,13.693648078572021,-0.586787289460876,-2.7543430025825306,1.1910745297653924,2.5474472211804664
-1.7189500446706436,13.793968803929333,-0.5286278315620812,-2.690901022194662,1.1489730724698473,2.612136171760114
-1.759315769020214,13.697284046600474,-0.5889727803956989,-2.7553599733171796,1.194214004610513,2.5492690210196622
-1.7267075569635904,13.797717655141934,-0.5307457949499108,-2.691915002432424,1.1522458780057674,2.6139948598320926
-1.766886163058864,13.701008699499745,-0.5911411142312805,-2.756366606130697,1.1973907185156059,2.55115427117491
-1.7345565278912631,13.80142581400096,-0.5329777566845808,-2.6930610831027595,1.1559120583521167,2.615832222579445
-1.7745569358727935,13.704686239350561,-0.5934220472956422,-2.757506850929556,1.2009649954655637,2.553002463579904
-1.742497844866388,13.805089539312412,-0.5353043260598392,-2.6943360757496015,1.1599429488434105,2.6176445707735376
-1.7823261450623764,13.708314325927425,-0.5957967930927263,-2.7587765929945216,1.2049069726084254,2.5548115241050677
-1.7505307843962372,13.808706507972047,-0.5377101392734785,-2.6957356015011062,1.1643114152683611,2.61942907990443
-1.7901909316765212,13.711891732386974,-0.5982504331733858,-2.7601707655726386,1.2091885997549956,2.5565800500402114
-1.7586534910328753,13.812275447491821,-0.5401829806176366,-2.6972545499767784,1.1689919438583523,2.6211836253341776
-1.79814783808445,13.71541804522892,-0.6007710759035654,-2.761683752742402,1.2137836656714085,2.5583071735834384
-1.7668633420989905,13.815795853956482,-0.542713100483022,-2.698887413649957,1.1739606771356588,2.6229066436195954
-1.8061930482670878,13.718893434589505,-0.6033492034924866,-2.763309680550031,1.218667784389117,2.559992446286311
-1.7751572235890096,13.819267776139599,-0.5452926855679849,-2.700628528790086,1.1791954094826698,2.6245970168611903
-1.8143225676312058,13.722318479004748,-0.6059771645924955,-2.7650426246205577,1.2238183522554904,2.561635742448341
-1.78344876841296,13.822730228824208,-0.5478751027122781,-2.702428632916551,1.1845646963861092,2.626281179435018
-1.8224499014038031,13.725734343108014,-0.608607661933079,-2.7668331178144543,1.2291038703719335,2.563267701595347
-1.791529040381076,13.826280725708818,-0.5503584577137701,-2.704173655207333,1.189778563412532,2.628027174081528
-1.8303673840688108,13.729242920032224,-0.611136860791817,-2.768567094585212,1.2342349364652319,2.564965169334333
-1.7994073811952815,13.829917211734127,-0.5527549731206994,-2.7058642005641014,1.1948483130117493,2.6298324696820607
-1.8380854130971884,13.732841363667758,-0.6135768384773352,-2.7702456300164333,1.23922324298231,2.5667251201755574
-1.8070923792845102,13.833637549957437,-0.5550742515290151,-2.7075011266574376,1.199783455248153,2.631694776835882
-1.8456133141277478,13.736526925263668,-0.6159371136040601,-2.771869935833342,1.2440785665574867,2.5685448758308977
-1.8145919896827925,13.837439559071083,-0.5573239152840067,-2.7090854692230595,1.2045921109045012,2.6336119992537355
-1.8529595432792307,13.74029694767789,-0.6182252694167245,-2.7734413139788505,1.2488092035398446,2.570422031382371
-1.8219136269470082,13.841321041613853,-0.5595100861348359,-2.710618385787093,1.2092813155850102,2.6355821970948736
-1.860131841649345,13.74414886089028,-0.6204474212126888,-2.774961121726539,1.2534222982293994,2.5723543995563043
-1.8290642377272648,13.845279805057707,-0.5616377450596488,-2.712101113399795,1.2138572495631583,2.6376035592542637
-1.867137353865047,13.748080178385143,-0.622608567042674,-2.7764307455812585,1.2579240906786575,2.5743399686061896
-1.8360503579456204,13.849313677460588,-0.5637110023601042,-2.7135349369913686,1.218325411909177,2.639674382361096
-1.8739827195780878,13.752088494136043,-0.6247128510059081,-2.7778515818551734,1.2623201041696246,2.5763768704232555
-1.8428781583094862,13.853420518980766,-0.565733300551701,-2.714921165771,1.2226907527856934,2.6417930548086153
-1.8806741445708421,13.756171480011606,-0.6267637610833087,-2.7792250223026786,1.266615287426942,2.5784633563330353
-1.8495534809554446,13.857598230245406,-0.5677075669135097,-2.716261115707189,1.226957774317914,2.643958044556337
-1.8872174564690296,13.760326883476848,-0.6287642779341753,-2.7805524435822297,1.270814122847668,2.580597778666914
-1.8560818693257006,13.861844758330097,-0.5696363283225392,-2.717556096601724,1.2311306078373772,2.64616788975943
-1.8936181488107717,13.764552525501577,-0.6307169869527901,-2.78183519960968,1.27492070919897,2.5827785766712217
-1.8624685928593512,13.866158100924775,-0.571521797824989,-2.7188074026308837,1.235213073345747,2.648421191515948
-1.8998814162859465,13.768846298613491,-0.6326241627909858,-2.783074616094166,1.2789388251157359,2.585004265672866
-1.8687186676910263,13.870536309122837,-0.5733659400220135,-2.7200163055021895,1.2392087255826258,2.6507166081995024
-1.9060121832559644,13.773206165054093,-0.6344878332419747,-2.784271986717842,1.282871978144136,2.587273428690496
-1.8748368742521233,13.874977489167845,-0.5751705205713011,-2.721184049581088,1.2431208899839752,2.6530528509793267
-1.9120151271428774,13.77763015500583,-0.6363098276461725,-2.785428570554136,1.28672344288827,2.5895847098803793
-1.8808277724552362,13.879479803408964,-0.5769371437727981,-2.7223118485019704,1.2469526909978805,2.655428680228078
-1.917894697881163,13.782116364869758,-0.6380918136852904,-2.786545590416886,1.2904962909279218,2.5919368093592934
-1.8866957149744397,13.88404147065757,-0.5786672812115254,-2.7234008828955982,1.250707074608508,2.657842902593863
-1.9236551343304198,13.786662955579835,-0.6398353254601951,-2.7876242319078317,1.2941934145084555,2.5943284790611187
-1.8924448590104477,13.888660766091327,-0.5803622936844931,-2.7244522989550433,1.2543868264584368,2.660294368569402
-1.9293004783267913,13.791268150944319,-0.6415417850212553,-2.7886656429870054,1.2978175455048697,2.596758519369381
-1.898079176836621,13.893336020817053,-0.5820234480794385,-2.7254672076304765,1.2579945866133575,2.6627819704334112
-1.9348345868849695,13.795930236008276,-0.6432125189753576,-2.789670933933412,1.3013712707877467,2.5992257763329407
-1.9036024653522587,13.89806562117711,-0.5836519304548915,-2.7264466842945634,1.2615328617545436,2.6653046404709926
-1.9402611429375465,13.80064755543415,-0.6448487713870477,-2.790641177595333,1.3048570448388541,2.6017291393207747
-1.909018354816468,13.902848007864385,-0.5852488562583373,-2.7273917687585003,1.2650040353908745,2.667861349404098
-1.9455836649066844,13.80541851189809,-0.6464517138856727,-2.7915774098549004,1.3082772002540908,2.6042675390075316
-1.9143303168966295,13.907681674895189,-0.5868152783837318,-2.7283034655485467,1.2684103765355335,2.670451104980306
-1.9508055153296746,13.810241564502991,-0.6480224536629906,-2.7924806302483125,1.3116339566138062,2.6068399456103437
-1.9195416721335328,13.912565168479542,-0.5883521935955268,-2.729182744373698,1.2717540471837165,2.6730729506825854
-1.9559299087120583,13.815115227206899,-0.6495620398725023,-2.7933518026996667,1.3149294280828077,2.609445367315871
-1.9246555969067927,13.917497085816581,-0.5898605477125967,-2.7300305407338725,1.2750371088465189,2.6757259645312326
-1.9609599187376314,13.820038067268998,-0.6510714688162139,-2.794191856334207,1.3181656300138513,2.6120828488539045
-1.929675129962519,13.922476073839105,-0.5913412398490622,-2.730847756628484,1.2782615283332859,2.678409257957875
-1.9658984849371623,13.825008703714184,-0.6525516882070893,-2.795001686346313,1.321344484761472,2.6147514701840593
-1.9346031785545832,13.927500827924664,-0.5927951259343042,-2.731635261335747,1.2814291829296893,2.6811219747364503
-1.9707484188955815,13.830025805817021,-0.654003600723567,-2.795782154903562,1.3244678268641898,2.6174503452710347
-1.9394425242414044,13.93257009058636,-0.5942230216787583,-2.7323938922406232,1.2845418650836875,2.683863289959875
-1.9755124100582822,13.835088091607396,-0.6554280670197954,-2.7965340920718815,1.3275374077144468,2.620178620930459
-1.944195828370086,13.937682650155038,-0.5956257051117378,-2.733124455693558,1.2876012866847877,2.6866324090548677
-1.9801930311865066,13.840194326398496,-0.6568259083132943,-2.7972582967513193,1.3305548998085706,2.6229354757319476
-1.9488656372773265,13.942837339460224,-0.5970039187854967,-2.7338277278877894,1.2906090830036794,2.689428566828783
-1.984792743500757,13.845343321338689,-0.658197908643062,-2.797955537614042,1.333521900647122,2.6257201189493182
-1.953454387229292,13.948033034516826,-0.598358371717139,-2.7345044557448874,1.2935668163434464,2.6922510265446293
-1.9893139015431995,13.850533931989036,-0.6595448168680299,-2.798626554037803,1.3364399363404391,2.6285317895512446
-1.9579644091194413,13.953268653223336,-0.5996897411225623,-2.73515535780096,1.2964759794418734,2.695099079021376
-1.993758757785769,13.855765056926908,-0.6608673484579927,-2.7992720570306386,1.3393104649616714,2.6313697552266984
-1.9623979329426708,13.95854315407461,-0.6009986739831438,-2.7357811250881108,1.2993379986581939,2.6979720417575583
-1.9981294670062184,13.861035636376393,-0.6621661871173217,-2.799892730143393,1.3421348796814283,2.6342333114411653
-1.9667570920600337,13.963855534892623,-0.6022857884759637,-2.7363824220071478,1.3021542369681163,2.7008692580763043
-2.002428090447845,13.86634465086781,-0.6634419862727243,-2.800489230366212,1.3449145117097885,2.6371217805216114
-1.9710439272654101,13.969204831578915,-0.6035516752923673,-2.7369598871871874,1.3049259967880475,2.703790096291786
-2.006656599781591,13.871691119924877,-0.6646953704466992,-2.8010621890086735,1.3476506330676867,2.640034510767138
-1.9752603906689827,13.974590116888486,-0.60479689886175,-2.7375141343313962,1.307654522645814,2.7067339488952378
-2.010816880881505,13.877074100781837,-0.665926936536469,-2.8016122125607574,1.3503444592045957,2.642970875584502
-1.9794083494046666,13.98001049922876,-0.6060219984957259,-2.7380457530456206,1.3103410037104164,2.7097002317610244
-2.0149107374265762,13.882492687129881,-0.6671372550107736,-2.802139883534354,1.3529971514768147,2.6459302726471288
-1.9834895891733937,13.98546512148329,-0.607227489463044,-2.7385553096495654,1.312986576193607,2.7126883833719004
-2.018939894339192,13.887946007893566,-0.6683268710362424,-2.8026457612843934,1.3556098194984216,2.648912123076761
-1.9875058176298164,13.990953159861775,-0.6084138640039655,-2.7390433479691896,1.315592325632226,2.715697864063398
-2.0229060010686792,13.893433226037766,-0.669496305541805,-2.8031303828087584,1.3581835233744046,2.6519158706473096
-1.9914586676199875,13.996473822777272,-0.6095815922912339,-2.739510390109429,1.318159289059901,2.718728155287391
-2.026810634730004,13.898953537404285,-0.6706460562271227,-2.8035942635275273,1.3607192758250115,2.654940981010024
-1.9953497002792884,14.00202634974989,-0.6107311233423569,-2.7399569372076815,1.3206884570759208,2.721778758894124
-2.0306553031047416,13.904506169578488,-0.6717765985210521,-2.804037898041061,1.363218044208711,2.657986940939661
-1.9991804079963411,14.007610010337974,-0.6118628858880377,-2.7403834701673246,1.3231807758172933,2.7248491964328467
-2.034441447509826,13.910090380786986,-0.6728883864952927,-2.804461760866169,1.365680752449822,2.6610532576017523
-2.0029522172482563,14.013224103097613,-0.6129772892009492,-2.7407904503705915,1.3256371488397145,2.727939008471324
-2.0381704455434635,13.915705458824203,-0.6739818537352038,-2.804866307151933,1.368108282877163,2.664139457839833
-2.006666491315873,14.01886795456882,-0.6140747238866506,-2.741178320372094,1.3280584389130883,2.7310477539332148
-2.041843613712606,13.921350720008812,-0.6750574141720137,-2.805251973374474,1.3705014779786573,2.6672450874827387
-2.0103245328832293,14.024540918289262,-0.6151555626399848,-2.7415475045723983,1.3304454697361654,2.7341750094536406
-2.0454622099478565,13.927025508169674,-0.6761154628788981,-2.80561917801096,1.3728611420765953,2.6703697106717055
-2.0139275865265103,14.03024237383541,-0.6162201609692061,-2.741898409871774,1.332799027574442,2.7373203687526795
-2.0490274360111167,13.93272919366083,-0.6771563768331897,-2.8059683221931633,1.3751880429279602,2.673512909206903
-2.0174768410976203,14.035971725890855,-0.6172688578895481,-2.7422314263043854,1.3351198628254346,2.740483442026721
-2.0525404398011946,13.938461172405136,-0.678180515646383,-2.8062997903410856,1.3774829132534159,2.6766742819129643
-2.0209734320076302,14.041728403341175,-0.6183019765879352,-2.742546927653447,1.337408691515039,2.74366385535711
-2.056002317563617,13.944220864964983,-0.6791882222630828,-2.806613950777674,1.3797464521993819,2.679853444022866
-2.0244184434159953,14.047511858394198,-0.619319825059749,-2.7428452720483003,1.3396661967287786,2.746861250135499
-2.059414116005284,13.950007715642375,-0.6801798236327484,-2.806911156323071,1.3819793267356373,2.683050026580819
-2.0278129103257725,14.053321565727819,-0.6203226967208235,-2.7431268025416973,1.3418930299804652,2.750075282507006
-2.062776834322065,13.955821191605073,-0.6811556313530858,-2.807191744870846,1.3841821729923627,2.6862636758627927
-2.0311578205931164,14.059157021662266,-0.6213108709937,-2.7433918476699235,1.3440898125215335,2.7533056228293376
-2.066091426141921,13.961660782039326,-0.6821159422871785,-2.807456039945975,1.3863555975390711,2.6894940528145943
-2.034454116853721,14.065017743357199,-0.6222846138704975,-2.7436407219952845,1.3462571365944755,2.7565519551481836
-2.069358801385907,13.967525997329686,-0.6830610391569609,-2.8077043512440243,1.388500178608579,2.6927408325077544
-2.0377026983679762,14.070903268034346,-0.6232441784538791,-2.7438737266305733,1.348395566632067,2.7598139766890526
-2.0725798280540286,13.973416368262926,-0.6839911911115943,-2.8079369751539995,1.3906164672684527,2.6960037036115576
-2.0409044227918463,14.076813152222924,-0.6241898054754764,-2.7440911497476117,1.3505056404057725,2.763091397364185
-2.0757553339351857,13.979331445258467,-0.6849066542744279,-2.8081541952629436,1.3927049885423117,2.6992823678824545
-2.0440601078731384,14.082746971029746,-0.6251217237947907,-2.744293267068461,1.3525878701249936,2.7663839392952667
-2.0788861082477688,13.985270797622388,-0.6858076722677128,-2.8083562828445063,1.3947662424835638,2.7025765396691797
-2.047170533078655,14.088704317431928,-0.6260401508777509,-2.7444803423408954,1.3546427434897446,2.76969133635102
-2.081972903213608,13.991234012824702,-0.6866944767157935,-2.8085434973318746,1.3968007052034936,2.7058859454333732
-2.050236441156367,14.094684801591008,-0.6269452932561268,-2.74465262779898,1.356670724699503,2.773013333698857
-2.08501643556522,13.997220695801524,-0.6875672877303163,-2.8087160867735728,1.3988088298561359,2.7092103232864115
-2.0532585396305385,14.100688050191097,-0.6278373469699566,-2.7448103646069417,1.3586722554185893,2.776349687371837
-2.0880173879932764,14.003230468278407,-0.6884263143746081,-2.8088742882752302,1.400791047581309,2.7125494225404494
-2.0562375022386368,14.1067137057966,-0.6287164979915187,-2.7449537832895516,1.360647755701907,2.7797001638487355
-2.0909764105344073,14.009262968116321,-0.6892717551105488,-2.8090183284259584,1.4027477684085952,2.7159030032745077
-2.059173970308657,14.112761426231533,-0.6295829226331273,-2.745083104147616,1.3625976248814546,2.7830645396479596
-2.093894121902007,14.015317848679402,-0.6901037982280481,-2.8091484237101754,1.4046793821229595,2.7192708359147604
-2.0620685540803048,14.118830883979273,-0.630436787939133,-2.7451985376592853,1.3645222424161505,2.7864426009349494
-2.0967711107633913,14.021394778223316,-0.6909226222574862,-2.8092647809055817,1.4065862590945795,2.7226527008286414
-2.064921833972883,14.124921765601911,-0.6312782520623906,-2.745300284868088,1.3664219687058814,2.789834143142121
-2.0996079369653,14.027493439303882,-0.6917283963658692,-2.809367597467648,1.4084687510740421,2.7260483879323747
-2.067734361802291,14.131033771178593,-0.6321074646259863,-2.745388537757793,1.3682971458724016,2.7932389706015357
-2.1024051327099187,14.033613528205372,-0.6925212807375956,-2.8094570619010075,1.4103271919545088,2.7294576963114405
-2.0705066619488135,14.13716661376262,-0.6329245670708676,-2.74546347961459,1.370148098507473,2.79665689618953
-2.105163203682406,14.039754754388758,-0.693301426940917,-2.8095333541174274,1.4121618985025282,2.7328804338543535
-2.0732392324768245,14.143320018857354,-0.633729692990321,-2.745525285376301,1.3719751343900923,2.800087740983688
-2.1078826301338074,14.045916839957938,-0.6940689782794445,-2.8095966457820305,1.4139731710582741,2.7363164168982417
-2.0759325462104345,14.149493723909128,-0.6345229684510362,-2.7455741219701064,1.3737785451743438,2.80353133393096
-2.1105638679203698,14.052099519144104,-0.6948240701300994,-2.8096471006473998,1.4157612942073319,2.739765469886615
-2.078587051765904,14.155687477817327,-0.6353045123016314,-2.74561014863861,1.3755586070488899,2.8069875115269634
-2.11320734950063,14.058302537808004,-0.6955668302681269,-2.8096848748758787,1.4175265374245951,2.743227425038854
-2.0812031745421247,14.161901040461446,-0.6360744364695227,-2.7456335172543302,1.3773155813694817,2.8104561175063916
-2.115813484892396,14.06452565295932,-0.6962973791795394,-2.8097101173505514,1.4192691556917647,2.7467021220310226
-2.0837813176713897,14.168134182244295,-0.6368328462461794,-2.7456443726232718,1.3790497152654149,2.81393700254391
-2.1183826625919484,14.070768632292113,-0.6970158303610234,-2.8097229699756667,1.4209893900897042,2.750189407687496
-2.0863218629326776,14.174386683650518,-0.6375798405610883,-2.7456428527782477,1.3807612422211883,2.8174300239650263
-2.120915250455963,14.07703125373671,-0.6977222906085213,-2.809723567966231,1.4226874683664799,2.7536891356833726
-2.0888251716280717,14.180658334820532,-0.6383155122452894,-2.7456290892616244,1.3824503826347623,2.8209350454672224
-2.1234115965484146,14.083313305026916,-0.6984168602944933,-2.8097120401275877,1.4243636054821625,2.7572011662570013
-2.091291585424239,14.186948935139188,-0.639039948284627,-2.745603207398297,1.384117344352707,2.824451936850501
-2.1258720299528857,14.089614583282804,-0.6990996336347975,-2.8096885091246233,1.426018004131567,2.7607253659329456
-2.09372142715971,14.193258292839083,-0.6397532300634687,-2.7455653265587032,1.3857623231835918,2.8279805737575208
-2.128296861553837,14.095934894607161,-0.6997706989444081,-2.8096530917423093,1.427650855245553,2.764261607253916
-2.0961150016213366,14.199586224616821,-0.6404554335983398,-2.7455155604132244,1.3873855033908111,2.8315208374223593
-2.1306863847854256,14.102274053696911,-0.7004301388839957,-2.809605899136162,1.429262338472158,2.7678097685227416
-2.0984725962886905,14.205932555263491,-0.6411466297631532,-2.7454540171770145,1.3889870581651762,2.83507261442836
-2.133040876351222,14.108631883467808,-0.7010780306966229,-2.8095470370742652,1.4308526226381033,2.771369733552996
-2.1007944820493107,14.212297117307719,-0.6418268845054027,-2.7453807998463513,1.3905671500785384,2.8386357964743647
-2.1353605969149223,14.115008214692512,-0.701714446435368,-2.809476606170423,1.432421866191599,2.774941391428587
-2.1030949806751513,14.218672740719153,-0.6425031902264156,-2.7453004215871086,1.3921361571626423,2.8422053209924805
-2.1376597655054965,14.121395589279292,-0.7023465171670004,-2.8093991822517803,1.4339803789439949,2.7785194422079424
-2.105374884944262,14.225058932564494,-0.6431753299369696,-2.745213247168678,1.3936943296716762,2.84578092197276
-2.1399390850812137,14.127793545620847,-0.7029740539039729,-2.809315100643528,1.4355283770578806,2.782103633458427
-2.107634602492822,14.231455409187125,-0.6438430141092577,-2.7451194978569733,1.3952417015827678,2.8493624651505183
-2.142198892799529,14.134201829763075,-0.703596787670673,-2.809224557883458,1.4370658682673692,2.7856938455797695
-2.1098744405525056,14.237861951859461,-0.6445060066866294,-2.745019343708985,1.3967782897608518,2.852949847950304
-2.144439440806506,14.140620246419298,-0.7042144986732495,-2.8091277045290437,1.4385928489918098,2.789289987642925
-2.1120946272908023,14.24427839285795,-0.6451641138171678,-2.744912914511004,1.398304097615364,2.8565429926786923
-2.146660914317913,14.14704864637262,-0.7048270059404943,-2.8090246549862106,1.440109306763994,2.7928919912214214
-2.1142953286429105,14.250704604489107,-0.645817174968308,-2.7448003084010035,1.3998191179854387,2.8601418411579953
-2.148863445880025,14.15348691654843,-0.7054341591543509,-2.8089154952566666,1.4416152221467289,2.796499805528878
-2.116476661586377,14.257140490442122,-0.646465055920016,-2.7446815986647124,1.4013233354163406,2.8637463504964433
-2.151047126616529,14.159934972191763,-0.7060358322077409,-2.808800289044319,1.4431105702449696,2.8001133935860665
-2.118638704609606,14.263585978975415,-0.6471076432397032,-2.7445568390918726,1.4028167279553823,2.867356489754299
-2.1532120150960683,14.166392750704972,-0.7066319181258341,-2.808679082566809,1.4445953218990466,2.803732729200655
-2.1207815059650166,14.270041017549703,-0.6477448399268139,-2.744426068196416,1.4042992685685307,2.8709722373169972
-2.1553581443249374,14.172860206792638,-0.7072223250615894,-2.808551908347459,1.446069444626139,2.8073577945868022
-2.1229050901768534,14.276505568599816,-0.648376561978832,-2.744289312542249,1.4057709262577625,2.8745935788248396
-2.157485527258634,14.179337308638235,-0.7078069731398258,-2.8084187882022316,1.4475329033627826,2.8109885784899413
-2.125009463170189,14.282979606205279,-0.6490027356850946,-2.7441465893627393,1.407231666942352,2.8782205055423553
-2.15959416114707,14.185824034892558,-0.7083857919694063,-2.808279735593189,1.4489856610506047,2.814625074709169
-2.1270946163141993,14.289463113467958,-0.649623295493655,-2.7439979086246136,1.4086814541535813,2.8818530130733224
-2.161684030959323,14.192320372302202,-0.7089587186826054,-2.8081347574823035,1.4504276790983328,2.818267280933272
-2.1291605296087304,14.295956080447223,-0.6502381823302605,-2.7438432746535417,1.410120249582723,2.88549110034872
-2.163755112081934,14.198826313842737,-0.709525696390494,-2.807983855791228,1.4518589177459937,2.821915197824115
-2.131207174194749,14.302458502534538,-0.6508473422740664,-2.7436826874141795,1.4115480135127658,2.8891347688296696
-2.1658073724453635,14.205341857248765,-0.7100866729657447,-2.8078270285511184,1.4532793363520047,2.825568828294541
-2.133234514332567,14.308970379173768,-0.6514507255141648,-2.743516143518283,1.4129647051588725,2.8927840218797316
-2.1678407741990857,14.211867003856954,-0.7106416000838225,-2.80766427080793,1.4546888936194449,2.8292281769398
-2.135242508960062,14.315491712853971,-0.6520482855276524,-2.7433436370185196,1.41437028293634,2.8964388642704715
-2.1698552750319595,14.218401757694823,-0.7111904324672478,-2.807495575335671,1.4560875477745814,2.8328932495896
-2.1372311129208548,14.322022508316186,-0.6526399784317928,-2.7431651600337346,1.4157647046723132,2.900099301792168
-2.1718508292109195,14.224946124764479,-0.7117331272910364,-2.8073209331973175,1.4574752567072102,2.8365640529557474
-2.139200277930286,14.328562771929935,-0.6532257624744418,-2.742980703240799,1.4171479277717742,2.90376534094733
-2.173827388399738,14.231500112478404,-0.7122696437140138,-2.8071403341868377,1.458851978081309,2.8402405943544435
-2.141149953336895,14.335112511202134,-0.653805597632302,-2.7427902562620567,1.4185199093488368,2.907436988709433
-2.1757849023035476,14.238063729215616,-0.7127999425098074,-2.8069537671770752,1.4602176694221887,2.8439228814877495
-2.143080086721767,14.341671734390737,-0.6543794452946724,-2.7425938079703682,1.4198806063298268,2.911114252332863
-2.177723319176226,14.24463698397248,-0.7133239857762852,-2.8067612203935997,1.4615722881850592,2.8476109222715005
-2.1449906243702106,14.348240450200853,-0.6549472680144753,-2.7423913467291703,1.421229975534421,2.9147971392033236
-2.1796425862198685,14.251219886087913,-0.7138417367067392,-2.8065626816303673,1.4629157918089557,2.8513047246998107
-2.146881511643253,14.354818667545528,-0.6555090293121091,-2.7421828605815626,1.4225679737396106,2.9184856567200708
-2.1815426498986255,14.257812445027596,-0.7143531594100183,-2.8063581384191996,1.4642481377590648,2.8550042967385516
-2.1487526932692695,14.36140639535795,-0.6560646935213882,-2.7419683373989088,1.4238945577297275,2.92217981220327
-2.18342345618647,14.26441467021367,-0.7148582187684553,-2.806147578163644,1.46556928356014,2.8587096462412505
-2.1506041135742993,14.368003642443224,-0.6566142256677853,-2.741747764998202,1.4252096843360422,2.925879612820893
-2.185284950761286,14.271026570891326,-0.715356880326496,-2.805930988243985,1.4668791868225926,2.862420780883099
-2.152435716662458,14.374610417362229,-0.6571575913729856,-2.7415211312341863,1.4265133104676533,2.92958506553131
-2.187127079158005,14.277648156023577,-0.71584911020272,-2.80570835610017,1.4681778052630101,2.8661377081088357
-2.154247446558128,14.381226728340058,-0.6576947567795683,-2.741288424072038,1.4278053931358587,2.9332961770380246
-2.1889497868890984,14.284279434208445,-0.7163348750205554,-2.8054796692971857,1.4694650967203675,2.8698604350917356
-2.156039247317993,14.387852583193887,-0.6582256884915841,-2.7410496316447865,1.4290858894732517,2.937012953753895
-2.190753019538456,14.290920413614394,-0.7168141418541791,-2.8052449155761607,1.4707410191684291,2.873588968701459
-2.157811063118135,14.394487989276815,-0.6587503535282702,-2.740804742298099,1.4303547567485655,2.9407354017732796
-2.192536722836183,14.297571101928906,-0.7172868781853443,-2.8050040828951377,1.4720055307257986,2.877323315478537
-2.159562838323526,14.401132953433075,-0.6592687192870541,-2.740553744626129,1.431611952378469,2.9444635268497246
-2.1943008427165624,14.304231506318587,-0.7177530518698382,-2.8047571594608964,1.4732585896634838,2.881063481614395
-2.1612945175418474,14.407787481963279,-0.6597807535147999,-2.7402966274994176,1.432857433936706,2.9481973343786647
-2.196045325364219,14.310901633397375,-0.7182126311106808,-2.8045041337543544,1.4745001544109992,2.8848094729354776
-2.1630060456662843,14.41445158059679,-0.6602864242848813,-2.740033380087241,1.434091159161221,2.951936829383533
-2.197770117249435,14.31758148920221,-0.7186655844375256,-2.8042449945501735,1.4757301835609655,2.888561294891014
-2.1646973679083015,14.421125254470486,-0.6607856999795398,-2.7397639918748347,1.4353130859597845,2.955682016505159
-2.1994751651570414,14.32427107917313,-0.7191118806897538,-2.8039797309329004,1.4769486358728607,2.8923189525429813
-2.166368429824434,14.427808508111461,-0.6612785492753867,-2.7394884526776226,1.436523172414312,2.959432899992958
-2.2011604162075376,14.330970408138688,-0.7195514890040036,-2.803708332308925,1.4781554702757427,2.8960824505587324
-2.1680191773358097,14.43450134542434,-0.6617649411327657,-2.7392067526517363,1.4377213767842474,2.963189483698545
-2.2028258178752904,14.337679480303452,-0.7199843788033896,-2.803430788416884,1.4793506458704935,2.8998517932045456
-2.169649556745074,14.441203769680362,-0.6622448447864735,-2.738918882303195,1.438907657509238,2.966951771070102
-2.2044713180017546,14.344398299238891,-0.7204105197895723,-2.8031470893353245,1.4805341219315933,2.9036269843410114
-2.1712595147485487,14.447915783509492,-0.6627182297390009,-2.7386248324946436,1.440081973211278,2.970719765148383
-2.2060968648055312,14.3511268678765,-0.7208298819366427,-2.802857225488709,1.481705857908335,2.907408027419427
-2.172848998445537,14.454637388894438,-0.6631850657553082,-2.7383245944507433,1.441244282696067,2.9744934685634643
-2.207702406891383,14.357865188501663,-0.7212424354856167,-2.8025611876528327,1.482865813425889,2.9111949254785303
-2.1744179553467013,14.461368587165301,-0.6636453228580655,-2.7380181597628654,1.4423945449545885,2.9782728835320684
-2.209287893255932,14.364613262749822,-0.721648150940838,-2.8022589669584033,1.4840139482861598,2.9149876811425277
-2.175966333379227,14.468109378996317,-0.6640989713246364,-2.737705520392369,1.4435327191638143,2.9820580118556803
-2.2108532732933415,14.371371091602754,-0.7220469990664036,-2.801950554894639,1.485150222468357,2.9187862966189986
-2.177494080892089,14.474859764402574,-0.6645459816839829,-2.7373866686737576,1.4446587646876157,2.9858488549187836
-2.212398496798713,14.378138675386362,-0.7224389508839,-2.8016359433115854,1.4862745961295858,2.9225907736977272
-2.179001146659191,14.481619742738179,-0.664986324714719,-2.737061597316727,1.445772641077472,2.9896454136879056
-2.213923513971462,14.384916013768642,-0.7228239776701834,-2.801315124422451,1.4873870296051552,2.926401113749435
-2.180487479882437,14.48838931269448,-0.6654199714432228,-2.7367302994083036,1.446874308072818,2.9934476887104355
-2.215428275417365,14.391703105758506,-0.7232020509558976,-2.8009880908051117,1.4884874834090105,2.9302173177251634
-2.1819530301935455,14.49516847229915,-0.6658468931424071,-2.736392768414179,1.447963725601515,2.9972556801141113
-2.216912732150373,14.398499949704917,-0.7235731425241795,-2.800654835403569,1.4895759182339319,2.934039386155613
-2.1833977476557487,14.501957218915416,-0.6662670613305598,-2.7360489981799776,1.4490408537802895,3.0010693876065373
-2.2183768355946367,14.405306543295847,-0.7239372244092315,-2.8003153515294277,1.49065229495196,2.9378673191505382
-2.184821582765659,14.508755549241254,-0.6666804477701257,-2.735698982932646,1.450105652915059,3.004888810474591
-2.2198205375846696,14.412122883558617,-0.7242942688959748,-2.799969632862367,1.4917165746144843,2.941701116398785
-2.1862244864533142,14.51556345930972,-0.6670870244674474,-2.735342717280858,1.4511580835011018,3.0087139475844893
-2.221243790367024,14.41894896685924,-0.7246442485188622,-2.7996176734514133,1.4927687184525797,2.945540777167807
-2.1876064100837542,14.522380944488475,-0.6674867636717189,-2.7349801962161577,1.4521981062234977,3.012544797381433
-2.222646546600303,14.425784788902947,-0.7249871360616437,-2.7992594677152693,1.493808687877209,2.9493863003038516
-2.1889673054569854,14.529207999480317,-0.667879637874799,-2.7346114151132688,1.4532256819573177,3.016381357889773
-2.2240287593563357,14.432630344734017,-0.7253229045564863,-2.798895010443238,1.4948364444795026,2.953237684231731
-2.190307124809038,14.536044618323087,-0.6682656198104591,-2.7342363697309344,1.4542407717679435,3.0202236267128217
-2.225390382119966,14.439485628736541,-0.7256515272839074,-2.7985242967954265,1.495851950030975,2.957094926955101
-2.1916258208117445,14.542890794390466,-0.6686446824543195,-2.7338550562120667,1.4552433369113698,3.0240716010332047
-2.22673136879001,14.446350634634538,-0.7259729777720386,-2.7981473223034614,1.496855166483837,2.960958026056411
-2.192923346573611,14.549746520392151,-0.6690167990232314,-2.7334674710844418,1.4562333388344813,3.027925277612779
-2.2280516736790847,14.4532253554928,-0.7262872297965659,-2.7977640828706614,1.4978460559712408,2.964826978697227
-2.1941996556396632,14.556611788374678,-0.6693819429751897,-2.733073611260807,1.4572107391754299,3.031784652793033
-2.2293512515141543,14.46010978371739,-0.7265942573802617,-2.7973745747724803,1.4988245808076905,2.9687017816184236
-2.1954547019918484,14.563486589722013,-0.6697400880089955,-2.732673474039294,1.4581754997639271,3.0356497224952417
-2.230630057436394,14.4670039110566,-0.7268940347929183,-2.7969787946566442,1.4997907034892095,2.9725824311405034
-2.196688440048982,14.57037091515646,-0.6700912080641488,-2.7322670571035386,1.4591275826216141,3.039520482220861
-2.2318880470021547,14.473907728601297,-0.7271865365506819,-2.796576739543737,1.5007443866939476,2.9764689231637824
-2.197900824667566,14.577264754739106,-0.6704352773202993,-2.731854358523187,1.4600669499625272,3.0433969270516767
-2.233125176182309,14.48082122678631,-0.7274717374163109,-2.796168406827032,1.501685593282327,2.980361253168927
-2.199091811141209,14.584168097871158,-0.670772270197456,-2.731435376753747,1.4609935641934075,3.047279051650399
-2.2343414013627902,14.487744395391179,-0.7277496123987697,-2.7957537942728186,1.5026142862975114,2.984259416217286
-2.2002613552010555,14.59108093329474,-0.6711021613556666,-2.731010110636835,1.4619073879141609,3.0511668502610063
-2.2355366793450644,14.49467722354095,-0.728020136752882,-2.7953329000207074,1.5035304289659193,2.988163406951229
-2.201409413016295,14.598003249093711,-0.6714249256946607,-2.73057855940044,1.4628083839184167,3.0550603167091177
-2.2367109673463386,14.50161969970724,-0.7282832859791373,-2.79490572258374,1.5044339846977013,2.992073219594631
-2.2025359411942538,14.60493503269476,-0.6717405383537651,-2.73014072265904,1.4636965151939392,3.0589594444024293
-2.237864222999083,14.50857181170975,-0.7285390358239019,-2.794472260848158,1.5053249170870762,2.9959888479535772
-2.2036408967800045,14.611876270868885,-0.6720489747120302,-2.7296966004133347,1.464571744923095,3.062864226331473
-2.2389964043523927,14.515533546716718,-0.7287873622786148,-2.794032514074085,1.506203189912974,2.999910285416476
-2.2047242372576297,14.618826949731925,-0.6723502103875272,-2.7292461930507934,1.4654340364835727,3.066774655069837
-2.240107469871332,14.522504891246658,-0.7290282415801175,-2.793586481895084,1.507068767139556,3.003837524955002
-2.205785920549543,14.625787054746299,-0.6726442212376961,-2.728789501345311,1.4662833534487845,3.0706907227749602
-2.2411973784378976,14.5294858311692,-0.7292616502100906,-2.7931341643185705,1.507921612916819,3.007770559124404
-2.2068259050174217,14.632756570721849,-0.6729309833588158,-2.7283265264574696,1.4671196595885891,3.0746124211885824
-2.2422660893506667,14.536476351706712,-0.7294875648952605,-2.7926755617255554,1.5087616915810607,3.0117093800642905
-2.207844149461916,14.639735481817505,-0.6732104730861559,-2.7278572699342973,1.4679429188698245,3.0785397416375213
-2.243313562325503,14.54347643743542,-0.7297059626069917,-2.7922106748708044,1.5095889676556316,3.015653979499195
-2.2088406131232237,14.6467237715424,-0.6734826669937025,-2.7273817337093846,1.468753095457012,3.0824726750342295
-2.2443397574961357,14.550486072286606,-0.729916820560992,-2.791739504882969,1.5104034058515952,3.019604348739155
-2.2098152556817325,14.653721422757133,-0.6737475418938036,-2.72689992010294,1.4695501537131104,3.0864112118774214
-2.2453446354144746,14.557505239548048,-0.7301201162171664,-2.7912620532645533,1.5112049710683801,3.023560478680391
-2.210768037258163,14.660728417675251,-0.6740050748371715,-2.726411831821685,1.4703340582001732,3.090355342252802
-2.2463281570502467,14.564533921865934,-0.7303158272798558,-2.790778321891465,1.5119936283944422,3.0275223598063192
-2.211698918413388,14.667744737865084,-0.6742552431129728,-2.7259174719584753,1.4711047736800116,3.0943050558339964
-2.2472902837922324,14.57157210124581,-0.7305039316972144,-2.7902883130134275,1.5127693431080174,3.0314899821879533
-2.2126078601495185,14.674770364250827,-0.6744980242483328,-2.7254168439924973,1.4718622651151418,3.0982603418831562
-2.2482309774483924,14.57861975905432,-0.7306844076611982,-2.7897920292537055,1.513532080677964,3.0354633354848524
-2.2134948239100303,14.681805277114268,-0.674733396008341,-2.724909951789108,1.4726064976693776,3.102221189251705
-2.2491502002464134,14.585676876020724,-0.730857233607337,-2.7892894736090814,1.5142818067644614,3.0394424089458383
-2.2143597715802956,14.688849456096323,-0.6749613363958278,-2.7243967995996226,1.4733374367088548,3.10618758638129
-2.250047914834122,14.592743432238523,-0.7310223882146023,-2.788780649449706,1.515018487219907,3.043427191409889
-2.2152026654879475,14.69590288019874,-0.675181823651279,-2.7238773920612043,1.474055047802728,3.1101595213045345
-2.2509240842799536,14.599819407167157,-0.7311798504052363,-2.7882655605189672,1.5157420880896544,3.0474176713069396
-2.2160234684033444,14.702965527785784,-0.6753948362526747,-2.7233517341966094,1.4747592967241734,3.1141369816460145
-2.2517786720733914,14.606904779633728,-0.7313295993446391,-2.787744210933306,1.51645257561297,3.0514138366588437
-2.2168221435400275,14.710037376585984,-0.6756003529153638,-2.7228198314139975,1.475450149451185,3.1181199546231255
-2.2526116421256988,14.613999527834634,-0.7314716144410618,-2.7872166051821274,1.5171499162239064,3.0554156750802006
-2.217598654555342,14.717118403693863,-0.6757983525918536,-2.7222816895067603,1.4761275721675777,3.122108427047004
-2.2534229587702255,14.62110362933748,-0.7316058753455956,-2.786682748127529,1.5178340765522151,3.0594231737793676
-2.2183529655508316,14.724208585571802,-0.6759888144717259,-2.7217373146532045,1.4767915312639046,3.126102385323512
-2.2542125867635137,14.62821706108259,-0.7317323619516894,-2.786142645004334,1.518505023424339,3.063436319559251
-2.219085041073191,14.731307898051698,-0.6761717179812955,-2.7211867134164787,1.4774419933385354,3.13010181545415
-2.254980491285327,14.635339799385239,-0.731851054395288,-2.785596301419583,1.5191627238643637,3.067455098818512
-2.2197948461143295,14.73841631633715,-0.6763470427837038,-2.7206298927440438,1.4780789251985589,3.1341067030371965
-2.255726637939312,14.642471819937477,-0.7319619330546443,-2.7850437233523646,1.5198071450949164,3.071479497552491
-2.2204823461120857,14.745533815005322,-0.6765147687787114,-2.7200668599674276,1.4787022938608732,3.1381170332687427
-2.256450992753912,14.649613097809949,-0.7320649785499787,-2.7844849171536343,1.5204382545383637,3.0755095013542553
-2.221147506950987,14.752660368008854,-0.6766748761024737,-2.7194976228019967,1.4793120665531982,3.1421327909436765
-2.25715352218299,14.656763607453877,-0.7321601717433313,-2.783919889545958,1.5210560198177818,3.0795450954156376
-2.221790294962956,14.759795948677857,-0.6768273451273341,-2.7189221893465723,1.479908210715319,3.146153960456865
-2.2578341931062025,14.663923322703287,-0.7322474937385484,-2.783348647623071,1.5216604087579855,3.0835862645284102
-2.2224106769275926,14.766940529722183,-0.6769721564618797,-2.7183405680829953,1.4804906939999531,3.150180525804254
-2.258492972830291,14.671092216776714,-0.732326925880769,-2.7827711988498267,1.522251389386759,3.0876329930852733
-2.2230086200734185,14.774094083233214,-0.6771092909504804,-2.717752767875923,1.4810594842741447,3.1542124705839774
-2.2591298290890314,14.67827026227974,-0.7323984497566818,-2.782187551061525,1.5228289299358282,3.0916852650811926
-2.223584092077919,14.781256580686373,-0.6772387296734639,-2.71715879797215,1.4816145496202673,3.1582497779976864
-2.2597447300444466,14.685457431206896,-0.7324620471940677,-2.7815977124637605,1.5233929988421164,3.095743064114476
-2.2241370610685975,14.788427992943145,-0.6773604539467907,-2.716558668000353,1.4821558583372618,3.162292430851664
-2.260337644287696,14.69265369494373,-0.7325177002615649,-2.7810016916321647,1.523943564748897,3.0998063733878842
-2.2246674956239643,14.79560829025316,-0.6774744453217463,-2.7159523879707628,1.4826833789418452,3.166340411557949
-2.2609085408392047,14.699859024269443,-0.7325653912688189,-2.780399497511655,1.5244805965069286,3.1038751757101055
-2.225175364773539,14.80279744225686,-0.67758068558519,-2.7153399682743116,1.4831970801697836,3.170393702135935
-2.2614573891500536,14.7070733893588,-0.732605102765977,-2.779791139416348,1.5250040631757624,3.1079494534967997
-2.2256606379992205,14.809995417987523,-0.6776791567590597,-2.7147214196825082,1.4836969309770471,3.1744522842133294
-2.2619841591025294,14.714296759784549,-0.7326368175436642,-2.7791766270289946,1.5255139340249464,3.1120291887719933
-2.226123285235956,14.817202185873654,-0.6777698411002778,-2.7140967533467877,1.4841829005412308,3.178516139027642
-2.2624888210111203,14.721529104519718,-0.732660518632676,-2.7785559704006184,1.5260101785353417,3.1161143631693
-2.2265632768724455,14.824417713741438,-0.67785272110065,-2.7134659807979955,1.484654958262797,3.182585247427487
-2.2629713456230345,14.728770391940156,-0.7326761893039958,-2.7779291799499,1.5264927664002936,3.1202049579333666
-2.2269805837519527,14.831641968817216,-0.6779277794866704,-2.7128291139457965,1.4851130737663771,3.1866595898739902
-2.263431704119544,14.73602058982668,-0.7326838130683344,-2.7772962664629093,1.5269616675271043,3.1243009539211095
-2.2273751771733377,14.83887491772981,-0.6779949992193057,-2.7121861650782266,1.4855572169022473,3.1907391464421258
-2.2638698681160725,14.743279665368016,-0.7326833736763709,-2.7766572410922365,1.5274168520381899,3.128402331603308
-2.227747028891291,14.846116526513407,-0.6780543634941074,-2.7115371468607834,1.4859873577474918,3.1948238968223293
-2.264285809664104,14.750547585162678,-0.7326748551180172,-2.776012115356944,1.5278582902726507,3.1325090710657397
-2.228096111118173,14.853366760609601,-0.6781058557405584,-2.710882072336282,1.4864034666076544,3.19891382032166
-2.264679501251241,14.75782431522204,-0.7326582416226892,-2.7753609011416045,1.5282859527874608,3.1366211520108824
-2.2284223965240173,14.860625584870446,-0.6781494596223593,-2.7102209549237917,1.4868055140179959,3.203008895865565
-2.26505091580274,14.765109820972532,-0.7326335176587815,-2.7747036106960463,1.5286998103589995,3.1407385537591637
-2.228725858238046,14.867892963560784,-0.6781851590369392,-2.709553808418299,1.4871934707449606,3.2071091019991456
-2.2654000266815184,14.772404067258801,-0.7326006679339978,-2.774040256634305,1.5290998339843656,3.1448612552507895
-2.2290064698487493,14.87516886036136,-0.67821293811572,-2.7088806469896087,1.4875673077876195,3.2112144168890175
-2.265726807690455,14.779707018345622,-0.7325596773944046,-2.7733708519346707,1.529485994882922,3.148989235046788
-2.229264205405975,14.882453238370928,-0.6782327812233383,-2.708201485182166,1.4879269963792956,3.215324818324498
-2.266031233072085,14.787018637921285,-0.7325105312249532,-2.7726954099384598,1.5298582644976773,3.1531224713309873
-2.229499039420752,14.889746060109612,-0.6782446729580651,-2.707516337913882,1.488272507988859,3.219440283719488
-2.2663132775101844,14.794338889100016,-0.7324532148489408,-2.7720139443496064,1.5302166144968175,3.1572609419114266
-2.2297109468667577,14.897047287521428,-0.678248598151352,-2.706825220475537,1.4886038143223996,3.223560790114015
-2.2665729161310066,14.801667734424584,-0.7323877139277104,-2.771326469234196,1.5305610167752235,3.1614046242217952
-2.229899903181619,14.904356881976945,-0.6782445418674959,-2.7061281485302118,1.4889208873247894,3.2276863141757213
-2.2668101245035115,14.809005135869581,-0.732314014360848,-2.7706329990193126,1.5308914434559413,3.165553495323386
-2.2300658842670003,14.911674804276643,-0.6782324894039342,-2.7054251381121275,1.4892236991810783,3.231816832201768
-2.2670248786412017,14.816351054843807,-0.7322321022855645,-2.7699335484927583,1.5312078668917768,3.1697075319064476
-2.2302088664904547,14.919001014653377,-0.6782124262906059,-2.7047162056260934,1.4895122223183264,3.2359523201204063
-2.2672171550026454,14.823705452193423,-0.7321419640767857,-2.7692281328020933,1.5315102596668626,3.1738667102920237
-2.2303288266859855,14.92633547277557,-0.6781843382900272,-2.7040013678466197,1.4897864294069911,3.2400927534926627
-2.2673869304927687,14.831068288204765,-0.732043586346792,-2.7685167674539555,1.5317985945981982,3.1780310064335797
-2.2304257421551745,14.933678137750142,-0.6781482113970456,-2.703280641916998,1.4900462933626901,3.2442381075141817
-2.267534182463463,14.838439522607544,-0.7319369559452981,-2.767799468313106,1.5320728447372445,3.182200395918883
-2.2304995906679244,14.94102896812572,-0.67810403183881,-2.7025540453483536,1.4902917873477248,3.248388357017012
-2.267658888715223,14.845819114577523,-0.7318220599589225,-2.7670762516018934,1.532332983371597,3.1863748539715395
-2.2305503504639357,14.948387921895446,-0.6780517860743749,-2.701821596018893,1.4905228847728442,3.2525434764713217
-2.2677610274980218,14.853207022739689,-0.7316988857111081,-2.7663471338993295,1.5325789840266135,3.190554355452883
-2.2305780002535975,14.955754956500199,-0.6779914607945916,-2.701083312172912,1.4907395592989179,3.2567034399872647
-2.2678405775124966,14.860603205171245,-0.7315674207618679,-2.765612132140301,1.5328108204670383,3.1947388748637087
-2.2305825192191033,14.96313002883171,-0.6779230429219234,-2.700339212419921,1.4909417848385684,3.260868221316762
-2.2678975179108085,14.868007619404894,-0.7314276529077182,-2.7648712636145834,1.533028466698722,3.198928386346222
-2.2305638870153683,14.970513095235834,-0.6778465196103074,-2.6995893157334887,1.4911295355579695,3.265037793855544
-2.2679318282976992,14.875420222431966,-0.7312795701815087,-2.764124545965965,1.5332318969702154,3.203122863685839
-2.230522083771035,14.977904111515805,-0.677761878245029,-2.6988336414503156,1.4913027858784478,3.269212130644949
-2.267943488731775,14.882840970705562,-0.7311231608521171,-2.7633719971913626,1.533421085774555,3.2073222803130923
-2.2304570900896192,14.98530303293547,-0.6776691064425377,-2.6980722092692093,1.4914615104783144,3.2733912043738975
-2.2679324797268166,14.890269820143647,-0.7309584134241581,-2.7626136356400255,1.533596007850964,3.2115266093054187
-2.2303688870509064,14.99270981422245,-0.6775681920500513,-2.6973050392501214,1.4916056842946648,3.2775749873807785
-2.267898782252748,14.897706726132398,-0.7307853166378749,-2.7618494800124864,1.5337566381866603,3.215735823389183
-2.2302574562118473,15.000124409571573,-0.6774591231455284,-2.6965321518130545,1.4917352825250831,3.2817634516554364
-2.2678423777367063,14.905151643529557,-0.7306038594689611,-2.7610795493595477,1.53390295201846,3.21994989494162
-2.2301227796075676,15.007546772648304,-0.6773418880375177,-2.6957535677368663,1.4918502806294867,3.285956568841269
-2.2677632480643446,14.912604526667666,-0.7304140311282801,-2.760303863081361,1.5340349248346832,3.2241687959928003
-2.22996483975268,15.014976856592066,-0.6772164752648687,-2.694969308158271,1.4919506543318923,3.2901543102371478
-2.267661375580815,14.92006532935753,-0.7302158210617691,-2.7595224409263377,1.5341525323768737,3.228392498227665
-2.2297836196422645,15.022414614019766,-0.6770828735966219,-2.6941793945706056,1.492036379622267,3.2943566467995633
-2.267536743092181,14.92753400489148,-0.7300092189500711,-2.75873530299021,1.5342557506415857,3.232620972987962
-2.2295791027531098,15.029859997029213,-0.6769410720317794,-2.6933838488227417,1.4921074327583543,3.298563549144639
-2.2673893338665745,14.935010506046853,-0.7297942147083509,-2.7579424697149317,1.5343445558822961,3.2368541912743876
-2.229351273044965,15.037312957202596,-0.6767910597990454,-2.692582693117886,1.492163790267603,3.3027749875502783
-2.267219131634933,14.942494785089643,-0.7295707984863317,-2.757143961887438,1.5344189246110789,3.2410921237486994
-2.229100114961241,15.04477344561027,-0.6766328263568612,-2.6917759500122584,1.4922054289488556,3.306990931958307
-2.267026120592946,14.949986793777642,-0.7293389606676688,-2.756339800638875,1.5344788336005575,3.245334740735614
-2.228825613430862,15.052241412813988,-0.6764663613928596,-2.6909636424140824,1.4922323258743835,3.3112113519765174
-2.266810285401684,14.957486483364278,-0.7290986918700231,-2.755530007443158,1.5345242598857136,3.2495820122251473
-2.228527753868808,15.059716808870824,-0.6762916548240121,-2.6901457935821074,1.4922444583917402,3.3154362168810003
-2.266571611188999,14.964993804602056,-0.7288499829447782,-2.754714604115974,1.5345551807657976,3.2538339078746694
-2.2282065221777083,15.067199583336679,-0.6761086967961432,-2.689322427124428,1.4922418041256464,3.3196654956182625
-2.2663100835506977,14.972508707746211,-0.7285928249768123,-2.753893612813554,1.5345715738061445,3.2580903970110837
-2.2278619047486967,15.074689685270066,-0.6759174776839947,-2.6884935669971464,1.4922243409799134,3.323899156807485
-2.266025688551939,14.980031142558262,-0.7283272092841753,-2.753067056031547,1.5345734168400922,3.262351448632982
-2.2274938884628788,15.08218706323573,-0.6757179880908005,-2.6876592375030937,1.4921920471393677,3.3281371687427197
-2.2657184127282126,14.987561058309746,-0.728053127418036,-2.752234956603738,1.5345606879709415,3.2666170314129275
-2.2271024606924477,15.089691665308473,-0.6755102188481316,-2.6868194632904117,1.492144901071834,3.332379499395243
-2.2653882430868246,14.995098403785871,-0.7277705711622809,-2.7513973377008725,1.5345333655737528,3.270887113699615
-2.2266876093017878,15.097203439076939,-0.6752941610157845,-2.6859742693512665,1.4920828815300036,3.3366261164157427
-2.265035167107874,15.00264312728932,-0.7274795325334393,-2.7505542228292916,1.5344914282973847,3.275161663520228
-2.2262493226487283,15.104722331647459,-0.6750698058814766,-2.685123681020322,1.4920059675534576,3.3408769871367694
-2.264659172745713,15.010195176643938,-0.727180003780348,-2.74970563582976,1.534434855066376,3.2794406485826464
-2.225787589585801,15.112248289647871,-0.6748371449606502,-2.6842677239733796,1.491914138470706,3.3451320785750402
-2.2642602484297525,15.017754499198755,-0.7268719773841338,-2.748851600875931,1.5343636250828272,3.283724036277894
-2.225302399461038,15.119781259231603,-0.6745961699964614,-2.6834064242258586,1.491807373900865,3.349391357433767
-2.2638383830664774,15.0253210418314,-0.7265554460575825,-2.747992142473387,1.5342777178285139,3.288011793682229
-2.2247937421199517,15.127321186081259,-0.6743468729591608,-2.682539808131473,1.4916856537560923,3.3536547901050846
-2.2633935660400653,15.032894750952314,-0.7262304027452395,-2.747127285457988,1.534177113066724,3.2923038875596964
-2.224261607906115,15.134868015412843,-0.6740892460462087,-2.681667902380588,1.491548958243254,3.357922342672448
-2.2629257872138795,15.040475572508505,-0.7258968406230486,-2.7462570549945786,1.5340617908443213,3.296600284364475
-2.2237059876626386,15.14242169197967,-0.6738232816819094,-2.6807907339987826,1.4913972678660468,3.3621939809130557
-2.2624350369316297,15.04806345198754,-0.7255547530981478,-2.7453814765755955,1.533931731493567,3.3009009502431965
-2.223126872733216,15.149982160076435,-0.6735489725173051,-2.679908330345196,1.4912305634270235,3.3664696703003947
-2.261921306018766,15.055658334421402,-0.7252041338085701,-2.744500576019643,1.533786915634342,3.305205851037456
-2.2225242549635453,15.157549363543191,-0.6732663114298099,-2.679020719111064,1.4910488260296062,3.370749376006626
-2.2613845857836132,15.063260164390565,-0.724844976623076,-2.7436143794700443,1.5336273241759866,3.3095149522862064
-2.221898126702447,15.165123245769497,-0.6729752915230598,-2.6781279283180877,1.4908520370800762,3.3750330629051106
-2.2608248680186986,15.070868886027977,-0.7244772756408409,-2.7427229133933513,1.5334529383193103,3.3138282192282347
-2.221248480802996,15.172703749698531,-0.6726759061267444,-2.677229986316754,1.4906401782896923,3.3793206955730084
-2.260242145002146,15.078484443023033,-0.7241010251911568,-2.7418262045779405,1.5332637395587194,3.3181456168046095
-2.220575310624037,15.180290817831175,-0.6723681487961863,-2.676326921784833,1.4904132316766785,3.383612238293685
-2.259636409498519,15.086106778625854,-0.7237162198334298,-2.740924280132295,1.5330597096841336,3.3224671096613454
-2.2198786100309706,15.18788439223034,-0.6720520133123536,-2.675418763725497,1.4901711795682657,3.387907655059469
-2.2590076547602074,15.09373583565136,-0.7233228543568069,-2.740017167483538,1.53284083078294,3.3267926621517994
-2.219158373396965,15.195484414525197,-0.6717274936816438,-2.674505541465648,1.489914004602742,3.3922069095742144
-2.2583558745294336,15.10137155648301,-0.7229209237795668,-2.7391048943761627,1.532607085242287,3.3311222383391232
-2.218414595605004,15.20309082591504,-0.6713945841352036,-2.6735872846545496,1.4896416897316387,3.3965099652556514
-2.257681063038449,15.109013883077493,-0.7225104233494264,-2.7381874888699937,1.5323584557508816,3.3354558019990974
-2.217647272048114,15.210703567174031,-0.6710532791291843,-2.672664023261625,1.4893542182216297,3.4008167852383817
-2.2569832150109845,15.116662756968857,-0.7220913485431739,-2.7372649793386836,1.5320949253010594,3.3397933166226386
-2.2168563986306378,15.218322578655437,-0.6707035733445001,-2.671735787574745,1.4890515736566154,3.4051273323764635
-2.256262325664499,15.124318119272226,-0.7216636950658675,-2.736337394468452,1.531816477190982,3.344134745418188
-2.216041971770413,15.22594780029554,-0.670345461686096,-2.6708026081988723,1.4887337399399652,3.4094415692457964
-2.2555183907101797,15.131979910688665,-0.7212274588512639,-2.7354047632559277,1.531523095026553,3.3484800513146755
-2.215203988398906,15.233579171618494,-0.6699789392832091,-2.6698645160536927,1.4884007012964213,3.413759458147214
-2.2547514063549405,15.139648071509098,-0.7207826360611558,-2.734467115006773,1.5312147627235269,3.35282919696398
-2.214342445963011,15.241216631740453,-0.6696040014888583,-2.668921542372101,1.4880524422742873,3.4180809611089775
-2.2539613693021234,15.147322541618905,-0.720329223085379,-2.733524479333736,1.5308914645094847,3.3571821447437493
-2.2134573424257127,15.248860119374182,-0.669220643879866,-2.66797371869811,1.4876889477473567,3.4224060398896334
-2.253148276753464,15.155003260501871,-0.719867216541179,-2.7325768861552464,1.5305531849260432,3.3615388567598905
-2.212548676268114,15.256509572833215,-0.6688288622561551,-2.6670210768852267,1.487310202917219,3.426734655980648
-2.2523121264098416,15.162690167244813,-0.7193966132731939,-2.7316243656934165,1.5301999088308338,3.36589929484947
-2.211616446489959,15.264164930036541,-0.6684286526408878,-2.666063649094322,1.486916193315242,3.431066770609312
-2.251452916472493,15.170383200541995,-0.7189174103531872,-2.7306669484722703,1.5298316213995502,3.3702634205834228
-2.2106606526108914,15.271826128513146,-0.6680200112801331,-2.6651014677917053,1.4865069048045614,3.4354023447415134
-2.2505706456442334,15.178082298699518,-0.7184296050798037,-2.729704665315969,1.5294483081280117,3.374631195269296
-2.209681294671763,15.279493105406459,-0.6676029346425398,-2.66413456574717,1.4860823235823082,3.439741339084578
-2.249665313131241,15.185787399639507,-0.7179331949779798,-2.7287375473471736,1.5290499548343393,3.3790025799539176
-2.208678373236073,15.287165797478773,-0.667177419419002,-2.663162976032142,1.4856424361817115,3.4440837140900147
-2.2487369186434876,15.193498440905003,-0.7174281777990605,-2.7277656259848344,1.528636547660914,3.3833775354264386
-2.2076518893905237,15.294844141116148,-0.6667434625226428,-2.6621867320174237,1.4851872294740351,3.4484294299565184
-2.247785462396746,15.201215359664014,-0.7169145515201635,-2.726788932942775,1.5282080730764962,3.3877560222208025
-2.206601844747045,15.302528072332615,-0.6663010610881408,-2.661205867371404,1.4847166906709135,3.452778446632734
-2.2468109451128067,15.208938092714554,-0.7163923143443571,-2.725807500227232,1.527764517878245,3.392138000619016
-2.2055282414427597,15.310217526775332,-0.6658502124720869,-2.660220416057643,1.484230807326124,3.4571307238203284
-2.245813368021614,15.21666657648876,-0.7158614646999057,-2.7248213601353943,1.5273058691938608,3.396523430653663
-2.2044310821422055,15.317912439728802,-0.6653909142521348,-2.659230412333135,1.4837295673379143,3.4614862209767026
-2.2447927328621553,15.224400747057565,-0.7153220012401631,-2.723830545253318,1.5268321144836534,3.4009122721109066
-2.20331037003814,15.325612746119688,-0.6649231642269409,-2.6582358907460293,1.4832129589510632,3.4658448973180764
-2.243749041883855,15.232140540135244,-0.7147739228431396,-2.7228350884540653,1.5263432415426186,3.40530448453326
-2.2021661088528295,15.333318380521478,-0.664446960415771,-2.6572368861335813,1.4826809707589512,3.470206711822338
-2.2426822978469168,15.239885891084407,-0.7142172286116726,-2.7218350228953208,1.5258392385023414,3.4097000272227946
-2.20099830283839,15.341029277159542,-0.6639623010586722,-2.656233433619727,1.4821335917054965,3.4745716232322037
-2.2415925040245606,15.247636734920157,-0.713651917872562,-2.720830382017831,1.525320093833281,3.414098859243765
-2.1998069567789407,15.348745369915488,-0.6634691846156118,-2.655225568613163,1.481570811087427,3.478939590058062
-2.240479664203301,15.255393006315158,-0.713077990176762,-2.719821199543038,1.5247857963466784,3.418500939425771
-2.198592075990923,15.356466592332245,-0.6629676097666287,-2.6542133268049515,1.4809926185562008,3.4833105705810707
-2.239343782685226,15.263154639603844,-0.712495445298448,-2.7188075094714037,1.5242363351967878,3.422906226366463
-2.197353666325066,15.364192877618537,-0.6624575754111388,-2.6531967441665514,1.4803990041203212,3.4876845228560596
-2.238184864288051,15.27092156878761,-0.7119042832353211,-2.717789346079902,1.5236716998827657,3.4273146784348363
-2.19609173416664,15.371924158654068,-0.6619390806680061,-2.652175856947223,1.4797899581471075,3.492061404714746
-2.237002914346827,15.27869372753929,-0.7113045042080037,-2.716766743920198,1.5230918802507656,3.4317262537739683
-2.1948062864370255,15.37966036799418,-0.6614121248750557,-2.6511507016719724,1.4791654713649374,3.496441173768681
-2.2357979387148794,15.28647104920804,-0.7106961086598051,-2.7157397378163273,1.5224968664960468,3.436140910304256
-2.193497330594469,15.387401437874836,-0.6608767075889384,-2.6501213151390646,1.4785255348652686,3.5008237874124557
-2.2345699437647255,15.294253466824173,-0.7100790972565418,-2.714708362862554,1.521886649164906,3.4405586057263724
-2.1921648746351505,15.39514730021757,-0.6603328285847968,-2.6490877344176837,1.4778701401045913,3.5052092028267983
-2.2333189363899577,15.302040913103637,-0.7094534708858047,-2.713672654421469,1.521261219156874,3.444979297524152
-2.190808927094839,15.402897886634122,-0.6597804878557001,-2.6480499968458875,1.4771992789066637,3.509597376981456
-2.2320449240054794,15.309833320453226,-0.7088192306570993,-2.7126326481214007,1.520620567726604,3.449402942967946
-2.189429497049159,15.410653128431735,-0.6592196856127005,-2.6470081400278005,1.4765129434644084,3.5139882666386675
-2.2307479145491285,15.317630620975192,-0.7081763779012412,-2.711588379854461,1.5199646864859813,3.4538294991174885
-2.1880265941150467,15.418412956617924,-0.6586504222843435,-2.645962201831459,1.4758111263419913,3.5183818283561115
-2.2294279164825013,15.32543274647222,-0.7075249141701602,-2.710539885774149,1.5192935674061148,3.4582589228251184
-2.1866002284516117,15.42617730190554,-0.6580726985164156,-2.644912220386286,1.475093820476828,3.52277801849014
-2.2280849387921653,15.333239628452265,-0.7068648412365117,-2.7094872022931646,1.5186072028193631,3.4626911707388413
-2.1851504107612314,15.43394609471775,-0.6574865151715985,-2.6438582340806773,1.4743610191816354,3.527176793198948
-2.2267189909907765,15.341051198133428,-0.7061961610932924,-2.708430366081107,1.5179055854213563,3.4671261993054605
-2.183677152290581,15.441719265193047,-0.6568918733291252,-2.6428002815594946,1.4736127161464108,3.531578108445782
-2.225330083117799,15.348867386449006,-0.7055188759537071,-2.707369414062098,1.5171887082729134,3.4715639647737464
-2.18218046483143,15.44949674319038,-0.6562887742845482,-2.6417384017215437,1.4728489054404146,3.535981920002169
-2.22391822574067,15.3566881240524,-0.7048329882507424,-2.7063043834124083,1.5164565648021329,3.4760044231976703
-2.180660360721558,15.457278458294226,-0.6556772195494824,-2.6406726337170126,1.4720695815141682,3.540388183451179
-2.2224834299560903,15.364513341321999,-0.7041385006366482,-2.7052353115581784,1.5157091488063434,3.4804475304395135
-2.1791168528459144,15.465064339819625,-0.6550572108511425,-2.6396030169449856,1.4712747392015058,3.5447968541906323
-2.221025707390971,15.372342968366098,-0.7034354159827165,-2.704162236173182,1.5149464544540736,3.4848932421729075
-2.1775499546378865,15.472854316817152,-0.6544287501318342,-2.638529591050977,1.4704643737214618,3.549207887436271
-2.2195450702030675,15.380176935028151,-0.7027237373790269,-2.7030851951760675,1.514168476287033,3.489341513886367
-2.1759596800793464,15.480648318078359,-0.6537918395491302,-2.637452395924041,1.4696384806802762,3.55362123822526
-2.2180415310820463,15.388015170891704,-0.702003468134109,-2.7020042267280866,1.5133752092220023,3.4937923008863434
-2.174346043702071,15.488446272140779,-0.6531464814751946,-2.6363714716943134,1.4687970560732548,3.5580368614193407
-2.2165151032509662,15.395857605285205,-0.7012746117743012,-2.700919369230837,1.5125666485528566,3.4982455583003293
-2.1727090605889643,15.496248107292912,-0.6524926784963472,-2.635286858730494,1.4679400962868816,3.562454711708071
-2.2149658004665804,15.403704167287383,-0.7005371720437152,-2.6998306613234218,1.5117427899525424,3.5027012410804454
-2.17104874637415,15.50405375157973,-0.6518304334131053,-2.6341985976368893,1.4670675981005932,3.566874743612356
-2.213393637020279,15.411554785732262,-0.6997911529039149,-2.6987381418801384,1.5109036294747364,3.507159304006434
-2.1693651172441815,15.511863132807742,-0.6511597492396355,-2.633106729250878,1.4661795586886495,3.5712969114876136
-2.2117986277396176,15.419409389214028,-0.6990365585331806,-2.6976418500080257,1.5100491635561086,3.5116197016890145
-2.1676581899392446,15.519676178550082,-0.6504806292032437,-2.632011294640233,1.4652759756222729,3.5757211695271964
-2.210180787988935,15.427267906092249,-0.6982733933263437,-2.696541825044314,1.5091793890180742,3.5160823885731514
-2.1659279817537005,15.527492816151828,-0.6497930767441993,-2.6309123351004207,1.4643568468713464,3.5801474717656387
-2.2085401336699233,15.435130264497118,-0.6975016618945397,-2.695438106553671,1.5082943030686147,3.5205473189414636
-2.164174510536667,15.535312972735355,-0.6490970955154661,-2.6298098921516644,1.463422170806273,3.5845757720821947
-2.20687668122238,15.442996392334656,-0.6967213690649208,-2.6943307343256397,1.5073939033041417,3.5250144469175306
-2.1623977946927138,15.54313657520564,-0.6483926893823808,-2.6287040075360957,1.4624719461998645,3.589006024204282
-2.2051904476260704,15.450866217291418,-0.695932519879759,-2.6932197483723472,1.5064781877115672,3.5294837264690577
-2.1605978531835563,15.550963550255176,-0.647679862421883,-2.6275947232154047,1.4615061722293805,3.5934381817105527
-2.2034814504005027,15.458739666840135,-0.6951351195965944,-2.6921051889255243,1.5055471546699222,3.5339551114113967
-2.158774705527779,15.558793824369683,-0.6469586189226333,-2.626482081367514,1.460524848478031,3.5978721980346497
-2.201749707605991,15.46661666824477,-0.6943291736877416,-2.6909870964339007,1.5046008029523037,3.5384285554109205
-2.1569283718018695,15.566627323833284,-0.6462289633845077,-2.625366124383921,1.459527974936992,3.602308026468509
-2.199995237844876,15.47449714856554,-0.6935146878396969,-2.689865511560749,1.5036391317276476,3.5429040119882007
-2.155058872641335,15.574463974733693,-0.6454909005180333,-2.6242468948669275,1.4585155520071855,3.6067456201657118
-2.1982180602618193,15.482381034664348,-0.692691667952975,-2.6887404751809285,1.5026621405626197,3.5473814345216295
-2.1531662292408607,15.582303702967756,-0.6447444352442968,-2.6231244356265617,1.4574875805010692,3.6111849321451057
-2.19641819454493,15.490268253209834,-0.691860120141546,-2.68761202837838,1.501669829423281,3.5518607762505967
-2.1512504633553564,15.590146434246652,-0.643989572694396,-2.621998789677842,1.456444061644327,3.6156259152940726
-2.194595660926236,15.498158730682736,-0.6910200507325659,-2.68648021244323,1.500662198677008,3.5563419902790647
-2.1493115973004677,15.597992094101343,-0.6432263182090705,-2.6208700002376513,1.4553849970777653,3.6200685223722195
-2.192750480182319,15.506052393381172,-0.6901714662660676,-2.6853450688690694,1.4996392490939954,3.5608250295789006
-2.147349653953027,15.60584060788799,-0.6424546773385019,-2.619738110721897,1.454310388858798,3.6245127060146816
-2.190882673635432,15.513949167425718,-0.6893143734942773,-2.6842066393502204,1.4986009818494397,3.5653098469933617
-2.1453646567520464,15.61369190079322,-0.6416746558417141,-2.618603164742541,1.453220239463454,3.6289584187357034
-2.1889922631538017,15.521848978764881,-0.6884487793814541,-2.6830649657788967,1.4975473985247554,3.5697963952404494
-2.1433566296990145,15.621545897839653,-0.6408862596862852,-2.617465206104507,1.4521145517878469,3.6334056129321484
-2.1870792711521285,15.529751753180385,-0.6875746911035707,-2.681920090242304,1.4964785011095958,3.574284626916487
-2.1413255973583727,15.629402523891317,-0.6400894950480785,-2.6163242788026726,1.4509933291499721,3.637854240887032
-2.185143720593269,15.537657416292122,-0.6866921160473083,-2.6807720550201264,1.4953942920035257,3.5787744944993167
-2.139271584858758,15.637261703658854,-0.6392843683104934,-2.6151804270190726,1.4498565752913597,3.6423042547728537
-2.183185634987387,15.545565893563984,-0.6858010618104822,-2.6796209025811804,1.4942947740176054,3.5832659503521516
-2.137194617892672,15.645123361705267,-0.6384708860644147,-2.614033695119409,1.4487042943786355,3.646755606655463
-2.181205038393658,15.553477110308764,-0.6849015362010032,-2.6784666755809323,1.4931799503761112,3.5877589467267237
-2.135094722717543,15.652987422451153,-0.6376490551076708,-2.612884127650356,1.4475364910052613,3.6512082484973147
-2.179201955420287,15.56139099169374,-0.6839935472367225,-2.6773094168583276,1.4920498247180691,3.592253435766978
-2.132971926155861,15.660853810180301,-0.6368188824447132,-2.611731769336198,1.4463531701930377,3.6556621321612015
-2.177176411225293,15.569307462745865,-0.6830771031449596,-2.676149169433089,1.4909044010990213,3.596749369512419
-2.130826255595959,15.668722449045022,-0.635980375286064,-2.610576665075849,1.4451543373936662,3.660117209413708
-2.1751284315167876,15.577226448357251,-0.6821522123621424,-2.674985976502525,1.4897436839924754,3.6012466999017994
-2.1286577389920085,15.676593263071815,-0.6351335410481682,-2.609418859939612,1.44393999849038,3.6645734319288787
-2.173058042554028,15.585147873290317,-0.6812188835331267,-2.6738198814389036,1.4885676782915758,3.6057453787763727
-2.126466404865183,15.684466176166577,-0.6342783873525459,-2.6082583991661616,1.4427101597995284,3.6690307512916895
-2.17096527114719,15.593071662183394,-0.6802771255111333,-2.6726509277861354,1.4873763893106564,3.6102453578836915
-2.124252282303191,15.69234111212038,-0.6334149220258626,-2.6070953281592075,1.4414648280718587,3.6734891190016983
-2.1688501446584945,15.60099773955589,-0.6793269473569445,-2.671479159256999,1.4861698227867892,3.614746588880977
-2.1220154009613577,15.70021799461476,-0.6325431530991257,-2.605929692484404,1.44020401049436,3.6779484864766636
-2.16671269100211,15.608926029813857,-0.6783683583387579,-2.670304619730003,1.4849479848811458,3.6192490233386914
-2.119755791062381,15.708096747227387,-0.6316630888075645,-2.604761537866036,1.4389277146913755,3.6824088050561037
-2.164552938644877,15.616856457255242,-0.6774013679315806,-2.6691273532464455,1.483710882180695,3.623752612744057
-2.1174734833970597,15.715977293437478,-0.6307747375899808,-2.6035909101838595,1.4376359487262786,3.68687002600492
-2.1623709166064584,15.624788946075402,-0.6764259858169168,-2.667947404007196,1.4824585216995496,3.6282573085047582
-2.1151685093243455,15.723859556631385,-0.6298781080884497,-2.602417855469812,1.4363287211027744,3.6913321005169974
-2.1601666544602303,15.632723420372303,-0.6754422218820217,-2.6667648163699034,1.4811909108804735,3.6327630619522315
-2.1128409007719613,15.731743460108014,-0.6289732091477398,-2.6012424199047945,1.4350060407664647,3.695794979718851
-2.1579401823332596,15.640659804152067,-0.6744500862196475,-2.6655796348457166,1.4799080575963663,3.637269824345439
-2.1104906902364275,15.739628927084418,-0.6280600498149458,-2.600064649815335,1.4336679171060753,3.7002586146732304
-2.155691530906093,15.648598021334568,-0.6734495891278784,-2.664391904096021,1.4786099701514184,3.6417775468744873
-2.108117910782838,15.747515880701528,-0.6271386393392726,-2.598884591670159,1.432314359954737,3.704722956382846
-2.153420731414153,15.65653799575846,-0.6724407411090663,-2.6632016689297093,1.4772966572827855,3.646286180663961
-2.1057225960458914,15.755404244029357,-0.6262089871712058,-2.5977022920771113,1.4309453795915403,3.709187955793863
-2.1511278156470466,15.664479651186955,-0.6714235528698702,-2.6620089742996393,1.4759681281617587,3.6507956767768075
-2.103304780229302,15.763293940072856,-0.6252711029624174,-2.5965177977796094,1.429560986742597,3.713653563799652
-2.1488128159494106,15.672422911313012,-0.6703980353205039,-2.660813865299742,1.474624392395176,3.6553059862177095
-2.100864498106561,15.771184891777242,-0.6243249965649778,-2.5953311556533447,1.4281611925825586,3.7181197312444745
-2.1464757652209556,15.680367699764847,-0.6693641995743247,-2.659616387161842,1.4732654600267456,3.6598170599366693
-2.098401785020716,15.779077022033668,-0.6233706780311361,-2.5941424127029893,1.4267460087356465,3.7225864089269844
-2.1441166969165595,15.688313940111431,-0.6683220569473949,-2.6584165852522443,1.4718913415382786,3.6643288488328425
-2.0959166768844235,15.786970253684792,-0.6224081576128178,-2.592951616058703,1.4253154472769718,3.7270535476040036
-2.1417356450464755,15.69626155586785,-0.6672716189580334,-2.657214505068738,1.4705020478509057,3.6688413037578935
-2.0934092101802033,15.7948645095303,-0.6214374457610858,-2.5917588129726923,1.423869520733804,3.7315210979942686
-2.139332644176675,15.704210470500747,-0.6662128973261638,-2.656010192237303,1.4690975903264964,3.673354375519749
-2.090879421960393,15.80275971233247,-0.6204585531257312,-2.5905640508159395,1.4224082420865747,3.735989010781882
-2.1369077294284704,15.712160607433885,-0.6651459039731258,-2.654803692508802,1.4676779807685993,3.677868014886174
-2.088327349846902,15.810655784821847,-0.6194714905549101,-2.5893673770745727,1.420931624770113,3.7404572366201974
-2.134460936479069,15.720111890053467,-0.6640706510209219,-2.653595051755813,1.466243231423839,3.682382172588404
-2.085753032031631,15.818552649702665,-0.6184762690944194,-2.5881688393465025,1.4194396826747457,3.7449257261354103
-2.131992301561815,15.728064241713495,-0.6629871507916401,-2.652384315969448,1.4647933549830523,3.686896799324654
-2.083156507276378,15.826450229658429,-0.6174728999873469,-2.5869684853380983,1.4179324301475038,3.749394429930139
-2.129501861465295,15.736017585741566,-0.661895415807411,-2.6511715312557187,1.4633283645822313,3.6914118457640193
-2.0805378149121383,15.834348447357687,-0.6164613946737667,-2.5857663628603365,1.4164098819928677,3.7538632985873512
-2.1269896535342783,15.743971845443975,-0.6607954587894485,-2.6499567438326195,1.4618482738038059,3.6959272625498008
-2.077896994839788,15.842247225459383,-0.6154417647899384,-2.5845625198256434,1.4148720534741541,3.758332282673839
-2.12445571566915,15.75192694411136,-0.6596872926578208,-2.6487400000265704,1.4603530966776541,3.7004430003033404
-2.075234087529359,15.850146486618552,-0.6144140221681413,-2.583357004244195,1.4133189603142298,3.762801332744
-2.1219000863262307,15.759882805024056,-0.658570930530715,-2.6475213462692233,1.458842847682168,3.7049590096275353
-2.0725491340203237,15.858046153491834,-0.6133781788358607,-2.582149864220451,1.4117506186966737,3.767270399343526
-2.1193228045175436,15.767839351457548,-0.6574463857240678,-2.6463008290940526,1.4573175417452764,3.709475241110559
-2.0698421759212677,15.865946148743017,-0.6123342470154545,-2.5809411479496513,1.410167045266697,3.77173943301304
-2.116723909810803,15.775796506687922,-0.6563136717509322,-2.6450784951330624,1.455777194245441,3.7139916453293966
-2.067113255409637,15.873846395048673,-0.6112822391236257,-2.5797309037142373,1.408568257131924,3.776208384291805
-2.1141034423284566,15.783754193997588,-0.6551728023214223,-2.643854391113153,1.4542218210123967,3.7185081728536833
-2.0643624152308986,15.881746815103881,-0.610222167771196,-2.5785191798800544,1.4069542718633299,3.7806772037216065
-2.1114614427493827,15.791712336680094,-0.6540237913412137,-2.6426285638532327,1.4526514383286169,3.723024774249075
-2.0615896986997955,15.889647331627323,-0.6091540457619,-2.577306024893294,1.4053251074962603,3.7851458418500576
-2.108797952306438,15.799670858046321,-0.652866652912183,-2.6414010602602453,1.451066062929553,3.7275414000811717
-2.0587951496981227,15.897547867367443,-0.6080778860927408,-2.5760914872763006,1.403680782530912,3.789614249234706
-2.1061130127880556,15.807629681429347,-0.6517014013309221,-2.640171927326227,1.4494657120050456,3.732058000918925
-2.055978812675858,15.905448345107553,-0.6069937019528348,-2.5748756156243466,1.4020213159334578,3.794082376446532
-2.103406666536817,15.815588730190235,-0.6505280510888334,-2.6389412121245526,1.4478504031997983,3.736574527338467
-2.0531407326499846,15.913348687671661,-0.6059015067232016,-2.57365845860195,1.4003467271365486,3.7985501740735703
-2.1006789564499204,15.823547927723252,-0.6493466168712018,-2.637708961806774,1.446220154614472,3.7410909299265844
-2.05028095520458,15.92124881792983,-0.6048013139760713,-2.572440064939121,1.398657036040248,3.803017592724837
-2.097929925978378,15.831507197461459,-0.6481571135568718,-2.636475223598925,1.4445749848062421,3.745607159284533
-2.047399526489918,15.929148658803918,-0.6036931374745802,-2.571220483427853,1.3969522630125246,3.8074845830338093
-2.0951596191269246,15.83946646288205,-0.6469595562176015,-2.6352400447982145,1.442914912789707,3.750123166031571
-2.0444964932223733,15.937048133272992,-0.6025769911720104,-2.5699997629184117,1.3952324288900302,3.8119510956622316
-2.0923680804538876,15.847425647511695,-0.6457539601174069,-2.6340034727696238,1.441239958037559,3.7546389008085543
-2.041571902684143,15.944947164378796,-0.6014528892112069,-2.5687779523157435,1.3934975549788637,3.8164170813037677
-2.0895553550700283,15.855384674932225,-0.6445403407123182,-2.6327655549421496,1.4395501404812057,3.759154314281776
-2.038625802721731,15.95284567523159,-0.6003208459245317,-2.567555100575645,1.391747663054752,3.8208824906877368
-2.0867214886385677,15.863343468785859,-0.6433187136496881,-2.631526338805513,1.4378454805114878,3.763669357146469
-2.035658241746324,15.960743589015417,-0.5991808758327877,-2.5663312567011687,1.3899827753639817,3.8253472745828176
-2.0838665273754087,15.871301952780442,-0.6420890947672024,-2.6302858719067936,1.4361259989794393,3.768183980130364
-2.0326692687333345,15.968640828993559,-0.598032993644738,-2.565106469739128,1.3882029146239176,3.8298113838005605
-2.080990518046985,15.87926005069534,-0.6408515000931934,-2.62904420184651,1.4343917171965006,3.7726981339975545
-2.029658933220631,15.976537318514415,-0.5968772142569827,-2.5638807887759323,1.3864081040231988,3.8342747691994097
-2.078093507971313,15.887217686386323,-0.6396059458452666,-2.627801376275458,1.4326426569355224,3.7772117695519727
-2.026627285309044,15.984432981016651,-0.5957135527529864,-2.562654262934349,1.384598367222483,3.8387373816880395
-2.07517554501685,15.895174783791202,-0.6383524484300119,-2.6265574428911025,1.4308788404310466,3.781724837641006
-2.0235743756613918,15.992327740034813,-0.5945420244025224,-2.5614269413695836,1.3827737283548274,3.843199172229196
-2.0722366776016266,15.903131266935226,-0.6370910244425803,-2.625312449433898,1.429100290379832,3.7862372891592453
-2.0205002555013536,16.000221519204906,-0.5933626446614273,-2.560198873265433,1.3809342120259616,3.84766009184348
-2.069276954693013,15.911087059936357,-0.63582169066592,-2.6240664436839074,1.4273070299413357,3.7907490750519917
-2.0174049766131086,16.008114242269787,-0.5921754291708136,-2.558970107830808,1.3790798433147398,3.852120091612771
-2.066296425807236,15.919042087010613,-0.6345444640700805,-2.622819473457216,1.425499082738222,3.795260146318922
-2.0142885913407955,16.016005833084574,-0.5909803937563527,-2.557740694295863,1.3772106477734976,3.8565791226840513
-2.0632951410079063,15.92699627247763,-0.6332593618120494,-2.621571586602171,1.4236764728566031,3.7997704540178447
-2.0111511525868027,16.023896215622358,-0.5897775544282102,-2.5565106819081453,1.3753266514281925,3.861037136273123
-2.0602731509060277,15.934949540765807,-0.6319664012347709,-2.6203228309960775,1.421839224846456,3.804279949268065
-2.0079927138117215,16.031785313979423,-0.5885669273800325,-2.555280119928999,1.3734278807787557,3.865494083668136
-2.057230506658974,15.94290181641771,-0.6306655998667317,-2.619073254541458,1.4199873637220481,3.808788583254197
-2.004813329033286,16.03967305238077,-0.587348528988453,-2.5540490576296997,1.371514362799322,3.8699499162333577
-2.054167259970098,15.950853024095299,-0.6293569754211206,-2.6178229051625954,1.4181209149621785,3.8132963072296393
-2.001613052825526,16.047559355185513,-0.5861223758125738,-2.5528175442878696,1.3695861249384462,3.8744045854126496
-2.05108346308746,15.958803088585395,-0.6280405457954767,-2.6165718308017967,1.4162399045103995,3.817803072520282
-1.9983919403176564,16.05544414689235,-0.5848884845933501,-2.5515856291834704,1.3676431951191126,3.8788580427333077
-2.0479791688023514,15.966751934805124,-0.6267163290714337,-2.615320079415683,1.4143443587751268,3.8223088305281694
-1.9951500471925776,16.063327352145123,-0.5836468722532786,-2.550353361594967,1.365685601738821,3.8833102398097346
-2.044854430450653,15.974699487806618,-0.6253843435129389,-2.614067698972102,1.4124343046302785,3.826813532734775
-1.9918874296875853,16.071208895737755,-0.5823975558950759,-2.549120790796049,1.3637133736700227,3.8877611283467113
-2.041709301909378,15.98264567278299,-0.6240446075669517,-2.612814737445933,1.4105097694148343,3.831317130704901
-1.9886041445913383,16.07908870262016,-0.5811405528019079,-2.5478879660512104,1.3617265402596932,3.8922106601434825
-2.038543837597354,15.990590415073175,-0.6226971398619998,-2.611561242815789,1.4085707809334322,3.8358195760901586
-1.9853002492440388,16.086966697903303,-0.5798758804362769,-2.5466549366124087,1.3597251313295775,3.896658787097015
-2.03535809247359,15.998533640167349,-0.6213419592079028,-2.6103072630602853,1.4066173674562035,3.840320820632529
-1.981975801535821,16.09484280686465,-0.5786035564396337,-2.5454217517149877,1.3577091771761531,3.9011054612058906
-2.0321521220363525,16.006475273712166,-0.6199790845950941,-2.609052846154426,1.4046495577188582,3.8448208161679585
-1.9786308599056672,16.102716954953564,-0.577323598631744,-2.544188460574061,1.3556787085704274,3.90555063457369
-2.028925982322236,16.014415241515955,-0.618608535193952,-2.6077980400660055,1.4026673809227521,3.849319514629877
-1.9752654833403636,16.110589067796543,-0.5760360250100067,-2.5429551123806173,1.3536337567579348,3.9099942594127124
-2.02567972990537,16.02235346955387,-0.6172303303540245,-2.6065428927520413,1.400670866734954,3.8538168680527365
-1.9718797313734053,16.118459071202537,-0.5747408537488405,-2.5417217562977825,1.3515743534586648,3.914436288047523
-2.0224134218956222,16.03028988397327,-0.615844489603733,-2.6052874521549185,1.398660045287933,3.8583128285756843
-1.9684736640833762,16.12632689116836,-0.5734381031991442,-2.540488441456948,1.3495005308666208,3.9188766729185245
-2.0191271159382485,16.038224411098717,-0.6144510326493605,-2.6040317661990406,1.396634947179764,3.8628073484458936
-1.9650473420930508,16.13419245388384,-0.5721277918876374,-2.53925521695401,1.3474123216498826,3.9233153665855647
-2.015820870211702,16.046156977437395,-0.6130499793748988,-2.602775882786805,1.3945956034736215,3.8673003800223746
-1.9616008265675486,16.14205568573727,-0.5708099385163358,-2.5380221318454437,1.3453097589500371,3.927752321731523
-2.0124947434276246,16.05408750968397,-0.6116413498408395,-2.601519849795429,1.392542045698086,3.8717918757791376
-1.9581341792136588,16.14991651332044,-0.5694845619617797,-2.536789235144707,1.3431928763821723,3.932187491165741
-2.009148794829268,16.06201593472584,-0.6102251642836072,-2.600263715072953,1.3904743058466533,3.8762817883090284
-1.9546474622784182,16.15777486343397,-0.5681516812742544,-2.53555657581833,1.3410617080344893,3.936620827827646
-2.0057830841894164,16.069942179648432,-0.6088014431154743,-2.599007526434703,1.3883924163774162,3.880770070327026
-1.9511407385470454,16.165630663092607,-0.5668113156775789,-2.5343242027819595,1.3389162884677297,3.941052284790379
-2.002397671810208,16.07786617174006,-0.6073702069231861,-2.5977513316596874,1.3862964102130921,3.885256674673822
-1.947614071342155,16.173483839530295,-0.5654634845681612,-2.5330921648968148,1.3367566527149313,3.9454818152640927
-1.9989926185210651,16.08578783849719,-0.6059314764677153,-2.596495178486834,1.3841863207404197,3.8897415543193112
-1.9440675245220087,16.181334320205462,-0.5641082075143551,-2.5318605109656533,1.3345828362809589,3.9499093725996883
-1.9955679856776734,16.09370710762942,-0.6044852726834948,-2.5952391146114495,1.3820621818099679,3.8942246623660246
-1.9405011624790711,16.18918203280611,-0.5627455042559744,-2.530629289729069,1.3323948751419863,3.9543349102922094
-1.9921238351606458,16.101623907064546,-0.60303161667762,-2.593983187681576,1.379924027735788,3.8987059520525618
-1.936915050138484,16.197026905255,-0.5613753947035289,-2.5293985498617397,1.3301928057449834,3.9587583819842678
-1.9886602293736633,16.109538164953698,-0.6015705297294218,-2.5927274452941687,1.3777718932948049,3.903185376757194
-1.9333092529563967,16.204868865714783,-0.5599978989375385,-2.5281683399684147,1.3279766650070783,3.963179741469723
-1.9851772312422216,16.11744980967627,-0.6001020332897569,-2.5914719349916147,1.3756058137264469,3.9076628900011388
-1.9296838369182892,16.212707842593122,-0.5586130372080932,-2.5269387085803436,1.3257464903150533,3.967598942696936
-1.981674904212777,16.125358769844826,-0.5986261489798854,-2.590216704258142,1.3734258247323448,3.9121384454520154
-1.9260388685379368,16.220543764547642,-0.5572208299337582,-2.525709704151388,1.3235023195247417,3.9720159397723367
-1.9781533122501203,16.133264974310304,-0.5971428985914227,-2.5889618005159516,1.3712319624754459,3.916611996927349
-1.9223744148547777,16.228376560491217,-0.5558212977014412,-2.5244813750541417,1.3212441909600883,3.976430686963877
-1.9746125198365183,16.141168352166844,-0.5956523040852464,-2.587707271121691,1.3690242635797008,3.9210834983979765
-1.9186905434328232,16.236206159596858,-0.5544144612653739,-2.5232537695762494,1.31897214341276,3.9808431387044236
-1.9710525919701232,16.14906883275667,-0.5941543875908819,-2.586453163362942,1.3668027651293861,3.9255529039912522
-1.9149873223590872,16.24403249130273,-0.553000341546392,-2.522026935916631,1.3166862161411603,3.9852532495951296
-1.9674735941625865,16.156966345675244,-0.5926491714060902,-2.5851995244542465,1.364567504668312,3.9300201679947326
-1.9112648202407505,16.251855485317332,-0.5515789596317872,-2.520800922181502,1.3143864488695751,3.9896609744089906
-1.9638755924388458,16.164860820775797,-0.5911366779954945,-2.5839464015338507,1.3623185201994497,3.9344852448592946
-1.9075231062050149,16.259675071624176,-0.550150336773764,-2.519575776380897,1.3120728817876808,3.994066268094044
-1.9602586533342266,16.1727521881745,-0.5896169299904761,-2.582693841659908,1.3600558501839544,3.938948089202513
-1.903762249895947,16.267491180486978,-0.5487144943894621,-2.5183515464247033,1.3097455555493314,3.9984690857768364
-1.9566228438927487,16.1806403782553,-0.5880899501884919,-2.581441891806693,1.3577795335404206,3.94340865581223
-1.8999823214728895,16.27530374245455,-0.5472714540600638,-2.5171282801188317,1.3074045112716943,4.002869382765867
-1.95296823166619,16.188525321674565,-0.5865557615518462,-2.5801905988612632,1.355489609644197,3.9478668996495907
-1.896183391608901,16.28311268836563,-0.5458212375299805,-2.5159060251616268,1.3050497905344187,4.007267114554793
-1.9492948847113611,16.196406949366114,-0.585014387207567,-2.578940009619621,1.3531861183264464,3.952322775852558
-1.8923655314882923,16.29091794935387,-0.5443638667064312,-2.514684829139968,1.3026814353784888,4.011662236825865
-1.9456028715890266,16.20428519254582,-0.5834658504462243,-2.5776901707832116,1.3508690998733688,3.9567762397391406
-1.8885288128052586,16.298719456852574,-0.5428993636583523,-2.5134647395256624,1.300299488305344,4.0160547054531355
-1.9418922613617065,16.21215998271648,-0.5819101747214355,-2.5764411289553073,1.3485385950252042,3.9612272468106515
-1.884673307761357,16.306517142599642,-0.5414277506161009,-2.512245803671549,1.2979039922757072,4.020444476505909
-1.9381631235919596,16.220031251672474,-0.5803473836489998,-2.5751929306373684,1.3461946449753612,3.9656757527550397
-1.8807990890638933,16.314310938642286,-0.5399490499703705,-2.5110280688079096,1.2954949907085198,4.02483150625187
-1.93441552833998,16.2278989315046,-0.5787775010065095,-2.5739456222254447,1.34383729136928,3.9701217134501037
-1.8769062299233423,16.322100777341923,-0.5384632842718651,-2.509811582038593,1.2930725274796986,4.029215751160502
-1.930649546162162,16.23576295460468,-0.5772005507322289,-2.572699250006571,1.3414665763035944,3.9745650849668
-1.8729948040514999,16.329886591378866,-0.5369704762303875,-2.5085963903374173,1.2906366469210058,4.033597167906221
-1.9268652481088924,16.243623253670226,-0.5756165569245937,-2.5714538601552768,1.3390825423249328,3.979005823572355
-1.8690648856595962,16.337668313757025,-0.5354706487139895,-2.50738254054439,1.2881873938188881,4.037975713371716
-1.9230627057227099,16.25147976170906,-0.5740255438412663,-2.5702094987299002,1.3366852324288823,3.983443885733578
-1.8651165494555153,16.345445877808714,-0.5339638247486718,-2.50617007936206,1.285724813413026,4.042351344651067
-1.9192419910359888,16.259332412043996,-0.5724275358986197,-2.568966211669093,1.3342746900588218,3.9878792281199935
-1.861149870642243,16.353219217199207,-0.5324500275171576,-2.5049590533517616,1.2832489513952283,4.046724019053065
-1.9154031765691923,16.267181138317326,-0.5708225576707868,-2.5677240447882843,1.3318509591047656,3.992311807606991
-1.8571649249153062,16.360988265931447,-0.5309292803584738,-2.503749508930083,1.2807598539080023,4.051093694104221
-1.9115463353285511,16.27502587449546,-0.5692106338889924,-2.5664830437760324,1.3294140839021642,3.9967415812791067
-1.8531617884605156,16.368752958350676,-0.5294016067671448,-2.502541492365018,1.2782575675431351,4.055460327552133
-1.9076715408035425,16.282866554873493,-0.5675917894410166,-2.565243254190481,1.326964109230485,4.0011685064330935
-1.8491405379513215,16.37651322914907,-0.5278670303926367,-2.501335049772368,1.275742139340184,4.059823877368526
-1.903778866965282,16.290703114079623,-0.5659660493701738,-2.5640047214559774,1.3245010803121406,4.005592540580978
-1.845101250547153,16.384269013370194,-0.5263255750382837,-2.50013022711212,1.273213616785246,4.0641843017524435
-1.8998683882643586,16.298535487079615,-0.5643334388744399,-2.5627674908593994,1.3220250428110796,4.010013641453309
-1.8410440038906994,16.392020246413608,-0.5247772646607434,-2.4989270701848607,1.270672047809235,4.068541559133242
-1.8959401796281021,16.306363609181336,-0.5626939833060576,-2.5615316075467893,1.3195360428314162,4.014431767002057
-1.8369688761053244,16.399766864039375,-0.5232221233693903,-2.4977256246280612,1.2681174807864992,4.072895608173827
-1.8919943164584816,16.314187416039147,-0.5610477081705483,-2.5602971165196284,1.317034126915924,4.018846875403935
-1.8328759457928925,16.407508802372533,-0.5216601754252681,-2.496525935912495,1.2655499645330952,4.07724640777367
-1.8880308746299868,16.322006843658254,-0.5593946391259885,-2.559064062631587,1.3145193420447585,4.023258925063237
-1.8287652920312287,16.4152459979075,-0.5200914452405988,-2.4953280493386933,1.2629695483052523,4.081593917071822
-1.8840499304874099,16.329821828399062,-0.5577348019820201,-2.5578324905849565,1.311991735633928,4.027667874614934
-1.8246369943717737,16.42297838751252,-0.5185159573778058,-2.494132010033338,1.260376281797766,4.085938095449995
-1.8800515608426334,16.337632306981654,-0.556068222699657,-2.5566024449270834,1.3094513555336587,4.032073682927788
-1.8204911328364943,16.430705908434103,-0.5169337365490906,-2.4929378629455923,1.2577702151421146,4.090278902535654
-1.876035842973283,16.345438216489885,-0.5543949273898524,-2.555373970047121,1.3068982500269843,4.0364763091071465
-1.8163277879160538,16.438428498301253,-0.5153448076152947,-2.4917456528437665,1.255151398904915,4.0946162982047944
-1.8720028546197947,16.35323949437577,-0.5527149423130107,-2.554147110172369,1.304332467828118,4.040875712498179
-1.8121470405668063,16.446146095129887,-0.5137491955853656,-2.490555424311569,1.2525198840860958,4.0989502425851665
-1.8679526739828158,16.361036078463744,-0.55102829387829,-2.5529219093650792,1.3017540580807103,4.045271852688507
-1.8079489722081812,16.45385863732709,-0.5121469256155526,-2.4893672217447205,1.2498757221170063,4.103280696059034
-1.8638853797210686,16.36882790695479,-0.5493350086425881,-2.551698411518796,1.2991630703563979,4.049664689511512
-1.8037336647201605,16.461566063695372,-0.5105380230086085,-2.4881810893473797,1.2472189648586718,4.1076076192662345
-1.8598010509484277,16.37661491843072,-0.5476351133099686,-2.5504766603551388,1.2965595546528483,4.054054183048947
-1.7995012004403268,16.469268313436906,-0.5089225132131282,-2.486997071128655,1.2445496645997933,4.11193097310703
-1.8556997672316566,16.38439705185823,-0.5459286347307318,-2.5492566994203356,1.2939435613921966,4.058440293633994
-1.795251662161476,16.4769653261577,-0.5073004218226095,-2.485815210899148,1.241867874054938,4.116250718745033
-1.8515816085878065,16.392174246593058,-0.544215599900592,-2.548038572081929,1.2913151414192021,4.062822981854025
-1.7909851331286948,16.484657041871742,-0.5056717745747807,-2.484635552267535,1.2391736463625214,4.120566817610014
-1.847446655481257,16.39994644238409,-0.5424960359600668,-2.546822321525249,1.2886743459994,4.067202208553641
-1.7867016970365424,16.492343401005158,-0.5040365973507648,-2.4834581386370096,1.236467035082753,4.124879231400843
-1.8432949888216257,16.40771357937735,-0.5407699701933972,-2.5456079907503595,1.286021226817371,4.071577934837219
-1.7824014380263093,16.50002434440028,-0.5023949161744274,-2.4822830132020557,1.2337480941957004,4.12918792208816
-1.8391266899607057,16.415475598120054,-0.5390374300278753,-2.544395622568427,1.2833558359746873,4.075950122072012
-1.7780844406832086,16.507699813319682,-0.5007467572113907,-2.481110218944836,1.2310168780991775,4.133492851917364
-1.8349418406896403,16.423232439564615,-0.5372984430331704,-2.5431852595985847,1.2806782259881089,4.080318731890793
-1.7737507900332372,16.51536974945025,-0.4990921467684861,-2.479939798631949,1.228273441606517,4.13779398341123
-1.830740523236773,16.430984045072513,-0.5355530369201653,-2.541976944264701,1.2779884497875929,4.084683726194538
-1.7694005715409578,16.523034094907064,-0.4974311112925512,-2.478771794811002,1.2255178399447135,4.142091279372784
-1.8265228202641435,16.438730356418315,-0.5338012395405253,-2.540770718791922,1.2752865607142676,4.089045067155367
-1.7650338711056404,16.530692792237474,-0.4957636773701756,-2.4776062498072755,1.2227501287518563,4.146384702887946
-1.8222888148650442,16.4464713157935,-0.5320430788857118,-2.539566625203531,1.2725726125183512,4.093402717219128
-1.7606507750588782,16.538345784424934,-0.4940898717265654,-2.4764432057204453,1.2199703640752082,4.150674217328251
-1.818038590561228,16.4542068658103,-0.5302785830860489,-2.5383647053176928,1.2698466593572308,4.097756639108137
-1.7562513701612539,16.5459930148929,-0.4924097212249137,-2.4752827044211387,1.217178602368703,4.154959786353622
-1.8137722313000546,16.461936949505514,-0.5285077804100455,-2.537165000744274,1.2671087557932406,4.102106795823803
-1.7518357435999103,16.55363442750864,-0.4907232528652985,-2.4741247875478245,1.2143749004909008,4.1592413739149015
-1.8094898214514572,16.469661510344313,-0.5267306992635343,-2.535967552881541,1.2643589567915277,4.1064531506493855
-1.7474039829848338,16.56126996658707,-0.48903049378425256,-2.4729694965034836,1.2115593157025029,4.163518944256526
-1.8051914458054006,16.4773804922239,-0.5249473681886526,-2.5347724029131515,1.2615973177179916,4.110795667152434
-1.7429561763464123,16.56889957689446,-0.4873314712535522,-2.4718168724523126,1.208731905664058,4.167792461919195
-1.8008771895678257,16.485093839477408,-0.5231578158636256,-2.533579591804706,1.258823894336775,4.115134309187667
-1.738492412131228,16.576523203652293,-0.4856262126800185,-2.4706669563165224,1.2058927284333214,4.1720618917424
-1.7965471383598197,16.492801496877227,-0.521362071100772,-2.5323891603009914,1.2560387428085542,4.119469040899245
-1.7340127792006395,16.584140792540758,-0.48391474560389214,-2.4695197887732685,1.2030418424633416,4.176327198866957
-1.7922013782118968,16.500503409639048,-0.5195601628471023,-2.5312011489224724,1.2532419196875548,4.123799826723563
-1.7295173668257342,16.591752289702587,-0.48219709769877717,-2.4683754102512334,1.2001793065993158,4.1805883487376425
-1.7878399955633577,16.5081995234251,-0.5177521201821997,-2.530015597962468,1.2504334819198917,4.128126631391655
-1.7250062646856106,16.59935764174654,-0.48047329677028866,-2.4672338609277156,1.1973051800766596,4.184845307105578
-1.7834630772576485,16.515889784347955,-0.5159379723182362,-2.528832547483916,1.247613486840754,4.132449419931751
-1.720479562863138,16.60695679575106,-0.4787433707556229,-2.4660951807253473,1.1944195225180705,4.189098040030798
-1.7790707105405328,16.52357413897382,-0.5141177485984498,-2.527652037316492,1.2447819921723937,4.136768157671635
-1.715937351842854,16.614549699267688,-0.4770073477221773,-2.4649594093090994,1.1915223939312967,4.193346513884649
-1.7746629830553773,16.531252534326317,-0.5122914784971029,-2.526474107053279,1.2419390560213053,4.141082810241344
-1.7113797225061103,16.62213630032473,-0.47526525586745666,-2.463826586083021,1.1886138547061018,4.197590695352324
-1.7702399828416868,16.53892491788961,-0.5104591916177883,-2.525298796048011,1.2390847368761264,4.1453933435753925
-1.706806766129084,16.629716547430576,-0.4735171235177881,-2.462696750187429,1.1856939656119987,4.201830551435091
-1.7658017983306427,16.546591237612056,-0.5086209176932364,-2.524126143412006,1.2362190936048945,4.149699723915175
-1.7022185743788936,16.637290389577153,-0.4717629791274388,-2.4615699404956524,1.1827627877953382,4.206066049452852
-1.7613485183429474,16.554251441909397,-0.5067766865838816,-2.522956188011156,1.2333421854527777,4.154001917811479
-1.6976152393104331,16.644857776243306,-0.47000285127799857,-2.460446195611188,1.1798203827767568,4.2102971570463605
-1.7568802320850572,16.561905479668155,-0.504926528277312,-2.5217889684630546,1.2304540720393835,4.15829989212669
-1.6929968533628923,16.652418657398115,-0.46823676867741226,-2.459325553864653,1.176866812448335,4.21452384217958
-1.7523970291454865,16.569553300248995,-0.5030704728876549,-2.520624523133948,1.2275548133560328,4.162593614037234
-1.6883635093562026,16.659972983504215,-0.4664647601591845,-2.4582080533108,1.1739021390707705,4.218746073142017
-1.7478989994926388,16.57719485348982,-0.5012085506540853,-2.519462890136001,1.224644469763461,4.166883051035763
-1.6837153004878536,16.66752070552101,-0.46468685468159887,-2.4570937317256516,1.1709264252707192,4.2229638185509515
-1.7433862334706425,16.5848300897091,-0.49934079194040837,-2.518304107324302,1.2217231019889365,4.171168170933507
-1.6790523203293968,16.675061774907896,-0.4629030813266224,-2.4559826266035603,1.167939734037819,4.2271770473536705
-1.738858821796263,16.592458959709003,-0.4974672272341274,-2.517148212294041,1.2187907711236363,4.175448941862498
-1.674374662822733,16.68259614362745,-0.46111346929941255,-2.4548747751543445,1.1649421287218602,4.231385728829705
-1.734316855555707,16.60008141477848,-0.4955878871453786,-2.5159952423776932,1.2158475386199719,4.179725332277773
-1.6696824222768185,16.69012376414853,-0.45931804792719316,-2.453770214300456,1.161933673029884,4.23558983259298
-1.729760426200806,16.607697406696445,-0.49370280240637376,-2.5148452346422046,1.2128934662887576,4.183997310959562
-1.6649756933639421,16.697644589449364,-0.4575168466585382,-2.4526689806741278,1.1589144310231938,4.239789328593991
-1.7251896255464243,16.61530688773471,-0.491812003870054,-2.513698225886305,1.209928616296575,4.188264847015399
-1.6602545711164938,16.705158573020586,-0.4557098950624246,-2.4515711106146174,1.1558844671144934,4.243984187121932
-1.7206045457661416,16.62290981066108,-0.4899155225096649,-2.5125542526375853,1.2069530511628423,4.192527909882395
-1.6555191509229463,16.712665668868244,-0.453897222827455,-2.450476640165421,1.1528438460647537,4.248174378806774
-1.7160052793894627,16.630506128742258,-0.48801338941753103,-2.511413351149939,1.2039668337570404,4.1967864693291865
-1.6507695285246684,16.720165831516727,-0.4520788597608659,-2.449385605071579,1.1497926329803076,4.252359874621322
-1.711391919297779,16.638095795746814,-0.48610563580446237,-2.5102755574007527,1.200970027295769,4.201040495458118
-1.646005800011667,16.72765901601175,-0.45025483578798914,-2.4482980407769,1.146730893309602,4.256540645883296
-1.7067645587214337,16.645678765948023,-0.48419229299857874,-2.5091409070883444,1.197962695339977,4.20528995870719
-1.6412280618197777,16.7351451779231,-0.4484251809508772,-2.447213982421344,1.143658692840355,4.260716664257316
-1.7021232912357436,16.653254994126733,-0.48227339244464634,-2.508009435629207,1.1949449017919092,4.209534829852198
-1.6364364107262395,16.74262427334758,-0.44658992540788855,-2.446133464838386,1.140576097696207,4.264887901756828
-1.6974682107581243,16.660824435574092,-0.4803489657028085,-2.5068811781555285,1.1919167108923387,4.213775080008586
-1.63163094384672,16.75009625891168,-0.4447490994324114,-2.445056522552381,1.1374831743338272,4.269054330746137
-1.692799411543156,16.668387046094452,-0.4784190444484082,-2.505756169512427,1.1888781872171927,4.218010680633541
-1.6268117586303292,16.75756109177444,-0.44290273341262065,-2.4439831897759,1.1343799895392972,4.273215923942315
-1.688116988180596,16.675942782007912,-0.4764836604702547,-2.504634444255528,1.1858293956750101,4.222241603527872
-1.6219789528572124,16.76501872963004,-0.4410508578499622,-2.442913500407363,1.1312666104253286,4.277372654416977
-1.6834210355908676,16.683491600153065,-0.474542845670228,-2.503516036648458,1.1827704015036296,4.226467820837817
-1.617132624634464,16.77246913071042,-0.4391935033583209,-2.4418474880283227,1.1281431044279422,4.281524495598318
-1.6787116490215812,16.691033457889603,-0.47259663206217567,-2.5024009806602194,1.1797012702671053,4.230689305057061
-1.6122728723915993,16.779912253788005,-0.4373307006636937,-2.440785185901095,1.1250095393030186,4.285671421272786
-1.67398892404402,16.698568313100917,-0.47064505177107036,-2.501289309962836,1.1766220678527886,4.234906029028488
-1.6073997948776668,16.787348058178146,-0.43546248060267345,-2.4397266269662627,1.1218659831231805,4.289813405586951
-1.6692529565489491,16.70609612419663,-0.46868813703223716,-2.500181057928799,1.173532860467935,4.239117965946045
-1.602513491156606,16.794776503741694,-0.4335888741220056,-2.4386718438402237,1.118712504274324,4.2939504230492656
-1.6645038427438112,16.713616850115045,-0.4667259201900698,-2.4990762576287664,1.1704337146368433,4.243325089356482
-1.5976140606040974,16.80219755088743,-0.4317099122774354,-2.437620868812865,1.1155491714524415,4.298082448531748
-1.659741679147991,16.721130450325663,-0.46475843369757136,-2.4979749418290886,1.1673246971973898,4.24752737316113
-1.5927016029030374,16.80961116057452,-0.42982562623301407,-2.4365737338450972,1.112376053660094,4.302209457271786
-1.6549665625901875,16.728636884831502,-0.4627857101148793,-2.496877142989562,1.1642058752981066,4.251724791617573
-1.5877762180403052,16.81701729431483,-0.42793604725998335,-2.4355304705666425,1.1091932202031467,4.306331424873688
-1.6501785902035397,16.73613611417154,-0.46080778210894563,-2.4957828932609605,1.1610773163947374,4.255917319341445
-1.5828380063021987,16.82441591417531,-0.42604120673610923,-2.434491110273627,1.10600074068723,4.310448327310436
-1.6453778594227457,16.743628099422963,-0.4588246824521334,-2.494692224482929,1.15793908824701,4.260104931307916
-1.5778870682712123,16.83180698278021,-0.42414113614446813,-2.4334556839263977,1.102798685014442,4.314560140925216
-1.6405644679792906,16.7511128022035,-0.4568364440217429,-2.493605168181484,1.1547912589154112,4.264287602853571
-1.5729235048209005,16.83919046331342,-0.42223586707318084,-2.4324242221472683,1.0995871233794876,4.318666842432976
-1.6357385138985447,16.758590184673597,-0.454843099798675,-2.4925217555670027,1.1516338967578041,4.268465309677773
-1.5679474171131091,16.846566319520548,-0.42032543121382304,-2.431396755218286,1.0963661262667164,4.322768408922094
-1.6309000954956663,16.766060209538573,-0.4528446828665706,-2.491442017531943,1.148467070426197,4.272638027844327
-1.5629589065934584,16.853934515711092,-0.4184098603608447,-2.4303733130791296,1.0931357644462514,4.326864817855759
-1.626049311371406,16.773522840050838,-0.45084122641114877,-2.490365984648685,1.145290848863294,4.276805733782997
-1.5579580749873903,16.86129501676055,-0.4164891864106144,-2.429353925324955,1.0898961089704462,4.330956047073491
-1.6211862604085383,16.78097804001189,-0.4488327637189798,-2.489293687167341,1.1421053012991815,4.280968404291092
-1.5529450242959983,16.868647788112455,-0.4145634413605505,-2.428338621204301,1.0866472311704638,4.335042074792619
-1.6163110417677369,16.788425773774435,-0.44681932817676373,-2.488225155013764,1.1389104972477426,4.28512601653477
-1.5479198567920394,16.875992795780366,-0.4126326573082443,-2.4273274296170197,1.0833892026526102,4.339122879609682
-1.6114237548840629,16.795866006244314,-0.44480095327014635,-2.4871604177873867,1.1357065065034724,4.289278548050645
-1.5428826750160454,16.88333000634984,-0.4106968664504233,-2.4263203791123122,1.0801220952946513,4.343198440501757
-1.6065244994624506,16.8032987028825,-0.4427776725830831,-2.486099504759209,1.1324933991379147,4.2934259767471366
-1.5378335817719437,16.89065938698029,-0.40875610108216437,-2.425317497886692,1.0768459812422377,4.347268736827858
-1.6016133754743014,16.810723829706976,-0.44074951979660126,-2.4850424448698445,1.1292712454961298,4.297568280905782
-1.532772680123168,16.89798090540688,-0.4068103935959223,-2.4243188137819653,1.0735609329052673,4.35133374833034
-1.5966904831529103,16.818141353294617,-0.4387165286881657,-2.4839892667274657,1.1260401161932,4.30170543918269
-1.5277000733881692,16.90529452994231,-0.4048597764807355,-2.423324354283486,1.0702670229540723,4.355393455135973
-1.5917559229906444,16.825551240782946,-0.43667873313021066,-2.482939998606036,1.1228000821109647,4.305837430609693
-1.5226158651373902,16.912600229478567,-0.4029042823208449,-2.422334146518196,1.0669643243160223,4.359447837757322
-1.5868097957329057,16.832953459871987,-0.4346361670900857,-2.4818946684431076,1.1195512143939246,4.309964234595885
-1.517520159187145,16.919897973488656,-0.4009439437955957,-2.4213482172526577,1.0636529101712426,4.363496877094036
-1.5818522023762367,16.840347978825903,-0.4325888646281678,-2.4808533038382645,1.116293584446324,4.314085830928621
-1.5124130595973178,16.927187732028248,-0.3989787936778025,-2.42036659289146,1.0603328539494992,4.367540554433871
-1.5768832441631682,16.847734766474673,-0.4305368598973642,-2.4798159320511277,1.1130272639281216,4.318202199774845
-1.5072946706661876,16.934469475737288,-0.39700886483317027,-2.4193892994753363,1.0570042293259774,4.371578851453906
-1.5719030225781374,16.855113792215768,-0.42848018714227254,-2.4787825799995966,1.1097523247514622,4.322313321682229
-1.5021650969266007,16.941743175841545,-0.3950341902191536,-2.418416362679408,1.0536671102177426,4.375611750221728
-1.5669116393439344,16.862485026015673,-0.42641888069785217,-2.477753274258044,1.106468839077284,4.326419177580425
-1.4970244431413589,16.949008804154165,-0.3930548028844103,-2.417447807811576,1.0503215707797933,4.379639233196384
-1.5619091964169707,16.86984843841143,-0.42435297498890534,-2.4767280410556727,1.1031768793112708,4.330519748781987
-1.4918728142993234,16.956266333077092,-0.3910707359675018,-2.4164836598107566,1.046967685401236,4.383661283229562
-1.556895795983738,16.877204000512148,-0.422282504528791,-2.475706906274711,1.0998765181006314,4.334615016983695
-1.486710315611137,16.963515735602524,-0.3890820226961141,-2.415523943245402,1.0436055287015829,4.38767788356647
-1.5518715404567818,16.884551684000353,-0.4202075039183834,-2.474689895448865,1.0965678283301332,4.338704964267388
-1.4815370525050868,16.970756985314218,-0.38708869638602755,-2.414568682311746,1.0402351755268326,4.391689017846971
-1.5468365324698126,16.891891461133476,-0.4181280078455677,-2.473677033761612,1.0932508831184289,4.342789573101111
-1.4763531306223499,16.97799005638888,-0.3850907904404342,-2.413617900832441,1.0368567009455099,4.395694670106358
-1.5417908748739089,16.89922330474514,-0.4160440510840605,-2.472668346044634,1.0899257558143223,4.346868826340062
-1.4711586558130103,16.985214923597365,-0.3830883383487534,-2.4126716222548628,1.033470180244753,4.399694824776452
-1.5367346707342473,16.906547188246414,-0.41395566849200593,-2.4716638567763245,1.086592519993272,4.350942707227507
-1.4659537341321718,16.99243156230595,-0.38108137368572714,-2.411729869649832,1.030075688926716,4.403689466686307
-1.5316680233244488,16.913863085627113,-0.41186289501173123,-2.4706635900801532,1.083251249453329,4.3550111993957925
-1.4607384718345755,16.99963994847747,-0.37906993011082385,-2.4107926657100527,1.0266733027041044,4.407678581063138
-1.5265910361233908,16.92117097145696,-0.40976576566832407,-2.46966756972328,1.0799020182114902,4.359074286867141
-1.4555129753713767,17.00684005867243,-0.3770540413667643,-2.40986003274874,1.0232630974967687,4.411662153533181
-1.521503812810503,16.928470820886762,-0.4076643155689419,-2.4686758191151275,1.0765449004999101,4.36313195405447
-1.4502773513852645,17.014031870050093,-0.375033741278897,-2.4089319926983137,1.0198451494274021,4.415640170122372
-1.5164064572622769,16.935762609649434,-0.4055585799013622,-2.467688361305876,1.0731799707621619,4.367184185762345
-1.4450317067060334,17.0212153603695,-0.3730090637544261,-2.408008567109087,1.0164195348176919,4.419612617257088
-1.5112990735468868,16.943046314061135,-0.4034485939337419,-2.466705218985142,1.069807303649264,4.371230967187671
-1.4397761483466187,17.028390507990384,-0.37098004278092683,-2.4070897771479145,1.0129863301843205,4.423579481764968
-1.5061817659211951,16.9503219110222,-0.40133439301292484,-2.4657264144806885,1.0664269740160353,4.375272283920427
-1.4345107834982336,17.035557291874188,-0.3689467124261171,-2.406175643597028,1.0095456122349789,4.427540750875461
-1.5010546388255563,16.95758937801813,-0.3992160125639619,-2.4647519697570752,1.0630390569170196,4.379308121944394
-1.4292357195263328,17.04271569158483,-0.3669091068363333,-2.405266186852862,1.0060974578643047,4.431496412220484
-1.495917796880259,16.964848693120473,-0.39709348808886585,-2.463781906414419,1.0596436276029364,4.38333846763787
-1.4239510639664879,17.049865687289575,-0.36486726023566113,-2.4043614269247806,1.0026419441500267,4.435446453835132
-1.490771344880728,16.97209983498768,-0.3949668551657717,-2.462816245687133,1.0562407615164773,4.387363307774306
-1.4186569245190337,17.057007259759807,-0.36282120692549086,-2.403461383434095,0.999179148348586,4.4393908641580815
-1.4856153877936376,16.979342782865906,-0.39283614944780976,-2.461855008442786,1.0528305342886446,4.391382629522905
-1.4133534090455804,17.064140390371705,-0.36077098128296736,-2.4025660756129215,0.9957091478914377,4.443329632032227
-1.4804500307518884,16.986577516589804,-0.39070140666264075,-2.460898215180935,1.0494130217345763,4.395396420449178
-1.4080406255641513,17.071265061106928,-0.3587166177603254,-2.4016755223030954,0.992232020380722,4.447262746705201
-1.475275379051732,16.993804016583162,-0.38856266261052086,-2.4599458860320538,1.0459882998501426,4.399404668515514
-1.402718682245004,17.078381254553268,-0.3566581508839457,-2.4007897419553084,0.9887478435854508,4.451190197829708
-1.4700915381472532,17.00102226385963,-0.38641995316413513,-2.458998040756393,1.0425564448075197,4.403407362081701
-1.3973876874061741,17.08548895390516,-0.35459561525324335,-2.3999087526279963,0.9852566954372648,4.455111975464119
-1.4648986136462432,17.008232240023254,-0.3842733142673302,-2.458054698742974,1.0391175329513886,4.407404489905388
-1.3920477495084607,17.092588142964203,-0.3525290455400375,-2.3990325719865537,0.9817586540262431,4.459028070072706
-1.4596967113060226,17.015433927269132,-0.38212278193429783,-2.45711587900855,1.0356716407950493,4.4113960411425825
-1.3866989771516844,17.09967880613966,-0.35045847648732115,-2.398161217302374,0.9782537975969998,4.462938472526105
-1.454485937029899,17.022627308383832,-0.37996839224795487,-2.4561816001968038,1.032218845016613,4.415382005347886
-1.3813414790702088,17.106760928448875,-0.3483839429083319,-2.3972947054520324,0.9747422045445647,4.466843174101603
-1.4492663968611004,17.0298123667459,-0.377810181359971,-2.455251880577205,1.028759222454648,4.419362372475088
-1.3759753641278607,17.113834495517548,-0.34630547968568737,-2.39643305291646,0.9712239534100123,4.470742166483472
-1.4440381969795841,17.036989086326294,-0.3756481854891862,-2.4543267380442524,1.025292850104423,4.423337132877378
-1.3706007413137151,17.12089949358015,-0.3442231217705956,-2.3955762757802743,0.9676991228765804,4.474635441763105
-1.4388014436981154,17.044157451688697,-0.373482440920383,-2.453406190116637,1.0218198051140366,4.427306277307653
-1.3652177197384372,17.127955909480143,-0.3421369041813005,-2.3947243897309933,0.9641677917655904,4.478522992439339
-1.4335562434567894,17.05131744798985,-0.3713129840037993,-2.4524902539363804,1.0183401647802266,4.431269796918832
-1.3598264086283431,17.135003730670192,-0.3400468620029466,-2.39387741005834,0.9606300390320117,4.482404811418623
-1.428302702819518,17.05846906097983,-0.3691398511538433,-2.451578946268109,1.0148540065444054,4.435227683264047
-1.354426917322206,17.142042945212324,-0.33795303038593283,-2.393035351653688,0.9570859437605911,4.486280892015103
-1.4230409284683525,17.065612277002277,-0.36696307884865353,-2.4506722834982613,1.0113614079885782,4.439179928296907
-1.3490193552654275,17.149073541778012,-0.3358554445455495,-2.392198229009335,0.953535585161357,4.490151227950871
-1.4177710272013353,17.072747082994514,-0.36478270362801063,-2.449770281634467,1.0078624468315367,4.443126524371605
-1.3436038320070445,17.156095509648317,-0.33375413976050294,-2.3913660562181223,0.949979042565883,4.494015813355828
-1.4124931059258874,17.07987346648769,-0.3625987620934351,-2.448872956304846,1.0043572009246142,4.447067464243084
-1.3381804571939206,17.163108838713786,-0.33164915137229223,-2.390538846972787,0.9464163954227731,4.497874642767926
-1.407207271656161,17.086991415606914,-0.3604112909065177,-2.447980322757457,1.0008457482478388,4.451002741067066
-1.332749340567812,17.170113519474498,-0.32954051478370094,-2.3897166145655273,0.9428477232938816,4.501727711133082
-1.4019136315072187,17.09410091907114,-0.35822032678825855,-2.4470923958596025,0.9973281669056224,4.454932348400263
-1.327310591958645,17.177109543039926,-0.32742826545884407,-2.388899371887597,0.9392731058495297,4.505575013805135
-1.3966122926915554,17.101201966193248,-0.35602590651796956,-2.4462091900974037,0.9938045351229914,4.458856280200251
-1.3218643212817567,17.184096901128814,-0.3253124389213754,-2.3880871314288385,0.9356926228648614,4.509416546545873
-1.391303362514098,17.10829454687994,-0.3538280669323974,-2.4453307195752356,0.9902749312412842,4.462774530825573
-1.3164106385325847,17.191075586068962,-0.3231930707538434,-2.3872799052774547,0.9321063542153436,4.5132523055247935
-1.3859869483686167,17.115378651631588,-0.3516268449243597,-2.44445699801532,0.9867394337143731,4.466687095035605
-1.3109496537828518,17.198045590797,-0.3210701965964126,-2.3864777051195407,0.9285143798729157,4.517082287319159
-1.380663157732447,17.122454271542093,-0.3494222774422012,-2.4435880387572215,0.9831981211043139,4.470593967990602
-1.3054814771750318,17.20500690885811,-0.31894385214651844,-2.3856805422389944,0.924916779901346,4.520906488913581
-1.3753320981627948,17.129521398298618,-0.34721440148834926,-2.4427238547575696,0.9796510720775782,4.47449514525146
-1.3000062189188353,17.211959534405622,-0.31681407315715787,-2.384888427517104,0.9213136344524132,4.52472490770008
-1.3699938772912095,17.136580024181363,-0.34500325411901783,-2.4418644585895897,0.9760983654005038,4.478390622779694
-1.2945239892855276,17.218903462200686,-0.31468089543674366,-2.3841013714325263,0.9177050237614147,4.52853754147763
-1.3646486028206533,17.14363014206321,-0.34278887244232054,-2.441009862442911,0.9725400799358217,4.482280396937162
-1.2890348986046536,17.22583868761178,-0.3125443548473418,-2.3833193840609774,0.9140910281432418,4.532344388452064
-1.3592963825199453,17.15067174540934,-0.34057129361786875,-2.440160078123238,0.9689762946380802,4.486164464485914
-1.2835390572584424,17.232765206614246,-0.3104044873043533,-2.3825424750752733,0.9104717279879886,4.536145447235615
-1.3539373242201442,17.157704828276874,-0.33835055485546545,-2.4393151170521086,0.9654070885499788,4.490042822587963
-1.2780365756783363,17.239683015789733,-0.3082613287749497,-2.3817706537451544,0.9068472037569222,4.539940716846676
-1.3485715358091126,17.16472938531434,-0.3361266934144951,-2.4384749902667675,0.9618325407978255,4.493915468804904
-1.272527564339257,17.246592112325583,-0.3061149152777038,-2.381003928937339,0.9032175359780154,4.543730196709353
-1.3431991252278006,17.171745411761183,-0.33389974660262506,-2.437639708419918,0.9582527305877405,4.4977824010977505
-1.267012133755863,17.253492494014186,-0.3039652828812419,-2.3802423091154683,0.8995828052419887,4.547513886653116
-1.3378202004662134,17.178752903447187,-0.3316697517745278,-2.436809281779712,0.9546677372016923,4.501643617826456
-1.2614903944779274,17.26038415925235,-0.30181246770342113,-2.379485802340199,0.8959430921980579,4.551291786912315
-1.3324348695578039,17.185751856791903,-0.32943674633161435,-2.435983720229616,0.9510776399930932,4.505499117749592
-1.2559624570856418,17.267267107040457,-0.2996565059102236,-2.378734416269312,0.8922984775496887,4.555063898125687
-1.327043240576006,17.192742268803908,-0.32720076772036627,-2.4351630332683682,0.9474825183828505,4.50934890002394
-1.2504284321848516,17.274141336981742,-0.2974974337151567,-2.377988158157814,0.8886490420503387,4.558830221335863
-1.3216454216296565,17.19972413708018,-0.3249618534315525,-2.43434723001,0.9438824518554286,4.513192964204039
-1.244888430403456,17.281006849281404,-0.2953352873775719,-2.3772470348580983,0.8849948664995027,4.562590757988857
-1.3162415208580833,17.2066974598053,-0.32272004099942936,-2.4335363191838955,0.9402775199544473,4.51703131024164
-1.2393425623855878,17.287863644745755,-0.29317010320261877,-2.376511052820258,0.8813360317382811,4.566345509933346
-1.3108316464271108,17.213662235750608,-0.3204753680004213,-2.4327303091348242,0.9366678022789198,4.5208639384852995
-1.2337909387880979,17.294711724781205,-0.2910019175394335,-2.3757802180921743,0.877672618645261,4.570094479420272
-1.305415906524607,17.220618464273418,-0.3182278720522727,-2.431929207823094,0.9330533784789365,4.524690849679737
-1.228233670275413,17.301551091393375,-0.2888307667808562,-2.375054536320032,0.8740047081323878,4.573837669101903
-1.2999944093558382,17.227566145316075,-0.3159775908130668,-2.431133022824679,0.9294343282517168,4.528512044965307
-1.2226708675153855,17.30838174718595,-0.286656687361977,-2.374334012748427,0.8703323811407182,4.577575082031429
-1.294567263139501,17.23450527940502,-0.31372456197998533,-2.4303417613314613,0.9258107313375279,4.532327525877328
-1.217102641174842,17.31520369535967,-0.2844797157592586,-2.373618652220901,0.8666557186363558,4.581306721662055
-1.2891345761024684,17.241435867649763,-0.31146882328876074,-2.429555430151381,0.9221826675154202,4.536137294345502
-1.2115291019145737,17.322016939711098,-0.28229988848974663,-2.3729084591803082,0.8629748016061166,4.585032591846307
-1.2836964564757638,17.248357911741863,-0.3092104125124612,-2.4287740357087975,0.9185502165992915,4.5399413526931465
-1.2059503603847184,17.32882148463152,-0.2801172421103256,-2.372203437669259,0.8592897110533146,4.588752696835229
-1.2782530124910871,17.255271413953846,-0.3069493674599421,-2.427997584044712,0.9149134584340729,4.54373970363658
-1.2003665272216535,17.335617335105677,-0.2779318132157865,-2.371503591330634,0.8556005279940321,4.592467041277573
-1.2728043523746075,17.262176377138033,-0.30468572597586513,-2.427226080817202,0.9112724728910775,4.547532350284237
-1.1947777130416746,17.34240449671045,-0.27574363843894184,-2.3708089234080814,0.8519073334524283,4.596175630218969
-1.2673505843441493,17.269072804725376,-0.30241952593875626,-2.426459531301746,0.9076273398645297,4.551319296135981
-1.1891840284373743,17.349182975613594,-0.27355275444931426,-2.3701194367466263,0.8482102084569337,4.599878469100977
-1.2618918166040285,17.275960700724184,-0.3001508052604028,-2.4256979403915997,0.903978139267122,4.555100545082323
-1.1835855839734508,17.355952778572256,-0.2713591979516521,-2.3694351337933237,0.8445092340359789,4.603575563760142
-1.2564281573400966,17.28284006971893,-0.2978796018853011,-2.42494131259838,0.9003249510260634,4.558876101403433
-1.1779824901814033,17.362713912931618,-0.2691630056857111,-2.368756016597797,0.8408044912138587,4.60726692042716
-1.250959714717051,17.289710916868795,-0.2956059537884258,-2.424189652052469,0.8966678550791995,4.562645969768354
-1.1723748575558146,17.369466386623415,-0.2669642144247594,-2.368082086813022,0.8370960610066879,4.6109525457257625
-1.2454865968718665,17.296573247906405,-0.29332989897571077,-2.423442962503558,0.8930069313705916,4.5664101552340846
-1.166762796549086,17.37621020816435,-0.2647628609750122,-2.3674133456960282,0.8333840244181785,4.6146324466717505
-1.24000891191137,17.30342706913636,-0.29105147548175303,-2.4227012473212355,0.8893422598469628,4.570168663244592
-1.1611464175678199,17.38294538665461,-0.2625589821742591,-2.3667497941086513,0.8296684624356538,4.618306630671933
-1.2345267679064142,17.310272387433752,-0.28877072136966725,-2.4219645094956026,0.8856739204532958,4.573921499629853
-1.1555258309676588,17.389671931776142,-0.26035261489115846,-2.3660914325183913,0.8259494560257644,4.62197510552299
-1.2290402728880603,17.317109210242663,-0.2864876747297495,-2.421232751637889,0.8820019931288672,4.577668670604836
-1.1499011470488907,17.39638985379104,-0.2581437960243451,-2.365438260999202,0.8222270861306014,4.625637879410421
-1.2235495348440784,17.323937545574665,-0.28420237367805873,-2.4205059759811447,0.8783265578036148,4.581410182768458
-1.1442724760529648,17.40309916353991,-0.255932562500971,-2.3647902792324014,0.8185014336636169,4.629294960907322
-1.2180546617122572,17.330757402007062,-0.28191485635649705,-2.419784184380979,0.8746476943934137,4.585146043102501
-1.1386399281561526,17.40979987243986,-0.2537189512764928,-2.3641474865075707,0.8147725795051568,4.632946358973273
-1.2125557613784685,17.337568788681427,-0.2796251609307193,-2.4190673783162886,0.8709654827968157,4.588876258970497
-1.1330036134670356,17.416491992482975,-0.25150299933300063,-2.3635098817235707,0.8110406044990952,4.636592082953018
-1.2070529416710094,17.344371715301747,-0.277333325589586,-2.4183555588900596,0.8672800028905353,4.592600838116586
-1.1273636420208426,17.423175536234275,-0.24928474367869347,-2.3628774633894425,0.8073055894480811,4.640232142575316
-1.2015463103567126,17.3511661921328,-0.275039388544103,-2.417648726830211,0.8635913345258848,4.596319788664342
-1.1217201237757224,17.429850516829898,-0.24706422134662015,-2.362250229625525,0.8035676151100812,4.643866547951589
-1.196035975135798,17.35795222999824,-0.27274338802668185,-2.416946882490433,0.8598995575242534,4.600033119115564
-1.1160731686075878,17.436516947975058,-0.2448414693939879,-2.361628178164538,0.799826762193861,4.647495309574577
-1.1905220436391566,17.36472984027891,-0.27044536228938354,-2.4162500258510864,0.8562047516738956,4.60374083834906
-1.1104228863065826,17.443174843942217,-0.2426165249010147,-2.3610113063525997,0.7960831113553875,4.651118438317073
-1.1850046234221727,17.37149903491084,-0.2681453496038316,-2.415558156520163,0.8525069967252961,4.6074429556193355
-1.1047693865720927,17.449824219568832,-0.24038942496984594,-2.3603996111504544,0.7923367431936363,4.65473594543049
-1.1794838219614576,17.37825982638336,-0.2658433882596036,-2.4148712737342204,0.8488063723875168,4.611139480555348
-1.0991127790080664,17.456465090255413,-0.23816020672415195,-2.359793089134616,0.788587738246416,4.658347842543451
-1.1739597466506217,17.3850122277372,-0.26353951656327845,-2.414189376359445,0.8451029583244205,4.614830423159092
-1.0934531731198025,17.463097471963373,-0.23592890730726016,-2.359191736498608,0.7848361769868569,4.661954141660343
-1.168432504795252,17.391756252562367,-0.2612337728377139,-2.4135124628926072,0.8413968341504087,4.618515793804341
-1.0877906783081692,17.46972138121278,-0.2336955638820689,-2.358595549054248,0.781082139819055,4.665554855159813
-1.1629022036092367,17.39849191499619,-0.258926195420761,-2.4128405314622268,0.837688079426755,4.622195603235157
-1.0821254038664487,17.476336835080197,-0.2314602136293517,-2.3580045222328074,0.7773257070742862,4.669149995793381
-1.1573689502101303,17.405219229721144,-0.2566168226644013,-2.4121735798296786,0.8339767736577892,4.625869862564479
-1.0764574589749318,17.482943851196424,-0.22922289374748409,-2.3574186510865105,0.7735669590069497,4.672739576683735
-1.1518328516150258,17.411938211962756,-0.25430569293366906,-2.4115116053902277,0.8302629962866628,4.629538583272758
-1.070786952697435,17.489542447744114,-0.22698364145084954,-2.3568379302898244,0.7698059757910116,4.676323611323251
-1.1462940147362788,17.41864887748737,-0.25199284460558086,-2.410854605174338,0.8265468266918293,4.63320177720638
-1.0651139939762178,17.49613264345547,-0.22474249396941415,-2.3562623541408247,0.7660428375155013,4.679902113572394
-1.1407525463769332,17.42535124260001,-0.249678316068485,-2.4102025758488486,0.8228283441829978,4.636859456576138
-1.059438691628542,17.502714457609837,-0.22249948854714902,-2.3556919165627006,0.7622776241811938,4.683475097658038
-1.135208553227063,17.432045324141992,-0.24736214572050197,-2.4095555137181823,0.8191076279973983,4.640511633955771
-1.0537611543414358,17.509287910031272,-0.22025466244175956,-2.355126611105115,0.75851041569645,4.687042578171921
-1.1296621418591695,17.438731139488695,-0.24504437196883322,-2.4089134147257023,0.815384757295915,4.644158322280275
-1.048081490668269,17.51585302108601,-0.21800805292302647,-2.354566430945871,0.7547412918734552,4.690604570068756
-1.1241134187237747,17.445408706547163,-0.24272503322881966,-2.40827627445492,0.8116598111591633,4.647799534844449
-1.0423998090235553,17.522409811679985,-0.21575969727251676,-2.3540113688922824,0.7509703324243444,4.6941610886647345
-1.1185624901449,17.45207804375366,-0.2404041679230834,-2.4076440881310295,0.8079328685837859,4.651435285301037
-1.0367162176789162,17.528958303256143,-0.21350963278232615,-2.353461417382882,0.7471976169571223,4.697712149635582
-1.11300946231758,17.45873917007138,-0.23808181447959909,-2.4070168506220466,0.8042040084788752,4.655065587659321
-1.0310308247600293,17.53549851779205,-0.21125789675361367,-2.3529165684889106,0.7434232249725669,4.701257769014923
-1.1074544413012979,17.465392104987806,-0.23575801133200014,-2.4063945564404423,0.8004733096617656,4.6586904562832006
-1.0253437382405701,17.542030477796978,-0.20900452649650197,-2.3523768139160666,0.7396472358596984,4.704797963192359
-1.101897533017453,17.47203686851227,-0.23343279691761712,-2.4057771997444553,0.7967408508546632,4.662309905889613
-1.0196550659391934,17.548554206309376,-0.2067495593285053,-2.3518421450060987,0.7358697288924401,4.708332748911713
-1.096338843244059,17.478673481173306,-0.23110620967706663,-2.4051647743396867,0.7930067106805133,4.665923951546674
-1.0139649155142074,17.555069726894025,-0.20449303257419624,-2.351312552738603,0.7320907832255853,4.7118621432690695
-1.090778477613337,17.48530196401617,-0.22877828805228828,-2.404557273680423,0.7892709676599003,4.669532608672077
-1.00827339446103,17.561577063639348,-0.20223498356328362,-2.350788027732641,0.7283104778914811,4.715386163710977
-1.085216541604733,17.491922338600055,-0.22644907048721902,-2.403954690871473,0.7855337002065492,4.673135893030979
-1.0025806101062913,17.56807624115443,-0.19997544963046013,-2.350268560248618,0.7245288917957111,4.718904828032463
-1.079653140543465,17.498534626995497,-0.22411859542511767,-2.4033570186694986,0.7817949866243066,4.67673382073443
-0.9968866696046084,17.574567284566314,-0.1977144681141817,-2.349754140190009,0.720746103713973,4.72241815437512
-1.0740883795948142,17.505138851781574,-0.2217869013084975,-2.402764249484695,0.7780549051029895,4.680326408237445
-0.991191679933869,17.58105021951697,-0.19545207635579748,-2.3492447571053083,0.7169621922879752,4.7259261612250185
-1.068522363760849,17.511735036043245,-0.21945402657774649,-2.4021763753824756,0.7743135337151362,4.683913672337011
-0.985495747891835,17.587525072160457,-0.19318831169828127,-2.3487404001897927,0.7131772360222657,4.729428867410808
-1.062955197875994,17.51832320336842,-0.21712000967013337,-2.4015933880851486,0.7705709504121293,4.68749563017021
-0.9797989800913978,17.593991869159826,-0.1909232114854969,-2.3482410582874174,0.7093913132800144,4.732926292101676
-1.0573869866025725,17.52490337784519,-0.21478488901916182,-2.4010152789734844,0.7668272330204846,4.691072299212402
-0.9741014829561507,17.60045063768415,-0.1886568130615811,-2.3477467198929087,0.7056045022799012,4.736418454805124
-1.0518178344272227,17.531475584058896,-0.21244870305317298,-2.400442039088678,0.7630824592384816,4.694643697274973
-0.9684033627174671,17.60690140540538,-0.18638915376894435,-2.3472573731534556,0.7018168810920906,4.739905375365163
-1.046247845656383,17.538039847089223,-0.21011149019470093,-2.3998736591339274,0.7593367066323826,4.698209842503566
-0.9627047254088228,17.613344200495337,-0.1841202709487248,-2.3467730058710146,0.6980285276350751,4.743387073959841
-1.0406771244130835,17.544596192507218,-0.20777328885880614,-2.3993101294762496,0.7555900526330397,4.7017707533760085
-0.9570056768627729,17.619779051622487,-0.1818502019388622,-2.346293605504076,0.6942395196717414,4.746863571099394
-1.0351057746315702,17.551144646372325,-0.2054341374530962,-2.3987514401484487,0.7518425745321751,4.705326448700083
-0.9513063227068047,17.62620598794876,-0.17957898407319892,-2.345819159169869,0.6904499348060783,4.750334887623892
-1.0295339000547241,17.557685235229293,-0.20309407437563637,-2.398197580850743,0.7480943494789658,4.708876947611698
-0.9456067683590519,17.632625039126367,-0.17730665468080464,-2.345349653646453,0.6866598504797292,4.75380104470104
-1.0239616042289412,17.564217986105202,-0.20075313801484407,-2.397648540952852,0.7443454544765468,4.712422269572548
-0.9399071190242119,17.639036235294526,-0.17503325108504225,-2.3448850753746218,0.6828693439681515,4.757262063824154
-1.0183889905007761,17.570742926506163,-0.1984113667477922,-2.3971043094958104,0.740595966378478,4.715962434368107
-0.9342074796896337,17.64543960707607,-0.17275881060233828,-2.3444254104603965,0.6790784923775337,4.760717966809565
-1.0128161620120681,17.577260084414288,-0.19606879894000923,-2.3965648751939224,0.736845961885058,4.719497462105413
-0.9285079551209495,17.651835185574164,-0.17048337054162646,-2.343970644676939,0.6752873726410178,4.764168775794612
-1.0072432216973803,17.583769488284517,-0.193725472943527,-2.396030226436683,0.7330955175402627,4.723027373210928
-0.9228086498587493,17.658223002369,-0.16820696820302278,-2.343520763466785,0.6714960615155938,4.767614513235259
-1.0016702722787987,17.59027116704137,-0.19138142709667702,-2.3955003512909134,0.7293447097281668,4.726552188428188
-0.9171096682144655,17.66460308951426,-0.16592964087675016,-2.3430757519441885,0.6677046355785262,4.771055201903678
-0.9960974162625865,17.59676515007558,-0.18903669972258544,-2.394975237502597,0.7255936146693528,4.73007192881578
-0.9114111142654339,17.67097547953371,-0.16365142584303205,-2.3426355948972684,0.663913171223862,4.77449086488601
-0.990524755935396,17.60325146724098,-0.18669132912828962,-2.3944548724991166,0.7218423084178098,4.733586615744818
-0.905713091852508,17.677340205417764,-0.16137236037002628,-2.342200276790318,0.660121744659383,4.777921525579927
-0.9849523933591788,17.609730148850986,-0.1843453536043252,-2.393939243391213,0.7180908668572146,4.7370962708968545
-0.9000157045746293,17.683697300619823,-0.15909248171376056,-2.341769781766219,0.6563304319029262,4.781347207692162
-0.9793804303691278,17.61620122567537,-0.18199881142266283,-2.3934283369750693,0.7143393656979595,4.740600916261521
-0.8943190557862661,17.690046799052862,-0.15681182711648844,-2.3413440936485936,0.6525393087794265,4.784767935236225
-0.9738089685685173,17.622664728936762,-0.17965174083644234,-2.392922139734588,0.7105878804736141,4.744100574134071
-0.888623248592361,17.696388735085765,-0.15453043380641654,-2.3409231959443524,0.6487484509173005,4.788183732529789
-0.9682381093248762,17.62912069030729,-0.17730418007907361,-2.3924206378434403,0.7068364865376286,4.747595267113107
-0.8829283858453294,17.702723143539682,-0.1522483389961221,-2.3405070718459684,0.6449579337454698,4.791594624192315
-0.9626679537668963,17.635569141904984,-0.17495616736254174,-2.3919238171671995,0.703085259060033,4.7510850180982835
-0.8772345701406066,17.70905005968437,-0.1499655798820275,-2.3400957042339456,0.6411678324898338,4.795000635142518
-0.9570986027795163,17.642010116290393,-0.17260774087734682,-2.3914316632657213,0.6993342730243003,4.7545698502876785
-0.8715419038130229,17.715369519234482,-0.14768219364334306,-2.339689075679293,0.6373782221703748,4.798401790595789
-0.9515301570013595,17.64844364646302,-0.17025893879057002,-2.39094416139523,0.6955836032240013,4.758049787175499
-0.865850488933001,17.72168155834594,-0.14539821744116838,-2.3392871684459453,0.6335891775977613,4.8017981160616765
-0.9459627168200695,17.654869765857647,-0.16790979924538935,-2.3904612965106273,0.6918333242596072,4.7615248525496305
-0.8601604273027917,17.72798621361197,-0.14311368841731198,-2.3388899644932173,0.6298007733701206,4.805189637341401
-0.9403963823682752,17.661288508340878,-0.16556036036040994,-2.3899830532678266,0.688083510535257,4.764995070489058
-0.854471820452591,17.73428352205946,-0.14082864369355996,-2.3384974454784517,0.6260130838701639,4.808576380525091
-0.9348312535205896,17.66769990820733,-0.16321066022797,-2.3895094160259833,0.6843342362555906,4.768460465361455
-0.8487847696365938,17.740573521145006,-0.1385431203707828,-2.3381095927594813,0.6222261832618241,4.811958371989255
-0.929267429889618,17.67410400017614,-0.1608607369135048,-2.389040368849862,0.6805855754226986,4.7719210618206125
-0.8430993758297037,17.746856248751197,-0.13625715552778725,-2.3377263873972227,0.6184401454873956,4.815335638394105
-0.9237050108218994,17.680500819387134,-0.15851062845461406,-2.3885758955122163,0.6768376018328792,4.77537688480388
-0.8374157397232919,17.75313174318256,-0.13397078622056716,-2.3373478101581746,0.6146550442640435,4.8187082066809985
-0.918144095394455,17.686890401397093,-0.15616037285993523,-2.388115979496175,0.6730903890736384,4.778827959529583
-0.8317339617218185,17.759400043161687,-0.13168404948117945,-2.336973841517245,0.6108709530813967,4.822076104069524
-0.9125847824110804,17.693272782176095,-0.15381000810824363,-2.3876606039975385,0.6693440105204224,4.782274311494525
-0.8260541419390525,17.765661187825334,-0.12939698231694702,-2.33660446166013,0.6070879451979616,4.825439358055064
-0.9070271703989183,17.6996479981036,-0.15145957214714562,-2.3872097519274087,0.665598539333931,4.785715966471184
-0.820376380194195,17.771915216720355,-0.12710962170958268,-2.3362396504861533,0.6033060936384824,4.828797996405864
-0.9014713576037836,17.706016085964645,-0.1491091028928374,-2.3867634059144267,0.6618540484565107,4.7891529505052866
-0.8147007760087143,17.778162169799618,-0.12482200461373111,-2.335879387610939,0.5995254711908898,4.83215204716034
-0.8959174419874512,17.71237708294601,-0.1467586382284849,-2.386321548307398,0.6581106106095596,4.7925852899129895
-0.8090274286018629,17.784402087418066,-0.12253416795690214,-2.3355236523690523,0.5957461504031388,4.8355015386243085
-0.8903655212238054,17.718731026632316,-0.14440821600338194,-2.3858841611777457,0.6543682982906284,4.796013011278234
-0.8033564368875307,17.790635010328597,-0.12024614863808597,-2.335172423816724,0.5919682035806471,4.838846499368238
-0.8848156926957103,17.725077955002167,-0.14205787403164688,-2.3854512263219014,0.6506271837701454,4.799436141450172
-0.7976878994715733,17.79686097967796,-0.1179579835261022,-2.334825680734676,0.5881917027834052,4.842186958224316
-0.8792680534903012,17.73141790642412,-0.13970765009196537,-2.38502272526403,0.6468873390886183,4.802854707540274
-0.7920219146463177,17.803080037002584,-0.11566970946011063,-2.334483401630734,0.5844167198227714,4.845522944283832
-0.8737227003959871,17.7377509196527,-0.13735758192616915,-2.3845986392585194,0.6431488360536963,4.806268736919638
-0.7863585803883438,17.809292224224357,-0.11338136324754386,-2.334145564742835,0.5806433262588446,4.8488544868940435
-0.8681797298988367,17.744077033824404,-0.1350077072382787,-2.384178949292517,0.6394117462373081,4.809678257216304
-0.7806979943542494,17.81549758364647,-0.11109298166377246,-2.3338121480417153,0.5768715933976805,4.85218161565548
-0.8626392381792264,17.750396288453782,-0.13265806369353184,-2.3837636360885437,0.6356761409726681,4.813083296312396
-0.7750402538780043,17.82169615794924,-0.10880460145056536,-2.3334831292336964,0.5731015922885911,4.8555043604190455
-0.8571013211081393,17.756708723429274,-0.13030868891739916,-2.3833526801071248,0.6319420913517683,4.8164838823413545
-0.7693854559665111,17.82788799018581,-0.10651625931582831,-2.333158485763578,0.5693333937212263,4.858822751283072
-0.8515660742436632,17.76301437900904,-0.1279596204944709,-2.3829460615494886,0.6282096682221634,4.819880043685064
-0.7637336972963302,17.83407312377778,-0.10422799193233251,-2.3328381948175587,0.5655670682228433,4.8621368185903755
-0.8460335928270153,17.769313295817035,-0.12561089596807978,-2.382543760360062,0.6244789421842667,4.823271808971152
-0.758085074210597,17.840251602511003,-0.1019398359366801,-2.332522233326056,0.5618026860557397,4.865446592925323
-0.8405039717803952,17.775605514838745,-0.12326255283820006,-2.3821457562292805,0.6207499835888948,4.826659207070006
-0.7524396827151034,17.846423470531256,-0.0996518279287239,-2.3322105779666322,0.5580403172145556,4.868752105110862
-0.8349773057016179,17.781891077417047,-0.12091462856185961,-2.3817520285962908,0.6170228625340299,4.830042267091887
-0.7467976184751629,17.852588772339754,-0.09736400447022361,-2.331903205166856,0.5542800314234724,4.872053386205613
-0.8294536888626792,17.788170025247986,-0.11856716055069033,-2.3813625566515513,0.6132976488625845,4.833421018384176
-0.7411589768117955,17.858747552788877,-0.09507640208441148,-2.3316000911073997,0.5505218981337585,4.8753504675006845
-0.8239332152049453,17.794442400376724,-0.11622018617115759,-2.3809773193396158,0.6095744121594021,4.836795490528346
-0.7355238526994383,17.86489985707778,-0.09278905725420533,-2.331301211724763,0.5467659865212826,4.8786433805168805
-0.8184159783359035,17.80070824519296,-0.11387374274303502,-2.380596295361963,0.605853221748579,4.840165713337051
-0.7298923407608381,17.871045730747706,-0.09050200642231668,-2.3310065427145212,0.543012365483553,4.881932157001435
-0.8129020715262822,17.806967602426976,-0.11152786753847449,-2.3802194631796016,0.6021341466909182,4.843531716851259
-0.7242645352648516,17.877185219677816,-0.08821528598981893,-2.330716059534061,0.5392611036375217,4.885216828925168
-0.80739158770629,17.813220515145243,-0.10918259778115469,-2.3798468010159857,0.5984172557813183,4.846893531337168
-0.7186405301231353,17.883318370080577,-0.08592893231497778,-2.330429737405761,0.535512269317055,4.888497428479255
-0.8018846194626622,17.819467026746008,-0.10683797064491835,-2.3794782868597477,0.5947026175462078,4.85025118728335
-0.7130204188860889,17.88944522849718,-0.08364298171291326,-2.330147551319862,0.5317659305700971,4.891773988072295
-0.7963812590350309,17.825707180955202,-0.10449402325330398,-2.3791138984674656,0.5909903002409592,4.853604715397709
-0.7074042947407596,17.895565841793196,-0.08135747045388486,-2.329869476037655,0.5280221551568991,4.895046540327028
-0.7908815983119509,17.831941021821688,-0.10215079267857569,-2.3787536133666594,0.5872803718470141,4.856954146604414
-0.7017922505058525,17.9016802571537,-0.07907243476331088,-2.329595486094467,0.524281010546739,4.898315118077373
-0.7853857288292408,17.838168593713302,-0.09980831594007447,-2.3783974088584006,0.5835729000699946,4.860299512041003
-0.6961843786300869,17.907788522079045,-0.07678791082011355,-2.3293255558026815,0.5205425639162162,4.901579754365201
-0.7798937417652909,17.844389941312137,-0.09746663000388925,-2.3780452620203554,0.5798679523366747,4.86364084305524
-0.6905807711879717,17.913890684380014,-0.07450393475614239,-2.3290596592549346,0.5168068821465437,4.904840482437194
-0.7744057279378433,17.850605109610214,-0.09512577178199952,-2.3776971497095953,0.5761655957926615,4.866978171202083
-0.6849815198769085,17.919986792173212,-0.0722205426550874,-2.3287977703270144,0.5130740318211016,4.908097335741836
-0.7689217778023754,17.856814143905165,-0.09278577813024155,-2.3773530485654293,0.5724658973002106,4.870311528240634
-0.679386716014332,17.92607689387665,-0.06993777055156222,-2.328539862681178,0.5093440792236091,4.911350347925969
-0.7634419814464468,17.863017089795513,-0.09044668584883603,-2.377012935012369,0.5687689234353662,4.873640946131086
-0.6737964505337477,17.93216103820473,-0.0676556544303499,-2.3282859097691757,0.5056170903351972,4.914599552831793
-0.7579664285880996,17.8692139931763,-0.08810853168037713,-2.3766767852630837,0.5650747404858105,4.876966457031508
-0.6682108139821581,17.93823927416372,-0.06537423022522237,-2.3280358848353457,0.5018931308324572,4.91784498449366
-0.7524952085723707,17.875404900234678,-0.08577135230920069,-2.3763445753211947,0.5613834144485703,4.880288093294872
-0.662629896516827,17.94431165104717,-0.06309353381825517,-2.3277897609198686,0.49817226608539467,4.921086677134703
-0.7470284103678633,17.88158985744512,-0.0834351843603171,-2.376016280984367,0.557695011027398,4.883605887465812
-0.657053787901577,17.9503782184309,-0.06081360103900835,-2.3275475108618235,0.4944545611546582,4.924324665163789
-0.7415661225639355,17.887768911565217,-0.08110006439856099,-2.375691877847097,0.5540095956308203,4.886919872277594
-0.6514825775051263,17.956439026168567,-0.058534467662846035,-2.327309107302303,0.49074008078999964,4.9275589831722435
-0.7361084333674596,17.893942109630768,-0.0787660289273486,-2.3753713413038096,0.5503272333694771,4.890230080648887
-0.6459163542959719,17.962494124386655,-0.05625616941134759,-2.3270745226878353,0.48702888942761413,4.930789665930401
-0.7306554305994832,17.9001094989514,-0.07643311438808936,-2.3750546465518068,0.546647989054186,4.893536545680586
-0.6403552068414077,17.96854356347978,-0.05397874194980029,-2.3268437292733015,0.4833210511883044,4.934016748384598
-0.7252072016920829,17.90627112710588,-0.07410135715915411,-2.3747417685942134,0.542971927193336,4.896839300652703
-0.6347992233027545,17.974587394105875,-0.051702220887668404,-2.326616699125322,0.4796166298750931,4.937240265653707
-0.7197638336857279,17.912427041937505,-0.07177079355463067,-2.374432682242987,0.5392991119909908,4.9001383790211435
-0.6292484914332035,17.980625667181382,-0.04942664177701803,-2.326393404125366,0.4759156889715031,4.940460253025936
-0.7143254132260644,17.918577291549447,-0.06944145982342464,-2.3741273621219787,0.5356296073445246,4.903433814414459
-0.6237030985746805,17.986658433876396,-0.04715204011161292,-2.3261738159730116,0.47221829163911755,4.943676745955488
-0.7088920265606772,17.924721924300165,-0.0671133921485352,-2.3738257826698312,0.5319634768424779,4.90672564063075
-0.6181631316552987,17.99268574560985,-0.04487845132574153,-2.325957906189117,0.46852450071593527,4.946889780059298
-0.7034637595360589,17.930860988798656,-0.06478662664598717,-2.3735279181431657,0.5283007837625036,4.910013891634293
-0.6126286771851732,17.99870765404461,-0.042605910794214774,-2.3257456461191874,0.46483437871404354,4.950099391113575
-0.6980406975948028,17.936994533899664,-0.062461199363639724,-2.373233742619513,0.5246415910689955,4.913298601552441
-0.6070998212543235,18.004724211082475,-0.04033445383063791,-2.325537006936548,0.4611479878176915,4.95330561505058
-0.692622925772598,17.943122608699262,-0.060137146280530074,-2.3729432300004043,0.5209859614114392,4.916579804672233
-0.6015766495302303,18.010735468859554,-0.03806411568640847,-2.325331959645462,0.45746538988158236,4.956508487955335
-0.6872105286948575,17.949245262529775,-0.057814503305822246,-2.372656354014403,0.5173339571216592,4.919857535437302
-0.5960592472532223,18.016741479741015,-0.03579493155079727,-2.3251304750847637,0.4537866464286795,4.959708046061984
-0.6818035905744806,17.955362544955364,-0.05549330627765925,-2.3723730882201446,0.5136856402125541,4.923131828444513
-0.590547699235825,18.02274229631645,-0.03352693654856803,-2.3249325239306513,0.45011181864844496,4.962904325750824
-0.6764021952084629,17.961474505767086,-0.05317359096233387,-2.3720934060095202,0.5100410723755615,4.92640271844062
-0.5850420898581593,18.02873797139475,-0.03126016574025042,-2.32473807670027,0.4464409673949164,4.966097363544662
-0.6710064259749614,17.967581194978145,-0.050855393053374054,-2.371817280610596,0.5064003149788296,4.929670240319171
-0.5795425030655639,18.034728557999205,-0.02899465412087765,-2.3245471037550236,0.44277415318490965,4.969287196105407
-0.6656163658304841,17.973682662819176,-0.048538748170533774,-2.3715446850908486,0.5027634290651486,4.93293442911701
-0.5740490223661042,18.040714109362497,-0.026730436618785935,-2.3243595753036814,0.4391114361961474,4.97247386023083
-0.6602320973070637,17.979778959733324,-0.0462236918587062,-2.3712755923602,0.49913047535009564,4.936195320011089
-0.5685617308272228,18.046694678921703,-0.0244675480950996,-2.3241754614058197,0.4354528762654357,4.9756573928510575
-0.6548537025086028,17.985870136371627,-0.04391025958771605,-2.371009975174096,0.49550151421993127,4.9394529483151235
-0.5630807110733914,18.052670320313364,-0.022206023342506265,-2.3239947319750165,0.43179853288699976,4.978837831025232
-0.6494812631099267,17.991956243588,-0.04159848674974148,-2.3707478061366665,0.4918766057300842,4.942707349476256
-0.5576060452828671,18.05864108736841,-0.01994589708469041,-2.323817356782256,0.4281484652105963,4.982015211937998
-0.644114860352444,17.99803733243462,-0.039288408659691715,-2.370489057703749,0.4882558096029621,4.945958559071795
-0.552137815185637,18.06460703410724,-0.017687203974946386,-2.323643305459168,0.4245027320400466,4.985189572896144
-0.6387545750409187,18.00411345415689,-0.036980060554374306,-2.370233702186162,0.4846391852260006,4.949206612805721
-0.5466761020597896,18.07056821473455,-0.015429978595765947,-2.323472547501341,0.42086139183115706,4.988360951325197
-0.6334004875423808,18.010184660188624,-0.03467347759026479,-2.3699817117526982,0.4810267916502232,4.952451546505526
-0.5412209867294027,18.07652468363432,-0.01317425545752593,-2.323305052271788,0.41722450269039013,4.991529384765822
-0.628052677781881,18.016251002147396,-0.03236869484390492,-2.3697330584332224,0.47741868758807904,4.95569339611879
-0.5357725495620765,18.082476495364947,-0.010920068997573362,-2.323140789004,0.4135921223732012,4.9946949108706065
-0.6227112252399138,18.022312531829158,-0.030065747310225932,-2.3694877141220947,0.4738149314116837,4.958932197709688
-0.530330870464571,18.08842370465374,-0.008667453580125606,-2.3229797268055696,0.4099643082818624,4.997857567400429
-0.6173762089507462,18.02836930120402,-0.027764669901512884,-2.369245650580897,0.4702155811514366,4.962167987455851
-0.5248960288826048,18.094366366392418,-0.006416443494071999,-2.3228218346613305,0.4063411174648397,5.001017392221013
-0.6120477074986009,18.034421362410864,-0.025465497446724022,-2.3690068394418433,0.466620694493737,4.965400801644869
-0.5194681037963619,18.100304535631622,-0.004167072953025153,-2.3226670814367436,0.40272260661444576,5.004174423299552
-0.6067257990149462,18.040468767752625,-0.02316826469071942,-2.368771252210915,0.46303032877968214,4.968630676670877
-0.5140471737187545,18.106238267575932,-0.0019193760938037707,-2.3225154358812112,0.399108832065489,5.0073286987012064
-0.60141056117655,18.04651156969133,-0.020873006292712715,-2.3685388602709248,0.4594445410031188,4.9718576490312385
-0.5086333166919201,18.112167617578795,0.0003266130236773135,-2.3223668666315334,0.3954998497938959,5.010480256585502
-0.5961020712022731,18.05254982084329,-0.018579756825765736,-2.368309634884685,0.45586338780928193,4.9750817553231705
-0.5032266102858851,18.11809264113744,0.0025708604183974915,-2.322221342215052,0.3918957154151175,5.013629135203046
-0.5908004058507389,18.058583573974026,-0.01628855077548791,-2.3680835471981885,0.45228692549277394,4.978303032240311
-0.4978271315948979,18.124013393887726,0.004813332188273511,-2.322078831053108,0.3882964841825408,5.016775372891944
-0.5855056414164944,18.06461288199333,-0.013999422539920203,-2.367860568243913,0.4487152099960901,4.981521516569191
-0.4924349572348954,18.1299299315989,0.007053994511252992,-2.3219393014644787,0.38470221098617763,5.019919008074225
-0.5802178537293804,18.07063779795052,-0.011712406427303979,-2.3676406689436487,0.4451482969081152,4.984737245186117
-0.48705016334197737,18.135842310168755,0.009292813646732956,-2.3218027216685373,0.3811129503512344,5.023060079252448
-0.5749371181506583,18.076658375029304,-0.009427536655836677,-2.367423820111923,0.4415862414625477,4.987950255053563
-0.48167282556857294,18.14175058561828,0.011529755935658859,-2.321669059788632,0.377528756436624,5.026198625006276
-0.5696635095701665,18.08267466654288,-0.007144847353001749,-2.367209992459109,0.438029098536066,4.991160583216758
-0.47630301908168626,18.147654814086557,0.013764787802041378,-2.321538283855611,0.37394968303367626,5.029334683988717
-0.5643971024051129,18.08868672592905,-0.004864372553579244,-2.366999156594575,0.43447692264719817,4.994368266800301
-0.4709408185604451,18.153555051825712,0.01599787575378947,-2.3214103618108783,0.3703757835646671,5.032468294922927
-0.5591379705954675,18.094694606745126,-0.002586146200159789,-2.3667912830298024,0.43092976795436894,4.99757334300482
-0.46558629819312514,18.15945135519564,0.018228986383394485,-2.321285261509957,0.36680711108156283,5.035599496598497
-0.5538861876034542,18.100698362663053,-0.00031020214068400165,-2.3665863421816646,0.4273876882547988,5.000775849103391
-0.4602395316750455,18.16534378065893,0.0204580863690218,-2.321162950725768,0.36324371826463625,5.038728327867989
-0.5486418264094439,18.106698047464363,0.001963425871378044,-2.366384304375541,0.4238507369827728,5.003975822438205
-0.45490059220554246,18.17123238477566,0.022685142475039888,-2.32104339715201,0.35968565742113373,5.041854827643386
-0.5434049595107716,18.112693715035338,0.004234704178888604,-2.36618513984839,0.42031896720831485,5.00717330041719
-0.4495695524865293,18.177117224198337,0.024910121553633147,-2.320926568406372,0.35613298048415676,5.044979034892702
-0.5381756589176077,18.118685419361825,0.006503599220939793,-2.3659888187521063,0.4167924316356304,5.010368320510445
-0.4442464847192491,18.18299835566657,0.02713299054524132,-2.320812432034007,0.35258573901130397,5.048100988636344
-0.5329539961521413,18.12467321452446,0.008770077534906495,-2.3657953111565075,0.41327118260182943,5.013560920246908
-0.4389314606021174,18.18887583600211,0.029353716479422642,-2.3207009555107967,0.34904398418343713,5.051220727943631
-0.5277400422455342,18.130657154693594,0.011034105757061596,-2.3656045870525277,0.4097552720754838,5.016751137210954
-0.43362455132845923,18.19474972210358,0.031572266476006194,-2.3205921062466888,0.345507766803516,5.054338291929274
-0.5225338677342354,18.136637294124178,0.013295650622736188,-2.365416616355601,0.40624475165521756,5.019939009038739
-0.4283258275837245,18.20062007094118,0.033788607745855015,-2.320485851589106,0.3419771372952237,5.057453719749846
-0.5173355426596541,18.14261368715099,0.015554678968652758,-2.3652313689084763,0.4027396725684503,5.023124573415069
-0.42303535954347404,18.206486939551777,0.03600270759171348,-2.320382158826135,0.3384521457021055,5.060567050600299
-0.5121451365638796,18.14858638818352,0.01781115773264147,-2.365048814484631,0.39924008566982444,5.026307868069727
-0.41775321687092204,18.212350385033538,0.038214533409290485,-2.3202809951899726,0.33493284168616144,5.063678323710374
-0.5069627184888637,18.154555451701093,0.020065053955691636,-2.3648689227912607,0.39574604144034325,5.0294889307741775
-0.41247946871502206,18.218210464540935,0.04042405268832511,-2.3201823278601417,0.3314192745269538,5.066787578341149
-0.5017883569721661,18.160520932247643,0.022316334781739833,-2.3646916634726307,0.39225758998551874,5.032667799338
-0.40721418370693885,18.224067235279332,0.04263123301278521,-2.320086123966909,0.32791149312015005,5.069894853781484
-0.49662212004671513,18.166482884426987,0.024564967460008524,-2.3645170061129717,0.38877478103457697,5.035844511605619
-0.40195742995921535,18.22992075450009,0.04483604206268388,-2.319992350594527,0.3244095459767237,5.073000189344481
-0.4914640752360958,18.172441362897622,0.02681091934438895,-2.364344920239915,0.3852976639388683,5.039019105452634
-0.3967092750626118,18.235771079495137,0.04703844761456871,-2.31990097478456,0.32091348122188673,5.076103624364025
-0.48631428955372125,18.178396422367847,0.029054157895489596,-2.364175375327417,0.3818262876707415,5.042191618782596
-0.39146978608350214,18.241618267591996,0.049238417541983936,-2.3198119635392414,0.3174233465936816,5.0792051981911595
-0.48117282950114837,18.184348117590805,0.03129465068206966,-2.364008340798953,0.378360700822553,5.045362089523465
-0.38623902956248934,18.24746237614861,0.0514359198170517,-2.3197252838246003,0.31393918944237464,5.0823049501907285
-0.47603976106296764,18.190296503359317,0.03353236538004256,-2.3638437860307318,0.3749009516049084,5.048530555624193
-0.3810170715119351,18.253303462547976,0.053630922511555434,-2.3196409025740317,0.31046105672926394,5.085402919737649
-0.47091514970763004,18.196241634501188,0.03576726977558553,-2.3636816803546785,0.37144708784610503,5.051697055051312
-0.3758039774131908,18.259141584193344,0.05582339379691459,-2.319558786691239,0.3069889950256895,5.088499146213653
-0.4657990603830937,18.20218356587395,0.03799933176481585,-2.3635219930617506,0.36799915699057417,5.054861625785407
-0.37059981221496563,18.264976798502737,0.05801330194601395,-2.3194789030537732,0.30352305051200235,5.091593669003574
-0.460691557515308,18.208122352359986,0.04022851935523636,-2.3633646934048715,0.3645572060978577,5.058024305817866
-0.36540464033062736,18.270809162903948,0.06020061533353804,-2.3194012185162367,0.3000632689765733,5.094686527491892
-0.4555927050058609,18.214058048861585,0.04245480066663582,-2.3632097506021523,0.3611212818413842,5.061185133147304
-0.3602185256364385,18.276638734829376,0.06238530243726814,-2.319325699913493,0.2966096958150989,5.097777761059277
-0.4505025662291112,18.21999071029589,0.04467814393167513,-2.363057133840072,0.3576914305074894,5.064344145776094
-0.3550415314688322,18.282465571710834,0.06456733183862312,-2.3192523140639674,0.29316237602928785,5.100867409079069
-0.44542120403102015,18.225920391590005,0.04689851749762125,-2.3629068122763948,0.35426769799420116,5.0675013817071255
-0.349873720622749,18.28828973097451,0.06674667222388936,-2.319181027772922,0.28972135422624856,5.103955510913705
-0.4403486807257885,18.231847147675886,0.04911588982660442,-2.3627587550434614,0.35085012981020336,5.070656878940233
-0.34471515534899566,18.294111270035636,0.06892329238495909,-2.3191118078357067,0.28628667461736046,5.107042105911297
-0.43528505809435214,18.23777103348575,0.05133022949679855,-2.362612931251052,0.34743877107379284,5.073810675468884
-0.339565897353197,18.29993024629377,0.07109716122075499,-2.3190446210407463,0.28285838101783156,5.110127233402269
-0.4302303973813887,18.243692103946472,0.05354150520341494,-2.362469309989852,0.3440336665116473,5.076962809276587
-0.3344260077914075,18.305746717127043,0.07326824773692381,-2.31897943417337,0.2794365168451358,5.113210932695419
-0.4251847592947161,18.249610413975418,0.05574968576021133,-2.3623278603339593,0.3406348604581656,5.080113318333845
-0.32929554727041,18.311560739887778,0.07543652104802401,-2.318916214018197,0.2760211251187913,5.1162932430751145
-0.4201482040009096,18.255526018474853,0.05795474009934748,-2.362188551344582,0.3372423968541066,5.0832622405942605
-0.3241745758444009,18.31737237189676,0.07760195037811768,-2.3188549273630943,0.2726122484592669,5.119374203797187
-0.41512079112460876,18.2614389723273,0.06015663727327769,-2.3620513520726583,0.3338563192456263,5.0864096139915596
-0.31906315301251553,18.323181670438444,0.07976450506103525,-2.31879554100195,0.269209929087041,5.122453854085842
-0.4101025797457978,18.267349330390665,0.06235534645525659,-2.3619162315620796,0.3304766707834583,5.089555476435963
-0.3139613377177165,18.328988692755914,0.0819241545421247,-2.3187380217379903,0.2658142088221144,5.125532233130039
-0.4050936283971751,18.273257147493062,0.0645508369401957,-2.361783158852779,0.327103494221635,5.092699865810865
-0.3088691883442205,18.334793496045506,0.08408086837905598,-2.3186823363870115,0.26242512908292326,5.128609380080062
-0.40009399506339205,18.27916247842816,0.06674307814647507,-2.361652102983657,0.32373683191691266,5.095842819969455
-0.3037867627147153,18.340596137452067,0.0862346162417642,-2.318628451780418,0.2590427308857004,5.131685334044107
-0.3951037371774223,18.28506537795012,0.06893203961594344,-2.361523032995695,0.32037672582750465,5.098984376731334
-0.29871411808966897,18.346396674063673,0.0883853679148392,-2.3185763347685358,0.25566705484361596,5.1347601340847415
-0.39012291161912593,18.290965900768775,0.07111769101534901,-2.3613959179349457,0.31702321751232737,5.102124573879122
-0.29365131116444676,18.352195162906686,0.09053309329758547,-2.3185259522236485,0.2522981411663332,5.137833819215553
-0.38515157471272365,18.296864101544642,0.07330000213714241,-2.3612707268555786,0.3136763481298884,5.105263449155119
-0.2885983980667517,18.357991660940566,0.09267776240469172,-2.318477271043227,0.24893602965866113,5.140906428397653
-0.3801897822252863,18.30276003488419,0.07547894290077459,-2.3611474288228207,0.3103361584375508,5.108401040257937
-0.283555434356185,18.363786225053047,0.09481934536830999,-2.318430258152934,0.24558075972063576,5.143978000536339
-0.3752375893634079,18.308653755334856,0.07765448335285796,-2.3610259929160478,0.3070026887905032,5.111537384839102
-0.2785224750202945,18.36957891205493,0.09695781243752433,-2.3183848805099285,0.24223237034605638,5.147048574477509
-0.37029505077328073,18.3145453173802,0.07982659366982744,-2.360906388231625,0.30367597914109634,5.114672520499845
-0.27349957447402784,18.37536977867514,0.09909313398046049,-2.3183411051057776,0.23889090012215453,5.150118189004449
-0.365362220535566,18.320434775435068,0.08199524415656262,-2.360788583886125,0.30035606903763357,5.117806484787495
-0.2684867865568148,18.381158881555674,0.1012252804845381,-2.3182988989697395,0.23555638722901073,5.153186882834246
-0.36043915216621336,18.326322183840908,0.08416040524951124,-2.3606725490189104,0.2970429976237986,5.120939315192532
-0.26348416453131485,18.386946277246828,0.10335422255779736,-2.318258229171615,0.23222886943865895,5.156254694614572
-0.3555258986120525,18.332207596860503,0.08632204751624056,-2.360558252795571,0.2937368036374908,5.124071049144856
-0.2584917610801828,18.392732022201752,0.10547993092927477,-2.318219062825164,0.2289083841143239,5.159321662920062
-0.3506225122501839,18.338091068673574,0.0884801416572174,-2.360445664410513,0.2904375254103514,5.127201724010736
-0.2535096283050383,18.398516172771885,0.10760237645034837,-2.318181367090871,0.2255949682100259,5.162387826249148
-0.3457290448862016,18.34397265337208,0.09063465850692703,-2.3603347530898495,0.28714520086681683,5.130331377089507
-0.24853781772523387,18.404298785202116,0.10972153009618135,-2.318145109178955,0.22228865826997368,5.165453223020665
-0.34084554774890585,18.349852404954774,0.09278556903292665,-2.3602254880947644,0.28385986752288367,5.133460045610017
-0.2435763802737122,18.410079915625193,0.11183736296555147,-2.3181102563527993,0.21898949042753968,5.168517891570305
-0.33597207149371555,18.35573037732318,0.09493284434044019,-2.360117838723845,0.2805815624860565,5.136587766727699
-0.23862536629664566,18.415859620057567,0.1139498462822634,-2.318076775931538,0.21569750040503788,5.171581870147452
-0.3311086661956978,18.361606624276355,0.09707645566991713,-2.360011774316402,0.27731032245388854,5.1397145775209925
-0.23368482555132442,18.421637954393976,0.1160589513965932,-2.318044635293243,0.2124127235129898,5.174645196911846
-0.3262553813490019,18.36748119950622,0.0992163743991365,-2.359907264255273,0.2740461837133542,5.142840514988155
-0.2287548072035379,18.42741497440264,0.11816464978553362,-2.3180138018780414,0.20913519464927577,5.177707909930062
-0.32141226586681326,18.373354156593056,0.10135257204551973,-2.3598042779694515,0.2707891821404743,5.145965616044161
-0.22383535982610492,18.43319073572064,0.12026691305387233,-2.3179842431908226,0.20586494829890245,5.180770047172425
-0.3165793680764468,18.379225549000417,0.10348502026523348,-2.359702784937365,0.26753935319898203,5.149089917517131
-0.21892653139658602,18.438965293848643,0.12236571293528425,-2.3179559268045336,0.20260201853315507,5.183831646509459
-0.3117567357185854,18.385095430070667,0.1056136908549409,-2.3596027546893317,0.26429673193966996,5.152213456145455
-0.21402836929600522,18.44473870414632,0.12446102129357572,-2.3179288203628716,0.1993464390092492,5.186892745708793
-0.3069444159459347,18.3909638530204,0.10773855575322977,-2.359504156810578,0.2610613530000686,5.155336268574283
-0.20914092030605058,18.45051102182761,0.1265528101227728,-2.317902891583245,0.1960982429694652,5.18995338243181
-0.3021424553194334,18.396830870935226,0.10985958704071314,-2.359406960944227,0.25783325060310935,5.158458391352345
-0.20426423060736743,18.4562823019554,0.1286410515488185,-2.3178781082599977,0.19285746324070951,5.193013594230222
-0.29735089980832075,18.402696536765852,0.11197675694200304,-2.3593111367936848,0.25461245855677894,5.16157986092894
-0.19939834577812499,18.4620525994374,0.13072571783021067,-2.3178544382668655,0.18962413223413244,5.196073418543059
-0.2925697947860184,18.40856090332283,0.11409003782558835,-2.3592166541258814,0.2513990102532121,5.1647007136504595
-0.19454331079163423,18.467821969020815,0.13280678135917426,-2.3178318495602426,0.18639828194424557,5.199132892693207
-0.2877991850297158,18.414424023272154,0.11619940220588024,-2.359123482773827,0.24819293866797199,5.167820985757364
-0.18969917001403425,18.473590465287778,0.13488421466202152,-2.3178103101819767,0.18317994394853565,5.202192053884177
-0.283039114717462,18.420285949130754,0.11830482274343646,-2.359031592639371,0.24499427635940862,5.170940713380993
-0.18486596720358628,18.47935814265069,0.13695799040110407,-2.3177897882620595,0.17996914940701403,5.205250939197052
-0.27828962742662666,18.426146733261714,0.12040627224647277,-2.3589409536960684,0.24180305546784986,5.174059932540347
-0.18004374550739266,18.48512505534732,0.13902808137473407,-2.3177702520217425,0.17676592906157995,5.208309585587027
-0.27355076613180385,18.432006427869897,0.12250372367161477,-2.35885153599179,0.23861930771494733,5.177178679138996
-0.1752325474604346,18.49089125743631,0.14109446051877417,-2.317751669776142,0.17357031323557182,5.211368029880386
-0.26882257320271996,18.437865084997057,0.12459715012513875,-2.3587633096516125,0.23544306440296925,5.180296988961907
-0.17043241498288808,18.49665680279212,0.1431571009072647,-2.3177340099372663,0.170382331832865,5.214426308771203
-0.2641050904017245,18.443722756517655,0.1266865248632241,-2.3586762448804452,0.2322743564140597,5.183414897672245
-0.16564338937878975,18.502421745100726,0.14521597575353531,-2.317717241016692,0.16720201433793802,5.217484458818179
-0.2593983588831149,18.449579494134124,0.12877182129422585,-2.3585903119656977,0.22911321420960618,5.186532440808403
-0.16086551133416283,18.50818613785474,0.1472710584114042,-2.317701331628375,0.16402938981496873,5.22054251644153
-0.2547024191901176,18.455435349372568,0.13085301297866708,-2.358505481279937,0.22595966782951116,5.189649653780848
-0.15609882091454552,18.513950034348987,0.1493223223754336,-2.317686250491417,0.1608644869074447,5.223600517919751
-0.25001731125243665,18.461290373577878,0.13293007363024464,-2.3584217232838336,0.22281374689145517,5.192766571868856
-0.15134335756377315,18.51971348767552,0.1513697412829144,-2.317671966432865,0.15770733383755609,5.226658499386589
-0.2453430743856494,18.467144617909753,0.13500297711751238,-2.358339008528404,0.21967548059033837,5.195883230217752
-0.14659916010092167,18.525476550719457,0.1534132889133287,-2.3176584483904885,0.15455795840574693,5.229716496827692
-0.2406797472885266,18.472998133337917,0.13707169746465342,-2.3582573076579667,0.21654489769747198,5.1989996638355835
-0.14186626672025016,18.531239276154093,0.1554529391912985,-2.317645665415366,0.15141638799035262,5.232774546077788
-0.23602736804081037,18.478850970637968,0.13913620885203612,-2.3581765914125428,0.21342202656009568,5.202115907590241
-0.13714471498780256,18.53700171643662,0.15748866618593857,-2.3176335866746705,0.14828264954691628,5.235832682817378
-0.23138597410108075,18.48470318038657,0.1411964856175058,-2.35809683063074,0.21030689510038414,5.2052319962062725
-0.13243454183964865,18.542763923803225,0.15952044411239033,-2.317622181454453,0.14515676960757107,5.238890942569718
-0.22675560230599923,18.490554812957505,0.14325250225797284,-2.358017996252069,0.20719953081517828,5.2083479642619945
-0.12773578358006943,18.54852595026494,0.1615482473324225,-2.3176114191621826,0.14203877428084088,5.2419493606977285
-0.22213628886685222,18.49640591851705,0.14530423342950108,-2.357940059319654,0.20409996077491688,5.211463846186446
-0.12304847588075718,18.554287847602975,0.16357205035663896,-2.3176012693294075,0.1389286892509899,5.245007972401032
-0.21752806936761915,18.502256547019723,0.14735165394829897,-2.3578629909828863,0.2010082116232247,5.2145796762562515
-0.11837265377719142,18.560049667364304,0.16559182784388216,-2.317591701614532,0.1358265397775441,5.248066812712738
-0.21293097876462275,18.508106748204,0.1493947387930207,-2.357786762499688,0.19792430957625828,5.217695488592969
-0.1137083516679731,18.565811460857244,0.16760755460323734,-2.317582685805273,0.13273235069477995,5.251125916496584
-0.20834505138307502,18.513956571587865,0.15143346310473757,-2.357711345239384,0.1948482804219276,5.220811317159793
-0.10905560331132591,18.571573279146907,0.1696192055937978,-2.317574191821392,0.1296461464111045,5.254185318443846
-0.203770320915045,18.51980606646474,0.1534678021877732,-2.357636710684926,0.19178014951919742,5.223927195758844
-0.10441444182592852,18.57733517305101,0.17162675592783447,-2.317566189717231,0.1265679509088854,5.25724505307033
-0.19920682041818683,18.5256552818991,0.15549773151140642,-2.3575628304356253,0.1887199417976363,5.22704315802803
-0.09978489968649584,18.583097193135362,0.17363018086971463,-2.317558649684205,0.12349778774369757,5.260305154713525
-0.19465458231360377,18.531504266722454,0.1575232267106105,-2.3574896762093167,0.18566768175660842,5.230159237438425
-0.0951670087230354,18.588859389709718,0.17562945583773162,-2.3175515420534705,0.12043568004389571,5.263365657529453
-0.19011363838355666,18.537353069528816,0.15954426358714194,-2.357417219845219,0.18262339346464362,5.23327546729102
-0.09056080011842549,18.59462181282316,0.1776245564049356,-2.317544837298346,0.11738165051007665,5.2664265954899445
-0.18558401976932304,18.54320173867069,0.16156081811029394,-2.3573454333061044,0.17958710055864957,5.236391880714116
-0.08596630440663877,18.60038451225993,0.17961545830013745,-2.3175385060370735,0.11433572141456938,5.269488002379398
-0.18106575696985183,18.54905032225494,0.1635728664184396,-2.35727428868086,0.1765588262435026,5.239508510660275
-0.08138355147119336,18.606147537535232,0.18160213740913564,-2.3175325190349954,0.11129791460108218,5.272549911792206
-0.17655887983912966,18.554898868138753,0.16558038481948958,-2.3572037581867287,0.17353859329116883,5.24262538990364
-0.07681257054297297,18.61191093789101,0.18358456977547546,-2.3175268472071426,0.10826825148401464,5.275612357129715
-0.1720634175848228,18.560747423925385,0.16758334979256234,-2.357133814171871,0.1705264240403146,5.245742551036966
-0.07225339019818411,18.61767476229165,0.18556273160142608,-2.317521461620751,0.10524675304814513,5.278675371597332
-0.1675793987658466,18.566596036960075,0.16958173798868967,-2.3570644291176825,0.16752234039526614,5.248860026468874
-0.06770603835607858,18.623439059419752,0.1875365992487031,-2.317516333497747,0.10223343984783884,5.281738988201624
-0.16310685129000768,18.572444754325975,0.17157552623160707,-2.3569955756411973,0.16452636382552188,5.251977848421005
-0.06317054227759233,18.629203877671955,0.18950614924000225,-2.3175114342170327,0.0992283320067544,5.2848032397476254
-0.15864580241241022,18.578293622840295,0.17356469151897505,-2.356927226497359,0.1615385153651584,5.255096048925243
-0.05864692856415599,18.634969265154965,0.1914713582604775,-2.3175067353169334,0.09623144921740334,5.287868158835909
-0.15419627873391573,18.584142689050204,0.17554921102388765,-2.3568593545813274,0.15855881561212104,5.25821465982103
-0.05413522315338026,18.64073526968133,0.19343220315676693,-2.3175022084976082,0.0932428107403428,5.2909337778597925
-0.1497583061983152,18.58999199922873,0.17752906209537633,-2.356791932930907,0.1555872847275147,5.261333712752495
-0.04963545131955671,18.646501938765283,0.19538866094025822,-2.317497825623416,0.09026243540385681,5.294000129002576
-0.14533191009066937,18.59584159937107,0.1795042222595473,-2.3567249347286237,0.15262394243491284,5.264453239165886
-0.0451476376706903,18.652269319618906,0.19734070878697466,-2.317493558725198,0.0872903416035008,5.297067244234775
-0.1409171150348164,18.60169153519027,0.18147466922058228,-2.3566583333043565,0.14966880801962124,5.267573270306591
-0.04067180614559818,18.658037459147696,0.19928832403813496,-2.317489380002776,0.0843265473011987,5.300135155311284
-0.13651394499288638,18.60754185211403,0.18344038086246356,-2.3565921021369647,0.14672190032826538,5.270693837216888
-0.03620798001456382,18.66380640394729,0.20123148420279172,-2.317485261826855,0.0813710700253818,5.303203893768886
-0.13212242326131585,18.61339259527998,0.18540133524915986,-2.35652621485723,0.14378323776784319,5.2738149707327855
-0.031756181874017075,18.66957620029863,0.203170166956735,-2.3174811767418304,0.07842392686956612,5.306273490923236
-0.12774257246947995,18.61924380953238,0.1873575106258045,-2.3564606452496166,0.14085283830500106,5.276936701481677
-0.02731643364748737,18.67534689416457,0.2051043501455598,-2.3174770974677426,0.07548513449255467,5.309343977866331
-0.12337441457859899,18.625095539418222,0.18930888542058064,-2.356395367254592,0.13793071946559288,5.280059059879599
-0.022888756581579628,18.681118531185845,0.2070340117839749,-2.3174729969024903,0.07255470911749062,5.3124153854639085
-0.11901797087776966,18.630947829183416,0.19125543824428382,-2.3563303549707877,0.13501689833364738,5.283182076128625
-0.018473171245688036,18.686891156677174,0.20895913005839525,-2.3174688481242143,0.06963266653153088,5.315487744352619
-0.11467326198400507,18.636800722768875,0.19319714789318987,-2.3562655826572136,0.1321113915509341,5.286305780214283
-0.014069697527960834,18.692664815623274,0.21087968332624643,-2.3174646243934993,0.06671902208485903,5.3185610849374605
-0.11034030783889426,18.642654263807035,0.19513399334891096,-2.356201024735301,0.12921421531623567,5.289430201902977
-0.009678354634807373,18.698439552675232,0.21279565011816118,-2.317460299155454,0.06381379069059101,5.321635437389192
-0.10601912770701016,18.648508495618227,0.19706595377980993,-2.3561366557909653,0.1263253853845009,5.292555370739457
-0.005299161089376447,18.704215412146795,0.21470700913934107,-2.317455846041739,0.060916986824122166,5.324710831641857
-0.10170974017321621,18.654363461206543,0.1989930085419342,-2.3560724505769834,0.12344491706605898,5.295681316044159
-0.0009321347278019587,18.709992438010172,0.21661373926951916,-2.317451238873151,0.05802862452221269,5.3277872973899125
-0.09741216314090273,18.6602192032566,0.2009151371800337,-2.35600838401482,0.12057282522602919,5.298808066910795
0.0034227073017762955,18.71577067389266,0.2185158195645311,-2.317446451661371,0.05514871738262106,5.330864864085921
-0.09312641383079212,18.666075764129857,0.2028323194294317,-2.3559444311967286,0.11770912428364799,5.301935652203859
0.007765348541634909,18.721550163072887,0.22041322925707282,-2.3174414586112255,0.05227727856349129,5.333943560937884
-0.0888525087778178,18.67193318586109,0.20474453521623623,-2.3558805673877536,0.11485382821146328,5.305064100556151
0.012095773225772044,18.72733094847718,0.2223059477583707,-2.3174362341225816,0.04941432078280006,5.337023416906926
-0.08459046382882573,18.67779151015466,0.2066517646584259,-2.3558167680278936,0.11200695053439991,5.308193440366233
0.016413966282510906,18.733113072675756,0.22419395465889333,-2.3174307527927094,0.046559856317596404,5.340104460704511
-0.08034029414119992,18.683650778381054,0.20855398806746558,-2.35575300873406,0.10916850432923475,5.311323699796003
0.020719913336895823,18.73889657787919,0.22607722972903263,-2.317424989418118,0.04371389700341022,5.343186720790203
-0.07610201418067142,18.689511031573428,0.21045118594934362,-2.3556892653019585,0.10633850222374763,5.314454906768423
0.02501360071294778,18.74468150593479,0.22795575292001635,-2.317418918996703,0.04087645423348585,5.34627022536907
-0.07187563771817873,18.695372310424254,0.21234333900476332,-2.355625513708132,0.10351695639584413,5.317587088964915
0.029295015433507432,18.750467898323276,0.22982950436676547,-2.3174125167295476,0.038047538958617344,5.349355002389401
-0.0676611778291093,18.701234655281652,0.21423042813153179,-2.3555617301119525,0.10070387857293417,5.320720273823084
0.03356414522582485,18.75625579615489,0.23169846438615996,-2.31740575802315,0.03522716168572426,5.352441079540161
-0.0634586468906092,18.707098106146343,0.21611243442496214,-2.3554978908572695,0.09789928003114101,5.323854488534515
0.037820978520332504,18.76204524016638,0.2335626134806271,-2.31739861849112,0.03241533247803374,5.355528484248719
-0.05926805657935719,18.71296270266796,0.21798933917916982,-2.3554339724746978,0.09510317159434245,5.326989760042117
0.04206550445579671,18.76783627071712,0.2354219323369302,-2.317391073956377,0.02961206095353852,5.358617243678379
-0.05508941786892352,18.71882848414175,0.21986112388778453,-2.3553699516833193,0.09231556363354865,5.330126115038015
0.046297712878259345,18.773628927785847,0.23727640182988918,-2.3173831004529175,0.026817356285026128,5.361707384726116
-0.05092274102881911,18.724695489505596,0.22172777024575985,-2.355305805392342,0.08953646606590415,5.333263579961361
0.050517594346334294,18.779423250967447,0.2391260030204538,-2.3173746742277213,0.024031227198907046,5.3647989340201825
-0.046768035620828985,18.730563757336316,0.22358926014967903,-2.355241510703375,0.08676588835395416,5.336402180995736
0.05472514013025087,18.785219279469334,0.24097071715984913,-2.3173657717425904,0.021253681974825245,5.367891917917984
-0.042625310497798274,18.73643332584662,0.22544557569945425,-2.3551770449119487,0.08400383950468837,5.339541944067172
0.058920342217856136,18.791017052108195,0.24281052568710204,-2.3173563696762693,0.01848472844450788,5.370986362503439
-0.038494573801798104,18.742304232882102,0.22729669919964798,-2.35511238550923,0.08125032806907007,5.342682894841944
0.0631031933116395,18.79681660730697,0.2446454102344779,-2.3173464449258083,0.015724373991666818,5.374082293585191
-0.03437583296000213,18.748176515917674,0.22914261315931186,-2.355047510184179,0.07850536214054415,5.345825058724095
0.06727368683612212,18.802617983091185,0.24647535262428877,-2.3173359746087825,0.012972625550451089,5.377179736694029
-0.030269094685197118,18.754050212054686,0.23098330029514916,-2.3549823968249703,0.07576894935485778,5.3489684608535395
0.0714318169373811,18.80842121708598,0.2483003348721471,-2.317324936065018,0.010229489605304565,5.380278717080709
-0.026174364971004893,18.759925358017938,0.23281874353051085,-2.3549170235207755,0.07304109688856797,5.352113126103807
0.07557757848366542,18.81422634651308,0.2501203391892975,-2.317313306857989,0.007494972190189686,5.383379259714088
-0.0220916490911498,18.76580199015216,0.23464892599804185,-2.354851368563722,0.07032181145851368,5.355259079079804
0.0797109670717564,18.82003340818718,0.2519353479804504,-2.317301064777158,0.004769078887195799,5.386481389278489
-0.018020951596750878,18.771680144419545,0.23647383104006434,-2.35478541045027,0.06761109932091414,5.358406344115839
0.0838319790258597,18.82584243851336,0.253745343847347,-2.317288187839203,0.0020518148264105918,5.389585130171913
-0.013962276314403388,18.77755985639624,0.23829344221037452,-2.35471912788309,0.06490896627023046,5.361554945273529
0.08794061140126708,18.831653473483577,0.25555030958899716,-2.317274654290009,-0.000656815315279613,5.392690506503762
-0.00991562634288945,18.78344116126968,0.2401077432743284,-2.3546524997727474,0.06221541763838845,5.364704906339541
0.09203686198597727,18.837466548673852,0.25735022820311615,-2.3172604426062433,-0.003356807314906729,5.395797542092781
-0.0058810040519730045,18.789324093835546,0.24191671821092434,-2.3545855052391906,0.059530458293833965,5.367856250823768
0.09612072930360638,18.843281699241228,0.25914508288668214,-2.317245531497044,-0.006048157404269894,5.398906260464968
-0.0018584110797721376,18.795208688494874,0.24372035121371183,-2.354518123613436,0.05685409264049879,5.371009001957235
0.10019221261499012,18.849098959920738,0.2609348570376874,-2.3172298999056387,-0.008730862270739492,5.402016684851562
0.0021521516698892462,18.80109497925119,0.24551862669165317,-2.354450334439222,0.05418632461691497,5.374163182690021
0.10425131192087744,18.854918365022517,0.262719534255839,-2.317213527010978,-0.011404919058265572,5.405128838186995
0.006150684029759379,18.80698299970764,0.24731152927035366,-2.354382117474553,0.051527157695232195,5.3773188156893275
0.10829802796417232,18.860739948428815,0.26449909834382,-2.3171963922293504,-0.01407032536819608,5.40824274310689
0.010137186570934764,18.81287278306435,0.24909904379352638,-2.354313452693129,0.048876594880190805,5.380475923337595
0.11233236223225851,18.86656374359135,0.26627353330816794,-2.3171784752158864,-0.016727079260094646,5.411358421946076
0.01411166060556357,18.818764362115353,0.25088115532414906,-2.354244320286115,0.04623463870811473,5.38363452773045
0.11635431695919385,18.872389783528117,0.26804282336087076,-2.3171597558662658,-0.019375179252781205,5.41447589673662
0.01807410818978794,18.824657769246173,0.25265784914487754,-2.354174700663413,0.043601291245826235,5.386794650674929
0.12036389512860746,18.878218100820924,0.269806952919676,-2.317140214318085,-0.022014624325276344,5.417595189205931
0.022024532124939933,18.83055303643091,0.25442911076036834,-2.3541045744553952,0.04097655408986811,5.389956313687389
0.12436110047496785,18.8840487276124,0.27156590661039287,-2.3171198309524756,-0.024645413917652625,5.4207163207748215
0.02596293596109489,18.836450195229762,0.2561949258973468,-2.3540339225141285,0.038360428365166954,5.393119537991886
0.12834593748664624,18.88988169560347,0.2733196692672429,-2.317098586395499,-0.02726754793191044,5.42383931255567
0.02988932399889932,18.842349276786212,0.2579552805063997,-2.3539627259149936,0.0357529147240182,5.396284344518207
0.13231841140904765,18.89571703605045,0.27506822593350166,-2.317076461519778,-0.0298810267333679,5.426964185350438
0.033803701291888366,18.848250311824554,0.25971016076315895,-2.3538909659580716,0.03315401334521484,5.399450753900052
0.13627852824494746,18.901554779762556,0.276811561864372,-2.3170534374457272,-0.03248585115110114,5.430090959649042
0.037706073649450556,18.854153330647286,0.26145955306905566,-2.353818624169591,0.03056372393271456,5.4026187864732185
0.140226294759763,18.907394957099175,0.2785496625256302,-2.3170294955432333,-0.035082022479487884,5.433219655627269
0.0415964476384143,18.860058363132648,0.26320344405320795,-2.353745682303194,0.027982045714672554,5.405788462273982
0.1441617184810262,18.91323759796738,0.28028251359735584,-2.317004617432793,-0.037669542478777074,5.436350293145269
0.04547483058706159,18.86596543873202,0.26494182057237914,-2.353672122341519,0.025408977442206493,5.408959801037094
0.14808480770295873,18.91908273181928,0.28201010097327583,-2.3169787849870818,-0.04024841337651097,5.439482891745614
0.04934123058548101,18.871874586467637,0.2666746697138178,-2.3535979264972795,0.02284451738850468,5.412132822194371
0.15199557148837606,18.924930387649624,0.2837324107623013,-2.3169519803322998,-0.04281863786838691,5.442617470651545
0.053195656489864906,18.877785834930016,0.2684019787950711,-2.353523077214816,0.020288663347309055,5.415307544872756
0.15589401967063232,18.930780593993216,0.28544942929027384,-2.316924185849453,-0.04538021911932466,5.44575404876534
0.05703811792436242,18.883699212275687,0.27012373536565093,-2.353447557171272,0.0177414126320532,5.418483987892771
0.15978016285607155,18.936633378922572,0.2871611431010742,-2.3168953841756523,-0.047933160764605964,5.448892644666642
0.06086862528340853,18.88961474622483,0.2718399272083832,-2.3533713492779396,0.015202762074565501,5.421662169766807
0.16365401242811572,18.9424887700455,0.2888675389563974,-2.3168655582054827,-0.0504774669111514,5.452033276610691
0.0646871897340372,18.895532464058924,0.2735505423408392,-2.353294436681479,0.012672708023952595,5.4248421086975664
0.16751558054757676,18.948346794502683,0.2905686038389387,-2.3168346910922137,-0.053013142138332525,5.455175962526783
0.0684938232199438,18.90145239261849,0.27525556901531156,-2.35321680276527,0.01015124634512199,5.428023822576334
0.17136488015689988,18.954207478965394,0.29226432495204724,-2.3168027662491677,-0.05554019149941192,5.4583207200165305
0.07228853846166083,18.90737455830093,0.27695499572189297,-2.3531384311504366,0.007638372417932082,5.431207328981615
0.17520192498215093,18.960070849633233,0.29395468972133176,-2.316769767350775,-0.058058620522600135,5.4614675663524235
0.07607134896171042,18.913298987058077,0.2786488111877992,-2.3530593056973443,0.005134081135598989,5.434392645177308
0.1790267295349759,18.96593693223171,0.29563968579659106,-2.316735678334015,-0.06056843521221,5.4646165184760855
0.07984226900539182,18.919225704394403,0.2803370043797774,-2.3529794105064528,0.0026383669036391666,5.4375797881114565
0.18283930911681567,18.971805752010297,0.29731930105129,-2.3167004833994445,-0.06306964204998144,5.467767592996818
0.08360131366343193,18.92515473536467,0.28201956450546617,-2.352898729919673,0.0001512236386470578,5.440768774414564
0.18663967981923124,18.977677333740097,0.2989935235859035,-2.3166641670122776,-0.065562247996092,5.4709208061902235
0.08734849879587991,18.931086104571936,0.28369648101351286,-2.3528172485214416,-0.002327355233215256,5.443959620398198
0.19042785852834754,18.983551701711768,0.30066234172744477,-2.3166267139037577,-0.0680462604905594,5.474076173996427
0.09108384105456313,18.937019836165156,0.28536774359520944,-2.35273495114003,-0.004797376777585849,5.447152342053412
0.19420386292762648,18.98942887973311,0.3023257440308421,-2.3165881090723075,-0.07052168745467413,5.477233712018725
0.09480735788341887,18.942955953837778,0.2870333421871699,-2.3526518228482294,-0.007258848552680441,5.450346955049589
0.19796771149902548,18.995308891127554,0.3039837192809349,-2.316548337784319,-0.07298853729192734,5.480393435522262
0.09851906752522288,18.948894480825164,0.28869326696970443,-2.352567848964957,-0.009711778611498745,5.453543474732625
0.20171942352688932,19.001191758731608,0.3056362564931121,-2.3165073855755947,-0.07544681888951055,5.483555359432415
0.10221898902075,18.954835439903015,0.2903475083706659,-2.3524830150558667,-0.012156175502454514,5.456741916123953
0.2054590191000737,19.007077504893182,0.30728334491470144,-2.316465238252209,-0.07789654161955772,5.486719498333491
0.10590714221262854,18.960778853385417,0.29199605706577125,-2.3523973069345496,-0.01459204827102123,5.459942293919
0.20918651911537745,19.01296615146957,0.30892497402560753,-2.3164218818915367,-0.08033771534068024,5.489885866467417
0.10958354774838452,18.966724743122885,0.29363890397967507,-2.3523107106635814,-0.017019406461157183,5.463144622485855
0.2129019452792449,19.01885771982551,0.3105611335404703,-2.3163773028433434,-0.0827703503989844,5.493054477732306
0.11324822708434112,18.972673130500365,0.2952760402863882,-2.352223212555638,-0.0194382601169677,5.466348915863886
0.21660532011165012,19.024752230831133,0.31219181340903696,-2.3163314877309302,-0.08519445762984024,5.496225345681039
0.11690120248567337,18.978624036435672,0.2969074574125517,-2.3521347991742294,-0.021848619783610634,5.4695551877626505
0.22029666694746708,19.030649704860316,0.3138170038184245,-2.3162844234518722,-0.08761004835889141,5.4993984835201815
0.12054249703100861,18.984577481377755,0.29853314703717015,-2.352045457334768,-0.024250496509092945,5.472763451560497
0.22397600994106892,19.03655016178891,0.31543669519267403,-2.3162360971790483,-0.09001713440382264,5.502573904108582
0.1241721346153617,18.99053348530481,0.3001531010928992,-2.35195517410551,-0.02664390184577925,5.475973720303371
0.22764337406798563,19.04245362099285,0.31705087819518596,-2.3161864963616625,-0.09241572807565324,5.505751619956117
0.12779013995155264,18.996492067722606,0.30176731176842536,-2.3518639368084546,-0.029028847851626294,5.479186006703638
0.23129878512722035,19.04836010134642,0.3186595437303321,-2.316135608726074,-0.09480584218000088,5.508931643222533
0.13139653857463407,19.002453247662878,0.3033757715083769,-2.351771733020296,-0.03140534709197218,5.482400323138814
0.23494226974535704,19.05426962122059,0.3202626829435622,-2.3160834222767503,-0.09718749001892424,5.512113985716196
0.13499135684478547,19.008417043681643,0.30497847301459946,-2.3516785505733098,-0.03377341264104039,5.485616681650378
0.23857385537928233,19.060182198481325,0.32186028722279814,-2.3160299252971783,-0.09956068539226959,5.515298658892872
0.13857462194705983,19.014383473857823,0.3065754092498537,-2.35158437755595,-0.0361330580829905,5.488835093942936
0.24219357031805844,19.066097850488095,0.3234523482004258,-2.3159751063505585,-0.10192544259903824,5.5184856738547134
0.14214636189929786,19.020352555791266,0.30816657343525156,-2.3514892023141476,-0.03848429751436755,5.492055571382654
0.24580144368698598,19.072016594091977,0.3250388577538249,-2.3159189542809173,-0.1042817764391839,5.521675041348949
0.14570660555119752,19.02632430660167,0.3097519590543785,-2.3513930134517524,-0.04082714554491207,5.495278124996476
0.2493975054488422,19.077938445634487,0.3266198080077549,-2.3158614582136066,-0.10662970221484902,5.5248667717669955
0.1492553825883408,19.03229874292694,0.31133155985374594,-2.351295799831408,-0.04316161729950674,5.49850276547104
0.2529817864100731,19.083863420945818,0.3281951913328869,-2.3158026075563276,-0.10896923573245354,5.528060875143192
0.1527927235354294,19.038275880921592,0.3129053698440257,-2.3511975505754954,-0.04548772841969717,5.5017295031515
0.2565543182201081,19.08979153534333,0.32976500035041023,-2.315742391999892,-0.11130039330376162,5.531257361153814
0.1563186597597398,19.04425573625551,0.31447338330072094,-2.3510982550667525,-0.047805495065583514,5.504958348040593
0.26011513337559933,19.095722803630274,0.3313292279319835,-2.315680801518888,-0.11362319174767044,5.534456239116064
0.15983322347315787,19.05023832411261,0.31603559476623977,-2.350997902948983,-0.05011493391710509,5.508189309797679
0.26366426522591013,19.10165724009428,0.3328878671988454,-2.3156178263724856,-0.11593764839230003,5.537657517987024
0.16333644773413902,19.056223659189452,0.3175919990520949,-2.3508964841278037,-0.05241606217572936,5.511422397737775
0.26720174797156093,19.107594858506083,0.3344409115271052,-2.3155534571050285,-0.11824378107576161,5.540861206362797
0.1668283664542971,19.06221175569378,0.3191425912373341,-2.3507939887715135,-0.05470889756669861,5.514657620830443
0.27072761667121736,19.11353567211798,0.33598835454567083,-2.315487684546973,-0.12054160814874582,5.5440673124773445
0.17030901439696544,19.068202627343656,0.32068736667325337,-2.3506904073113817,-0.05699345833986347,5.517894987699206
0.27424190724198505,19.11947969366291,0.33753019013962987,-2.315420499815251,-0.12283114847552457,5.547275844201781
0.1737784271846573,19.074196287365634,0.3222263209814855,-2.3505857304428344,-0.05926976327240574,5.5211345066202595
0.2777446564657384,19.12542693535264,0.3390664124491295,-2.3153518943143383,-0.12511242143638412,5.550486809043189
0.17723664129820516,19.080192748494166,0.3237594500581308,-2.350479949125598,-0.06153783166972071,5.524376185521941
0.281235901987794,19.1313774088771,0.34059701587410673,-2.3152818597364173,-0.12738544692851062,5.553700214144091
0.18068369408263552,19.086192022969925,0.3252867500731036,-2.3503730545847903,-0.06379768336775637,5.527620031983556
0.28471568232481326,19.137331125402692,0.3421219950717155,-2.315210388062499,-0.12965024536868575,5.556916066281186
0.18411962374870505,19.09219412253923,0.3268082174723611,-2.350265038310979,-0.06604933873445684,5.53086605323494
0.2881840368634052,19.143288095571727,0.3436413449611796,-2.3151374715624335,-0.13190683769423694,5.560134371864972
0.18754446937649738,19.0981990584524,0.3283238489792151,-2.350155892061271,-0.06829281867181114,5.534114256155339
0.2916410058674116,19.14924832950065,0.345155060721903,-2.3150631027961,-0.1341552453654299,5.563355136938478
0.1909582709196478,19.10420684146295,0.3298336415946136,-2.3500456078597143,-0.07052814461770984,5.53736464727268
0.2950866304779729,19.155211836779344,0.34666313779729596,-2.314987274613632,-0.13639549036707943,5.566578367176729
0.19436106920634033,19.110217481826684,0.3313375926001113,-2.3499341779976604,-0.07275533854746641,5.540617232763019
0.2985209527177439,19.161178626470083,0.34816557189506014,-2.3149099801559236,-0.13862759521029722,5.5698040678860075
0.19775290594466266,19.116230989300355,0.33283569955766334,-2.3498215950346215,-0.0749744229761562,5.543872018449547
0.30194401549569116,19.16714870710623,0.34966235898736653,-2.3148312128554274,-0.14085158293467248,5.573032244002905
0.20113382372305122,19.122247373141207,0.33432796031288653,-2.349707851798424,-0.07718542095989323,5.547129009802128
0.3053558626075278,19.173122086691677,0.3511534953142742,-2.314750966436289,-0.14306747710985057,5.576262900093887
0.20450386601826498,19.128266642105444,0.3358143729928962,-2.3495929413861,-0.07938835609859873,5.550388211936355
0.30875653874085973,19.179098772699465,0.3526389773837855,-2.3146692349152067,-0.14527530183762594,5.5794960403543294
0.20786307719209718,19.134288804448026,0.3372949360125095,-2.3494768571639346,-0.08158325253684384,5.553649629613163
0.3121460894787277,19.18507877207126,0.3541188019724503,-2.3145860126016085,-0.1474750817538919,5.582731668608006
0.21121150250048892,19.1403138679212,0.33876964807122356,-2.3493595927682462,-0.08377013496680219,5.5569132672380235
0.31552456130054796,19.191062091216207,0.35559296612916946,-2.3145012940982688,-0.14966684203032465,5.585969788306406
0.21454918809404278,19.146341839773868,0.34023850815667056,-2.3492411421058437,-0.08594902862968112,5.560179128860256
0.31889200158832554,19.197048736010014,0.3570614671738494,-2.3144150743017735,-0.15185060837679187,5.589210402528047
0.2178761810217602,19.15237272675099,0.3417015155454502,-2.349121499354166,-0.08811995931789718,5.563447218172669
0.3222484586282379,19.203038711794463,0.3585243027000872,-2.314327348402769,-0.15402640704304948,5.592453513977978
0.22119252923370614,19.158406535092602,0.3431586698051785,-2.3490006589619696,-0.09028295337677394,5.566717538510766
0.32559398161553244,19.20903202337632,0.35998147057531177,-2.314238111886547,-0.15619426482101384,5.595699124987058
0.2244982815848896,19.164443270533422,0.3446099707951583,-2.3488786156493724,-0.09243803770683012,5.56999009285245
0.3289286206543297,19.21502867502701,0.36143296894501326,-2.3141473605331053,-0.15835420904614794,5.598947237511645
0.22779348783994324,19.17048293830146,0.346055418667106,-2.3487553644087895,-0.09458523976607769,5.5732648838171475
0.3322524267662984,19.221028670481157,0.36287879622994307,-2.314055090418097,-0.16050626760059483,5.602197853132662
0.2310781986741759,19.176525543118142,0.34749501386787557,-2.34863090050469,-0.09672458757146152,5.57654191366565
0.33556545188932296,19.227032012936707,0.3643189511310182,-2.313961297912537,-0.16265046891423374,5.605450973055495
0.23435246567843115,19.182571089197136,0.34892875713997007,-2.3485052194743674,-0.09885610970144987,5.579821184299368
0.3388677488844032,19.2330387050537,0.36575343262802285,-2.313865979683557,-0.16478684196753646,5.608706598109233
0.23761634136174192,19.188619580244193,0.3503566495232257,-2.3483783171278962,-0.10097983529782328,5.5831026972601006
0.34215937153616316,19.239048748954154,0.3671822399832039,-2.3137691326944094,-0.1669154162930826,5.611964728746377
0.2408698791548276,19.194671019456056,0.35177869235647075,-2.348250189548793,-0.10309579406791425,5.586386453729423
0.3454403745590363,19.245062146220857,0.3686053727406393,-2.3136707542051482,-0.1690362219782161,5.615225365042162
0.2441131334151051,19.200725409520313,0.35319488727732967,-2.34812083309411,-0.10520401628695475,5.589672454528289
0.3487108135992846,19.251078897897337,0.3700228307285375,-2.3135708417725693,-0.17114928966696175,5.618488506694336
0.24734615942701532,19.20678275261489,0.35460523622618095,-2.3479902443946132,-0.10730453279968166,5.592960700116787
0.3519707452376334,19.25709900448723,0.371434614061411,-2.3134693932504957,-0.17325465056198786,5.621754153022763
0.2505690134085746,19.212843050407223,0.35600974144523134,-2.3478584203553328,-0.10939737502316405,5.596251190593552
0.35522022699572164,19.263122465953458,0.3728407231390836,-2.313366406790344,-0.1753523364274595,5.625022302968789
0.2537817525135275,19.218906304054105,0.35740840548079955,-2.347725358155608,-0.11148257494858327,5.599543925695491
0.35845931733638003,19.269149281718143,0.3742411586507055,-2.3132618808409897,-0.17744237959052034,5.6282929550951595
0.2569844348342297,19.224972514201422,0.35880123118509705,-2.3475910552491004,-0.11356016514345224,5.602838904797668
0.3616880756692782,19.275179450662176,0.3756359215741829,-2.3131558141490625,-0.1795248129439997,5.631566107585571
0.26017711940622834,19.231041680983257,0.3601882217171268,-2.3474555093645284,-0.1156301787539733,5.606136126912571
0.3649065623538351,19.281212971124447,0.3770250131785043,-2.3130482057593085,-0.18159966994861276,5.634841758244313
0.2633598662118225,19.23711380402204,0.36156938054367294,-2.347318718505334,-0.11769264950732294,5.6094355906902065
0.36811483870294626,19.287249840901897,0.3784084350246155,-2.312939055014605,-0.1836669846350394,5.638119904495983
0.26653273618220863,19.24318888242791,0.36294471144210866,-2.3471806809501663,-0.11974761171374448,5.612737294417638
0.3713129669863887,19.293290057248882,0.3797861889672311,-2.3128283615561664,-0.18572679160643113,5.641400543385274
0.2696957912035186,19.249266914798348,0.3643142184997715,-2.347041395253079,-0.12179510026906393,5.616041236018661
0.37450101043452,19.299333616876876,0.3811582771561636,-2.3127161253238366,-0.18777912604071056,5.6446836715765585
0.2728490941183419,19.255347899218272,0.3656779061168462,-2.346900860243386,-0.12383515065675743,5.619347413053805
0.3776790332428672,19.30538051595439,0.3825247020366302,-2.31260234655598,-0.18982402369291762,5.647969285353814
0.27599270872944914,19.26143183325943,0.3670357790079204,-2.3467590750260623,-0.12586779895035494,5.622655822719938
0.38084710057355076,19.311430750106506,0.38388546635290094,-2.3124870257897605,-0.19186152089730812,5.651257380620333
0.2791266998047258,19.267518713980458,0.3683878422021005,-2.346616038981659,-0.12789308181581882,5.6259664618501946
0.38400527856194444,19.31748431441482,0.38524057314681054,-2.3123701638611793,-0.19389165457019852,5.6545479528985085
0.2822511330794689,19.273608537926336,0.3697341010458127,-2.346471751766672,-0.1299110365138565,5.629279326913638
0.3871536343182854,19.323541203416934,0.3865900257613309,-2.3122517619053102,-0.19591446221206466,5.657840997329619
0.2853660752613131,19.2797013011285,0.3710745612029639,-2.3463262133133953,-0.13192170090240996,5.632594414015255
0.3902922359313681,19.329601411106587,0.3879338278417167,-2.3121318213561937,-0.19792998190986066,5.661136508673739
0.2884715940337895,19.28579699910463,0.3724092286565085,-2.3461794238301104,-0.13392511343902636,5.63591171889573
0.39342115247343,19.335664930933405,0.3892719833359827,-2.3120103439469935,-0.19993825233973206,5.664434481309544
0.2915677580580681,19.29189562685843,0.3737381097115369,-2.3460313838011033,-0.1359213131829382,5.63923123693141
0.39654045400448756,19.341731755802584,0.3906044964958759,-2.3118873317101527,-0.20193931276951405,5.667734909234095
0.2946546369785068,19.297997178879754,0.3750612109950741,-2.345882093986694,-0.13791033979784095,5.642552963134152
0.3996502115732776,19.347801878075128,0.3919313718806384,-2.311762786977111,-0.20393320306074325,5.671037786063027
0.29773230142654616,19.304101649144357,0.37637853945743605,-2.345731555423323,-0.13989223355426084,5.645876892151225
0.4027504972243915,19.353875289567544,0.39325261435552705,-2.311636712378696,-0.20591996367167698,5.674343105030049
0.30080082302388833,19.310209031113885,0.3776901023741795,-2.3455797694235714,-0.14186703533208078,5.649203018265267
0.40584138399850567,19.359951981551877,0.3945682290964502,-2.3115091108448578,-0.2078996356592584,5.677650858987219
0.30386027438580376,19.316319317735832,0.3789959073478444,-2.345426737576127,-0.14383478662280647,5.652531335394278
0.40892294594120226,19.366031944755484,0.3958782215869641,-2.3113799856049257,-0.20987226068246245,5.680961040404616
0.306910729125326,19.3224325014436,0.3802959623090723,-2.345272461745849,-0.14579552953210717,5.655861837091489
0.411995258102246,19.372115169361283,0.397182597623673,-2.3112493401874104,-0.2118378810040612,5.684273641370439
0.3099522618578455,19.32854857415641,0.38159027551744606,-2.3451169440737556,-0.14774930678259734,5.6591945165454
0.4150583965404919,19.378201645007614,0.3984813633168137,-2.3111171784199978,-0.2137965394933491,5.687588653591015
0.31298494820422296,19.33466752727957,0.38287885556333545,-2.3449601869768806,-0.14969616171615197,5.66252936657982
0.41811243832991063,19.384291360788392,0.39977452508962585,-2.3109835044295473,-0.21574827962907894,5.6909060683906905
0.3160088647930953,19.340789351704437,0.38416171137067806,-2.3448021931482583,-0.1516361382961523,5.665866379653902
0.42115746156062384,19.390384305253168,0.4010620896823868,-2.310848322641983,-0.21769314550162844,5.694225876711936
0.3190240892689369,19.346914037808244,0.38543885219515955,-2.344642965557138,-0.15356928111082002,5.669205547861981
0.42419354534543996,19.396480466406935,0.40234406415172363,-2.310711637782437,-0.2196311818159905,5.697548069115208
0.32203070028996184,19.353041575454682,0.386710287630205,-2.344482507448504,-0.15549563537483158,5.672546862933928
0.4272207698224667,19.402579831710568,0.40362045587288714,-2.3105734548749166,-0.22156243389420094,5.700872635779172
0.32502877753754444,19.3591719539937,0.38797602760411165,-2.3443208223432883,-0.15741524693267694,5.675890316234987
0.4302392161574732,19.408682388080887,0.40489127254275,-2.310433779242315,-0.22348694767776112,5.704199566500693
0.3280184017179898,19.365305162261663,0.3892360823832375,-2.344157914038321,-0.15932816226108082,5.679235898765848
0.43324896655210465,19.414788121890563,0.40615652217755355,-2.310292616506434,-0.22540476973096835,5.707528850694818
0.3309996545639051,19.371441188581706,0.39049046257542197,-2.343993786605986,-0.1612344284710866,5.6825836011629445
0.43625010424404687,19.420897018968503,0.4074162131176014,-2.310149972587799,-0.22731594724289927,5.710860477394907
0.3339726188442472,19.377580020763684,0.3917391791265747,-2.343828444394416,-0.16313409331177808,5.6859334136982955
0.43924271351145905,19.427009064600025,0.408670354028384,-2.3100058537054156,-0.22922052803037818,5.714194435252866
0.33693737836072235,19.38372164610474,0.3929822433280597,-2.3436618920270473,-0.16502720517158664,5.6892853262799115
0.4422268796799206,19.433124243526986,0.40991895389929295,-2.309860266376882,-0.23111856054089686,5.717530712538986
0.3398940179579001,19.38986605138905,0.39421966681345466,-2.3434941344028686,-0.1669138130820601,5.692639328451638
0.445202689122426,19.439242539947976,0.41116202204888425,-2.3097132174180732,-0.23301009385493177,5.720869297142349
0.34284262352427664,19.396013222888342,0.39545146156216515,-2.343325176696033,-0.16879396672009694,5.695995409393527
0.4481702292669427,19.445363937518536,0.4123995681230492,-2.3095647139432094,-0.23489517768904034,5.724210176570665
0.34578328199645136,19.40216314636224,0.3966776399007292,-2.343155024355768,-0.17066771641051437,5.699353557921895
0.45112958859775876,19.4514884193516,0.4136316020988118,-2.309414763364357,-0.2367738623984177,5.727553337950791
0.3487160813641338,19.408315807058337,0.39789821450353574,-2.342983683106327,-0.17253511312896874,5.702713762489439
0.45408085666187226,19.457615968017524,0.41485813428385077,-2.3092633733916528,-0.2386461989797365,5.730898768028502
0.35164111067209947,19.4144711897124,0.3991131983960771,-2.342811158946714,-0.17439620850458515,5.706076011185646
0.45702412407157467,19.463746565544323,0.4160791753193739,-2.3091105520330064,-0.24051223907401353,5.734246453168883
0.3545584600276789,19.4206292785491,0.4003226049532539,-2.3426374581505627,-0.1762510548228564,5.709440291736689
0.45995948250781094,19.469880193418437,0.4172947361818451,-2.3089563075936375,-0.24237203496903648,5.737596379356607
0.3574682206011671,19.426790057281707,0.40152644790427544,-2.3424625872660774,-0.1780997050280223,5.712806591505821
0.4628870247276424,19.476016832584268,0.4185048281820598,-2.3088006486765473,-0.24422563960287647,5.740948532195735
0.36037048463220445,19.432953509112924,0.40272474133186825,-2.342286553115663,-0.17994221272628985,5.716174897493579
0.4658068445650946,19.482156463445154,0.41970946296902223,-2.3086435841816653,-0.2460731065660855,5.744302896910367
0.36326534543210554,19.4391196167351,0.4039174996752686,-2.342109362795787,-0.1817786321880427,5.719545196338004
0.4687190369354983,19.48829906586352,0.42090865253138604,-2.3084851233059576,-0.24791449010461908,5.747659458344633
0.3661528973904674,19.445288362330224,0.40510473772984956,-2.3419310236770463,-0.18360901835137833,5.72291747431474
0.4716236978424242,19.49444461916088,0.42210240919669434,-2.3083252755433685,-0.24974984512314424,5.751018200962865
0.3690332359763757,19.451459727570963,0.4062864706505447,-2.341751543403489,-0.1854334268241219,5.726291717337551
0.47452092437844506,19.50059310211885,0.4232907456353757,-2.308164050684215,-0.2515792271872732,5.754379108850019
0.3719064577444319,19.457633693620323,0.40746271395221395,-2.3415709298929013,-0.187251913887154,5.7296679109582875
0.4774108147318711,19.5067444929788,0.42447367486050547,-2.308001458815394,-0.25340269252696057,5.757742165711732
0.37477266033811807,19.463810241132443,0.4086334835114688,-2.341389191336306,-0.18906453649705546,5.7330460403673555
0.4802934681895584,19.512898769442675,0.42565121023015684,-2.3078375103199678,-0.2552202980391619,5.761107354874626
0.37763194249428256,19.469989350252945,0.40979879556789794,-2.3412063361978026,-0.1908713522888974,5.736426090393901
0.4831689851418173,19.5190559086733,0.426823365448298,-2.307672215876863,-0.25703210129073384,5.764474659286661
0.380484404045877,19.47617100061921,0.41095866672680054,-2.3410223732143756,-0.19267241957905368,5.7398080455061535
0.48603746708605045,19.525215887294646,0.427990154566904,-2.3075055864608403,-0.2588381605213651,5.767844061517262
0.3833301459296298,19.482355171360787,0.4121131139577408,-2.3408373113957874,-0.1944677973683916,5.743191889811502
0.48889901663144897,19.53137868139234,0.42915159198692215,-2.3073376333420725,-0.2606385346465909,5.771215543757723
0.3861692701852738,19.488541841099916,0.41326215460008076,-2.340651160024068,-0.1962575453445592,5.746577607057169
0.4917537375031028,19.53754426651399,0.43030769245992817,-2.3071683680861446,-0.2624332832605283,5.774589087821285
0.38900187996427804,19.494730987951826,0.4144058063607665,-2.3404639286536044,-0.19804172388547225,5.749965180630115
0.49460173454581846,19.543712617669662,0.43145847108994906,-2.306997802553548,-0.26422246663899207,5.777964675143675
0.3918280795310023,19.500922589525153,0.4155440873183145,-2.3402756271107013,-0.19982039406163798,5.753354593557599
0.49744311372966876,19.549883709332157,0.43260394333389657,-2.3068259488996787,-0.2660061457425421,5.781342286783194
0.39464797426841214,19.50711662292241,0.41667701592307294,-2.3400862654934436,-0.20159361763959727,5.756745828507394
0.5002779821536721,19.55605751543753,0.4337441250035058,-2.3066528195745324,-0.2677843822192896,5.784721903421025
0.39746167068115046,19.513313064740473,0.41780461099958893,-2.339895854171377,-0.20336145708417053,5.760138867788111
0.5031064480482274,19.562234009385577,0.43487903226844093,-2.3064784273222627,-0.2695572384077234,5.788103505361742
0.4002692764008382,19.519511891070856,0.4189268917472961,-2.3397044037853707,-0.20512397556198758,5.763533693349508
0.5059286207822401,19.56841316404009,0.43600868165534723,-2.306302785181233,-0.27132477733999705,5.791487072533339
0.40307090019090275,19.52571307750012,0.42004387774157464,-2.339511925247402,-0.20688123694428984,5.766930286782766
0.5087446108664215,19.57459495172929,0.43713309005028833,-2.306125906483692,-0.2730870627448997,5.794872584487615
0.40586665194754057,19.531916599110495,0.4211555889378348,-2.3393184297401497,-0.2086333058093719,5.770328629320966
0.5115545299565676,19.580779344246324,0.43825227470104067,-2.3059478048553923,-0.274844159050576,5.798260020400608
0.408656642708229,19.53812243048017,0.4222620456695352,-2.3391239287168824,-0.21038024744616424,5.77372870183927
0.5143584908596616,19.58696631284969,0.43936625321703093,-2.305768494215496,-0.2765961313879214,5.801649359072732
0.41144098465308065,19.544330545683756,0.4233632686521315,-2.338928433901193,-0.21212212785680484,5.777130484855283
0.5171566075364824,19.59315582826365,0.4404750435723889,-2.305587988776155,-0.278343045593196,5.805040578929269
0.4142197911091544,19.55054091829263,0.4244592789845739,-2.3387319572867815,-0.21385901375953875,5.780533958529431
0.5199489951072653,19.59934786067845,0.44157866410637575,-2.305406303042604,-0.28008496821142526,5.808433658020411
0.41699317655735346,19.556753521375406,0.4255500981485899,-2.338534511137209,-0.2155909725920655,5.783939102665208
0.5227357698553391,19.605542379750986,0.4426771335253585,-2.3052234518125347,-0.2818219664991801,5.811828574021864
0.4197612566337885,19.562968327498467,0.4266357480125791,-2.3383361079856,-0.21731807251418078,5.787345896709584
0.525517049231629,19.611739354605174,0.4437704709042159,-2.30503945017602,-0.28355410842770534,5.815225304235037
0.4225241481342087,19.569185308726087,0.427716250833161,-2.3381367606345034,-0.21904038241056267,5.790754319753326
0.5282929518603309,19.617938753832007,0.44485869568686776,-2.3048543135154977,-0.28528146268617727,5.818623825587169
0.4252819690207683,19.575404436621206,0.4287916292544332,-2.3379364821555373,-0.22075797189431778,5.794164350531301
0.5310635975393577,19.624140545490583,0.445941827690906,-2.3046680575050034,-0.2870040986840786,5.822024114632063
0.4280348384244489,19.58162568224535,0.42986190631133725,-2.337735285889459,-0.22247091130962948,5.797575967422688
0.533829107250516,19.63034469710771,0.4470198871044229,-2.304480698110554,-0.28872208655529386,5.825426147549951
0.43078287664937887,19.58784901615962,0.4309271054307788,-2.337533185445408,-0.2241792717346458,5.800989148451615
0.5365896031581685,19.636551175679106,0.4480928944920646,-2.3042922515893873,-0.2904354971600451,5.8288299001481
0.4335262051762372,19.59407440842468,0.431987250434157,-2.337330194701072,-0.22588312498452862,5.804403871287278
0.5393452086181795,19.642759947669155,0.4491608707928539,-2.3041027344900553,-0.29214440208886394,5.832235347860976
0.4362649466701205,19.600301828600795,0.4330423655362078,-2.337126327802716,-0.22758254361481856,5.807820113244016
0.5420960481795317,19.648970979011217,0.45022383732439164,-2.303912163652339,-0.293848873665293,5.835642465750468
0.4389992249812059,19.606531245748958,0.434092475348993,-2.3369215991643286,-0.22927760092399502,5.811237851282122
0.5448422475900428,19.65518423510848,0.45128181578259313,-2.303720556206597,-0.29554898494892545,5.839051228506385
0.4417291651498453,19.612762628430833,0.43513760488309144,-2.3367160234677806,-0.2309683709564912,5.8146570620078535
0.5475839337992395,19.66139968083403,0.452334828244907,-2.303527929573824,-0.29724480973837614,5.8424616104466125
0.4444548934128224,19.618995944708917,0.4361777795476491,-2.336509615662676,-0.23265492850615166,5.81807772167377
0.5503212349658458,19.66761728053093,0.4533828971692189,-2.303334301465537,-0.29893642257488845,5.84587358551737
0.44717653720476125,19.625231162147145,0.43721302515415994,-2.3363023909660523,-0.2343373491186465,5.8214998061790295
0.5530542804582717,19.673836998012867,0.45442604539863923,-2.3031396898833734,-0.30062389874476336,5.849287127293596
0.44989422516531286,19.63146824781106,0.43824336791568097,-2.336094364862204,-0.23601570909504688,5.824923291069711
0.5557832008624038,19.680058796564264,0.45546429616009504,-2.3029441131191057,-0.3023073142828235,5.85270220897903
0.45260808714089984,19.637707168268037,0.43926883445062465,-2.3358855531025524,-0.23769008549441184,5.828348151539099
0.5585081279847502,19.686282638940426,0.45649767306709627,-2.302747589754384,-0.30398674597564707,5.856118803406631
0.4553182541915509,19.643947889587807,0.44028945178200096,-2.335675971705338,-0.2393605561370311,5.8317743624279395
0.5612291948542562,19.692508487368322,0.45752620012325423,-2.3025501386603513,-0.3056622713638897,5.859536883038892
0.45802485859322917,19.65019037734245,0.4413052473408332,-2.335465636955626,-0.2410271996074262,5.8352018982247085
0.5639465357326936,19.6987363035461,0.4585499017188655,-2.302351778997911,-0.30733396874648106,5.862956419967816
0.4607280338427395,19.65643459660661,0.44231624896726496,-2.335254565405113,-0.2426900952572334,5.838630733065867
0.5666602861132695,19.704966048643694,0.45956880263749184,-2.302152530217301,-0.3090019171828244,5.866377385915355
0.46342791466333155,19.662680511957795,0.4433224849109496,-2.3350427738719857,-0.2443493232085832,5.842060840736076
0.5693705827288916,19.711197683302885,0.4605829280540429,-2.301952412058081,-0.31066619649640503,5.869799752233515
0.46612463700712536,19.668928087476754,0.44432398383411226,-2.334830279440641,-0.24600496435663555,5.845492194668509
0.5720775635539396,19.717431167637738,0.4615923035385292,-2.3017514445487786,-0.31232688727753743,5.8732234899047295
0.4688183380603008,19.675177286747058,0.4453207748127873,-2.334617099461912,-0.24765710037293653,5.848924767944979
0.5747813678105926,19.723666461234117,0.4625969550563595,-2.3015496480072453,-0.3139840708866586,5.87664856954176
0.47150915624911127,19.68142807285583,0.44631288733654134,-2.334403251552652,-0.2493058137085975,5.852358533296154
0.5774821359728936,19.72990352315047,0.46359690896965683,-2.3013470430400598,-0.3156378294575144,5.880074961388171
0.4741972312403103,19.68768040839362,0.4473003513135129,-2.334188753595724,-0.25095118759666657,5.855793463101854
0.5801800097698733,19.736142311917533,0.4645921920402726,-2.3011436505427163,-0.31728824589981763,5.883502635318345
0.47688270394965027,19.69393425545441,0.4482831970684919,-2.333973623739958,-0.25259330605587665,5.859229529391144
0.5828751321928424,19.742382785538403,0.4655828314286998,-2.300939491699551,-0.3189354039029705,5.886931560837601
0.47956571654323776,19.70018957563587,0.4492614553469119,-2.3337578804000265,-0.2542322538931897,5.862666703842538
0.5855676474955688,19.748624901488842,0.4665688546992891,-2.300734587983473,-0.3205793879384137,5.890361707082515
0.4822464124439656,19.70644633003908,0.4502351573148072,-2.333541542256515,-0.25586811670707044,5.866104957784092
0.5882577012030694,19.754868616716806,0.4675502898181395,-2.3005289611562882,-0.3222202832633294,5.893793042820761
0.48492493633521494,19.712704479268705,0.4512043345608156,-2.3333246282558435,-0.25750098089052426,5.8695442621935126
0.5909454401132755,19.761113887642765,0.46852716515688847,-2.300322633268366,-0.3238581759233563,5.897225536451433
0.4876014341636147,19.71896398343306,0.45216901909898954,-2.333107157610077,-0.25913093363371464,5.872984587698471
0.5936310123027021,19.767360670159512,0.46949950949316377,-2.300115626658736,-0.32549315275584967,5.900659156005066
0.49027605314705214,19.72522480214365,0.45312924336754995,-2.33288914979728,-0.2607580629276893,5.87642590457636
0.5963145671303993,19.773608919631975,0.4704673520126925,-2.299907963955203,-0.3271253013928471,5.904093869143605
0.4929489417741232,19.731486894515758,0.4540850402340445,-2.332670624560943,-0.2623824575663969,5.879868182754841
0.5989962552425273,19.7798585908974,0.47143072231031347,-2.299699668074111,-0.3287547102640665,5.907529643160595
0.49562024981289043,19.737750219167324,0.45503644299392026,-2.3324516019107913,-0.26400420715069406,5.883311391811361
0.6016762285764609,19.786109638264595,0.4723896503923912,-2.2994907622207346,-0.33038146860014883,5.910966444981105
0.4982901283128477,19.744014734219594,0.4559834853734448,-2.332232102122203,-0.2656234020906768,5.886755500973587
0.6043546403663883,19.79236201551419,0.47334416667676715,-2.299281269889132,-0.33200566643558177,5.9144042411617
0.5009587296104449,19.750280397296407,0.45692620153064467,-2.3320121457366327,-0.26724013360908705,5.890200479119196
0.6070316451455632,19.7986156758982,0.4742943019964878,-2.299071214862219,-0.3336273946116486,5.917842997890567
0.5036262073330927,19.756547165524175,0.4578646260569793,-2.331791753561541,-0.26885449374405385,5.893646294775975
0.6097073987525101,19.80487057213974,0.475240087599633,-2.2988606212119853,-0.33524674477960553,5.921282680987303
0.5062927164017161,19.762814995531507,0.45879879398037626,-2.3315709466704857,-0.2704665753519116,5.897092916121839
0.6123820583362427,19.8111266564326,0.4761815551501655,-2.2986495132996394,-0.33686380940386546,5.924723255902867
0.5089584130377606,19.769083843448758,0.4597287407646857,-2.331349746403402,-0.2720764721105286,5.9005403109846215
0.615055782357297,19.81738388044095,0.4771187367324741,-2.2984379157756463,-0.3384786817645392,5.92816468771959
0.5116234547673272,19.775353664907687,0.46065450231132116,-2.3311281743667287,-0.2736842785222958,5.903988446842009
0.6177287305949946,19.823642195298852,0.47805166485032524,-2.2982258535799898,-0.34009145596080126,5.9316069411509655
0.5142880004229936,19.781624415041147,0.4615761149627911,-2.330906252433436,-0.27529008991660153,5.90743729082155
0.6204010641517971,19.829901551609804,0.4789803724283516,-2.29801335194234,-0.34170222691396757,5.935049980541503
0.5169522101501397,19.787896048482324,0.46249361550282153,-2.330684002743383,-0.27689400245324036,5.910886809700485
0.6230729454563708,19.83616189944606,0.4799048928149618,-2.297800436382426,-0.3433110903701978,5.938493769866486
0.5196162454114331,19.794168519364458,0.46340704115753184,-2.330461447703524,-0.2784961131252179,5.914336969905429
0.6257445382678378,19.842423188348306,0.4808252597837098,-2.2975871327099417,-0.34491814290347744,5.941938272732015
0.5222802689900657,19.800441781320014,0.46431642959805197,-2.3302386099881396,-0.2800965197616588,5.917787737512366
0.6284160076825432,19.848685367324684,0.481741507532928,-2.2973734670253076,-0.3465234819190438,5.94538345237437
0.5249444449944717,19.806715787480183,0.4652218189416466,-2.3300155125391275,-0.28169532103064815,5.921239078246299
0.6310875201340327,19.854948384850413,0.4826536706909966,-2.2971594657195604,-0.34812720565549826,5.948829271660104
0.5276089388643106,19.812990490474,0.46612324775193176,-2.329792178566379,-0.2832926164425919,5.9246909574810065
0.6337592434026377,19.861212188866713,0.4835617843133358,-2.2969451554749667,-0.3497294131887007,5.952275693085509
0.5302739173705413,19.819265842427814,0.46702075504384294,-2.329568631548028,-0.28488850635226987,5.9281433402387815
0.6364313466170526,19.86747672678012,0.48446588388634326,-2.296730563265387,-0.3513302044342072,5.955722678776269
0.5329395486236984,19.825541794964483,0.46791438028179905,-2.329344895230722,-0.286483091962404,5.931596191190167
0.6391040002570842,19.873741945461923,0.485366005330123,-2.2965157163562897,-0.35292968014992876,5.959170190487393
0.5356060020770305,19.83181829920212,0.4688041633824725,-2.3291209936303354,-0.28807647532646113,5.935049474653421
0.6417773761612069,19.88000779124666,0.48626218499754875,-2.296300642305777,-0.3545279419395688,5.962618189602372
0.538273448529671,19.83809530575362,0.4696901447169126,-2.3288969510320823,-0.28966875935121267,5.938503154594276
0.6444516475290707,19.88627420993156,0.48715445967699567,-2.2960853689645377,-0.35612509225514266,5.9660666371330855
0.5409420601321289,19.844372764725364,0.470572365111275,-2.3286727919911274,-0.2912600477998513,5.941957194625453
0.6471269889257225,19.892541146775336,0.4880428665941359,-2.295869924476633,-0.35772123440003095,5.969515493719123
0.5436120103905262,19.850650625716163,0.4714508658483697,-2.3284485413331173,-0.2928504452948357,5.945411558006151
0.6498035762874592,19.89880854649691,0.4889274434121091,-2.295654337280002,-0.3593164725318087,5.972964719627278
0.5462834741695333,19.856928837816213,0.4723256886702412,-2.328224224154659,-0.2944400573204958,5.9488662076415615
0.6524815869235651,19.905076353274396,0.48980822823520775,-2.295438636106936,-0.3609109116649535,5.976414274751063
0.5489566276986826,19.86320734960588,0.4731968757779138,-2.327999865823816,-0.29602899022614193,5.952321106082352
0.6551611995234305,19.911344510743795,0.4906852596078185,-2.295222849984722,-0.362504657673896,5.979864118610033
0.5516316485728808,19.869486109154597,0.4740644698360014,-2.3277754919806672,-0.2976173512282462,5.955776215524142
0.6578425941583118,19.91761296199774,0.4915585765181462,-2.2950070082362055,-0.364097817295586,5.983314210349244
0.5543087157624011,19.87576506401885,0.47492851396981095,-2.327551128538366,-0.29920524841433344,5.959231497806553
0.6605259522869271,19.923881649583667,0.49242821839887463,-2.2947911404807693,-0.36569049813240745,5.986764508738345
0.5569880096112622,19.882044161241936,0.47578905177091124,-2.3273268016830166,-0.3007927907445616,5.962686914413005
0.6632114567590972,19.930150515503186,0.4932942251283887,-2.2945752766344003,-0.3672828086547863,5.99021497217123
0.559669711844948,19.8883233473512,0.47664612729667294,-2.327102537875266,-0.30238008805517497,5.966142426469519
0.6658992918204626,19.936419501209436,0.4941566370328496,-2.2943594469112614,-0.36887485820426885,5.993665558664805
0.562354005572795,19.894602568357342,0.4774997850725881,-2.326878363850362,-0.3039672510609987,5.969597994744375
0.6685896431165531,19.942688547606235,0.49501549488704244,-2.294143681823942,-0.37046675699595116,5.997116225858421
0.5650410752929811,19.900881769752377,0.47835007009343056,-2.32665430661935,-0.3055543913581265,5.97305357964696
0.6712826976970895,19.948957595045957,0.49587083991614395,-2.2939280121844505,-0.3720586161213293,6.000566931012984
0.5677311068971155,19.907160896507932,0.47919702782439066,-2.3264303934698516,-0.3071416214267996,5.976509141226969
0.6739786440193775,19.955226583327864,0.4967227137978488,-2.2937124691051274,-0.3736505475508952,6.00401763100997
0.5704242876729598,19.913439893073818,0.48004070420348405,-2.326206651966534,-0.3087290546338748,5.979964639173799
0.6766776719519417,19.961495451696514,0.49757115866402296,-2.2934970839993296,-0.37524266413656276,6.007468282350574
0.5731208063096985,19.91971870337546,0.48088114564260204,-2.3259831099526607,-0.31031680523552885,5.983420032815143
0.6793799727813923,19.96776413883901,0.4984162171003622,-2.293281888582874,-0.3768350796149425,6.010918841154443
0.5758208529009906,19.92599727081259,0.4817183990294167,-2.32575979555051,-0.31190498837988967,5.9868752811162835
0.682084703510907,19.974032645917546,0.49925883328277126,-2.2930675020259597,-0.37842875897118416,6.014368647808158
0.5785244646260426,19.932275547705867,0.4825526329966842,-2.325536811872053,-0.3134938450160815,5.990330257337693
0.6847950170748723,19.980300730448548,0.500096476349945,-2.292852187691645,-0.3800212424319899,6.017819510646629
0.5812312113756967,19.938553515503084,0.4833843808837283,-2.325312800118038,-0.31508299195639894,5.993784359611844
0.6875055978957217,19.986568672703548,0.500933950680424,-2.292630177643118,-0.3816152527093644,6.021263216304908
0.583938261117892,19.94483132162172,0.48421597074180966,-2.3250701497437682,-0.31667356422731235,5.9972237360978955
0.6902164893034598,19.992836456021667,0.5017712597961133,-2.292383723818847,-0.38321099528640135,6.024686262763
0.5866456319203469,19.9511089586089,0.4850473964565545,-2.3248008271373433,-0.3182661356110388,6.000643378868981
0.6929277041163387,19.999104074402116,0.5026083974613833,-2.2921114546071797,-0.38480885522568237,6.028088872259915
0.5893533343062544,19.957386421880184,0.48587865258895785,-2.3245045691994894,-0.3198609953244847,6.004044428796509
0.6956392513447672,20.00537152362353,0.5034453592939191,-2.291813068929907,-0.38640914901835316,6.031472190087812
0.5920613756626715,19.963663708216927,0.4867097353189052,-2.3241811343111425,-0.3214584229303846,6.007428005934228
0.6983511373070961,20.011638800722782,0.5042821422217257,-2.291488287998707,-0.3880121826710028,6.03483734108984
0.5947697611585826,19.9699408153666,0.4875406419713148,-2.323830302351353,-0.3230586886365077,6.010795209485589
0.7010633664177228,20.017905903626765,0.5051187440995725,-2.2911368553066946,-0.38961825199231903,6.038185429631252
0.5974784943961532,19.97621774175927,0.48837137067998176,-2.3234518746301576,-0.3246620535292457,6.014147117819407
0.7037759417462534,20.02417283089116,0.5059551634368468,-2.2907585365407988,-0.3912276428205733,6.041517539615519
0.6001875778687998,19.982494486308152,0.4892019201511268,-2.323045673759706,-0.3262687697598566,6.017484788520567
0.7064888654107284,20.03043958151664,0.5067913992061682,-2.290353119436576,-0.3928406312083793,6.044834734533179
0.6028970132875128,19.98877104826743,0.4900322894949402,-2.3226115434831005,-0.32787908069858157,6.020809258464749
0.7092021388577,20.036706154817928,0.5076274507070514,-2.2899204135935687,-0.39445748357847704,6.048138057533072
0.6056068018097422,19.995047427132583,0.49086247810742517,-2.3221493484717803,-0.3294932210651202,6.024121543911001
0.7119157630586856,20.042972550332028,0.5084633174702861,-2.2894602502613806,-0.39607845685820253,6.0514285315102665
0.6083169442024005,20.001323622569373,0.49169248558624074,-2.321658974101454,-0.33111141704326547,6.027422640606488
0.7146297386501246,20.049238767752684,0.5092989991897994,-2.2889724821057285,-0.3977037985997187,6.054707159205332
0.6110274409557284,20.00759963436419,0.4925223116719196,-2.321140326211873,-0.3327338863838373,6.030713523900421
0.717344066031047,20.05550480688477,0.5101344956751129,-2.2884569829593953,-0.39933374708968533,6.0579749233122
0.6137382923654346,20.013875462388285,0.49335195620545574,-2.3205933308559556,-0.33436083850019344,6.0339951488640065
0.7200587454336385,20.06177066761126,0.5109698068169873,-2.28791364756327,-0.40096853145230044,6.061232786591666
0.6164494985890746,20.020151106573167,0.4941814190991935,-2.3200179340401474,-0.3359924745578126,6.037268450415362
0.722773776971476,20.068036349870667,0.5118049325639361,-2.287342391299126,-0.4026083717469707,6.064481691989565
0.6191610596871133,20.026426566892717,0.49501070031562583,-2.31941410145935,-0.3376289875604925,6.040534343447546
0.725489160674956,20.074301853640453,0.5126398729049791,-2.2867431499174056,-0.4042534790630538,6.0677225627578
0.6218729756517173,20.03270184335062,0.4958397998525281,-2.3187818182273405,-0.339270562433936,6.043793722959092
0.7282048965158077,20.080567178925566,0.5134746278577007,-2.286115879260657,-0.4059040556121846,6.070956302577824
0.6245852464262432,20.038976935971867,0.4966687177328884,-2.3181210886036507,-0.34091737610744305,6.047047464186566
0.7309209844239889,20.086832325750535,0.5143091974600308,-2.2854605549837665,-0.4075602948190206,6.074183795685949
0.6272978719202724,20.045251844796205,0.4974974539971514,-2.3174319357184476,-0.342569597594899,6.050296422738262
0.733637424300426,20.093097294153495,0.515143581764033,-2.2847771722721713,-0.40922238141131007,6.0774059069998
0.6300108520189475,20.051526569874035,0.4983260086983885,-2.3167144012949845,-0.3442273880747621,6.053541434729235
0.7363542160251324,20.099362084182374,0.5159777808319532,-2.2840657455578723,-0.4108904915091685,6.080623482245998
0.6327241865907158,20.057801111263068,0.499154381898304,-2.3159685453709735,-0.3458909009700466,6.056783316916979
0.7390713594638265,20.105626695891836,0.5168117947330019,-2.283326308234366,-0.41256479271435226,6.083837348088478
0.635437875491864,20.064075469026335,0.49998257366489246,-2.3151944460183236,-0.34756028202791467,6.060022866837996
0.7417888544717783,20.111891129341444,0.5176456235414726,-2.282558912370011,-0.41424544419921844,6.087048312257686
0.638151918570654,20.07034964323036,0.500810584070297,-2.314392199062157,-0.34923566939956524,6.063260862944769
0.7445067008974235,20.118155384593962,0.5184792673349861,-2.2817636284207206,-0.4159325967960184,6.0902571636801275
0.6408663156691096,20.076623633944415,0.5016384131898944,-2.3135619177984843,-0.3509171937199304,6.066498064743494
0.7472248985838211,20.12441946171471,0.5193127261937805,-2.2809405449413367,-0.41762639308602806,6.093464672608707
0.6435810666250543,20.082897441239588,0.5024660611012368,-2.312703732711357,-0.3526049781878335,6.069735212932107
0.7499434473704818,20.130683360770647,0.5201460001998192,-2.2800897682965244,-0.41932696748916953,6.096671590753303
0.6462961712743134,20.089171065187863,0.5032935278829169,-2.311817791189477,-0.3542991386465765,6.072973029538594
0.7526623470951718,20.136947081829597,0.5209790894359128,-2.2792114223710747,-0.42103444635402276,6.099878651411688
0.6490116294496123,20.095444505862574,0.5041208136151336,-2.310904257241149,-0.35599978366410606,6.07621221806024
0.755381597593062,20.143210624960588,0.5218119939861334,-2.278305648278684,-0.4227489480475412,6.1030865696012935
0.6517274409828139,20.101717763337447,0.5049479183785427,-2.309963311209706,-0.35770701461439514,6.079453463602615
0.75810119869856,20.149473990233034,0.5226447139349232,-2.277372604071095,-0.42447058304586016,6.106296042190804
0.6544436057047489,20.10799083768665,0.5057748422543366,-2.3089951494875613,-0.35942092575862455,6.082697433019304
0.7608211502452098,20.155737177716738,0.5234772493671394,-2.2764124644459454,-0.42619945402500287,6.10950774803243
0.65716012344586,20.114263728984522,0.5066015853239162,-2.307999984229921,-0.36114160432695636,6.085944775051837
0.7635414520662291,20.162000187481688,0.5243096003677996,-2.2754254204542708,-0.4279356559521357,6.112722348094421
0.6598769940362242,20.12053643730559,0.5074281476688796,-2.3069780430677094,-0.3628691306005447,6.089196120470067
0.7662621039945471,20.168263019598022,0.5251417670220574,-2.274411679207229,-0.42967927617710117,6.115940485593987
0.6625942173050884,20.126808962724713,0.508254529371259,-2.3059295688197254,-0.3646035779938153,6.092452082212949
0.7689831058624023,20.174525674136195,0.5259737494153982,-2.2733714635820754,-0.4314303945242217,6.11916278613064
0.6653117930820597,20.13308130531662,0.5090807305129091,-2.3048548192047433,-0.3663450131375568,6.095713255529376
0.7717044575023184,20.180788151166542,0.5268055476331686,-2.2723050119280406,-0.43318908338486123,6.122389857819613
0.6680297211966625,20.13935346515608,0.5099067511757345,-2.3037540665524774,-0.3680934959619872,6.0989802181196175
0.7744261587468013,20.18705045075943,0.5276371617607194,-2.2712125777711583,-0.4349554078100479,6.1256222914258505
0.6707480014782621,20.14562544231792,0.510732591441727,-2.3026275975140713,-0.36984907978031406,6.102253530277034
0.7771482094282032,20.193312572985292,0.528468591883475,-2.270094429518559,-0.4367294256035325,6.128860660498301
0.6734666337562257,20.151897236876987,0.5115582513928854,-2.3014757127720777,-0.3716118113727305,6.105533735030088
0.7798706093788965,20.19957451791457,0.5292998380868448,-2.2689508501622893,-0.43851118741532746,6.132105521504476
0.676185617860285,20.15816884890796,0.5123837311110293,-2.3002987267498773,-0.3733817310708736,6.108821358284638
0.7825933584315906,20.20583628561756,0.530130900456074,-2.2677821369825764,-0.4403007368356699,6.135357413965334
0.6789049536195825,20.164440278485785,0.5132090306782864,-2.2990969673201005,-0.3751588728423255,6.112116908966804
0.785316456418506,20.21209787616479,0.5309617790766401,-2.2665886012501058,-0.4420981104890893,6.138616860590683
0.6816246408640037,20.170711525685086,0.514034150176408,-2.2978707755131698,-0.3769432643760942,6.115420879165758
0.7880399031724861,20.21835928962652,0.531792474033718,-2.265370567928394,-0.4439033381293685,6.1418843674145815
0.6843446794232493,20.17698259058057,0.5148590896872506,-2.2966205052245248,-0.37873492716790963,6.118733744277245
0.7907636985262319,20.224620526073075,0.5326229854125468,-2.2641283753748946,-0.4457164427344129,6.145160423931407
0.6870650691270803,20.183253473246936,0.5156838492926433,-2.2953465229216254,-0.38053387660621124,6.122055963147234
0.7934878423125347,20.23088158557474,0.5334533132983188,-2.262862375041873,-0.4475374406017759,6.148445503232072
0.6897858098054903,20.189524173758752,0.5165084290743026,-2.2940492073503207,-0.38234012205850454,6.125387978215898
0.7962123343643781,20.23714246820174,0.5342834577761317,-2.261572931176648,-0.4493663414445388,6.1517400621405995
0.6925069012885119,20.1957946921906,0.5173328291139335,-2.292728949240524,-0.3841536669580239,6.128730215662013
0.7989371745147973,20.243403174024273,0.5351134189310534,-2.260260420521138,-0.45120314848752807,6.155044541351076
0.6952283434063223,20.202065028617,0.518157049493172,-2.2913861510113676,-0.3859745088908519,6.132083085547616
0.8016623625969636,20.249663703112486,0.5359431968480822,-2.258925232010908,-0.4530478585639833,6.158359365564894
0.6979501359892669,20.20833518311239,0.518981090293573,-2.2900212264757323,-0.38780263968342665,6.135446981963012
0.8043878984441946,20.255924055536475,0.536772791612146,-2.257567766473606,-0.4549004622125981,6.161684943628343
0.7006722788676724,20.214605155751233,0.5198049515967106,-2.2886346005441327,-0.389638045490363,6.13882228317217
0.807113781889806,20.26218423136633,0.5376022033081667,-2.2561884363267235,-0.456760943774918,6.165021668670558
0.7033947718718392,20.220874946607996,0.5206286334841765,-2.2872267089280247,-0.391480706882736,6.14220935175838
0.809840012767123,20.268444230672163,0.538431432021062,-2.2547876652748546,-0.4586292814931666,6.168369918241781
0.7061176148327203,20.227144555756876,0.5214521360372344,-2.2857979978427747,-0.39333059893691474,6.145608534770163
0.8125665909100142,20.274704053523834,0.5392604778354805,-2.253365888006518,-0.4605054476086193,6.1717300544518325
0.7088408075806354,20.23341398327234,0.5222754593374801,-2.284348923709367,-0.3951876913232929,6.149020163867816
0.8152935161518527,20.28096369999145,0.5400893408363089,-2.2519235498898578,-0.4623894084599363,6.175102424109254
0.7115643499466093,20.239683229228554,0.5230986034661548,-2.2828799528563763,-0.39705194839607744,6.152444555469873
0.8180207883265775,20.28722317014485,0.5409180211081577,-2.250461106668465,-0.46428112458245946,6.178487358860337
0.7142882417615658,20.245952293699737,0.5239215685045548,-2.2813915612206506,-0.3989233292829265,6.155882010900232
0.820748407268119,20.293482464053906,0.5417465187356366,-2.2489790241560574,-0.4661805508074685,6.181885175328825
0.717012482856414,20.252221176760113,0.5247443545339951,-2.2798842340476684,-0.4008017879751993,6.159332816535482
0.823476372810344,20.299741581788517,0.5425748338033856,-2.2474777779307398,-0.468087636361957,6.18529617525585
0.7197370730625846,20.258489878483683,0.5255669616355244,-2.2783584655914546,-0.40268727341872346,6.162797243952468
0.8262046847876041,20.30600052341837,0.5434029663958042,-2.2459578530288726,-0.4700023249689857,6.188720645640069
0.7224620122111565,20.2647583989446,0.5263893898903825,-2.2768147588134524,-0.4045797296045783,6.166275550076456
0.8289333430339761,20.312259289013287,0.5442309165974248,-2.244419743637915,-0.47192455494805713,6.192158858878401
0.7251873001337833,20.271026738216783,0.5272116393795178,-2.2752536250813558,-0.40647909566074836,6.169767977329278
0.8316623473840229,20.318517878642876,0.5450586844925376,-2.242863952789184,-0.4738542593163071,6.1956110729067815
0.7279129366618735,20.277294896374247,0.5280337101840118,-2.273675583866794,-0.4083853059437026,6.173274753778153
0.8343916976721155,20.32477629237684,0.5458862701655265,-2.241290992049534,-0.4757913658896987,6.199077531341557
0.7306389216268797,20.283562873491004,0.5288556023849327,-2.2720811624427806,-0.4102982901306626,6.176796093284619
0.8371213937326645,20.33103453028488,0.5467136737007514,-2.239701381212758,-0.4777357973848527,6.202558463621009
0.7333652548605056,20.28983066964095,0.529677316063223,-2.270470895580529,-0.4122179733122365,6.180332195653826
0.8398514354003306,20.337292592436594,0.5475408951824494,-2.238095647990391,-0.47968747152127184,6.20605408514723
0.7360919361949392,20.296098284897777,0.5304988512995821,-2.2688453252456693,-0.41414427608545684,6.183883246784131
0.8425818225101873,20.343550478901378,0.548367934694653,-2.236474327701904,-0.48164630112394546,6.209564597428339
0.7388189654619388,20.302365719335373,0.5313202081749399,-2.2672050002935284,-0.41607711464689956,6.187449418817265
0.8453125548969453,20.349808189748824,0.5491947923215683,-2.2348379629639696,-0.48361219422608753,6.213090188221197
0.7415463424938193,20.30863297302738,0.5321413867699424,-2.2655504761643956,-0.41801640088670383,6.191030870288461
0.848043632395817,20.356065725048296,0.5500214681471538,-2.2331871033797364,-0.48558505417272374,6.216631031674163
0.7442740671224158,20.314900046047658,0.5329623871654943,-2.263882314577539,-0.41996204248244257,6.194627746277291
0.850775054841604,20.36232308486936,0.5508479622555695,-2.231522305226856,-0.487564779724177,6.220187288470507
0.747002139180156,20.3211669384698,0.5337832094421977,-2.262201083225339,-0.4219139429939459,6.198240178558452
0.8535068220696433,20.368580269281335,0.5516742747307061,-2.2298441311455868,-0.4895512651604712,6.223759105971789
0.7497305584993872,20.327433650367464,0.534603853680706,-2.2605073554662094,-0.42387200195805363,6.201868285753194
0.856238933915213,20.374837278353592,0.5525004056564852,-2.2281531498257814,-0.4915444003856855,6.227346618361896
0.7524593249127149,20.333700181814176,0.5354243199615432,-2.258801710017291,-0.4258361149840258,6.205512173480904
0.8589713902137929,20.381094112155395,0.5533263551167243,-2.2264499356935445,-0.4935440710329613,6.2309499467912195
0.7551884382529648,20.33996653288337,0.5362446083651271,-2.2570847306463984,-0.427806173849249,6.209171934511076
0.8617041908011108,20.387350770755926,0.554152123195119,-2.2247350685972607,-0.49555015856982537,6.234569199521217
0.7579178983527237,20.346232703648592,0.5370647189720046,-2.2553570058632495,-0.4297820665952135,6.212847648915703
0.8644373355126822,20.39360725422447,0.5549777099754667,-2.223009133492841,-0.4975625404037712,6.238204472069415
0.7606477050446794,20.352498694183367,0.537884651862681,-2.2536191286103513,-0.4317636776241006,6.216539384221857
0.8671708241841037,20.399863562630273,0.5558031155415202,-2.22127272012862,-0.4995810899884509,6.241855847354563
0.7633778581621387,20.358764504560916,0.5387044071173454,-2.251871695953337,-0.4337508877958132,6.220247195564546
0.8699046566515243,20.406119696042335,0.5566283399767625,-2.2195264227297677,-0.5016056769303052,6.245523395842132
0.7661083575382716,20.365030134854557,0.5395239848162632,-2.2501153087703094,-0.435743574525048,6.223971125840155
0.872638832751023,20.412375654529704,0.5574533833647061,-2.2177708396816946,-0.5036361670952794,6.249207175690319
0.7688392030060132,20.371295585137702,0.5403433850398323,-2.248350571440787,-0.43774161187893834,6.227711205860092
0.8753733523184319,20.418631438161558,0.5582782457889844,-2.2160065732130216,-0.50567242271606,6.252907232896322
0.7715703943985586,20.377560855483637,0.5411626078683178,-2.246578091534247,-0.43974487067525164,6.231467454504652
0.8781082151898585,20.424887047006948,0.5591029273330917,-2.214234229078226,-0.5077143024999049,6.256623601442793
0.7743019315496656,20.383825945965434,0.5419816533817059,-2.244798479498022,-0.4417532185809208,6.2352398788772625
0.880843421201889,20.431142481134714,0.5599274280802875,-2.2124544162395674,-0.5097616617367742,6.260356303444697
0.7770338142927508,20.390090856656304,0.5428005216601609,-2.243012348344179,-0.44376652021065005,6.239028474459251
0.8835789701908319,20.437397740613836,0.5607517481139624,-2.2106677465480815,-0.5118143524075874,6.264105349296688
0.7797660424613557,20.396355587629408,0.5436192127837933,-2.241220313336283,-0.4457846372262681,6.242833225264728
0.8863148619931136,20.44365282551325,0.5615758875174507,-2.2088748344244085,-0.5138722232931892,6.267870737820592
0.7824986158896752,20.402620138957623,0.5444377268323801,-2.239422991675557,-0.4478074284365068,6.24665410399577
0.8890510964457373,20.449907735901625,0.5623998463737976,-2.2070762965390265,-0.5159351200837502,6.271652456413195
0.7852315344111727,20.408884510714152,0.5452560638860846,-2.237621002185828,-0.44983474989663375,6.250491072198282
0.8917876733850807,20.45616247184794,0.5632236247663547,-2.2052727514913335,-0.5180028854880585,6.275450481194724
0.7879647978599476,20.41514870297193,0.5460742240247468,-2.235814964998774,-0.45186645500924566,6.25434408041769
0.8945245926480845,20.462417033420913,0.5640472227781964,-2.203464819488966,-0.520075359343913,6.279264777157154
0.7906984060701711,20.421412715803843,0.5468922073281772,-2.234005501237957,-0.45390239462490384,6.258213068355331
0.8972618540717852,20.46867142068924,0.564870640492347,-2.2016531220259425,-0.522152378728425,6.283095298313191
0.7934323588759477,20.427676549282843,0.547710013876228,-2.2321932327023704,-0.45594241714329486,6.262097965025082
0.8999994574931327,20.474925633721657,0.5656938779918701,-2.199838281560324,-0.5242337780687953,6.286941987845525
0.7961666561114551,20.43394020348183,0.5485276437487191,-2.2303787815495073,-0.4579863686148513,6.265998688910264
0.902737402749178,20.481179672586872,0.566516935359779,-2.1980209211914126,-0.5263193892535927,6.29080477825635
0.7989012976115046,20.44020367847343,0.5493450970251491,-2.2285627699779513,-0.46003409284288194,6.269915148120818
0.9054756896775175,20.48743353735333,0.5673398126788163,-2.1962016643364457,-0.5284090417445051,6.294683591517152
0.8016362832105559,20.44646697433045,0.550162373785207,-2.226745819908877,-0.4620854314856627,6.273847240551083
0.9082143181154643,20.49368722808964,0.5681625100318635,-2.1943811344062527,-0.5305025626881081,6.2985783392190955
0.8043716127433471,20.45273009112554,0.5509794741084431,-2.2249285526674787,-0.4641402241593711,6.277794854037617
0.9109532879005852,20.499940744864283,0.568985027501672,-2.192559954480804,-0.5325997770284292,6.3024889227234615
0.807107286044368,20.458993028931506,0.5517963980745438,-2.2231115886634063,-0.4661983085410856,6.281757866517537
0.9136925988702352,20.506194087745865,0.5698073651710979,-2.1907387469838135,-0.5347005076196094,6.306415233312618
0.8098433029488197,20.465255787820816,0.5526131457628324,-2.2212955470711333,-0.46825952047259695,6.285736146186961
0.9164322508623906,20.512447256802698,0.5706295231226888,-2.188918133357208,-0.5368045753393433,6.310357152341067
0.8125796632912569,20.47151836786623,0.5534297172529763,-2.2194810455089207,-0.47032369406395486,6.289729551660167
0.9191722437144995,20.51870025210336,0.57145150143925,-2.18709873373431,-0.5389117992021258,6.314314551387217
0.8153163669071712,20.477780769140118,0.5542461126241617,-2.217668699718184,-0.4723906617982391,6.29373793212856
0.9219125772648258,20.524953073716055,0.5722733002031849,-2.1852811666133047,-0.5410219964736329,6.318287292404987
0.8180534136317151,20.48404299171498,0.5550623319557594,-2.2158591232413007,-0.47446025463591157,6.297761127520493
0.9246532513513239,20.53120572170914,0.5730949194970455,-2.183466048529256,-0.5431349827847605,6.322275227876246
0.8207908033001557,20.490305035663287,0.5558783753270872,-2.2140529270994125,-0.4765323021200486,6.3017989686611
0.9273942658120875,20.53745819615092,0.5739163594033139,-2.1816539937260644,-0.5452505722465252,6.326278200963252
0.8235285357480806,20.496566901057363,0.5566942428173023,-2.2122507194695276,-0.4786066324818976,6.305851277432507
0.9301356204854946,20.543710497109565,0.5747376200043316,-2.179845613827759,-0.5473685775652738,6.330296045661504
0.8262666108109253,20.50282858796961,0.5575099345056481,-2.210453105360821,-0.48068307274662914,6.3099178669345
0.932877315209808,20.549962624653332,0.5755587013824921,-2.1780415175089716,-0.5494888101581132,6.334328586953013
0.8290050283242122,20.50909009647239,0.55832545047133,-2.2086606862905573,-0.48276144883968247,6.313998541645377
0.9356193498233518,20.556214578850433,0.5763796036201583,-2.1762423101650628,-0.551611080268918,6.338375640959817
0.8317437881240612,20.515351426637807,0.5591407907932513,-2.206874059959529,-0.48484158569358216,6.3180930975831275
0.9383617241650056,20.562466359768855,0.5772003267994207,-2.1744485935817317,-0.5537351970848154,6.342437015097735
0.8344828900459946,20.521612578538246,0.559955955550631,-2.2050938199263044,-0.4869233073546554,6.322201322467184
0.9411044380731208,20.56871796747682,0.5780208710026219,-2.1726609656034968,-0.5558609688526027,6.346512508230784
0.8372223339261811,20.527873552245783,0.5607709448223592,-2.203320555281707,-0.4890064370908454,6.326322995880119
0.9438474913866298,20.5749694020423,0.5788412363118216,-2.170880019802373,-0.5579882029962036,6.350601910825496
0.8399621196006419,20.53413434783259,0.5615857586874099,-2.2015548503220312,-0.49109079749932033,6.330457889430026
0.9465908839443652,20.581220663533326,0.5796614228091236,-2.1691063451452974,-0.5601167062339931,6.354705005105908
0.8427022469056806,20.54039496537071,0.562400397224617,-2.199797284222038,-0.49317621061483735,6.334605766912989
0.9493346155853803,20.587471752017823,0.5804814305765233,-2.1673405256613405,-0.5622462846968068,6.358821565208695
0.8454427156776889,20.546655404932142,0.5632148605127775,-2.198048430707183,-0.49526249801830885,6.338766384476034
0.9520786861488217,20.593722667563696,0.5813012596959682,-2.1655831401081604,-0.564376744046212,6.3629513573387175
0.8481835257529813,20.55291566658894,0.5640291486307323,-2.19630885772522,-0.4973494809457714,6.342939490780365
0.954823095473831,20.599973410238846,0.5821209102494039,-2.1638347616378826,-0.5665078895931874,6.367094139924913
0.8509246769681136,20.55917575041304,0.5648432616572048,-2.1945791271174038,-0.49943698039789086,6.347124827164872
0.9575678433996917,20.606223980111142,0.5829403823187084,-2.1620959574624568,-0.5686395264172595,6.371249663776428
0.8536661691595964,20.56543565647642,0.5656571996709496,-2.192859794288882,-0.5015248172496702,6.3513221278100795
0.9603129297657227,20.61247437724843,0.5837596759857362,-2.160367288518378,-0.5707714594859636,6.375417672239195
0.8564080021645721,20.571695384850766,0.5664709627504011,-2.191151407878799,-0.5036128123608454,6.355531119902222
0.9630583544117514,20.61872460171832,0.5845787913320921,-2.1586493091309613,-0.5729034937748717,6.379597901352657
0.859150175819759,20.57795493560796,0.5672845509742164,-2.1894545094292557,-0.5057007866861551,6.359751523798005
0.9658041171773013,20.62497465358858,0.5853977284395283,-2.156942566677621,-0.5750354343876252,6.383790080007134
0.8618926899619266,20.584214308819874,0.5680979644210379,-2.1877696330541436,-0.507788561386452,6.363983053189379
0.9685502179019,20.631224532927014,0.5862164873897935,-2.1552476012509563,-0.5771670866766944,6.387993930101293
0.8646355444285345,20.59047350455807,0.5689112031691526,-2.186097305107493,-0.509875957940255,6.368225415268661
0.9712966564257168,20.637474239801083,0.5870350682643164,-2.1535649453212984,-0.5792982563646469,6.3922091666998195
0.8673787390564418,20.596732522894385,0.5697242672971689,-2.1844380438505144,-0.5119627982551248,6.372478310894284
0.9740434325884039,20.64372377427854,0.5878534711447818,-2.1518951233981296,-0.5814287496652428,6.396435498191883
0.870122273683165,20.602991363900372,0.5705371568833588,-2.182792359118953,-0.5140489047801822,6.376741434756451
0.9767905462301847,20.649973136426873,0.5886716961125885,-2.1502386516916316,-0.583558373405626,6.4006726264493965
0.8728661481460975,20.609250027647633,0.5713498720060651,-2.181160751989139,-0.5161341006184132,6.381014475543488
0.9795379971911944,20.656222326313614,0.5894897432491792,-2.1485960377730606,-0.5856869351483636,6.4049202469860065
0.8756103622828082,20.615508514207704,0.5721624127435486,-2.179543714443812,-0.518218209639685,6.385297116108317
0.9822857853117317,20.66247134400622,0.5903076126359117,-2.1469677802348355,-0.5878142433141653,6.40917804911621
0.8783549159306288,20.621766823652237,0.5729747791741964,-2.1779417290370833,-0.5203010565939472,6.3895890336353895
0.9850339104319064,20.668720189572273,0.5911253043542368,-2.145354368349848,-0.5899401073048036,6.413445716114937
0.8810998089278339,20.628024956052457,0.5737869713759158,-2.1763552685593983,-0.5223824672252891,6.3938898998076805
0.9877823723926401,20.674968863078963,0.5919428184852065,-2.143756281730642,-0.592064337626848,6.417722925377191
0.8838450411119256,20.634282911479943,0.5745989894270194,-2.174784795700856,-0.524462268385536,6.398199380974511
0.9905311710342006,20.681217364593802,0.5927601551101863,-2.142173989987129,-0.5941867460150361,6.4220093485785075
0.8865906123209006,20.640540690006063,0.5754108334055734,-2.173230762715005,-0.5265402881491127,6.402517138319197
0.9932803061972932,20.6874656941841,0.5935773143103292,-2.1406079523846175,-0.5963071455568186,6.426304651835225
0.889336522392894,20.646798291702115,0.5762225033895743,-2.171693611081446,-0.5286163559278296,6.406842828027278
0.9960297777227904,20.693713851917117,0.5943942961667036,-2.1390586175008073,-0.5984253508168813,6.430608495865402
0.8920827711661683,20.653055716639358,0.5770339994569617,-2.1701737711679745,-0.5306903025861502,6.411176101455049
0.9987795854516222,20.699961837860076,0.5952111007603462,-2.137526422882196,-0.6005411779621141,6.434920536149983
0.8948293584788403,20.65931296488912,0.5778453216857583,-2.168671661892061,-0.5327619605567758,6.415516605298467
1.001529729224657,20.70620965208025,0.5960277281723252,-2.136011794699916,-0.602654444886961,6.4392404230943185
0.8975762841691928,20.66557003652266,0.5786564701539071,-2.167187690381892,-0.5348311639567974,6.419863981762262
1.0042802088828813,20.712457294644867,0.5968441784836442,-2.1345151474050947,-0.6047649713392695,6.443567802189954
0.9003235480762486,20.67182693161089,0.5794674449389705,-2.165722251636926,-0.5368977487043166,6.424217868729343
1.007031024267968,20.718704765620828,0.597660451774972,-2.133036883383782,-0.6068725790466385,6.447902314176703
0.9030711500381636,20.678083650225147,0.580278246118972,-2.1642757281871297,-0.5389615526348055,6.428577899930941
1.0097821752208045,20.724952065075442,0.5984765481273597,-2.1315773926105024,-0.6089770918425355,6.4522435952054025
0.9058190898938481,20.684340192436427,0.5810888737715479,-2.1628484897526827,-0.5410224156188197,6.432943705116479
1.0125336615829894,20.731199193075664,0.5992924676215061,-2.130137052302329,-0.6110783357937316,6.456591277000447
0.9085673674820594,20.690596558315775,0.5818993279744209,-2.1614408929022533,-0.543080179679351,6.437314910224239
1.0152854831959792,20.73744614968854,0.6001082103381797,-2.128716226571508,-0.6131761393273925,6.460944987023114
0.9113159826418924,20.696852747934116,0.5827096088051442,-2.1600532807111463,-0.5451346891099893,6.441691137552112
1.018037639901524,20.743692934980984,0.6009237763580028,-2.127315266077966,-0.6152703333589651,6.46530434863497
0.9140649352121231,20.703108761362518,0.5835197163414456,-2.1586859824184566,-0.5471857905931254,6.446072005928875
1.0207901315411014,20.749939549020052,0.6017391657617275,-2.125934507680844,-0.6173607514201503,6.469668981261787
0.9168142250322289,20.709364598671737,0.5843296506606938,-2.157339313084226,-0.5492333333190563,6.450457130885512
1.0235429579568698,20.756185991872485,0.6025543786297725,-2.1245742740900235,-0.6194472297877379,6.474038500557512
0.9195638519412886,20.715620259932706,0.5851394118404705,-2.156013573245235,-0.5512771691048421,6.454846124827218
1.0262961189905526,20.762432263605245,0.6033694150427678,-2.1232348735162785,-0.6215296076121899,6.478412518568961
0.9223138157787149,20.721875745216224,0.5859489999581919,-2.1547090485708806,-0.5533171525140981,6.459238597205442
1.0290496144842782,20.76867836428511,0.6041842750811388,-2.121916599321586,-0.6236077270472314,6.482790643900475
0.9250641163839955,20.72813105459306,0.5867584150912428,-2.15342600951808,-0.5553531409768933,6.463634154690416
1.0318034442801567,20.77492429397887,0.6049989588253245,-2.1206197296683666,-0.6256814333794322,6.487172481879152
0.927814753596817,20.734386188133893,0.5875676573169079,-2.152164710985704,-0.5573849949101435,6.468032401343925
1.034557608220554,20.781170052753218,0.60581346635563,-2.1193445271683613,-0.627750575158414,6.491557634720234
0.9305657272565039,20.74064114590957,0.5883767267126707,-2.150925391968259,-0.5594125778381903,6.472432938792611
1.0373121061474828,20.787415640675018,0.6066277977525375,-2.1180912385306723,-0.6298150043271535,6.495945701693083
0.9333170372034122,20.74689592799049,0.5891856233554822,-2.14970827520951,-0.5614357565143719,6.476835366401135
1.0400669379038936,20.79366105781069,0.6074419530960631,-2.1168600942098266,-0.6318745763532967,6.500336279287029
0.9360686832771632,20.75315053444738,0.5899943473226856,-2.148513566854569,-0.5634544010420137,6.48123928144636
1.0428221033320946,20.79990630422699,0.6082559324665375,-2.115651308052255,-0.6339291503599495,6.50472896137816
0.9388206653177265,20.75940496535081,0.5908028986914454,-2.1473414561022444,-0.5654683849966856,6.4856442792912485
1.0455776022747227,20.806151379990506,0.6090697359441282,-2.1144650769430973,-0.6359785892576673,6.509123339395944
0.9415729831651465,20.765659220771326,0.5916112775388968,-2.146192114856424,-0.5674775855484342,6.490049953559424
1.0483334345744524,20.812396285167843,0.609883363608983,-2.113301580451945,-0.6380227598764483,6.5135190024903995
0.944325636660039,20.77191330077923,0.5924194839418839,-2.14506569737705,-0.5694818835846367,6.494455896309841
1.051089600074505,20.818641019825325,0.6106968155409791,-2.112160980478309,-0.6400615330983594,6.517915537699471
0.9470786256425314,20.778167205445037,0.5932275179775113,-2.1439623399300625,-0.5714811638327788,6.498861698212158
1.0538460986176537,20.824885584029523,0.611510091820211,-2.11104342089593,-0.6420947839900905,6.522312530117016
0.9498319499530911,20.78442093483913,0.5940353797227136,-2.14288216043726,-0.5734753149841965,6.503266948721996
1.0566029300470325,20.83112997784685,0.6123231925265946,-2.1099490271971795,-0.6441223919364689,6.526709563060778
0.9525856094320053,20.790674489031957,0.5948430692545248,-2.141825258125249,-0.5754642298177952,6.507671236256867
1.0593600942055759,20.837374201343806,0.6131361177401433,-2.108877906136356,-0.6461442407739322,6.531106218240956
0.9553396039204951,20.79692786809357,0.5956505866495021,-2.1407917131742042,-0.5774478053246611,6.512074148372037
1.0621175909370444,20.843618254586527,0.6139488675404622,-2.1078301453729686,-0.6481602189248967,6.535502075928786
0.9580939332587426,20.80318107209448,0.5964579319847478,-2.139781586365205,-0.5794259428321199,6.5164752719374475
1.0648754200843484,20.84986213764155,0.6147614420075695,-2.106805813113432,-0.6501702195316721,6.539896715125973
0.9608485972879113,20.809434101104777,0.5972651053368621,-2.1387949187280335,-0.5813985481294093,6.520874193313999
1.0676335814911955,20.856105850575048,0.6155738412210949,-2.105804957753472,-0.652174140591802,6.544289713733884
0.9636035958489951,20.815686955194614,0.5980721067825381,-2.1378317311875783,-0.5833655315927693,6.525270498530963
1.0703920750012315,20.862349393453233,0.6163860652606932,-2.10482760751887,-0.6541718850930294,6.548680648723411
0.9663589287832166,20.821939634434056,0.5988789363983575,-2.136892024210018,-0.5853268083113993,6.529663773463329
1.0731509004582465,20.86859276634226,0.6171981142059482,-2.103873770106176,-0.6561633611489691,6.5530690963051255
0.969114595931476,20.828192138893325,0.5996855942610766,-2.13597577744814,-0.5872822982135175,6.53405360400969
1.0759100577058032,20.874835969308407,0.6180099881365516,-2.1029434323224825,-0.6581484821350099,6.557454632099745
0.9718705971349726,20.8344444686425,0.600492080447303,-2.1350829493864114,-0.5892319261931677,6.538439576270201
1.0786695465877025,20.88107900241784,0.6188216871320779,-2.1020365597250312,-0.6601271668248606,6.561836831308855
0.9746269322354996,20.840696623751413,0.6012983950333414,-2.134213476985443,-0.5911756222373146,6.542821276725009
1.0814293669482977,20.88732186573648,0.619633211271829,-2.101153096260071,-0.6620993395274462,6.566215268885923
0.9773836010743994,20.846948604290084,0.6021045380957386,-2.1333672753252784,-0.5931133215529314,6.54719829241317
1.0841895186315598,20.89356455933044,0.6204445606352924,-2.1002929639007495,-0.664064930223807,6.570589519707953
0.9801406034936011,20.8532004103283,0.6029105097107414,-2.1325442372489474,-0.5950449646950973,6.551570211111604
1.0869500014819433,20.899807083265603,0.621255735301715,-2.0994560622850367,-0.6660238747049535,6.574959158747061
0.9828979393339036,20.859452041936336,0.6037163099551919,-2.1317442330043006,-0.5969704976946673,6.555936621514771
1.089710815343004,20.90604943760831,0.6220667353507843,-2.09864226835226,-0.6679761147094057,6.57932376124289
0.9856556084381225,20.86570349918358,0.6045219389048901,-2.1309671098870764,-0.5988898721877954,6.560297113413904
1.0924719600599817,20.91229162242409,0.6228775608613601,-2.0978514359804654,-0.6699215980623813,6.583682902874491
0.9884136106478734,20.871954782139966,0.605327396636266,-2.130212691881141,-0.6008030455439217,6.564651277877682
1.0952334354771165,20.918533637778967,0.6236882119127883,-2.097083395621276,-0.6718602788137117,6.588036159933625
0.9911719458049432,20.878205890875353,0.606132683225668,-2.129480779299665,-0.6027099809955436,6.568998707432383
1.0979952414388263,20.924775483738898,0.6244986885843309,-2.096337953935622,-0.6737921173773668,6.592383109497662
0.993930613751812,20.88445682545929,0.60693779874909,-2.1287711484254555,-0.604610647768125,6.573338996242533
1.1007573777901123,20.931017160369564,0.6253089909549554,-2.095614893428542,-0.6757170806711355,6.596723329602902
0.9966896143304782,20.890707585961543,0.6077427432827825,-2.1280835511501186,-0.6065050212098716,6.577671740292221
1.103519844375586,20.93725866773684,0.626119119103824,-2.0949139720828787,-0.6776351422562612,6.601056399418509
0.9994489473835507,20.896958172451622,0.608547516902687,-2.127417714613392,-0.608393082922592,6.581996537566309
1.1062826410403792,20.943500005906373,0.6269290731098386,-2.0942349229931887,-0.6795462824780634,6.605381899420491
1.002208612753396,20.903208584999152,0.6093521196848757,-2.1267733408411824,-0.6102748208923626,6.58631298823229
1.109045767629459,20.949741174943895,0.6277388530519834,-2.0935774539982788,-0.6814504886064539,6.609699411566154
1.0049686102825304,20.909458823673685,0.6101565517053503,-2.1261501063835317,-0.6121502296209513,6.590620694822352
1.1118092239878905,20.955982174915093,0.6285484590091877,-2.092941247313754,-0.6833477549771356,6.614008519468918
1.0077289398137455,20.915708888544653,0.6109608130399755,-2.1255476619517535,-0.6140193102575635,6.594919262415677
1.1145730099610123,20.962223005885544,0.6293578910602496,-2.0923259591636887,-0.6852380831331827,6.61830880857326
1.0104896011895945,20.92195877968161,0.6117649037647469,-2.1249656320549613,-0.6158820707307694,6.599208298821371
1.1173371253939695,20.96846366792093,0.6301671492840585,-2.091731219411678,-0.6871214819667931,6.622599866330302
1.0132505942530805,20.92820849715391,0.6125688239554323,-2.12440361463618,-0.6177385258812078,6.6034874147613065
1.1201015701323067,20.97470416108675,0.6309762337593057,-2.091156631191561,-0.688997967861783,6.626881282373385
1.016011918847483,20.934458041030794,0.6133725736876634,-2.123861180707707,-0.6195886975944037,6.607756224053568
1.1228663440218027,20.98094448544839,0.6317851445645654,-2.090601770537383,-0.6908675648362247,6.631152648694245
1.0187735748156832,20.940707411381666,0.6141761530372833,-2.123337873985716,-0.6214326149338314,6.6120143437963215
1.1256314469079027,20.987184641071423,0.6325938817785768,-2.0900661860125074,-0.6927303046853583,6.635413559819478
1.0215355620007414,20.946956608275876,0.6149795620800507,-2.1228332105246928,-0.6232703142747393,6.616261394551787
1.1283968786362597,20.993424628021327,0.6334024454799709,-2.0895493983385776,-0.6945862271252476,6.639663612987155
1.024297880245928,20.95320563178268,0.6157828008916206,-2.1223466783509464,-0.6251018394382224,6.620497000530528
1.1311626390526537,20.999664446363532,0.6342108357473182,-2.08905090002377,-0.6964353799366212,6.643902408323985
1.0270605293948567,20.95945448197118,0.6165858695474764,-2.121877737095811,-0.6269272418256882,6.624720789776243
1.1339287280032186,21.00590409616329,0.6350190526590112,-2.0885701549904527,-0.6982778191092157,6.648129549022637
1.0298235092908372,20.96570315891062,0.6173887681232649,-2.121425817627754,-0.628746580553499,6.628932394350851
1.13669514533382,21.012143577486025,0.635827096293575,-2.0881065982019478,-0.7001136089862389,6.652344641519574
1.0325868197775865,20.97195166267007,0.61819149669443,-2.1209903216844745,-0.6305599225884106,6.633131450519756
1.139461890890703,21.01838289039697,0.6366349667293448,-2.0876596352892443,-0.7019428224096286,6.656547295673025
1.0353504606987287,20.978199993318647,0.6189940553364676,-2.1205706215040556,-0.6323673428830245,6.6373175989377025
1.142228964520005,21.02462203496142,0.637442664044707,-2.0872286421766133,-0.703765540865348,6.660737124941425
1.038114431898466,20.984448150925214,0.6197964441245816,-2.1201660594557397,-0.634168924512003,6.641490484834607
1.1449963660684224,21.030861011244426,0.6382501883177729,-2.0868129647072196,-0.7055818546294266,6.664913746562117
1.0408787332202818,20.990696135558956,0.6205986631343541,-2.119775947669537,-0.6359647588080785,6.645649758202162
1.1477640953819979,21.037099819311337,0.6390575396269723,-2.0864119182672143,-0.7073918629138247,6.669076781730528
1.0436433645086702,20.996943947288614,0.6214007124408509,-2.1193995676664166,-0.6377549454993419,6.649795073980325
1.1505321523076808,21.043338459227108,0.6398647180502876,-2.0860247874104667,-0.7091956740135399,6.673225855779316
1.0464083256072794,21.003191586183313,0.6222025921195817,-2.1190361699863716,-0.6395395928458814,6.653926092244542
1.153300536691704,21.049576931057032,0.6406717236660529,-2.0856508254814274,-0.7109934054531246,6.677360598358387
1.0491736163605825,21.009439052311816,0.6230043022456352,-2.118684973817377,-0.6413188177778423,6.658042478392893
1.1560692483810062,21.055815234866074,0.6414785565522535,-2.085289254238638,-0.7127851841345312,6.681480643614734
1.0519392366129454,21.015686345742928,0.623805842894161,-2.1183451666226665,-0.6430927460331166,6.662143903333885
1.1588382872224685,21.06205337071924,0.6422852167868998,-2.0849392634766493,-0.7145711464846963,6.685585630372861
1.0547051862089234,21.0219334665454,0.6246072141402172,-2.1180159037680517,-0.6448615122957658,6.666230043674503
1.1616076530631196,21.068291338681487,0.6430917044479304,-2.084600010647869,-0.7163514386037928,6.6896752023155095
1.057471464992912,21.028180414788018,0.6254084160589529,-2.117696308148196,-0.6466252603346764,6.670300581908546
1.1643773457498674,21.07452913881781,0.6438980196133393,-2.0842706204836685,-0.7181262164137374,6.693749008164793
1.0602380728093592,21.034427190539596,0.6262094487254943,-2.1173854698125645,-0.6483841431427504,6.674355206605252
1.1671473651297162,21.080766771193204,0.6447041623610736,-2.0839501846149764,-0.7198956458072446,6.697806701863508
1.063005009503524,21.040673793868546,0.6270103122145524,-2.117082445591091,-0.6501383230766573,6.678393612598226
1.1699177110502996,21.08700423587235,0.6455101327687687,-2.083637761192369,-0.7216599027973762,6.701847942756666
1.0657722749198484,21.046920224843692,0.6278110066012696,-2.1167862587183666,-0.6518879719962523,6.682415501175118
1.172688383358637,21.093241532920246,0.6463159309143591,-2.08333237450507,-0.7234191736669208,6.7058723957738495
1.0685398689033372,21.053166483533577,0.6286115319605047,-2.1164958984580293,-0.6536332714053185,6.686420580266857
1.175459381902202,21.099478662401676,0.6471215568755566,-2.083033014600204,-0.725173655118884,6.709879731611432
1.0713077912992313,21.059412570006668,0.6294118883669969,-2.1162103197264206,-0.655374412592146,6.6904085646379094
1.178230706528684,21.105715624381332,0.647927010729964,-2.0827386369006837,-0.7269235544269884,6.713869626915128
1.074076041952798,21.065658484331408,0.6302120758954786,-2.115928442715343,-0.6571115967705691,6.6943791760765485
1.1810023570858321,21.111952418923888,0.6487322925551524,-2.0824481618230433,-0.7286690895865551,6.7178417644632855
1.076844620709215,21.071904226576294,0.6310120946207366,-2.115649152514336,-0.6588450352214119,6.698332143585517
1.1837743334213127,21.118189046094077,0.6495374024287346,-2.082160474394197,-0.73041048946582,6.721795833350104
1.0796135274136776,21.078149796809814,0.6318119446175533,-2.115371298732581,-0.6605749494343861,6.702267203573085
1.1865466353827936,21.124425505956626,0.650342340428318,-2.0818744238680553,-0.732147993957686,6.725731529169423
1.0823827619119615,21.084395195100207,0.632611625960417,-2.1150936951200974,-0.6623015712505307,6.706184100044137
1.1893192628184865,21.130661798576025,0.6511471066312429,-2.0815888233414475,-0.733881854132029,6.729648554198537
1.0851523240495224,21.090640421515864,0.6334111387239878,-2.1148151191882136,-0.6640251430045848,6.710082584792161
1.1920922155763283,21.1368979240169,0.6519517011149838,-2.081302449369216,-0.7356123323879581,6.733546617582821
1.087922213671708,21.096885476125223,0.63421048298299,-2.114534311829329,-0.6657459176681175,6.713962417590956
1.1948654935041865,21.14313388234392,0.6527561239570457,-2.0810140415788743,-0.7373397026068039,6.737425435520302
1.0906924306250563,21.103130358996186,0.6350096588115322,-2.11424997693711,-0.6674641589933197,6.717823366386998
1.1976390964509294,21.149369673621297,0.6535603752344414,-2.0807223022851304,-0.7390642503057525,6.741284731446484
1.093462974754744,21.10937507019728,0.635808666284441,-2.113960781024015,-0.6691801416561072,6.721665207492235
1.2004130242643152,21.155605297913766,0.6543644550247268,-2.080425896102558,-0.7407862727909049,6.745124236220087
1.0962338459073386,21.11561960979642,0.6366075054758225,-2.113665352840772,-0.6708941514011286,6.7254877257768175
1.2031872767932719,21.161840755285525,0.6551683634048832,-2.080123449559483,-0.742506079312058,6.748943688308374
1.099005043928405,21.12186397786196,0.6374061764603135,-2.1133622829929357,-0.672606485185684,6.7292907148626675
1.2059618538858654,21.16807604580119,0.6559721004523116,-2.0798135507094235,-0.7442239912165837,6.752742833973461
1.1017765686644792,21.128108174461836,0.6382046793120499,-2.1130501235586845,-0.6743174513253045,6.733073977316816
1.2087367553910542,21.174311169524973,0.6567756662439758,-2.079494748743516,-0.7459403421048454,6.756521427458324
1.1045484199618834,21.134352199664075,0.639003014105287,-2.1127273877048474,-0.6760273696387897,6.736837324845598
1.2115119811575854,21.180546126521172,0.6575790608569373,-2.0791655536012703,-0.7476554779851357,6.760279231173711
1.107320597666864,21.140596053536758,0.639801180914325,-2.112392549302694,-0.6777365715940424,6.740580578488851
1.2142875310341577,21.186780916854147,0.6583822843682852,-2.078824435581233,-0.7493697574293828,6.7640160158851526
1.110093101626213,21.146839736147708,0.6405991798131869,-2.112044042543492,-0.6794454004544195,6.744303568814505
1.2170634048699784,21.193015540588007,0.6591853368548537,-2.078469824951109,-0.751083551729397,6.767731560900118
1.112865931686067,21.153083247565057,0.6413970108762415,-2.1116802615526415,-0.6811542114249474,6.748006136113675
1.2198396025136629,21.199249997787156,0.6599882183937662,-2.07810011155675,-0.7527972450529815,6.771425654255916
1.1156390876935316,21.1593265878565,0.6421946741773614,-2.111299560004339,-0.6828633717997592,6.75168813059569
1.22261612381471,21.2054842885156,0.6607909290617129,-2.077713644431536,-0.7545112346012296,6.775098092907416
1.1184125694953007,21.165569757089944,0.64299216979064,-2.110900250734614,-0.6845732611090286,6.755349412583994
1.22539296862221,21.21171841283752,0.6615934689355805,-2.077308731404116,-0.7562259307653698,6.778748682915643
1.1211863769382582,21.171812755333185,0.6437894977900772,-2.110480605354275,-0.686284271266903,6.7589898527118795
1.2281701367855267,21.217952370817017,0.6623958380921209,-2.0768836387062306,-0.7579417572846141,6.782377239636243
1.1239605098695016,21.178055582653954,0.6445866582495687,-2.110038853861292,-0.6879968067196277,6.762609332118826
1.2309476281541287,21.224186162518127,0.6631980366080343,-2.076436590579715,-0.7596591514041272,6.78598358790853
1.1267349681361674,21.184298239119943,0.6453836512429955,-2.109573184252405,-0.689711284594024,6.766207742647131
1.2337254425775699,21.23041978800485,0.6640000645599748,-2.075966838060753,-0.7613784648050833,6.789568494775625
1.1295097515853219,21.190540724798915,0.6461804768442818,-2.1090895980757867,-0.6914273982885744,6.7697911458747235
1.2365035799053596,21.236653247341245,0.6648019220246197,-2.0754899987110766,-0.7630984890204956,6.793146798793733
1.1322848600642936,21.196783039758486,0.6469771351272224,-2.108605058296535,-0.6931437000188398,6.773373598936388
1.2392820399872235,21.24288654059125,0.6656036090785356,-2.0750132848832794,-0.7648186029138497,6.7967250371745696
1.1350602934206278,21.2030251840662,0.647773626165504,-2.1081206480368104,-0.6948600943544119,6.776955984321818
1.2420608226731216,21.249119667818718,0.6664051257981749,-2.0745366965268897,-0.7665388064387827,6.800303209944412
1.1378360515019668,21.20926715778956,0.6485699500327711,-2.1076363672430016,-0.6965765812457081,6.780538302058824
1.2448399278130247,21.255352629087497,0.6672064722599809,-2.0740602335914327,-0.7682590995489408,6.803881317129534
1.1406121341555824,21.215508960996235,0.6493661068028663,-2.1071522158613636,-0.6982931606430446,6.784120552175277
1.2476193552566919,21.26158542446155,0.6680076485405015,-2.0735838960263466,-0.7699794821979011,6.807459358756258
1.143388541229503,21.22175059375357,0.6501620965492438,-2.106668193838415,-0.7000098324969661,6.787702734698916
1.2503991048545053,21.26781805400456,0.6688086547159758,-2.0731076837812994,-0.7716999543394378,6.811037334850787
1.146165272571483,21.22799205612902,0.6509579193455084,-2.106184301120576,-0.7017265967579421,6.791284849657534
1.2531791764566003,21.27405051778033,0.669609490862763,-2.072631596805857,-0.7734205159272485,6.814615245439376
1.1489423280294104,21.234233348189996,0.6517535752651998,-2.105700537654309,-0.7034434533764887,6.794866897078893
1.2559595699132782,21.2802828158526,0.6704101570571395,-2.072155635049643,-0.7751411669150856,6.8181930905482515
1.1517197074515158,21.24047447000377,0.6525490643816872,-2.1052169033861996,-0.705160402303229,6.798448876990698
1.2587402850751335,21.286514948284964,0.6712106533752348,-2.071679798462382,-0.7768619072567909,6.821770870203583
1.1544974106855972,21.2467154216378,0.6533443867685719,-2.1047333982626752,-0.7068774434886641,6.802030789420739
1.261521321792364,21.292746915141244,0.6720109798933744,-2.071204086993646,-0.7785827369060858,6.82534858443163
1.1572754375800218,21.25295620315929,0.6541395424991623,-2.1042500222303615,-0.7085945768834704,6.805612634396696
1.2643026799157073,21.298978716484985,0.672811136687613,-2.070728500593199,-0.7803036558168615,6.828926233258537
1.1600537879832777,21.25919681463541,0.6549345316467128,-2.1037667752359246,-0.7103118024383646,6.809194411946232
1.2670843592960253,21.30521035237971,0.6736111238339477,-2.070253039210849,-0.7820246639430454,6.832503816710437
1.1628324617437114,21.265437256133385,0.6557293542845573,-2.10328365722598,-0.7120291201040282,6.81277612209704
1.269866359784025,21.311441822888995,0.6744109414084467,-2.0697777027963364,-0.7837457612385215,6.836081334813498
1.1656114587099282,21.27167752772033,0.6565240104858984,-2.102800668147226,-0.7137465298312274,6.816357764876759
1.272648681230683,21.31767312807633,0.6752105894870446,-2.0693024912994975,-0.7854669476572586,6.839658787593831
1.168390778730292,21.27791762946349,0.6573185003240765,-2.102317807946285,-0.71546403157066,6.819939340313086
1.2754313234867647,21.323904268005297,0.6760100681457801,-2.0688274046700825,-0.7871882231531584,6.8432361750776
1.1711704216536407,21.284157561429883,0.6581128238721856,-2.101835076569932,-0.7171816252731723,6.823520848433619
1.2782142864034478,21.33013524273929,0.676809377460486,-2.068352442857988,-0.7889095876802553,6.846813497290885
1.173950387328839,21.29039732368652,0.6589069812033151,-2.1013524739649556,-0.7188993108896233,6.8271022892659605
1.280997569831986,21.33636605234169,0.6776085175069573,-2.0678776058131354,-0.7906310411926052,6.850390754259761
1.1767306756050833,21.296636916300287,0.6597009723903875,-2.100870000078256,-0.7206170883709762,6.8306836628376555
1.2837811736238331,21.342596696875777,0.6784074883608889,-2.067402893485513,-0.7923525836443283,6.853967946010266
1.1795112863311734,21.302876339338233,0.6604947975065368,-2.1003876548565916,-0.7223349576680839,6.834264969176315
1.2865650976302372,21.348827176404953,0.679206290098075,-2.0669283058250243,-0.7940742149894837,6.857545072568473
1.1822922193562009,21.309115592867293,0.6612884566247532,-2.0999054382468247,-0.7240529187318911,6.837846208309509
1.2893493417026143,21.355057490992543,0.6800049227942263,-2.0664538427816304,-0.7957959351821826,6.861122133960441
1.185073474529518,21.31535467695429,0.662081949817896,-2.0994233501959014,-0.7257709715134261,6.841427380264751
1.2921339056926686,21.361287640701747,0.6808033865249093,-2.065979504305393,-0.7975177441766269,6.864699130212162
1.1878550517004451,21.32159359166605,0.6628752771588476,-2.0989413906507597,-0.727489115963712,6.845008485069567
1.2949187894520346,21.367517625595802,0.6816016813657257,-2.065505290346342,-0.7992396419269976,6.868276061349656
1.1906369507184669,21.327832337069353,0.6636684387204114,-2.098459559558386,-0.7292073520338304,6.848589522751453
1.2977039928325573,21.37374744573787,0.6823998073921705,-2.065031200854581,-0.8009616283875426,6.8718529273989
1.193419171433109,21.33407091323095,0.6644614345753745,-2.097977856865786,-0.7309256796748759,6.8521704933379
1.3004895156860945,21.3799771011911,0.6831977646797299,-2.064557235780206,-0.8026837035125168,6.875429728385871
1.1962017136938714,21.34030932021762,0.6652542647965475,-2.0974962825199532,-0.7326440988379453,6.855751396856407
1.3032753578644944,21.386206592018663,0.683995553303897,-2.06408339507331,-0.8044058672561698,6.879006464336556
1.1989845773505319,21.34654755809601,0.666046929456596,-2.0970148364679693,-0.7343626094742228,6.859332233334417
1.3060615192198683,21.392435918283617,0.6847931733400302,-2.063609678684074,-0.8061281195728371,6.8825831352768905
1.201767762252917,21.352785626932764,0.6668394286281731,-2.09653351865694,-0.7360812115349128,6.862913002799374
1.308847999604366,21.398665080049007,0.6855906248634702,-2.0631360865626878,-0.8078504604168656,6.886159741232806
1.2045512682511614,21.359023526794378,0.6676317623837725,-2.09605232903407,-0.7377999049713163,6.86649370527866
1.3116347988704273,21.404894077377755,0.686387907949412,-2.062662618659441,-0.8095728897426944,6.889736282230183
1.2073350951951964,21.365261257747456,0.6684239307960024,-2.095571267546494,-0.7395186897346806,6.870074340799699
1.3144219168703202,21.41112291033287,0.6871850226731355,-2.0621892749245583,-0.8112954075047086,6.89331275829494
1.2101192429350733,21.371498819858544,0.6692159339374143,-2.0950903341413847,-0.7412375657762945,6.873654909389895
1.317209353456406,21.41735157897733,0.687981969109871,-2.0617160553082856,-0.8130180136573268,6.896889169452975
1.2129037113211372,21.377736213194076,0.6700077718804138,-2.094609528766018,-0.7429565330475403,6.877235411076599
1.3199971084813569,21.42358008337397,0.6887787473346966,-2.0612429597609836,-0.8147407081550632,6.900465515730135
1.2156885002034337,21.38397343782061,0.6707994446975679,-2.09412885136756,-0.7446755914997158,6.880815845887218
1.3227851817975609,21.429808423585772,0.6895753574228275,-2.060769988232897,-0.8164634909523456,6.9040417971523205
1.2184736094327748,21.390210493804364,0.6715909524610479,-2.0936483018934426,-0.7463947410843542,6.884396213849019
1.3255735732580725,21.43603659967542,0.6903717994491512,-2.0602971406745163,-0.8181863620038081,6.907618013745314
1.221259038859627,21.39644738121173,0.6723822952432167,-2.0931678802909786,-0.7481139817528895,6.8879765149893375
1.328362282715692,21.44226461170571,0.6911680734886759,-2.059824417036228,-0.8199093212640088,6.911194165534939
1.2240447883342915,21.40268410010917,0.6731734731165244,-2.0926875865074157,-0.7498333134567158,6.891556749335535
1.331151310023064,21.448492459739548,0.6919641796164894,-2.0593518172683556,-0.8216323686874598,6.9147702525470685
1.2268308577080265,21.40892065056272,0.6739644861529319,-2.092207420490337,-0.7515527361475133,6.895136916914806
1.3339406550336685,21.454720143839427,0.6927601179072631,-2.0588793413215276,-0.8233555042289306,6.9183462748074
1.2296172468312718,21.415157032638795,0.674755334424831,-2.0917273821870364,-0.7532722497767279,6.898717017754489
1.3367303176003038,21.460947664068186,0.6935558884360047,-2.0584069891461114,-0.8250787278429828,6.921922232341775
1.2324039555549793,21.421393246403582,0.6755460180043544,-2.0912474715449862,-0.7549918542959626,6.902297051881837
1.3395202975762162,21.46717502048846,0.6943514912774991,-2.057934760692634,-0.8268020394843172,6.925498125175952
1.2351909837301753,21.427629291923235,0.6763365369636003,-2.090767688511681,-0.7567115496568483,6.9058770193240875
1.3423105948147123,21.47340221316287,0.6951469265065002,-2.0574626559116407,-0.8285254391076556,6.929073953335682
1.237978331208306,21.433865169263733,0.677126891374455,-2.0902880330347595,-0.7584313358111457,6.909456920108402
1.3451012091694863,21.479629242153848,0.6959421941975719,-2.0569906747538154,-0.8302489266678391,6.93264971684664
1.2407659978400087,21.44010087849142,0.6779170813092332,-2.0898085050615776,-0.7601512127103824,6.913036754262093
1.347892140493535,21.485856107524192,0.6967372944256173,-2.0565188171695725,-0.8319725021194966,6.936225415734643
1.24355398347712,21.446336419672104,0.6787071068396295,-2.089329104539906,-0.7618711803064468,6.916616521812253
1.3506833886409204,21.49208280933617,0.697532227265014,-2.0560470831097186,-0.8336961654175863,6.939801050025299
1.246342287970959,21.45257179287183,0.6794969680376161,-2.0888498314173347,-0.7635912385510795,6.920196222786075
1.3534749534652515,21.498309347652302,0.6983269927903643,-2.055575472524889,-0.8354199165169267,6.943376619744317
1.2491309111728814,21.458806998156632,0.6802866649751496,-2.0883706856414617,-0.7653113873960379,6.923775857210742
1.3562668348201585,21.504535722535103,0.6991215910762548,-2.0551039853657134,-0.8371437553723474,6.946952124917397
1.2519198529349058,21.465042035592255,0.6810761977238494,-2.087891667160115,-0.7670316267932826,6.927355425113318
1.35905903255991,21.51076193404678,0.6999160221969593,-2.054632621583058,-0.8388676819388733,6.9505275655701215
1.2547091131082402,21.471276905244814,0.6818655663557638,-2.087412775920841,-0.7687519566945387,6.930934926521022
1.3618515465380265,21.51698798224993,0.7007102862271164,-2.054161381127503,-0.8405916961713014,6.954102941728223
1.2574986915448723,21.477511607180077,0.6826547709425383,-2.086934011871451,-0.7704723770517693,6.934514361460925
1.3646443766087648,21.523213867206785,0.7015043832410044,-2.0536902639498957,-0.8423157980246568,6.957678253417294
1.260288588096857,21.483746141463776,0.6834438115557917,-2.086455374959781,-0.772192887816962,6.938093729960088
1.3674375226263924,21.529439588979596,0.7022983133128917,-2.0532192700010827,-0.8440399874539697,6.961253500662924
1.2630788026158124,21.489980508161857,0.6842326882673768,-2.0859768651335115,-0.7739134889419825,6.941673032045658
1.370230984444883,21.53566514763076,0.7030920765171904,-2.0527483992317914,-0.845764264414182,6.964828683490768
1.2658693349543069,21.49621470733985,0.6850214011486556,-2.0854984823406526,-0.7756341803789808,6.945252267744605
1.373024761918953,21.54189054322233,0.7038856729279489,-2.052277651593026,-0.8474886288604614,6.968403801926341
1.2686601849645147,21.502448739063446,0.6858099502712021,-2.0850291003848582,-0.7773540704785634,6.948838432192817
1.3758188549030617,21.548115775816488,0.7046791026193356,-2.051866302949953,-0.8492070840435442,6.972030344892131
1.2714513524982953,21.5086826033985,0.6865983357067612,-2.0847090715940535,-0.779058700354953,6.952540299901412
1.3786132632513852,21.554340845475572,0.705472365665661,-2.051647674446121,-0.8509050928928885,6.97581881377236
1.2742428374083328,21.514916300410498,0.6873865575266537,-2.084596312084491,-0.7807405454893643,6.956394426875732
1.3814079868187983,21.56056575226159,0.7062654621408904,-2.0516265449194275,-0.8525799970246979,6.979762312317643
1.2770346395470744,21.52114983016503,0.6881746158023294,-2.084686379713944,-0.7823981154281803,6.960386944060362
1.3842030254600193,21.566790496236624,0.7070583921190625,-2.051798978318001,-0.8542300971250752,6.983846766883532
1.2798267587673184,21.527383192727545,0.6889625106050619,-2.0849745978521623,-0.7840300612515024,6.964504434782871
1.386998379030045,21.573015077462646,0.7078511556740784,-2.0521607902318872,-0.8558538496161708,6.98805855508939
1.2826191949217025,21.53361638816356,0.6897502420062144,-2.0854560651078184,-0.7856351724063834,6.968733929915463
1.3897940473837775,21.579239496001684,0.7086437528798873,-2.052707557808877,-0.8574498631759424,6.992384501219109
1.2854119478627568,21.539849416538644,0.6905378100772117,-2.0861256650750577,-0.7872123735278087,6.973062903025811
1.392590030375994,21.58546375191583,0.7094361838104947,-2.0534346296896793,-0.8590168952455334,6.996811871610995
1.2882050174434,21.54608227791821,0.6913252148892834,-2.0869780760996264,-0.7887607212473885,6.977479265517127
1.3953863278618746,21.591687845267,0.7102284485397082,-2.054337135962553,-0.8605538485243329,7.001328370036841
1.290998403516634,21.55231497236762,0.6921124565136196,-2.088007781064123,-0.790279400989409,6.981971361757657
1.3981829396966339,21.597911776117087,0.711020547141318,-2.0554099981368097,-0.8620597674522722,7.005922133070431
1.293792105936008,21.558547499952,0.6928995350211329,-2.089209077192935,-0.7917677237546771,6.98652796419935
1.4009798657359753,21.60413554452778,0.7118124796888703,-2.0566479391358685,-0.8635338346798845,7.010581725445144
1.296586124554328,21.56477986073683,0.6936864504831299,-2.0905760858759646,-0.7932251228914536,6.991138268486138
1.4037771058349986,21.610359150561052,0.7126042462562096,-2.058045493308944,-0.8649753675254076,7.015296135401156
1.2993804592245648,21.571012054787516,0.6944732029708363,-2.092102762512531,-0.7946511508546007,6.9957918885511035
1.406574659848921,21.616582594278842,0.7133958469171191,-2.0595970164626416,-0.8663838144199496,7.020054770021523
1.3021751098005532,21.57724408216906,0.6952597925550319,-2.0937829063746056,-0.7960454759522497,7.000478851703005
1.4093725276337303,21.622805875742728,0.7141872817450039,-2.0612966959117633,-0.8677587513401347,7.0248474505575755
1.3049700761355176,21.583475942946762,0.6960462193068231,-2.095610170488695,-0.7974078790794243,7.005189593702485
1.4121707090449298,21.62902899501452,0.7149785508135041,-2.063138560548596,-0.8690998782276979,7.029664407743935
1.307765358083094,21.589707637185747,0.6968324832971078,-2.0975780715379946,-0.7987382504399678,7.009914953827123
1.4149692039383268,21.635251952155897,0.7157696541961098,-2.0651164909322053,-0.8704070153971939,7.034496277102409
1.3105609554970332,21.595939164951073,0.6976185845967284,-2.0996799997834863,-0.800036586255669,7.0146461699260305
1.4177680121699021,21.64147474722847,0.7165605919662242,-2.067224229396602,-0.8716800999309455,7.039334094235349
1.3133568682310743,21.602170526307827,0.6984045232765401,-2.1019092290044847,-0.8013029854630241,7.01937487346371
1.4205671335955643,21.647697380293895,0.7173513641972857,-2.069455390178078,-0.872919182061471,7.044169290108272
1.31615309613883,21.608401721321147,0.6991902994074707,-2.1042589264586056,-0.802537646397575,7.024093084553225
1.42336656807119,21.653919851413843,0.7181419709627463,-2.07180346956187,-0.8741244215414977,7.0489936863217295
1.318949639074396,21.614632750055968,0.6999759130602012,-2.1067221628613635,-0.8037408634660376,7.028793206978522
1.4261663154530706,21.66014216064981,0.7189324123358527,-2.0742618560481962,-0.8752960840016137,7.053799490372345
1.3217464968921195,21.620863612577107,0.7007613643052877,-2.109291922384884,-0.8049130238057688,7.033468023206215
1.4289663755976698,21.6663643080632,0.7197226883897656,-2.076823840537244,-0.8764345372952184,7.0585792909032685
1.3245436694458972,21.627094308949594,0.7015466532135273,-2.1119611126758393,-0.8060546039316916,7.038110689386757
1.4317667483611372,21.672586293715604,0.7205127991977993,-2.0794826265332773,-0.8775402478309186,7.063326052943943
1.3273411565897775,21.63332483923839,0.7023317798556445,-2.1147225748932375,-0.807166166371149,7.04271473034467
1.4345674335997483,21.678808117668538,0.721302744833205,-2.0822313403683195,-0.8786137768927007,7.068033113138974
1.3301389581783116,21.639555203508255,0.7031167443021078,-2.1175690937655083,-0.8082483562862771,7.047274034558127
1.437368431170195,21.68502977998335,0.722092525369028,-2.085063041444977,-0.8796557769475617,7.072694174966294
1.332937074066015,21.645785401823936,0.7039015466234078,-2.1204934076666686,-0.8093018980837053,7.051782849127989
1.4401697409291783,21.691251280721367,0.7228821408783059,-2.0879707324982153,-0.8806669879404563,7.07730330394472
1.3357355041070123,21.65201543425039,0.7046861868902488,-2.123488218711954,-0.8103275920118911,7.056235774736121
1.4429713627330718,21.697472619944115,0.7236715914342395,-2.090947369876378,-0.8816482335767702,7.0818549228308045
1.338534248156309,21.658245300852176,0.7054706651728775,-2.1265462028733744,-0.811326310746465,7.060627760592702
1.445773296439,21.70369379771274,0.7244608771096555,-2.0939858738419406,-0.8826004175926984,7.0863438068046545
1.34133330606863,21.664475001693972,0.7062549815416965,-2.129660020113846,-0.8122989959625017,7.064954099373301
1.448575541903844,21.70991481408854,0.7252499979775018,-2.0970791388906878,-0.8835245200125501,7.090765078645436
1.3441326776985085,21.67070453684056,0.7070391360672124,-2.132822324541111,-0.8132466548947094,7.069210422144989
1.4513780989843976,21.716135669132843,0.7260389541107662,-2.100220044090544,-0.8844215933938864,7.095114203895935
1.346932362900983,21.6769339063565,0.7078231288196755,-2.1360257745812636,-0.8141703568853422,7.07339269328169
1.4541809675378103,21.722356362906833,0.7268277455822616,-2.1034014634397034,-0.8852927590602385,7.09938698601633
1.3497323615311014,21.68316311030634,0.7086069598693348,-2.139263043171244,-0.8150712299193847,7.077497205369006
1.456984147421321,21.72857689547165,0.7276163724647549,-2.106616276243704,-0.8861392033211389,7.103579561527372
1.3525326734440666,21.689392148754578,0.7093906292863676,-2.14252682797093,-0.8159504571474744,7.081520574098267
1.4597876384922632,21.734797266888407,0.7284048348309649,-2.1098573775118017,-0.8869621736797365,7.1076883951427945
1.3553332984947732,21.695621021765845,0.7101741371411158,-2.145809861594406,-0.8168092733962448,7.085459733149968
1.4625914406077658,21.741017477218318,0.7291931327537119,-2.1131176883724465,-0.8877629750278302,7.111710274891067
1.358134236538935,21.701849729404415,0.7109574835034992,-2.149104921861136,-0.8176489616666488,7.089311929066227
1.4653955536256251,21.74723752652229,0.729981266305484,-2.116390166508376,-0.8885429658287283,7.115642307226161
1.3609354874317738,21.708078271734784,0.7117406684437021,-2.1524048420657027,-0.8184708496192343,7.093074716113006
1.4681999774032435,21.753457414861426,0.7307692355589617,-2.1196678166102023,-0.8893035542870955,7.11948191212801
1.3637370510286864,21.71430664882138,0.7125236920318241,-2.155702521267574,-0.8192763060475001,7.096745951131241
1.4710047117981953,21.75967714229677,0.7315570405867435,-2.122943700849806,-0.8900461945067341,7.123226818191901
1.3665389271849993,21.72053486072867,0.7133065543380047,-2.158990934599946,-0.8200667373385864,7.1003237883774855
1.4738097566679893,21.76589670888939,0.7323446814614554,-2.126210949372612,-0.8907723826356664,7.1268750577072995
1.369341115756788,21.72676290752076,0.7140892554319993,-2.1622631435983095,-0.8208435839218114,7.103806674353613
1.4766151118707942,21.77211611470005,0.7331321582553985,-2.129462770809437,-0.8914836529989645,7.130424961725775
1.372143616599578,21.732990789262058,0.7148717953838588,-2.165512306547678,-0.8216083167042453,7.107193342626272
1.4794207772643249,21.778335359789747,0.7339194710410955,-2.132692462806844,-0.8921815742186106,7.133875155118555
1.3749464295696237,21.739218506016606,0.7156541742632556,-2.1687316888500336,-0.822362433494503,7.110482808635105
1.4822267527069104,21.7845544442192,0.7347066198907668,-2.1358934225775004,-0.8928677453214224,7.137224551622932
1.3777495545223306,21.745446057848863,0.7164363921403154,-2.171914673410217,-0.8231074554134019,7.113674364490858
1.485033038056182,21.790773368049454,0.7354936048769742,-2.1390591574688362,-0.8935437918338826,7.1404723488784
1.3805529913138663,21.75167344482292,0.7172184490847668,-2.1750547710422103,-0.8238449232929703,7.116767573762168
1.4878396331704322,21.79699213134127,0.7362804260719542,-2.142183295551906,-0.8942113618651373,7.143618023451568
1.383356739800619,21.757900667002804,0.7180003451662349,-2.1781456308941047,-0.8245763940624958,7.1197622662520725
1.490646537908149,21.8032107341553,0.7370670835478446,-2.1452595962287506,-0.8948721221770449,7.146661325850689
1.3861607998388372,21.764127724452592,0.7187820804544196,-2.181181050892436,-0.8253034371222003,7.122658532763769
1.4934537521277043,21.80942917655228,0.7378535773768375,-2.148281960859004,-0.895527754241764,7.149602275529443
1.3889651712847968,21.770354617236357,0.7195636550190144,-2.184154988206134,-0.8260276307046029,7.125456719855619
1.496261275687514,21.815647458592924,0.738639907631105,-2.151244443405876,-0.896179950286963,7.152441155879907
1.3917698539946461,21.776581345418236,0.7203450689297837,-2.187061569729641,-0.8267505582233818,7.128157424585474
1.4990691084459167,21.82186558033801,0.7394260743828565,-2.1541412611012127,-0.8968304093284627,7.155178509214863
1.3945748478254578,21.78280790906195,0.7211263222560163,-2.1898951025858704,-0.8274738046100751,7.130761489244121
1.5018772502620057,21.82808354184794,0.7402120777039263,-2.1569668051300783,-0.8974808331906149,7.157815131739173
1.397380152633335,21.78903430823167,0.7219074150675133,-2.1926500846474766,-0.8281989526376776,7.133269996078555
1.5046857009940808,21.834301343183515,0.7409979176665387,-2.15971565133368,-0.8981329225135988,7.160352068510933
1.4001857682752727,21.795260542991166,0.7226883474336151,-2.1953212150787644,-0.8289275792326695,7.135684262003869
1.5074944605012388,21.840518984405175,0.7417835943425268,-2.1623825709326137,-0.8987883727489836,7.1627906083912825
1.402991694607811,21.801486613404414,0.7234691194239069,-2.197903404895886,-0.8296612517738707,7.138005833305051
1.5103035286421445,21.846736465573574,0.7425691078039327,-2.1649625412682427,-0.8994488701421122,7.1651322789840135
1.4057979314880007,21.807712519535176,0.7242497311077125,-2.200391787547144,-0.8304015243793935,7.140236480327651
1.513112905275951,21.85295378674912,0.7433544581225563,-2.1674507565640617,-0.9001160877025036,7.167378841564069
1.4086044787730407,21.813938261447134,0.7250301825542825,-2.202781729512226,-0.8311499341808593,7.142378192158008
1.5159225902619546,21.85917094799219,0.7441396453701294,-2.169842638705806,-0.9007916811614383,7.169532285995588
1.4114113363198215,21.820163839204135,0.7258104738330377,-2.2050688409207284,-0.8319079975851607,7.144433171292788
1.5187325834591607,21.865387949363296,0.7449246696185238,-2.17213384804064,-0.9014772849170489,7.171594825639184
1.4142185039855213,21.826389252869888,0.7265906050132516,-2.2072489861904074,-0.8326772065240242,7.146403828297652
1.5215428847268564,21.87160479092282,0.7457095309394689,-2.17432029419597,-0.9021745079671275,7.1735688922483725
1.4170259816272173,21.832614502508157,0.7273705761642577,-2.2093182946844383,-0.8334590246909208,7.1482927764554
1.5243534939242736,21.877821472731206,0.7464942294047265,-2.176398146917038,-0.9028849298292252,7.1754571308554125
1.419833769102588,21.838839588182438,0.7281503873550828,-2.2112731713883926,-0.834254883765775,7.150102826403234
1.5271644109111098,21.884037994848647,0.7472787650858219,-2.1783638469240585,-0.9036100964484539,7.177262394646285
1.4226418662690514,21.845064509956345,0.7289300386548911,-2.213110307606011,-0.835066179626903,7.151836980759593
1.5299756355469132,21.890254357335444,0.7480631380543545,-2.1802141167880627,-0.9043515160925211,7.178987739825156
1.425450272984016,21.85128926789352,0.7297095301328633,-2.2148266916747303,-0.8358942685507493,7.153498428740118
1.5327871676911966,21.89647056025192,0.7488473483819429,-2.1819459718262513,-0.9051106552344245,7.180636420468012
1.4282589891052984,21.8575138620574,0.7304888618579679,-2.2164196197005874,-0.8367404633992293,7.155090540762888
1.5355990072038297,21.902686603658232,0.7496313961400254,-2.1835567310165422,-0.9058889344227253,7.182211883365464
1.4310680144905759,21.863738292511506,0.7312680338992554,-2.217886706312127,-0.8376060297944214,7.156616863043117
1.5384111539446321,21.90890248761457,0.7504152814000649,-2.185044027931081,-0.906687724139118,7.18371776285506
1.4338773489976853,21.86996255931929,0.7320470463256975,-2.2192258954339716,-0.838492182281004,7.158081112177047
1.5412236077734809,21.91511821218111,0.7511990042334953,-2.1864058216890374,-0.9075083406436275,7.185157875642715
1.436686992484699,21.8761866625441,0.7328258992061479,-2.2204354710796066,-0.8394000804762071,7.1594871697151445
1.5440363685505243,21.921333777417907,0.7519825647116152,-2.1876404079286544,-0.9083520418073219,7.186536215613436
1.4394969448093482,21.882410602249447,0.7336045926096453,-2.221514068163342,-0.8403308252071789,7.160839076724777
1.5468494361356324,21.92754918338516,0.7527659629058607,-2.188746429798202,-0.9092200229323497,7.187856948631493
1.4423072058299016,21.8886343784986,0.7343831266049546,-2.2224606833320206,-0.8412854546362403,7.162141028341864
1.549662810389109,21.933764430142865,0.7535491988874518,-2.189722888966496,-0.910113412559762,7.189124407329569
1.4451177754044753,21.894857991354904,0.7351615012609233,-2.2232746858156216,-0.8422649403733419,7.1633973683122045
1.5524764911711773,21.93997951775108,0.7543322727276467,-2.1905691566521965,-0.9110332682645468,7.190343085887496
1.4479286533916136,21.901081440881512,0.7359397166461841,-2.223955828297542,-0.8432701835763682,7.164612583521807
1.5552904783423998,21.946194446269686,0.7551151844975361,-2.191284984672599,-0.9119805724383776,7.191517634800054
1.450739839649421,21.90730472714179,0.7367177728296023,-2.2245042578037735,-0.8443020110386871,7.165791298516842
1.5581047717629957,21.952409215758756,0.755897934268378,-2.191870516511188,-0.912956228059599,7.192652855634293
1.4535513340365998,21.91352785019883,0.7374956698797407,-2.224920526612049,-0.8453611712646586,7.166938270012546
1.5609193712937206,21.958623826278117,0.7566805221111683,-2.1923262984048764,-0.9139610544510745,7.19375369577578
1.4563631364116696,21.919750810115815,0.738273407865259,-2.2252056031796625,-0.8464483305323246,7.168058381391742
1.5637342767951532,21.964838277887676,0.7574629480969828,-2.192653290449931,-0.9149957830251512,7.194825243164534
1.4591752466330297,21.925973606955985,0.7390509868548878,-2.225360883090959,-0.8475640689438234,7.1691566371925575
1.5665494881278017,21.9710525706474,0.7582452122969376,-2.1928528777272596,-0.9160610530163174,7.19587272101999
1.4619876645595942,21.93219624078236,0.7398284069170951,-2.2253882000243053,-0.8487088764634921,7.170238157585324
1.569365005152614,21.977266704617055,0.7590273147819279,-2.192926881447045,-0.9171574072014402,7.19690148255522
1.464800390050561,21.93841871165783,0.7406056681202053,-2.22528983673808,-0.8498831489433404,7.171308172838926
1.5721808277307852,21.98348067985627,0.7598092556227238,-2.1928775701122953,-0.9182852876073392,7.19791700568057
1.4676134229648063,21.94464101964543,0.7413827705327161,-2.2250685360759235,-0.851087184135992,7.172372017776585
1.5749969557232706,21.989694496424832,0.7605910348902167,-2.192707670701412,-0.919445031205783,7.198924887696615
1.470426763161112,21.950863164808258,0.7421597142231812,-2.22472751199153,-0.8523211776953671,7.17343512622075
1.5778133889909314,21.99590815438257,0.7613726526553416,-2.1924203798702,-0.9206368655961245,7.199930839976325
1.4732404104986676,21.95708514720922,0.7429364992599484,-2.224270460592861,-0.8535852191649758,7.1745030254272635
1.5806301273949888,22.00212165378914,0.7621541089888546,-2.192019375173087,-0.9218609046754979,7.200940682636406
1.4760543648365578,21.96330696691128,0.7437131257114232,-2.223701571205359,-0.8548792879535513,7.1755813305090355
1.5834471707966211,22.00833499470425,0.762935403961533,-2.1915088263032323,-0.9231171442963116,7.201960339198122
1.4788686260341701,21.969528623977276,0.744489593645862,-2.2230255374547605,-0.8562032492984271,7.1766757388488305
1.5862645190572295,22.0145481771875,0.7637165376440425,-2.190893406351957,-0.9244054579113941,7.202995831237212
1.4816831939510813,21.97575011846994,0.7452659031314228,-2.2222475683691374,-0.8575568502163609,7.1777920245015565
1.5890821720384136,22.02076120129839,0.7644975101069498,-2.1901783030873667,-0.9257255922065466,7.2040532730232885
1.4844980684469198,21.981971450452026,0.7460420542362491,-2.2213733995000453,-0.8589397154419108,7.178936032585675
1.5919001296018231,22.026974067096436,0.7652783214207959,-2.1893692302519416,-0.9270771627205728,7.205138866148396
1.487313249380974,21.98819261998641,0.7468180470286633,-2.220409304063165,-0.8603513433532924,7.180113673664214
1.5947183916087992,22.03318677464128,0.7660589716562729,-2.1884724388792347,-0.9284596494527503,7.206258894144957
1.4901287366131906,21.994413627135692,0.7475938815766494,-2.2193621040984777,-0.8617911018861095,7.1813309181146225
1.5975369579213068,22.03939932399229,0.7668394608837645,-2.187494728630281,-0.9298723924580733,7.207419717092808
1.4929445300032236,22.000634471962616,0.7483695579483527,-2.2182391816493157,-0.8632582244341899,7.182593790488468
1.6003558284010666,22.045611715208963,0.7676197891737755,-2.186443459148317,-0.9313145874295985,7.208627766215714
1.4957606294109138,22.006855154529834,0.749145076211825,-2.217048489960976,-0.8647518057383077,7.183908363860024
1.6031750029099192,22.051823948350744,0.7683999565967471,-2.185326561433361,-0.9327852812685261,7.209889538467186
1.4985770346959264,22.01307567490009,0.7499204364352167,-2.2157985646985896,-0.8662707977622465,7.1852807541644745
1.6059944813096223,22.058036023477136,0.7691799632231637,-2.184152549235413,-0.9342833676416792,7.211211591105389
1.501393745718813,22.019296033135724,0.7506956386862191,-2.2144985351845525,-0.8678140055567541,7.1867171145250275
1.6088142634626341,22.0642479406473,0.7699598091231601,-2.1829305304674644,-0.9358075825266712,7.212600536257413
1.5042107623396257,22.025516229299313,0.7514706830327906,-2.2131581356546786,-0.8693800831104712,7.1882236295699515
1.6116343492310932,22.070459699920566,0.7707394943670309,-2.1816702186367745,-0.9373564997441529,7.214063035473005
1.5070280844184683,22.031736263453414,0.7522455695428705,-2.2117877165340842,-0.8709675291888679,7.189806509738409
1.6144547384771046,22.076671301356292,0.7715190190250847,-2.1803819442958945,-0.9389285264778531,7.215605794267436
1.5098457118158626,22.037956135660405,0.753020298284182,-2.210398255732453,-0.8725746831606712,7.191471985575734
1.6172754310631738,22.082882745013652,0.7722983831674313,-2.1790766665128563,-0.9405218987821289,7.217235556653594
1.5126636443916144,22.044175845982988,0.75379486932483,-2.209001369958028,-0.8741997208115078,7.193226302018262
1.6200964268512408,22.08909403095211,0.7730775868644604,-2.177765984359913,-0.9421346770766961,7.218959099663588
1.5154818820070055,22.0503953944832,0.7545692827321551,-2.207609326052121,-0.8758406501458361,7.195075712666924
1.6229177257044487,22.095305159230545,0.7738566301859637,-2.176462148422584,-0.9437647416294686,7.220783227859222
1.5183004245222738,22.056614781223562,0.7553435385740459,-2.206235052341157,-0.8774953071753812,7.197026474050875
1.625739327485109,22.101516129908255,0.7746355132021454,-2.175178072326287,-0.9454097880259933,7.222714767832384
1.5211192717983266,22.062834006266286,0.7561176369180492,-2.204892150009622,-0.8791613516960457,7.199084839879822
1.6285612320560938,22.107726943044273,0.7754142359829308,-2.1739273442834675,-0.9470673226271877,7.2247605626941365
1.5239384236953866,22.069053069673917,0.7568915778320748,-2.203594904491243,-0.8808362630516775,7.2012570552861845
1.6313834392797162,22.113937598697923,0.7761927985985209,-2.17272423865888,-0.9487346580139523,7.226927466553525
1.5267578800749009,22.075271971508432,0.7576653613833982,-2.20235829688043,-0.8825173358861459,7.203549351055879
1.6342059490193441,22.120148096928016,0.776971201118593,-2.1715837275549847,-0.9504089084199469,7.229222338985125
1.5295776407975519,22.081490711832174,0.7584389876397,-2.2011980153618382,-0.8842016758820452,7.205967937849237
1.6370287611376895,22.1263584377937,0.7777494436131515,-2.170521492415507,-0.9520869851510043,7.231652039486755
1.5323977057246057,22.087709290707213,0.7592124566683616,-2.200130466660288,-0.8858861954877206,7.208519000410572
1.6398518754979723,22.132568621353876,0.7785275261519444,-2.1695539356487354,-0.953765591992782,7.234223421925491
1.5352180747171351,22.09392770819572,0.759985768536871,-2.199172787509315,-0.8875676096313385,7.21120869176751
1.6426752919632768,22.138778647667525,0.7793054488047886,-2.1686981922697353,-0.955441220605411,7.2369433289737595
1.538038747636276,22.100145964359854,0.7607589233126888,-2.198342856139243,-0.88924243142275,7.214043127419345
1.6454990103967486,22.14498851679362,0.7800832116414691,-2.16797214156173,-0.9571101459058525,7.239818586534274
1.5408597243434914,22.1063640592616,0.7615319210631104,-2.19765930378466,-0.8909069678428879,7.217028379514788
1.6483230306618013,22.151198228791003,0.780860814731638,-2.167394418756746,-0.9587684214377394,7.2428559981544005
1.5436810047000389,22.11258199296307,0.7623047618555447,-2.1971415262109044,-0.8925573154205199,7.220170471019195
1.6511473526217029,22.157407783718586,0.7816382581450176,-2.1669844267350067,-0.9604118747285508,7.246062339429791
1.5465025885676427,22.118799765526155,0.7630774457571616,-2.196809695260173,-0.894189355896831,7.22347536987081
