1.6049326373420139,3.1588753599910726,-1.8973588362887654,0.2763922367761296,-0.7468330463993629,-0.2800996583456763
1.5769457810562637,3.0971804145203117,-1.8556211219305478,0.27022857583448223,-0.7322324260056943,-0.2753464710050828
1.5652482928639504,3.032703164518582,-1.826803884351936,0.26146434840432164,-0.7195941176681578,-0.27274399564823865
1.577634747292135,2.969168997721847,-1.8106396232290576,0.2500973740766158,-0.7091364211563449,-0.27345486484370957
1.599272210082749,2.914090401602463,-1.7936949941459823,0.23943656573766725,-0.6982051220026689,-0.2760651923454908
1.6259342695372303,2.8689669479644713,-1.7754600667404743,0.23000817070496413,-0.6854456727716958,-0.27996243464713116
1.6512644945429582,2.8356304037544606,-1.7533710371196314,0.2237839065459714,-0.6678306383667656,-0.2835541271288014
1.6719779883196202,2.8140251564254863,-1.7277783897271843,0.22154792342710672,-0.6424779192225616,-0.28569605153584215
1.7014308357375416,2.7959021749289006,-1.694003578960344,0.2177572605867356,-0.6246066638378237,-0.2958061594144807
1.561633616369365,2.8809866510738047,-1.8518751481543874,0.2217178748594418,-0.577131398282661,-0.24175969652745538
1.5766552511900753,2.8524069399660705,-1.8306873173164626,0.20897068807255098,-0.557326312220993,-0.2521158112202556
1.5900188197361995,2.830723427579598,-1.8125844772461106,0.19400866984355442,-0.539003258950186,-0.26410594804414145
1.6005329443674174,2.814390623461745,-1.7984446910499896,0.17651248501818453,-0.5231062896885041,-0.27746347296877105
1.6072932877382515,2.801659605855785,-1.7887952670406124,0.15645797409200338,-0.5105518713863159,-0.2917369267018295
1.6097178248551365,2.790658322379217,-1.7837958519822963,0.13406904863289895,-0.5018992825022246,-0.3063215160757606
1.6075723947109106,2.779480672113628,-1.783234065153296,0.10967098849339056,-0.4974522730259967,-0.3205356138235177
1.600983404500085,2.7662823595001904,-1.786536450288993,0.08369617071986583,-0.497630765346048,-0.3336147630872465
1.5904345605626404,2.749379674801052,-1.792797012441974,0.05680776012565196,-0.5027964345901733,-0.34478691125836014
1.5767451616735082,2.7273455967493754,-1.8008244238840359,0.029796331069194052,-0.5126719102470093,-0.3536214491994151
1.5610288427229517,2.699096334516268,-1.809207210221189,0.0032707450056003863,-0.5264082940557107,-0.360195379170907
1.5446335752300888,2.6639610207734328,-1.8163941075447079,-0.022411584005399963,-0.5432090931380208,-0.3648472155591989
1.521328168971329,2.6253816254373845,-1.8136365649124089,-0.04665003864755669,-0.5560380311391154,-0.37033160353295685
1.4985453426102298,2.5809802719988912,-1.8050582136952704,-0.06933231191340143,-0.5697574037204141,-0.37514546067620697
1.4796126116612878,2.5306059838857267,-1.7910466399976017,-0.09013427913513784,-0.5859092971059793,-0.3788302338736575
1.4684343574007053,2.4741811081820373,-1.7726260723399632,-0.11007680918292405,-0.6042181157992427,-0.38302177247817454
1.4623075378524453,2.415219440810225,-1.7499093810548096,-0.1271402832425489,-0.621784871421807,-0.3862940267725301
1.453237753858218,2.3588140473545303,-1.7262349854587051,-0.1390396331512845,-0.6327490144292053,-0.3863994930295242
1.4415884809353183,2.3047545162215495,-1.7015794752918245,-0.14737243887030724,-0.6388551748034879,-0.38445291452711294
1.4279155612810188,2.2527601894051372,-1.6761573239957372,-0.153201220960368,-0.6414107887630365,-0.3811525566000664
1.4127183467396585,2.2025846296071605,-1.6502029113582422,-0.15722702226648702,-0.641342837135914,-0.3769398838775738
1.3963922766518564,2.154031684437982,-1.6239144120318936,-0.15992003308862324,-0.6393036720352565,-0.3721012637309227
1.3792379825819672,2.1069487832379408,-1.5974471101331187,-0.16160343166579394,-0.6357569947977961,-0.3668281155848745
1.3614814376385609,2.0612167821318637,-1.5709196389972022,-0.1625052381856964,-0.6310378181466815,-0.36125222762788456
1.343292577261356,2.016741225249209,-1.544422081717878,-0.16279045142444545,-0.6253925748113904,-0.3554668389736722
1.324458980428505,1.9735729928118901,-1.5178119649424773,-0.16262756196356615,-0.6190402526668285,-0.34961646710946376
1.3051286130212896,1.9316259341875412,-1.4911837199336555,-0.16210452269775594,-0.6121225187137136,-0.34374328530920945
1.2854317312317258,1.8908230133087067,-1.4646196125069675,-0.16128662388036333,-0.6047473123540874,-0.3378748778817444
1.2654691740508797,1.8511001450881244,-1.438182680056501,-0.16022482324968587,-0.5969991312358508,-0.3320319233455795
1.2453198194618311,1.8124029630491025,-1.4119216957990302,-0.158959523550572,-0.5889449715007619,-0.32623012137912716
1.225045926891159,1.7746845181803361,-1.3858746920048257,-0.15752321545764789,-0.5806385736829844,-0.3204815090824298
1.20469702137141,1.7379036153217333,-1.3600714999112826,-0.15594236189292654,-0.5721235031523967,-0.31479537899346083
1.1843127570355254,1.702023592611748,-1.3345356081314905,-0.1542387652994242,-0.5634354169248882,-0.3091789316145212
1.163925056022566,1.6670114134087042,-1.3092855415422702,-0.15243057614636485,-0.5546037541651345,-0.30363774736649174
1.1435597258979668,1.6328369817233186,-1.2843358978633443,-0.15053304831226305,-0.5456530127815549,-0.2981761334891362
1.12323769684059,1.599472619688682,-1.2596981365105007,-0.14855911309048794,-0.5366037248250082,-0.29279738293632945
1.1029759781520991,1.5668926640017058,-1.2353811858424923,-0.14651982132025054,-0.5274732099939408,-0.2875039704674374
1.0827884051559344,1.535073150768099,-1.2113919156449102,-0.14442468829853908,-0.5182761637750697,-0.28229770338379084
1.0627228803576645,1.5039810941042608,-1.1877514844250805,-0.1422821708495804,-0.5090508634864856,-0.2771651096426785
1.0428873529845755,1.4735679926698328,-1.1645048861523706,-0.14009993017763825,-0.49987670190045874,-0.27206711240544285
1.02328443095765,1.4438165165070322,-1.1416499385453456,-0.13788425497866164,-0.49075854468312025,-0.2670060827198289
1.0039157100810716,1.4147100806155986,-1.1191839145792017,-0.1356407249879319,-0.48170039823650634,-0.2619839532735229
0.9847819368572978,1.3862327715081793,-1.0971036360830604,-0.13337432208140507,-0.47270553718825176,-0.2570022926875221
0.9658831431758531,1.3583692855179763,-1.0754055514119105,-0.13108952206714528,-0.4637766106172314,-0.25206236803883453
0.947218759079597,1.3311048763889355,-1.0540858005174527,-0.12879037068685162,-0.45491573173031447,-0.24716519788507657
0.9315158500965929,1.3037492049074328,-1.0341399648718703,-0.12745386901102335,-0.44871542431943423,-0.24357434330766434
0.9160725191160229,1.2769707996438795,-1.014550005421717,-0.125995733702761,-0.44237912225384357,-0.23987672717346611
0.9008303331673307,1.2507701364310817,-0.9952913907205397,-0.12442904580810865,-0.4359133160879605,-0.23608758271959862
0.8855918812246475,1.2251797541628318,-0.9762936675064587,-0.12278076829646084,-0.42934185579319195,-0.23225748127057755
0.8703567349202017,1.200184724699467,-0.9575566130590702,-0.12105719872534788,-0.42266538301026985,-0.22838879314970068
0.8551238985756963,1.1757706029172879,-0.9390796554595561,-0.11926421301752917,-0.4158842052823307,-0.22448359950851504
0.8398917653810375,1.1519234191232446,-0.9208618834072833,-0.11740728184069998,-0.4089982544659431,-0.22054368011866535
0.8246580525241891,1.1286296754134248,-0.9029020504561349,-0.11549148246815853,-0.402007030189265,-0.2165704942568362
0.809419710720171,1.1058763464730776,-0.8851985729678945,-0.1135215059240834,-0.3949095247525015,-0.21256515319086047
0.793322243543995,1.0838277260143125,-0.8674982387006301,-0.11132662075513511,-0.3870170419987138,-0.2082318947807096
0.7780354767294024,1.0621234675436053,-0.8502937260271497,-0.10925393755703353,-0.37967941350508894,-0.20415486955273038
0.762723715972254,1.040924320004178,-0.833337481162093,-0.10713805896450747,-0.372224607717785,-0.20004468775049672
0.7475534161204306,1.020185105765731,-0.8166744578112772,-0.10502469596211761,-0.36478860072291475,-0.1959581461008404
0.7326844446116023,0.9998641461327915,-0.8003445763296777,-0.10295504757332173,-0.3575019397096165,-0.1919487154635061
0.7181108420551259,0.9799530739614396,-0.7843411284692571,-0.10092902447434482,-0.35036156581113437,-0.1880146557223028
0.7038267639441494,0.9604436886028302,-0.7686575467863097,-0.09894673032038634,-0.3433644664740867,-0.1841541946976852
0.6898264788631802,0.9413279526808789,-0.7532874010769717,-0.09700135720231888,-0.3365077947553814,-0.18036746737077358
0.6761043666606392,0.9225979889269492,-0.7382243949719769,-0.09508995461950764,-0.32978873421603816,-0.17665380191980626
0.6626549165976238,0.904246077070685,-0.7234623626758004,-0.09321211543017534,-0.32320449280134195,-0.17301190976087366
0.6494727254821986,0.8862646507862167,-0.7089952658373841,-0.09136742897113576,-0.316752337728896,-0.16944052760829723
0.6365524957969825,0.8686462946929272,-0.6948171905413523,-0.08955547977326409,-0.31042959394480313,-0.16593841407562243
0.6238890338264935,0.8513837414100613,-0.6809223444100636,-0.08777584678009506,-0.30423364261609204,-0.16250434675193454
0.6114772477896269,0.8344698686644072,-0.6673050538080675,-0.0860281029981661,-0.2981619196696115,-0.1591371197579161
0.5993121459817352,0.8178976964503425,-0.6539597611415735,-0.08431181550597872,-0.29221191438459343,-0.15583554176917597
0.5883941428414151,0.8015049609627486,-0.6410917751915673,-0.08279451369729365,-0.28716977905599034,-0.15295217171147105
0.5775177598197069,0.7854729921428447,-0.6284402246434526,-0.08126986764936124,-0.2820913997690358,-0.15006830323650866
0.5666837946427806,0.7697932701105069,-0.6160027976240602,-0.07973976025107468,-0.2769779606083591,-0.14718518267592798
0.555893040987966,0.7544574837107593,-0.6037771532768876,-0.07820597666421825,-0.2718306726038899,-0.14430400804887952
0.5451462878087376,0.7394575256360131,-0.5917609248792597,-0.07667020807899934,-0.2666507714025361,-0.14142592971607829
0.5344443184862435,0.724785487672469,-0.5799517227882297,-0.07513405530809497,-0.26143951487266853,-0.1385520510274146
0.5238099880074469,0.7104306193753234,-0.5683511802957536,-0.07360263122562674,-0.2562160036658707,-0.13568998433872487
0.5133870868064612,0.6963662254822321,-0.5569823000416507,-0.07210004940840088,-0.251097332932721,-0.13288286006897596
0.5031714167521083,0.6825864903935185,-0.545840456094657,-0.07062579356740466,-0.24608138681883818,-0.13012959620894676
0.49315886288254585,0.6690857150305997,-0.534921115682391,-0.0691793548212446,-0.24116609240809725,-0.12742913231160427
0.4833453917792139,0.655858314526182,-0.524219837231778,-0.06776023165489224,-0.2363494188336897,-0.12478042892620642
0.47372704996899706,0.6428988159581983,-0.5137322684582132,-0.0663679298780813,-0.23162937641072023,-0.12218246706365386
0.4642999623546328,0.6302018561267781,-0.5034541445015399,-0.06500196258328236,-0.22700401578938542,-0.1196342476902384
0.4550603306733364,0.6177621793735665,-0.4933812861070915,-0.06366185010284636,-0.2224714271279369,-0.1171347912473852
0.446004431983511,0.6055746354427048,-0.48350959785013947,-0.06234711996539678,-0.21802973928457065,-0.1146831371949972
0.4371286171793882,0.5936341773827756,-0.47383506640222595,-0.06105730685106061,-0.2136771190275818,-0.11227834357646259
0.4284293095333631,0.5819358594890469,-0.46435375883793495,-0.05979195254555561,-0.209411770263063,-0.10991948660339242
0.41990300326576635,0.5704748352853273,-0.4550618209807718,-0.058550605893011344,-0.2052319332795282,-0.10760566025842384
0.4115462621417731,0.5592463555447689,-0.44595547578687433,-0.05733282274714006,-0.20113588400893928,-0.10533597591465878
0.40335571809512283,0.5482457663489503,-0.4370310217653738,-0.05613816592115535,-0.19712193330349628,-0.10310956197020725
0.3953280698782998,0.537468507184584,-0.428284831434279,-0.05496620513582914,-0.1931884262278049,-0.10092556349677254
0.3874600817388019,0.5269101090771893,-0.41971334981081254,-0.05381651696603868,-0.18933374136587125,-0.09878314190102709
0.37974858212111257,0.516566192761095,-0.41131309293520335,-0.052688684785608494,-0.18555629014252753,-0.09668147459781753
0.3721904623939873,0.506432466885123,-0.40308064642695945,-0.051587046158810476,-0.1818602515312873,-0.09460353673254915
0.3647826756026367,0.4965047262533297,-0.3950126640727217,-0.05050159477049715,-0.1782325632169193,-0.09258137354911039
0.357522235245404,0.4867788501001701,-0.38710586644481687,-0.04943679305912435,-0.17467753309636894,-0.09059757981997459
0.3504062140745095,0.4772508003994764,-0.3793570395496851,-0.0483922508804058,-0.17119369748588045,-0.08865139414420539
0.3434317429204515,0.46791662020664126,-0.3717630335053779,-0.04736758459404945,-0.16777962235232005,-0.08674206964231843
0.3365960095396383,0.458772432033395,-0.3643207612473728,-0.04636241699839878,-0.16443390271328273,-0.0848688736836825
0.3298962574848272,0.44981443625458833,-0.35702719726196147,-0.04537637726412487,-0.16115516204916847,-0.08303108762081401
0.32332978499795373,0.4410389095463956,-0.34987937634652316,-0.044409100866129876,-0.15794205172711404,-0.08122800653033768
0.31689394392493414,0.4324422033553572,-0.34287439239598994,-0.043460229514630216,-0.15479325043636627,-0.07945893896000081
0.31058613865202317,0.42402074239769205,-0.336009397214868,-0.042529411084735264,-0.15170746363498078,-0.07772320668154312
0.3044038250633158,0.41577102318831183,-0.3292815993541788,-0.041616299545054566,-0.148683423007528,-0.07602014444900355
0.29834450951899044,0.40768961259899433,-0.3226882629727192,-0.04072055488549091,-0.14571988593357485,-0.0743490997621429
0.2924057478538834,0.3997731464451581,-0.3162267067220534,-0.03984184304387085,-0.14281563496678557,-0.07270943263481484
0.28658514439600685,0.39201832810070875,-0.30989430265467477,-0.03897983583197797,-0.13996947732435946,-0.07110051536794347
0.2808803510046124,0.38442192714042006,-0.30368847515479364,-0.03813421086092167,-0.13718024438662244,-0.0695217323269226
0.2752890661274132,0.3769807780093325,-0.29760669989121574,-0.03730465146573361,-0.13444679120660352,-0.06797247972328271
0.2698090338765948,0.3696917787186575,-0.29164650279180643,-0.03649084662962534,-0.13176799602935596,-0.06645216540038117
0.26443804312322516,0.3625518895676746,-0.28580545903904453,-0.03569249090780536,-0.12914275982085605,-0.06496020862299498
0.2591739266097132,0.35555813189113245,-0.28008119208618265,-0.03490928435090485,-0.12657000580630978,-0.06349603987067934
0.25401456007994033,0.34870758683165887,-0.27447137269354727,-0.03414093242825116,-0.12404867901766171,-0.06205910063473262
0.2489578614267241,0.34199739413670044,-0.2689737179845303,-0.033387145950952046,-0.12157774585015156,-0.06064884321867669
0.24400178985625265,0.33542475097951785,-0.26358599052082865,-0.03264764099487642,-0.11915619362774356,-0.059264730542142485
0.23914434506916035,0.3289869108037784,-0.25830599739650645,-0.03192213882369336,-0.11678303017725589,-0.05790623594804731
0.2343835664578986,0.32268118219126934,-0.25313158935046515,-0.031210365811984952,-0.11445728341102634,-0.0565728430129961
0.22971753232008676,0.31650492775230826,-0.24806065989691953,-0.030512053368440102,-0.11217800091797071,-0.055264045360826596
0.22514435908750244,0.3104555630383884,-0.2430911444734776,-0.029826937859283104,-0.10994424956285705,-0.05397934647921891
0.22066220057041508,0.30453055547663344,-0.23822101960646044,-0.02915476053205225,-0.1077551150936404,-0.052718259539291
0.21626924721694027,0.2987274233256339,-0.23344830209306955,-0.028495267439536905,-0.10560970175673362,-0.05148030721816301
0.21196372538711603,0.2930437346522449,-0.22877104820005664,-0.027848209364306473,-0.10350713192002099,-0.0502650215243702
0.2077438966414033,0.28747710632893536,-0.22418735287852964,-0.027213341743456194,-0.10144654570351708,-0.049071943626140604
0.20360805704331975,0.2820252030512819,-0.21969534899456025,-0.026590424593997134,-0.09942710061748289,-0.04790062368243327
0.19955453647592208,0.2766857363752136,-0.21529320657525322,-0.02597922243866978,-0.09744797120788715,-0.046750620676728825
0.19558169797185637,0.2714564637736154,-0.21097913206995295,-0.025379504232368507,-0.0955083487090571,-0.04562150225350887
0.1916879370567057,0.2663351877119068,-0.20675136762626398,-0.024791043289178014,-0.09360744070338436,-0.04451284455739359
0.1878716811053609,0.26131975474222485,-0.20260819038058298,-0.0242136172099511,-0.09174447078796154,-0.04342423207490727
0.18413138871116522,0.25640805461583616,-0.19854791176283054,-0.02364700781070136,-0.08991867824799343,-0.04235525747880935
0.18046554906755582,0.25159801941341914,-0.1945688768150892,-0.023091001051538447,-0.08812931773687664,-0.04130552147499381
0.17687268136197365,0.24688762269286324,-0.19066946352386152,-0.022545386966401033,-0.08637565896280372,-0.040274632651894564
0.1733513341817741,0.24227487865423533,-0.1868480821656634,-0.02200995959358754,-0.08465698638175802,-0.039262207332364345
0.16990008493191636,0.23775784132156408,-0.1831031746656752,-0.02148451690689347,-0.08297259889680259,-0.03826786942803114
0.16651753926418014,0.23333460374112194,-0.17943321396918774,-0.0209688607477031,-0.08132180956350366,-0.0372912502960499
0.16320233051768673,0.22900329719586124,-0.17583670342557225,-0.020462796757773224,-0.0797039453013946,-0.03633198859826338
0.15995311917049562,0.22476209043568682,-0.17231217618452255,-0.01996613431284494,-0.07811834661135156,-0.03538973016272172
0.1567685923020583,0.2206091889232497,-0.16885819460431967,-0.01947868645714602,-0.0765643672987588,-0.03446412784753137
0.153647463066305,0.21654283409495256,-0.16547334967186608,-0.019000269838636372,-0.07504137420235936,-0.03355484140701888
0.15058847017516014,0.21256130263685122,-0.16215626043426054,-0.018530704645210894,-0.07354874692866524,-0.0326615373601612
0.14759037739227185,0.20866290577517205,-0.15890557344166523,-0.01806981454161645,-0.07208587759183072,-0.03178388886127813
0.144651973036755,0.20484598858113354,-0.155719962201251,-0.017617426607361587,-0.07065217055886241,-0.030921575572937125
0.14177206949674964,0.2011089292897948,-0.1525981266419859,-0.017173371275484885,-0.06924704220006651,-0.030074283541051842
0.13894950275259663,0.19745013863264974,-0.14953879259004974,-0.01673748227203701,-0.0678699206446393,-0.02924170507215853
0.1361831319094355,0.19386805918368227,-0.14654071125466187,-0.016309596556616922,-0.06652024554127067,-0.028423538612822156
0.13347183873904944,0.19036116471862222,-0.14360265872411337,-0.01588955426370909,-0.0651974678236804,-0.027619488631155178
0.13081452723075826,0.18692795958713218,-0.14072343547179544,-0.015477198644886869,-0.0639010494809787,-0.02682926550042077
0.12821012315119035,0.1835669780976524,-0.13790186587202125,-0.015072376011843575,-0.06263046333275588,-0.026052585384706475
0.1256575736127545,0.18027678391467758,-0.13513679772545115,-0.0146749356804339,-0.061385192808794634,-0.025289170126602305
0.1231558466506359,0.1770559694681822,-0.1324271017939242,-0.014284729915418815,-0.06016473173332667,-0.024538747136907867
0.12070393080815424,0.1739031553749702,-0.12977167134450737,-0.01390161387613391,-0.058968584113728545,-0.023801049286304055
0.11830083473030777,0.17081698987170768,-0.12716942170257975,-0.01352544556312454,-0.05779626393356102,-0.023075814798962403
0.11594558676535464,0.1677961482593876,-0.12461928981377095,-0.01315608576541253,-0.05664729494988444,-0.022362787148103903
0.11363723457425885,0.1648393323590118,-0.12212023381457739,-0.012793398008828076,-0.05552121049473233,-0.02166171495342183
0.11137484474785822,0.16194526997826222,-0.1196712326114789,-0.012437248505057296,-0.05441755328068293,-0.020972351880392596
0.10915750243158645,0.15911271438892155,-0.11727128546839526,-0.012087506101575586,-0.053335875210426355,-0.020294456541419606
0.10698431095761624,0.15634044381485374,-0.11491941160230854,-0.011744042232364244,-0.05227573719025775,-0.01962779239879175
0.10485439148426713,0.15362726093030987,-0.11261464978689317,-0.01140673086953246,-0.051236708947402204,-0.018972127669425996
0.10276688264253565,0.1509719923683531,-0.1103560579639897,-0.011075448475661106,-0.050218368851104055,-0.018327235231377945
0.10072094018960616,0.14837348823921473,-0.10814271286277526,-0.010750073957011089,-0.049220303737393375,-0.017692892532075784
0.09871573666921313,0.14583062165835262,-0.10597370962646875,-0.0104304886175089,-0.04824210873745819,-0.017068881498270284
0.09675046107870765,0.14334228828404486,-0.1038481614464279,-0.010116576113510783,-0.04728338710954674,-0.01645498844766227
0.09482431854270389,0.14090740586430361,-0.1017651992034848,-0.009808222409372904,-0.046343750074322794,-0.015851004002181156
0.09293652999317213,0.13852491379293155,-0.09972397111638762,-0.00950531573380638,-0.045422816653605244,-0.015256723002898221
0.09108633185585595,0.1361937726745342,-0.09772364239719157,-0.009207746536901863,-0.04452021351242536,-0.014671944426540252
0.08927297574288161,0.1339129638983026,-0.0957633949134799,-0.008915419419017816,-0.043635622499335905,-0.014096375625283809
0.08749572815144367,0.13168148922040018,-0.09384242685726475,-0.008628205054844027,-0.042768588834289634,-0.013530016990197229
0.08575387016844599,0.1294983703547604,-0.09195995242044554,-0.008346012431227567,-0.041918809786814226,-0.01297258166611802
0.08404669718098041,0.1273626485721474,-0.09011520147668729,-0.008068740469706242,-0.04108594107898647,-0.012423884369738118
0.08237351859252273,0.12527338430729,-0.08830741926960033,-0.007796290109729718,-0.040269645333694204,-0.011883743559095683
0.08073365754474704,0.12322965677394741,-0.0865358661070898,-0.007528564270155472,-0.0394695919351663,-0.011351981359169407
0.07912645064483147,0.1212305635877324,-0.08479981706175822,-0.00726546781143084,-0.038685456892360276,-0.010828423488900245
0.07755124769815896,0.11927522039652806,-0.08309856167723599,-0.007006907352792882,-0.03791692189898102,-0.010312900797662587
0.07600741144630443,0.11736276051837406,-0.08143140368033208,-0.006752790807512774,-0.03716367145569715,-0.009805254662914039
0.07449431731019861,0.11549233458663082,-0.07979766069887777,-0.006503028831049293,-0.03642540112338817,-0.009305320190177633
0.07301135313837269,0.11366311020230581,-0.07819666398516188,-0.006257533863385327,-0.03570181253919356,-0.008812935865967557
0.07155791896018394,0.11187427159339113,-0.07662775814484048,-0.006016220095070927,-0.03499261329487173,-0.00832794348783753
0.07013342674392098,0.11012501928105084,-0.07509030087121599,-0.0057790034338537615,-0.03429751681761075,-0.007850188095924786
0.06873730015969141,0.10841456975254414,-0.0735836626847808,-0.005545801471960761,-0.03361624225323254,-0.007379517905927721
0.06736897434700646,0.10674215514073902,-0.07210722667791634,-0.005316533453948796,-0.03294851435175045,-0.006915784243504678
0.0660278956869591,0.10510702291007315,-0.07066038826465446,-0.005091120245173783,-0.03229406335522667,-0.006458841480056098
0.06471352157890987,0.1035084355488475,-0.0692425549353914,-0.004869484300756325,-0.031652624887886345,-0.006008546969865919
0.06342532022159611,0.10194567026771811,-0.0678531460164655,-0.004651549635213408,-0.031023939848439385,-0.005564760988567565
0.062162770398571626,0.10041801870425089,-0.06649159243449806,-0.004437241792522511,-0.03040775430456916,-0.005127346672911715
0.06092536126789232,0.09892478663343876,-0.06515733648540145,-0.004226487816902247,-0.029803819389537193,-0.0046961699617984465
0.05971259215596544,0.09746529368403065,-0.06384983160796966,-0.004019216223970267,-0.029211891200868825,-0.0042710995385612455
0.058523972355483,0.0960388730605933,-0.06256854216195445,-0.00381535697249504,-0.02863173070107422,-0.003852006774462304
0.057359020927353545,0.09464487127114522,-0.06131294321054103,-0.0036148414366618496,-0.028063103620361553,-0.0034387656733786795
0.05621726650655791,0.09328264786028796,-0.0600825203071353,-0.003417602378941109,-0.027505780361302096,-0.0030312528176545564
0.05509824711185005,0.09195157514770093,-0.05887676928638283,-0.003223573923250119,-0.02695953590541495,-0.0026293473150955315
0.05400150995922552,0.09065103797191151,-0.057695196059324855,-0.00303269152880537,-0.02642414972162139,-0.002232930747068894
0.05292661127908918,0.08938043343919812,-0.05653731641262583,-0.0028448919644153384,-0.02589940567653818,-0.0018418871177072833
0.05187311613704017,0.08813917067756925,-0.05540265581177477,-0.0026601132831858853,-0.025385091946571833,-0.0014561028041694263
0.05084059825821345,0.08692667059567823,-0.0542907492081954,-0.0024782947977188673,-0.024881000931777284,-0.0010754665079497283
0.049828639855097806,0.08574236564659438,-0.05320114085018388,-0.0022993770558805246,-0.02438692917144036,-0.0006998692072079288
0.048836831458769964,0.08458569959631675,-0.05213338409759396,-0.0021233018168318545,-0.023902677261359296,-0.00032920411010399606
0.047864771753472576,0.08345612729696326,-0.05108704124020383,-0.0019500120276848575,-0.023428049772780568,3.663339090417354e-05
0.04691206741446992,0.08235311446448759,-0.050061683319683886,-0.00177945180048261,-0.02296285517296156,0.00039774576378209906
0.04597833294912194,0.08127613746090841,-0.04905688995510278,-0.0016115663896627997,-0.022506905747327187,0.0007542333807291326
0.04506319054110618,0.08022468308088593,-0.04807224917189182,-0.0014463021698946762,-0.0220600175231853,0.0011061945610578532
0.044166269897732424,0.07919824834259151,-0.04710735723421188,-0.0012836066144534123,-0.021622010194970783,0.0014537256131761352
0.04328720810028182,0.07819634028280951,-0.04616181848064324,-0.0011234282738232188,-0.021192707050989974,0.0017969208757089648
0.042425649457318054,0.07721847575611278,-0.045235245163140834,-0.0009657167548433143,-0.02077193490163126,0.002135872757732531
0.04158124536090667,0.07626418123811952,-0.044327257289188085,-0.0008104227001897654,-0.02035952400901434,0.0024706717782030786
0.04075365414568595,0.07533299263267859,-0.04343748246708484,-0.0006574977682242244,-0.019955308018049928,0.002801406604540873
0.039942540950738556,0.07442445508292969,-0.04256555575431302,-0.0005068946133163723,-0.0195591238888786,0.0031281640904140674
0.03914757758419751,0.07353812278617484,-0.04171111950890889,-0.00035856686638688806,-0.0191708118306652,0.003451029312746777
0.038368442390546535,0.07267355881245083,-0.04087382324379378,-0.00021246911600527712,-0.01879021523671653,0.003770085607941628
0.03760482012054937,0.07183033492677521,-0.040053323483996074,-6.855688963448184e-05,-0.018417180620901617,0.004085414607365936
0.03685640180376089,0.07100803141491888,-0.039249283626713434,7.321336458303289e-05,-0.018051557555341845,0.0043970962720834336
0.036122884623574845,0.07020623691272615,-0.03846137380415749,0.00021288429579971541,-0.017693198609351323,0.004705208926881075
0.03540397179474357,0.06942454823883717,-0.037689270749122254,0.00035049766804580977,-0.0173419592895966,0.005009829293581346
0.0346993724433391,0.06866257023076607,-0.03693265766322794,0.000486094377559797,-0.016997697981458847,0.005311032523659607
0.034008801489091106,0.0679199155842884,-0.036191224087782914,0.0006197144696220837,-0.016660275891564328,0.005608892230199457
0.033331979530065725,0.06719620469603903,-0.0354646657772156,0.0007513971553060406,-0.016329556991470193,0.005903480519169148
0.03266863272963185,0.0664910655092822,-0.034752684575023396,0.0008811808276913978,-0.016005407962473638,0.006194868020067675
0.03201849270567599,0.06580413336277258,-0.03405498829218884,0.0010091030778873308,-0.015687698141526735,0.006483123915925448
0.03138129642201721,0.06513505084264179,-0.033371290588014094,0.0011352007107300003,-0.015376299468235044,0.00676831597268473
0.030756786081975317,0.06448346763728581,-0.032701310853329384,0.0012595097601650618,-0.015071086432913565,0.0070505105679853864
0.03014470902406238,0.06384904039512014,-0.03204477409601949,0.001382065504344855,-0.014771936025685257,0.007329772719337059
0.029544817619737103,0.06323143258524372,-0.03140141082883577,0.0015029024804530694,-0.014478727686594714,0.007606166111729113
0.028956869173198046,0.06263031436086323,-0.030770956959435672,0.0016220544991902104,-0.014191343256722251,0.007879753124663052
0.02838062582316851,0.062045362425451465,-0.03015315368261496,0.001739554659082194,-0.013909666930275202,0.008150594858613167
0.02781585444662781,0.06147625990164058,-0.029547747374680158,0.0018554353604230333,-0.013633585207636212,0.008418751160980582
0.02726232656446351,0.060922696202684166,-0.02895448948993052,0.0019697283189749246,-0.013362986849352023,0.008684280651467658
0.026719818248991865,0.060384366906537,-0.02837313645919605,0.0020824645794536266,-0.013097762831041625,0.008947240746956388
0.026188110033326894,0.059860973632467666,-0.02780344959039973,0.002193674528664936,-0.012837806299206953,0.009207687685882038
0.02566698682253883,0.05935222392010269,-0.027245194971097727,0.002303387908521711,-0.012583012527925791,0.009465676552076325
0.025156237806589803,0.058857831110952566,-0.02669814337296141,0.002411633828631443,-0.012333278876411084,0.009721261298150876
0.024655656374997864,0.058377514232267454,-0.026162070158164175,0.002518440778831862,-0.012088504747420768,0.009974494768379607
0.024165040033193527,0.05791099788325317,-0.02563675518762897,0.0026238366413681605,-0.011848591546495549,0.01022542872112543
0.02368419032054736,0.05745801212355927,-0.02512198273110987,0.002727848702806297,-0.011613442642013526,0.010474113850800142
0.023212912730021466,0.05701829236399516,-0.02461754137905997,0.002830503665919557,-0.011382963326044607,0.010720599809370254
0.022751016629424803,0.056591579259454884,-0.024123223956258943,0.0029318276610337994,-0.01115706077598379,0.010964935227432903
0.022298315184231414,0.05617761860397014,-0.023638827437160018,0.003031846257447057,-0.010935644016955164,0.011207167734849777
0.021854625281934135,0.05577616122789074,-0.023164152862927515,0.003130584474485446,-0.010718623884964636,0.011447343980964388
0.02141976745790585,0.055386962897100905,-0.022699005260122924,0.0032280667923050054,-0.010505912990789382,0.011685509654402623
0.020993565822733023,0.05500978421427678,-0.02224319356101875,0.003324317162606586,-0.010297425684590633,0.011921709502468254
0.020575847991000325,0.054644390522114984,-0.021796530525494826,0.00341935901911014,-0.0100930780212321,0.012155987350147562
0.02016644501148412,0.05429055180849638,-0.02135883266449587,0.0035132152877209825,-0.009892787726291014,0.01238838611871298
0.019765191298742015,0.0539480426135679,-0.020929920165015846,0.003605908396659036,-0.009696474162749547,0.012618947843961522
0.019371924566061773,0.05361664193866828,-0.02050961681657526,0.0036974602862532894,-0.00950405829835066,0.012847713694070118
0.018986485759746402,0.05329613315707949,-0.020097749939166944,0.003787892418661844,-0.009315462673607255,0.013074723987084319
0.01860871899470205,0.05298630392660212,-0.019694150312639328,0.0038772257873360434,-0.009130611370449362,0.01330001820807176
0.01823847149131524,0.052686946103818966,-0.01929865210748994,0.0039654809263107264,-0.00894942998149798,0.013523635025885996
0.017875593513579226,0.05239785566013827,-0.01891109281703351,0.004052677919294009,-0.008771845579952,0.013745612309631169
0.017519938308462064,0.05211883259949865,-0.018531313190932524,0.004138836408666433,-0.008597786690079155,0.013965987144766063
0.017171362046468484,0.051849680877689756,-0.018159157170045778,0.004223975604215056,-0.00842718325829256,0.01418479584887578
0.016829723763396403,0.05159020832335275,-0.01779447182258346,0.004308114291730446,-0.008259966624807573,0.014402073987146146
0.016494885303250228,0.05134022656051565,-0.017437107281532423,0.0043912708414309875,-0.008096069495864413,0.014617856387501066
0.01616671126228632,0.05109955093268789,-0.01708691668333052,0.004473463216260802,-0.00793542591650442,0.014832177155437054
0.015845068934178582,0.05086800042849837,-0.016743756107769098,0.004554708979976257,-0.007777971243890937,0.01504506968856335
0.01552982825627144,0.05064539760880147,-0.01640748451909059,0.004635025305101575,-0.007623642121162104,0.015256566690839107
0.015220861756907646,0.05043156853525111,-0.016077963708263976,0.004714428980709389,-0.007472376451806963,0.015466700186520509
0.014918044503800429,0.05022634270029726,-0.015755058236412656,0.004792936420086817,-0.007324113374551659,0.015675501533825
0.014621254053436403,0.05002955295861281,-0.015438635379372314,0.004870563668200081,-0.007178793238747837,0.015883001438328156
0.014330370401486341,0.0498410354598545,-0.015128565073355067,0.004947326409132783,-0.007036357580253046,0.0160892299660698
0.014045275934202293,0.04966062958279016,-0.014824719861699006,0.0050232399731309175,-0.0068967490977906235,0.016294216556401404
0.013765855380785567,0.04948817787077377,-0.014526974842681643,0.00509831934384821,-0.006759911629784375,0.016497990034594883
0.01349199576669686,0.049323525968439794,-0.01423520761837569,0.005172579165149589,-0.006625790131652537,0.016700578624142533
0.013223586367906395,0.04916652255974428,-0.013949298244526074,0.00524603374794429,-0.00649433065355752,0.016902009958865
0.012960518666046994,0.049017019307211106,-0.013669129181426843,0.005318697076903145,-0.006365480318598697,0.017102311094746803
0.012702686304463171,0.04887487079237295,-0.013394585245783571,0.005390582816858343,-0.006239187301439232,0.017301508521513593
0.012449985045138699,0.04873993445745975,-0.013125553563532216,0.005461704319363562,-0.006115400807362526,0.017499628174019365
0.012202312726477125,0.04861207054819737,-0.012861923523604544,0.005532074628858027,-0.0059940710517436685,0.017696695443359615
0.011959569221926468,0.048491142057799086,-0.012603586732616152,0.005601706488885602,-0.005875149239931469,0.01789273518778405
0.011721656399429922,0.04837701467204704,-0.012350436970460671,0.0056706123480943635,-0.005758587547533123,0.01808777174338346
0.011488478081680282,0.048269556715486724,-0.0121023701467879,0.005738804366153531,-0.0056443391010903045,0.01828182893455102
0.011259940007169147,0.04816863909870044,-0.011859284258356705,0.005806294419648879,-0.0055323579591429655,0.018474930084246888
0.011035949792009375,0.04807413526662216,-0.011621079347239174,0.005873094107604675,-0.005422599093668123,0.018667098024035905
0.010816416892523528,0.047985921147916666,-0.01138765745985511,0.005939214757221906,-0.005315018371892244,0.018858355103945738
0.010601252568573258,0.04790387510533895,-0.011158922606833797,0.006004667429244617,-0.005209572538464319,0.01904872320210296
0.010390369847617532,0.04782787788709675,-0.01093478072367106,0.006069462923382473,-0.005106219197984664,0.019238223734178495
0.010183683489495542,0.04775781257921434,-0.010715139632175784,0.006133611783525442,-0.005004916797883494,0.01942687766266515
0.009981109951900987,0.047693564558807716,-0.010499909002688698,0.00619712430294271,-0.0049056246116398056,0.019614705505931963
0.009782567356551954,0.04763502144832105,-0.0102890003170523,0.006260010529245472,-0.004808302722335117,0.019801727347115175
0.00958797545603363,0.04758207307067796,-0.010082326832326518,0.006322280269505438,-0.004712912006537066,0.0199879628428368
0.009397255601295874,0.04753461140532551,-0.009879803545224834,0.006383943094922308,-0.0046194141185006985,0.02017343123172722
0.009210330709807021,0.047492530545152685,-0.009681347157264741,0.006445008345703794,-0.004527771474688683,0.02035815134278636
0.009027125234337659,0.04745572665427655,-0.009486876040615561,0.0065054851357459606,-0.0044379472385985864,0.020542141603572997
0.008847565132366337,0.047424097926691416,-0.009296310204626908,0.006565382357074347,-0.004349905305891853,0.020725420048240586
0.008671577836096794,0.04739754454570911,-0.00910957126302665,0.006624708684510237,-0.004263610289821433,0.02090800432538603
0.008499092223071216,0.047375968644234205,-0.008926582401778868,0.0066834725799389825,-0.0041790275069480826,0.021089911705759055
0.008330038587369923,0.04735927426584958,-0.008747268347579487,0.006741682296699636,-0.0040961229631423105,0.021271159089822734
0.008164348611386358,0.04734736732662572,-0.008571555336987662,0.006799345883712078,-0.004014863339865913,0.021451763015122506
0.008001955338160118,0.0473401555777673,-0.008399371086167964,0.0068564711897641534,-0.003935215980725549,0.021631739663559052
0.007842793144266553,0.04733754856896294,-0.0082306447612442,0.006913065867435911,-0.0038571488782958947,0.021811104868482666
0.007686797713246319,0.04733945761244634,-0.008065306949243296,0.006969137377189077,-0.0037806306612055474,0.021989874121633904
0.007533906009558499,0.047345795747848085,-0.007903289629620823,0.007024692991190695,-0.003705630581478477,0.022168062579979636
0.007384056253061948,0.04735647770769532,-0.007744526146357182,0.0070797397971917595,-0.003632118502130228,0.022345685072389883
0.007237187893995607,0.047371419883591795,-0.007588951180609404,0.0071342847022523685,-0.0035600648850091453,0.02252275610616056
0.007093241588467399,0.04739054029314643,-0.007436500723915308,0.00718833443642685,-0.0034894407788824988,0.02269928987346351
0.006952159174421895,0.04741375854746741,-0.0072871120519292735,0.007241895556398006,-0.0034202178077572826,0.02287530025758915
0.006813883648094946,0.04744099581939581,-0.007140723698684139,0.0072949744489418655,-0.0033523681594358158,0.023050800839133148
0.006678359140933062,0.04747217481230632,-0.00699727543137224,0.007347577334452763,-0.003285864574298942,0.023225804902006333
0.006545530896975164,0.04750721972957921,-0.0068567082256251735,0.007399710270352757,-0.003220680334312337,0.023400325439363837
0.006415345250683466,0.047546056244660934,-0.006718964241293978,0.007451379154333011,-0.0031567892522522695,0.02357437515938362
0.0062877496052166195,0.04758861147170989,-0.0065839867987095985,0.007502589727734249,-0.0030941656611459686,0.02374796649093669
0.006162692411136645,0.04763481393688838,-0.006451720355422516,0.007553347578609084,-0.003032784403922404,0.023921111589167005
0.006040123145540164,0.04768459355013803,-0.00632211048340476,0.007603658145034659,-0.0029726208232695754,0.02409382234091643
0.005919992291605813,0.04773788157761641,-0.006195103846710523,0.007653526718000958,-0.002913650751693546,0.024266110370078538
0.005802251318547176,0.04779461061459799,-0.006070648179581538,0.007702958444554335,-0.002855850501775424,0.024437987042816613
0.005686852661967765,0.047854714558991894,-0.005948692264993952,0.007751958330677495,-0.0027991968566226434,0.024609463472700415
0.005573749704607205,0.04791812858534037,-0.005829185913632973,0.0078005312442462815,-0.0027436670605112037,0.0247805505257217
0.005462896757471154,0.04798478911934615,-0.005712079943288105,0.007848681917824733,-0.0026892388097131655,0.02495125882520975
0.0053542490413351915,0.04805463381294364,-0.00559732615866151,0.007896414951441994,-0.002635890243507147,0.02512159875667147
0.005247762668621283,0.048127601519795456,-0.0054848773315810985,0.00794373481535514,-0.00258359993536874,0.025291580472481874
0.00514339462563215,0.048203632271373614,-0.005374687181610752,0.00799064585269455,-0.002532346884335658,0.025461213896548946
0.00504110275513995,0.048282667253460046,-0.005266710357043985,0.008037152282119975,-0.0024821105065444137,0.025630508728838295
0.004940845739325118,0.048364648783083455,-0.005160902416286574,0.00808325820029052,-0.002432870626936834,0.025799474449792345
0.0048425830830521295,0.048449520286032034,-0.005057219809602843,0.008128967584529499,-0.002384607471130871,0.025968120324726465
0.004746275097479199,0.04853722627470293,-0.004955619861234404,0.008174284295190827,-0.0023373016574538288,0.026136455408070178
0.004651882883996672,0.04862771232643429,-0.004856060751874897,0.008219212078094597,-0.0022909341891338914,0.026304488547546512
0.004559368318483062,0.048720925062308434,-0.004758501501493777,0.008263754566891728,-0.0022454864466468476,0.026472228388287007
0.0044686940358754645,0.04881681212631588,-0.004662901952507805,0.008307915285448808,-0.002200940180216365,0.026639683376830953
0.004379823415048143,0.04891532216498618,-0.004569222753284827,0.008351697650043286,-0.002157277502461977,0.026806861765071438
0.004292720563992047,0.04901640480737104,-0.00447742534198501,0.008395104971665573,-0.002114480881195136,0.026973771614086456
0.004207350305291669,0.04912001064552423,-0.004387471930716581,0.00843814045813734,-0.0020725331323577225,0.02714042079795553
0.004123678161887603,0.049226091215251865,-0.004299325490019344,0.008480807216327185,-0.0020314174131013333,0.027306817007421925
0.004041670343125519,0.049334598977324784,-0.004212949733648642,0.008523108254202908,-0.0019911172150041943,0.027472967753535346
0.003961293731083245,0.049445487299077516,-0.00412830910367222,0.008565046482953552,-0.001951616357423898,0.02763888037121739
0.0038825158671689053,0.04955871043630327,-0.00404536875586255,0.008606624718884535,-0.0019128989809812631,0.027804562022721052
0.0038053049389880477,0.04967422351557033,-0.00396409454538063,0.008647845685594518,-0.001874949541175276,0.027970019701051896
0.003729629767469803,0.049791982516900105,-0.0038844530127491515,0.008688712015712549,-0.0018377528021237283,0.028135260233322506
0.00365545979425419,0.04991194425672725,-0.003806411370103816,0.00872922625293977,-0.0018012938304298456,0.028300290284009842
0.0035827650693250964,0.050034066371279336,-0.0037299374877247326,0.008769390853868771,-0.0017655579891698264,0.028465116358186784
0.003511516238893195,0.050158307300205617,-0.00365499988083086,0.008809208189760333,-0.0017305309320005055,0.028629744804634545
0.003441684533521962,0.050284626270638885,-0.0035815676966478383,0.008848680548443604,-0.0016961985973852401,0.02879418181896999
0.0033732417564850516,0.05041298328146011,-0.003509610701724955,0.008887810136028143,-0.0016625472029325923,0.028958433446629836
0.0033061602723605844,0.050543339087960076,-0.0034390992695161222,0.008926599078522446,-0.001629563239849859,0.029122505585839963
0.0032404129958513825,0.05067565518678942,-0.0033700043682014773,0.00896504942370455,-0.001597233467505903,0.029286403990530757
0.00317597338082529,0.05080989380117298,-0.0033022975487583977,0.009003163142639463,-0.0015655449081016593,0.029450134273153888
0.0031128154095792734,0.05094601786646411,-0.0032359509332704002,0.009040942131331609,-0.001534484841448582,0.029613701907479275
0.0030509135823130907,0.051083991016005054,-0.003170937203468374,0.009078388212363562,-0.0015040407998490456,0.029777112231346006
0.002990242906812067,0.05122377756716188,-0.0031072295895032023,0.009115503136406649,-0.0014742005630790235,0.029940370449286876
0.002930778888342125,0.05136534250779506,-0.0030448018589442497,0.009152288583711414,-0.0014449521534719545,0.03010348163519404
0.0028724975197367496,0.05150865148286186,-0.002983628305995755,0.00918874616570143,-0.0014162838310988377,0.030266450734862296
0.0028153752716902074,0.051653670781370106,-0.002923683740932462,0.009224877426363161,-0.0013881840890451035,0.030429282568510237
0.0027593890832375866,0.051800367323571864,-0.0028649434797440175,0.009260683843733483,-0.0013606416487805556,0.03059198183325335
0.0027045163524291173,0.05194870864839778,-0.002807383333988568,0.009296166831236385,-0.0013336454556229491,0.03075455310550872
0.0026507349271875772,0.05209866290115818,-0.0027509796008502617,0.009331327739181808,-0.0013071846742903146,0.03091700084337077
0.0025980230963487737,0.052250198821477835,-0.0026957090533950927,0.009366167855959728,-0.001281248684542587,0.03107932938892134
0.0025463595808820367,0.05240328573149328,-0.0026415489310219497,0.00940068840953284,-0.0012558270769098862,0.031241542970512542
0.0024957235252834305,0.05255789352428357,-0.0025884769301057907,0.00943489056863192,-0.0012309096485054976,0.031403645704996784
0.0024460944891396097,0.05271399265247225,-0.002536471194828223,0.009468775444031,-0.0012064863989214548,0.03156564159989012
0.002397452438865011,0.052871554117176055,-0.0024855103081909634,0.009502344089881138,-0.0011825475262083448,0.03172753455553976
0.0023497777395967124,0.05303054945705474,-0.00243557328321171,0.00953559750484015,-0.001159083422931173,0.03188932836719579
0.0023030511472571288,0.053190950737641005,-0.00238663955429412,0.009568536633322116,-0.0011360846723079687,0.0320510267270716
0.002257253800770253,0.053352730540894934,-0.0023386889687717284,0.009601162366664513,-0.001113542044421396,0.032212633226370316
0.002212367214435593,0.05351586195492562,-0.002291701778622297,0.009633475544268778,-0.0010914464925078956,0.03237415135724129
0.002168373270452373,0.05368031856394735,-0.0022456586323472663,0.009665476954749822,-0.0010697891493200325,0.032535584514715214
0.002125254211595057,0.053846074438411974,-0.0022005405670144484,0.00969716733706001,-0.0010485613235611173,0.03269693599860147
0.0020829926340313197,0.05401310412538827,-0.0021563290004594643,0.009728547381522889,-0.00102775449639129,0.03285820901534758
0.002041571480287261,0.054181382639076084,-0.002113005723644296,0.009759617730898031,-0.0010073603180015748,0.03301940667985758
0.0020009740323489013,0.05435088545151772,-0.002070552893169438,0.00979037898151077,-0.0009873706042586733,0.03318053201725298
0.0019611839049032934,0.054521588483576265,-0.002028953023936474,0.009820831684195036,-0.00096777733341349,0.03334158796466869
0.0019221850387159069,0.054693468095950826,-0.0019881889819556124,0.00985097634528875,-0.0009485726428769914,0.03350257737290235
0.0018839616941343919,0.05486650108048839,-0.0019482439773002166,0.00988081342767798,-0.0009297488260599424,0.03366350300813707
0.0018464984447280665,0.055040664651670186,-0.0019091015571992013,0.00991034335170224,-0.0009112983292749301,0.033824367553585075
0.0018097801710509895,0.05521593643813575,-0.0018707455992743017,0.009939566496109532,-0.000893213748700705,0.033985173611053035
0.0017737920545289375,0.055392294474564716,-0.0018331603049032042,0.009968483199029614,-0.0008754878274058463,0.03414592370258283
0.0017385195714680734,0.05556971719357932,-0.0017963301927273495,0.009997093758795648,-0.0008581134524321672,0.034306620271952436
0.0017039484871870108,0.055748183417842476,-0.0017602400922792898,0.010025398434905384,-0.0008410836519371201,0.034467265686208164
0.0016700648502584725,0.055927672352383405,-0.001724875137744727,0.010053397448845335,-0.0008243915923908479,0.03462786223715761
0.0016368549868742022,0.05610816357697565,-0.0016902207618465746,0.01008109098498709,-0.0008080305758309746,0.034788412142819726
0.0016043054953135576,0.056289637038709275,-0.0016562626898538638,0.010108479191372576,-0.0007919940371702951,0.034948917548838096
0.0015724032405294835,0.05647207304475367,-0.0016229869337095028,0.010135562180556251,-0.0007762755415596518,0.03510938052990395
0.0015411353488386558,0.056655452255188546,-0.0015903797862730008,0.010162340030421085,-0.0007608687818017302,0.03526980309111117
0.001510489202716256,0.0568397556760526,-0.0015584278156861454,0.010188812784965876,-0.000745767575816951,0.03543018716930911
0.0014804524356995543,0.057024964652448724,-0.0015271178598423754,0.010214980455036623,-0.0007309658641601759,0.03559053463439931
0.0014510129273878675,0.05721106086188939,-0.0014964370209761357,0.010240843019084534,-0.0007164577075859588,0.03575084729065376
0.0014221587985420382,0.05739802630767178,-0.0014663726603547694,0.010266400424030743,-0.0007022372846622827,0.03591112687796653
0.0013938784062884307,0.05758584331244966,-0.0014369123930772804,0.010291652585764829,-0.0006882988894322335,0.0360713750730738
0.001366160339408535,0.0577744945119403,-0.0014080440829799007,0.010316599390055966,-0.000674636929121575,0.03623159349081439
0.0013389934137303802,0.05796396284868717,-0.0013797558376432157,0.010341240693160496,-0.0006612459218921122,0.03639178368526836
0.0013123666676080384,0.05815423156605148,-0.0013520360034990021,0.010365576322501176,-0.0006481204946404458,0.03655194715096851
0.0012862693574912344,0.058345284202193134,-0.001324873161033308,0.01038960607735602,-0.000635255380838129,0.03671208532400468
0.0012606909535856294,0.05853710458433468,-0.0012982561200906486,0.010413329729531762,-0.0006226454184189308,0.03687219958318162
0.001235621135595718,0.058729676822975245,-0.0012721739152664771,0.01043674702395022,-0.0006102855477024395,0.03703229125109419
0.0012110497885551056,0.05892298530632385,-0.0012466158013975544,0.010459857679311452,-0.0005981708093642906,0.03719236159520304
0.0011869669987405198,0.059117014694852706,-0.0012215712491376834,0.010482661388706667,-0.0005862963424436918,0.03735241182891902
0.0011633630496647755,0.05931174991583679,-0.0011970299406273716,0.010505157820232192,-0.0005746573823904561,0.03751244311259184
0.0011402284181520424,0.059507176158180845,-0.0011729817652466328,0.010527346617565334,-0.0005632492591533678,0.03767245655456599
0.0011175537704871564,0.05970327886720463,-0.00114941681545415,0.010549227400516767,-0.0005520673953030859,0.037832453212160555
0.0010953299586482475,0.059900043739584664,-0.0011263253827102793,0.010570799765624262,-0.0005411073041941606,0.03799243409262777
0.0010735480166083789,0.06009745671842833,-0.0011036979534812638,0.010592063286766857,-0.0005303645881656775,0.03815240015414158
0.0010521991567134664,0.060295503988392,-0.0010815252053239346,0.01061301751554579,-0.0005198349367723008,0.03831235230670375
0.0010312747661328082,0.06049417197094058,-0.0010597980030499906,0.010633661982007492,-0.0005095141250555337,0.03847229141308677
0.0010107664033777045,0.06069344731963706,-0.0010385073949635067,0.010653996195020736,-0.000499398011846175,0.03863221828970646
0.0009906657948929463,0.06089331691564448,-0.0010176446091798342,0.010674019642836069,-0.0004894825381036292,0.038792133707535884
0.0009709648317144106,0.06109376786318824,-0.0009972010500134316,0.010693731793611315,-0.0004797637252834553,0.038952038392957335
0.0009516555661908436,0.0612947874851548,-0.0009771682944412171,0.010713132095846479,-0.0004702376737420247,0.039111933028586114
0.0009327302087770915,0.06149636331887529,-0.0009575380886327571,0.010732219978915271,-0.0004609005611711483,0.03927181825416741
0.0009141811248840549,0.06169848311179298,-0.0009383023445564578,0.010750994853482408,-0.00045174864106150637,0.03943169466731258
0.0008960008317967683,0.061901134817427955,-0.0009194531366494535,0.010769456111962459,-0.00044277824120146387,0.03959156282436685
0.0008781819956503368,0.062104306591256216,-0.0009009826985531357,0.010787603129039435,-0.0004339857622007353,0.03975142324114344
0.0008607174284692555,0.0623079867868174,-0.0008828834199181465,0.010805435261989441,-0.00042536767604676074,0.03991127639375116
0.0008436000852622453,0.06251216395169873,-0.0008651478432713804,0.010822951851202632,-0.00041692052468797404,0.04007112271925343
0.0008268230611785685,0.0627168268238987,-0.0008477686609466359,0.010840152220568593,-0.00040864091864559535,0.04023096261653927
0.0008103795887177716,0.06292196432794396,-0.0008307387120750427,0.010857035677837298,-0.0004005255356543597,0.04039079644693929
0.0007942630349955519,0.06312756557127186,-0.0008140509796386474,0.0108736015151176,-0.0003925711193267678,0.04055062453497031
0.0007784668990677326,0.06333361984069215,-0.0007976985875806325,0.010889849009168865,-0.00038477447784902733,0.04071044716907514
0.0007629848093020211,0.06354011659882507,-0.0007816747979736659,0.010905777421821432,-0.0003771324826973294,0.04087026460226244
0.0007478105208054218,0.06374704548061287,-0.0007659730082495152,0.01092138600038767,-0.0003696420673838178,0.04103007705276909
0.000732937912903078,0.06395439629006909,-0.0007505867484767365,0.010936673977926787,-0.0003623002262260935,0.041189884704782756
0.0007183609866640817,0.06416215899683948,-0.0007355096786989636,0.010951640573698426,-0.00035510401313983066,0.04134968770902631
0.0007040738624811116,0.06437032373305497,-0.0007207355863258955,0.01096628499344904,-0.000348050540456251,0.041509486183436584
0.0006900707776957558,0.06457888079004331,-0.0007062583835735202,0.010980606429731848,-0.0003411369777651797,0.04166928021372738
0.0006763460842708233,0.06478782061537207,-0.0006920721049575846,0.010994604062341281,-0.00033436055077766546,0.04182906985410402
0.0006628942465082397,0.06499713380966683,-0.0006781709048379243,0.01100827705847305,-0.0003277185402132284,0.04198885512777287
0.0006497098388165307,0.0652068111236265,-0.0006645490550130974,0.011021624573156733,-0.00032120828070826356,0.04214863602754974
0.0006367875435185748,0.06541684345520127,-0.0006512009423600866,0.011034645749523102,-0.00031482715974760886,0.04230841251649275
0.0006241221487018093,0.06562722184658985,-0.0006381210665233087,0.011047339719057537,-0.0003085726166144153,0.04246818452840499
0.0006117085461193226,0.06583793748148535,-0.0006253040376498987,0.011059705601944131,-0.00030244214136431786,0.04262795196841381
0.0005995417291214851,0.0660489816823562,-0.0006127445741715104,0.011071742507321708,-0.00029643327381847644,0.04278771471356381
0.0005876167906377264,0.0662603459076355,-0.0006004375006272073,0.011083449533537692,-0.0002905436025736113,0.04294747261328531
0.00057592892119417,0.0664720217491945,-0.0005883777455345131,0.01109482576842113,-0.00028477076403892647,0.04310722548998641
0.0005644734069725458,0.06668400092961808,-0.0005765603392997938,0.011105870289507972,-0.0002791124414837296,0.04326697313951012
0.0005532456279058285,0.06689627529979617,-0.0005649804121727432,0.011116582164356409,-0.0002735663641106763,0.043426715331734554
0.0005422410558140314,0.06710883683631663,-0.0005536331922409427,0.011126960450702404,-0.00026813030614318757,0.04358645181098419
0.0005314552525748224,0.06732167763907225,-0.0005425140034634084,0.011137004196719834,-0.00026280208593297343,0.043746182296584155
0.0005208838683333404,0.06753478992887876,-0.0005316182637466518,0.011146712441268863,-0.00025757956508579144,0.04390590648333386
0.0005105226397435402,0.06774816604507952,-0.0005209414830564829,0.011156084214018168,-0.0002524606476007388,0.044065624041972645
0.0005003673882498068,0.06796179844331293,-0.000510479261569693,0.011165118535778413,-0.00024744327903240034,0.04422533461967805
0.0004904140183987243,0.06817567969315921,-0.0005002272878628357,0.011173814418582442,-0.000242525445665189,0.04438503784048755
0.00048065851618546413,0.06838980247605196,-0.0004901813371344011,0.01118217086590329,-0.00023770517370533744,0.04454473330581053
0.00047109694743418395,0.06860415958302826,-0.00048033726946697104,0.011190186872870137,-0.00023298052849013938,0.044704420594836494
0.0004617254562095456,0.0688187439126077,-0.00047069102812128045,0.01119786142639721,-0.0002283496137103788,0.04486409926498445
0.00045254026325865996,0.06903354846879238,-0.00046123863786578877,0.011205193505340898,-0.00022381057065080676,0.04502376885237643
0.0004435376644886772,0.06924856635891727,-0.0004519762033385155,0.01121218208066408,-0.00021936157744361555,0.04518342887221232
0.00043471402946885975,0.06946379079173917,-0.0004428999074443333,0.011218826115619274,-0.00021500084833894794,0.04534307881923534
0.00042606579996604056,0.06967921507544558,-0.0004340060097819506,0.011225124565754524,-0.0002107266329865889,0.04550271816814545
0.0004175894885091487,0.06989483261573552,-0.0004252908451027293,0.011231076379212335,-0.00020653721573605632,0.04566234637399894
0.0004092816769788709,0.07011063691396283,-0.00041675082180319556,0.01123668049667863,-0.00020243091494537925,0.04582196287263752
0.0004011390152323491,0.07032662156524395,-0.0004083824204416966,0.011241935851618761,-0.00019840608231001334,0.04598156708106602
0.0003931582197470453,0.07054278025673462,-0.0004001821922938026,0.011246841370272577,-0.0001944611021998773,0.04614115839789524
0.00038533607229726237,0.07075910676577009,-0.00039214675792802986,0.011251395971792175,-0.00019059439101006313,0.0463007362036893
0.00037766941865402764,0.07097559495818752,-0.0003842728058148422,0.011255598568329665,-0.0001868043965274543,0.046460299861380526
0.0003701551673137012,0.0711922387866326,-0.0003765570909641914,0.0112594480650203,-0.0001830895973071057,0.04661984871667022
0.00036279028824906946,0.0714090322888555,-0.0003689964335867672,0.011262943360159651,-0.0001794485020626331,0.0467793820983862
0.0003555718116876041,0.07162596958608884,-0.0003615877177851487,0.01126608334511924,-0.00017587964906732562,0.04693889931886584
0.0003484968269105356,0.07184304488150114,-0.00035432789027044464,0.011268866904458885,-0.0001723816055681943,0.047098399674374916
0.0003415624810801844,0.07206025245854313,-0.00034721395910329534,0.01127129291590877,-0.00016895296721078942,0.04725788244541964
0.0003347659780887899,0.0722775866795015,-0.0003402429924640062,0.011273360250403023,-0.00016559235747602534,0.04741734689718183
0.000328104577428263,0.0724950419838914,-0.0003334121174427754,0.011275067772042206,-0.00016229842712675466,0.04757679227982761
0.0003215755930865503,0.07271261288709399,-0.0003267185188557173,0.011276414338099531,-0.0001590698536695187,0.04773621782893567
0.0003151763924611914,0.07293029397885795,-0.0003201594380865607,0.011277398798953979,-0.00015590534082085322,0.04789562276585116
0.0003089043952987149,0.07314807992181314,-0.00031373217195125645,0.011278019998107383,-0.00015280361798923557,0.048055006297996604
0.00030275707265314697,0.07336596545024197,-0.00030743407158115776,0.011278276772029337,-0.00014976343976311936,0.04821436761933283
0.0002967319458648234,0.07358394536857585,-0.0003012625413345487,0.011278167950163428,-0.00014678358541292839,0.04837370591066163
0.00029082658556082666,0.07380201455010642,-0.0002952150377257865,0.011277692354801874,-0.00014386285840158687,0.048533020339989415
0.00028503861067455546,0.0740201679357258,-0.0002892890683792723,0.011276848800963201,-0.00014100008590189984,0.048692310062943944
0.0002793656874853774,0.07423840053259409,-0.00028348219099995906,0.011275636096297335,-0.00013819411832951411,0.04885157422311443
0.0002738055286739676,0.0744567074128779,-0.0002777920123699142,0.011274053040875627,-0.0001354438288782468,0.04901081195239496
0.0002683558924042962,0.07467508371255271,-0.0002722161873607824,0.011272098427155399,-0.00013274811306933124,0.049170022371399294
0.0002630145814147876,0.07489352463021312,-0.00026675241796746455,0.011269771039624926,-0.00013010588830711235,0.0493292045898371
0.00025777944213509327,0.07511202542583263,-0.00026139845236272896,0.011267069654760695,-0.00012751609344719515,0.04948835770685629
0.0002526483638131492,0.07533058141961915,-0.0002561520839685192,0.011263993040697766,-0.00012497768836545813,0.04964748081143649
0.00024761927766883994,0.07554918799096859,-0.00025101115054572865,0.011260539956992069,-0.00012248965354536424,0.04980657298281681
0.0002426901560528283,0.07576784057723537,-0.0002459735333071722,0.011256709154417401,-0.00012005098966528736,0.04996563329083029
0.00023785901163486203,0.07598653467268317,-0.0002410371560393948,0.011252499374609771,-0.00011766071719913768,0.050124660796319505
0.00023312389659804782,0.07620526582747338,-0.00023619998425074138,0.011247909349714301,-0.00011531787602126579,0.05028365455156769
0.00022848290185264577,0.07642402964653365,-0.00023146002433371138,0.011242937802087492,-0.00011302152502135747,0.05044261360066226
0.0002239341562697846,0.07664282178859534,-0.00022681532274012166,0.01123758344397006,-0.00011077074172615581,0.05060153697995845
0.00021947582592168985,0.07686163796513151,-0.00022226396518008096,0.011231844976903646,-0.00010856462192852954,0.050760423718451915
0.00021510611334454697,0.07708047393946066,-0.00021780407583020552,0.011225721091419704,-0.00010640227932436384,0.05091927283827915
0.0002108232568131492,0.07729932552566716,-0.00021343381656118807,0.011219210466565092,-0.00010428284515589041,0.05107808335510246
0.00020662552962950686,0.07751818858775543,-0.00020915138618333399,0.011212311769326659,-0.00010220546786099042,0.05123685427860349
0.00020251123942650174,0.0777370590386809,-0.00020495501970061223,0.011205023654058798,-0.00010016931273155591,0.051395584612961606
0.00019847872748554832,0.0779559328394282,-0.00020084298758532142,0.011197344761984073,-9.817356157755099e-05,0.051554273357287836
0.00019452636806764842,0.07817480599813949,-0.00019681359506631995,0.011189273720478577,-9.62174123968617e-05,0.05171291950617271
0.00019065256775492497,0.07839367456925177,-0.0001928651814271181,0.011180809142383834,-9.43000790517993e-05,0.05187152205018087
0.00018685576481155132,0.07861253465261273,-0.0001889961193262463,0.011171949625332488,-9.242079095200985e-05,0.05203007997637897
0.00018313442855157338,0.07883138239269903,-0.00018520481412425782,0.011162693750919408,-9.057879274477563e-05,0.05218859226890377
0.00017948705872141376,0.07905021397769152,-0.00018148970322477378,0.01115304008386387,-8.87733440086263e-05,0.052347057909488064
0.00017591218489659895,0.07926902563879148,-0.00017784925543560932,0.011142987171159989,-8.70037189543259e-05,0.052505475878111794
0.00017240836588610888,0.07948781364938252,-0.00017428197033243084,0.011132533541074876,-8.526920613110883e-05,0.05266384515359129
0.00016897418915172508,0.07970657432418542,-0.00017078637764411894,0.011121677702138033,-8.356910813835213e-05,0.05282216471418775
0.00016560827023900894,0.07992530401864074,-0.00016736103664528862,0.01111041814208434,-8.190274134260128e-05,0.05298043353832789
0.0001623092522186514,0.08014399912806443,-0.00016400453556379612,0.011098753326704406,-8.026943560091641e-05,0.0531386506052914
0.0001590758051392368,0.0803626560869352,-0.00016071549099754597,0.011086681698548257,-7.866853398878754e-05,0.05329681489589073
0.0001559066254898954,0.08058127136821121,-0.00015749254734596224,0.011074201675693469,-7.709939252927494e-05,0.05345492539330685
0.00015280043567474048,0.08079984148264216,-0.00015433437624892037,0.011061311650333533,-7.556137993410191e-05,0.053612981083841875
0.00014975598349829534,0.08101836297800945,-0.0001512396760421344,0.011048009987259461,-7.40538773419737e-05,0.053770980957761526
0.00014677204166091076,0.08123683243853869,-0.00014820717121894852,0.01103429502234581,-7.257627806734278e-05,0.053928924010189644
0.00014384740726151285,0.08145524648420432,-0.00014523561190564883,0.011020165060839946,-7.11279873490658e-05,0.05408680924202322
0.00014098090131350692,0.08167360177009075,-0.0001423237733472836,0.011005618375638387,-6.970842210648929e-05,0.05424463566091396
0.00013817136827138417,0.08189189498574713,-0.00013947045539969033,0.010990653205361155,-6.831701069670635e-05,0.05440240228225852
0.00013541767556096173,0.08211012285460391,-0.00013667448203772187,0.01097526775245835,-6.695319267723588e-05,0.054560108130319314
0.00013271871312429178,0.08232828213332785,-0.00013393470086947674,0.010959460181023678,-6.561641857151876e-05,0.054717752239323646
0.000130073392973141,0.0825463696112513,-0.00013124998266361755,0.010943228614681395,-6.430614963857039e-05,0.05487533365465721
0.0001274806487482477,0.08276438210979237,-0.00012861922087975035,0.010926571134198837,-6.302185764515595e-05,0.05503285143414191
0.00012493943529029677,0.08298231648183886,-0.00012604133121589783,0.01090948577510038,-6.176302464058379e-05,0.05519030464931706
0.00012244872821836258,0.08320016961129724,-0.00012351525116072466,0.010891970525097067,-6.052914273373385e-05,0.05534769238687643
0.00012000752351598236,0.08341793841239749,-0.00012103993955565104,0.010874023321399478,-5.931971387477181e-05,0.05550501375008612
0.00011761483712746979,0.08363561982924969,-0.00011861437616495808,0.010855642048006342,-5.813424963459635e-05,0.05566226786032433
0.0001152697045598006,0.08385321083536286,-0.00011623756125607297,0.010836824532766473,-5.697227099126391e-05,0.05581945385874894
0.00011297118049475174,0.08407070843295165,-0.00011390851518733148,0.010817568544399485,-5.583330811209894e-05,0.055976570907866896
0.00011071833840613653,0.08428810965263524,-0.00011162627800598608,0.010797871789543298,-5.4716900141538756e-05,0.0561336181934299
0.00010851027018726638,0.08450541155285254,-0.00010938990904897307,0.010777731909586882,-5.362259498461824e-05,0.05629059492619394
0.00010634608578502705,0.08472261121929839,-0.00010719848655760309,0.010757146477563323,-5.254994909605797e-05,0.05644750034381201
0.00010422491284098853,0.08493970576459417,-0.00010505110729874798,0.010736112995084358,-5.149852726312583e-05,0.0566043337128593
0.0001021458963376461,0.08515669232773507,-0.00010294688618959019,0.010714628889289892,-5.0467902387645954e-05,0.056761094330834316
0.0001001081982557288,0.08537356807364838,-0.00010088495593551384,0.010692691509969475,-4.9457655268885e-05,0.05691778152822956
9.811099723596875e-05,0.08559033019272119,-9.886446666989865e-05,0.01067029812685746,-4.8467374380371114e-05,0.05707439467060754
9.615348824716805e-05,0.08580697590045504,-9.688458560786555e-05,0.010647445927384798,-4.749665564412994e-05,0.05723093316074907
9.423488226109492e-05,0.086023502436883,-9.49444966993936e-05,0.010624132014696294,-4.654510219542341e-05,0.057387396440637645
9.235440593593969e-05,0.08623990706629765,-9.304340029369821e-05,0.010600353406456497,-4.561232414684046e-05,0.0575437839934856
9.051130130272416e-05,0.08645618707676934,-9.118051281245979e-05,0.010576107034473096,-4.4697938338511894e-05,0.057700095345599826
8.870482546195652e-05,0.08667233977968919,-8.935506642259144e-05,0.010551389745342693,-4.3801568079575456e-05,0.05785633006793885
8.693425028058898e-05,0.08688836250951455,-8.756630872288236e-05,0.01052619830274479,-4.2922842876785986e-05,0.05801248777756668
8.519886210228621e-05,0.08710425262323572,-8.581350243159507e-05,0.010500529391313232,-4.2061398149141846e-05,0.058168568138468324
8.349796145611942e-05,0.08732000750004952,-8.409592508569575e-05,0.010474379623175052,-4.121687492226061e-05,0.0583245708619506
8.183086277737258e-05,0.08753562454104784,-8.241286874057134e-05,0.010447745547255577,-4.0388919502779975e-05,0.058480495706262424
8.019689412822e-05,0.08775110116873958,-8.076363967961593e-05,0.01042062366252786,-3.957718312523435e-05,0.058636342475111555
7.859539692987706e-05,0.08796643482676136,-7.91475581266295e-05,0.010393010435916354,-3.878132157233266e-05,0.058792111015040976
7.702572569530714e-05,0.08818162297954783,-7.756395796625438e-05,0.010364902326165167,-3.800099475698848e-05,0.05894780121103854
7.548724776827012e-05,0.08839666311189116,-7.601218647228033e-05,0.010336295815028044,-3.723586626443695e-05,0.059103412980021176
7.397934307129859e-05,0.08861155272868759,-7.449160403310522e-05,0.010307187447690207,-3.648560284711562e-05,0.05925894626170463
7.250140385018921e-05,0.08882628935462562,-7.300158389330223e-05,0.010277573884208906,-3.574987386042084e-05,0.05941440100603906
7.105283443501922e-05,0.08904087053378988,-7.154151189274632e-05,0.010247451965001028,-3.5028350641252454e-05,0.059569777156381676
6.963305099611667e-05,0.08925529382929231,-7.011078621355942e-05,0.010216818792882984,-3.4320705807619e-05,0.05972507462738364
6.824148130949902e-05,0.08946955682319042,-6.870881713310717e-05,0.010185671835815662,-3.3626612477116414e-05,0.059880293276613455
6.687756452623731e-05,0.089683657115953,-6.733502677934749e-05,0.010154009054010257,-3.294574339559757e-05,0.06003543286787737
6.554075094770698e-05,0.08989759232618769,-6.598884889426144e-05,0.01012182905646445,-3.227776996070475e-05,0.060190493025123505
6.423050180168905e-05,0.09011136009052478,-6.466972859985933e-05,0.010089131292275618,-3.162236113886846e-05,0.06034547317484936
6.294628902496014e-05,0.09032495806313817,-6.337712216916987e-05,0.010055916282196079,-3.097918227040299e-05,0.06050037247458683
6.168759505367324e-05,0.09053838391548659,-6.211049680177095e-05,0.010022185896349902,-3.0347893758888356e-05,0.06065518972556374
6.0453912611935375e-05,0.09075163533618065,-6.086933040598506e-05,0.00998794368344711,-2.972814966621137e-05,0.06080992326735464
5.924474450686851e-05,0.09096471003056936,-5.965311138128485e-05,0.009953195255222652,-2.9119596228888378e-05,0.06096457085221671
5.8059603429219876e-05,0.09117760572051509,-5.846133840931085e-05,0.009917948727458778,-2.852187035081207e-05,0.061119129498383995
5.689801175847185e-05,0.09139032014413273,-5.7293520247030035e-05,0.00988221521412458,-2.793459814144929e-05,0.061273595322219314
5.575950136700853e-05,0.09160285105560229,-5.614917552217148e-05,0.009846009363670678,-2.7357393615851948e-05,0.06142796335172907
5.464361343235705e-05,0.09181519622477434,-5.502783253822338e-05,0.009809349916263617,-2.6789857728826025e-05,0.06158222732689326
5.3549898255330094e-05,0.09202735343707803,-5.392902907700308e-05,0.009772260245723006,-2.623157796289049e-05,0.0617363794976333
5.2477915073416075e-05,0.09223932049320296,-5.285231220925098e-05,0.00973476883123947,-2.5682128765316212e-05,0.06189041043543581
5.142723188733045e-05,0.09245109520885048,-5.1797238109439215e-05,0.009696909582930227,-2.514107319651754e-05,0.06204430888282919
5.0397425283948546e-05,0.09266267541456304,-5.0763371870187037e-05,0.00965872192234857,-2.4607966186090038e-05,0.06219806167213509
4.938808026876387e-05,0.09287405895544665,-4.9750287324579686e-05,0.009620250503156002,-2.408235980324396e-05,0.06235165375148199
4.839879009536151e-05,0.0930852436909758,-4.875756687030821e-05,0.009581544452111575,-2.356381085815633e-05,0.06250506835903584
4.7429156103824484e-05,0.09329622749479781,-4.7784801297852224e-05,0.009542656029915842,-2.305189095745074e-05,0.0626582873817377
4.64787875588629e-05,0.0935070082544349,-4.683158961963009e-05,0.009503638663027489,-2.254619880482329e-05,0.06281129192026504
4.554730149113206e-05,0.09371758387117228,-4.589753890883468e-05,0.009464544385570196,-2.2046374075895326e-05,0.06296406305470503
4.463432254577053e-05,0.09392795225984749,-4.498226413393076e-05,0.009425420851173713,-2.1552111668768345e-05,0.06311658276765801
4.373948282796547e-05,0.09413811134856029,-4.408538800150257e-05,0.00938630820192105,-2.1063174662487457e-05,0.06326883493908625
4.286242175708777e-05,0.09434805907856199,-4.320654080032318e-05,0.009347236183112657,-2.057940408276919e-05,0.06342080629328473
4.200278591913482e-05,0.09455779340409158,-4.234536024873572e-05,0.00930822192350607,-2.010072372351337e-05,0.06357248716365389
4.116022892730942e-05,0.09476731229203923,-4.1501491346022735e-05,0.009269268735622971,-1.9627138867929007e-05,0.0637238719581144
4.03344112788088e-05,0.09497661372191636,-4.0674586225376074e-05,0.009230366131254613,-1.9158728701137326e-05,0.06387495925520396
3.9525000220256754e-05,0.09518569568565725,-3.9864304011101215e-05,0.009191491032077285,-1.869563328636226e-05,0.06402575152669898
3.873166961260508e-05,0.09539455618729777,-3.907031067723908e-05,0.009152609948007729,-1.82380368591106e-05,0.06417625454894714
3.795409979983547e-05,0.09560319324299066,-3.8292278911881125e-05,0.009113681754708317,-1.7786149644550754e-05,0.06432647661164392
3.719197748144395e-05,0.09581160488076007,-3.752988797919432e-05,0.009074660657692057,-1.7340190356231876e-05,0.0644764276492496
3.644499558259031e-05,0.0960197891402487,-3.6782823590119214e-05,0.00903549898020845,-1.6900371059578243e-05,0.06462611840790039
3.571285313455036e-05,0.0962277440726827,-3.6050777770573466e-05,0.008996149520031933,-1.6466885410465734e-05,0.06477555972934348
3.499525514987135e-05,0.096435467740711,-3.533344873642713e-05,0.008956567346703996,-1.6039900575631718e-05,0.06492476199488337
3.429191250588854e-05,0.09664295821808415,-3.463054076830685e-05,0.008916711020637137,-1.5619552612623932e-05,0.06507373473839156
3.360254182778527e-05,0.0968502135897315,-3.394176408906204e-05,0.008876543292926713,-1.5205944748866621e-05,0.06522248641418255
3.292686537253579e-05,0.09705723195144712,-3.32668347457644e-05,0.008836031384241515,-1.4799147853487183e-05,0.06537102429109788
3.2264610918347656e-05,0.09726401140973207,-3.260547449136787e-05,0.008795146953595845,-1.4399202419348902e-05,0.06551935444120614
3.161551165534878e-05,0.09747055008185784,-3.195741066920507e-05,0.00875386585892013,-1.4006121449803269e-05,0.06566748179290523
3.0979306077662675e-05,0.09767684609542433,-3.132237610365042e-05,0.008712167794239275,-1.3619893784519868e-05,0.06581541022280013
3.0355737877119963e-05,0.09788289758843909,-3.070010898735267e-05,0.00867003586790813,-1.324048752604349e-05,0.06596314266761183
2.9744555840552434e-05,0.09808870270915938,-3.0090352774391582e-05,0.008627456166526257,-1.2867853340955472e-05,0.06611068124210338
2.9145513748619384e-05,0.09829425961581757,-2.9492856075337756e-05,0.008584417334254602,-1.2501927507719538e-05,0.06625802735408702
2.8558370277130693e-05,0.09849956647666272,-2.8907372550538416e-05,0.008540910184228194,-1.2142634637957871e-05,0.06640518181148738
2.7982888898085524e-05,0.09870462146973782,-2.8333660812192083e-05,0.008496927350949665,-1.178989005237496e-05,0.06655214491843439
2.741883778492293e-05,0.09890942278275765,-2.7771484323142212e-05,0.00845246298591167,-1.1443601818444726e-05,0.06669891655947424
2.686598972151969e-05,0.09911396861301303,-2.7220611298502723e-05,0.00840751249584329,-1.1103672474263404e-05,0.06684549627224588
2.632412200589238e-05,0.09931825716725937,-2.6680814612979308e-05,0.008362072320533246,-1.0770000465627438e-05,0.06699188330904923
2.5793016364905537e-05,0.09952228666156694,-2.615187170446387e-05,0.008316139745812575,-1.0442481336842084e-05,0.06713807668865551
2.527245886379889e-05,0.09972605532116456,-2.5633564483089778e-05,0.00826971274790971,-1.0121008709965268e-05,0.06728407523939416
2.4762239820593517e-05,0.09992956138047301,-2.5125679243100636e-05,0.00822278986426731,-9.805475079594259e-06,0.06742987763496558
2.4262153720600104e-05,0.10013280308286326,-2.462800657134536e-05,0.008175370087244437,-9.495772459376208e-06,0.06757548242375347
2.3771999135987114e-05,0.10033577868051653,-2.414034126374924e-05,0.008127452776627497,-9.191792897427745e-06,0.06772088805287041
2.3291578642873523e-05,0.10053848643449992,-2.3662482239319964e-05,0.008079037588401053,-8.893428891034193e-06,0.06786609288794555
2.282069874003531e-05,0.10074092461448472,-2.3194232459394485e-05,0.00803012441631952,-8.60057371451408e-06,0.06801109522903749
2.2359169774968597e-05,0.10094309149865904,-2.2735398842767568e-05,0.007980713344705511,-8.313121674971923e-06,0.06815589332363192
2.1906805864097387e-05,0.10114498537379969,-2.2285792189419834e-05,0.007930804609891913,-8.030968313706794e-06,0.06830048537732773
2.1463424819640272e-05,0.1013466045349695,-2.1845227100714195e-05,0.007880398569092536,-7.754010559005707e-06,0.06844486956218471
2.102884807435023e-05,0.10154794728544415,-2.141352190453146e-05,0.007829495675299237,-7.482146841543213e-06,0.06858904402368056
2.0602900612091373e-05,0.10174901193679052,-2.0990498578519755e-05,0.007778096456932201,-7.215277179172563e-06,0.06873300688634845
2.0185410894708944e-05,0.10194979680863632,-2.0575982678080942e-05,0.007726201501443384,-6.953303239826527e-06,0.06887675625816483
1.977621079538731e-05,0.10215030022848652,-2.016980326380385e-05,0.007673811442282636,-6.696128381432641e-06,0.06902029023414212
1.937513552727544e-05,0.10235052053190034,-1.977179283179927e-05,0.007620926948290621,-6.443657675656956e-06,0.06916360689933117
1.8982023581472762e-05,0.10255045606216345,-1.9381787243705818e-05,0.007567548715264322,-6.195797926248005e-06,0.06930670433105866
1.8596716659127963e-05,0.10275010517029605,-1.8999625658281123e-05,0.007513677459230535,-5.952457667240787e-06,0.0694495806007936
1.8219059607224196e-05,0.10294946621497768,-1.8625150468609203e-05,0.007459313911142092,-5.7135471599599485e-06,0.06959223377570102
1.784890035785876e-05,0.10314853756248588,-1.8258207232844526e-05,0.007404458812602471,-5.478978384203367e-06,0.06973466191984559
1.7486089866286465e-05,0.10334731758651904,-1.7898644613781085e-05,0.007349112912509767,-5.248665021146259e-06,0.0698768630950484
1.7130482050914624e-05,0.10354580466823145,-1.754631431380982e-05,0.0072932769644670475,-5.022522434878668e-06,0.07001883536178755
1.678193373245753e-05,0.1037439971960603,-1.7201071017734675e-05,0.007236951724745799,-4.8004676491155005e-06,0.07016057677970523
1.6440304579301554e-05,0.10394189356570527,-1.686277232802895e-05,0.0071801379506732195,-4.582419326551245e-06,0.07030208540814988
1.6105457049853194e-05,0.1041394921801228,-1.653127870917732e-05,0.007122836399515044,-4.368297739228821e-06,0.07044335930659028
1.577725633558316e-05,0.10433679144922708,-1.6206453428804744e-05,0.007065047827467942,-4.158024746031988e-06,0.0705843965348325
1.545557030899417e-05,0.10453378979007563,-1.5888162503561413e-05,0.007006772989128529,-3.951523761700318e-06,0.07072519515336487
1.5140269468440136e-05,0.10473048562669707,-1.5576274641941464e-05,0.006948012636918342,-3.748719731551929e-06,0.07086575322352934
1.4831226886496518e-05,0.10492687738990737,-1.527066118968769e-05,0.0068887675208611525,-3.549539103317755e-06,0.0710060688075816
1.4528318159789586e-05,0.10512296351746978,-1.4971196078041727e-05,0.006829038388353821,-3.353909797669847e-06,0.0711461399689905
1.4231421356929231e-05,0.10531874245385317,-1.4677755772281082e-05,0.0067688259840451275,-3.1617611808463246e-06,0.071285964772386
1.39404169720805e-05,0.10551421265023815,-1.4390219218450927e-05,0.006708131049916569,-2.9730240371457845e-06,0.0714255412836978
1.365518787347786e-05,0.10570937256439089,-1.4108467796859705e-05,0.006646954325226022,-2.7876305418757977e-06,0.07156486757019716
1.3375619259143621e-05,0.10590422066077927,-1.3832385268627641e-05,0.00658529654669205,-2.605514233517972e-06,0.07170394170064572
1.310159860826734e-05,0.10609875541021772,-1.3561857733118951e-05,0.006523158448504654,-2.426609986538493e-06,0.0718427617451094
1.2833015637766055e-05,0.10629297529008691,-1.3296773577240028e-05,0.0064605407626276735,-2.2508539856522765e-06,0.07198132577524134
1.256976225727056e-05,0.10648687878416124,-1.3037023429917692e-05,0.0063974442188898945,-2.0781836987496947e-06,0.07211963186417654
1.2311732523222433e-05,0.1066804643824737,-1.2782500118780579e-05,0.006333869545183474,-1.908537852393412e-06,0.07225767808652228
1.205882260073964e-05,0.10687373058142337,-1.2533098623513517e-05,0.006269817467710224,-1.7418564069684922e-06,0.07239546251851613
1.1810930718087546e-05,0.10706667588358768,-1.2288716035065158e-05,0.006205288711185967,-1.5780805313932244e-06,0.07253298323787062
1.1567957126326798e-05,0.10725929879773345,-1.2049251512538738e-05,0.006140283999007684,-1.4171525782113933e-06,0.07267023832392261
1.1329804059553628e-05,0.10745159783877002,-1.1814606240191866e-05,0.006074804053598494,-1.2590160607245064e-06,0.07280722585759758
1.1096375696904712e-05,0.10764357152760265,-1.1584683387480058e-05,0.006008849596516791,-1.103615629997664e-06,0.07294394392137603
1.086757812056097e-05,0.10783521839126098,-1.1359388071137346e-05,0.005942421348747456,-9.508970526169273e-07,0.07308039059939789
1.0643319281244292e-05,0.10802653696266504,-1.11386273123416e-05,0.005875520030940739,-8.008071862462965e-07,0.07321656397739416
1.0423508958660758e-05,0.10821752578067052,-1.0922310000905013e-05,0.005808146363583352,-6.532939602554273e-07,0.07335246214273146
1.0208058726810691e-05,0.1084081833900514,-1.0710346857886979e-05,0.005740301067271606,-5.083063518694947e-07,0.07348808318443581
9.996881916901551e-06,0.10859850834132598,-1.0502650398252708e-05,0.005671984862920613,-3.6579436790681564e-07,0.07362342519316208
9.789893584159982e-06,0.10878849919090726,-1.0299134894202448e-05,0.00560319847200281,-2.2570902054128615e-07,0.07375848626127951
9.587010471656662e-06,0.10897815450080311,-1.009971634055308e-05,0.005533942616724835,-8.800231100692477e-08,0.07389326448273867
9.388150978135046e-06,0.10916747283882684,-9.90431241915157e-06,0.005464218020270178,4.737279285610186e-08,0.07402775795329783
9.193235125239345e-06,0.10935645277844228,-9.712842466861136e-06,0.005394025407000885,1.8046237500086842e-07,0.07416196477037669
9.002184523107238e-06,0.10954509289857946,-9.525227440548538e-06,0.005323365502673253,3.1131158943260164e-07,0.07429588303304022
8.814922341597254e-06,0.10973339178395183,-9.341389885373443e-06,0.005252239034605388,4.3996468012134447e-07,0.07442951084223363
8.631373277551968e-06,0.10992134802464448,-9.161253903342516e-06,0.005180646731968617,5.664649988364394e-07,0.07456284630054404
8.451463525125198e-06,0.11010896021619357,-8.984745120060088e-06,0.0051085893258413706,6.908550221430157e-07,0.07469588751229875
8.275120745547193e-06,0.11029622695975408,-8.811790655340953e-06,0.005036067549542022,8.131763696927296e-07,0.07482863258372699
8.1022740379987e-06,0.11048314686178144,-8.642319095364979e-06,0.004963082138722877,9.334698212434497e-07,0.07496107962279848
7.932853912534025e-06,0.11066971853406397,-8.47626045875726e-06,0.004889633831583677,1.0517753325726723e-06,0.07509322673922708
7.766792259135225e-06,0.11085594059378988,-8.3135461712725e-06,0.0048157233690632045,1.1681320546651562e-06,0.07522507204466201
7.6040223234845614e-06,0.11104181166347285,-8.154109035054711e-06,0.004741351495027003,1.2825783459585481e-06,0.07535661365259612
7.444478676511576e-06,0.11122733037081767,-7.997883204133079e-06,0.004666518956377854,1.3951517902168358e-06,0.07548784967834042
7.288097191722908e-06,0.11141249534876667,-7.84480415456065e-06,0.004591226503304626,1.505889212767797e-06,0.07561877823912677
7.1348150166019e-06,0.11159730523555304,-7.694808658474827e-06,0.004515474889418553,1.6148266944577352e-06,0.07574939745416093
6.984570548849152e-06,0.11178175867443532,-7.547834759214791e-06,0.004439264871879566,1.7219995852609533e-06,0.0758797054444776
6.8373034110972076e-06,0.11196585431388027,-7.403821743302213e-06,0.004362597211611939,1.8274425220448313e-06,0.07600970033315695
6.692954425440595e-06,0.11214959080747475,-7.262710117714768e-06,0.004285472673421255,1.93118944088389e-06,0.07613938024524358
6.55146559068736e-06,0.11233296681382958,-7.1244415857255035e-06,0.004207892026199976,2.0332735908424676e-06,0.07626874330776649
6.412780059904336e-06,0.11251598099659962,-6.988959019326625e-06,0.004129856042993436,2.133727548117112e-06,0.0763977876498174
6.276842115214675e-06,0.11269863202446287,-6.856206441025202e-06,0.0040513655012352915,2.2325832290038316e-06,0.076526511402518
6.203284318227862e-06,0.11288091857101361,-6.883926336622391e-06,0.003972421182450344,2.327619361528497e-06,0.07665491270062165
6.131440808560484e-06,0.11306283931492389,-6.9111980998274165e-06,0.0038930238735643058,2.4211612053060173e-06,0.07678298967787456
6.061277223887719e-06,0.11324439293966482,-6.9380283726366e-06,0.0038131743658965343,2.5132379731125566e-06,0.07691074047169964
5.992759892799715e-06,0.1134255781336424,-6.964423693564169e-06,0.003732873455647371,2.6038782833889498e-06,0.07703816322168316
5.925855821082054e-06,0.11360639359017677,-6.990390499512084e-06,0.003652121944086242,2.6931101734785648e-06,0.07716525606967503
5.8605326765638025e-06,0.11378683800732427,-7.015935127556538e-06,0.003570920637598869,2.780961109890239e-06,0.07729201715962761
5.796758778545511e-06,0.1139669100880527,-7.04106381545633e-06,0.003489270347918878,2.8674580023060605e-06,0.07741844463783065
5.734503082274463e-06,0.11414660854007488,-7.065782703929505e-06,0.003407171892132037,2.9526272107355157e-06,0.07754453665280035
5.673735167694207e-06,0.11432593207589158,-7.090097837672558e-06,0.003324626092935672,3.036494559987334e-06,0.0776702913553682
5.61442522536901e-06,0.11450487941267906,-7.114015167170142e-06,0.0032416337786154072,3.1190853502231804e-06,0.07779570689867223
5.556544045743796e-06,0.11468344927243865,-7.1375405494228705e-06,0.0031581957832346906,3.200424363655369e-06,0.07792078143825523
5.500063006252741e-06,0.11486164038174287,-7.16067974996344e-06,0.0030743129468062467,3.2805358803121582e-06,0.07804551313201377
5.4449540586116395e-06,0.1150394514719109,-7.1834384441534746e-06,0.00298998611522197,3.3594436846746885e-06,0.07816990014026041
5.3911897194948195e-06,0.11521688127892889,-7.205822217931886e-06,0.002905216140575092,3.4371710756887505e-06,0.07829394062582966
5.3387430578008265e-06,0.11539392854329943,-7.227836569402661e-06,0.0028200038811193396,3.513740877015885e-06,0.07841763275394764
5.287587683893898e-06,0.11557059201025288,-7.249486910238401e-06,0.0027343502014151983,3.5891754476326437e-06,0.07854097469245308
5.23769773694175e-06,0.11574687042951123,-7.270778567414926e-06,0.002648255972455846,3.6634966896419327e-06,0.07866396461164925
5.1890478772336326e-06,0.11592276255539449,-7.2917167835125595e-06,0.002561722071699675,3.736726058463406e-06,0.07878660068448248
5.141613274147524e-06,0.11609826714680585,-7.312306718491464e-06,0.002474749383269878,3.808884570715899e-06,0.07890888108652908
5.095369595184685e-06,0.11627338296707518,-7.332553451061242e-06,0.0023873387979377243,3.879992813645732e-06,0.07903080399594983
5.0502929969147746e-06,0.11644810878404124,-7.35246197963845e-06,0.002299491213286774,3.950070954004474e-06,0.07915236759364382
5.006360116328029e-06,0.11662244337018483,-7.372037223113102e-06,0.0022112075337621198,4.019138746218745e-06,0.07927357006326945
4.963548057171006e-06,0.11679638550221991,-7.391284023441141e-06,0.002122488670827218,4.0872155395700195e-06,0.0793944095911491
4.921834385783066e-06,0.11696993396146578,-7.410207144819275e-06,0.0020333355429042713,4.154320288712342e-06,0.07951488436645335
4.881197118161769e-06,0.1171430875336328,-7.428811276311284e-06,0.0019437490756383006,4.220471558443271e-06,0.0796349925812186
4.8416147113097464e-06,0.1173158450087887,-7.447101032680576e-06,0.001853730201871623,4.285687535515422e-06,0.07975473243026915
4.80306605586246e-06,0.11748820518142443,-7.465080954948053e-06,0.0017632798616839176,4.349986031514275e-06,0.07987410211136696
4.765530465294401e-06,0.11766016685045073,-7.4827555124437395e-06,0.0016723990026083803,4.413384494270705e-06,0.07999309982523735
4.728987670024868e-06,0.11783172881910206,-7.5001291026453894e-06,0.0015810885795826063,4.47590001398424e-06,0.080111723775582
4.6934178058656795e-06,0.11800288989485648,-7.517206053533649e-06,0.0014893495550536572,4.537549328412809e-06,0.08022997216901029
4.6588014085165505e-06,0.1181736488897331,-7.533990623803266e-06,0.001397182899107166,4.598348833759307e-06,0.08034784321538312
4.62511940425398e-06,0.11834400461990843,-7.550487003929826e-06,0.001304589589453114,4.658314587565076e-06,0.08046533512749103
4.59235310203614e-06,0.1185139559057786,-7.566699317728306e-06,0.0012115706115464835,4.7174623181611565e-06,0.08058244612126349
4.560484186221653e-06,0.11868350157229136,-7.5826316229713475e-06,0.0011181269586377262,4.775807430969557e-06,0.08069917441592804
4.529494709004567e-06,0.11885264044837676,-7.598287912131928e-06,0.0010242596318391312,4.833365013171512e-06,0.0808155182337717
4.499367082241173e-06,0.11902137136736259,-7.613672114123121e-06,0.0009299696401768547,4.890149841933785e-06,0.08093147580039838
4.4700840712462995e-06,0.11918969316678864,-7.628788094484737e-06,0.0008352580006765191,4.9461763902691094e-06,0.08104704534470525
4.441628787564734e-06,0.11935760468842888,-7.64363965656292e-06,0.0007401257384233225,5.0014588330494036e-06,0.0811622250989126
4.413984680624266e-06,0.11952510477822276,-7.65823054282588e-06,0.0006445738865419264,5.056011052604734e-06,0.08127701329858576
4.387135532172688e-06,0.11969219228632479,-7.67256443562714e-06,0.0005486034864001039,5.109846644767838e-06,0.08139140818270414
4.361065449490604e-06,0.11985886606712785,-7.686644957694663e-06,0.0004522155874820913,5.162978924643083e-06,0.08150540799372663
4.3357588590681895e-06,0.12002512497910654,-7.700475673326553e-06,0.00035541124765940663,5.2154209330870924e-06,0.0816190109775845
4.311200498326919e-06,0.12019096788491107,-7.714060089793909e-06,0.00025819153297827155,5.267185440937592e-06,0.08173221538370183
4.287375412336285e-06,0.1203563936514268,-7.727401656983236e-06,0.0001605575179667766,5.318284954809094e-06,0.08184501946516799
4.2642689447751105e-06,0.12052140114953956,-7.740503769723816e-06,6.25102855014213e-05,5.368731722049425e-06,0.08195742147858129
4.241866733562736e-06,0.12068598925435194,-7.753369767486297e-06,-3.594907303040601e-05,5.418537738444051e-06,0.08206941968428873
4.2201547048660716e-06,0.12085015684505458,-7.766002935687775e-06,-0.00013481945779859626,5.4677147487764775e-06,0.08218101234628777
4.199119065815489e-06,0.12101390280486744,-7.778406506812316e-06,-0.00023409976037854575,5.516274256879176e-06,0.08229219773230256
4.178746301254761e-06,0.12117722602125663,-7.790583660339803e-06,-0.0003337888637423003,5.564227526226847e-06,0.08240297411392554
4.159023166694214e-06,0.12134012538555795,-7.80253752414339e-06,-0.00043388564225144187,5.611585586259483e-06,0.08251333976646473
4.139936681798777e-06,0.12150259979335251,-7.814271175894484e-06,-0.0005343889616145016,5.65835923903205e-06,0.08262329296918536
4.121474126788796e-06,0.12166464814418994,-7.825787642683489e-06,-0.0006352976787645324,5.70455906168456e-06,0.0827328320052442
4.10362303651432e-06,0.12182626934164974,-7.837089902543712e-06,-0.0007366106419378572,5.750195410592566e-06,0.08284195516173573
4.086371195762973e-06,0.1219874622934064,-7.8481808846237e-06,-0.0008383266905793912,5.795278427129618e-06,0.08295066072977636
4.06970663343696e-06,0.12214822591112276,-7.859063470618818e-06,-0.0009404446553108052,5.839818041212674e-06,0.08305894700452142
4.053617617939691e-06,0.12230855911046994,-7.869740495084022e-06,-0.0010429633578645768,5.88382397650956e-06,0.08316681228523369
4.038092652570013e-06,0.12246846081113354,-7.880214746230287e-06,-0.0011458816111556422,5.927305753490136e-06,0.08327425487526383
4.0231204713104095e-06,0.12262792993685222,-7.890488966292954e-06,-0.0012491982191379486,5.97027269383372e-06,0.08338127308220959
4.0086900320818646e-06,0.12278696541522534,-7.900565853308892e-06,-0.0013529119768122464,6.01273392546486e-06,0.08348786521783404
3.994790514515644e-06,0.12294556617795963,-7.910448060701094e-06,-0.0014570216702406264,6.054698384542645e-06,0.08359402959820346
3.9814113145684445e-06,0.12310373116067509,-7.920138198177308e-06,-0.0015615260764753954,6.096174821344464e-06,0.0836997645436915
3.968542039850432e-06,0.12326145930290351,-7.929638833001975e-06,-0.0016664239635494932,6.137171802255944e-06,0.08380506837897639
3.956172505401894e-06,0.12341874954825542,-7.938952490240334e-06,-0.0017717140903911062,6.177697714025815e-06,0.08390993943324003
3.944292730127122e-06,0.12357560084419524,-7.948081653258676e-06,-0.0018773952069367798,6.217760769408687e-06,0.08401437604005357
3.932892932522936e-06,0.12373201214208798,-7.957028764410465e-06,-0.001983466053963264,6.257369006586566e-06,0.08411837653744689
3.92196352573843e-06,0.12388798239736437,-7.965796226155378e-06,-0.002089925363175335,6.296530296752852e-06,0.08422193926808617
3.911495114720256e-06,0.12404351056925783,-7.974386401086175e-06,-0.0021967718570858087,6.335252344380158e-06,0.08432506257914293
3.901478491743043e-06,0.12419859562092687,-7.982801613094955e-06,-0.0023040042491060523,6.373542693045873e-06,0.08442774482243236
3.891904633259541e-06,0.12435323651949433,-7.99104414725792e-06,-0.002411621243441441,6.41140872796022e-06,0.08452998435448066
3.88276469430135e-06,0.12450743223596888,-7.999116251634879e-06,-0.0025196215350998153,6.448857677711519e-06,0.08463177953652648
3.87405000867015e-06,0.12466118174519038,-8.007020135880449e-06,-0.0026280038099036227,6.485896618499626e-06,0.0847331287345463
3.8657520803125705e-06,0.1248144840259331,-8.014757974458057e-06,-0.0027367667444396183,6.522532479378889e-06,0.08483403031937581
3.8578625840613995e-06,0.12496733806087001,-8.022331904929258e-06,-0.002845909006044085,6.558772040527734e-06,0.08493448266667601
3.8503733604760015e-06,0.12511974283648405,-8.029744029417033e-06,-0.0029554292528376404,6.5946219398123e-06,0.08503448415704616
3.843276411855982e-06,0.12527169734319737,-8.036996415772336e-06,-0.003065326133634509,6.630088674750435e-06,0.08513403317604988
3.836563899831796e-06,0.12542320057523185,-8.044091097129792e-06,-0.003175598288010211,6.665178605754355e-06,0.08523312811420833
3.830228142933328e-06,0.12557425153063237,-8.051030072561708e-06,-0.003286244346228544,6.699897958945226e-06,0.08533176736709344
3.8242616121195266e-06,0.12572484921139335,-8.057815308037721e-06,-0.0033972629292971708,6.734252826910173e-06,0.08542994933544046
3.818656926743439e-06,0.12587499262331725,-8.064448737451771e-06,-0.0035086526489037846,6.768249174014914e-06,0.08552767242507635
3.8134068551448432e-06,0.12602468077594484,-8.070932261481634e-06,-0.0036204121073945923,6.801892837077916e-06,0.08562493504700353
3.8085043072301097e-06,0.12617391268276826,-8.077267749823295e-06,-0.0037325398978588923,6.835189530980876e-06,0.08572173561750568
3.803942335137184e-06,0.12632268736102664,-8.083457040693083e-06,-0.0038450346040340374,6.868144846557789e-06,0.08581807255811656
3.7997141282773696e-06,0.12647100383179186,-8.089501941669703e-06,-0.003957894800353146,6.900764255852136e-06,0.0859139442956895
3.795813011352607e-06,0.1266188611199571,-8.0954042302447e-06,-0.004071119051884689,6.9330531158491395e-06,0.0860093492624919
3.7922324416360545e-06,0.12676625825430746,-8.101165653885121e-06,-0.004184705914392016,6.965016668238274e-06,0.0861042858962695
3.7889660066615575e-06,0.126913194267195,-8.106787930808573e-06,-0.004298653934334135,6.996660042050378e-06,0.08619875264005898
3.786007418941315e-06,0.1270596681950021,-8.112272751415386e-06,-0.004412961648761268,7.027988258312941e-06,0.08629274794259459
3.78335051835163e-06,0.12720567907780525,-8.117621776246528e-06,-0.004527627585460725,7.0590062288023586e-06,0.08638627025812019
3.780989265378395e-06,0.12735122595946125,-8.12283663886134e-06,-0.0046426502628684075,7.089718761095712e-06,0.0864793180464781
3.7789177395766177e-06,0.12749630788763222,-8.1279189456498e-06,-0.004758028190056986,7.120130559287864e-06,0.08657188977318335
3.7771301381304847e-06,0.12764092391371726,-8.132870275534323e-06,-0.004873759866796009,7.15024622725542e-06,0.08666398390945446
3.775620772955606e-06,0.12778507309297832,-8.13769218116754e-06,-0.004989843783547738,7.180070268463221e-06,0.08675559893231714
3.77438406832434e-06,0.12792875448427893,-8.142386189000468e-06,-0.00510627842141758,7.209607091259086e-06,0.08684673332448173
3.7734145583188556e-06,0.12807196715045605,-8.14695379998735e-06,-0.005223062252188448,7.238861007383723e-06,0.08693738557466182
3.772706885428301e-06,0.12821471015790814,-8.151396489541793e-06,-0.0053401937383666795,7.267836236983796e-06,0.08702755417735933
3.772255797663967e-06,0.12835698257694997,-8.155715708295932e-06,-0.005457671333124262,7.2965369082718425e-06,0.08711723763309116
3.772056146659388e-06,0.1284987834815158,-8.159912882364532e-06,-0.005575493480355192,7.324967060857896e-06,0.08720643444831258
3.7721028850329763e-06,0.12864011194931976,-8.163989414158198e-06,-0.005693658614616486,7.353130646694108e-06,0.08729514313554047
3.7723910656023164e-06,0.1287809670619268,-8.167946681939649e-06,-0.005812165161251935,7.381031531416719e-06,0.08738336221342943
3.7729158383091327e-06,0.1289213479044666,-8.17178604078788e-06,-0.005931011536263757,7.4086734973988845e-06,0.0874710902067121
3.7736724474841688e-06,0.129061253565901,-8.175508823427843e-06,-0.006050196146446555,7.4360602465806655e-06,0.08755832564629686
3.7746562320788614e-06,0.12920068313895017,-8.17911633955054e-06,-0.006169717389284414,7.46319539728698e-06,0.08764506706940392
3.775862622021527e-06,0.12933963571996865,-8.182609876902822e-06,-0.00628957365306399,7.490082491618543e-06,0.08773131301945199
3.777287137620356e-06,0.12947811040907603,-8.185990701051835e-06,-0.006409763316826428,7.51672499409005e-06,0.08781706204620533
3.7789253860526447e-06,0.129616106310171,-8.189260056722175e-06,-0.006530284750391666,7.543126293303925e-06,0.08790231270585826
3.780773061100929e-06,0.1297536225307629,-8.192419167407082e-06,-0.0066511363143851405,7.5692897034518355e-06,0.08798706356096368
3.7828259405682648e-06,0.12989065818209108,-8.195469235806859e-06,-0.00677231636022121,7.595218467308536e-06,0.08807131318051727
3.7850798852431067e-06,0.13002721237925227,-8.198411444216581e-06,-0.006893823230178231,7.6209157560183604e-06,0.08815506014018934
3.7875308370424445e-06,0.1301632842407995,-8.201246954735537e-06,-0.0070156552573255055,7.646384671124561e-06,0.08823830302198973
3.7901748177237932e-06,0.1302988728891633,-8.20397690941858e-06,-0.007137810765630881,7.671628247273345e-06,0.08832104041469736
3.7930079248466296e-06,0.13043397745043445,-8.20660243204152e-06,-0.007260288069918342,7.696649450544193e-06,0.08840327091370956
3.7960263331659726e-06,0.13056859705444698,-8.209124626576293e-06,-0.007383085475874917,7.721451184061614e-06,0.08848499312116294
3.7992262928396943e-06,0.13070273083453185,-8.211544577938272e-06,-0.007506201280142675,7.746036285689172e-06,0.0885662056458096
3.802604125293461e-06,0.13083637792798736,-8.21386335342758e-06,-0.00762963377028235,7.770407530634307e-06,0.08864690710340808
3.806156224754767e-06,0.1309695374755805,-8.21608200172155e-06,-0.0077533812247703145,7.794567633670567e-06,0.08872709611637665
3.8098790558097644e-06,0.1311022086219061,-8.218201553400492e-06,-0.007877441913084331,7.818519249144118e-06,0.08880677131417439
3.8137691496726492e-06,0.13123439051508307,-8.220223022583998e-06,-0.008001814095653682,7.842264972582714e-06,0.08888593133305014
3.8178231078467155e-06,0.1313660823070702,-8.22214740471374e-06,-0.008126496023960707,7.865807341799972e-06,0.08896457481638823
3.822037596014209e-06,0.13149728315345927,-8.22397567904746e-06,-0.008251485940478677,7.889148838458036e-06,0.0890427004145323
3.826409343985398e-06,0.13162799221341964,-8.225708808401115e-06,-0.00837678207874932,7.91229189009379e-06,0.08912030678490077
3.8309351453313465e-06,0.1317582086498948,-8.227347739128196e-06,-0.008502382663385119,7.935238869469829e-06,0.08919739259203688
3.835611856348671e-06,0.1318879316294262,-8.228893400878001e-06,-0.008628285910109626,7.957992096927876e-06,0.08927395650769943
3.8404363929155964e-06,0.13201716032230423,-8.230346708300842e-06,-0.008754490025738467,7.980553839731565e-06,0.08934999721084033
3.845405731411026e-06,0.1321458939023889,-8.231708559585323e-06,-0.008880993208286269,8.002926316351895e-06,0.08942551338763718
3.850516905432348e-06,0.1322741315473003,-8.232979838567896e-06,-0.009007793646880848,8.02511169458626e-06,0.08950050373168877
3.855767006158996e-06,0.1324018724382141,-8.234161413506574e-06,-0.009134889521910012,8.047112093542191e-06,0.08957496694383522
3.861153180932628e-06,0.13252911576001125,-8.235254137773329e-06,-0.009262279004920042,8.068929585575897e-06,0.08964890173235346
3.866672631056526e-06,0.13265586070122423,-8.236258850798393e-06,-0.009389960258772468,8.09056619684857e-06,0.08972230681303175
3.872322612514434e-06,0.13278210645407426,-8.237176377025013e-06,-0.009517931437584932,8.11202390674834e-06,0.08979518090908095
3.878100433392091e-06,0.13290785221433282,-8.238007527181486e-06,-0.009646190686745567,8.133304651797904e-06,0.08986752275127334
3.884003453342706e-06,0.13303309718150555,-8.23875309812576e-06,-0.009774736143051008,8.154410322767463e-06,0.08993933107797322
3.890029082026859e-06,0.1331578405587649,-8.239413873392772e-06,-0.00990356593458912,8.175342769558382e-06,0.09001060463521679
3.896174778739348e-06,0.1332820815527674,-8.239990623123604e-06,-0.010032678180907438,8.196103799543299e-06,0.09008134217660804
3.902438051290743e-06,0.13340581937399182,-8.240484104316988e-06,-0.01016207099292582,8.21669517982867e-06,0.09015154246358299
3.908816455040181e-06,0.13352905323652275,-8.240895060879626e-06,-0.010291742473072608,8.23711863672324e-06,0.09022120426532858
3.915307592015032e-06,0.13365178235793482,-8.241224224087663e-06,-0.010421690715212439,8.25737585759856e-06,0.09029032635877271
3.921909108920029e-06,0.13377400595963954,-8.241472313253142e-06,-0.010551913804757314,8.277468492085696e-06,0.09035890752876848
3.928618697264244e-06,0.1338957232665695,-8.241640035348842e-06,-0.010682409818660326,8.297398152296706e-06,0.09042694656809441
3.93543409282324e-06,0.1340169335072421,-8.241728084936045e-06,-0.010813176825486409,8.317166412490606e-06,0.09049444227733401
3.942353074493222e-06,0.13413763591393923,-8.241737144682012e-06,-0.010944212885364166,8.336774811871768e-06,0.09056139346523083
3.9493734616853056e-06,0.13425782972249534,-8.241667886405503e-06,-0.011075516050124763,8.356224854886395e-06,0.09062779894849908
3.956493115302532e-06,0.13437751417236296,-8.241520970388758e-06,-0.01120708436325664,8.375518011280502e-06,0.09069365755188441
3.963709937138437e-06,0.134496688506629,-8.241297045293273e-06,-0.011338915859988957,8.394655716540688e-06,0.09075896810830823
3.971021867641397e-06,0.13461535197200716,-8.240996749079657e-06,-0.011471008567256706,8.413639374295064e-06,0.09082372945885228
3.978426886211595e-06,0.13473350381884147,-8.240620709020087e-06,-0.011603360503858611,8.432470355392757e-06,0.09088794045279264
3.9859230109799e-06,0.1348511433010787,-8.240169540950182e-06,-0.011735969680376596,8.451149999072415e-06,0.09095159994767657
3.993508295452761e-06,0.13496826967630737,-8.239643851464675e-06,-0.011868834099265067,8.469679614130548e-06,0.09101470680932906
4.001180829640713e-06,0.13508488220570028,-8.23904423669877e-06,-0.012001951754858771,8.488060480283192e-06,0.09107725991192189
4.008938740623767e-06,0.13520098015406648,-8.238371281994146e-06,-0.012135320633478882,8.506293845386686e-06,0.09113925813802605
4.0167801879895814e-06,0.13531656278985418,-8.237625563935043e-06,-0.012268938713362584,8.524380930693103e-06,0.0912007003786279
4.024703367668893e-06,0.13543162938501976,-8.23680764830341e-06,-0.012402803964808522,8.542322927333126e-06,0.09126158553314061
4.032706507857819e-06,0.13554617921530338,-8.235918091911922e-06,-0.012536914350185458,8.560121000207083e-06,0.091321912509572
4.040787868821767e-06,0.13566021155988392,-8.234957442894916e-06,-0.01267126782387627,8.57777628774097e-06,0.09138168022441599
4.048945744419235e-06,0.13577372570171495,-8.233926238944156e-06,-0.012805862332477998,8.595289900956561e-06,0.09144088760281731
4.057178459073246e-06,0.13588672092708137,-8.23282500934002e-06,-0.012940695814694462,8.612662924268951e-06,0.0914995335784077
4.06548436873214e-06,0.13599919652628067,-8.23165427423807e-06,-0.013075766201513914,8.629896419168712e-06,0.09155761709376696
4.073861858363895e-06,0.1361111517928115,-8.2304145456844e-06,-0.013211071416098362,8.6469914208588e-06,0.0916151370999103
4.082309342282928e-06,0.13622258602412887,-8.229106327122585e-06,-0.013346609374009834,8.66394894062474e-06,0.09167209255685654
4.09082526552718e-06,0.13633349852088367,-8.227730112836167e-06,-0.013482377983016089,8.680769966275473e-06,0.09172848243318439
4.099408099573331e-06,0.1364438885877865,-8.226286389864088e-06,-0.013618375143403213,8.697455463507075e-06,0.09178430570655434
4.108056344577695e-06,0.1365537555328525,-8.224775636646248e-06,-0.013754598747777999,8.714006373503259e-06,0.09183956136338427
4.116768527206754e-06,0.13666309866768556,-8.223198324073173e-06,-0.013891046681260717,8.730423618021583e-06,0.09189424839897288
4.1255432020448906e-06,0.13677191730758947,-8.22155491468574e-06,-0.0140277168214826,8.746708095813203e-06,0.09194836581765346
4.134378948344949e-06,0.13688021077156884,-8.21984586394415e-06,-0.014164607038604842,8.762860684320928e-06,0.0920019126328269
4.143274372568508e-06,0.13698797838192453,-8.218071619059426e-06,-0.01430171519541118,8.778882240773963e-06,0.09205488786678713
4.152228104416949e-06,0.13709521946483613,-8.216232620831688e-06,-0.01443903914732274,8.794773601990827e-06,0.09210729055102966
4.161238798792368e-06,0.13720193334996472,-8.214329302592813e-06,-0.014576576742446171,8.810535586723018e-06,0.0921591197261467
4.170305134663949e-06,0.13730811937050877,-8.21236209039983e-06,-0.014714325821602385,8.82616899236378e-06,0.09221037444185948
4.179425814967396e-06,0.13741377686325776,-8.210331403316255e-06,-0.014852284218435154,8.84167459905284e-06,0.09226105375706549
4.188599565395912e-06,0.13751890516877896,-8.20823765353934e-06,-0.014990449759376124,8.857053168493439e-06,0.0923111567400158
4.197825134257771e-06,0.1376235036310346,-8.206081246731916e-06,-0.015128820263769823,8.872305442940466e-06,0.09236068246818427
4.207101291384203e-06,0.13772757159759316,-8.203862582326004e-06,-0.015267393543845978,8.887432150118402e-06,0.09240963002826239
4.2164268287441535e-06,0.13783110841979457,-8.201582052991322e-06,-0.015406167404804494,8.902433997756312e-06,0.09245799851653273
4.225800559526662e-06,0.1379341134522844,-8.199240045172905e-06,-0.01554513964487272,8.917311679365225e-06,0.09250578703840291
4.2352213185419505e-06,0.1380365860533893,-8.196836938553954e-06,-0.01568430805535565,8.932065870145345e-06,0.09255299470880549
4.244687959931079e-06,0.1381385255852833,-8.194373107367774e-06,-0.01582367042063997,8.946697230001961e-06,0.09259962065232234
4.254199357829823e-06,0.1382399314132904,-8.191848920041805e-06,-0.01596322451829221,8.961206403602298e-06,0.09264566400273312
4.263754405771409e-06,0.1383408029067047,-8.189264739056167e-06,-0.016102968119090108,8.97559402050746e-06,0.09269112390362837
4.273352018081635e-06,0.13844113943807984,-8.186620920213486e-06,-0.016242898987068804,8.989860695871496e-06,0.0927359995079557
4.2829911258738324e-06,0.1385409403838236,-8.183917815033587e-06,-0.016383014879561508,9.004007029137537e-06,0.09278028997846788
4.2926706788879905e-06,0.13864020512375777,-8.181155769338219e-06,-0.01652331354729438,9.018033606391926e-06,0.092823994487462
4.30238964646307e-06,0.13873893304132134,-8.178335122363366e-06,-0.016663792734352097,9.03194100042805e-06,0.09286711221693751
4.312147013439281e-06,0.13883712352351738,-8.175456209681078e-06,-0.016804450178343814,9.045729770847658e-06,0.09290964235857956
4.321941784107202e-06,0.138934775961077,-8.172519360260714e-06,-0.016945283610351778,9.05940046210711e-06,0.09295158411398328
4.331772977682003e-06,0.139031889748035,-8.169524898989683e-06,-0.017086290755043854,9.072953607556327e-06,0.09299293669431706
4.341639631374328e-06,0.1391284642822317,-8.166473145300774e-06,-0.01722746933069167,9.086389727747384e-06,0.09303369932074015
4.351540798701261e-06,0.13922449896505124,-8.163364413300852e-06,-0.017368817049229514,9.09970933156047e-06,0.09307387122425965
4.361475547874031e-06,0.13931999320129348,-8.160199013426945e-06,-0.01751033161633409,9.112912914151531e-06,0.09311345164565195
4.371442963229837e-06,0.13941494639955687,-8.156977250953833e-06,-0.017652010731448953,9.126000962094413e-06,0.09315243983579516
4.381442145146666e-06,0.13950935797180916,-8.153699425925103e-06,-0.017793852087865006,9.138973947745838e-06,0.09319083505536764
4.391472208351167e-06,0.13960322733374333,-8.150365834629808e-06,-0.0179358533727062,9.15183233377064e-06,0.09322863657519849
4.401532282315222e-06,0.13969655390464983,-8.14697676861236e-06,-0.018078012267086923,9.164576572518996e-06,0.09326584367606679
4.411621510798047e-06,0.1397893371071686,-8.14353251518837e-06,-0.01822032644608408,9.177207104956027e-06,0.09330245564879266
4.4217390510814285e-06,0.13988157636777274,-8.140033357977749e-06,-0.01836279357885244,9.189724361968102e-06,0.09333847179434514
4.4318840755482105e-06,0.1399732711162661,-8.13647957542165e-06,-0.018505411328568974,9.202128765093895e-06,0.0933738914237717
4.442055769748815e-06,0.1400644207863018,-8.132871442265043e-06,-0.018648177352657655,9.214420725361071e-06,0.09340871385834552
4.452253331780335e-06,0.14015502481485428,-8.129209229539672e-06,-0.018791089302713615,9.226600645291215e-06,0.09344293842948218
4.462475973252397e-06,0.14024508264262542,-8.12549320437635e-06,-0.01893414482458395,9.238668916956695e-06,0.09347656447885232
4.4727229180528945e-06,0.1403345937137386,-8.121723630006897e-06,-0.019077341558449704,9.250625925505967e-06,0.09350959135831798
4.482993403394775e-06,0.14042355747601604,-8.117900765636387e-06,-0.01922067713889475,9.262472044446346e-06,0.09354201843006499
4.493286677925722e-06,0.14051197338090718,-8.114024867105771e-06,-0.0193641491949068,9.274207640951352e-06,0.09357384506670811
4.503602002587955e-06,0.14059984088314167,-8.110096186680815e-06,-0.01950775534998024,9.285833074422512e-06,0.09360507065095419
4.5139386492163695e-06,0.1406871594413045,-8.106114973703677e-06,-0.01965149322214601,9.297348693838305e-06,0.09363569457610302
4.524295902829582e-06,0.14077392851747525,-8.102081472643674e-06,-0.019795360424085653,9.308754842274359e-06,0.09366571624583321
4.534673058436963e-06,0.14086014757722495,-8.097995925765733e-06,-0.01993935456309249,9.320051853126509e-06,0.0936951350741508
4.545069422094665e-06,0.14094581608974566,-8.093858571939088e-06,-0.020083473241194135,9.331240054681507e-06,0.09372395048560607
4.555484311043968e-06,0.1410309335277409,-8.089669646595987e-06,-0.02022771405521365,9.342319767174314e-06,0.0937521619152126
4.565917052963329e-06,0.14111549936767523,-8.08542938213625e-06,-0.020372074596838124,9.353291304091943e-06,0.09377976880860822
4.576366985968688e-06,0.1411995130892221,-8.081138007897425e-06,-0.020516552452580085,9.364154970321317e-06,0.09380677062174793
4.586833458475044e-06,0.14128297417590752,-8.076795750027173e-06,-0.020661145203986365,9.374911066229112e-06,0.09383316682135748
4.597315828973966e-06,0.14136588211483542,-8.072402831783589e-06,-0.02080585042759425,9.385559884587173e-06,0.09385895688482887
4.60781346536504e-06,0.14144823639642512,-8.067959473735957e-06,-0.02095066569498251,9.396101712344193e-06,0.09388414029989209
4.6183257452307e-06,0.14153003651490909,-8.06346589356997e-06,-0.02109558857292665,9.406536830072567e-06,0.09390871656525426
4.628852054985095e-06,0.14161128196790107,-8.058922306767548e-06,-0.021240616623351447,9.41686551276531e-06,0.09393268519006874
4.639391791892735e-06,0.1416919722567856,-8.054328924710002e-06,-0.02138574740344064,9.42708802874072e-06,0.09395604569441145
4.649944360199711e-06,0.14177210688619193,-8.04968595788449e-06,-0.021530978465745792,9.4372046413764e-06,0.09397879760883202
4.660509174153874e-06,0.14185168536470769,-8.044993613268358e-06,-0.021676307358140842,9.447215609163538e-06,0.09400094047494158
4.671085657199303e-06,0.14193070720408657,-8.040252094742634e-06,-0.021821731623952314,9.457121184507827e-06,0.09402247384488809
4.681673239376009e-06,0.14200917191994733,-8.035461605666257e-06,-0.02196724880203667,9.466921615536657e-06,0.09404339728176112
4.692271360526096e-06,0.14208707903136752,-8.030622345394373e-06,-0.022112856426755353,9.476617144041417e-06,0.0940637103595069
4.7028794684843935e-06,0.14216442806087,-8.02573451137418e-06,-0.02225855202815248,9.486208006996519e-06,0.09408341266279922
4.713497019482141e-06,0.14224121853471122,-8.020798298449776e-06,-0.02240433313192805,9.495694437923535e-06,0.09410250378733995
4.724123476436938e-06,0.14231744998255108,-8.015813899970871e-06,-0.022550197259517235,9.505076666011001e-06,0.09412098333961626
4.734758309791253e-06,0.1423931219377882,-8.010781507493506e-06,-0.0226961419281982,9.514354915420542e-06,0.0941388509371754
4.745400999434102e-06,0.1424682339372899,-8.005701308756777e-06,-0.022842164651123747,9.523529405595934e-06,0.09415610620844417
4.756051031105966e-06,0.1425427855214072,-8.000573490890533e-06,-0.022988262937320255,9.532600352050316e-06,0.09417274879282068
4.7667078976894516e-06,0.14261677623405497,-7.995398238919106e-06,-0.023134434291864042,9.541567967562151e-06,0.09418877834063824
4.7773710995657635e-06,0.14269020562292473,-7.990175735547418e-06,-0.02328067621591381,9.550432459338178e-06,0.09420419451346088
4.788040144514749e-06,0.1427630732390258,-7.984906161420492e-06,-0.023426986206717747,9.559194031710844e-06,0.09421899698367221
4.798714546799393e-06,0.14283537863695733,-7.979589695521e-06,-0.02357336175769409,9.567852884863321e-06,0.09423318543477488
4.80939382702956e-06,0.1429071213749703,-7.97422651524598e-06,-0.023719800358535718,9.576409215615594e-06,0.09424675956144755
4.820077512242258e-06,0.142978301014868,-7.968816796271761e-06,-0.023866299495291815,9.58486321895411e-06,0.09425971906938338
4.830765136757549e-06,0.14304891712189546,-7.963360712191189e-06,-0.02401285665031834,9.593215083975264e-06,0.09427206367540605
4.841456241029497e-06,0.14311896926499507,-7.95785843475082e-06,-0.024159469302466485,9.601464998812143e-06,0.09428379310753136
4.852150371214821e-06,0.1431884570165259,-7.952310134625124e-06,-0.024306134927081932,9.609613147923641e-06,0.09429490710485641
4.862847079531371e-06,0.14325737995252463,-7.94671598077681e-06,-0.024452850996082343,9.617659712652413e-06,0.09430540541773878
4.873545923988599e-06,0.14332573765247483,-7.94107614094686e-06,-0.02459961497801897,9.625604871450392e-06,0.09431528780765978
4.884246469401101e-06,0.143393529699575,-7.935390780515793e-06,-0.024746424338158893,9.633448799601014e-06,0.09432455404742879
4.894948285945569e-06,0.14346075568035016,-7.929660063524724e-06,-0.02489327653854519,9.641191670718512e-06,0.0943332039209435
4.905650948438675e-06,0.1435274151851039,-7.923884153783053e-06,-0.025040169038043115,9.648833655151821e-06,0.09434123722347977
4.916354038496219e-06,0.1435935078075406,-7.918063212254698e-06,-0.02518709929240421,9.656374921969529e-06,0.09434865376150947
4.927057141940383e-06,0.1436590331449789,-7.912197399963822e-06,-0.025334064754356424,9.663815637290512e-06,0.09435545335281205
4.937759850822583e-06,0.14372399079831163,-7.906286875392377e-06,-0.02548106287370008,9.671155964064986e-06,0.09436163582648897
4.948461762476713e-06,0.1437883803719446,-7.900331796192459e-06,-0.025628091097274642,9.678396063894082e-06,0.09436720102291245
4.95916247825172e-06,0.14385220147385083,-7.894332319371942e-06,-0.025775146869091378,9.68553609727106e-06,0.09437214879387273
4.969861605931088e-06,0.14391545371557052,-7.88828859970752e-06,-0.025922227630443186,9.692576220752135e-06,0.0943764790023749
4.980558757061987e-06,0.14397813671214477,-7.882200791600994e-06,-0.026069330819869833,9.699516591011514e-06,0.09438019152292475
4.99125354855512e-06,0.14404025008232296,-7.876069048222544e-06,-0.0262164538732901,9.70635736114278e-06,0.09438328624135107
5.001945601661678e-06,0.14410179344806345,-7.869893521629899e-06,-0.026363594224035905,9.713098683255852e-06,0.09438576305477743
5.012634543046825e-06,0.14416276643533635,-7.863674362590513e-06,-0.026510749302982556,9.719740708918432e-06,0.09438762187194603
5.023320003334101e-06,0.1442231686733636,-7.857411720936242e-06,-0.026657916538547582,9.726283585605312e-06,0.09438886261286138
5.034001617214644e-06,0.1442829997949097,-7.85110574598941e-06,-0.02680509335673701,9.732727462114952e-06,0.09438948520893543
5.044679024518773e-06,0.1443422594364787,-7.84475658576496e-06,-0.026952277181329785,9.739072484605743e-06,0.0943894896031481
5.0553518694807875e-06,0.14440094723793195,-7.838364387019194e-06,-0.027099465433802802,9.745318797463196e-06,0.0943888757498447
5.066019799800706e-06,0.14445906284283194,-7.83192929630553e-06,-0.027246655533537504,9.75146654386278e-06,0.0943876436148818
5.07668246790231e-06,0.14451660589824022,-7.825451458907256e-06,-0.027393844897744424,9.757515866411645e-06,0.09438579317558543
5.087339529839608e-06,0.14457357605461346,-7.818931019598083e-06,-0.027541030941669882,9.763466905353654e-06,0.09438332442067246
5.09799064611999e-06,0.1446299729663221,-7.812368122112631e-06,-0.02768821107855422,9.76931980251037e-06,0.09438023735060919
5.108635480944458e-06,0.14468579629084857,-7.805762909380639e-06,-0.0278353827197185,9.775074695399584e-06,0.09437653197705344
5.119273702819945e-06,0.14474104568966245,-7.799115523400912e-06,-0.027982543274773477,9.780731722647413e-06,0.09437220832348663
5.129904983282274e-06,0.14479572082747055,-7.792426106248521e-06,-0.028129690151454664,9.78629102174521e-06,0.09436726642472625
5.1405289982364625e-06,0.14484982137252148,-7.785694798287603e-06,-0.02827682075583025,9.791752728713194e-06,0.0943617063270941
5.151145427045562e-06,0.14490334699691326,-7.778921739974336e-06,-0.028423932492391495,9.797116979127016e-06,0.09435552808868337
5.1617539528537305e-06,0.1449562973759633,-7.77210707059463e-06,-0.028571022764060285,9.802383908851712e-06,0.09434873177892202
5.17235426110862e-06,0.14500867218874827,-7.765250930008039e-06,-0.02871808897223634,9.807553651463503e-06,0.09434131747891293
5.182946042870533e-06,0.14506047111778614,-7.75835345569402e-06,-0.02886512851696013,9.812626340008745e-06,0.09433328528129303
5.193528990829604e-06,0.14511169384924216,-7.751414786060173e-06,-0.029012138796901513,9.81760210867624e-06,0.09432463529030669
5.204102802414385e-06,0.1451623400727215,-7.744435057778747e-06,-0.029159117209439398,9.822481088369613e-06,0.09431536762173041
5.214667176709063e-06,0.145212409481366,-7.737414408419893e-06,-0.02930606115074669,9.827263413639089e-06,0.09430548240293907
5.225221817374249e-06,0.14526190177210005,-7.730352973956711e-06,-0.029452968015924803,9.831949214111727e-06,0.09429497977302241
5.2357664308298105e-06,0.14531081664506645,-7.723250890359044e-06,-0.029599835198891124,9.836538622732257e-06,0.09428385988246735
5.246300726457955e-06,0.14535915380418202,-7.716108293116603e-06,-0.029746660092644903,9.841031769654617e-06,0.09427212289352409
5.2568244171870555e-06,0.14540691295686745,-7.708925316885746e-06,-0.0298934400892355,9.845428785516618e-06,0.09425976898001742
5.267337217843125e-06,0.14545409381409208,-7.701702097313853e-06,-0.03004017257984625,9.849729802037743e-06,0.09424679832737198
5.277838848054234e-06,0.14550069609028074,-7.69443876748837e-06,-0.03018685495486536,9.853934948461282e-06,0.0942332111326091
5.288329028395115e-06,0.14554671950349238,-7.68713546234588e-06,-0.030333484603958887,9.858044355812349e-06,0.09421900760438894
5.298807484017456e-06,0.14559216377540338,-7.679792314628659e-06,-0.03048005891612943,9.86205815361303e-06,0.09420418796306024
5.309273941773195e-06,0.1456370286310369,-7.67240945821699e-06,-0.03062657527984599,9.86597647183947e-06,0.094188752440471
5.319728132165997e-06,0.14568131379925198,-7.664987025543273e-06,-0.030773031083022363,9.869799440567727e-06,0.09417270128026041
5.330169787363221e-06,0.14572501901213664,-7.657525149768048e-06,-0.030919423713106155,9.873527191108729e-06,0.09415603473754809
5.3405986428737265e-06,0.1457681440055599,-7.650023963337977e-06,-0.031065750557219968,9.87715985304311e-06,0.09413875307916371
5.351014437634843e-06,0.1458106885188677,-7.642483597804643e-06,-0.031212009002154456,9.880697555240265e-06,0.0941208565835819
5.361416911970887e-06,0.14585265229484817,-7.634904185604763e-06,-0.03135819643445098,9.884140430256508e-06,0.09410234554081422
5.3718058087832275e-06,0.1458940350800051,-7.62728585866491e-06,-0.03150431024055092,9.887488606826354e-06,0.09408322025264931
5.382180874038737e-06,0.14593483662437595,-7.619628748814294e-06,-0.03165034780672495,9.89074221647426e-06,0.09406348103244297
5.392541856520059e-06,0.1459750566814848,-7.6119329867789585e-06,-0.03179630651928438,9.893901390309607e-06,0.09404312820518398
5.402888506289305e-06,0.14601469500827988,-7.6041987046768805e-06,-0.03194218376452653,9.896966259833422e-06,0.09402216210742038
5.413220576819618e-06,0.14605375136546905,-7.596426033367044e-06,-0.03208797692888654,9.89993695558197e-06,0.09400058308747582
5.423537824199328e-06,0.1460922255172831,-7.588615103430687e-06,-0.03223368339900873,9.902813610136465e-06,0.09397839150519706
5.4338400056695335e-06,0.14613011723128788,-7.580766046481421e-06,-0.03237930056176285,9.905596355108298e-06,0.09395558773206908
5.444126882198753e-06,0.14616742627890766,-7.572878992609116e-06,-0.03252482580435932,9.90828532252319e-06,0.09393217215126444
5.454398215743731e-06,0.14620415243490917,-7.564954073167294e-06,-0.032670256514423235,9.910880646843624e-06,0.09390814515754839
5.464653771160757e-06,0.14624029547759082,-7.556991418842759e-06,-0.03281559007999468,9.913382460000324e-06,0.09388350715719102
5.474893315849796e-06,0.1462758551888772,-7.548991159824376e-06,-0.032960823889674376,9.915790895379858e-06,0.09385825856823725
5.485116618371552e-06,0.1463108313543667,-7.540953427260043e-06,-0.03310595533271039,9.918106088300165e-06,0.09383239982032202
5.495323450822926e-06,0.14634522376287182,-7.532878351191211e-06,-0.03325098179895394,9.920328172634016e-06,0.09380593135453938
5.505513585850888e-06,0.1463790322069878,-7.524766062741575e-06,-0.03339590067905928,9.922457284558775e-06,0.09377885362368533
5.515686799076984e-06,0.14641225648287534,-7.516616692589589e-06,-0.033540709364459846,9.924493559188313e-06,0.09375116709219053
5.525842868125165e-06,0.1464448963901502,-7.508430371276854e-06,-0.03368540524753675,9.926437132933822e-06,0.09372287223603569
5.5359815731018405e-06,0.14647695173197392,-7.500207229073198e-06,-0.03382998572154873,9.928288141571044e-06,0.09369396954271
5.546102694884902e-06,0.14650842231506386,-7.491947397325792e-06,-0.033974448180812425,9.930046723777272e-06,0.09366445951133263
5.556206018050051e-06,0.14653930794981462,-7.483651005948042e-06,-0.03411879002075566,9.931713017105031e-06,0.09363434265266997
5.566291327348377e-06,0.14656960844986847,-7.475318186376839e-06,-0.034263008637962035,9.933287160958974e-06,0.09360361948882757
5.57635841090883e-06,0.14659932363276648,-7.46694906905e-06,-0.03440710143028331,9.934769294166357e-06,0.09357229055373774
5.586407057416683e-06,0.1466284533193509,-7.458543785598423e-06,-0.034551065796813024,9.93615955677298e-06,0.09354035639265247
5.59643705849987e-06,0.1466569973341258,-7.450102466840162e-06,-0.034694899138078945,9.93745808975698e-06,0.09350781756247604
5.60644820741438e-06,0.14668495550507102,-7.44162524374064e-06,-0.03483859885604002,9.938665033808938e-06,0.09347467463157298
5.616440299200714e-06,0.14671232766374592,-7.433112247647299e-06,-0.03498216235415457,9.93978053190759e-06,0.09344092817984533
5.626413129990917e-06,0.14673911364526943,-7.424563610530164e-06,-0.0351255870374899,9.940804726158446e-06,0.09340657879871278
5.636366499089365e-06,0.14676531328824116,-7.415979463379096e-06,-0.03526887031276772,9.941737760192646e-06,0.09337162709101782
5.646300206232488e-06,0.14679092643495953,-7.4073599384844645e-06,-0.03541200958842695,9.942579779190437e-06,0.09333607367123799
5.656214054054336e-06,0.1468159529311075,-7.3987051671524615e-06,-0.03555500227470671,9.943330927870515e-06,0.09329991916514782
5.666107846281059e-06,0.14684039262591483,-7.390015281530032e-06,-0.03569784578370881,9.943991351098652e-06,0.09326316421002831
5.6759813882163985e-06,0.14686424537236475,-7.381290414109377e-06,-0.03584053752948609,9.944561197166383e-06,0.09322580945473846
5.68583448694361e-06,0.14688751102667608,-7.372530697348903e-06,-0.03598307492807892,9.945040613102654e-06,0.09318785555933064
5.6956669521169845e-06,0.14691018944890097,-7.3637362631487875e-06,-0.03612545539763218,9.945429746457736e-06,0.0931493031954917
5.705478593273889e-06,0.1469322805023983,-7.354907245191956e-06,-0.036267676358366925,9.945728747070032e-06,0.09311015304617051
5.715269223099656e-06,0.1469537840542501,-7.3460437761112815e-06,-0.036409735232808264,9.945937764703095e-06,0.09307040580580571
5.725038655444022e-06,0.14697469997504845,-7.337145988945616e-06,-0.036551629445700756,9.946056950762055e-06,0.0930300621801757
5.734786705288352e-06,0.1469950281387793,-7.328214017540624e-06,-0.03669335642416037,9.946086456689985e-06,0.09298912288636889
5.7445131898344334e-06,0.14701476842323438,-7.319247995284928e-06,-0.0368349135977435,9.946026434739022e-06,0.09294758865293462
5.754217927764692e-06,0.14703392070959367,-7.31024805586643e-06,-0.03697629839850017,9.945877038330356e-06,0.09290546021969995
5.763900738900947e-06,0.14705248488249262,-7.301214333902007e-06,-0.0371175082609629,9.945638422311648e-06,0.09286273833770771
5.773561445093786e-06,0.14707046083025221,-7.292146963311624e-06,-0.03725854062236938,9.94531074215278e-06,0.09281942376944569
5.783199869466789e-06,0.14708784844478368,-7.283046078761081e-06,-0.037399392922685216,9.944894153622466e-06,0.09277551728863605
5.792815836573821e-06,0.14710464762142078,-7.2739118153760065e-06,-0.037540062604546745,9.94438881384272e-06,0.09273101968028015
5.80240917238269e-06,0.14712085825907115,-7.2647443082527575e-06,-0.037680547113482614,9.943794880579512e-06,0.09268593174054893
5.8119797050410065e-06,0.14713648026025575,-7.255543692353441e-06,-0.03782084389796024,9.943112512971053e-06,0.09264025427696841
5.821527263184013e-06,0.14715151353086653,-7.246310103840016e-06,-0.03796095040931524,9.942341870307493e-06,0.09259398810811238
5.8310516776324125e-06,0.14716595798061002,-7.2370436783693485e-06,-0.038100864102034455,9.941483113954093e-06,0.09254713406394309
5.840552779656273e-06,0.1471798135225042,-7.227744552944377e-06,-0.038240582433660325,9.940536405748663e-06,0.09249969298544856
5.850030403197122e-06,0.1471930800732229,-7.21841286340855e-06,-0.03838010286489644,9.939501907982661e-06,0.09245166572482699
5.8594843829731975e-06,0.1472057575529936,-7.209048746763864e-06,-0.03851942285976996,9.938379783537838e-06,0.09240305314541479
5.868914555277758e-06,0.14721784588541956,-7.199652340204073e-06,-0.038658539885488404,9.937170197373408e-06,0.09235385612156824
5.878320757771858e-06,0.14722934499796728,-7.190223780943203e-06,-0.03879745141279608,9.935873315648432e-06,0.09230407553891783
5.887702829450898e-06,0.1472402548213399,-7.180763206611512e-06,-0.038936154915784345,9.934489304677617e-06,0.09225371229402432
5.897060610597194e-06,0.14725057528993088,-7.171270755494646e-06,-0.03907464787209967,9.933018331860584e-06,0.09220276729447617
5.9063939426301385e-06,0.14726030634175818,-7.16174656620157e-06,-0.03921292776297098,9.931460564887367e-06,0.09215124145904674
5.915702668662667e-06,0.14726944791809074,-7.152190777427976e-06,-0.03935099207323804,9.929816173724999e-06,0.09209913571732437
5.924986633138872e-06,0.14727799996409643,-7.142603527972833e-06,-0.039488838291542726,9.928085328182739e-06,0.09204645100999584
5.934245682426059e-06,0.14728596242827655,-7.13298495666741e-06,-0.039626463910272545,9.926268200312026e-06,0.09199318828869883
5.9434796626395e-06,0.1472933352627234,-7.123335204026073e-06,-0.03976386642562796,9.924364961915356e-06,0.09193934851595584
5.952688422823634e-06,0.14730011842310825,-7.113654409217e-06,-0.0399010433377969,9.922375786221016e-06,0.09188493266526168
5.961871812130456e-06,0.1473063118685285,-7.103942713219341e-06,-0.040037992150892876,9.920300847205976e-06,0.09182994172089981
5.971029681465021e-06,0.14731191556176998,-7.094200256638024e-06,-0.040174710373172724,9.918140321053981e-06,0.09177437667810635
5.980161883526233e-06,0.14731692946917826,-7.084427180011719e-06,-0.040311195516928154,9.91589438274109e-06,0.0917182385429672
5.989268271464379e-06,0.14732135356044562,-7.074623625060946e-06,-0.04044744509867116,9.913563209939527e-06,0.09166152833227581
5.9983487003067825e-06,0.14732518780905693,-7.064789733131505e-06,-0.04058345663920501,9.911146980036583e-06,0.0916042470736987
6.00740302557478e-06,0.14732843219175845,-7.054925646847545e-06,-0.040719227663542516,9.908645873567025e-06,0.09154639580558716
6.016431105431506e-06,0.14733108668918135,-7.0450315074829235e-06,-0.040854755701229734,9.906060069047526e-06,0.09148797557712086
6.025432797649236e-06,0.1473331512851796,-7.035107458684567e-06,-0.04099003828614548,9.903389748403146e-06,0.09142898744805655
6.034407961955103e-06,0.1473346259673827,-7.02515364353738e-06,-0.04112507295676807,9.900635093213867e-06,0.09136943248897385
6.043356459989484e-06,0.1473355107268437,-7.015170204730214e-06,-0.041259857256097696,9.897796287456797e-06,0.09130931178096177
6.052278153375633e-06,0.14733580555818548,-7.0051572865148196e-06,-0.04139438873179897,9.894873514461573e-06,0.09124862641581984
6.061172905634346e-06,0.14733551045964183,-6.995115033170162e-06,-0.04152866493630301,9.891866958662284e-06,0.09118737749589835
6.07004058139174e-06,0.14733462543276965,-6.9850435889824246e-06,-0.04166268342670602,9.888776805767844e-06,0.09112556613405913
6.0788810467145684e-06,0.1473331504830901,-6.9749430986903e-06,-0.041796441765115065,9.88560324410279e-06,0.09106319345389406
6.087694168506817e-06,0.14733108561909464,-6.964813707507481e-06,-0.04192993751832164,9.882346459762143e-06,0.09100026058916602
6.096479815053108e-06,0.14732843085340924,-6.954655561008336e-06,-0.04206316825830718,9.879006642726465e-06,0.09093676868444697
6.105237855952135e-06,0.14732518620175783,-6.944468804885081e-06,-0.04219613156197285,9.875583982864383e-06,0.09087271889451565
6.1139681618063206e-06,0.14732135168369545,-6.934253585283106e-06,-0.0423288250113618,9.872078670392783e-06,0.0908081123847084
6.122670604268846e-06,0.1473169273221305,-6.924010049087048e-06,-0.042461246193614806,9.868490897101398e-06,0.09074295033063431
6.1313450561887274e-06,0.1473119131435428,-6.913738343386996e-06,-0.04259339270114899,9.864820854873349e-06,0.09067723391825229
6.139991391698292e-06,0.14730630917811485,-6.903438615325459e-06,-0.04272526213173391,9.861068738146601e-06,0.09061096434393745
6.148609486127719e-06,0.1473001154594261,-6.893111012843215e-06,-0.042856852088416025,9.857234741600174e-06,0.09054414281427678
6.15719921599126e-06,0.14729333202457243,-6.882755683647955e-06,-0.0429881601796249,9.85331906013739e-06,0.09047677054602685
6.16576045897069e-06,0.14728595891433902,-6.872372776178614e-06,-0.043119184019402075,9.849321890019271e-06,0.09040884876634903
6.174293093716213e-06,0.14727799617299414,-6.8619624391831306e-06,-0.043249921227216534,9.845243429193706e-06,0.09034037871244442
6.182796999797881e-06,0.14726944384821986,-6.851524822264881e-06,-0.04338036942816983,9.841083875867853e-06,0.0902713616316442
6.191272058800031e-06,0.14726030199134107,-6.841060074214872e-06,-0.043510526253025775,9.83684342934295e-06,0.0902017987814393
6.1997181521500475e-06,0.14725057065740846,-6.830568345603613e-06,-0.04364038933839068,9.832522289755922e-06,0.09013169142951052
6.2081351637476706e-06,0.147240249904666,-6.8200497860589254e-06,-0.043769956326487676,9.828120657002616e-06,0.09006104085333193
6.216522977677284e-06,0.14722933979518465,-6.809504546527875e-06,-0.04389922486550451,9.823638734042966e-06,0.08998984834061644
6.224881479610486e-06,0.1472178403944327,-6.7989327775872175e-06,-0.04402819260952531,9.819076724070861e-06,0.0899181151889297
6.233210556113232e-06,0.14720575177151055,-6.788334630688717e-06,-0.04415685721859772,9.81443483045932e-06,0.08984584270581823
6.241510095402809e-06,0.14719307399892478,-6.777710256977037e-06,-0.04428521635879781,9.809713258086966e-06,0.08977303220864268
6.249779985743096e-06,0.14717980715288287,-6.7670598091252645e-06,-0.04441326770235356,9.804912212672801e-06,0.08969968502472252
6.258020117424887e-06,0.14716595131310226,-6.7563834390452874e-06,-0.04454100892761186,9.800031900863891e-06,0.08962580249122526
6.266230381703499e-06,0.14715150656267909,-6.745681299249703e-06,-0.04466843771909275,9.795072529892306e-06,0.08955138595494735
6.274410670779331e-06,0.1471364729886942,-6.734953542663385e-06,-0.044795551767757104,9.790034307455164e-06,0.08947643677267682
6.282560877756582e-06,0.14712085068095856,-6.724200322987525e-06,-0.044922348770660814,9.784917442860184e-06,0.08940095631052798
6.290680896752884e-06,0.14710463973384957,-6.713421794205424e-06,-0.04504882643152254,9.779722147308451e-06,0.08932494594478073
6.298770623498081e-06,0.14708784024442426,-6.702618110106962e-06,-0.04517498246031179,9.774448630505648e-06,0.08924840706091823
6.306829954597562e-06,0.14707045231379007,-6.6917894250776425e-06,-0.04530081457363859,9.76909710432301e-06,0.08917134105428638
6.314858788207641e-06,0.1470524760464202,-6.680935893061078e-06,-0.045426320494651624,9.763667781765605e-06,0.0890937493296388
6.3228570226959886e-06,0.14703391155036788,-6.670057669919134e-06,-0.04555149795312913,9.758160875656159e-06,0.089015633301334
6.330824557755393e-06,0.1470147589370448,-6.659154910905739e-06,-0.04567634468553392,9.75257660156369e-06,0.08893699439304031
6.338761294051517e-06,0.14699501832193465,-6.648227772366319e-06,-0.04580085843515558,9.746915173109649e-06,0.08885783403821472
6.346667134519682e-06,0.14697468982328424,-6.637276408901726e-06,-0.04592503695197934,9.741176807497261e-06,0.0887781536791705
6.3545419812552115e-06,0.14695377356355616,-6.626300978440813e-06,-0.04604887799295348,9.735361720959301e-06,0.08869795476806651
6.36238573939226e-06,0.14693226966844689,-6.615301636156593e-06,-0.04617237932190735,9.729470131555147e-06,0.08861723876609191
6.370198313641342e-06,0.1469101782674,-6.604278539947544e-06,-0.04629553870972404,9.723502257616609e-06,0.08853600714388114
6.377979610203762e-06,0.14688749949288563,-6.593231847354502e-06,-0.04641835393412208,9.717458318919461e-06,0.08845426138095344
6.3857295363336184e-06,0.14686423348161806,-6.582161715996064e-06,-0.04654082278021752,9.711338534503345e-06,0.08837200296645566
6.393448000901924e-06,0.14684038037346434,-6.571068303426488e-06,-0.04666294304006366,9.705143126227849e-06,0.08828923339837688
6.4011349132057125e-06,0.14681594031184045,-6.5599517681497955e-06,-0.04678471251298737,9.698872315609326e-06,0.08820595418389938
6.4087901835747364e-06,0.146790913443729,-6.548812269176402e-06,-0.046906129005586494,9.692526324764555e-06,0.08812216683916402
6.416413724005996e-06,0.14676529991987347,-6.5376499649519645e-06,-0.04702719033179842,9.686105377297629e-06,0.08803787288953194
6.424005447285497e-06,0.14673909989415398,-6.526465014340188e-06,-0.04714789431288798,9.67960969766428e-06,0.08795307386900654
6.431565266985585e-06,0.14671231352429318,-6.515257577473332e-06,-0.04726823877756941,9.673039509841752e-06,0.08786777132076498
6.439093097708284e-06,0.14668494097164983,-6.504027814182918e-06,-0.04738822156214037,9.666395039523007e-06,0.08778196679683987
6.4465888553365475e-06,0.1466569824006581,-6.492775884588813e-06,-0.04750784051022564,9.659676514541524e-06,0.08769566185785484
6.454052456987943e-06,0.1466284379797318,-6.48150194885203e-06,-0.04762709347324332,9.652884160440786e-06,0.08760885807346334
6.461483820466928e-06,0.1465993078809201,-6.470206167814818e-06,-0.047745978310274675,9.646018205051169e-06,0.08752155702208743
6.468882865119383e-06,0.14656959227914412,-6.458888702209298e-06,-0.04786449288783466,9.639078878066517e-06,0.08743376029047296
6.476249510745444e-06,0.1465392913536938,-6.447549713498452e-06,-0.04798263508054858,9.63206640755952e-06,0.08734546947445693
6.483583678001305e-06,0.14650840528676973,-6.4361893638142485e-06,-0.04810040277062043,9.62498102485289e-06,0.08725668617814875
6.490885289410131e-06,0.1464769342645982,-6.424807814579933e-06,-0.048217793848204356,9.617822959346246e-06,0.08716741201442325
6.4981542685629775e-06,0.14644487847657328,-6.413405227426434e-06,-0.048334806211349716,9.610592443435206e-06,0.08707764860451057
6.505390539121639e-06,0.14641223811574056,-6.4019817653901015e-06,-0.04845143776604137,9.603289708473997e-06,0.08698739757805869
6.5125940265777225e-06,0.14637901337878084,-6.390537590882231e-06,-0.04856768642635948,9.595914988788674e-06,0.08689666057328041
6.519764657311425e-06,0.14634520446588245,-6.379072866669203e-06,-0.04868355011439961,9.588468516902497e-06,0.0868054392366554
6.526902358518986e-06,0.14631081158085438,-6.367587756210674e-06,-0.04879902676045,9.580950526335017e-06,0.08671373522301548
6.534007058953458e-06,0.1462758349305967,-6.3560824224405384e-06,-0.04891411430276975,9.573361253849383e-06,0.0866215501952419
6.5410786876284775e-06,0.1462402747264717,-6.344557029591453e-06,-0.04902881068821275,9.565700933577731e-06,0.08652888582488916
6.5481171751593584e-06,0.1462041311822926,-6.333011741257165e-06,-0.049143113871480876,9.557969802856856e-06,0.08643574379106371
6.555122453085877e-06,0.14616740451622995,-6.3214467217420006e-06,-0.04925702181593571,9.550168097421953e-06,0.08634212578149898
6.562094454032774e-06,0.14613009494962753,-6.309862135240406e-06,-0.049370532493142584,9.542296056363779e-06,0.08624803349169653
6.569033111678527e-06,0.1460922027074894,-6.298258146218191e-06,-0.04948364388316063,9.534353916073977e-06,0.08615346862529293
6.5759383603925365e-06,0.14605372801837946,-6.286634919984678e-06,-0.0495963539745091,9.526341916560582e-06,0.08605843289385215
6.582810135781714e-06,0.1460146711142711,-6.274992621482696e-06,-0.04970866076421044,9.518260297401471e-06,0.08596292801682084
6.589648374439652e-06,0.14597503223075045,-6.263331416416855e-06,-0.04982056225781298,9.510109299268738e-06,0.08586695572146327
6.596453013921611e-06,0.1459348116070705,-6.2516514702479165e-06,-0.04993205646963733,9.501889162516586e-06,0.08577051774301493
6.603223993340186e-06,0.1458940094858398,-6.239952948320278e-06,-0.05004314142255131,9.49360012711006e-06,0.08567361582428731
6.6099612521781605e-06,0.1458526261133467,-6.228236016966168e-06,-0.05015381514814932,9.48524243684847e-06,0.08557625171589525
6.616664731207526e-06,0.14581066173935398,-6.2165008423280686e-06,-0.050264075686840194,9.476816332801023e-06,0.08547842717605723
6.6233343722743035e-06,0.14576811661720385,-6.204747590674645e-06,-0.050373921087803766,9.468322059464487e-06,0.08538014397061684
6.629970118288195e-06,0.1457249910035621,-6.192976428749859e-06,-0.050483349409000663,9.459759860018327e-06,0.08528140387284139
6.636571912899976e-06,0.14568128515930262,-6.181187523160284e-06,-0.05059235871756361,9.451129978956582e-06,0.08518220866386289
6.643139700894369e-06,0.1456369993478079,-6.169381041202421e-06,-0.050700947089194634,9.442432660506064e-06,0.08508256013165673
6.649673428218557e-06,0.145592133836927,-6.1575571500808475e-06,-0.05080911260891005,9.433668150041038e-06,0.08498246007210643
6.656173041901936e-06,0.1455466888977148,-6.145716016649609e-06,-0.05091685337063016,9.424836694119079e-06,0.0848819102882445
6.662638489585448e-06,0.14550066480465798,-6.133857809046662e-06,-0.05102416747739028,9.415938539405966e-06,0.08478091259030977
6.669069720350035e-06,0.1454540618357204,-6.121982694659492e-06,-0.05113105304125096,9.406973932325429e-06,0.08467946879575486
6.675466684198364e-06,0.14540688027291607,-6.110090841252835e-06,-0.05123750818365543,9.397943121949442e-06,0.08457758072942295
6.68182933192399e-06,0.14535912040105733,-6.098182417184269e-06,-0.051343531035036784,9.388846354738689e-06,0.08447525022291989
6.688157615825441e-06,0.14531078250936358,-6.086257590146835e-06,-0.05144911973535684,9.37968387967461e-06,0.08437247911537357
6.694451488318661e-06,0.14526186688967208,-6.074316529351972e-06,-0.05155427243357843,9.370455947479459e-06,0.08426926925236851
6.700710903458331e-06,0.1452123738382204,-6.062359403235998e-06,-0.051658987288302045,9.361162805953417e-06,0.08416562248694721
6.706935816639711e-06,0.14516230365409363,-6.050386379661085e-06,-0.05176326246730964,9.351804706772453e-06,0.08406154067865462
6.713126183942749e-06,0.1451116566403779,-6.038397627608082e-06,-0.05186709614789591,9.342381899139836e-06,0.08395702569412276
6.719281961838667e-06,0.14506043310342992,-6.0263933166933e-06,-0.05197048651684987,9.332894635583254e-06,0.0838520794066121
6.725403108911657e-06,0.14500863335352904,-6.01437361522927e-06,-0.052073431770528956,9.323343166530733e-06,0.08374670369631397
6.731489583737385e-06,0.14495625770388418,-6.002338692983311e-06,-0.0521759301146727,9.313727744780957e-06,0.08364090044974912
6.737541346495502e-06,0.1449033064717938,-5.9902887192094e-06,-0.05227797976477825,9.304048622698954e-06,0.08353467156038072
6.7435583582091e-06,0.14484977997785384,-5.978223863468117e-06,-0.05237957894594757,9.294306054419163e-06,0.08342801892804053
6.749540581162386e-06,0.1447956785463661,-5.966144294667182e-06,-0.05248072589299499,9.284500292687216e-06,0.08332094445918227
6.755487978067979e-06,0.14474100250485045,-5.954050183219733e-06,-0.05258141885032706,9.274631590951681e-06,0.0832134500665434
6.761400513345786e-06,0.14468575218486698,-5.941941698309018e-06,-0.05268165607229981,9.264700203985625e-06,0.08310553766942379
6.767278151767615e-06,0.14462992792079443,-5.929819010202795e-06,-0.052781435822847916,9.254706386861835e-06,0.08299720919317649
6.773120859594546e-06,0.14457353005152487,-5.917682288587823e-06,-0.052880756376043295,9.244650394949626e-06,0.08288846656987246
6.7789286035296685e-06,0.14451655891850773,-5.9055317040547804e-06,-0.05297961601549434,9.23453248419547e-06,0.0827793117372497
6.784701351586174e-06,0.14445901486752688,-5.893367426732793e-06,-0.05307801303500102,9.224352909460747e-06,0.08266974663968486
6.790439073389604e-06,0.1444008982473678,-5.881189626049552e-06,-0.053175945738188735,9.214111928135724e-06,0.08255977322729867
6.796141738488663e-06,0.1443422094106385,-5.868998473105998e-06,-0.053273412438674846,9.20380979746579e-06,0.08244939345643042
6.801809317721964e-06,0.1442829487134603,-5.856794138319931e-06,-0.053370411460178256,9.193446774959435e-06,0.08233860928936156
6.807441783825315e-06,0.14422311651539546,-5.844576791465389e-06,-0.0534669411363778,9.18302311656367e-06,0.0822274226942534
6.813039109218725e-06,0.14416271317951732,-5.832346603707223e-06,-0.05356299981108866,9.172539082190406e-06,0.08211583564505963
6.818601268051664e-06,0.1441017390727375,-5.820103745215056e-06,-0.05365858583839501,9.161994929268596e-06,0.08200385012174895
6.824128235055064e-06,0.14404019456521266,-5.807848387335794e-06,-0.053753697582349436,9.151390917239549e-06,0.08189146810983859
6.829619986487438e-06,0.1439780800307327,-5.795580700136736e-06,-0.05384833341736472,9.140727305749549e-06,0.08177869160058367
6.835076499692884e-06,0.14391539584653976,-5.783300853889256e-06,-0.053942491727966536,9.130004353607944e-06,0.08166552259078219
6.840497751800387e-06,0.14385214239373428,-5.7710090203942544e-06,-0.054036170909116825,9.119222321019665e-06,0.0815519630829921
6.845883722329049e-06,0.14378832005659,-5.7587053696621425e-06,-0.05412936936598059,9.108381467834198e-06,0.0814380150850576
6.851234391289392e-06,0.14372392922300842,-5.746390072308903e-06,-0.054222085514046725,9.097482054953397e-06,0.08132368061031822
6.856549738960173e-06,0.14365897028466895,-5.734063300165262e-06,-0.054314317779307994,9.086524343043997e-06,0.08120896167756779
6.861829747660406e-06,0.1435934436366001,-5.721725223314795e-06,-0.05440606459808188,9.075508592814084e-06,0.08109386031089628
6.867074400349014e-06,0.14352734967733838,-5.709376012475939e-06,-0.05449732441712142,9.064435067140509e-06,0.08097837853956188
6.872283680530386e-06,0.14346068880895,-5.6970158390650405e-06,-0.05458809569366008,9.053304027319792e-06,0.08086251839803035
6.877457573006335e-06,0.143393461437208,-5.684644873920337e-06,-0.05467837689546774,9.04211573520518e-06,0.08074628192599889
6.882596063911272e-06,0.14332566797142215,-5.672263287376987e-06,-0.054768166500928514,9.030870454514364e-06,0.080629671168214
6.887699139831448e-06,0.14325730882421442,-5.659871250443303e-06,-0.054857462998827065,9.019568446083815e-06,0.08051268817432121
6.892766788273767e-06,0.1431883844120451,-5.647468934466289e-06,-0.05494626488870836,9.008209974389866e-06,0.08039533499909784
6.897798997992222e-06,0.1431188951546382,-5.635056510219242e-06,-0.05503457068066453,8.99679530321005e-06,0.0802776137020244
6.9027957586587835e-06,0.14304884147542338,-5.622634148172518e-06,-0.0551223788954537,8.98532469445934e-06,0.08015952634748083
6.907757061183882e-06,0.14297822380147407,-5.610202018988226e-06,-0.05520968806461897,8.973798413762437e-06,0.08004107500470949
6.912682896774134e-06,0.14290704256297304,-5.5977602938442766e-06,-0.055296496730235435,8.962216724971567e-06,0.0799222617473955
6.917573258241148e-06,0.14283529819429927,-5.5853091431533785e-06,-0.055382803445405276,8.950579891548126e-06,0.07980308865424286
6.922428138738716e-06,0.14276299113285748,-5.572848738070627e-06,-0.05546860677375389,8.938888179608584e-06,0.07968355780818118
6.927247533422884e-06,0.14269012181983237,-5.560379248175471e-06,-0.05555390528990005,8.92714185268214e-06,0.07956367129688921
6.932031437054147e-06,0.14261669069966265,-5.54790084499753e-06,-0.05563869757909696,8.915341176603782e-06,0.07944343121225815
6.936779846447233e-06,0.14254269822090698,-5.535413698440624e-06,-0.05572298223774383,8.903486415915353e-06,0.07932283965089316
6.941492758986373e-06,0.14246814483502634,-5.52291797903366e-06,-0.05580675787285558,8.891577837999178e-06,0.0792018987134154
6.946170172659117e-06,0.14239303099729728,-5.51041385731884e-06,-0.055890023102481354,8.879615707395136e-06,0.0790806105048363
6.950812086918615e-06,0.14231735716699087,-5.497901503493385e-06,-0.05597277655576207,8.867600289716491e-06,0.07895897713460108
6.955418501664833e-06,0.14224112380588286,-5.485381088264775e-06,-0.056055016872485736,8.855531853139687e-06,0.07883700071576451
6.9599894182678045e-06,0.1421643313801978,-5.472852781551959e-06,-0.0561367427036883,8.84341066283281e-06,0.07871468336587906
6.9645248389878205e-06,0.1420869803594846,-5.460316752743034e-06,-0.05621795271138324,8.831236986480614e-06,0.0785920272064902
6.969024766766239e-06,0.14200907121662482,-5.447773172277673e-06,-0.05629864556857754,8.819011089158368e-06,0.07846903436288287
6.973489205475778e-06,0.14193060442807454,-5.4352222100267315e-06,-0.05637881995932447,8.806733240004348e-06,0.07834570696429309
6.977918160088526e-06,0.1418515804740032,-5.422664035772146e-06,-0.05645847457883508,8.794403705203875e-06,0.07822204714385862
6.9823116364125655e-06,0.14177199983818933,-5.4100988192610625e-06,-0.05653760813347888,8.782022752399296e-06,0.07809805703850883
6.9866696411960626e-06,0.14169186300760098,-5.397526730002772e-06,-0.056616219340638506,8.769590649124388e-06,0.0779737387886857
6.990992182338134e-06,0.14161117047311295,-5.3849479371816535e-06,-0.056694306928975695,8.75710766430968e-06,0.07784909453865517
6.995279268784046e-06,0.14152992272887802,-5.372362609605235e-06,-0.056771869638256936,8.744574064018428e-06,0.07772412643606412
6.999530909701925e-06,0.14144812027282688,-5.359770917184931e-06,-0.05684890621954873,8.731990117648776e-06,0.07759883663225009
7.003747115555243e-06,0.1413657636061527,-5.347173029011983e-06,-0.05692541543501028,8.719356093126634e-06,0.0774732272818041
7.007927898092204e-06,0.1412828532338533,-5.3345691134829585e-06,-0.057001396058180595,8.70667225955882e-06,0.07734730054284177
7.012073269614994e-06,0.14119938966438975,-5.321959339554238e-06,-0.05707684687383457,8.693938883836484e-06,0.07722105857674572
7.0161832433784934e-06,0.14111537340959254,-5.30934387576314e-06,-0.05715176667796016,8.681156235582143e-06,0.07709450354802229
7.020257833583521e-06,0.1410308049852731,-5.296722890604873e-06,-0.05722615427809273,8.668324584750178e-06,0.07696763762463794
7.024297055731849e-06,0.14094568491016385,-5.284096551773247e-06,-0.05730000849271318,8.65544419838219e-06,0.07684046297731974
7.028300925287028e-06,0.1408600137070779,-5.271465028425026e-06,-0.057373328152049825,8.642515347437999e-06,0.07671298178013064
7.032269459358189e-06,0.14077379190211106,-5.258828488241844e-06,-0.05744611209742383,8.629538299661661e-06,0.07658519620998
7.0362026761574054e-06,0.14068702002505046,-5.246187098371953e-06,-0.05751835918174507,8.6165133258602e-06,0.07645710844680212
7.040100594377065e-06,0.1405996986089336,-5.233541026504176e-06,-0.05759006826913908,8.603440694656e-06,0.07632872067320096
7.04396323348374e-06,0.1405118281907415,-5.220890440726742e-06,-0.05766123823536544,8.59032067516764e-06,0.07620003507483114
7.047790614328845e-06,0.14042340931072395,-5.208235507637165e-06,-0.05773186796744059,8.577153536679995e-06,0.07607105383989334
7.051582758084403e-06,0.14033444251271787,-5.195576394767998e-06,-0.05780195636393146,8.56393955055715e-06,0.07594177915928467
7.0553396874724365e-06,0.14024492834427577,-5.182913268493843e-06,-0.057871502334916024,8.550678985404884e-06,0.0758122132265905
7.059061425910677e-06,0.14015486735608468,-5.170246295238164e-06,-0.057940504801829655,8.537372110548995e-06,0.07568235823774733
7.062747997275723e-06,0.14006426010288794,-5.157575641930334e-06,-0.058008962697766564,8.524019197304865e-06,0.07555221639137627
7.0663994269112305e-06,0.13997310714262212,-5.1449014743833854e-06,-0.05807687496732413,8.510620514655078e-06,0.07542178988838909
7.070015740581657e-06,0.1398814090370476,-5.132223958880137e-06,-0.05814424056657755,8.497176333625614e-06,0.07529108093212465
7.073596964917645e-06,0.1397891663509527,-5.119543261586266e-06,-0.058211058463106466,8.48368692444278e-06,0.07516009172795433
7.0771431282997465e-06,0.13969637965325396,-5.106859547096702e-06,-0.05827732763621436,8.470152556134885e-06,0.0750288244837532
7.08065425875695e-06,0.13960304951614058,-5.094172981545575e-06,-0.058343047076728834,8.456573500440114e-06,0.07489728140945588
7.084130386257274e-06,0.1395091765153598,-5.081483729404201e-06,-0.05840821578699153,8.44295002639316e-06,0.07476546471701198
7.087571540768557e-06,0.13941476123013316,-5.0687919561259035e-06,-0.05847283278104598,8.42928240563714e-06,0.07463337662037374
7.090977753678166e-06,0.13931980424343093,-5.056097825977071e-06,-0.05853689708453811,8.415570907443433e-06,0.07450101933559672
7.094349057233865e-06,0.13922430614150078,-5.043401503414575e-06,-0.05860040773470679,8.401815803200963e-06,0.07436839508041726
7.097685484558415e-06,0.1391282675145044,-5.030703151865796e-06,-0.05866336378056759,8.388017363579834e-06,0.0742355060746536
7.100987069241396e-06,0.13903168895556772,-5.018002935932867e-06,-0.05872576428255214,8.3741758576945e-06,0.07410235453952972
7.1042538461323705e-06,0.13893457106201942,-5.005301018961324e-06,-0.058787608313028074,8.36029155802902e-06,0.07396894269832587
7.107485850778134e-06,0.13883691443430304,-4.992597564006832e-06,-0.0588488949558964,8.346364733708247e-06,0.07383527277571073
7.1106831198449685e-06,0.13873871967650486,-4.9798927340572066e-06,-0.058909623306784877,8.332395654673164e-06,0.07370134699801117
7.113845690560511e-06,0.13863998739638314,-4.967186691663287e-06,-0.05896979247304484,8.31838459330929e-06,0.0735671675930562
7.116973600694376e-06,0.138540718204831,-4.954479600203806e-06,-0.0590294015735968,8.304331819104739e-06,0.07343273678995593
7.120066889665389e-06,0.13844091271689898,-4.941771620950677e-06,-0.05908844973933106,8.290237603228146e-06,0.07329805681945353
7.123125597319177e-06,0.13834057155082813,-4.929062915863766e-06,-0.05914693611273829,8.276102215352371e-06,0.07316312991346935
7.126149763979035e-06,0.13823969532823766,-4.916353646969835e-06,-0.05920485984793673,8.261925926498513e-06,0.07302795830503095
7.1291394314221736e-06,0.13813828467465208,-4.903643975416092e-06,-0.059262220110988854,8.247709008315174e-06,0.07289254422853904
7.132094642244032e-06,0.13803634021898342,-4.89093406146825e-06,-0.05931901607966167,8.233451729256351e-06,0.07275688991943367
7.135015439161502e-06,0.13793386259361928,-4.878224066777747e-06,-0.059375246943376904,8.21915436088612e-06,0.07262099761417241
7.137901866427388e-06,0.13783085243453655,-4.865514151225141e-06,-0.05943091190337386,8.204817173951563e-06,0.0724848695501507
7.140753969063298e-06,0.13772731038128871,-4.852804474619867e-06,-0.05948601017278106,8.190440439088437e-06,0.07234850796583357
7.143571792650753e-06,0.13762323707701274,-4.840095196823174e-06,-0.059540540976361786,8.176024426763249e-06,0.07221191510039797
7.146355383745319e-06,0.13751863316828483,-4.827386476913509e-06,-0.059594503550774,8.161569405798376e-06,0.07207509319386304
7.149104789350018e-06,0.13741349930529934,-4.814678474766745e-06,-0.05964789714440749,8.147075648064285e-06,0.07193804448696513
7.151820057882469e-06,0.13730783614172817,-4.801971348518508e-06,-0.059700721017456715,8.132543423316965e-06,0.07180077122108475
7.154501238169007e-06,0.13720164433468382,-4.789265256573496e-06,-0.05975297444189674,8.117973002977479e-06,0.07166327563813084
7.1571483803038995e-06,0.13709492454536742,-4.776560356557837e-06,-0.05980465670171458,8.103364655292673e-06,0.07152555998080694
7.159761534466507e-06,0.1369876774375588,-4.763856806618642e-06,-0.05985576709225609,8.088718651564498e-06,0.0713876264918209
7.162340752193628e-06,0.13687990367974043,-4.751154763840563e-06,-0.05990630492132588,8.074035261581367e-06,0.07124947741483953
7.164886085425263e-06,0.13677160394279614,-4.73845438579594e-06,-0.05995626950789615,8.059314756652903e-06,0.07111111499332307
7.167397587321686e-06,0.13666277890199396,-4.725755828290222e-06,-0.060005660183232536,8.044557405027582e-06,0.07097254147139734
7.169875311377797e-06,0.13655342923598865,-4.713059248376932e-06,-0.060054476290278706,8.029763476713359e-06,0.07083375909331391
7.1723193125523795e-06,0.1364435556262937,-4.700364800959071e-06,-0.06010271718360539,8.014933242821375e-06,0.0706947701031713
7.174729646087941e-06,0.13633315875899624,-4.687672641592939e-06,-0.06015038222996129,8.000066972096032e-06,0.0705555767456006
7.177106367645195e-06,0.1362222393231759,-4.674982926453332e-06,-0.06019747080775549,7.985164935055857e-06,0.0704161812650215
7.1794495345249094e-06,0.13611079801123904,-4.662295809232234e-06,-0.06024398230714221,7.970227400299757e-06,0.07027658590571406
7.181759204219184e-06,0.13599883551971048,-4.64961144469665e-06,-0.060289916130278905,7.95525463713407e-06,0.07013679291205722
7.184035435213753e-06,0.13588635254819356,-4.6369299866120615e-06,-0.060335271691048034,7.940246914986013e-06,0.06999680452810407
7.186278286910545e-06,0.13577334980000685,-4.624251588102766e-06,-0.060380048415201844,7.925204503260005e-06,0.06985662299773143
7.188487819011593e-06,0.13565982798211315,-4.611576402881626e-06,-0.060424245740360503,7.910127672154723e-06,0.06971625056454138
7.190664092274511e-06,0.13554578780475654,-4.598904583553936e-06,-0.060467863115914844,7.895016688987228e-06,0.0695756894716791
7.192807168149114e-06,0.13543122998216645,-4.586236282541059e-06,-0.06051090000320117,7.879871824287237e-06,0.06943494196206598
7.194917108969892e-06,0.13531615523135107,-4.573571651574839e-06,-0.060553355875070616,7.864693346120006e-06,0.06929401027771386
7.196993977583493e-06,0.13520056427384455,-4.560910842427992e-06,-0.06059523021674485,7.849481523043783e-06,0.06915289666067494
7.19903783805918e-06,0.13508445783371964,-4.5482540054984595e-06,-0.06063652252471149,7.83423662365968e-06,0.06901160335180204
7.2010487546312706e-06,0.13496783663969406,-4.535601291747123e-06,-0.06067723230776334,7.81895891741473e-06,0.06887013259178991
7.2030267923956365e-06,0.1348507014229942,-4.5229528519361255e-06,-0.060717359086141204,7.803648671451026e-06,0.06872848662018644
7.204972017297426e-06,0.13473305291873816,-4.510308835713354e-06,-0.060756902392029584,7.788306154492617e-06,0.06858666767582235
7.206884496114278e-06,0.13461489186594647,-4.497669392186487e-06,-0.0607958617695522,7.77293163454735e-06,0.0684446779968781
7.208764296234232e-06,0.13449621900698472,-4.485034670504852e-06,-0.06083423677456728,7.757525380036851e-06,0.06830251982047514
7.21061148585942e-06,0.13437703508715979,-4.4724048187206515e-06,-0.06087202697454833,7.742087658547062e-06,0.06816019538250352
7.212426133935243e-06,0.1342573408564698,-4.459779984931167e-06,-0.06090923194915859,7.726618738250741e-06,0.06801770691831131
7.214208309888816e-06,0.13413713706751093,-4.447160316921222e-06,-0.06094585128955389,7.711118885291602e-06,0.06787505666171136
7.215958083873274e-06,0.13401642447676446,-4.4345459620278565e-06,-0.060981884598759535,7.695588367940167e-06,0.0677322468454478
7.2176755267372785e-06,0.13389520384427056,-4.421937067398187e-06,-0.06101733149163694,7.680027453511999e-06,0.06758927970112769
7.219360710700062e-06,0.13377347593337788,-4.409333777849935e-06,-0.061052191594695306,7.664436408281208e-06,0.06744615745885064
7.221013707441573e-06,0.133651241511607,-4.3967362408635644e-06,-0.06108646454653472,7.648815500310718e-06,0.06730288234773259
7.222634590883974e-06,0.13352850134925925,-4.384144599952621e-06,-0.06112014999716883,7.63316499551137e-06,0.06715945659506535
7.224223434200233e-06,0.13340525622065164,-4.371559001120758e-06,-0.06115324760856015,7.617485160494473e-06,0.06701588242687045
7.225780311893066e-06,0.13328150690323345,-4.358979588769221e-06,-0.061185757054284105,7.601776262103818e-06,0.06687216206747418
7.2273052991702e-06,0.13315725417875696,-4.346406506577991e-06,-0.06121767801998602,7.586038566537373e-06,0.0667282977399184
7.228798471883883e-06,0.13303249883148466,-4.333839897986738e-06,-0.06124901020255727,7.5702723395670995e-06,0.06658429166512324
7.230259906671875e-06,0.1329072416502561,-4.321279905360374e-06,-0.06127975331111738,7.55447784773702e-06,0.0664401460627439
7.231689680384137e-06,0.13278148342648016,-4.308726672146193e-06,-0.061309907066140944,7.538655355921045e-06,0.06629586315023511
7.233087871339566e-06,0.13265522495624524,-4.296180339032999e-06,-0.06133947120014118,7.522805130866504e-06,0.06615144514366622
7.23445455780391e-06,0.13252846703777693,-4.283641048206204e-06,-0.06136844545687724,7.506927436501847e-06,0.06600689425660088
7.235789818803408e-06,0.1324012104740191,-4.271108940644481e-06,-0.06139682959225796,7.49102253762282e-06,0.06586221270118471
7.2370937343633094e-06,0.1322734560710803,-4.258584156752446e-06,-0.06142462337372636,7.4750906998962295e-06,0.06571740268732139
7.238366384965675e-06,0.1321452046382957,-4.246066836097979e-06,-0.06145182658025045,7.459132188711492e-06,0.06557246642272764
7.2396078513667575e-06,0.1320164569890423,-4.233557119197372e-06,-0.06147843900268065,7.443147267933192e-06,0.06542740611318718
7.240818215893639e-06,0.13188721393997935,-4.221055143614942e-06,-0.061504460443403006,7.427136201856129e-06,0.06528222396215246
7.241997560591688e-06,0.13175747631130083,-4.2085610486057175e-06,-0.061529890716440376,7.411099255171953e-06,0.06513692217080425
7.243145968541754e-06,0.1316272449267977,-4.196074971874532e-06,-0.06155472964752918,7.395036691923514e-06,0.06499150293807397
7.244263523336048e-06,0.13149652061376457,-4.183597051443027e-06,-0.061578977073875954,7.378948774639021e-06,0.06484596846041069
7.245350309319656e-06,0.13136530420303777,-4.171127423507229e-06,-0.06160263284444661,7.362835768359125e-06,0.0647003209319071
7.246406411553714e-06,0.1312335965290604,-4.158666224481475e-06,-0.06162569681969745,7.346697934994479e-06,0.0645545625441375
7.247431915628302e-06,0.13110139843002044,-4.146213589710462e-06,-0.06164816887187893,7.330535539132082e-06,0.06440869548625203
7.248426907688288e-06,0.130968710747031,-4.133769654929688e-06,-0.06167004888439756,7.314348842485947e-06,0.06426272194445502
7.249391474367535e-06,0.1308355343253907,-4.121334554768413e-06,-0.06169133675258797,7.298138106681905e-06,0.06411664410260831
7.250325703054918e-06,0.13070187001336228,-4.108908423787842e-06,-0.0617120323830983,7.281903596152953e-06,0.06397046414158253
7.2512296817461646e-06,0.13056771866356306,-4.096491395315545e-06,-0.061732135694368355,7.2656455721100026e-06,0.06382418423980342
7.252103499025895e-06,0.13043308113125368,-4.084083602598985e-06,-0.06175164661604133,7.249364295913878e-06,0.06367780657247828
7.2529472439401354e-06,0.13029795827571442,-4.071685178472499e-06,-0.06177056508936275,7.233060030437763e-06,0.0635313333121052
7.2537610064434625e-06,0.1301623509600876,-4.0592962545048244e-06,-0.06178889106734027,7.21673303675382e-06,0.0633847666283993
7.25454487663678e-06,0.13002626004996565,-4.046916962705935e-06,-0.06180662451384801,7.200383576365934e-06,0.06323810868751126
7.2552989456237005e-06,0.12988968641579826,-4.034547433542374e-06,-0.06182376540486501,7.184011909076431e-06,0.06309136165320006
7.256023304878294e-06,0.1297526309307009,-4.022187797364e-06,-0.0618403137273621,7.167618296309208e-06,0.06294452768560924
7.256718046240399e-06,0.12961509447169586,-4.009838184783513e-06,-0.06185626947993614,7.151202998409049e-06,0.06279760894193652
7.257383262634382e-06,0.12947707791913202,-3.997498724149076e-06,-0.06187163267247674,7.1347662768320175e-06,0.06265060757600616
7.258019047123981e-06,0.12933858215712554,-3.985169544405631e-06,-0.061886403326319506,7.118308390492112e-06,0.06250352573845347
7.258625493279458e-06,0.12919960807318162,-3.972850774239483e-06,-0.06190058147421772,7.101829598729798e-06,0.062356365576519884
7.259202695669465e-06,0.12906015655844671,-3.960542540611738e-06,-0.06191416716015858,7.085330160596e-06,0.06220912923404153
7.259750748801576e-06,0.12892022850753299,-3.948244971137651e-06,-0.061927160439545256,7.068810337390734e-06,0.06206181885141046
7.260269748193668e-06,0.12877982481864678,-3.935958192086829e-06,-0.061939561379106306,7.0522703858672955e-06,0.06191443656552094
7.260759789898614e-06,0.128638946393518,-3.923682329021542e-06,-0.061951370056807044,7.035710566041462e-06,0.06176698450961964
7.261220970303836e-06,0.12849759413730266,-3.911417507223843e-06,-0.061962586561884636,7.019131135327711e-06,0.06161946481338204
7.261653386545513e-06,0.12835576895901493,-3.899163851174341e-06,-0.06197321099499899,7.002532351453228e-06,0.06147187960287308
7.262057136075293e-06,0.12821347177095704,-3.886921485219914e-06,-0.061983243467871346,6.985914474120086e-06,0.061324231000350525
7.262432316674797e-06,0.1280707034888234,-3.874690533326277e-06,-0.06199268410340478,6.969277759093255e-06,0.061176521124194985
7.262779027312979e-06,0.12792746503231783,-3.862471117626844e-06,-0.06200153303593811,6.95262246498667e-06,0.061028752089193006
7.263097366765668e-06,0.12778375732455455,-3.850263360969748e-06,-0.06200979041094692,6.935948846934396e-06,0.06088092600613784
7.2633874345032745e-06,0.12763958129135067,-3.8380673856284674e-06,-0.06201745638457845,6.919257163464261e-06,0.060733044981530655
7.263649330934828e-06,0.12749493786375676,-3.825883311918087e-06,-0.06202453112506092,6.902547670123184e-06,0.06058511111863848
7.2638831563219804e-06,0.12734982797450797,-3.8137112610504058e-06,-0.062031014810760024,6.88582062361157e-06,0.06043712651582313
7.264089011981635e-06,0.12720425256142393,-3.801551352488253e-06,-0.06203690763191045,6.869076279131416e-06,0.0602890932680526
7.2642669993833225e-06,0.1270582125649509,-3.78940370588589e-06,-0.062042209789396105,6.8523148927759904e-06,0.06014101346573651
7.264417220541116e-06,0.12691170892932413,-3.777268440043557e-06,-0.06204692149527275,6.835536719701238e-06,0.05999288919517357
7.264539777746946e-06,0.12676474260221463,-3.7651456738310246e-06,-0.06205104297253062,6.818742014328742e-06,0.059844722538363926
7.264634774369787e-06,0.12661731453505987,-3.7530355238366857e-06,-0.06205457445539897,6.801931031231056e-06,0.059696515573129494
7.264702313655138e-06,0.12646942568294212,-3.740938107507826e-06,-0.06205751618898909,6.78510402608856e-06,0.05954827037292552
7.264742499899791e-06,0.12632107700391879,-3.728853540359992e-06,-0.06205986842927027,6.768261251868856e-06,0.05939998900657234
7.26475543701204e-06,0.12617226946033583,-3.716781939576114e-06,-0.0620616314433941,6.75140296293054e-06,0.059251673538791
7.2647412301463266e-06,0.1260230040172556,-3.7047234192472144e-06,-0.06206280550912822,6.7345294121167745e-06,0.0591033260293868
7.264699984640536e-06,0.12587328164413017,-3.6926780939647077e-06,-0.062063390915431935,6.717640851836766e-06,0.05895494853398192
7.264631806064374e-06,0.12572310331339598,-3.6806460780998762e-06,-0.062063387962025256,6.700737535652828e-06,0.05880654310338128
7.264536800663338e-06,0.12557247000105173,-3.668627484887706e-06,-0.06206279695938578,6.683819716024552e-06,0.05865811178369062
7.2644150751216585e-06,0.12542138268701594,-3.65662242690344e-06,-0.06206161822898665,6.666887644747766e-06,0.0585096566164955
7.264266736491788e-06,0.12526984235446778,-3.644631016195051e-06,-0.06205985210308102,6.64994157459172e-06,0.05836117963853588
7.264091891997515e-06,0.12511784998993078,-3.632653364913932e-06,-0.06205749892444969,6.632981756449118e-06,0.058212682881590136
7.263890650073307e-06,0.1249654065838745,-3.620689582523395e-06,-0.06205455904697635,6.616008441338939e-06,0.0580641683728115
7.263663118810735e-06,0.12481251313033849,-3.6087397799419217e-06,-0.06205103283521685,6.5990218790079216e-06,0.05791563813445784
7.263409406954809e-06,0.12465917062643331,-3.596804066659422e-06,-0.062046920664130034,6.582022321418673e-06,0.0577670941836014
7.263129623476363e-06,0.12450538007308228,-3.584882552380364e-06,-0.06204222291964701,6.565010018645311e-06,0.05761853853247056
7.262823878226652e-06,0.12435114247500442,-3.5729753443958522e-06,-0.06203693999836844,6.54798521979519e-06,0.05746997318835562
7.26249228099561e-06,0.12419645884008108,-3.561082551267006e-06,-0.06203107230734461,6.530948175533157e-06,0.057321400153273305
7.262134942305302e-06,0.12404133018010328,-3.5492042791116324e-06,-0.06202462026442948,6.513899134089485e-06,0.05717282142425952
7.2617519726886974e-06,0.12388575750949206,-3.5373406354352527e-06,-0.06201758429760362,6.4968383453267225e-06,0.05702423899280111
7.26134348360201e-06,0.12372974184782955,-3.525491724837807e-06,-0.062009964846164736,6.479766056467897e-06,0.05687565484582302
7.260909586387307e-06,0.12357328421666552,-3.5136576532670974e-06,-0.06200176235919049,6.462682516540177e-06,0.056727070964298805
7.2604503929039856e-06,0.12341638564210153,-3.5018385251381667e-06,-0.06199297729673068,6.445587972433153e-06,0.05657848932434578
7.259966015531277e-06,0.12325904715308916,-3.490034444139701e-06,-0.06198361012900674,6.428482672097008e-06,0.056429911896368166
7.259456566991771e-06,0.12310126978269433,-3.478245513415196e-06,-0.06197366133684231,6.41136686171487e-06,0.05628134064564547
7.258922160075961e-06,0.1229430545671234,-3.4664718360259303e-06,-0.061963131411447096,6.394240788945684e-06,0.056132777531812554
7.258362908238634e-06,0.12278440254645599,-3.4547135137501548e-06,-0.06195202085442073,6.37710470089023e-06,0.05598422450913261
7.2577789254426246e-06,0.12262531476411842,-3.442970647124012e-06,-0.06194033017773597,6.359958841181721e-06,0.05583568352627291
7.257170325334509e-06,0.12246579226707828,-3.4312433382921007e-06,-0.06192805990360211,6.3428034569645455e-06,0.05568715652625849
7.256537222566411e-06,0.12230583610571012,-3.4195316863067098e-06,-0.06191521056454691,6.325638794581152e-06,0.055538645446465223
7.255879731781948e-06,0.12214544733426005,-3.4078357911054845e-06,-0.06190178270345438,6.308465097393388e-06,0.055390152218744666
7.255197968165223e-06,0.12198462701056396,-3.396155750988878e-06,-0.06188777687353951,6.2912826099367855e-06,0.05524167876921652
7.2544920472377336e-06,0.12182337619523882,-3.3844916638080977e-06,-0.061873193637796954,6.274091576623372e-06,0.055093227017914866
7.253762084677689e-06,0.1216616959536973,-3.3728436271935387e-06,-0.06185803357008194,6.2568922403979445e-06,0.05494479887964016
7.253008196429993e-06,0.1214995873534816,-3.3612117383409813e-06,-0.06184229725363362,6.23968484574221e-06,0.05479639626267148
7.252230498960019e-06,0.12133705146695883,-3.349596093070221e-06,-0.06182598528253898,6.222469635305035e-06,0.054648021070067505
7.251429108770298e-06,0.12117408936918918,-3.337996787593488e-06,-0.061809098260469326,6.205246852040714e-06,0.054499675198481576
7.2506041428943834e-06,0.12101070213906585,-3.326413916532076e-06,-0.06179163680136492,6.188016738452804e-06,0.05435136053876583
7.2497557189275605e-06,0.12084689085913196,-3.3148475733550213e-06,-0.06177360152921851,6.17077953551551e-06,0.0542030789758115
7.248883954128688e-06,0.12068265661530099,-3.3032978522704195e-06,-0.061754993077980186,6.153535486146026e-06,0.054054832388376856
7.2479889665886836e-06,0.1205180004972181,-3.291764845967329e-06,-0.0617358120916184,6.136284829900221e-06,0.05390662264920771
7.247070874623178e-06,0.12035292359747748,-3.28024864617156e-06,-0.06171605922378292,6.119027807821686e-06,0.05375845162468456
7.246129796241288e-06,0.12018742701336016,-3.2687493455744902e-06,-0.061695735138596317,6.101764661797716e-06,0.05361032117547437
7.245165850564967e-06,0.1200215118444285,-3.257267034206149e-06,-0.06167484050943,6.08449562979389e-06,0.05346223315550313
7.244179156293495e-06,0.11985517919481804,-3.2458018033051104e-06,-0.06165337602002705,6.067220952269979e-06,0.05331418941291972
7.243169833112391e-06,0.11968843017145475,-3.2343537412446423e-06,-0.061631342363558085,6.049940867481819e-06,0.05316619178922285
7.242138000280065e-06,0.11952126588512205,-3.222922937644193e-06,-0.06160874024313167,6.03265561609061e-06,0.05301824211973648
7.2410837776872486e-06,0.11935368745033627,-3.211509480804138e-06,-0.061585570371750845,6.015365434021458e-06,0.05287034223350924
7.24000728536707e-06,0.11918569598486575,-3.2001134585647037e-06,-0.06156183347190175,5.998070560615029e-06,0.05272249395304511
7.238908643489726e-06,0.11901729260996859,-3.1887349580103516e-06,-0.061537530275843105,5.980771234042477e-06,0.052574699094383746
7.237787972662192e-06,0.11884847845080801,-3.1773740654187643e-06,-0.06151266152562588,5.963467690862481e-06,0.052426959467271474
7.236645393805497e-06,0.11867925463583674,-3.166030866323339e-06,-0.06148722797277398,5.946160166457698e-06,0.052279276874835315
7.235481027687875e-06,0.11850962229705746,-3.154705446275829e-06,-0.061461230378394995,5.928848898406577e-06,0.05213165311359085
7.234294995922658e-06,0.1183395825697327,-3.143397888874222e-06,-0.06143466951313438,5.9115341224997045e-06,0.05198408997343423
7.233087419802229e-06,0.11816913659369287,-3.1321082781394964e-06,-0.06140754615755388,5.894216075246843e-06,0.051836589238033505
7.231858421090392e-06,0.11799828551098887,-3.120836697110456e-06,-0.06137986110102105,5.876894990433511e-06,0.051689152683812044
7.230608121688023e-06,0.11782703046794332,-3.1095832282048795e-06,-0.06135161514288663,5.859571102077015e-06,0.051541782080866586
7.229336643819854e-06,0.11765537261450636,-3.0983479529477934e-06,-0.06132280909182991,5.842244644746624e-06,0.05139447919256351
7.228044109577513e-06,0.11748331310377459,-3.0871309533057505e-06,-0.06129344376578845,5.8249158536079525e-06,0.05124724577537397
7.226730641791054e-06,0.11731085309264724,-3.0759323086852454e-06,-0.061263519992132046,5.807584960709265e-06,0.051100083579014445
7.225396363130513e-06,0.11713799374167534,-3.064752099112936e-06,-0.06123303860770827,5.790252200517007e-06,0.05095299434651356
7.224041396459769e-06,0.11696473621442145,-3.0535904041196665e-06,-0.06120200045828629,5.772917803169649e-06,0.050805979813750526
7.222665864966885e-06,0.11679108167862592,-3.0424473019240615e-06,-0.06117040639928345,5.755582002568233e-06,0.05065904170997841
7.2212698918762555e-06,0.11661703130534849,-3.031322870534605e-06,-0.06113825729524314,5.738245029980794e-06,0.050512181757474794
7.219853600774631e-06,0.11644258626869865,-3.0202171868174645e-06,-0.06110555401953877,5.720907117186041e-06,0.05036540167127336
7.218417115325938e-06,0.11626774774729547,-3.0091303274584203e-06,-0.06107229745529567,5.703568493380578e-06,0.050218703159904905
7.2169605593309284e-06,0.11609251692262622,-2.998062368328488e-06,-0.06103848849437307,5.686229390118874e-06,0.05007208792451094
7.215484056911687e-06,0.11591689497961656,-2.987013384108592e-06,-0.06100412803769569,5.668890037721169e-06,0.04992555765918776
7.213987732049049e-06,0.11574088310729741,-2.9759834500629065e-06,-0.06096921699550333,5.651550664481291e-06,0.04977911405118265
7.2124717092182666e-06,0.1155644824978148,-2.9649726396333112e-06,-0.06093375628678756,5.634211500503717e-06,0.04963275878040123
7.210936113004047e-06,0.11538769434698112,-2.9539810256337374e-06,-0.06089774683963261,5.616872773401759e-06,0.04948649351968055
7.209381067918099e-06,0.11521051985399788,-2.943008680832119e-06,-0.06086118959106463,5.599534711908299e-06,0.04934031993463452
7.207806698565041e-06,0.1150329602221764,-2.9320556779561116e-06,-0.06082408548714662,5.582197542274124e-06,0.0491942396838557
7.20621313031495e-06,0.11485501665756262,-2.9211220867406326e-06,-0.06078643548252505,5.564861494128936e-06,0.0490482544183922
7.204600487772898e-06,0.11467669037031732,-2.910207979017004e-06,-0.06074824054094376,5.547526792305622e-06,0.04890236578228233
7.202968896267707e-06,0.1144979825738194,-2.899313424400887e-06,-0.060709501634761,5.530193663558668e-06,0.048756575412075696
7.201318481073635e-06,0.11431889448538032,-2.8884384921128998e-06,-0.06067021974536624,5.512862334059118e-06,0.048610884937227206
7.199649367576229e-06,0.11413942732523573,-2.8775832510953138e-06,-0.06063039586246299,5.495533030741401e-06,0.048465295979523926
7.197961681464911e-06,0.1139595823180774,-2.866747768670084e-06,-0.060590030985040545,5.478205976531583e-06,0.048319810153798014
7.196255548390545e-06,0.11377936069106047,-2.855932112149358e-06,-0.06054912612010485,5.460881396908012e-06,0.04817442906699074
7.194531094135872e-06,0.1135987636758725,-2.84513634853439e-06,-0.06050768228381264,5.443559515105471e-06,0.048029154319045045
7.192788444514767e-06,0.1134177925069057,-2.834360543431742e-06,-0.06046570050050494,5.426240555256257e-06,0.047883987502070735
7.191027725399046e-06,0.11323644842253645,-2.8236047628591663e-06,-0.06042318180329458,5.408924739469528e-06,0.047738930200907366
7.189249062969977e-06,0.11305473266522795,-2.8128690709461752e-06,-0.060380127234079296,5.391612292153645e-06,0.04759398399306653
7.1874525832073594e-06,0.11287264647972985,-2.8021535326178424e-06,-0.06033653784258591,5.374303434088019e-06,0.04744915044803443
7.1856384124985825e-06,0.11269019111507654,-2.791458210520984e-06,-0.06029241468737869,5.356998386764314e-06,0.04730443112802378
7.183806677249776e-06,0.1125073678241327,-2.7807831671227573e-06,-0.060247758835541516,5.339697371234438e-06,0.0471598275877577
7.181957503656927e-06,0.11232417786241589,-2.770128465476186e-06,-0.060202571362130634,5.322400609974261e-06,0.047015341374041744
7.180091018350033e-06,0.11214062248994087,-2.759494166166772e-06,-0.060156853350975564,5.305108321106043e-06,0.04687097402633344
7.178207347722417e-06,0.111956702969731,-2.7488803307468176e-06,-0.06011060589394452,5.287820725967648e-06,0.046726727076340215
7.176306618412263e-06,0.1117724205685808,-2.738287019004974e-06,-0.06006383009130255,5.270538043440302e-06,0.04658260204805005
7.1743889573262635e-06,0.1115877765563404,-2.727714290045989e-06,-0.06001652705124251,5.2532604919198745e-06,0.0464386004576206
7.1724544908996695e-06,0.11140277220691137,-2.7171622033475937e-06,-0.05996869789040813,5.235988289682999e-06,0.046294723813649914
7.1705033460082385e-06,0.11121740879796703,-2.706630816874417e-06,-0.059920343733773605,5.218721655880673e-06,0.04615097361711746
7.1685356493562876e-06,0.11103168760986806,-2.696120188752561e-06,-0.05987146571390551,5.201460806229801e-06,0.04600735136082048
7.166551527962737e-06,0.11084560992715269,-2.6856303752028143e-06,-0.059822064971802265,5.184205959004825e-06,0.045863858530057845
7.164551108640413e-06,0.11065917703789896,-2.6751614330156993e-06,-0.059772142656500035,5.166957329044753e-06,0.04572049660230303
7.1625345181358045e-06,0.11047239023334754,-2.664713418462198e-06,-0.059721699924844614,5.1497151325644054e-06,0.04557726704701712
7.1605018837952865e-06,0.11028525080882196,-2.6542863849995445e-06,-0.0596707379418501,5.132479584920273e-06,0.04543417132600621
7.158453332232801e-06,0.11009776006247805,-2.643880388777193e-06,-0.059619257880254566,5.115250901917353e-06,0.04529121089298561
7.1563889907143316e-06,0.10990991929678828,-2.6334954821764054e-06,-0.05956726092086456,5.098029296664378e-06,0.04514838719397518
7.154308986211247e-06,0.1097217298173058,-2.6231317188523765e-06,-0.0595147482522631,5.0808149839608246e-06,0.04500570166695907
7.152213445622979e-06,0.10953319293308537,-2.612789151724673e-06,-0.05946172107076111,5.0636081768854485e-06,0.044863155741932
7.1501024960443135e-06,0.10934430995683685,-2.6024678324150227e-06,-0.05940818058048741,5.0464090879232914e-06,0.044720750841004506
7.147976264584107e-06,0.10915508220517635,-2.5921678120302705e-06,-0.05935412799351174,5.029217929468982e-06,0.04457848837840085
7.145834878303709e-06,0.10896551099756119,-2.5818891410527482e-06,-0.05929956452925363,5.012034913601751e-06,0.04443636976013506
7.143678464134315e-06,0.10877559765758993,-2.5716318698328396e-06,-0.059244491415052586,4.994860252356962e-06,0.04429439638437919
7.141507149219475e-06,0.1085853435119119,-2.5613960475223647e-06,-0.059188909885687514,4.977694155830359e-06,0.044152569641150205
7.139321060518645e-06,0.10839474989111372,-2.551181723209291e-06,-0.05913282118367802,4.960536834020044e-06,0.04401089091250424
7.137120325052272e-06,0.10820381812940988,-2.5409889444976704e-06,-0.05907622655911669,4.943388496736495e-06,0.04386936157249567
7.134905069873359e-06,0.10801254956392181,-2.5308177591054557e-06,-0.05901912726929236,4.92624935359208e-06,0.043727982986849344
7.13267542197806e-06,0.10782094553618889,-2.5206682135561738e-06,-0.05896152457946912,4.9091196124544015e-06,0.04358675651352269
7.130431508075058e-06,0.10762900739036005,-2.510540354823929e-06,-0.05890341976180462,4.891999483099836e-06,0.04344568350202379
7.128173455178821e-06,0.10743673647484238,-2.500434228354867e-06,-0.05884481409617622,4.874889171460534e-06,0.04330476529394119
7.125901390281545e-06,0.10724413414133596,-2.4903498786218852e-06,-0.058785708869813554,4.857788886809948e-06,0.04316400322271902
7.123615440128663e-06,0.10705120174512789,-2.4802873501488074e-06,-0.05872610537718507,4.840698833540107e-06,0.04302339861356557
7.1213157315136995e-06,0.10685794064505964,-2.470246686937153e-06,-0.058666004920056275,4.823619219292101e-06,0.04288295278358219
7.119002391068867e-06,0.10666435220318715,-2.46022793232498e-06,-0.05860540880733323,4.8065502485118745e-06,0.04274266704152548
7.116675545517217e-06,0.10647043778555416,-2.450231128796194e-06,-0.058544318355218845,4.789492127206814e-06,0.0426025426881212
7.114335321627007e-06,0.10627619876182601,-2.4402563177698233e-06,-0.05848273488732185,4.772445059430827e-06,0.0424625810159489
7.11198184578126e-06,0.10608163650461946,-2.4303035410829883e-06,-0.058420659733904576,4.755409248265989e-06,0.042322783309095446
7.10961524453347e-06,0.10588675239058037,-2.420372839702746e-06,-0.05835809423257973,4.738384898212269e-06,0.0421831508435731
7.107235644254763e-06,0.10569154779978002,-2.4104642535326404e-06,-0.05829503972804644,4.721372212048378e-06,0.04204368488715597
7.104843171440875e-06,0.10549602411562593,-2.4005778216949425e-06,-0.05823149757186542,4.704371392733614e-06,0.04190438669925593
7.102437952236601e-06,0.10530018272579367,-2.3907135837561934e-06,-0.05816746912291806,4.687382641829413e-06,0.041765257531250245
7.100020113028286e-06,0.10510402502020279,-2.380871577178243e-06,-0.05810295574634622,4.670406159026592e-06,0.041626298625757625
7.097589779878564e-06,0.10490755239367752,-2.371051839924969e-06,-0.05803795881499026,4.653442146147842e-06,0.04148751121765038
7.095147078713908e-06,0.10471076624383162,-2.3612544096174818e-06,-0.05797247970801915,4.636490803621206e-06,0.04134889653314886
7.092692135521231e-06,0.10451366797179211,-2.3514793225772432e-06,-0.057906519811488776,4.619552330097377e-06,0.04121045579017158
7.090225076090513e-06,0.10431625898261751,-2.3417266149313806e-06,-0.05784008051844881,4.602626926293212e-06,0.041072190198466696
7.087746026207377e-06,0.10411854068471905,-2.331996321879568e-06,-0.05777316322855956,4.5857147896613804e-06,0.0409341009593504
7.085255111606228e-06,0.10392051448977888,-2.322288477979863e-06,-0.05770576934807652,4.568816117867897e-06,0.040796189265723495
7.082752457826956e-06,0.10372218181353923,-2.3126031171542666e-06,-0.0576379002901624,4.55193110879005e-06,0.04065845630229308
7.080238190163616e-06,0.10352354407505644,-2.302940273570018e-06,-0.0575695574744888,4.535059959186355e-06,0.04052090324529878
7.0777124339720666e-06,0.10332460269668557,-2.2932999800980094e-06,-0.057500742327267734,4.518202864357382e-06,0.04038353126261096
7.075175314544849e-06,0.10312535910462436,-2.2836822688560592e-06,-0.05743145628129677,4.501360021282497e-06,0.04024634151370231
7.0726269568765374e-06,0.10292581472853148,-2.274087171721008e-06,-0.057361700775970914,4.4845316241307035e-06,0.04010933514975164
7.070067486075775e-06,0.10272597100177992,-2.2645147195783437e-06,-0.05729147725714663,4.467717868882827e-06,0.039972513313526914
7.0674970266970705e-06,0.10252582936083945,-2.2549649440585998e-06,-0.05722078717694658,4.45091894908186e-06,0.03983587713924638
7.064915703785937e-06,0.10232539124627324,-2.245437874004627e-06,-0.05714963199422207,4.434135056096868e-06,0.039699427752980125
7.062323641580802e-06,0.10212465810148996,-2.2359335399104544e-06,-0.057078013173699066,4.41736638579201e-06,0.03956316627204248
7.0597209646134955e-06,0.1019236313744156,-2.226451970687023e-06,-0.05700593218706673,4.400613129116651e-06,0.03942709380575584
7.057107797253654e-06,0.10172231251557323,-2.216993193973774e-06,-0.056933390511723,4.383875477100049e-06,0.03929121145465673
7.054484263497483e-06,0.10152070297960847,-2.2075572383167284e-06,-0.056860389631706414,4.367153621899438e-06,0.03915552031105639
7.051850487368355e-06,0.1013188042240872,-2.1981441306560363e-06,-0.05678693103678656,4.350447753817873e-06,0.03902002145860722
7.049206592705042e-06,0.10111661771159337,-2.1887538978013474e-06,-0.0567130162238626,4.33375806232163e-06,0.03888471597309466
7.046552703203536e-06,0.10091414490571707,-2.179386565758989e-06,-0.056638646694509534,4.317084736959796e-06,0.03874960492088291
7.0438889423423575e-06,0.10071138727656842,-2.170042160019137e-06,-0.05656382395804196,4.3004279665341385e-06,0.038614689361039914
7.041215433465054e-06,0.1005083462954852,-2.1607207056160568e-06,-0.05648854952857317,4.2837879400873395e-06,0.038479970343310445
7.038532299844401e-06,0.10030502343814686,-2.151422226853373e-06,-0.056412824926635186,4.26716484379185e-06,0.038345448909272516
7.035839664457104e-06,0.10010142018414091,-2.14214674743921e-06,-0.05633665167902407,4.25055886615283e-06,0.03821112609222849
7.0331376500872965e-06,0.09989753801648933,-2.132894291308802e-06,-0.05626003131838729,4.233970192902075e-06,0.03807700291697738
7.030426379411225e-06,0.09969337842069302,-2.1236648808936674e-06,-0.05618296538262663,4.217399010273029e-06,0.037943080399407525
7.027705975012776e-06,0.09948894288750995,-2.1144585380079994e-06,-0.05610545541659579,4.20084550149275e-06,0.037809359547693704
7.02497655904571e-06,0.09928423290986337,-2.1052752851321863e-06,-0.05602750297011331,4.1843098543189285e-06,0.037675841360946004
7.022238253704661e-06,0.09907924998504755,-2.0961151428990503e-06,-0.05594910959931533,4.167792251493651e-06,0.03754252683020216
7.019491180973541e-06,0.09887399561335047,-2.0869781317685317e-06,-0.05587027686572563,4.1512928748101054e-06,0.03740941693777732
7.016735462502054e-06,0.09866847129884812,-2.0778642719261362e-06,-0.05579100633681988,4.13481190873441e-06,0.03727651265767137
7.013971219778216e-06,0.09846267854939228,-2.068773583222602e-06,-0.05571129958580559,4.118349536459288e-06,0.0371438149554682
7.011198574113116e-06,0.09825661887570426,-2.059706084883193e-06,-0.05563115819123049,4.101905938518557e-06,0.0370113247880961
7.008417646840665e-06,0.09805029379292046,-2.0506617941164973e-06,-0.05555058373767368,4.085481295783304e-06,0.03687904310430571
7.005628558731383e-06,0.09784370481888181,-2.041640729832418e-06,-0.05546957781486849,4.069075788672381e-06,0.03674697084410425
7.002831430507885e-06,0.09763685347594313,-2.03264290921792e-06,-0.055388142018609726,4.052689598130329e-06,0.036615108939415046
7.000026382635241e-06,0.09742974128854799,-2.0236683492804315e-06,-0.05530627794935822,4.036322902424436e-06,0.03648345831315261
6.997213535424744e-06,0.09722236978659149,-2.0147170666188696e-06,-0.05522398721417113,4.0199758805818864e-06,0.03635201988053994
6.994393008951362e-06,0.0970147405015202,-2.005789076408204e-06,-0.055141271424337945,4.003648710534128e-06,0.036220794547546516
6.991564922973488e-06,0.09680685496980584,-1.996884394915427e-06,-0.055058132197410556,3.987341568014536e-06,0.03608978321230806
6.988729397328714e-06,0.09659871473113664,-1.9880030354117363e-06,-0.05497457115612774,3.971054632218699e-06,0.035958986764375096
6.9858865512027995e-06,0.09639032132797773,-1.9791450133229313e-06,-0.054890589928048475,3.954788077150211e-06,0.035828406084592576
6.983036503884172e-06,0.09618167630730674,-1.970310341982341e-06,-0.054806190146617466,3.938542080532767e-06,0.035698042045744095
6.9801793741680586e-06,0.09597278121925887,-1.9614990352580323e-06,-0.05472137345027847,3.9223168144519394e-06,0.03556789551201613
6.977315280895642e-06,0.09576363761706849,-1.952711104618327e-06,-0.05463614148243846,3.906112454707643e-06,0.035437967339030305
6.974444342388074e-06,0.09555424705865075,-1.943946563520029e-06,-0.05455049589233404,3.889929175337041e-06,0.035308258374445005
6.971566676963986e-06,0.09534461110415685,-1.935205422782644e-06,-0.05446443833354568,3.873767148853134e-06,0.03517876945697238
6.968682402380337e-06,0.09513473131820414,-1.926487694859317e-06,-0.05437797046529638,3.857626547461627e-06,0.035049501417274635
6.965791636478595e-06,0.09492460926829667,-1.9177933897725298e-06,-0.05429109395153893,3.8415075440904e-06,0.03492045507741166
6.962894496729282e-06,0.09471424652622275,-1.9091225176379152e-06,-0.05420381046161217,3.82541030888649e-06,0.03479163125131
6.9599911003074354e-06,0.09450364466672563,-1.9004750883049286e-06,-0.054116121669577216,3.8093350115665187e-06,0.034663030744280156
6.957081564230153e-06,0.09429280526816272,-1.8918511106147252e-06,-0.05402802925442447,3.7932818226070216e-06,0.03453465435328268
6.954166005127043e-06,0.09408172991307424,-1.8832505937148086e-06,-0.053939534900430595,3.777250910240418e-06,0.03440650286716571
6.951244539471645e-06,0.09387042018619945,-1.8746735455456096e-06,-0.053850640296037436,3.761242445187489e-06,0.03427857706592785
6.948317283283456e-06,0.09365887767699896,-1.8661199746677453e-06,-0.05376134713516325,3.7452565925722576e-06,0.034150877721608346
6.945384352559744e-06,0.09344710397853348,-1.8575898875950983e-06,-0.053671657116588806,3.729293521604714e-06,0.03402340559797571
6.94244586290993e-06,0.09323510068625632,-1.8490832915630637e-06,-0.05358157194319503,3.713353397647855e-06,0.0338961614499903
6.939501929571454e-06,0.0930228694005502,-1.8406001931114907e-06,-0.05349109332342614,3.697436387097567e-06,0.033769146024849366
6.936552667725162e-06,0.09281041172410996,-1.8321405976585169e-06,-0.05340022296966761,3.681542655408676e-06,0.0336423600609275
6.93359819203559e-06,0.09259772926428851,-1.8237045111530478e-06,-0.053308962599716785,3.665672367762462e-06,0.033515804288743324
6.9306386171617934e-06,0.09238482363084716,-1.815291937993241e-06,-0.05321731393522061,3.6498256882698475e-06,0.03338947943008492
6.927674057161409e-06,0.09217169643842046,-1.8069028830414936e-06,-0.05312527870331667,3.6340027790806916e-06,0.03326338619895695
6.924704626022887e-06,0.09195834930386862,-1.798537350232618e-06,-0.0530328586348386,3.6182038031940255e-06,0.033137525300591074
6.921730437345398e-06,0.09174478384818449,-1.7901953432675523e-06,-0.05294005546558496,3.6024289231610015e-06,0.03301189743217655
6.9187516045306025e-06,0.09153100169637218,-1.781876864759641e-06,-0.05284687093606326,3.586678299084478e-06,0.0328865032828151
6.915768240690205e-06,0.09131700447630897,-1.7735819171939949e-06,-0.05275330679086766,3.5709520921232273e-06,0.032761343533151424
6.912780458469267e-06,0.09110279381921232,-1.7653105031519623e-06,-0.052659364778879614,3.5552504632349136e-06,0.03263641885548333
6.90978837036407e-06,0.09088837136048461,-1.7570626241208983e-06,-0.05256504665381267,3.5395735707529767e-06,0.03251172991417769
6.906792088397006e-06,0.09067373873924683,-1.7488382821775413e-06,-0.052470354173755174,3.523921572826587e-06,0.0323872773654054
6.903791724604105e-06,0.09045889759699827,-1.7406374768944658e-06,-0.05237528910049319,3.508294628315843e-06,0.03226306185679329
6.900787390335801e-06,0.09024384958025336,-1.7324602098101437e-06,-0.05227985320095732,3.492692894335002e-06,0.03213908402825384
6.897779196871428e-06,0.09002859633780058,-1.7243064805834968e-06,-0.05218404824552952,3.4771165288797457e-06,0.03201534451112232
6.8947672550958875e-06,0.0898131395227578,-1.716176288575233e-06,-0.05208787600940258,3.461565686122688e-06,0.03189184392885607
6.891751675675521e-06,0.0895974807916852,-1.708069632504601e-06,-0.05199133827177772,3.4460405213229983e-06,0.031768582896759934
6.888732568859751e-06,0.08938162180397413,-1.6999865111856592e-06,-0.05189443681560982,3.430541189481609e-06,0.03164556202171274
6.885710044557666e-06,0.08916556422400597,-1.6919269230834228e-06,-0.05179717342891952,3.415067845080151e-06,0.03152278190307203
6.882684212403843e-06,0.08894930971794472,-1.683890866073452e-06,-0.05169954990265801,3.3996206404928266e-06,0.031400243131426565
6.879655181603194e-06,0.08873285995672497,-1.6758783378533865e-06,-0.05160156803263058,3.3841997294289954e-06,0.031277946289767065
6.876623061247412e-06,0.08851621661501038,-1.6678893347116206e-06,-0.05150322961869704,3.368805263159121e-06,0.031155891953040686
6.87358796009056e-06,0.0882993813698836,-1.6599238525975086e-06,-0.05140453646415809,3.353437392456763e-06,0.031034080687800464
6.870549986214979e-06,0.0880823559022045,-1.6519818888420354e-06,-0.0513054903763372,3.3380962683512873e-06,0.030912513052657214
6.867509247721413e-06,0.08786514189772866,-1.6440634384035364e-06,-0.0512060931672314,3.322782040851199e-06,0.03079118959864412
6.864465852286974e-06,0.0876477410440248,-1.6361684965680175e-06,-0.05110634665181568,3.307494858165184e-06,0.030670110868244123
6.8614199071603065e-06,0.08743015503297956,-1.6282970582195902e-06,-0.05100625264931876,3.292234869722599e-06,0.030549277396199052
6.8583715193369226e-06,0.08721238556069787,-1.6204491177185168e-06,-0.050905812983143034,3.2770022229841823e-06,0.030428689709568628
6.855320795403335e-06,0.08699443432521707,-1.6126246693143628e-06,-0.05080502947962707,3.2617970633689547e-06,0.030308348326862806
6.852267841638958e-06,0.08677630302940041,-1.6048237064070388e-06,-0.050703903969603344,3.246619539194664e-06,0.030188253759180834
6.849212763973418e-06,0.08655799337943634,-1.5970462223686638e-06,-0.05060243828744984,3.2314697953239237e-06,0.030068406509585876
6.846155667988323e-06,0.08633950708452075,-1.5892922101575427e-06,-0.050500634270986076,3.216347976050674e-06,0.029948807073090104
6.843096658886408e-06,0.08612084585804057,-1.5815616620821913e-06,-0.050398493762029574,3.2012542272891117e-06,0.029829455937075554
6.840035841509809e-06,0.08590201141670518,-1.5738545706016886e-06,-0.05029601860596539,3.186188691122498e-06,0.029710353581024303
6.836973320399085e-06,0.08568300548031943,-1.5661709269290022e-06,-0.050193210651417804,3.1711515110997506e-06,0.02959150047636458
6.83390919966065e-06,0.08546382977287682,-1.5585107230653838e-06,-0.05009007175107927,3.156142828859107e-06,0.029472897087035228
6.830843583252236e-06,0.08524448602197154,-1.550873948352268e-06,-0.04998660376113892,3.1411627852356336e-06,0.029354543869155456
6.827776574423149e-06,0.08502497595771455,-1.5432605948464774e-06,-0.04988280854066337,3.1262115217839968e-06,0.029236441270714245
6.824708276341976e-06,0.08480530131527798,-1.5356706519141484e-06,-0.049778687953171134,3.1112891773262565e-06,0.029118589732522866
6.8216387917376825e-06,0.08458546383158752,-1.5281041089946004e-06,-0.04967424386453712,3.096395892447876e-06,0.029000989687050283
6.81856822278944e-06,0.08436546524924055,-1.5205609566036615e-06,-0.049569478145299654,3.0815318043653645e-06,0.028883641559768136
6.815496671577106e-06,0.08414530731227457,-1.5130411833089203e-06,-0.0494643926680967,3.0666970513953694e-06,0.0287665457677431
6.81242423974672e-06,0.0839249917699926,-1.5055447770357545e-06,-0.049358989310042116,3.051891769893522e-06,0.028649702721033156
6.809351028482685e-06,0.08370452037361652,-1.498071726175297e-06,-0.049253269950513205,3.0371160980869952e-06,0.028533112821444447
6.806277138523741e-06,0.08348389487963313,-1.4906220195725825e-06,-0.049147236473278406,3.0223701706154614e-06,0.02841677646379729
6.8032026705104e-06,0.08326311704677533,-1.4831956435162598e-06,-0.049040890764489885,3.0076541214243346e-06,0.02830069403483092
6.800127724421323e-06,0.08304218863770169,-1.4757925859995785e-06,-0.048934234713922484,2.9929680849007893e-06,0.028184865913948646
6.797052399923255e-06,0.08282111141889628,-1.468412834109573e-06,-0.04882727021458249,2.978312195226041e-06,0.028069292472999784
6.793976796387537e-06,0.08259988715991762,-1.4610563739659033e-06,-0.04871999916240859,2.963686584459545e-06,0.027953974076203876
6.790901012762149e-06,0.08237851763434452,-1.453723191600007e-06,-0.048612423456825204,2.9490913845953603e-06,0.027838911080467495
6.787825147568316e-06,0.08215700461908995,-1.4464132730483406e-06,-0.04850454500015788,2.934526727789803e-06,0.027724103835108094
6.78474929895458e-06,0.08193534989412762,-1.4391266040030094e-06,-0.04839636569761646,2.919992742280038e-06,0.027609552681890144
6.781673564789272e-06,0.08171355524388725,-1.4318631683711267e-06,-0.048287887457911884,2.905489559800733e-06,0.027495257955406825
6.778598042265852e-06,0.08149162245575502,-1.4246229527945374e-06,-0.048179112192564155,2.8910173089483606e-06,0.027381219982706505
6.775522828614768e-06,0.08126955332095805,-1.4174059398043228e-06,-0.04807004181612499,2.876576117482737e-06,0.027267439083546587
6.772448020251531e-06,0.08104734963367477,-1.4102121146604707e-06,-0.047960678245910944,2.862166113838196e-06,0.027153915570146996
6.769373713402766e-06,0.08082501319234775,-1.4030414610239205e-06,-0.047851023402448956,2.8477874225366623e-06,0.02704064974762845
6.766300003854491e-06,0.08060254579849123,-1.3958939622469156e-06,-0.04774107920903127,2.833440171742718e-06,0.02692764191369197
6.763226987064788e-06,0.08037994925758975,-1.3887696012091217e-06,-0.047630847592081894,2.8191244859111542e-06,0.026814892358917854
6.76015475796585e-06,0.08015722537842783,-1.3816683608558305e-06,-0.04752033048058847,2.8048404896280318e-06,0.026702401366517053
6.7570834111774756e-06,0.07993437597282528,-1.3745902236941276e-06,-0.04740952980627334,2.7905883057522316e-06,0.02659016921238567
6.754013040975166e-06,0.07971140285706954,-1.3675351710326352e-06,-0.04729844750407897,2.776368058620592e-06,0.026478196165492407
6.750943741021321e-06,0.07948830785080077,-1.3605031855786056e-06,-0.047187085511599704,2.762179869628449e-06,0.02636648248759704
6.7478756047174244e-06,0.07926509277646965,-1.3534942487316655e-06,-0.04707544576884389,2.748023859827204e-06,0.026255028433107837
6.744808725004309e-06,0.07904175946048173,-1.34650834205875e-06,-0.04696353021869147,2.7339001505701037e-06,0.026143834249436258
6.7417431944716355e-06,0.07881830973353213,-1.3395454456993706e-06,-0.04685134080719185,2.7198088628943e-06,0.026032900177181365
6.73867910519828e-06,0.07859474542842879,-1.3326055412944374e-06,-0.04673887948216758,2.705750114807613e-06,0.025922226449417926
6.735616548984091e-06,0.07837106838297726,-1.325688608062511e-06,-0.046626148195053806,2.691724023951379e-06,0.025811813292716323
6.732555617068967e-06,0.07814728043739128,-1.318794626888213e-06,-0.0465131488990812,2.6777307084732727e-06,0.025701660926224657
6.729496400473328e-06,0.07792338343574884,-1.3119235760842053e-06,-0.046399883550349734,2.663770284460836e-06,0.0255917695622878
6.726438989535862e-06,0.07769937922638832,-1.3050754364965712e-06,-0.04628635410790872,2.6498428703643164e-06,0.025482139406535258
6.7233834743489546e-06,0.07747526966031751,-1.2982501869039606e-06,-0.046172562532822,2.635948579024255e-06,0.025372770657419073
6.720329944557177e-06,0.07725105659165321,-1.291447806006517e-06,-0.0460585107884158,2.6220875254359253e-06,0.025263663506381914
6.717278489419905e-06,0.0770267418803952,-1.2846682720887638e-06,-0.04594420084188319,2.6082598245447566e-06,0.025154818138779487
6.714229197692218e-06,0.0768023273867856,-1.2779115632711426e-06,-0.045829634660847676,2.5944655879562258e-06,0.02504623473207711
6.711182157744312e-06,0.07657781497742905,-1.271177658046995e-06,-0.045714814217154585,2.5807049293923204e-06,0.02493791345791011
6.7081374575021084e-06,0.07635320652083813,-1.2644665338069505e-06,-0.04559974148401512,2.566977958959882e-06,0.02482985448061819
6.705095184473216e-06,0.07612850388910591,-1.2577781682060895e-06,-0.045484418436982775,2.5532847889613655e-06,0.024722057957817272
6.7020554257941046e-06,0.0759037089595986,-1.2511125377287056e-06,-0.04536884705508706,2.5396255279608777e-06,0.024614524041021324
6.699018268120195e-06,0.07567882361088754,-1.2444696195001845e-06,-0.04525302931826913,2.5260002849718676e-06,0.024507252874353822
6.695983797568347e-06,0.07545384972643046,-1.2378493909977312e-06,-0.04513696720951123,2.5124091677748634e-06,0.024400244595703093
6.692952100064705e-06,0.07522878919312967,-1.2312518272131662e-06,-0.045020662714094876,2.4988522835598237e-06,0.024293499336368398
6.689923260870793e-06,0.07500364390079325,-1.2246769052061779e-06,-0.04490411781914557,2.4853297406427494e-06,0.02418701722088003
6.686897364902285e-06,0.07477841574388279,-1.218124600694687e-06,-0.044787334514608194,2.4718416434826527e-06,0.02408079836760051
6.683874496723534e-06,0.07455310661922988,-1.2115948888320969e-06,-0.04467031479206119,2.4583880986084664e-06,0.023974842888035457
6.6808547403658915e-06,0.07432771842800626,-1.205087744762943e-06,-0.044553060645625586,2.444969209256974e-06,0.023869150887452586
6.677838179401669e-06,0.07410225307449136,-1.198603144147046e-06,-0.04443557407139809,2.4315850791277054e-06,0.02376372246460028
6.674824897045678e-06,0.07387671246685422,-1.192141061391761e-06,-0.044317857067764324,2.4182358102880595e-06,0.02365855771191461
6.67181497596054e-06,0.07365109851639212,-1.1857014715761733e-06,-0.04419991163497326,2.404921507034201e-06,0.023553656715356093
6.668808498538142e-06,0.07342541313847062,-1.1792843477692795e-06,-0.04408173977569727,2.391642268022927e-06,0.023449019554715917
6.66580554657598e-06,0.07319965825104052,-1.1728896650845791e-06,-0.04396334349407206,2.378398194767842e-06,0.023344646303212275
6.6628062014876385e-06,0.07297383577736428,-1.1665173968453471e-06,-0.043844724797333014,2.3651893850168036e-06,0.023240537028334358
6.659810544282388e-06,0.07274794764193919,-1.1601675165651622e-06,-0.04372588569338015,2.352015938907708e-06,0.023136691790660455
6.656818655379532e-06,0.07252199577491175,-1.1538399981242304e-06,-0.04360682819329003,2.3388779551141838e-06,0.023033110645197186
6.653830614913866e-06,0.07229598210867168,-1.1475348142375427e-06,-0.043487554309439236,2.3257755289175637e-06,0.022929793640450658
6.650846502484074e-06,0.07206990857921108,-1.141251937898901e-06,-0.043368066056067696,2.312708757825697e-06,0.02282674081877645
6.647866397317915e-06,0.07184377712741528,-1.1349913413347957e-06,-0.04324836545024829,2.299677736025461e-06,0.022723952216904042
6.64489037807656e-06,0.07161758969546977,-1.1287529977080126e-06,-0.043128454509541586,2.2866825602290812e-06,0.02262142786478439
6.641918523072494e-06,0.0713913482313031,-1.1225368785814873e-06,-0.04300833525475071,2.273723321662506e-06,0.02251916778709819
6.63895091015553e-06,0.07116505468512907,-1.1163429559146032e-06,-0.04288800970777732,2.2608001157995903e-06,0.02241717200211172
6.635987616672496e-06,0.07093871101055095,-1.1101712016600962e-06,-0.0427674798921779,2.247913033175526e-06,0.022315440522105635
6.633028719523483e-06,0.07071231916548162,-1.1040215873690035e-06,-0.042646747833940624,2.2350621645834994e-06,0.022213973353743064
6.6300742952335675e-06,0.07048588111143995,-1.0978940839405275e-06,-0.04252581556076436,2.222247601354166e-06,0.022112770497793238
6.627124419713692e-06,0.07025939881245506,-1.0917886634228544e-06,-0.042404685101532696,2.209469433621749e-06,0.022011831948918602
6.62417916867315e-06,0.07003287423701617,-1.0857052953985162e-06,-0.04228335848741998,2.1967277496006533e-06,0.021911157696225668
6.621238617061029e-06,0.06980630935703226,-1.0796439517760555e-06,-0.04216183775130891,2.1840226386964186e-06,0.021810747723071837
6.6183028396542275e-06,0.06957970614742606,-1.073604602067831e-06,-0.04204012492738994,2.171354186459652e-06,0.021710602006930518
6.6153719105408705e-06,0.069353066587359,-1.0675872172809077e-06,-0.04191822205198946,2.158722479550313e-06,0.021610720519779733
6.612445903502917e-06,0.06912639265917123,-1.0615917670192984e-06,-0.04179613116290647,2.1461276045681044e-06,0.021511103227872565
6.609524891792555e-06,0.06889968634873715,-1.0556182213644296e-06,-0.04167385429958482,2.133569645379078e-06,0.021411750091863888
6.606608948202013e-06,0.06867294964558707,-1.049666550425681e-06,-0.04155139350308949,2.1210486844395856e-06,0.02131266106685123
6.603698145080604e-06,0.06844618454239859,-1.0437367232143503e-06,-0.041428750815917396,2.108564806449935e-06,0.02121383610229177
6.600792554411992e-06,0.06821939303633688,-1.037828708441106e-06,-0.04130592828270583,2.096118092740781e-06,0.021115275142455103
6.59789224749315e-06,0.0679925771271998,-1.031942476485225e-06,-0.041182927949117674,2.083708626047672e-06,0.021016978125873678
6.5949972953329835e-06,0.06776573881844623,-1.0260779955274433e-06,-0.04105975186242004,2.071336486923082e-06,0.0209189449857226
6.592107768462855e-06,0.06753888011749423,-1.0202352342527323e-06,-0.040936402071626896,2.0590017530740108e-06,0.020821175649893064
6.589223736885998e-06,0.06731200303471044,-1.014414161624209e-06,-0.04081288062698355,2.0467045049221936e-06,0.020723670040811007
6.586345270202098e-06,0.06708510958551066,-1.0086147452929188e-06,-0.04068918958103117,2.0344448193428328e-06,0.020626428076034646
6.583472437474231e-06,0.06685820178616042,-1.0028369545609365e-06,-0.040565330986235305,2.022222774391469e-06,0.020529449667064076
6.580605307389742e-06,0.06663128165895389,-9.97080756573489e-07,-0.040441306897957476,2.0100384461844077e-06,0.0204327347209344
6.577743948124309e-06,0.06640435122872539,-9.913461191746102e-07,-0.0403171193724143,1.9978919100079304e-06,0.02033628313922018
6.574888427351175e-06,0.0661774125233865,-9.8563301050434e-07,-0.040192770466932246,1.985783239982098e-06,0.02024009481818109
6.572038812274441e-06,0.06595046757578123,-9.799413983353448e-07,-0.04006826224112477,1.9737125090525493e-06,0.02014416964945894
6.569195169751899e-06,0.06572351842080112,-9.742712493397758e-07,-0.03994359675496963,1.9616797922567236e-06,0.02004850751912979
6.566357566089298e-06,0.06549656709772028,-9.686225303999432e-07,-0.03981877607045527,1.94968515998436e-06,0.01995310830857994
6.5635260670556345e-06,0.06526961564930109,-9.62995209347352e-07,-0.03969380225073396,1.9377286834332028e-06,0.01985797189414276
6.560700738044019e-06,0.06504266612118638,-9.573892527456405e-07,-0.039568677359937195,1.9258104342977814e-06,0.019763098147049598
6.557881643944237e-06,0.06481572056389324,-9.518046274082537e-07,-0.03944340346438036,1.9139304795828774e-06,0.01966848693406942
6.55506884914561e-06,0.0645887810300556,-9.46241300367834e-07,-0.03931798263064572,1.9020888905017638e-06,0.019574138116633066
6.552262417697829e-06,0.06436184957638422,-9.406992365748122e-07,-0.03919241692705664,1.89028573316817e-06,0.01948005155158278
6.549462412992453e-06,0.06413492826396347,-9.351784033391847e-07,-0.03906670842357201,1.8785210749263388e-06,0.019386227091207665
6.54666889806087e-06,0.06390801915568498,-9.296787671339273e-07,-0.03894085919042214,1.8667949799834143e-06,0.01929266458257475
6.543881935447445e-06,0.06368112431987628,-9.242002931630162e-07,-0.038814871300184975,1.8551075149368453e-06,0.019199363868616714
6.5411015872397026e-06,0.06345424582691782,-9.187429469578985e-07,-0.03868874682570983,1.8434587452485902e-06,0.019106324787203557
6.538327914980508e-06,0.06322738575166978,-9.133066952548676e-07,-0.03856248784155841,1.8318487319441603e-06,0.019013547171859758
6.535560979837926e-06,0.06300054617165844,-9.07891502309821e-07,-0.0384360964230347,1.8202775380686302e-06,0.01892103085131298
6.53280084241504e-06,0.06277372916942697,-9.024973344946191e-07,-0.038309574647429685,1.8087452261385306e-06,0.018828775650222628
6.530047562908871e-06,0.06254693682858932,-8.971241566704158e-07,-0.03818292459164451,1.7972518572848249e-06,0.018736781388017418
6.527301200993015e-06,0.06232017123954406,-8.917719338669681e-07,-0.03805614833568776,1.7857974896991474e-06,0.01864504788066376
6.524561815883205e-06,0.06209343449367774,-8.864406314676056e-07,-0.03792924795916851,1.7743821843855326e-06,0.018553574939025194
6.5218294663201335e-06,0.061866728686514945,-8.811302143514378e-07,-0.03780222554302659,1.7630059974338333e-06,0.01846236236973808
6.5191042106223666e-06,0.061640055917779324,-8.758406464511581e-07,-0.0376750831698001,1.7516689856018243e-06,0.01837140997538247
6.516386106520445e-06,0.0614134182901947,-8.705718929671201e-07,-0.037547822922715045,1.740371206865635e-06,0.018280717554102776
6.5136752113326755e-06,0.06118681791027028,-8.653239190573535e-07,-0.03742044688614909,1.7291127161129528e-06,0.018190284899910168
6.510971581908379e-06,0.0609602568877909,-8.60096688310808e-07,-0.03729295714532486,1.7178935689335451e-06,0.018100111802547506
6.508275274653876e-06,0.060733737335991723,-8.548901646527968e-07,-0.037165355786517855,1.7067138179666316e-06,0.01801019804762777
6.5055863454208e-06,0.06050726137276256,-8.497043124620557e-07,-0.03703764489757902,1.695573515096794e-06,0.017920543417010562
6.5029048496462245e-06,0.060280831117952446,-8.445390953642498e-07,-0.0369098265664142,1.684472712834146e-06,0.017831147688023668
6.500230842242228e-06,0.06005444869560468,-8.393944778246587e-07,-0.03678190288230521,1.673411463102638e-06,0.017742010634231694
6.4975643776476246e-06,0.059828116233566285,-8.342704233456917e-07,-0.036653875935619216,1.6623898163980922e-06,0.017653132025295993
6.494905509793776e-06,0.05960183586332898,-8.291668965181578e-07,-0.03652574781773492,1.6514078208213958e-06,0.01756451162701517
6.4922542922849625e-06,0.05937560971953031,-8.240838597353731e-07,-0.03639752062073889,1.640465524745921e-06,0.01747614920121568
6.489610778064862e-06,0.059149439939912576,-8.19021276995632e-07,-0.03626919643727056,1.6295629741667543e-06,0.017388044505761802
6.486975019731334e-06,0.05892332866660613,-8.139791112702885e-07,-0.03614077736151473,1.6187002178090182e-06,0.017300197295015852
6.4843470693041995e-06,0.05869727804570157,-8.089573257285452e-07,-0.03601226548864005,1.6078773014447885e-06,0.01721260731970128
6.481726978396713e-06,0.058471290225233265,-8.039558834630505e-07,-0.035883662913871614,1.5970942680559248e-06,0.017125274326438216
6.47911479806733e-06,0.05824536735754233,-7.98974748080539e-07,-0.03575497173357426,1.5863511618627708e-06,0.01703819805839397
6.476510578991062e-06,0.05801951159923339,-7.940138824935209e-07,-0.03562619404556931,1.5756480277733708e-06,0.0169513782553667
6.4739143712762154e-06,0.05779372510998144,-7.890732495025485e-07,-0.03549733194808553,1.5649849060610066e-06,0.016864814653477646
6.471326224641677e-06,0.0575680100517148,-7.841528107871238e-07,-0.03536838753947134,1.5543618377311858e-06,0.01677850698496112
6.468746188233154e-06,0.0573423685925115,-7.792525306092639e-07,-0.035239362920385764,1.543778863566873e-06,0.016692454979348584
6.4661743107886286e-06,0.057116802902091514,-7.743723702978643e-07,-0.035110260191185017,1.5332360226723443e-06,0.016606658362217048
6.46361064049231e-06,0.056891315153306775,-7.695122932680118e-07,-0.034981081452690695,1.5227333539177052e-06,0.01652111685566026
6.461055225185754e-06,0.05666590752450655,-7.646722609538923e-07,-0.03485182880774368,1.5122708948118074e-06,0.01643583017900833
6.458508112062401e-06,0.05644058219576675,-7.598522359777163e-07,-0.03472250435882807,1.5018486803914475e-06,0.0163507980478114
6.455969347932804e-06,0.05621534135195609,-7.550521809010588e-07,-0.03459311020980314,1.491466748642428e-06,0.016266020174714627
6.453438979123859e-06,0.05599018718097419,-7.502720578260308e-07,-0.034463648465137525,1.4811251328343556e-06,0.01618149626907166
6.450917051423268e-06,0.055765121873493396,-7.455118291426195e-07,-0.0343341212293744,1.4708238674292732e-06,0.01609722603685398
6.448403610240748e-06,0.05554014762550779,-7.407714562636758e-07,-0.034204530608945606,1.4605629857573605e-06,0.016013209181480352
6.445898700456511e-06,0.05531526663472303,-7.360509004378091e-07,-0.034074878709825056,1.4503425183813209e-06,0.015929445402755142
6.443402366406944e-06,0.05509048110382864,-7.313501250159502e-07,-0.033945167639549495,1.4401624976596752e-06,0.015845934397938785
6.4409146520632994e-06,0.05486579323773356,-7.266690904274557e-07,-0.0338153995055329,1.4300229523542666e-06,0.015762675860959988
6.438435600837382e-06,0.054641205246554816,-7.220077588783219e-07,-0.03368557641677481,1.4199239129839593e-06,0.015679669483267482
6.435965255698876e-06,0.0544167193418568,-7.17366092381504e-07,-0.033555700481795715,1.409865409014123e-06,0.015596914952937368
6.433503659118206e-06,0.05419233774081105,-7.127440517682654e-07,-0.033425773810859205,1.399847467102336e-06,0.015514411955736166
6.431050853113232e-06,0.05396806266259925,-7.081415985889526e-07,-0.03329579851400183,1.3898701133805858e-06,0.0154321601742897
6.428606879147328e-06,0.05374389633072696,-7.035586950299995e-07,-0.03316577670236021,1.3799333732709925e-06,0.015350159288704437
6.426171778297276e-06,0.053519840972342574,-6.989953018105997e-07,-0.03303571048762267,1.3700372710957564e-06,0.01526840897642883
6.423745591136448e-06,0.05329589881722615,-6.944513803788644e-07,-0.03290560198169971,1.3601818307654125e-06,0.015186908912060145
6.421328357691287e-06,0.05307207209998073,-6.899268923317749e-07,-0.032775453297641054,1.3503670773082884e-06,0.01510565876795179
6.418920117670036e-06,0.05284836305790257,-6.85421797537918e-07,-0.03264526654874121,1.3405930289098566e-06,0.015024658213700118
6.41652091013534e-06,0.05262477393167431,-6.809360579925239e-07,-0.03251504384866895,1.3308597092773064e-06,0.014943906916369737
6.414130773688226e-06,0.05240130696627713,-6.764696353132703e-07,-0.03238478731209057,1.3211671375898325e-06,0.0148634045408133
6.41174974659229e-06,0.052177964409470756,-6.720224892485028e-07,-0.032254499053781506,1.311515333683621e-06,0.014783150749245794
6.409377866486145e-06,0.05195474851376327,-6.675945812178356e-07,-0.03212418118978078,1.3019043152278534e-06,0.014703145201917985
6.407015170560255e-06,0.05173166153317672,-6.631858730570051e-07,-0.031993835835370694,1.292334099433378e-06,0.014623387556183502
6.404661695568221e-06,0.051508705727285775,-6.587963245716246e-07,-0.031863465107630745,1.2828047041631122e-06,0.014543877467732676
6.4023174777885964e-06,0.051285883358129045,-6.544258966311191e-07,-0.031733071123448135,1.2733161430452273e-06,0.01446461458975769
6.399982552975892e-06,0.05106319669144139,-6.500745501635241e-07,-0.03160265600027676,1.2638684310350077e-06,0.014385598573308594
6.39765695645508e-06,0.050840647996726204,-6.457422458662651e-07,-0.03147222185623225,1.2544615804662984e-06,0.014306829067430991
6.395340723062661e-06,0.05061823954710953,-6.414289435507933e-07,-0.031341770809938684,1.2450956066696372e-06,0.014228305719112676
6.393033887119389e-06,0.050395973618862056,-6.371346046373906e-07,-0.031211304980186524,1.2357705189826777e-06,0.014150028173216998
6.390736482473975e-06,0.05017385249168445,-6.328591899941969e-07,-0.031080826486263143,1.2264863298267667e-06,0.014071996072637693
6.388448542576677e-06,0.0499518784494587,-6.286026597812623e-07,-0.030950337448197047,1.2172430469659687e-06,0.013994209058510329
6.3861701003086956e-06,0.04973005377962382,-6.243649744635376e-07,-0.03081983998645801,1.2080406815563594e-06,0.013916666770100441
6.38390118811795e-06,0.04950838077219123,-6.201460942158519e-07,-0.030689336221470798,1.1988792402541494e-06,0.013839368844616591
6.381641837990022e-06,0.049286861721433366,-6.159459794504254e-07,-0.030558828274378964,1.1897587310111871e-06,0.013762314917662317
6.379392081405053e-06,0.04906549892562165,-6.117645907139788e-07,-0.030428318267078047,1.1806791594192714e-06,0.013685504623252935
6.37715194936208e-06,0.048844294685461975,-6.076018886957054e-07,-0.030297808321218155,1.1716405304922822e-06,0.013608937593447664
6.3749214724660025e-06,0.04862325130582016,-6.03457832699427e-07,-0.030167300559145283,1.1626428483362222e-06,0.013532613458806596
6.372700680709449e-06,0.04840237109544769,-5.993323837016082e-07,-0.030036797103860036,1.1536861169673926e-06,0.013456531848422437
6.37048960372744e-06,0.048181656365940156,-5.952255022430758e-07,-0.029906300078314987,1.1447703377947836e-06,0.013380692389674606
6.368288270630705e-06,0.04796110943253719,-5.911371478135907e-07,-0.029775811605870686,1.1358955133589126e-06,0.013305094708474182
6.366096710073424e-06,0.047740732615142015,-5.870672803880518e-07,-0.029645333810941372,1.12706164197498e-06,0.013229738429600655
6.3639149502168375e-06,0.04752052823466951,-5.830158607476968e-07,-0.0295148688167602,1.1182687254901901e-06,0.013154623175761188
6.361743018756611e-06,0.04730049861879713,-5.789828489972918e-07,-0.02938441874891565,1.1095167611752192e-06,0.013079748569204106
6.359580942952613e-06,0.04708064609629143,-5.749682044474679e-07,-0.02925398573175507,1.1008057475363759e-06,0.013005114230211149
6.357428749506951e-06,0.04686097300060603,-5.709718881303404e-07,-0.029123571890649916,1.0921356811970112e-06,0.012930719778117189
6.355286464738701e-06,0.046641481667936184,-5.669938599871022e-07,-0.028993179350978553,1.0835065579211617e-06,0.012856564830884843
6.35315411445696e-06,0.046422174439388356,-5.630340789586809e-07,-0.028862810239048634,1.0749183707787642e-06,0.012782649005656595
6.351031723992828e-06,0.04620305365816795,-5.590925061051524e-07,-0.028732466680745004,1.0663711150062803e-06,0.012708971918107147
6.348919318241803e-06,0.045984121671462055,-5.551691005515535e-07,-0.028602150802470652,1.0578647828268033e-06,0.012635533182969701
6.346816921555873e-06,0.045765380830748124,-5.512638227408273e-07,-0.028471864731402913,1.049399368341928e-06,0.012562332414190101
6.344724557900367e-06,0.04554683349006152,-5.473766330559782e-07,-0.028341610594428884,1.0409748612388472e-06,0.012489369224479456
6.342642250714662e-06,0.04532848200720315,-5.435074905103194e-07,-0.028211390518799437,1.0325912506026638e-06,0.012416643225707994
6.340570022990959e-06,0.04511032874385153,-5.396563559581453e-07,-0.028081206632282855,1.0242485273127951e-06,0.012344154028964627
6.338507897228436e-06,0.044892376065561,-5.358231886995593e-07,-0.02795106106311277,1.015946677707998e-06,0.012271901244646576
6.336455895526001e-06,0.0446746263400155,-5.320079482046014e-07,-0.027820955938954044,1.0076856896266792e-06,0.01219988448196796
6.334414039475567e-06,0.04445708193972616,-5.282105943958206e-07,-0.027690893388499373,9.994655506171276e-07,0.012128103349822252
6.332382350148891e-06,0.04423974524066796,-5.244310877788504e-07,-0.027560875540608765,9.912862441880005e-07,0.012056557456359935
6.330360848215242e-06,0.04402261862143351,-5.20669387897921e-07,-0.027430904523869103,9.83147756989013e-07,0.01198524640890721
6.32834955383536e-06,0.04380570446552494,-5.16925454340383e-07,-0.027300982467976638,9.750500716063892e-07,0.01191416981458629
6.326348486765131e-06,0.04358900515892854,-5.131992468283504e-07,-0.027171111502092067,9.669931700975234e-07,0.01184332727968531
6.324357666241871e-06,0.04337252309108972,-5.094907253972399e-07,-0.027041293755662617,9.58977032395479e-07,0.011772718410003762
6.322377111032663e-06,0.04315626065576854,-5.057998494853754e-07,-0.026911531358841584,9.510016418592004e-07,0.011702342811151921
6.320406839468483e-06,0.04294022025032088,-5.021265795341277e-07,-0.026781826441923708,9.430669778322712e-07,0.0116322000883309
6.318446869374492e-06,0.04272440427436239,-4.984708749074514e-07,-0.02665218113478154,9.351730171765786e-07,0.011562289846112529
6.316497218210294e-06,0.042508815132662546,-4.948326949273911e-07,-0.026522597568324723,9.273197382297761e-07,0.011492611689182627
6.314557902872426e-06,0.04229345523237663,-4.912119999388874e-07,-0.02639307787305233,9.195071194549392e-07,0.011423165221698683
6.312628939780194e-06,0.04207832698425024,-4.876087496708548e-07,-0.026263624179681054,9.117351348858269e-07,0.011353950047641382
6.310710344982572e-06,0.04186343280417783,-4.840229040387399e-07,-0.02613423862007956,9.040037621389693e-07,0.011284965771299336
6.308802134005727e-06,0.041648775108684706,-4.804544223096515e-07,-0.026004923324558817,8.963129726392099e-07,0.011216211996068912
6.306904321946663e-06,0.04143435632092454,-4.76903264491083e-07,-0.02587568042540357,8.886627396034526e-07,0.011147688326126346
6.30501692340176e-06,0.04122017886553164,-4.7336938999533255e-07,-0.025746512053919292,8.810530359484075e-07,0.011079394365129426
6.303139952525195e-06,0.04100624517163321,-4.698527586723581e-07,-0.025617420342128026,8.734838323488505e-07,0.011011329717018598
6.3012734230412395e-06,0.040792557671346846,-4.663533298510647e-07,-0.02548840742188442,8.65955099223768e-07,0.010943493985704279
6.299417348165175e-06,0.04057911880029155,-4.628710640558164e-07,-0.025359475425127242,8.584668069216523e-07,0.010875886775215211
6.2975717406718505e-06,0.04036593099834917,-4.5940592105234577e-07,-0.025230626484470497,8.510189216105768e-07,0.010808507689988115
6.29573661290214e-06,0.04015299670839927,-4.559578597864871e-07,-0.025101862732258923,8.43611412856921e-07,0.010741356334533875
6.293911976699207e-06,0.03994031837709668,-4.5252684030164735e-07,-0.024973186301288187,8.362442463484862e-07,0.010674432313754322
6.292097843458909e-06,0.03972789845467208,-4.4911282294869447e-07,-0.024844599324317974,8.289173857863664e-07,0.010607735232853114
6.290294224133555e-06,0.039515739394389085,-4.457157672502101e-07,-0.024716103934082394,8.216307983389292e-07,0.010541264697320042
6.2885011292361166e-06,0.03930384365316136,-4.4233563230596827e-07,-0.024587702263413592,8.143844450718966e-07,0.010475020313095029
6.286718568808681e-06,0.03909221369265857,-4.389723779949787e-07,-0.024459396446082932,8.071782908321678e-07,0.01040900168690344
6.284946552399503e-06,0.0388808519755564,-4.3562596464832184e-07,-0.02433118861442545,8.000122966215186e-07,0.010343208425364197
6.283185089139607e-06,0.038669760971761266,-4.322963517975773e-07,-0.02420308090315265,7.928864230548302e-07,0.010277640136610935
6.281434187735871e-06,0.03845894315116581,-4.2898349853848987e-07,-0.02407507544489242,7.858006285404442e-07,0.010212296428475036
6.279693856378703e-06,0.038248400988734214,-4.2568736492557526e-07,-0.023947174373360823,7.78754873575158e-07,0.010147176909865763
6.277964102829312e-06,0.03803813696316081,-4.2240791144034615e-07,-0.02381937982247876,7.717491166703173e-07,0.010082281190452156
6.276244934408258e-06,0.03782815355675715,-4.1914509724585845e-07,-0.023691693926343512,7.64783313775738e-07,0.010017608880688752
6.274536357987618e-06,0.03761845325417141,-4.1589888240126204e-07,-0.023564118818349588,7.578574211561717e-07,0.009953159591513796
6.272838379987093e-06,0.03740903854580333,-4.1266922636576434e-07,-0.023436656633418904,7.509713946998164e-07,0.009888932935308804
6.271151006324651e-06,0.03719991192242106,-4.0945608926141503e-07,-0.0233093095046387,7.441251864895544e-07,0.009824928524544876
6.269474242553168e-06,0.036991075881452624,-4.0625943094713724e-07,-0.023182079566982157,7.373187504260035e-07,0.009761145973415855
6.267808093708729e-06,0.036782532922735284,-4.0307921119091834e-07,-0.023054968954949615,7.305520402630833e-07,0.009697584896871229
6.266152564428282e-06,0.03657428554875778,-3.999153899531628e-07,-0.02292797980250789,7.238250059397849e-07,0.009634244910625749
6.264507658875421e-06,0.03636633626630462,-3.967679262712336e-07,-0.02280111424416303,7.171375988903876e-07,0.009571125631698804
6.262873380738412e-06,0.036158687586915365,-3.936367813020539e-07,-0.0226743744153178,7.10489769129778e-07,0.009508226678568142
6.2612497333208436e-06,0.035951342022118755,-3.9052191410954803e-07,-0.022547762449160957,7.03881462256449e-07,0.009445547669954382
6.259636719421897e-06,0.03574430209157224,-3.874232846666582e-07,-0.022421280481866417,6.973126279657576e-07,0.009383088227010577
6.258034341456789e-06,0.03553757031561626,-3.843408527022397e-07,-0.02229493064786014,6.907832138304483e-07,0.00932084797141316
6.256442601338979e-06,0.03533114921804506,-3.812745782492631e-07,-0.02216871508164317,6.842931636296151e-07,0.009258826526145725
6.254861500558921e-06,0.0351250413271564,-3.782244215820798e-07,-0.022042635918299323,6.778424231753506e-07,0.009197023515797407
6.253291040167859e-06,0.03491924917514754,-3.7519034176017547e-07,-0.021916695293212815,6.714309359549582e-07,0.009135438566471452
6.251731220794433e-06,0.03471377529643581,-3.721722995216681e-07,-0.02179089534107216,6.650586459025195e-07,0.009074071305376684
6.250182042566345e-06,0.03450862223005634,-3.6917025438250873e-07,-0.021665238197197213,6.587254927936168e-07,0.00901292136150848
6.248643505227801e-06,0.034303792517578195,-3.661841667082495e-07,-0.021539725996371696,6.524314205355175e-07,0.008951988365144077
6.247115608018896e-06,0.03409928870562729,-3.6321399606317396e-07,-0.021414360874428832,6.461763669982604e-07,0.008891271948570466
6.2455983498441156e-06,0.03389511334334288,-3.60259702441263e-07,-0.02128914496650168,6.399602721881291e-07,0.008830771745415222
6.244091729084617e-06,0.03369126898325439,-3.5732124622380235e-07,-0.021164080407738456,6.337830742615057e-07,0.008770487390971408
6.242595743681435e-06,0.03348775818161572,-3.5439858673126483e-07,-0.02103916933343225,6.276447112496937e-07,0.008710418522284318
6.241110391170388e-06,0.03328458349838654,-3.51491684611406e-07,-0.020914413879057233,6.215451195039772e-07,0.008650564778273993
6.2396356686384085e-06,0.03308174749758033,-3.486004997215371e-07,-0.02078981618035445,6.154842334659856e-07,0.008590925799733067
6.238171572741e-06,0.03287925274568502,-3.4572499197777465e-07,-0.020665378372524773,6.094619894660832e-07,0.008531501229099006
6.236718099681035e-06,0.03267710181341549,-3.428651217670973e-07,-0.020541102591167506,6.034783183470965e-07,0.008472290710882043
6.235275245274175e-06,0.032475297274453814,-3.400208491603305e-07,-0.02041699097156807,5.975331548560437e-07,0.008413293891371215
6.233843004816476e-06,0.03227384170706927,-3.371921335632084e-07,-0.02029304564973952,5.916264316918589e-07,0.008354510419171138
6.232421373248294e-06,0.032072737692534915,-3.343789364524735e-07,-0.020169268761324678,5.857580781974643e-07,0.008295939944733138
6.231010345027348e-06,0.03187198781457389,-3.315812167890349e-07,-0.02004566244134245,5.799280254135084e-07,0.008237582120358026
6.229609914222219e-06,0.03167159466293755,-3.287989347031253e-07,-0.019922228826361955,5.741362007546413e-07,0.008179436601079297
6.228220074447282e-06,0.03147156082749903,-3.260320513227901e-07,-0.019798970050883536,5.683825340014932e-07,0.008121503043260791
6.226840818873684e-06,0.03127188890546524,-3.232805257621775e-07,-0.019675888251724394,5.626669527113409e-07,0.00806378110642419
6.225472140250029e-06,0.031072581494834363,-3.2054431846244926e-07,-0.019552985564066573,5.569893828932722e-07,0.008006270451664207
6.2241140309167096e-06,0.03087364119797717,-3.178233899389214e-07,-0.01943026412359794,5.513497487655994e-07,0.007948970742593502
6.22276648276905e-06,0.03067507062070462,-3.151176997984595e-07,-0.01930772606594844,5.457479766698138e-07,0.007891881645122868
6.221429487243485e-06,0.03047687237376154,-3.1242720941083436e-07,-0.019185373527632745,5.401839895192174e-07,0.00783500282793174
6.2201030353872474e-06,0.030279049069079658,-3.097518780847136e-07,-0.019063208643739466,5.346577099514958e-07,0.0077783339615299435
6.218787117831195e-06,0.03008160332277672,-3.0709166655595096e-07,-0.01894123354972146,5.291690592675807e-07,0.007721874719048644
6.217481724778788e-06,0.02988453775691539,-3.044465341158576e-07,-0.01881945038254757,5.23717958571903e-07,0.00766562477677116
6.216186845931105e-06,0.029687854993437658,-3.018164422224685e-07,-0.01869786127689694,5.183043278008327e-07,0.0076095838125807575
6.214902470681631e-06,0.02949155766031473,-2.9920135083165046e-07,-0.018576468369077347,5.129280868643088e-07,0.007553751507638323
6.213628587931789e-06,0.029295648388178483,-2.9660121999307596e-07,-0.018455273794758698,5.075891538807092e-07,0.007498127545479512
6.212365186159481e-06,0.029100129811262677,-2.9401600943281775e-07,-0.018334279689686577,5.022874472096315e-07,0.00744271161238325
6.211112253441227e-06,0.028905004567598626,-2.914456806985125e-07,-0.018213488189746288,4.970228819082408e-07,0.0073875033973785885
6.2098697774122395e-06,0.028710275298991464,-2.88890193853308e-07,-0.01809290143099696,4.917953731217853e-07,0.007332502592363835
6.208637745320618e-06,0.02851594464878409,-2.863495089178997e-07,-0.017972521548273935,4.866048361979701e-07,0.007277708891527785
6.207416143938848e-06,0.028322015268274044,-2.838235864693049e-07,-0.01785235067904974,4.814511849800742e-07,0.007223121993009006
6.206204959692857e-06,0.028128489806710854,-2.8131238670735636e-07,-0.01773239095739745,4.763343335673028e-07,0.0071687415964547425
6.205004178541594e-06,0.027935370921287655,-2.7881586936881133e-07,-0.01761264452012708,4.7125419219389294e-07,0.0071145674055573555
6.203813786044177e-06,0.027742661270318127,-2.763339954349912e-07,-0.017493113502481554,4.662106718739658e-07,0.007060599126355635
6.202633767309323e-06,0.027550363517207885,-2.738667257835363e-07,-0.017373800040676398,4.6120368400224776e-07,0.007006836468298478
6.201464107078471e-06,0.027358480327779724,-2.714140203228984e-07,-0.017254706270255764,4.5623313792320387e-07,0.006953279143631896
6.200304789660982e-06,0.02716701437156465,-2.689758396579824e-07,-0.01713583432683941,4.5129894168052035e-07,0.006899926867717677
6.1991557989143185e-06,0.02697596832223812,-2.665521443693506e-07,-0.017017186346321156,4.464010037249789e-07,0.006846779359205557
6.198017118345817e-06,0.02678534485653333,-2.6414289491939973e-07,-0.016898764464468433,4.415392307907774e-07,0.00679383633982863
6.196888730999855e-06,0.026595146654979668,-2.6174805227908274e-07,-0.01678057081702357,4.3671352820130197e-07,0.006741097534573114
6.195770619538331e-06,0.026405376401326276,-2.59367575930748e-07,-0.01666260753955836,4.3192380131918096e-07,0.006688562671594845
6.1946627662171555e-06,0.02621603678268918,-2.570014267255838e-07,-0.016544876767595328,4.27169954297212e-07,0.0066362314823402305
6.193565152843147e-06,0.026027130490576953,-2.546495652185728e-07,-0.01642738063706548,4.2245189154189595e-07,0.006584103701761995
6.192477760827292e-06,0.02583866021956205,-2.523119519814553e-07,-0.016310121283629152,4.177695141420057e-07,0.006532179068088561
6.191400571226749e-06,0.025650628667858943,-2.49988547752384e-07,-0.0161931008430214,4.1312272350019526e-07,0.006480457322982846
6.19033356459218e-06,0.025463038536650277,-2.4767931284181575e-07,-0.01607632145056278,4.0851142139817644e-07,0.006428938211419369
6.189276721135426e-06,0.02527589253128436,-2.453842070971947e-07,-0.0159597852419919,4.0393550810492124e-07,0.006377621482011333
6.188230020682701e-06,0.025089193360369372,-2.4310319201410817e-07,-0.01584349435272086,3.993948826546686e-07,0.006326506886811084
6.187193442567112e-06,0.02490294373663873,-2.4083622772842176e-07,-0.015727450918714633,3.948894422705392e-07,0.006275594181635892
6.1861669658096115e-06,0.02471714637568584,-2.3858327447163877e-07,-0.015611657075289706,3.9041908474397136e-07,0.006224883125660956
6.185150568959599e-06,0.024531803996568523,-2.3634429386102786e-07,-0.01549611495787112,3.85983708659377e-07,0.006174373481761847
6.184144230201598e-06,0.02434691932251202,-2.341192451567886e-07,-0.015380826702100427,3.815832066682901e-07,0.006124065016585235
6.183147927284938e-06,0.024162495080122828,-2.3190808978384203e-07,-0.015265794443540329,3.772174763463262e-07,0.006073957500467058
6.182161637624591e-06,0.023978533998772332,-2.2971078763842478e-07,-0.015151020317370699,3.728864094697204e-07,0.006024050707337379
6.181185338135597e-06,0.023795038812577926,-2.2752729983270874e-07,-0.015036506459301062,3.6858990075353994e-07,0.005974344415156811
6.180219005414083e-06,0.0236120122582599,-2.2535758733422478e-07,-0.014922255004593328,3.643278433395441e-07,0.005924838405520357
6.179262615610238e-06,0.023429457077182116,-2.2320161029001937e-07,-0.014808268089050608,3.6010012680177596e-07,0.005875532464136807
6.17831614452946e-06,0.023247376012143217,-2.2105932879036914e-07,-0.014694547847271849,3.559066432455505e-07,0.0058264263801060074
6.1773795675182804e-06,0.02306577181208042,-2.1893070396489147e-07,-0.014581096415307911,3.5174728359278674e-07,0.005777519947069594
6.176452859566857e-06,0.022884647227741153,-2.1681569652533953e-07,-0.014467915928240708,3.476219353062722e-07,0.005728812962244977
6.175535995226625e-06,0.02270400501369936,-2.1471426680086257e-07,-0.014355008521180435,3.4353048838001564e-07,0.005680305226894922
6.174628948731325e-06,0.0225238479286346,-2.1262637531919838e-07,-0.014242376329713322,3.394728294192143e-07,0.005631996546484394
6.173731693833994e-06,0.022344178734873304,-2.1055198254807164e-07,-0.01413002148928562,3.3544884566169605e-07,0.005583886730548649
6.172844203936915e-06,0.022165000196756816,-2.084910500611339e-07,-0.014017946134500539,3.3145842324748077e-07,0.005535975592360704
6.171966452071143e-06,0.02198631508398224,-2.0644353776166908e-07,-0.013906152401108655,3.2750144653138505e-07,0.005488262949813196
6.171098410828877e-06,0.02180812616836139,-2.04409405514206e-07,-0.013794642423736868,3.2357780059266356e-07,0.005440748624554824
6.170240052440112e-06,0.02163043622757818,-2.0238861448222385e-07,-0.013683418338686184,3.196873693444124e-07,0.005393432443091211
6.169391348747917e-06,0.021453248038923175,-2.00381125678026e-07,-0.013572482279610368,3.1583003549066693e-07,0.005346314235147184
6.1685522711772746e-06,0.021276564387444536,-1.9838689887434657e-07,-0.013461836382825965,3.1200568201064403e-07,0.005299393835771922
6.1677227907994815e-06,0.0211003880591715,-1.9640589525664954e-07,-0.013351482783078643,3.0821418893626795e-07,0.005252671083714816
6.166902878294018e-06,0.02092472184318526,-1.9443807592719905e-07,-0.013241423614667977,3.0445543695503465e-07,0.005206145821917371
6.1660925039284715e-06,0.020749568535962142,-1.9248340021272913e-07,-0.013131661014443751,3.007293070690845e-07,0.005159817898659074
6.165291637610415e-06,0.02057493093187738,-1.9054182921647634e-07,-0.0130221971155318,2.9703567744199705e-07,0.005113687165218495
6.1645002488388464e-06,0.02040081183355783,-1.886133239234001e-07,-0.012913034054086754,2.9337442484028675e-07,0.005067753478485541
6.163718306752932e-06,0.020227214045049697,-1.8669784403867855e-07,-0.01280417396487162,2.897454286488395e-07,0.005022016699283029
6.162945780080392e-06,0.020054140374040023,-1.8479535073150674e-07,-0.012695618982745679,2.8614856507613893e-07,0.004976476692978383
6.162182637211809e-06,0.019881593631813202,-1.8290580446537246e-07,-0.01258737124248723,2.825837110826606e-07,0.004931133329452037
6.161428846116086e-06,0.019709576634039085,-1.8102916527652604e-07,-0.012479432879461173,2.790507403337704e-07,0.004885986483374806
6.160684374398199e-06,0.01953809219867168,-1.7916539382163726e-07,-0.012371806028216215,2.7554952919683536e-07,0.00484103603370168
6.159949189282106e-06,0.01936714314898985,-1.7731445048924844e-07,-0.012264492824365756,2.720799509197065e-07,0.00479628186442251
6.15922325760893e-06,0.019196732308687386,-1.7547629614449264e-07,-0.012157495401586772,2.686418776303827e-07,0.00475172386344573
6.158506545818342e-06,0.019026862508118133,-1.7365089070009906e-07,-0.012050815895417911,2.652351820047535e-07,0.004707361924095455
6.157799020053609e-06,0.018857536580863508,-1.7183819557179758e-07,-0.011944456441262755,2.618597358351615e-07,0.004663195944341875
6.157100645954806e-06,0.01868875736112084,-1.7003817051041976e-07,-0.011838419172667978,2.5851541140633297e-07,0.004619225826182507
6.156411388933913e-06,0.018520527690884716,-1.6825077567354408e-07,-0.011732706225760588,2.552020758436987e-07,0.004575451477410782
6.155731213907019e-06,0.018352850412245086,-1.6647597154979658e-07,-0.011627319734547528,2.519196012609818e-07,0.004531872809778826
6.1550600854646066e-06,0.018185728371826256,-1.6471371928075562e-07,-0.01152226183367484,2.4866785668083716e-07,0.0044884897401176425
6.154397967835975e-06,0.018019164421357446,-1.6296397819538207e-07,-0.011417534658674143,2.454467075363128e-07,0.004445302190473084
6.1537448248523295e-06,0.017853161413896347,-1.6122670956071002e-07,-0.011313140343729848,2.4225602470966276e-07,0.004402310087239703
6.153100620011558e-06,0.01768772220737723,-1.5950187353004551e-07,-0.011209081023868191,2.3909567143719863e-07,0.0043595133620485255
6.152465316380722e-06,0.017522849662050165,-1.5778942972944877e-07,-0.01110535883323344,2.3596551595734999e-07,0.00431691195114946
6.151838876707451e-06,0.01735854664407944,-1.5608933863787526e-07,-0.01100197590755676,2.328654234248683e-07,0.004274505796341106
6.1512212633545276e-06,0.01719481602086269,-1.5440156082507987e-07,-0.010898934381110873,2.2979525798767467e-07,0.004232294843860517
6.1506124383401935e-06,0.01703166066305811,-1.527260562436989e-07,-0.010796236387887214,2.2675488439998328e-07,0.004190279044850486
6.150012363278797e-06,0.016869083447870456,-1.5106278576408314e-07,-0.010693884063851434,2.2374416470199908e-07,0.004148458356255071
6.149420999418938e-06,0.016707087252871813,-1.494117086093482e-07,-0.010591879542932973,2.2076296335568404e-07,0.00410683273930108
6.148838307694317e-06,0.016545674960207146,-1.4777278598512933e-07,-0.010490224959694686,2.1781114028687272e-07,0.0040654021605433625
6.148264248593587e-06,0.016384849456469838,-1.4614597748330386e-07,-0.010388922449313762,2.1488855983936386e-07,0.004024166591888351
6.147698782329752e-06,0.016224613631630403,-1.4453124337408108e-07,-0.010287974146756123,2.1199507955301414e-07,0.00398312601031112
6.147141868720604e-06,0.016064970376648835,-1.4292854337763675e-07,-0.010187382185498025,2.0913056174239096e-07,0.003942280397352549
6.1465934671882665e-06,0.01590592258963372,-1.4133783798892257e-07,-0.01008714870125378,2.0629486591805914e-07,0.003901629740599314
6.146053536807044e-06,0.015747473171229275,-1.3975908615514673e-07,-0.009987275829046141,2.0348785000872318e-07,0.003861174032604923
6.145522036337373e-06,0.015589625023183748,-1.3819224878341786e-07,-0.009887765702431123,2.0070937150809e-07,0.0038209132705665032
6.144998924134596e-06,0.01543238105357358,-1.366372862448057e-07,-0.009788620456704304,1.9795928889737272e-07,0.003780847457595419
6.144484158222824e-06,0.015275744173382814,-1.3509415786656348e-07,-0.009689842226815256,1.9523745898471178e-07,0.003740976601945662
6.1439776962457255e-06,0.015119717296745574,-1.335628234485067e-07,-0.009591433147319611,1.9254373803868856e-07,0.00370130071704055
6.143479495499315e-06,0.014964303340553821,-1.3204324265515173e-07,-0.009493395352508063,1.898779831801664e-07,0.0036618198214639712
6.142989512927798e-06,0.01480950522742179,-1.3053537566697403e-07,-0.009395730977863562,1.8724004858156275e-07,0.003622533939644225
6.1425077051210575e-06,0.014655325881117311,-1.2903918248645186e-07,-0.009298442157492738,1.8462978947913717e-07,0.0035834431008067774
6.142034028320777e-06,0.01450176823107245,-1.275546225495035e-07,-0.00920153102681995,1.8204705792695012e-07,0.003544547340051272
6.141568438411649e-06,0.014348835208025055,-1.2608165513818537e-07,-0.009104999719867732,1.7949170897361665e-07,0.003505846697364514
6.141110890924155e-06,0.01419652974851873,-1.2462024058686274e-07,-0.009008850372121381,1.7696359502965582e-07,0.0034673412186726343
6.140661341006367e-06,0.014044854791698543,-1.2317033863632473e-07,-0.008913085118487112,1.7446256928400066e-07,0.0034290309551307796
6.140219743531902e-06,0.013893813278669247,-1.217319083581638e-07,-0.008817706092891729,1.7198848383155855e-07,0.0033909159629609536
6.139786052953246e-06,0.013743408156823615,-1.203049095776903e-07,-0.008722715431013033,1.6954118813506294e-07,0.003352996304528007
6.139360223410892e-06,0.013593642376087046,-1.1888930108690461e-07,-0.008628115267926933,1.6712053419690404e-07,0.0033152720474431212
6.138942208696538e-06,0.013444518888608583,-1.1748504328271185e-07,-0.008533907737919587,1.6472637175244894e-07,0.0032777432645246327
6.138531962231215e-06,0.013296040651422134,-1.1609209483085287e-07,-0.008440094976129093,1.6235854902866297e-07,0.003240410034433817
6.138129437147878e-06,0.013148210625692503,-1.1471041532834398e-07,-0.00834667911811335,1.6001691758484577e-07,0.0032032724415137037
6.137734586135727e-06,0.01300103177385951,-1.133399648061966e-07,-0.008253662298006382,1.5770132420372744e-07,0.003166330575134369
6.137347361626372e-06,0.012854507065092188,-1.1198070126197387e-07,-0.008161046652062317,1.5541161825819918e-07,0.0031295845310312107
6.136967715692805e-06,0.012708639468423441,-1.106325849465575e-07,-0.008068834314165696,1.5314764669282563e-07,0.0030930344095997883
6.1365956000284975e-06,0.012563431959359096,-1.0929557404603306e-07,-0.007977027420166191,1.5090925520251617e-07,0.003056680317603336
6.136230966034322e-06,0.012418887515633638,-1.079696281477234e-07,-0.007885628105110528,1.4869629275302293e-07,0.0030205223670872468
6.135873764741234e-06,0.01227500911901213,-1.0665470660055821e-07,-0.007794638504332737,1.465086035084495e-07,0.002984560675850179
6.135523946840137e-06,0.012131799754542835,-1.053507676137191e-07,-0.007704060753175511,1.4434603438979731e-07,0.002948795367317289
6.135181462694129e-06,0.011989262410627904,-1.0405777089328042e-07,-0.007613896986813924,1.4220842989459646e-07,0.002913226570486317
6.134846262319059e-06,0.011847400079753111,-1.0277567509520487e-07,-0.0075241493408529665,1.4009563330272987e-07,0.0028778544202118866
6.1345182953914345e-06,0.011706215757338073,-1.0150443895261646e-07,-0.007434819950608106,1.3800749116137328e-07,0.00284267905686291
6.1341975112732076e-06,0.011565712442996992,-1.0024402086335646e-07,-0.007345910951857205,1.3594384698163438e-07,0.0028077006267178267
6.133883858977084e-06,0.011425893139090716,-9.899438029222274e-08,-0.00725742447982437,1.339045416874735e-07,0.0027729192815126877
6.133577287182797e-06,0.011286760852433398,-9.775547554909387e-08,-0.007169362670583613,1.3188942115606838e-07,0.00273833517901566
6.133277744215916e-06,0.011148318593028984,-9.652726435160725e-08,-0.007081727659898169,1.2989832627089456e-07,0.002703948482580879
6.1329851781102775e-06,0.0110105693734858,-9.53097064904736e-08,-0.006994521583051076,1.279310994790987e-07,0.0026697593611410856
6.132699536535592e-06,0.010873516211136278,-9.410276018241737e-08,-0.006907746576180632,1.2598758215082416e-07,0.0026357679896443606
6.132420766839935e-06,0.010737162127549816,-9.290638316280604e-08,-0.006821404775942014,1.240676146054251e-07,0.0026019745490060138
6.13214881606077e-06,0.010601510145350445,-9.172053347208466e-08,-0.006735498317448603,1.2217103853645524e-07,0.0025683792252997983
6.131883630859494e-06,0.010466563293122181,-9.054517067471381e-08,-0.006650029337475823,1.202976931441429e-07,0.002534982210990726
6.131625157616287e-06,0.010332324600806594,-8.938025162998836e-08,-0.006564999971522018,1.1844742013338362e-07,0.0025017837038207816
6.131373342365025e-06,0.010198797105242553,-8.822573543872847e-08,-0.006480412357268541,1.1662005892623772e-07,0.002468783908139575
6.131128130824653e-06,0.01006598384202116,-8.708157918504765e-08,-0.006396268629467639,1.1481544774267888e-07,0.002435983032961819
6.130889468345949e-06,0.009933887855188606,-8.5947741591399e-08,-0.006312570926066707,1.130334263670011e-07,0.002403381294313473
6.1306573000078945e-06,0.00980251218865837,-8.482417983084631e-08,-0.006229321382879017,1.112738334272548e-07,0.0023709789131720017
6.130431570554158e-06,0.00967185989184194,-8.371085273108739e-08,-0.006146522136948952,1.0953650712883789e-07,0.002338776116809536
6.130212224375263e-06,0.00954193401771646,-8.260771728574127e-08,-0.006064175325543259,1.0782128444842493e-07,0.002306773138361123
6.1299992055557715e-06,0.00941273762121107,-8.151473117871649e-08,-0.0059822830849934686,1.0612800385420284e-07,0.002274970216430104
6.129792457903527e-06,0.009284273762247844,-8.043185199028287e-08,-0.005900847552662227,1.0445650290207271e-07,0.0022433675957916526
6.129591924803425e-06,0.009156545503925577,-7.935903679257602e-08,-0.0058198708658461175,1.0280661626648796e-07,0.002211965527043223
6.129397549444098e-06,0.009029555912402275,-7.829624361910123e-08,-0.005739355161617381,1.0117818415065374e-07,0.0021807642664897504
6.12920927458662e-06,0.008903308058827478,-7.724342997152029e-08,-0.005659302578156911,9.957103986591918e-08,0.0021497640766626213
6.129027042750433e-06,0.008777805016226487,-7.620055260230025e-08,-0.005579715252724252,9.79850216860873e-08,0.002118965225579003
6.128850796087135e-06,0.008653049861547493,-7.516756936378045e-08,-0.005500595322877162,9.641996344702644e-08,0.002088367987183874
6.128680476467381e-06,0.008529045675598245,-7.414443634355201e-08,-0.005421944926684542,9.48757019032755e-08,0.0020579726414196335
6.128516025421242e-06,0.00840579554330349,-7.313111144468306e-08,-0.005343766202522649,9.33520713426402e-08,0.002027779474191173
6.1283573841818496e-06,0.008283302551991906,-7.212755122194064e-08,-0.005266061288447792,9.184890910928417e-08,0.001997788777066246
6.128204493671259e-06,0.008161569793426233,-7.113371197954028e-08,-0.0051888323230457195,9.036604758513734e-08,0.001968000847643003
6.128057294470532e-06,0.008040600362423813,-7.014955101394834e-08,-0.005112081444848745,8.890332083378735e-08,0.0019384159893306417
6.1279157268641946e-06,0.00792039735685775,-6.91750250640675e-08,-0.005035810792265155,8.746056594597868e-08,0.001909034511284027
6.127779730852319e-06,0.00780096387920756,-6.821009006268765e-08,-0.0049600225044900935,8.603761508615836e-08,0.0018798567287793525
6.127649246073378e-06,0.007682303035528707,-6.725470306671304e-08,-0.004884718721052586,8.463430192406532e-08,0.0018508829630034676
6.127524211895488e-06,0.0075644179340456745,-6.630881964817292e-08,-0.00480990158064804,8.325046113117945e-08,0.0018221135406473951
6.127404567369008e-06,0.007447311688059142,-6.537239747043783e-08,-0.004735573223269707,8.188592706559158e-08,0.0017935487946985505
6.127290251230667e-06,0.007330987414113956,-6.444539170185805e-08,-0.004661735788844897,8.054053086277693e-08,0.0017651890638940946
6.127181201912885e-06,0.007215448229797159,-6.352775822734661e-08,-0.004588391415911768,7.921410691518961e-08,0.0017370346922543675
6.1270773575204984e-06,0.007100697261480526,-6.261945355071646e-08,-0.004515542246674156,7.790648921852419e-08,0.001709086030934086
6.126978655920569e-06,0.006986737633866907,-6.172043297404912e-08,-0.004443190420090453,7.661750867615318e-08,0.0016813434356805362
6.1268850345866816e-06,0.006873572477723799,-6.083065214567879e-08,-0.004371338077008357,7.534699954775828e-08,0.0016538072686951605
6.126796430746666e-06,0.0067612049271883945,-5.995006785536064e-08,-0.004299987358464418,7.409479370407488e-08,0.0016264778980042065
6.126712781310747e-06,0.006649638119808699,-5.9078634724615714e-08,-0.004229140405572163,7.286072368931722e-08,0.001599355697439898
6.126634022842652e-06,0.0065388751966711355,-5.8216308545382494e-08,-0.00415879935968887,7.164462165156004e-08,0.0015724410466520897
6.126560091700378e-06,0.00642891930210362,-5.736304429448102e-08,-0.004088966362273935,7.04463208805476e-08,0.0015457343310740221
6.126490923879928e-06,0.00631977358332954,-5.651879778284787e-08,-0.004019643554594237,6.926565402967458e-08,0.0015192359417812574
6.126426455059546e-06,0.006211441193733373,-5.568352386996107e-08,-0.00395083307991912,6.810245083435628e-08,0.001492946276317043
6.126366620661606e-06,0.006103925287132361,-5.48571769768727e-08,-0.0038825370796851883,6.69565462931099e-08,0.0014668657372465283
6.126311355789422e-06,0.0059972290226299125,-5.4039712477980573e-08,-0.0038147576968590494,6.582777081299367e-08,0.0014409947333958357
6.126260595237874e-06,0.005891355562624539,-5.323108542175864e-08,-0.0037474970744562713,6.47159560558875e-08,0.0014153336792806462
6.1262142735352845e-06,0.005786308072847453,-5.2431250008604354e-08,-0.003680757355712169,6.362093476287179e-08,0.0013898829951594503
6.126172324878631e-06,0.005682089722674505,-5.164016160238776e-08,-0.0036145406841171374,6.254253916339274e-08,0.0013646431070725388
6.1261346832070684e-06,0.005578703684370145,-5.0857773862606325e-08,-0.0035488492031864193,6.148060245738414e-08,0.00133961444666909
6.126101282139333e-06,0.005476153135231894,-5.008404159785849e-08,-0.0034836850576329985,6.043495526961116e-08,0.0013147974516880016
6.126072054997308e-06,0.005374441255261305,-4.931891811945273e-08,-0.0034190503919733824,5.940542924537731e-08,0.0012901925653944126
6.12604693483661e-06,0.005273571227161536,-4.856235882367081e-08,-0.0033549473505105364,5.839185574454994e-08,0.0012658002365853248
6.126025854387834e-06,0.005173546238464758,-4.78143168012894e-08,-0.003291378078771683,5.7394066891240807e-08,0.0012416209200448029
6.126008746111569e-06,0.005074369479550436,-4.707474639865311e-08,-0.003228344722128078,5.641189640573848e-08,0.0012176550761052716
6.1259955421536505e-06,0.004976044145497061,-4.634360043674931e-08,-0.0031658494270189823,5.5445174834270385e-08,0.0011939031710248283
6.1366554397369575e-06,0.004878573436266427,-4.539315861035625e-08,-0.003103894364371257,5.545829424750456e-08,0.0011703656692529374
6.146469265933135e-06,0.00478196055006094,-4.446419794352079e-08,-0.003042481654685345,5.543392827160214e-08,0.0011470430557521127
6.155476678545467e-06,0.00468620869153087,-4.355612175775002e-08,-0.0029816134449584058,5.5373928192600264e-08,0.0011239358134587432
6.163716136280265e-06,0.0045913210672327955,-4.2668352787052005e-08,-0.0029212918815226404,5.5280077332461455e-08,0.0011010444304961683
6.171224919653993e-06,0.0044973008909875625,-4.180033344932176e-08,-0.0028615191134935426,5.5154093955066215e-08,0.0010783694015149864
6.178039152051515e-06,0.004404151377704692,-4.09515233495431e-08,-0.0028022972888336562,5.499763264864109e-08,0.00105591122611192
6.184193820535781e-06,0.004311875745988181,-4.0121401465955224e-08,-0.0027436285560359748,5.4812287293100594e-08,0.0010336704095043239
6.1897227965415474e-06,0.004220477218277838,-3.930946427415853e-08,-0.0026855150641612764,5.45995923614608e-08,0.0010116474624923919
6.194658856445647e-06,0.0041299590212228125,-3.8515223262651774e-08,-0.0026279589632247522,5.4361023412446623e-08,0.0009898429015815302
6.199033702036215e-06,0.004040324383979854,-3.773820826481149e-08,-0.0025709624029523447,5.409800076218988e-08,0.0009682572484965996
6.202877980845664e-06,0.003951576540110125,-3.6977964597134435e-08,-0.0025145275341241797,5.381189167579238e-08,0.0009468910306468833
6.206221306301485e-06,0.003863718725864046,-3.623405138071985e-08,-0.0024586565074885694,5.350401292135473e-08,0.0009257447807189987
6.20909227781906e-06,0.0037767541816125646,-3.5506043183840796e-08,-0.002403351474526123,5.317562982957155e-08,0.0009048190369186831
6.211518500764021e-06,0.00369068615032338,-3.479352895142668e-08,-0.0023486145867290006,5.28279597755091e-08,0.0008841143426765762
6.21352660618555e-06,0.0036055178811758865,-3.409611050757337e-08,-0.002294447997778165,5.246217127558304e-08,0.0008636312474197925
6.21514227056535e-06,0.003521252623520412,-3.3413404374582843e-08,-0.002240853859654886,5.207939165186744e-08,0.0008433703051328903
6.216390235219166e-06,0.003437893632226544,-3.274503810897399e-08,-0.0021878343261957905,5.168070284962058e-08,0.0008233320756125021
6.217294325838996e-06,0.00335544416485027,-3.2090652643643026e-08,-0.002135391551205932,5.126714292911538e-08,0.0008035171237466653
6.217877471611435e-06,0.0032739074831175073,-3.144990043844838e-08,-0.0020835276894223065,5.0839712932814156e-08,0.0007839260198658153
6.218161724363592e-06,0.003193286852800907,-3.082244476064266e-08,-0.002032244896529431,5.039937111934008e-08,0.0007645593396719025
6.218168277600118e-06,0.0031135855413866914,-3.020796040583997e-08,-0.0019815453275550945,4.9947039450090226e-08,0.0007454176636493509
6.217917485208918e-06,0.0030348068211573445,-2.9606132729504912e-08,-0.0019314311389725305,4.9483605094181426e-08,0.0007265015777928686
6.217428880162788e-06,0.0029569539682364867,-2.9016657832572216e-08,-0.0018819044879790309,4.9009916471203846e-08,0.000707811673334782
6.21672119311659e-06,0.002880030261096186,-2.843924040171941e-08,-0.0018329675316941687,4.852679090379689e-08,0.0006893485463567387
6.215812370700132e-06,0.0028040389836451944,-2.787359489496814e-08,-0.001784622429005959,4.803501088934685e-08,0.0006711127985091544
6.214719593740789e-06,0.002728983420882864,-2.7319445202446652e-08,-0.0017368713379707192,4.7535329122393836e-08,0.0006531050359374092
6.213459295383929e-06,0.0026548668633306315,-2.6776524365469593e-08,-0.001689716418410415,4.7028465262208745e-08,0.0006353258702983687
6.212047178963072e-06,0.002581692603794209,-2.6244574266457055e-08,-0.0016431598301740683,4.6515111206109555e-08,0.0006177759179741454
6.21049823572064e-06,0.002509463940254052,-2.57233425399367e-08,-0.001597203734731224,4.5995928052588584e-08,0.0006004558007194271
6.208826762483117e-06,0.0024381841722965173,-2.5212586815097167e-08,-0.0015518502930330143,4.5471552161041254e-08,0.0005833661447610589
6.20704637904511e-06,0.0023678566035893914,-2.4712071216213004e-08,-0.001507101667109175,4.494259137115862e-08,0.0005665075814004864
6.205170045414015e-06,0.0022984845431770376,-2.4221567584669264e-08,-0.0014629600208121729,4.44096277525958e-08,0.0005498807472262793
6.203210078946682e-06,0.0022300713000763185,-2.3740854430760776e-08,-0.001419427516554942,4.387321938041908e-08,0.0005334862828352734
6.201178171299449e-06,0.0021626201907328684,-2.3269716215736855e-08,-0.0013765063198475824,4.333389980526693e-08,0.0005173248345493693
6.1990854051081246e-06,0.0020961345316239436,-2.2807945081008895e-08,-0.001334198594896655,4.2792181144683126e-08,0.0005013970526566321
6.196942270676089e-06,0.002030617646080562,-2.2355338836090525e-08,-0.0012925065086291788,4.2248548619092277e-08,0.00048570359292389074
6.1947586823537745e-06,0.0019660728586818194,-2.1911701169543536e-08,-0.0012514322274427968,4.170347087698281e-08,0.0004702451153047029
6.192543994745553e-06,0.0019025034973380723,-2.1476841275073824e-08,-0.0012109779183029723,4.115739296413244e-08,0.00045502228433342255
6.190307018843782e-06,0.0018399128964039458,-2.1050573673870462e-08,-0.0011711457509661707,4.0610739128756815e-08,0.000440035769875006
6.188056037813997e-06,0.0017783043897839565,-2.0632717716089544e-08,-0.0011319378933700042,4.0063915184524344e-08,0.00042528624540060016
6.18579882283778e-06,0.0017176813174292847,-2.0223098682000403e-08,-0.0010933565159998383,3.95173091935879e-08,0.000410774389530335
6.183542648445336e-06,0.00165804702326706,-1.9821546284603306e-08,-0.0010554037904180096,3.897128834439089e-08,0.0003965008854695186
6.181294307951556e-06,0.0015994048528044042,-1.9427895142589788e-08,-0.0010180818879276061,3.842620317302363e-08,0.0003824664204307225
6.179060128629063e-06,0.0015417581556249566,-1.9041983890273646e-08,-0.0009813929809758604,3.788238624769863e-08,0.0003686716861171027
6.17684598651567e-06,0.0014851102873646076,-1.8663655402461253e-08,-0.0009453392446119479,3.7340156183041304e-08,0.00035511737925503987
6.17465732130089e-06,0.0014294646026147973,-1.8292757331487385e-08,-0.0009099228518693618,3.679981296517749e-08,0.00034180419973739147
6.172499150795627e-06,0.0013748244637602298,-1.7929139400536684e-08,-0.0008751459794925521,3.626164170195617e-08,0.0003287328527936563
6.170376085261642e-06,0.0013211932348494108,-1.7572657305906658e-08,-0.0008410108039297203,3.5725911740804434e-08,0.0003159040474006935
6.168292341664694e-06,0.001268574282594085,-1.7223168650394032e-08,-0.0008075195021999655,3.5192878374111474e-08,0.00030331849653326206
6.166251757499205e-06,0.0012169709796522193,-1.688053609762342e-08,-0.0007746742537125761,3.466278368510995e-08,0.0002909769178546657
6.164257804627189e-06,0.0011663866999466037,-1.654462436783915e-08,-0.0007424772375825511,3.413585467032542e-08,0.0002788800325725559
6.162313602700612e-06,0.0011168248223229092,-1.621530134877881e-08,-0.0007109306348269233,3.3612305899046744e-08,0.0002670285662786713
6.16042193255928e-06,0.00106828872812055,-1.5892439121990875e-08,-0.0006800366268324844,3.309233951870985e-08,0.0002554232482773221
6.158585249299554e-06,0.0010207818037932656,-1.5575911548929735e-08,-0.0006497973971004651,3.257614233035002e-08,0.0002440648121919924
6.156805695107772e-06,0.0009743074380974159,-1.5265596217326436e-08,-0.0006202151295042032,3.206389284689612e-08,0.0002329539952507734
6.1544311199823725e-06,0.0009288690216989208,1.935030463928855e-06,-0.0005913302349192226,-7.596735871407236e-07,0.00022209152528472747
6.152206147946315e-06,0.0008844699540206962,3.755925801396995e-06,-0.0005631041380834203,-1.4988477729837121e-06,0.00021147816295554993
6.1501260511360804e-06,0.0008411136323597504,5.452054033853152e-06,-0.0005355391158140761,-2.187346170757159e-06,0.00020111465613133068
6.148185944576895e-06,0.0007988034601134573,7.027963947176581e-06,-0.0005086374460650792,-2.8270213490628313e-06,0.00019100175694888405
6.146380815115893e-06,0.0007575428453115681,8.488121203080074e-06,-0.0004824014070755168,-3.4196916517281285e-06,0.00018114022146217324
6.144705548691197e-06,0.0007173351968516742,9.836910005277367e-06,-0.0004568332750370661,-3.967141894648428e-06,0.0001715308086397853
6.1431549558425726e-06,0.0006781839292191771,1.1078634725731804e-05,-0.0004319353271356388,-4.4711240452862465e-06,0.00016217428146378247
6.141723795354598e-06,0.0006400924596114224,1.2217521504589883e-05,-0.0004077098397371681,-4.933357892120651e-06,0.00015307140615193428
6.140406796584815e-06,0.0006030642089791599,1.3257719816819637e-05,-0.0003841590892426779,-5.355531698663285e-06,0.00014422295240893717
6.139198679885096e-06,0.0005671026016402562,1.4203304009823574e-05,-0.0003612853516495506,-5.739302844875944e-06,0.00013562969319557685
6.1380941755915e-06,0.0005322110657101376,1.5058274800199838e-05,-0.0003390909031185008,-6.086298454949701e-06,0.00012729240484630434
6.137088041591464e-06,0.0004983930329258423,1.582656075315575e-05,-0.0003175780197756559,-6.398116013001179e-06,0.00011921186689151529
6.1361750792930985e-06,0.000465651937600118,1.6512019722838702e-05,-0.00029674897721093446,-6.676323966147667e-06,0.00011138886183437664
6.135350148237963e-06,0.0004339912194210487,1.7118440264819777e-05,-0.0002766060521260971,-6.922462314355216e-06,0.0001038241756675522
6.1346081793011505e-06,0.0004034143198881703,1.764954302678881e-05,-0.00025715152035129206,-7.13804319079062e-06,9.651859702545427e-05
6.133944186644154e-06,0.0003739246850633195,1.8108982103463384e-05,-0.00023838765837307481,-7.324551427702338e-06,8.947291773474037e-05
6.133353278201644e-06,0.0003455257633086397,1.8500346365631152e-05,-0.0002203167422820801,-7.483445112207739e-06,8.268793223197411e-05
6.132830664962912e-06,0.0003182210085694702,1.8827160765637498e-05,-0.0002029410496302006,-7.6161561301430765e-06,7.616443828042414e-05
6.132371669162615e-06,0.000292013877225229,1.9092887615676454e-05,-0.00018626285755788237,-7.72409070084758e-06,6.99032361362555e-05
6.131971731013461e-06,0.00026690782754073997,1.9300927838889028e-05,-0.00017028444254261414,-7.80862989860758e-06,6.390512836821964e-05
6.131626414493361e-06,0.0002429063245557255,1.9454622190192627e-05,-0.00015500808350589118,-7.871130163220083e-06,5.817092093213171e-05
6.131331411783457e-06,0.00022001283498377004,1.9557252466650314e-05,-0.0001404360587553409,-7.912923804359595e-06,5.270142193483234e-05
6.131082546925521e-06,0.00019823082823987586,1.9612042679857588e-05,-0.0001265706463907932,-7.935319491468027e-06,4.749744172645872e-05
6.130875777974311e-06,0.00017756378008714597,1.962216020959997e-05,-0.0001134141270069958,-7.939602734187948e-06,4.255979380100532e-05
6.130707198485812e-06,0.00015801516664488,1.959071693578211e-05,-0.00010096877966327608,-7.927036356446967e-06,3.7889293186585106e-05
6.130573037733235e-06,0.00013958847011663568,1.9520770343575553e-05,-8.923688582199744e-05,-7.898860956215776e-06,3.348675784243474e-05
6.130469660105969e-06,0.00012228717438171786,1.9415324613969253e-05,-7.822072634101792e-05,-7.85629536023077e-06,2.9353007458271138e-05
6.130393563379795e-06,0.00010611476768313059,1.9277331681021202e-05,-6.792258345953017e-05,-7.800537066248092e-06,2.54888640596517e-05
6.130341376179195e-06,9.107474282631724e-05,1.910969227554767e-05,-5.834474077241721e-05,-7.732762678088866e-06,2.1895151960764572e-05
6.13030985445765e-06,7.717059316157207e-05,1.8915256950389667e-05,-4.948948093332841e-05,-7.654128332378756e-06,1.8572696766526062e-05
6.1302958770544555e-06,6.440581994327504e-05,1.8696827073764966e-05,-4.13590901341578e-05,-7.5657701136952116e-06,1.5522326972262896e-05
6.130296440504218e-06,5.2783923647832805e-05,1.8457155818178353e-05,-3.3955852896925803e-05,-7.468804466765399e-06,1.2744871911653155e-05
6.13030865283786e-06,4.230841110362478e-05,1.8198949113564194e-05,-2.7282056466699755e-05,-7.36432859333372e-06,1.0241163327472441e-05
6.130329726638547e-06,3.298279216832878e-05,1.7924866589995824e-05,-2.1339988799634264e-05,-7.253420846860346e-06,8.012034473799568e-06
6.130356971378389e-06,2.48105783449216e-05,1.76375225051949e-05,-1.6131937754737776e-05,-7.137141117228334e-06,6.0583197784946355e-06
6.13038778466374e-06,1.7795287972080238e-05,1.733948664013466e-05,-1.1660194439678515e-05,-7.016531204852242e-06,4.380855926358733e-06
6.1304196431946575e-06,1.1940439812715116e-05,1.7033285191812997e-05,-7.927049168049236e-06,-6.8926151937556155e-06,2.980480309885667e-06
6.130450092405361e-06,7.24955824608768e-06,1.6721401636332636e-05,-4.934794778114177e-06,-6.766399809598063e-06,1.8580321118213979e-06
6.130476735906649e-06,3.726170561247279e-06,1.640627758205951e-05,-2.6857250268278044e-06,-6.638874776728078e-06,1.0143516620216978e-06
6.130513004123698e-06,-4.912761404130185e-10,1.6090313601800202e-05,-1.1821331960208665e-06,-6.511013163710472e-06,4.502801150462706e-07
6.130514552819939e-06,2.6990957925571572e-08,1.5775092155611152e-05,-4.263047140540323e-07,-6.383456332118723e-06,1.6666058986730383e-07
6.1305161512412475e-06,3.0367545102664696e-08,1.5464409623068178e-05,-2.952803705871192e-07,-6.2577418597347085e-06,1.1735602858612761e-07
6.130517732928278e-06,2.974667324257765e-08,1.5159571571741023e-05,-2.8947066223368816e-07,-6.134393386226596e-06,2.075465473015555e-06
6.1305192934490134e-06,2.9138230347721682e-08,1.4858939625238874e-05,-2.837857558429923e-07,-6.012745318870796e-06,1.377689889137217e-05
6.130520881910706e-06,2.8541968539061517e-08,1.4553470221074725e-05,-2.780568995360004e-07,-5.889131082797016e-06,3.702024751684119e-05
6.130522555451238e-06,2.7957644837979512e-08,1.4232643869971339e-05,-2.7207748677146726e-07,-5.759285690047974e-06,7.162974015146169e-05
6.130524369158204e-06,2.7385020550518287e-08,1.3886310167627075e-05,-2.6564872329890647e-07,-5.619093780677102e-06,0.00011743049538403492
6.130526376257611e-06,2.6823862372523242e-08,1.3504680002169978e-05,-2.5857972560293815e-07,-5.464586450025098e-06,0.00017424852150075185
6.130528628006445e-06,2.6273942773074043e-08,1.3078318030881877e-05,-2.50687620190399e-07,-5.2919381837317325e-06,0.00024191071641535992
6.130531173788054e-06,2.5735038709950688e-08,1.259813542900096e-05,-2.417976119440342e-07,-5.09746389705167e-06,0.0003202448675680501
6.130534061182947e-06,2.5206932589626768e-08,1.2055382885289936e-05,-2.317430557151081e-07,-4.87761607371376e-06,0.0004090796518668092
6.130537335939095e-06,2.4689410236535084e-08,1.1441643839162158e-05,-2.203654996043294e-07,-4.6289819998155924e-06,0.0005082446356305766
6.130541042050173e-06,2.4182263167513734e-08,1.0748827949292589e-05,-2.0751472922034197e-07,-4.348281088411134e-06,0.0006175702745062831
6.1305452217856345e-06,2.3685287372044795e-08,9.969164779842365e-06,-1.9304879424765096e-07,-4.032362290891753e-06,0.0007368879134423995
6.130549915700822e-06,2.319828187412959e-08,9.095197693617766e-06,-1.7683402241387772e-07,-3.6782015908568296e-06,0.0008660297866205468
6.130555162700212e-06,2.2721052652624842e-08,8.119777946939765e-06,-1.5874502416902735e-07,-3.282899577452508e-06,0.0010048290174280471
6.130561000020956e-06,2.225340714470695e-08,7.036058971165182e-06,-1.3866468895637634e-07,-2.8436790935719106e-06,0.0011531196184090718
6.130567463298093e-06,2.1795158400561836e-08,5.837490836310584e-06,-1.1648416772545351e-07,-2.3578829562853056e-06,0.0013107364912367213
6.130574586610112e-06,2.134612338302558e-08,4.517814880537864e-06,-9.21028481199117e-08,-1.8229717445122598e-06,0.0014775154266943162
6.130582402457743e-06,2.0906122935371768e-08,3.071058505297284e-06,-6.542831966082378e-08,-1.2365216526550692e-06,0.0016532931046407027
6.130590941791908e-06,2.0474980692093187e-08,1.4915301269518654e-06,-3.6376326919992e-08,-5.962224053579893e-07,0.0018379070939957107
6.130600234101644e-06,2.0052525986003603e-08,-2.2618573657800806e-07,-4.8707204374331e-09,1.0012476905639594e-07,0.002031195852734405
6.130610307407668e-06,1.9638590049559265e-08,-2.0872332309303435e-06,2.915660571743272e-08,8.546091095766314e-07,0.002232998727866854
6.130616396442851e-06,1.9233009038229512e-08,-2.0454883184759016e-06,2.5558625535739777e-08,8.375333501681895e-07,0.002443155955345275
6.130623087920038e-06,1.8835620814886957e-08,-2.004578302180089e-06,2.161521108817168e-08,8.208028009826305e-07,0.0026615086603372032
6.1306304045847915e-06,1.8446270139014232e-08,-1.9644864840357517e-06,1.7285028669305088e-08,8.044110519889299e-07,0.0028878988569563057
6.130638368670521e-06,1.80648039474379e-08,-1.925196499946462e-06,1.2523999742859551e-08,7.88351858700896e-07,0.003122169448364839
6.130647001844684e-06,1.769107288185412e-08,-1.8866923141902063e-06,7.285310924570702e-09,7.726191358231171e-07,0.0033641642267714295
6.1306563253164645e-06,1.732493203498844e-08,-1.8489582095675086e-06,1.5194412836459894e-09,7.572069586823271e-07,0.003613727873450253
6.130666359666125e-06,1.6966237215539637e-08,-1.8119787857653233e-06,-4.8258076972051085e-09,7.421095536265137e-07,0.0038707059587630445
6.130677124998916e-06,1.6614849439055242e-08,-1.7757389483814478e-06,-1.180527015825407e-08,7.273212995342191e-07,0.0041349449421631745
6.130688640878043e-06,1.6270632366517445e-08,-1.7402239054718792e-06,-1.9476378351464943e-08,7.128367211845451e-07,0.004406292172231963
6.130700926283019e-06,1.5933451602129076e-08,-1.7054191626012702e-06,-2.789909870214234e-08,6.986504897134733e-07,0.004684595886697291
6.130713999700258e-06,1.560317761276173e-08,-1.6713105132858998e-06,-3.713588074064964e-08,6.847574151488965e-07,0.00496970521246558
6.130727879003151e-06,1.527968150288936e-08,-1.6378840351122698e-06,-4.7251590508616286e-08,6.711524441694238e-07,0.005261470165639617
6.130742581584954e-06,1.4962838385870883e-08,-1.6051260840537504e-06,-5.831343883775844e-08,6.578306577320114e-07,0.005559741651570534
6.130758124218002e-06,1.46525266107531e-08,-1.5730232908432438e-06,-7.039090786272555e-08,6.447872651800161e-07,0.005864371464876146
6.130774523130467e-06,1.4348625952472993e-08,-1.5415625518678606e-06,-8.355566843255045e-08,6.320176037246207e-07,0.006175212289486214
6.130791794013233e-06,1.4051019698669079e-08,-1.5107310262728025e-06,-9.788149684715164e-08,6.195171336825222e-07,0.006492117698679616
6.130809951969494e-06,1.375959315428879e-08,-1.480516129816859e-06,-1.1344418338347672e-07,6.072814324151563e-07,0.006814942155122859
6.13082901155023e-06,1.3474234337270183e-08,-1.4509055293770457e-06,-1.303214419300561e-07,5.953061937490956e-07,0.007143541010918695
6.130848986709633e-06,1.3194833978748618e-08,-1.4218871400835092e-06,-1.485928098498115e-07,5.83587221940395e-07,0.007477770507641236
6.13086989085782e-06,1.2921284838266194e-08,-1.3934491166340609e-06,-1.6833955095637012e-07,5.72120429988495e-07,0.007817487776393
6.130891736817655e-06,1.2653481600220277e-08,-1.3655798527516768e-06,-1.8964455026921292e-07,5.609018350697023e-07,0.008162550837842111
6.1309145368350926e-06,1.2391322345903425e-08,-1.3382679725988487e-06,-2.1259220832269919e-07,5.499275552298319e-07,0.008512818602277693
6.130938302599186e-06,1.2134705385586614e-08,-1.3115023288863336e-06,-2.3726833193632286e-07,5.391938046521085e-07,0.00886815086965138
6.130963045194929e-06,1.1883533946949936e-08,-1.2852719962806007e-06,-2.6376002495458343e-07,5.286968889357527e-07,0.009228408329641925
6.1309887751061145e-06,1.1637711762737206e-08,-1.2595662690172262e-06,-2.9215557347447326e-07,5.184332040063059e-07,0.009593452561693134
6.131015502272373e-06,1.1397143598122067e-08,-1.2343746558362058e-06,-3.225443310507677e-07,5.083992329144994e-07,0.009963146035066081
6.131043236048109e-06,1.11617382462976e-08,-1.2096868725455945e-06,-3.5501660522116674e-07,4.985915377026836e-07,0.010337352108910203
6.131071985181658e-06,1.0931405570649134e-08,-1.1854928445226598e-06,-3.8966353540109723e-07,4.890067605595007e-07,0.010715935032293464
6.131101757871823e-06,1.0706057733131591e-08,-1.1617826955922082e-06,-4.265769794153576e-07,4.796416185545889e-07,0.011098759944271182
6.131132561676564e-06,1.0485607695422661e-08,-1.1385467488900901e-06,-4.6584938805624226e-07,4.704928978178276e-07,0.011485692873937258
6.13116440360584e-06,1.0269971014722438e-08,-1.1157755204590424e-06,-5.075736911677103e-07,4.615574524584661e-07,0.01187660074047586
6.131197290093367e-06,1.005906553687338e-08,-1.0934597150351378e-06,-5.518431704206709e-07,4.5283220190115703e-07,0.012271351353221877
6.131231226947272e-06,9.852810749157683e-09,-1.071590224563731e-06,-5.987513436314875e-07,4.443141232439512e-07,0.012669813411709197
6.131266219424835e-06,9.651125673101232e-09,-1.050158122874504e-06,-6.483918411025594e-07,4.360002535757102e-07,0.013071856505731177
6.131302272188694e-06,9.453934688917782e-09,-1.0291546616509338e-06,-7.008582841302358e-07,4.278876807194223e-07,0.013477351115392349
6.131339389309009e-06,9.261160496199303e-09,-1.008571269046524e-06,-7.562441658118729e-07,4.199735426337574e-07,0.013886168611163388
6.131377574301248e-06,9.072729129628348e-09,-9.883995427587551e-07,-8.146427293409191e-07,4.12255025045379e-07,0.014298181253934065
6.131416830064005e-06,8.888567867084505e-09,-9.686312503664603e-07,-8.761468494444871e-07,4.0472935868057837e-07,0.014713262195069816
6.131457158950392e-06,8.708604743078177e-09,-9.492583226157207e-07,-9.408489127158938e-07,3.973938109165879e-07,0.015131285476461833
6.131498562678956e-06,8.532770374619883e-09,-9.302728530933107e-07,-1.0088406990231826e-06,3.9024568966173403e-07,0.015552126030581122
6.131541042492806e-06,8.360996053098977e-09,-9.116670916557206e-07,-1.080213264070951e-06,3.832823329694725e-07,0.015975659680525726
6.131540999486228e-06,8.19322594084658e-09,-8.934328767744346e-07,-1.1550436898473797e-06,3.7594263139069546e-07,0.0164017631400702
6.131540957319711e-06,8.02881088773444e-09,-8.755633459176307e-07,-1.233433975902819e-06,3.6876607593973185e-07,0.016830314013732816
6.131540916014223e-06,7.867684203526393e-09,-8.580512046169846e-07,-1.3154723099437126e-06,3.61749803850686e-07,0.0172611907968141
6.131540875533026e-06,7.70978031910892e-09,-8.408893047302923e-07,-1.4012457027688975e-06,3.548909996429135e-07,0.017694272875430697
6.131540835846681e-06,7.555033838883198e-09,-8.240706425357774e-07,-1.490839876151805e-06,3.48186896344245e-07,0.0181294405265778
6.131540796954808e-06,7.403383256774878e-09,-8.075883522831417e-07,-1.5843391560059699e-06,3.4163476957529764e-07,0.018566574918168047
6.131540758840175e-06,7.25476534167958e-09,-7.914357076972942e-07,-1.6818263660742273e-06,3.3523194004409274e-07,0.01900555810908278
6.131540721504996e-06,7.1091200083156926e-09,-7.75606114904708e-07,-1.7833827228609427e-06,3.2897576924454246e-07,0.019446273049204085
6.131540684908316e-06,6.966386932130041e-09,-7.60093113321247e-07,-1.889087735964299e-06,3.228636576940661e-07,0.019888603579462087
6.131540649023515e-06,6.826509509288728e-09,-7.448903709948672e-07,-1.9990191050125535e-06,3.168930477539048e-07,0.020332434431879
6.131540613862981e-06,6.6894291614884814e-09,-7.299916829070011e-07,-2.1132526235753517e-06,3.110614165868025e-07,0.020777651229597897
6.1315405794181425e-06,6.5550899892117685e-09,-7.153909670953174e-07,-2.2318620847490955e-06,3.0536627581366644e-07,0.021224140486925728
6.131540545649482e-06,6.423437626843187e-09,-7.01082265418604e-07,-2.3549191861329507e-06,2.9980517496819254e-07,0.021671789609365267
6.131540512557346e-06,6.294418445455604e-09,-6.870597368415122e-07,-2.4824934414658133e-06,2.9437569405511454e-07,0.022120486893652813
6.131540480116889e-06,6.1679797867843764e-09,-6.733176578795243e-07,-2.6146520913604863e-06,2.8907544554166707e-07,0.022570121527783902
6.131540448340428e-06,6.044070215245061e-09,-6.598504202105236e-07,-2.751460020037326e-06,2.839020737783781e-07,0.02302058359104715
6.131540417187346e-06,5.922638461292002e-09,-6.466525262058765e-07,-2.892979670292571e-06,2.7885324965597717e-07,0.023471764054047953
6.131540386661071e-06,5.803634971341239e-09,-6.337185901730601e-07,-3.039270966208279e-06,2.739266750950387e-07,0.023923554778739635
6.131540356739266e-06,5.687012083494268e-09,-6.210433318244411e-07,-3.1903912343272378e-06,2.6912007933670723e-07,0.02437584851844592
6.131540327439785e-06,5.572721465376882e-09,-6.086215781769144e-07,-3.346395131963424e-06,2.6443121525903136e-07,0.024828538917879398
6.131540298704442e-06,5.460716338241009e-09,-5.964482592559697e-07,-3.507334573228239e-06,2.598578646771015e-07,0.025281520513167115
6.131540270540794e-06,5.35095205484278e-09,-5.845184059258204e-07,-3.6732586633075485e-06,2.553978314386089e-07,0.02573468873186284
6.131540242941658e-06,5.243382806959394e-09,-5.728271488301495e-07,-3.844213630329951e-06,2.510489432815961e-07,0.026187939892969955
6.131540215903297e-06,5.1379647340051135e-09,-5.613697164679485e-07,-4.020242766713007e-06,2.468090496672303e-07,0.026641171206953102
6.131540189398187e-06,5.034654676358013e-09,-5.501414317576287e-07,-4.2013863658877385e-06,2.426760245326686e-07,0.02709428077574575
6.131540163426906e-06,4.933411237046317e-09,-5.391377123784679e-07,-4.387681671000657e-06,2.386477606909364e-07,0.027547167592766413
6.131540137968228e-06,4.834192968084845e-09,-5.283540666173633e-07,-4.579162816535613e-06,2.347221728418686e-07,0.027999731542923723
6.131540113022261e-06,4.736958670382272e-09,-5.177860937412138e-07,-4.775860781685881e-06,2.3089719565790814e-07,0.0284518734026227
6.1315400885743335e-06,4.641668639453848e-09,-5.074294796192068e-07,-4.97780334103323e-06,2.271707806720999e-07,0.028903494839772087
6.13154006460094e-06,4.548285327116763e-09,-4.972799970242748e-07,-5.185015024362303e-06,2.235409025871628e-07,0.029354498413778872
6.131540041135133e-06,4.456768846545483e-09,-4.873335041903113e-07,-5.397517070306761e-06,2.20005550841047e-07,0.0298047875755566
6.131540018121395e-06,4.367082692402141e-09,-4.775859401398406e-07,-5.615327393846864e-06,2.1656273261834134e-07,0.03025426666751375
6.131539995568087e-06,4.2791906682922756e-09,-4.680333272379899e-07,-5.838460548840378e-06,2.1321047545454363e-07,0.030702840923562822
6.131539973474028e-06,4.193056076549022e-09,-4.586717655977947e-07,-6.066927697158837e-06,2.0994682196117086e-07,0.031150416469100765
6.13153995180504e-06,4.108644180679863e-09,-4.4949743467912423e-07,-6.300736580011472e-06,2.067698323025675e-07,0.03159690032100543
6.131539930577338e-06,4.025921518688874e-09,-4.405065902504573e-07,-6.539891493309822e-06,2.0367758337935382e-07,0.03204220038762858
6.131539909769119e-06,3.9448524214325e-09,-4.316955625360696e-07,-6.784393265510667e-06,2.0066816658127676e-07,0.0324862254687843
6.131539889386263e-06,3.865405138280513e-09,-4.2306075462695003e-07,-7.034239237325912e-06,1.9773969146288647e-07,0.032928885255724676
6.131539869413931e-06,3.787546507887945e-09,-4.1459864232651867e-07,-7.289423246027465e-06,1.9489028155468697e-07,0.0333700903311379
6.131539849822623e-06,3.7112447870750692e-09,-4.0630577196856915e-07,-7.549935612754342e-06,1.9211807814881857e-07,0.03380975216911933
6.131539830642514e-06,3.636469763201568e-09,-3.9817875878724267e-07,-7.815763131851255e-06,1.8942123565086043e-07,0.034247783135162774
6.1315398118240065e-06,3.563189339429436e-09,-3.9021428517133796e-07,-8.086889064924984e-06,1.8679792753163076e-07,0.03468409648612113
6.131539793408116e-06,3.491375357334188e-09,-3.824091013704463e-07,-8.363293133426404e-06,1.8424634012987242e-07,0.03511860637020914
6.1315397753282325e-06,3.4209972113826608e-09,-3.7476002057873486e-07,-8.644951520971907e-06,1.8176467583214843e-07,0.03555122782695161
6.131539757641532e-06,3.3520269422183583e-09,-3.6726392076417137e-07,-8.93183687281696e-06,1.7935115524291156e-07,0.035981876787176396
6.131539740292515e-06,3.2844356950828676e-09,-3.599177423567736e-07,-9.223918300800923e-06,1.7700401082368035e-07,0.036410470072977874
6.131539723288386e-06,3.2181966679225026e-09,-3.527184874113919e-07,-9.521161390394622e-06,1.747214927601276e-07,0.036836925397687174
6.1315397066432854e-06,3.1532821985944638e-09,-3.456632171895378e-07,-9.823528210756075e-06,1.7250186796358864e-07,0.03726116136584326
6.1315396903055835e-06,3.0896661755717346e-09,-3.387490516380606e-07,-1.0130977327105814e-05,1.7034341840940452e-07,0.037683097473156985
6.1315396743008155e-06,3.027322033353214e-09,-3.319731695120017e-07,-1.044346381721265e-05,1.6824444287663293e-07,0.03810265410648271
6.131539658620498e-06,2.966225231720683e-09,-3.2533280459564804e-07,-1.0760939287760901e-05,1.6620325601654398e-07,0.03851975254377304
6.131539643251324e-06,2.9063503593655454e-09,-3.1882524649890126e-07,-1.1083351896398743e-05,1.6421819043487833e-07,0.03893431495405275
6.131539628188675e-06,2.847672745053914e-09,-3.1244783900715e-07,-1.1410646374130675e-05,1.6228759255383885e-07,0.03934626439737185
6.131539613442035e-06,2.790168881807158e-09,-3.0619797952833437e-07,-1.1742764051950098e-05,1.6040982991274466e-07,0.03975552482477602
6.131539598973153e-06,2.7338147042757515e-09,-3.0007311728297136e-07,-1.207964288663279e-05,1.5858328716435753e-07,0.04016202107824913
6.131539584785925e-06,2.6785881414475486e-09,-2.9407075224050745e-07,-1.242121749511178e-05,1.5680636321922168e-07,0.04056567889068968
6.131539570900539e-06,2.6244658067411816e-09,-2.8818843406735376e-07,-1.276741918405797e-05,1.5507747741455014e-07,0.04096642488585773
6.1315395572896386e-06,2.5714257443138806e-09,-2.824237618690729e-07,-1.3118175986252398e-05,1.5339506885473966e-07,0.0413641865783378
6.131539543947768e-06,2.5194468653932342e-09,-2.767743824496975e-07,-1.3473412699674446e-05,1.5175759418125582e-07,0.04175889237347836
6.1315395308674936e-06,2.4685071066971194e-09,-2.712379903008263e-07,-1.3833050924173647e-05,1.5016352729750232e-07,0.04215047156737323
6.131539518058874e-06,2.4185858340726484e-09,-2.658123259579966e-07,-1.4197009106498004e-05,1.486113628129302e-07,0.04253885434679073
6.1315395054977455e-06,2.3696642075876975e-09,-2.6049517456673445e-07,-1.4565202580695842e-05,1.4709961770192225e-07,0.04292397178913476
6.1315394931937635e-06,2.3217199049120575e-09,-2.552843657769662e-07,-1.4937543618857523e-05,1.4562682482358944e-07,0.04330575586240649
6.131539481130103e-06,2.2747351031206535e-09,-2.501777735127873e-07,-1.5313941474676963e-05,1.4419154096051424e-07,0.043684139425133696
6.13153946931014e-06,2.228689344926159e-09,-2.4517331224769145e-07,-1.5694302434248373e-05,1.4279234146748743e-07,0.044059056226350306
6.131539457733921e-06,2.1835651880651886e-09,-2.402689403466216e-07,-1.6078529870773676e-05,1.4142782309746454e-07,0.04443044090552314
6.131539446382729e-06,2.139343681903494e-09,-2.3546265512902288e-07,-1.6466524295288538e-05,1.4009660645783053e-07,0.04479822899250926
6.131539435250488e-06,2.096006299491014e-09,-2.3075249587341603e-07,-1.6858183412136983e-05,1.3879733042552574e-07,0.04516235690751579
6.131539424351956e-06,2.0535355649185197e-09,-2.261365394860791e-07,-1.7253402177577908e-05,1.3752866114239773e-07,0.04552276196103443
6.131539413665337e-06,2.011913574142285e-09,-2.216129024131142e-07,-1.765207285665271e-05,1.3628928183181965e-07,0.045879382353797765
6.1315394032011834e-06,1.971125085980106e-09,-2.1717973724784342e-07,-1.8054085085073048e-05,1.3507790398715738e-07,0.04623215717672662
6.131539392933855e-06,1.9311516713193085e-09,-2.1283523551606914e-07,-1.8459325929744108e-05,1.3389325974344665e-07,0.04658102641088681
6.131539382881915e-06,1.891978356433424e-09,-2.0857762303939025e-07,-1.886767995212467e-05,1.3273410423379725e-07,0.046925930927417266
6.131539373023425e-06,1.853588411188464e-09,-2.0440516277432109e-07,-1.9279029274061256e-05,1.3159921830642694e-07,0.04726681248750874
6.131539363360307e-06,1.8159660681237136e-09,-2.0031615199816506e-07,-1.9693253642129966e-05,1.3048740724557223e-07,0.04760361374232056
6.13153935389898e-06,1.779096335330295e-09,-1.9630892125530568e-07,-2.0110230496243507e-05,1.2939750037561657e-07,0.047936278232956174
6.131539344614303e-06,1.7429635024104087e-09,-1.923818342383949e-07,-2.052983503741139e-05,1.2832835456799642e-07,0.04826475039039719
6.131539335525681e-06,1.7075533821144537e-09,-1.8853328955885363e-07,-2.095194029608287e-05,1.2727884833193185e-07,0.04858897553545504
6.131539326621097e-06,1.6728518692889563e-09,-1.8476171476603218e-07,-2.1376417206109246e-05,1.2624788612728662e-07,0.048908899878723426
6.131539317888239e-06,1.6388439953370792e-09,-1.8106557178709731e-07,-2.180313467361055e-05,1.2523440126466926e-07,0.04922447052052949
6.13153930933415e-06,1.6055161595049985e-09,-1.7744335110139282e-07,-2.2231959651302774e-05,1.242373520502087e-07,0.049535635450878676
6.131539300950185e-06,1.5728551542790181e-09,-1.7389357480114316e-07,-2.2662757210910965e-05,1.2325572216400998e-07,0.04984234354940556
6.1315392927412405e-06,1.540847526751527e-09,-1.7041479384433162e-07,-2.3095390619560852e-05,1.2228852168047562e-07,0.050144544585337326
6.1315392846768414e-06,1.5094795894088104e-09,-1.670055883462101e-07,-2.3529721413277197e-05,1.2133478874415528e-07,0.05044218921742602
6.131539276786165e-06,1.4787397437592649e-09,-1.6366456722972944e-07,-2.3965609475544664e-05,1.203935889066901e-07,0.050735228993914985
6.131539269057778e-06,1.4486144902949147e-09,-1.6039036608857866e-07,-2.440291311065332e-05,1.1946401436524314e-07,0.05102361635248299
6.13153926147853e-06,1.4190916809878149e-09,-1.571816484410622e-07,-2.4841489125352862e-05,1.185451837405049e-07,0.0513073046202157
6.131539254041717e-06,1.3901587836094283e-09,-1.5403710566088047e-07,-2.5281192903717994e-05,1.1763624387422547e-07,0.051586248013530386
6.131539246765985e-06,1.3618049676763128e-09,-1.5095545313629183e-07,-2.5721878488140766e-05,1.1673636996376953e-07,0.051860401638159234
6.1315392396382345e-06,1.334017996814987e-09,-1.479354332679504e-07,-2.6163398656677612e-05,1.1584476444161077e-07,0.052129721489083465
6.131539232643632e-06,1.3067869215711495e-09,-1.4497581386525826e-07,-2.6605605004034057e-05,1.1496065570979652e-07,0.05239416445051371
6.131539225790174e-06,1.2801005947540449e-09,-1.4207538682431907e-07,-2.704834802197753e-05,1.1408330164668275e-07,0.05265368829581486
6.131539219073769e-06,1.2539477673239826e-09,-1.392329683804148e-07,-2.7491477177717046e-05,1.1321198898513013e-07,0.05290825168750922
6.131539212496459e-06,1.2283180412840731e-09,-1.364473980399506e-07,-2.793484099736942e-05,1.1234603082515204e-07,0.05315781417718371
6.1315392060513215e-06,1.2032009034680511e-09,-1.337175385759197e-07,-2.8378287143474124e-05,1.1148476603728016e-07,0.0534023362054995
6.131539199730841e-06,1.1785866065782075e-09,-1.310422762330744e-07,-2.8821662501126553e-05,1.1062756483779847e-07,0.0536417791021185
6.131539193534523e-06,1.1544647913439991e-09,-1.2842051886726815e-07,-2.9264813253067095e-05,1.097738240588867e-07,0.05387610508568223
6.131539187466087e-06,1.1308249734660436e-09,-1.2585119688066558e-07,-2.97075849667009e-05,1.0892296863641759e-07,0.05410527726377241
6.131539181517396e-06,1.107657447844119e-09,-1.2333326141424104e-07,-3.014982267268739e-05,1.0807444892308203e-07,0.05432925963288385
6.131539175687903e-06,1.0849530853909012e-09,-1.2086568402502856e-07,-3.05913709477631e-05,1.0722774614371403e-07,0.054548017078363785
6.131539169979337e-06,1.062704059408455e-09,-1.1844745855975282e-07,-3.1032073994213524e-05,1.06382364295733e-07,0.0547615153744218
6.131539164381208e-06,1.0408991411452228e-09,-1.1607759744098863e-07,-3.147177572371268e-05,1.0553783677343903e-07,0.054969721184048914
6.13153915889693e-06,1.0195304542857735e-09,-1.137551336538106e-07,-3.191031983707651e-05,1.0469372458075811e-07,0.055172602059028006
6.131539153510739e-06,9.985887110409958e-10,-1.1147911878814422e-07,-3.234754990698603e-05,1.0384961517011243e-07,0.05537012643989588
6.131539148242375e-06,9.780661058447326e-10,-1.0924862446701833e-07,-3.278330945763789e-05,1.0300512040301664e-07,0.055562263655885805
6.131539143085554e-06,9.579537644903435e-10,-1.0706273967660128e-07,-3.321744204473227e-05,1.0215988159867707e-07,0.05574898392494165
6.131539138022732e-06,9.382444161469593e-10,-1.0492057253789231e-07,-3.364979133911954e-05,1.0131356333474737e-07,0.05593025835367232
6.1315391330672545e-06,9.189284637229174e-10,-1.028212478882053e-07,-3.4080201203068555e-05,1.0046585446429745e-07,0.056106058937319674
6.131539128202252e-06,8.999995239271054e-10,-1.0076390972005615e-07,-3.450851577382695e-05,9.961647246246379e-08,0.05627635855976507
6.1315391234459936e-06,8.814484777552791e-10,-9.874771881585122e-08,-3.4934579541047206e-05,9.87651580714729e-08,0.056441130993465045
6.131539118775711e-06,8.632689856113675e-10,-9.677185120254096e-08,-3.5358237425472555e-05,9.791167669667269e-08,0.05660035089948299
6.131539114201146e-06,8.454525400218094e-10,-9.483550125648524e-08,-3.577933485833776e-05,9.705581886465538e-08,0.05675399382742176
6.131539109722221e-06,8.279925329014184e-10,-9.293787801828825e-08,-3.6197717860521385e-05,9.619739666870107e-08,0.05690203621543383
6.131539105331994e-06,8.108824105970393e-10,-9.10782074807921e-08,-3.6613233116770526e-05,9.533624798316347e-08,0.05704445539020865
6.131539101015588e-06,7.941138381045715e-10,-8.925573022173402e-08,-3.702572805856264e-05,9.447223164338152e-08,0.05718122956693799
6.131539096797665e-06,7.776808277514988e-10,-8.74697018604598e-08,-3.7435050934389644e-05,9.360522702604187e-08,0.05731233784931965
6.131539092664322e-06,7.615765530655184e-10,-8.571939384572706e-08,-3.784105088911246e-05,9.273513983727435e-08,0.05743776022954018
6.131539088609268e-06,7.457945033278811e-10,-8.40040923083314e-08,-3.824357803874743e-05,9.186189554637296e-08,0.05755747758826544
6.131539084637029e-06,7.303282560925295e-10,-8.232309660771561e-08,-3.86424835451002e-05,9.098544064609066e-08,0.057671471694627954
6.131539080757472e-06,7.151712718974983e-10,-8.067572110731595e-08,-3.903761968769616e-05,9.01057406519789e-08,0.057779725206230766
6.131539076934593e-06,7.003172555075264e-10,-7.906129294521889e-08,-3.942883994126924e-05,8.922278130140384e-08,0.05788222166912074
6.131539073207022e-06,6.857602069308504e-10,-7.747915338218018e-08,-3.9815999044157925e-05,8.833656854710806e-08,0.05797894551781128
6.131539069537906e-06,6.714939786259559e-10,-7.592865596251473e-08,-4.019895306957785e-05,8.744712770655694e-08,0.058069882075249886
6.1315390659454245e-06,6.575136951728424e-10,-7.440916889729746e-08,-4.0577559499539006e-05,8.655450174152077e-08,0.058155017552848305
6.131539062429148e-06,6.438127091823009e-10,-7.292007141389528e-08,-4.0951677293754435e-05,8.565875013052731e-08,0.05823433905044606
6.131539058985126e-06,6.303857494988438e-10,-7.146075601461515e-08,-4.132116695683806e-05,8.475994904201485e-08,0.05830783455635134
6.131539055608103e-06,6.172268476386394e-10,-7.003062634268168e-08,-4.1685890609408865e-05,8.385819264437154e-08,0.058375492947296465
6.131539052296676e-06,6.043321022340014e-10,-6.86290992746397e-08,-4.204571205219207e-05,8.295359129936748e-08,0.05843730398848822
6.1315390490497405e-06,5.916945550261585e-10,-6.725560242517736e-08,-4.240049683543827e-05,8.204627040612026e-08,0.05849325833358375
6.13153904587296e-06,5.793094351816565e-10,-6.590957606392863e-08,-4.275011232228018e-05,8.113636718984534e-08,0.05854334752470489
6.131539042753965e-06,5.671729263274829e-10,-6.459046977364795e-08,-4.309442775293437e-05,8.02240351663104e-08,0.05858756399244833
6.131539039704301e-06,5.552784199193596e-10,-6.329774530627829e-08,-4.343331431076684e-05,7.930944088232984e-08,0.05862590105588443
6.13153903671347e-06,5.43622225222977e-10,-6.203087550141373e-08,-4.376664518028826e-05,7.83927652477875e-08,0.05865835292258233
6.131539033774228e-06,5.321991251116913e-10,-6.078934301382813e-08,-4.409429561346565e-05,7.747419713759457e-08,0.05868491468861975
6.131539030903709e-06,5.210043298378025e-10,-5.9572641310528626e-08,-4.4416142984283935e-05,7.655393946182325e-08,0.058705582338569796
6.1315390280871455e-06,5.100337409256691e-10,-5.838027306576878e-08,-4.473206685423875e-05,7.563220460668279e-08,0.058720352745556384
6.131539025324685e-06,4.992824593467885e-10,-5.721175264755957e-08,-4.504194902433948e-05,7.470921678196332e-08,0.05872922367124134
6.131539022619654e-06,4.887462864181332e-10,-5.60666029855338e-08,-4.534567359657597e-05,7.378520717342942e-08,0.05873219376583982
6.131539019968224e-06,4.784203598893713e-10,-5.494435584132581e-08,-4.5643127026576625e-05,7.286041787603415e-08,0.05872926256815058
6.131539017369876e-06,4.683012226175512e-10,-5.384455344416413e-08,-4.593419817839668e-05,7.193509818608186e-08,0.058720430505578396
6.131539014823196e-06,4.5838486114711666e-10,-5.2766747063226265e-08,-4.6218778380309084e-05,7.100950401812481e-08,0.058705698894139464
6.131539012332392e-06,4.4866621066827646e-10,-5.171049696648728e-08,-4.6496761475665946e-05,7.008390001230867e-08,0.05868506993847051
6.13153900988602e-06,4.3914235374206223e-10,-5.0675371653393504e-08,-4.6768043870100766e-05,6.915855506928329e-08,0.058658546731903724
6.131539007487198e-06,4.298088078057426e-10,-4.966094889378994e-08,-4.703252458758836e-05,6.823374458599608e-08,0.058626133256435946
6.1315390051401115e-06,4.2066254812329765e-10,-4.866681453483456e-08,-4.729010531388709e-05,6.730974810443575e-08,0.05858783438275309
6.131539002840097e-06,4.1169868583400813e-10,-4.769256259595068e-08,-4.754069044658528e-05,6.638684943333523e-08,0.058543655870306424
6.131539000583795e-06,4.0291398039818795e-10,-4.673779548578854e-08,-4.778418713741493e-05,6.54653383846024e-08,0.058493604367283326
6.1315389983746595e-06,3.943048326745884e-10,-4.580212367153939e-08,-4.802050534005023e-05,6.454550471360014e-08,0.058437687410676585
6.13153899621102e-06,3.8586824256060174e-10,-4.488516553419283e-08,-4.824955785093055e-05,6.362764047856939e-08,0.05837591342626648
6.1315389940876496e-06,3.775999580219835e-10,-4.3986546141582434e-08,-4.847126035217528e-05,6.271204314517214e-08,0.05830829172870974
6.131538992004301e-06,3.694973928333647e-10,-4.310589986697207e-08,-4.868553145190819e-05,6.179900664898222e-08,0.05823483252149624
6.1315389899686766e-06,3.6155695229703134e-10,-4.2242866033754746e-08,-4.8892292720972006e-05,6.088882817952593e-08,0.05815554689705217
6.131538987969177e-06,3.5377486014698115e-10,-4.139709309121579e-08,-4.909146873576085e-05,5.998180736590556e-08,0.05807044683672338
6.131538986013169e-06,3.4614894541574743e-10,-4.05682354135064e-08,-4.928298710592005e-05,5.907823722325304e-08,0.05797954521080769
6.131538984097351e-06,3.386748375048019e-10,-3.9755954657131675e-08,-4.94667785170967e-05,5.817841498646047e-08,0.05788285577864428
6.131538982212998e-06,3.313505751195196e-10,-3.895991973002715e-08,-4.964277676010417e-05,5.728263580411302e-08,0.05778039318855605
6.1315389803727555e-06,3.241732203803331e-10,-3.8179805427414753e-08,-4.981091876212065e-05,5.6391190646095576e-08,0.05767217297797027
6.131538978566962e-06,3.1713877676556865e-10,-3.741529367223769e-08,-4.997114462042991e-05,5.550436865113911e-08,0.05755821157338822
6.1315389767963715e-06,3.10245779023424e-10,-3.666607131799169e-08,-5.012339762697229e-05,5.462245477775137e-08,0.05743852629047232
6.131538975062907e-06,3.034902252366256e-10,-3.593183386091466e-08,-5.026762429868489e-05,5.374573267745641e-08,0.05731313533404493
6.131538973359579e-06,2.968694505649824e-10,-3.5212280679096563e-08,-5.040377440115071e-05,5.287448156578754e-08,0.05718205779813312
6.131538971695895e-06,2.903813533147704e-10,-3.450711917306105e-08,-5.0531800973934044e-05,5.200897764596209e-08,0.057045313666024534
6.131538970065889e-06,2.8402285866321734e-10,-3.38160605857502e-08,-5.065166035393789e-05,5.114948696647684e-08,0.056902923810283605
6.131538968465498e-06,2.777922605521363e-10,-3.313882265753575e-08,-5.07633121948778e-05,5.029627625961243e-08,0.05675490999280799
6.1315389668984036e-06,2.716860783096947e-10,-3.2475130041427005e-08,-5.086671948780128e-05,4.9449603363992026e-08,0.056601294864823556
6.131538965360123e-06,2.657017823245116e-10,-3.182471130297926e-08,-5.096184857943518e-05,4.8609722273742156e-08,0.05644210196700774
6.1315389638551506e-06,2.598369098567632e-10,-3.118730078649455e-08,-5.1048669187094196e-05,4.777687807658107e-08,0.0562773557294158
6.13153896237978e-06,2.5408939427988943e-10,-3.056263846628017e-08,-5.1127154414652926e-05,4.695130901216214e-08,0.056107081471634256
6.1315389609361005e-06,2.484570672776367e-10,-2.995046916287632e-08,-5.11972807667749e-05,4.6133248386573323e-08,0.05593130540273259
6.131538959517938e-06,2.429373080301163e-10,-2.9350543676665762e-08,-5.125902815802446e-05,4.532292306193807e-08,0.05575005462134231
6.131538958129446e-06,2.3752791502077136e-10,-2.8762616522479106e-08,-5.1312379924832526e-05,4.452054903656605e-08,0.05556335711571988
6.13153895676939e-06,2.322270074248009e-10,-2.8186447856327935e-08,-5.135732283416094e-05,4.372633609238327e-08,0.05537124176371066
6.131538955434448e-06,2.2703151563715574e-10,-2.7621802827333135e-08,-5.1393847087316416e-05,4.294048603861385e-08,0.05517373833287126
6.131538954128165e-06,2.2194083690749654e-10,-2.7068450232672995e-08,-5.142194633006611e-05,4.216319224697669e-08,0.054970877480457134
6.131538952847881e-06,2.1695128599367552e-10,-2.6526164965897208e-08,-5.1441617651012886e-05,4.139463872313613e-08,0.05476269075349335
6.131538951592892e-06,2.1206147544047848e-10,-2.599472502037503e-08,-5.145286158766542e-05,4.063500148727889e-08,0.054549210588801744
6.131538950361891e-06,2.0726981135043318e-10,-2.5473914331997144e-08,-5.145568212339641e-05,3.988444733682757e-08,0.05433047031301239
6.131538949158058e-06,2.0257336654538644e-10,-2.4963519713740547e-08,-5.145008668814328e-05,3.914313353472581e-08,0.05410650414268501
6.131538947976223e-06,1.9797147921477964e-10,-2.4463332427996337e-08,-5.1436086154753335e-05,3.8411208233867834e-08,0.053877347184231816
6.131538946819427e-06,1.9346099622256246e-10,-2.397314902130289e-08,-5.141369483489655e-05,3.768881110435514e-08,0.053643035434089686
6.131538945684367e-06,1.8904123389625591e-10,-2.349276943978903e-08,-5.1382930469383166e-05,3.6976072711668026e-08,0.05340360577861428
6.13153894457259e-06,1.8470964454540785e-10,-2.30219971552515e-08,-5.134381422694789e-05,3.6273111161391066e-08,0.053159095994280654
6.131538943484849e-06,1.8046487914977107e-10,-2.2560640380648087e-08,-5.129637068684836e-05,3.558003843812518e-08,0.05290954474755899
6.131538942416664e-06,1.7630478846827403e-10,-2.2108510634961228e-08,-5.124062783381144e-05,3.489695423240852e-08,0.05265499159508488
6.131538941370038e-06,1.7222794235524197e-10,-2.1665423294426722e-08,-5.1176617040229166e-05,3.4223950314967805e-08,0.05239547698361543
6.13153894034529e-06,1.6823205924950443e-10,-2.1231197798049336e-08,-5.110437305443313e-05,3.3561108881293246e-08,0.052131042250105855
6.13153893933956e-06,1.6431711860712432e-10,-2.0805657015853447e-08,-5.102393398417981e-05,3.2908500574013535e-08,0.05186172962175366
6.131538938355697e-06,1.6048001556615303e-10,-2.038862718914604e-08,-5.093534127725172e-05,3.226618864256454e-08,0.051587582215977305
6.131538937390599e-06,1.5671987348137148e-10,-1.9979937989078024e-08,-5.08386397028883e-05,3.163422518705939e-08,0.051308644040540856
6.131538936445541e-06,1.5303453360630435e-10,-1.9579422334784573e-08,-5.073387733122794e-05,3.101265142039351e-08,0.05102495999350306
6.13154353511025e-06,1.494236134395074e-10,-1.9839393270756754e-06,-5.0582029965296335e-05,8.594721031045621e-07,0.05073657586340395
6.1315493140080456e-06,1.4587392370559804e-10,-1.944260288493629e-06,-5.046208504965239e-05,8.422979563566218e-07,0.05044353832892641
6.131552847878004e-06,1.4248303377401668e-10,-3.4537814493667418e-06,-5.0303431894674656e-05,1.4788652620867789e-06,0.05014589495952602
6.13155583952994e-06,1.3915944376444536e-10,-4.731689338512209e-06,-5.0141549199038426e-05,2.017710114490387e-06,0.049843694214868055
6.131558306051397e-06,1.359025710706823e-10,-5.785283122898914e-06,-4.99763560463216e-05,2.4619091143547466e-06,0.04953698544522874
6.131560264357993e-06,1.327104240912637e-10,-6.621788554734831e-06,-4.980777610115686e-05,2.8145085262027023e-06,0.0492258188914262
6.131561731191399e-06,1.295826905488588e-10,-7.248357226344615e-06,-4.963573759904905e-05,3.0785239268204908e-06,0.0489102456848246
6.131562723118522e-06,1.2651783468972503e-10,-7.672065822469014e-06,-4.946017332428548e-05,3.2569398533887358e-06,0.048590317847412495
6.131563256528155e-06,1.2351397627520825e-10,-7.899915373878682e-06,-4.928102058835314e-05,3.3527094514518482e-06,0.048266088291769614
6.131563487651839e-06,1.205593058398207e-10,-7.945173996780125e-06,-4.909809501075791e-05,3.3714287621135816e-06,0.04793761082121547
6.131562595042616e-06,1.176656543501345e-10,-7.776664895707727e-06,-4.891209919568299e-05,3.2999427317328216e-06,0.047604940129627196
6.13156062373995e-06,1.1482329734106064e-10,-7.402955596362712e-06,-4.872294815408873e-05,3.1418672898552735e-06,0.04726813180174602
6.131557618109708e-06,1.12023798994637e-10,-6.8324863145135945e-06,-4.85305623041728e-05,2.900765070157735e-06,0.04692724231290667
6.1315536218439016e-06,1.0925808693917124e-10,-6.073570005092534e-06,-4.833486742480992e-05,2.5801453911226547e-06,0.04658232902935965
6.131548677961615e-06,1.0651841006933667e-10,-5.134392397414015e-06,-4.813579461045681e-05,2.1834642315854733e-06,0.04623345020800847
6.13154282881067e-06,1.0379759414820718e-10,-4.023012026113827e-06,-4.793328022323446e-05,1.7141242047274026e-06,0.04588066499665261
6.131536116066475e-06,1.0108903263389044e-10,-2.747360247816325e-06,-4.7727265844980326e-05,1.1754745282443952e-06,0.045524033433911155
6.131528580735609e-06,9.838593469214767e-11,-1.3152412529348388e-06,-4.7517698227302696e-05,5.708109936091688e-07,0.04516361644925502
6.131520263153553e-06,9.568181177277608e-11,2.65667923916297e-07,-4.730452923647281e-05,-9.662406613084277e-08,0.04479947586304712
6.131511202987006e-06,9.297142106201063e-11,1.9878174072689397e-06,-4.708771580649141e-05,-8.236418096634887e-07,0.044431674386531075
6.131501439233145e-06,9.024934550463275e-11,3.843784482808656e-06,-4.686721987773527e-05,-1.6071069209453762e-06,0.04406027562185559
6.1314958313314096e-06,8.751095281128512e-11,3.7669093308278502e-06,-4.660205001329486e-05,-1.5749472295787893e-06,0.04368534406228623
6.1314897531970005e-06,8.475115019637236e-11,3.691571678117417e-06,-4.633079319846305e-05,-1.543427582926994e-06,0.04330694509174543
6.131483218621778e-06,8.196439053090841e-11,3.6177407751652632e-06,-4.605356549996149e-05,-1.5125350389735953e-06,0.04292514498523841
6.131476241430392e-06,7.914614082151427e-11,3.5453864865734407e-06,-4.577048524507861e-05,-1.482256934138193e-06,0.04254001090881691
6.1314688354660115e-06,7.629084655985283e-11,3.4744792796801067e-06,-4.548167295998329e-05,-1.4525808791488182e-06,0.042151610919468306
6.131461014592312e-06,7.339323802361638e-11,3.404990213542369e-06,-4.5187251307081196e-05,-1.4234947552387097e-06,0.041760013965164565
6.131452792679221e-06,7.044855617513142e-11,3.33689092548791e-06,-4.4887345017507855e-05,-1.394986701027517e-06,0.041365289884967356
6.1314441835983315e-06,6.74532649432225e-11,3.270153619635445e-06,-4.4582080828942444e-05,-1.3670451156391828e-06,0.040967509408903924
6.131435201219937e-06,6.440360643064375e-11,3.204751056561348e-06,-4.427158741591626e-05,-1.3396586444057512e-06,0.040566744158067845
6.131425859399479e-06,6.129498470269193e-11,3.1406565420680942e-06,-4.3955995322100945e-05,-1.3128161787878897e-06,0.040163066644577694
6.131416171974816e-06,5.812403843955894e-11,3.077843913794477e-06,-4.363543689165409e-05,-1.2865068493094161e-06,0.03975655027159674
6.131406152756516e-06,5.488881786796195e-11,3.016287535527049e-06,-4.3310046194832766e-05,-1.260720018717344e-06,0.0393472693333657
6.131395815525953e-06,5.158411313218789e-11,2.9559622818328503e-06,-4.2979958959918584e-05,-1.2354452762442057e-06,0.038935299015181286
6.131385174021198e-06,4.820901047511612e-11,2.8968435301525567e-06,-4.264531249912605e-05,-1.2106724369163087e-06,0.038520715393357864
6.131374241939722e-06,4.475993690848722e-11,2.8389071508871822e-06,-4.230624562947212e-05,-1.1863915290919489e-06,0.03810359543532479
6.131363032916939e-06,4.123489261631183e-11,2.782129496083156e-06,-4.196289860452313e-05,-1.1625927969177511e-06,0.03768401699953803
6.131351560544306e-06,3.763198037692525e-11,2.7264873922427377e-06,-4.161541303004996e-05,-1.1392666885522446e-06,0.037262058835542164
6.1313398383286614e-06,3.3949102511539537e-11,2.6719581272924375e-06,-4.1263931793864494e-05,-1.1164038566095065e-06,0.03683780058393271
6.13132787971505e-06,3.018449546367719e-11,2.6185194457356097e-06,-4.090859897988065e-05,-1.093995148922721e-06,0.03641132277631039
6.131315698066307e-06,2.633683954753605e-11,2.56614953447813e-06,-4.0549559793505144e-05,-1.072031606949961e-06,0.03598270683542344
6.131303306658378e-06,2.2405453191278856e-11,2.514827018906877e-06,-4.018696047747923e-05,-1.0505044601609289e-06,0.03555203507500206
6.131290718675644e-06,1.8388610836326115e-11,2.4645309513404107e-06,-3.982094823286117e-05,-1.0294051198681038e-06,0.035119390699800114
6.13127794720276e-06,1.428574622760006e-11,2.4152408030647244e-06,-3.9451671133278264e-05,-1.0087251791587417e-06,0.03468485780569777
6.1312650052151236e-06,1.0096808775210886e-11,2.3669364552060627e-06,-3.9079278045668564e-05,-9.884564027434755e-07,0.034248521379481915
6.1312519055832275e-06,5.820777735000447e-12,2.3195981909658354e-06,-3.8703918542377154e-05,-9.685907268956223e-07,0.033810467299028014
6.131238661053921e-06,1.4569653585672212e-12,2.2732066899305924e-06,-3.832574281720074e-05,-9.491202541793647e-07,0.033370782333217774
6.131225284252949e-06,-2.9947540944357453e-12,2.2277430165073525e-06,-3.7944901600785e-05,-9.300372493761638e-07,0.03292955414186543
6.131211787676428e-06,-7.533586879597976e-12,2.183188614723723e-06,-3.7561546072246003e-05,-9.113341358024834e-07,0.03248687127584083
6.131198183676229e-06,-1.2159825367281875e-11,2.1395252983727077e-06,-3.7175827773937214e-05,-8.930034916112258e-07,0.032042823176914155
6.131184484469691e-06,-1.6873286578042044e-11,2.096735246583577e-06,-3.6787898521496964e-05,-8.750380434374149e-07,0.03159750017785087
6.131170702125322e-06,-2.1672635269469223e-11,2.05480099323964e-06,-3.6397910318351506e-05,-8.574306672252631e-07,0.03115099350230701
6.131156848553733e-06,-2.6558096279682996e-11,2.0137054235064043e-06,-3.6006015265827665e-05,-8.401743807481991e-07,0.030703395264931575
6.131142935506855e-06,-3.1528250886094953e-11,1.9734317632350717e-06,-3.5612365472066636e-05,-8.232623413218758e-07,0.03025479847117906
6.131128974579592e-06,-3.658276436161313e-11,1.9339635741286396e-06,-3.5217112965691155e-05,-8.066878448306121e-07,0.02980529701743396
6.131114977178374e-06,-4.1719684678153e-11,1.8952847463498083e-06,-3.4820409603613765e-05,-7.904443170541451e-07,0.029354985690961382
6.1311009545524225e-06,-4.693811909178727e-11,1.8573794941264956e-06,-3.442240698292868e-05,-7.745253180970633e-07,0.02890396016985304
6.131086917756163e-06,-5.223695029490775e-11,1.820232344315753e-06,-3.402325634541146e-05,-7.589245302584144e-07,0.028452317023009596
6.131072877668788e-06,-5.761526751364384e-11,1.7838281359267894e-06,-3.3623108494258716e-05,-7.436357627509848e-07,0.028000153710090476
6.1310588449733965e-06,-6.30710233067317e-11,1.7481520104764838e-06,-3.322211369770306e-05,-7.286529432065862e-07,0.02754756858166378
6.1310448301460315e-06,-6.860198978270247e-11,1.713189404891166e-06,-3.2820421597321264e-05,-7.139701203117084e-07,0.02709466087892156
6.131030843482936e-06,-7.420697291139766e-11,1.6789260504238176e-06,-3.2418181125451463e-05,-6.995814544536377e-07,0.026641530733795413
6.131016895055605e-06,-7.988395907696714e-11,1.6453479610585977e-06,-3.201554040280489e-05,-6.854812220799729e-07,0.026188279169028297
6.131002994741759e-06,-8.563077915169982e-11,1.612441432196114e-06,-3.161264665676297e-05,-6.716638057192429e-07,0.025735008097888503
6.130989152184073e-06,-9.144650303920948e-11,1.580193032080097e-06,-3.120964612680298e-05,-6.581236978357543e-07,0.025281820324446837
6.1309753768293595e-06,-9.732726562820793e-11,1.5485895986511638e-06,-3.080668397318784e-05,-6.448554939264361e-07,0.024828819543327864
6.130961677888031e-06,-1.032720832949089e-10,1.517618231872335e-06,-3.0403904191548437e-05,-6.318538928404526e-07,0.02437611033970198
6.130948064346603e-06,-1.0927878318635039e-10,1.4872662916090115e-06,-3.0001449518022506e-05,-6.191136940370374e-07,0.023923798189459302
6.130934544965644e-06,-1.1534418505295741e-10,1.4575213879733982e-06,-2.959946134288091e-05,-6.066297936835973e-07,0.023471989458875707
6.130921128263582e-06,-1.214655906221486e-10,1.4283713813604235e-06,-2.9198079620840425e-05,-5.943971832373228e-07,0.023020791404828628
6.130907822521513e-06,-1.2764167249673382e-10,1.3998043726907417e-06,-2.8797442785142304e-05,-5.824109499306842e-07,0.022570312174716823
6.130894635799263e-06,-1.3386891639461317e-10,1.3718087033286607e-06,-2.8397687656250335e-05,-5.706662705073576e-07,0.02212066080631949
6.130881575877038e-06,-1.401453917227179e-10,1.34437294648215e-06,-2.7998949357739007e-05,-5.59158411904486e-07,0.021671947227909837
6.130868650323359e-06,-1.4646861481442818e-10,1.3174859029409947e-06,-2.7601361230117066e-05,-5.478827282417783e-07,0.02122428225810323
6.13085586643696e-06,-1.5283450846987614e-10,1.291136598871205e-06,-2.720505474488573e-05,-5.368346590910638e-07,0.020777777605922185
6.130843231265081e-06,-1.5924183376276897e-10,1.2653142792345885e-06,-2.6810159422648825e-05,-5.260097307453179e-07,0.020332545870761356
6.130830751612427e-06,-1.656866850868673e-10,1.2400084051440505e-06,-2.641680274557269e-05,-5.15403549636025e-07,0.019888700542246576
6.130818434008309e-06,-1.7216734894872894e-10,1.2152086476594926e-06,-2.6025110080384928e-05,-5.050118022636412e-07,0.01944635600041084
6.13080628473763e-06,-1.786796546343546e-10,1.1909048836937402e-06,-2.5635204594394372e-05,-4.948302537262311e-07,0.019005627515409882
6.1307943098194445e-06,-1.8522199486823365e-10,1.1670871942309208e-06,-2.524720717760459e-05,-4.848547495334278e-07,0.01856663124766868
6.130782514999551e-06,-1.917913248362772e-10,1.143745857444945e-06,-2.4861236363402674e-05,-4.7508121043589346e-07,0.018129484247891528
6.130770905772527e-06,-1.9838379220723016e-10,1.1208713454303769e-06,-2.4477408253516767e-05,-4.6550562960754795e-07,0.017694304456811395
6.130759487361735e-06,-2.049970689296717e-10,1.0984543233231771e-06,-2.4095836440099162e-05,-4.5612407645661455e-07,0.017261210705353455
6.130748264717606e-06,-2.1162880573231165e-10,1.0764856400360779e-06,-2.3716631936211074e-05,-4.469326892066424e-07,0.01683032271462906
6.130737242528277e-06,-2.1827516796994284e-10,1.0549563293638815e-06,-2.333990309853919e-05,-4.379276781574252e-07,0.016401761095707096
6.130726425208896e-06,-2.2493366919598332e-10,1.033857603627382e-06,-2.2965755563471016e-05,-4.2910532349797383e-07,0.015975647349718316
6.130715816905874e-06,-2.3160117626436032e-10,1.0131808521504393e-06,-2.2594292173581675e-05,-4.204619729628708e-07,0.01555210386794456
6.130705421489575e-06,-2.3827499063991224e-10,9.929176339613224e-07,-2.2225612915690655e-05,-4.119940414375653e-07,0.015131253931461516
6.130695242559758e-06,-2.4495180981402257e-10,9.730596793678054e-07,-2.1859814852021845e-05,-4.0369800890055317e-07,0.014713221711530297
6.13068528345114e-06,-2.5162917262912504e-10,9.535988831591727e-07,-2.1496992063591018e-05,-3.9557042036171094e-07,0.014298132269157746
6.130675547209246e-06,-2.583044002079987e-10,9.345273015164935e-07,-2.1137235585805903e-05,-3.8760788506210066e-07,0.013886111555331128
6.130666036623775e-06,-2.6497384609074624e-10,9.158371504474706e-07,-2.0780633354059985e-05,-3.798070735463806e-07,0.013477286411027701
6.130656754212072e-06,-2.7163532849159623e-10,8.975208016801571e-07,-2.0427270146017382e-05,-3.7216471831880936e-07,0.013071784566913153
6.130647702206998e-06,-2.7828552788334616e-10,8.795707794031445e-07,-2.007722753185648e-05,-3.6467761428763035e-07,0.012669734643582883
6.130638882583379e-06,-2.849217226712095e-10,8.619797562412217e-07,-1.97305838236565e-05,-3.573426141810594e-07,0.01227126615149426
6.130630297037498e-06,-2.915407512742174e-10,8.44740553141295e-07,-1.9387414024762847e-05,-3.501566299576374e-07,0.011876509490769929
6.130621946997217e-06,-2.981404361468453e-10,8.278461332313284e-07,-1.904778979404765e-05,-3.4311663261197445e-07,0.011485595951348865
6.130613833627568e-06,-3.0471808813397456e-10,8.11289601195552e-07,-1.8711779392832104e-05,-3.362196483080879e-07,0.011098657713061661
6.130605957824236e-06,-3.112710164965347e-10,7.950641985665348e-07,-1.8379447655798662e-05,-3.2946276059024686e-07,0.010715827845119801
6.130598320206576e-06,-3.177966690480228e-10,7.791633029710023e-07,-1.805085595169399e-05,-3.2284310798887104e-07,0.010337240306849826
6.1305909211471955e-06,-3.2429169237653023e-10,7.635804241545199e-07,-1.7726062152900213e-05,-3.1635788273350126e-07,0.00996302994696484
6.130583760748011e-06,-3.3075433044045587e-10,7.483092025702203e-07,-1.7405120605472837e-05,-3.1000433379221884e-07,0.009593332503899514
6.13057683884008e-06,-3.3718181930522423e-10,7.333434049815652e-07,-1.708808210203751e-05,-3.03779760213209e-07,0.009228284605859609
6.130570155013844e-06,-3.4357163944592273e-10,7.186769223597115e-07,-1.6774993866252632e-05,-2.9768151225705627e-07,0.008868023770599757
6.130563708597273e-06,-3.4992175283351764e-10,7.043037681857462e-07,-1.6465899526830276e-05,-2.9170699589706185e-07,0.008512688405396707
6.130557498652153e-06,-3.562301373106786e-10,6.902180766283474e-07,-1.6160839108209143e-05,-2.858536647989894e-07,0.008162417807278425
6.130551524005104e-06,-3.62494694360055e-10,6.764140984852068e-07,-1.5859849018784925e-05,-2.801190229953944e-07,0.007817352162843585
6.130541141279632e-06,-3.6871139446634585e-10,2.6456332728321304e-06,-1.560239481183139e-05,-1.1087029226090085e-06,0.007477632548040037
6.1305313835688386e-06,-3.7487942231121145e-10,4.496264544208735e-06,-1.534670895183641e-05,-1.8873798928088873e-06,0.007143400928683258
6.130522235042851e-06,-3.809949683809122e-10,6.231318276766596e-06,-1.5092876959756455e-05,-2.6174183054899166e-06,0.006814800160032438
6.130513679738646e-06,-3.8705510726928783e-10,7.853827134764986e-06,-1.484098117807665e-05,-3.3000957924853727e-06,0.006491973986844968
6.130505701587907e-06,-3.930560407654064e-10,9.366844633899844e-06,-1.4591100755903285e-05,-3.93669863807766e-06,0.00617506704344592
6.130498284412163e-06,-3.9899526084367454e-10,1.0773443689341954e-05,-1.4343311630525243e-05,-4.528521171056838e-06,0.005864224853600227
6.130491411933741e-06,-4.048693881204596e-10,1.2076715160414698e-05,-1.409768652007473e-05,-5.07686515484855e-06,0.005559593830776669
6.130485067794394e-06,-4.106763039291912e-10,1.3279766400894824e-05,-1.3854294918208974e-05,-5.583039179549852e-06,0.0052613212777624565
6.130479235548697e-06,-4.164131206091913e-10,1.4385719802482215e-05,-1.361320309456751e-05,-6.048358053685886e-06,0.004969555386948177
6.130473898675401e-06,-4.220779538374129e-10,1.5397711351558572e-05,-1.3374474099915476e-05,-6.474142199157493e-06,0.004684445240130525
6.130469040597328e-06,-4.276684285283897e-10,1.6318889187478173e-05,-1.3138167774180162e-05,-6.861717049115126e-06,0.004406140808874852
6.1304646446647795e-06,-4.331823359488441e-10,1.7152412172840235e-05,-1.2904340763831136e-05,-7.212412449723505e-06,0.004134792953878482
6.130460694191665e-06,-4.3861762444775845e-10,1.7901448475859135e-05,-1.2673046545719289e-05,-7.527562067756986e-06,0.0038705534255789984
6.130457172433532e-06,-4.43973403093856e-10,1.8569174164203592e-05,-1.2444335448931953e-05,-7.808502803701327e-06,0.0036135748638388876
6.130454062624682e-06,-4.492479534927619e-10,1.915877182337733e-05,-1.2218254688208686e-05,-8.056574213225888e-06,0.003364010798093338
6.130451347966097e-06,-4.544397352845684e-10,1.9673429185020317e-05,-1.1994848406484186e-05,-8.273117935825894e-06,0.0031220156472202606
6.130449011627708e-06,-4.595474882401041e-10,2.0116337787675725e-05,-1.1774157714784318e-05,-8.459477134648016e-06,0.0028877447195881346
6.1304470367852755e-06,-4.6456948670422766e-10,2.0490691654246485e-05,-1.1556220746796021e-05,-8.616995945628026e-06,0.002661354213105893
6.130445406584346e-06,-4.695060676249515e-10,2.079968600336173e-05,-1.134107271523781e-05,-8.747018938999784e-06,0.002443001215284917
6.130444104186216e-06,-4.74355846826773e-10,2.104651598981127e-05,-1.1128745976013197e-05,-8.850890594077159e-06,0.0022328437030036535
6.130443112753605e-06,-4.791175915870685e-10,2.123437548168022e-05,-1.0919270100611151e-05,-8.92995478883515e-06,0.002031040542870314
6.130442415460059e-06,-4.837916470158601e-10,2.1366455868185904e-05,-1.0712671952964394e-05,-8.9855543039432e-06,0.001837751490898945
6.1304419954982466e-06,-4.883774199613856e-10,2.1445944914031608e-05,-1.0508975777208075e-05,-9.01903034419397e-06,0.0016531371926987743
6.1304418360859945e-06,-4.928746992092034e-10,2.1476025656317883e-05,-1.0308203288794446e-05,-9.031722078629117e-06,0.001477359183507684
6.130441920471803e-06,-4.972829712862468e-10,2.1459875343339858e-05,-1.0110373775397336e-05,-9.024966199082595e-06,0.0013105798880941792
6.1304422319364044e-06,-5.016026686146939e-10,2.1400664429575847e-05,-9.915504206944563e-06,-9.000096500706848e-06,0.0011529626208041535
6.13044275380161e-06,-5.058335187785843e-10,2.130155561883173e-05,-9.723609351000376e-06,-8.958443483553276e-06,0.001004671585662781
6.1304434694378904e-06,-5.099763040535026e-10,2.1165702963957624e-05,-9.534701897719182e-06,-8.901333978701924e-06,0.0008658718762375972
6.130444362267273e-06,-5.140308952042438e-10,2.099625103143693e-05,-9.348792592592916e-06,-8.830090798840484e-06,0.0007367294758642623
6.130445415761465e-06,-5.17997755659474e-10,2.0796334122406435e-05,-9.165890378324216e-06,-8.74603241522554e-06,0.000617411257396761
6.130446613442603e-06,-5.218778927243266e-10,2.0569075566302868e-05,-8.986002546271374e-06,-8.650472663594449e-06,0.0005080849835042765
6.130447938908071e-06,-5.256717300304716e-10,2.031758708280295e-05,-8.809134895240353e-06,-8.544720478348333e-06,0.0004089193064577755
6.130449375812874e-06,-5.293799072029809e-10,2.004496821522298e-05,-8.635291900514984e-06,-8.43007965800798e-06,0.00032008376826035
6.130450907877377e-06,-5.330037145728826e-10,1.9754305847333117e-05,-8.464476891346009e-06,-8.307848663831115e-06,0.00024174880070095093
6.130452518892645e-06,-5.365436321605243e-10,1.9448673799504894e-05,-8.296692238674785e-06,-8.179320452342829e-06,0.00017408572528868971
6.130454192720882e-06,-5.400016098543853e-10,1.913113250939143e-05,-8.131939554203887e-06,-8.045782343289356e-06,0.00011726675337368623
6.1304559132954845e-06,-5.433775695715804e-10,1.8804728803209732e-05,-7.970219895482037e-06,-7.908515925054992e-06,7.146498601736648e-05
6.130457664624134e-06,-5.46673924939269e-10,1.8472495758463336e-05,-7.811533986333179e-06,-7.768796999368623e-06,3.6854414259137224e-05
6.130459430778846e-06,-5.498918642006805e-10,1.8137452669237688e-05,-7.655882443964145e-06,-7.627895566889034e-06,1.3609918853623857e-05
6.130461195920126e-06,-5.530317633842334e-10,1.7802605110830363e-05,-7.50326601786296e-06,-7.487075855224106e-06,1.9072704413941168e-06
6.1304629442631395e-06,-5.560967605284628e-10,1.747094510515946e-05,-7.353676591288763e-06,-7.3475963916558465e-06,-5.2122598838553427e-08
6.1304646628028135e-06,-5.590866770551064e-10,1.7144940010370125e-05,-7.207068494093464e-06,-7.2104950187695355e-06,-5.108042528213382e-08
6.130466349406178e-06,-5.620052478085615e-10,1.6824993427546558e-05,-7.063383381008175e-06,-7.075941511859762e-06,-5.0059088798855394e-08
6.130468004663971e-06,-5.648527125245631e-10,1.6510993285619644e-05,-6.922562972509594e-06,-6.943888740955931e-06,-4.9058171920499794e-08
6.130469629160834e-06,-5.67631379071431e-10,1.6202829575218705e-05,-6.784550153088702e-06,-6.814290443570011e-06,-4.8077266673942744e-08
6.13047122346369e-06,-5.703425434299032e-10,1.5900394312665334e-05,-6.649288943937165e-06,-6.687101208343859e-06,-4.7115973193342647e-08
6.130472788127217e-06,-5.729880276322238e-10,1.56035815013759e-05,-6.516724484071495e-06,-6.5622764599008035e-06,-4.6173899248231215e-08
6.130474323701772e-06,-5.755691107811524e-10,1.531228709320732e-05,-6.386803005240052e-06,-6.4397724427206145e-06,-4.525066032672853e-08
6.130475830730598e-06,-5.780871160590432e-10,1.502640895954347e-05,-6.259471811271013e-06,-6.3195462074176e-06,-4.434588027387363e-08
6.130477309735475e-06,-5.805438267853462e-10,1.4745846848294551e-05,-6.134679257198357e-06,-6.201555594773639e-06,-4.345918937643898e-08
6.1304787612326346e-06,-5.829414947598825e-10,1.4470502354939638e-05,-6.012374728387914e-06,-6.0857592220299264e-06,-4.2590226971912006e-08
6.130480185743253e-06,-5.852797693347287e-10,1.4200278887675214e-05,-5.892508617665092e-06,-5.9721164685623824e-06,-4.173863747938765e-08
6.1304815837587965e-06,-5.87560662301226e-10,1.3935081631889378e-05,-5.775032307771735e-06,-5.860587461689359e-06,-4.090407431306725e-08
6.130482955770393e-06,-5.897858682775344e-10,1.3674817521101716e-05,-5.659898151602568e-06,-5.75113306312479e-06,-4.008619674583385e-08
6.130484302257024e-06,-5.919573207620457e-10,1.3419395201700065e-05,-5.547059451775606e-06,-5.643714855380744e-06,-3.928467157453077e-08
6.130485623697548e-06,-5.94074928852878e-10,1.3168725003633246e-05,-5.436470441090775e-06,-5.538295128902299e-06,-3.849917153786528e-08
6.1304869205556655e-06,-5.961404922883682e-10,1.2922718908580912e-05,-5.32808626520903e-06,-5.434836868718367e-06,-3.772937592697297e-08
6.1304881932768585e-06,-5.981559045767885e-10,1.2681290521003951e-05,-5.221862964887451e-06,-5.333303742188893e-06,-3.697497119601377e-08
6.1304894423168806e-06,-6.001214912820286e-10,1.2444355036870791e-05,-5.117757456882105e-06,-5.233660086056297e-06,-3.6235649602090294e-08
6.130490668117411e-06,-6.020385120386428e-10,1.2211829215629728e-05,-5.015727516183239e-06,-5.135870894386037e-06,-3.551110970481662e-08
6.1304918710978e-06,-6.039083587047224e-10,1.198363135015062e-05,-4.9157317611370784e-06,-5.039901806299631e-06,-3.480105583893212e-08
6.130493051689961e-06,-6.057316006439562e-10,1.1759681241042519e-05,-4.8177296339047615e-06,-4.945719094997623e-06,-3.410519769790785e-08
6.1304942103050004e-06,-6.07510918735951e-10,1.153990016648902e-05,-4.721681386916496e-06,-4.853289654575064e-06,-3.342325260988705e-08
6.130495347354381e-06,-6.092454591460851e-10,1.1324210856112568e-05,-4.6275480626644315e-06,-4.76258099030105e-06,-3.275494179061828e-08
6.130496463233822e-06,-6.109369506601334e-10,1.1112537464889615e-05,-4.535291483265532e-06,-4.673561206128224e-06,-3.209999250839029e-08
6.130497558331688e-06,-6.125867431182709e-10,1.0904805547743964e-05,-4.444874229366348e-06,-4.586198994896945e-06,-3.145813841702758e-08
6.1304986330405225e-06,-6.14195310028856e-10,1.0700942031867859e-05,-4.356259629039822e-06,-4.500463626418097e-06,-3.082911661378182e-08
6.130499687735894e-06,-6.15764262958468e-10,1.0500875190641463e-05,-4.2694117424633e-06,-4.416324937191786e-06,-3.021267113650492e-08
6.130500722789093e-06,-6.172938262776644e-10,1.0304534622943573e-05,-4.184295344598161e-06,-4.333753320885649e-06,-2.9608550548862096e-08
6.130501738564737e-06,-6.187851998221676e-10,1.0111851226798184e-05,-4.100875913198557e-06,-4.252719716831438e-06,-2.9016508245629195e-08
6.130502735421029e-06,-6.202390814285413e-10,9.922757173093693e-06,-4.019119615043825e-06,-4.173195600764254e-06,-2.8436302619174508e-08
6.130503713706179e-06,-6.216573339221364e-10,9.737185886921009e-06,-3.938993291282757e-06,-4.095152974823486e-06,-2.7867697781094616e-08
6.13050467376405e-06,-6.230396344190757e-10,9.555072020597801e-06,-3.8604644438881085e-06,-4.018564358064154e-06,-2.7310461175175177e-08
6.130505615937323e-06,-6.243873302353759e-10,9.376351433674279e-06,-3.7835012225552426e-06,-3.943402776740257e-06,-2.6764365131706756e-08
6.130506540555076e-06,-6.257015181059092e-10,9.200961170436463e-06,-3.7080724127110172e-06,-3.869641754973686e-06,-2.622918764457678e-08
6.13050744793875e-06,-6.269827656122068e-10,9.028839436015055e-06,-3.634147421302244e-06,-3.7972553057764705e-06,-2.570471045613207e-08
6.1305083384180366e-06,-6.28231344246963e-10,8.85992557603708e-06,-3.5616962668030308e-06,-3.7262179218016753e-06,-2.519071894611313e-08
6.130509212299341e-06,-6.294487271258341e-10,8.694160057800494e-06,-3.4906895632269445e-06,-3.6565045668138524e-06,-2.4687003769201974e-08
6.1305100698912735e-06,-6.3063515915315e-10,8.531484448176734e-06,-3.421098512576885e-06,-3.5880906672182183e-06,-2.4193359661520306e-08
6.130510911497704e-06,-6.31791681562796e-10,8.371841392327625e-06,-3.3528948899675167e-06,-3.5209521029862627e-06,-2.3709585301816707e-08
6.130511737416637e-06,-6.329185801013369e-10,8.215174594931784e-06,-3.2860510327445153e-06,-3.455065199856206e-06,-2.3235482756317e-08
6.130512547935003e-06,-6.3401795207656e-10,8.061428801770353e-06,-3.2205398318243025e-06,-3.3904067207574495e-06,-2.2770859532632188e-08
6.130513343340056e-06,-6.350885900531636e-10,7.910549779051696e-06,-3.1563347157062955e-06,-3.326953858152073e-06,-2.23155253600651e-08
6.130514123919591e-06,-6.361323532955718e-10,7.762484294740518e-06,-3.0934096462535775e-06,-3.264684225768325e-06,-2.186929535374029e-08
6.130514889939967e-06,-6.371494316374207e-10,7.617180100014637e-06,-3.031739100484745e-06,-3.203575850989972e-06,-2.1431986711648606e-08
6.13051564167e-06,-6.381403029323475e-10,7.474585912765805e-06,-2.971298067242783e-06,-3.1436071675353533e-06,-2.100342110161866e-08
6.130516379387273e-06,-6.391067987061416e-10,7.334651398904115e-06,-2.912062034093985e-06,-3.0847570074640776e-06,-2.0583423995148482e-08
6.130517103335998e-06,-6.400479721792556e-10,7.19732715369188e-06,-2.8540069746709824e-06,-3.02700459428279e-06,-2.0171824084513666e-08
6.130517813784598e-06,-6.409653470030257e-10,7.062564687273868e-06,-2.79710934423144e-06,-2.9703295356632093e-06,-1.976845356030512e-08
6.130518510979461e-06,-6.418589018982899e-10,6.930316404813645e-06,-2.7413460661129327e-06,-2.9147118162446374e-06,-1.937314758406191e-08
6.130519195169851e-06,-6.427297020902947e-10,6.8005355936724436e-06,-2.6866945255153213e-06,-2.860131790948368e-06,-1.8985745176406268e-08
6.130519866591606e-06,-6.435779712533364e-10,6.673176402639387e-06,-2.6331325557336134e-06,-2.8065701775638737e-06,-1.860608827334598e-08
6.130520525483704e-06,-6.444042210986532e-10,6.548193829603821e-06,-2.580638434160809e-06,-2.754008051008416e-06,-1.823402180952098e-08
6.130521172079028e-06,-6.452093669046368e-10,6.425543705453905e-06,-2.5291908709632835e-06,-2.7024268358639967e-06,-1.7869394384310507e-08
6.130521806611244e-06,-6.459938753000438e-10,6.305182676757448e-06,-2.4787690004207205e-06,-2.651808300534434e-06,-1.7512056901791877e-08
6.130522429301696e-06,-6.467579068789329e-10,6.187068194360414e-06,-2.429352372488103e-06,-2.6021345506361724e-06,-1.7161863847480456e-08
6.130523040365134e-06,-6.475025013403656e-10,6.071158493616292e-06,-2.3809209461340695e-06,-2.553388022990918e-06,-1.6818672400129432e-08
6.130523640022921e-06,-6.482274837262984e-10,5.957412585278363e-06,-2.333455077572258e-06,-2.5055514794091072e-06,-1.6482342570486297e-08
6.1305242284877735e-06,-6.489328912096193e-10,5.845790237489121e-06,-2.2869355180405796e-06,-2.4586080006527146e-06,-1.615273678495223e-08
6.1305248059678835e-06,-6.496204257912274e-10,5.736251963011684e-06,-2.2413433998121356e-06,-2.4125409804980043e-06,-1.5829721051276884e-08
6.1305253726622274e-06,-6.502899883547154e-10,5.628759006059076e-06,-2.1966602317540714e-06,-2.3673341204614914e-06,-1.5513163487513092e-08
6.130525928775984e-06,-6.509422440225407e-10,5.523273326263387e-06,-2.152867892443934e-06,-2.3229714231651886e-06,-1.5202934849354168e-08
6.130526474506199e-06,-6.51577567850728e-10,5.419757590825355e-06,-2.10994862195379e-06,-2.2794371880572513e-06,-1.4898908863173918e-08
6.130527010041813e-06,-6.521955413931428e-10,5.318175155412113e-06,-2.0678850114138926e-06,-2.236716004984221e-06,-1.4600961532126668e-08
6.130527535577507e-06,-6.527973925053574e-10,5.218490056772052e-06,-2.026660003456546e-06,-2.1947927492196217e-06,-1.4308970692045343e-08
6.130528051297171e-06,-6.533837014489864e-10,5.120666994475767e-06,-1.986256878005042e-06,-2.1536525758713625e-06,-1.4022818176350745e-08
6.130528557379358e-06,-6.539540431557917e-10,5.024671324288617e-06,-1.9466592489427798e-06,-2.1132809152168994e-06,-1.374238629108392e-08
6.130529054014808e-06,-6.545096146612047e-10,4.93046904321261e-06,-1.9078510567855997e-06,-2.0736634675120677e-06,-1.3467561922717585e-08
6.1305295413700055e-06,-6.550507492879368e-10,4.838026778132365e-06,-1.8698165631304714e-06,-2.034786197714403e-06,-1.3198231625405057e-08
6.1305300196169e-06,-6.555771891991589e-10,4.747311773057854e-06,-1.832540341551488e-06,-1.9966353308058097e-06,-1.29342863393938e-08
6.1305304889273194e-06,-6.560896620402183e-10,4.658291880474367e-06,-1.7960072751571933e-06,-1.9591973470277234e-06,-1.2675617727310625e-08
6.130530949468449e-06,-6.565887169493511e-10,4.570935548766763e-06,-1.7602025474865903e-06,-1.922458977183251e-06,-1.2422121477030923e-08
6.1305314014027446e-06,-6.570744965499648e-10,4.485211810024601e-06,-1.725111636291719e-06,-1.886407198125595e-06,-1.2173693166090494e-08
6.130531844889794e-06,-6.575471722730577e-10,4.401090269817826e-06,-1.6907203124272836e-06,-1.8510292275856322e-06,-1.1930231509089796e-08
6.130532280093478e-06,-6.580071549956777e-10,4.318541097968483e-06,-1.6570146258616917e-06,-1.8163125206289304e-06,-1.1691637774786625e-08
6.130532707157563e-06,-6.584544122984859e-10,4.237535016582003e-06,-1.6239809085634826e-06,-1.7822447645783865e-06,-1.1457814231796584e-08
6.130533126239614e-06,-6.588899789779169e-10,4.158043291493009e-06,-1.5916057625107872e-06,-1.7488138754975238e-06,-1.1228665675125814e-08
6.13053353748831e-06,-6.593133389689833e-10,4.0800377203042105e-06,-1.559876058136871e-06,-1.7160079927578393e-06,-1.1004098288171007e-08
6.130533941046774e-06,-6.597254073366246e-10,4.003490624825679e-06,-1.5287789276686808e-06,-1.68381547638741e-06,-1.078402125254893e-08
6.130534337057493e-06,-6.601263380494077e-10,3.928374839337624e-06,-1.498301758687412e-06,-1.6522249019096268e-06,-1.0568343833733464e-08
6.1305347256661114e-06,-6.605165005644695e-10,3.8546637017307455e-06,-1.4684321912418196e-06,-1.6212250565387747e-06,-1.0356978656210127e-08
6.13053510700675e-06,-6.608961090286798e-10,3.7823310444796974e-06,-1.439158112296985e-06,-1.5908049358175878e-06,-1.0149839399744249e-08
6.130535481215796e-06,-6.612653788120237e-10,3.711351185955836e-06,-1.410467648406732e-06,-1.5609537392086087e-06,-9.946841521029747e-09
6.130535848426436e-06,-6.616242734598974e-10,3.6416989206895413e-06,-1.3823491650473898e-06,-1.5316608665362492e-06,-9.747902142631247e-09
6.130536208767613e-06,-6.619737930607135e-10,3.5733495111530172e-06,-1.354791258402039e-06,-1.5029159145570594e-06,-9.552940330552332e-09
6.1305365623652206e-06,-6.623137959431294e-10,3.5062786772017245e-06,-1.3277827518076993e-06,-1.474708672556216e-06,-9.361876733389132e-09
6.13053690935919e-06,-6.626436688315744e-10,3.440462591050488e-06,-1.3013126924245666e-06,-1.447029119673276e-06,-9.174632499855255e-09
6.130537249853319e-06,-6.629647022773054e-10,3.375877865920114e-06,-1.2753703454627646e-06,-1.4198674208513146e-06,-8.991132193111713e-09
6.130537583974198e-06,-6.632771414980546e-10,3.3125015496449475e-06,-1.249945189519317e-06,-1.3932139234599777e-06,-8.811300682121709e-09
6.130537911850456e-06,-6.63580335623541e-10,3.250311117272823e-06,-1.225026913691487e-06,-1.3670591543605572e-06,-8.635064557186046e-09
6.130538233591104e-06,-6.638756759036864e-10,3.189284460303769e-06,-1.200605411803536e-06,-1.3413938159086045e-06,-8.462352157685155e-09
6.130538549303298e-06,-6.641623425850866e-10,3.1293998813630916e-06,-1.1766707806302901e-06,-1.3162087834396757e-06,-8.293092767151093e-09
6.130538859112055e-06,-6.644404644997589e-10,3.0706360847515367e-06,-1.153213312791637e-06,-1.2914951012589856e-06,-8.127217251651924e-09
6.130539163123622e-06,-6.647114083539984e-10,3.0129721725089737e-06,-1.130223495420189e-06,-1.26724398038735e-06,-7.96465855936307e-09
6.1305394614430295e-06,-6.649744206052723e-10,2.9563876313594595e-06,-1.1076920054982736e-06,-1.2434467945720612e-06,-7.805349416868514e-09
6.130539754179243e-06,-6.652304167589773e-10,2.9008623326393657e-06,-1.0856097045288036e-06,-1.2200950781928447e-06,-7.649225826326261e-09
6.130540041432853e-06,-6.654790355420089e-10,2.846376519635126e-06,-1.0639676385352071e-06,-1.197180522697605e-06,-7.496223623798358e-09
6.130540323314241e-06,-6.657208161010023e-10,2.7929108026047146e-06,-1.042757029179586e-06,-1.1746949737659628e-06,-7.346280311088813e-09
6.130540599907683e-06,-6.659553350939727e-10,2.740446152446415e-06,-1.0219692750949242e-06,-1.1526304287569112e-06,-7.199334556145559e-09
6.130540871332052e-06,-6.661836372835446e-10,2.6889638934311866e-06,-1.0015959463339184e-06,-1.1309790335762462e-06,-7.055327247756662e-09
6.130541137670109e-06,-6.664046659452942e-10,2.6384456962305833e-06,-9.816287803721154e-07,-1.1097330799458903e-06,-6.914198664485206e-09
6.130541399018523e-06,-6.666193261474783e-10,2.5888735727223143e-06,-9.619859655614677e-07,-1.0888850107920562e-06,-1.5749193801411637e-05
6.130541676969377e-06,-6.668283170836075e-10,2.5361537262541527e-06,-9.422881866201476e-07,-1.0667129259470555e-06,-0.00010925284672808153
6.130542077354985e-06,-6.670310238484197e-10,2.460214793355224e-06,-9.220712615925305e-07,-1.0347744157620746e-06,-0.0002936587907053415
6.130542721847675e-06,-6.672264329483587e-10,2.3379814708601207e-06,-9.009037687005266e-07,-9.833635157817357e-07,-0.0005661552409308084
6.130543725827363e-06,-6.674130298868209e-10,2.147573607890799e-06,-8.784113779730699e-07,-9.032768913061713e-07,-0.0009239592481308466
6.130545198441108e-06,-6.675894492466953e-10,1.8682913458272012e-06,-8.542902678516927e-07,-7.85807527667127e-07,-0.00136431669722119
6.130547242654396e-06,-6.677512547454366e-10,1.4806066814164436e-06,-8.283187397272994e-07,-6.227411076656876e-07,-0.0018845023061609082
6.130549955264512e-06,-6.678953809132105e-10,9.66160558635487e-07,-8.003671483503085e-07,-4.0635470671898555e-07,-0.0024818196249991437
6.130553426905252e-06,-6.680165901336462e-10,3.077646753362108e-07,-7.704062276676095e-07,-1.2941746099382524e-07,-0.0031536010351025864
6.130557741987491e-06,-6.681106405656936e-10,-5.105927853548875e-07,-7.385139193830658e-07,2.1480711590564055e-07,-0.0038972077485632207
6.130562978687544e-06,-6.681710962683663e-10,-1.5037382167162259e-06,-7.048807760425185e-07,6.325574718178015e-07,-0.004710029807778788
6.130569208837629e-06,-6.681920903695991e-10,-2.6853011230610815e-06,-6.698140481702038e-07,1.1295692906969043e-06,-0.005589486085204229
6.130576497898445e-06,-6.681676182646875e-10,-4.067700757868867e-06,-6.337405159443616e-07,1.711069967033797e-06,-0.006533024283267011
6.130584904867402e-06,-6.680912056420524e-10,-5.662131450836596e-06,-5.972081651971806e-07,2.381772523662531e-06,-0.007538120934441501
6.130594482183576e-06,-6.679543945490668e-10,-7.478547168249921e-06,-5.608867717885396e-07,3.1458691990913855e-06,-0.008602281401480684
6.130600132758115e-06,-6.677512622755595e-10,-7.328976241913911e-06,-5.692547683414278e-07,3.082970492923398e-06,-0.009723039877897499
6.130606615078623e-06,-6.67473125393815e-10,-7.182396726803217e-06,-5.842120081156774e-07,3.0213357757971877e-06,-0.010897959388194926
6.13061396052017e-06,-6.67111224072052e-10,-7.0387487952860355e-06,-6.069107364478996e-07,2.960940804329478e-06,-0.012124631788807893
6.130622196978725e-06,-6.666561406455971e-10,-6.897973814780249e-06,-6.385920783080291e-07,2.9017618729101183e-06,-0.013400677768802188
6.130631348775891e-06,-6.660981942681701e-10,-6.760014327677793e-06,-6.805820328431609e-07,2.843775797764236e-06,-0.014723746850785825
6.13064143655849e-06,-6.654274111708627e-10,-6.624814022895412e-06,-7.342868328744662e-07,2.7869598853209643e-06,-0.01609151739193325
6.1306524771724965e-06,-6.646339465929667e-10,-6.4923177179291e-06,-8.011877386234328e-07,2.731291916068546e-06,-0.017501696585114513
6.1306644835923924e-06,-6.637085267163323e-10,-6.362471332253472e-06,-8.828353220611708e-07,2.676750112309618e-06,-0.018952020460115498
6.130677464814711e-06,-6.626402768813609e-10,-6.23522186772265e-06,-9.80843308308544e-07,2.6233131128169028e-06,-0.020440253884944602
6.13069142576789e-06,-6.614192673970448e-10,-6.110517386433155e-06,-1.0968820328525942e-06,2.570959948945609e-06,-0.021964190567212268
6.130706367277222e-06,-6.600359647381562e-10,-5.988306988592336e-06,-1.2326715681641758e-06,2.519670014397129e-06,-0.023521653055569698
6.130722285956932e-06,-6.584816370097543e-10,-5.8685407926513035e-06,-1.3899745736384407e-06,2.469423042079284e-06,-0.02511049274120062
6.130739174173562e-06,-6.567460880510425e-10,-5.751169914391694e-06,-1.57058891797436e-06,2.4201990744602006e-06,-0.02672858985934892
6.130757020015019e-06,-6.548200947082994e-10,-5.636146448492428e-06,-1.7763401274101874e-06,2.371978441813334e-06,-0.02837385349087228
6.13077580722628e-06,-6.526959099402625e-10,-5.523423446302043e-06,-2.0090736974250243e-06,2.324741734804126e-06,-0.030044221563810137
6.13079551521507e-06,-6.50365329809321e-10,-5.412954898310704e-06,-2.2706473178711644e-06,2.278469781932489e-06,-0.03173766085495126
6.130816119017382e-06,-6.478194047720303e-10,-5.304695715696165e-06,-2.5629230507986572e-06,2.233143629064815e-06,-0.033452166991392064
6.1308375893065045e-06,-6.450514280265964e-10,-5.198601711871863e-06,-2.8877595022253743e-06,2.1887445192410996e-06,-0.035185764452067655
6.130859892393578e-06,-6.420548235446416e-10,-5.09462958253857e-06,-3.247004012191448e-06,2.1452538710392495e-06,-0.0369365065692511
6.130882990265063e-06,-6.388223138189831e-10,-4.992736891076184e-06,-3.6424849198529655e-06,2.102653266652914e-06,-0.03870247552999961
6.13090684059155e-06,-6.35349705858655e-10,-4.892882048982078e-06,-4.076003914860093e-06,2.060924438839032e-06,-0.04048178237754712
6.130931396793624e-06,-6.316310754779546e-10,-4.795024298170266e-06,-4.5493285143499395e-06,2.02004925666022e-06,-0.04227256701262226
6.130956608080513e-06,-6.276619453928601e-10,-4.699123698063955e-06,-5.06418469766725e-06,1.980009719642317e-06,-0.04407299819468621
6.130982419520997e-06,-6.234390475639136e-10,-4.605141105403148e-06,-5.622249715886146e-06,1.940787955621952e-06,-0.045881273543078756
6.131008772123397e-06,-6.189603600675658e-10,-4.513038160147044e-06,-6.225145104950688e-06,1.9023662138760768e-06,-0.047695619538064005
6.13103560292261e-06,-6.142229563389155e-10,-4.422777268460624e-06,-6.874429928900193e-06,1.8647268701280985e-06,-0.0495142915217668
6.1310628450711705e-06,-6.09226544851245e-10,-4.3343215898140415e-06,-7.571594267430076e-06,1.8278524321146054e-06,-0.05133557369899059
6.131090427950011e-06,-6.039710001657511e-10,-4.247635020923714e-06,-8.318052963393405e-06,1.7917255434529108e-06,-0.053157779137908145
6.131118277298883e-06,-5.984558410017013e-10,-4.162682178840947e-06,-9.115139664014701e-06,1.7563290015746243e-06,-0.0549792497706251
6.131146315329676e-06,-5.926840728827143e-10,-4.079428390376916e-06,-9.96410114820571e-06,1.7216457658285753e-06,-0.056798356393600195
6.13117446087656e-06,-5.866582792880782e-10,-3.997839672907643e-06,-1.0866091972276065e-05,1.6876589801625293e-06,-0.058613498667929156
6.13120262952062e-06,-5.80380758499394e-10,-3.917882726388738e-06,-1.1822169430178207e-05,1.6543519920384918e-06,-0.060423105119477606
6.131230733777158e-06,-5.738580631838703e-10,-3.839524914282244e-06,-1.2833288858668375e-05,1.621708378611644e-06,-0.06222563313886609
6.131258683228882e-06,-5.670952219829914e-10,-3.7627342553915273e-06,-1.3900299274737558e-05,1.5897119720628003e-06,-0.06401956898130419
6.131286384720843e-06,-5.60099556866394e-10,-3.687479404817004e-06,-1.5023939363355688e-05,1.558346889964716e-06,-0.06580342776626683
6.131313742519876e-06,-5.528784297972221e-10,-3.6137296477846662e-06,-1.6204833826678127e-05,1.5275975668066077e-06,-0.06757575347703212
6.131340658509003e-06,-5.454409510027646e-10,-3.5414548826918636e-06,-1.7443490086611073e-05,1.4974487886258839e-06,-0.06933511896004176
6.1313670323756e-06,-5.377976705155487e-10,-3.47062560862185e-06,-1.874029535270921e-05,1.4678857269563951e-06,-0.07108012592413399
6.1313927618067605e-06,-5.29960205932853e-10,-3.4012129171836675e-06,-2.0095514054451184e-05,1.4388939795726173e-06,-0.0728094049396159
6.1314177427000995e-06,-5.219400007595805e-10,-3.3331884766057122e-06,-2.1509285644582508e-05,1.4104596077941014e-06,-0.07452161543718833
6.131441869362284e-06,-5.137507734413949e-10,-3.2665245211394914e-06,-2.2981622757155783e-05,1.382569172607033e-06,-0.0762154457067315
6.131465034716471e-06,-5.054072996718502e-10,-3.2011938419174383e-06,-2.4512409741844236e-05,1.3552097777176914e-06,-0.07788961289596184
6.131487130526271e-06,-4.969254384708406e-10,-3.137169772738669e-06,-2.6101401553922142e-05,1.3283691066614783e-06,-0.07954286300893297
6.131508047615972e-06,-4.883216622998497e-10,-3.0744261808951764e-06,-2.77482230028739e-05,1.3020354647004432e-06,-0.08117397090444481
6.131527676076722e-06,-4.796142937859573e-10,-3.012937458811469e-06,-2.9452368358425324e-05,1.276197814551175e-06,-0.08278174029429555
6.131545905502979e-06,-4.708222678475617e-10,-2.9526785083349915e-06,-3.121320130283646e-05,1.2508458148265999e-06,-0.08436500374145127
6.131545767261924e-06,-4.6195561435933945e-10,-2.89362416520187e-06,-3.302995300936447e-05,1.225885745376104e-06,-0.08592262265813516
6.131545631785776e-06,-4.532656735042911e-10,-2.8357509059119565e-06,-3.4901729880217724e-05,1.2014151578299473e-06,-0.08745348730367812
6.131545499019342e-06,-4.447495224800356e-10,-2.7790351084291203e-06,-3.682750694370946e-05,1.1774246914813492e-06,-0.08895651678250568
6.131545368908424e-06,-4.364040440105096e-10,-2.7234536245594523e-06,-3.880613182200364e-05,1.1539053910313926e-06,-0.09043065904188667
6.131545241399892e-06,-4.282251671249254e-10,-2.668983767664502e-06,-4.083632632897378e-05,1.1308487155282848e-06,-0.09187489086966565
6.131545116441891e-06,-4.2021001571952254e-10,-2.615603305428827e-06,-4.2916688379899904e-05,1.1082465364888423e-06,-0.0932882178919335
6.131554983079067e-06,-4.1236538993404375e-10,-4.492496721996738e-06,-4.500732126880363e-05,1.9002340106603612e-06,-0.09466967457054236
6.131557095699249e-06,-4.0459592000978146e-10,-5.394877908405877e-06,-4.716435920001076e-05,2.2809649496505934e-06,-0.09601832420105072
6.131558270931257e-06,-3.969916293859461e-10,-5.618706641964379e-06,-4.938015572737597e-05,2.3753367126719336e-06,-0.09733325890984548
6.131554941517343e-06,-3.8953098723210153e-10,-4.985749696197101e-06,-5.1656382852886006e-05,2.1081368402097258e-06,-0.09861359965189502
6.131547014424234e-06,-3.822440999536942e-10,-3.4783195535571286e-06,-5.399140911640663e-05,1.4719152691127833e-06,-0.09985849620824731
6.131539854754639e-06,-3.7516057004949397e-10,-3.408752983675241e-06,-5.633715063316676e-05,1.4425038190439912e-06,-0.10106712718345899
6.131529920490478e-06,-3.683100397407278e-10,-3.3405777423830056e-06,-5.871998729532379e-05,1.4137070146027477e-06,-0.10223870000345603
6.131517117760597e-06,-3.6172430249038605e-10,-3.273766001365678e-06,-6.113762823642597e-05,1.3855226622689028e-06,-0.10337245091285781
6.131501355502094e-06,-3.55436320119743e-10,-3.2082904922290268e-06,-6.358768797472574e-05,1.3579494755809127e-06,-0.10446764497267129
6.131482545655889e-06,-3.4947825255720547e-10,-3.1441244898739757e-06,-6.606769081664418e-05,1.3309870412789054e-06,-0.10552357605798672
6.131460603367612e-06,-3.438834885642286e-10,-3.0812418044184354e-06,-6.857507544765744e-05,1.3046357814646296e-06,-0.10653956685566648
6.13143544716879e-06,-3.3868589189123917e-10,-3.019616769608278e-06,-7.11071997022953e-05,1.278896910494099e-06,-0.10751496886217286
6.131406999168066e-06,-3.3391995134815717e-10,-2.9592242321350808e-06,-7.366134549663239e-05,1.2537723855186106e-06,-0.10844916238143612
6.131375185228905e-06,-3.296194881829902e-10,-2.900039542839152e-06,-7.623472391606035e-05,1.2292648461223518e-06,-0.10934155652281075
6.1313399351378425e-06,-3.258200068269611e-10,-2.8420385447469807e-06,-7.882448044676065e-05,1.2053775605974524e-06,-0.11019158919915645
6.131301182776805e-06,-3.2255576234277764e-10,-2.7851975628757333e-06,-8.142770033313112e-05,1.1821143546146595e-06,-0.11099872712498139
6.131258866281158e-06,-3.198621976586004e-10,-2.7294933987210968e-06,-8.40414140568275e-05,1.1594795438324603e-06,-0.11176246581473177
6.131212928196592e-06,-3.1777466221048127e-10,-2.6749033153153934e-06,-8.666260292214636e-05,1.1374778567480472e-06,-0.11248232958121351
6.131163315619062e-06,-3.1632851388616696e-10,-2.6214050302856752e-06,-8.928820473237507e-05,1.1161143544375691e-06,-0.11315787153409415
6.131109980351204e-06,-3.155588566651138e-10,-2.5689767079635446e-06,-9.191511955808128e-05,1.0953943478254743e-06,-0.11378867357860492
6.131052879017532e-06,-3.155005972799098e-10,-2.5175969500229415e-06,-9.454021556711918e-05,1.0753233118626985e-06,-0.11437434641432054
6.130991973198165e-06,-3.1618946666347005e-10,-2.4672447851868487e-06,-9.716033491964177e-05,1.055906792588344e-06,-0.11491452953415741
6.130927229553006e-06,-3.1765945773535773e-10,-2.417899660966736e-06,-9.977229971149573e-05,1.0371503185386617e-06,-0.11540889122347583
6.130858619921793e-06,-3.1994576228524076e-10,-2.36954143724984e-06,-0.00010237291795061774,1.0190593017487104e-06,-0.11585712855934155
6.13078612143792e-06,-3.2308177133784626e-10,-2.322150375703772e-06,-0.00010495898956396143,1.0016389437800646e-06,-0.11625896741001669
6.130709716615686e-06,-3.271019523375351e-10,-2.275707132483134e-06,-0.00010752731241452421,9.848941406556857e-07,-0.11661416243450723
6.130629393439462e-06,-3.3203962101966387e-10,-2.230192752604276e-06,-0.00011007468832179273,9.688293833141327e-07,-0.11692249708240518
6.130545145446163e-06,-3.3792747509216355e-10,-2.185588657168017e-06,-0.00011259792907489382,9.534486574188873e-07,-0.11718378359381254
6.1304569717810574e-06,-3.4479797242389205e-10,-2.1418766412785087e-06,-0.00011509386242447014,9.387553530415101e-07,-0.11739786299948013
6.130364877284188e-06,-3.5268264908993804e-10,-2.0990388633621233e-06,-0.00011755933804528667,9.247521644927976e-07,-0.11756460512112034
6.130268872511303e-06,-3.6161223937924893e-10,-2.05705783881044e-06,-0.00011999123345927905,9.114410022884132e-07,-0.11768390857189365
6.130168973807438e-06,-3.7161717680276067e-10,-2.0159164332854122e-06,-0.0001223864599055022,8.988228958215854e-07,-0.1177557007570679
6.130065203327436e-06,-3.827269521948897e-10,-1.9755978541665083e-06,-0.00012474196814686649,8.868979147219636e-07,-0.11777993787488225
6.129957589048795e-06,-3.9496919004612674e-10,-1.9360856442166897e-06,-0.00012705475420762456,8.756650804633621e-07,-0.11775660491754363
6.129846164826124e-06,-4.0837260441593587e-10,-1.8973636758652334e-06,-0.0001293218650284422,8.651222872215805e-07,-0.11768571567242084
6.12973097034789e-06,-4.2296265577809354e-10,-1.8594161452142137e-06,-0.0001315404040284676,8.552662301088774e-07,-0.1175673127234257
6.129612051171009e-06,-4.387651159570529e-10,-1.822227563918914e-06,-0.0001337075365680721,8.460923365953993e-07,-0.11740146745252455
6.129489458711206e-06,-4.5580476472042086e-10,-1.7857827520218204e-06,-0.00013582049529911188,8.375947057530733e-07,-0.11718828004145392
6.129363250188013e-06,-4.741037026485692e-10,-1.7500668341497632e-06,-0.00013787658539752174,8.297660515530061e-07,-0.11692787947357389
6.129233488615955e-06,-4.936851456948548e-10,-1.7150652332511456e-06,-0.00013987318966546947,8.225976567441247e-07,-0.11662042353584814
6.129100242774059e-06,-5.145689631007566e-10,-1.6807636633755906e-06,-0.0001418077735009755,8.160793278982947e-07,-0.11626609882107666
6.1289635871188695e-06,-5.367740040039521e-10,-1.6471481221540056e-06,-0.0001436778897143937,8.101993672987005e-07,-0.11586512073011082
6.128823601777278e-06,-5.60319276985907e-10,-1.6142048905177865e-06,-0.0001454811831986044,8.049445480680768e-07,-0.1154177334743797
6.128680372430026e-06,-5.852208929385387e-10,-1.5819205218587892e-06,-0.00014721539543383015,8.0030009492432e-07,-0.11492421007837621
6.128533990240799e-06,-6.114938047445292e-10,-1.5502818394813842e-06,-0.00014887836882252378,7.962496860790063e-07,-0.11438485238245424
6.128384551766825e-06,-6.39152517678776e-10,-1.5192759291920997e-06,-0.00015046805084777953,7.927754462050738e-07,-0.11379999104550964
6.12823215888358e-06,-6.682081882934421e-10,-1.4888901350988985e-06,-0.00015198249804810804,7.898579643973735e-07,-0.11316998554801842
6.128076918621911e-06,-6.986714506687462e-10,-1.4591120548615088e-06,-0.0001534198797945063,7.874763156158902e-07,-0.11249522419491252
6.127918943120815e-06,-7.305515532203202e-10,-1.4299295351153428e-06,-0.00015477848187804027,7.856080894039735e-07,-0.11177612411878395
6.1277583493932634e-06,-7.63855717561337e-10,-1.401330664495282e-06,-0.00015605670988081162,7.842294312968518e-07,-0.1110131312829957
6.12759525930189e-06,-7.985888774401798e-10,-1.373303770149076e-06,-0.00015725309233717124,7.833150968684996e-07,-0.11020672048488693
6.127429799313181e-06,-8.347558697910601e-10,-1.3458374123334926e-06,-0.00015836628367861197,7.82838504861221e-07,-0.109357395359139
6.127262100384204e-06,-8.723581645024385e-10,-1.3189203801693914e-06,-0.0001593950669440064,7.827718133633726e-07,-0.10846568838098883
6.127092297774473e-06,-9.113959694599172e-10,-1.292541686875648e-06,-0.0001603383562621745,7.830859928744872e-07,-0.10753216086969541
6.126920530868513e-06,-9.5186812868714e-10,-1.2666905667615478e-06,-0.00016119519909319908,7.837509129314654e-07,-0.10655740299184877
6.126746942982718e-06,-9.93771484306366e-10,-1.2413564670688132e-06,-0.00016196477822066454,7.847354425732235e-07,-0.10554203376478352
6.126571681190815e-06,-1.0371015839769993e-09,-1.2165290483182096e-06,-0.00016264641349577084,7.860075459017406e-07,-0.10448670105990135
6.126394896045782e-06,-1.0818508193390937e-09,-1.1921981765513595e-06,-0.00016323956331803775,7.87534398080965e-07,-0.10339208160609027
6.126216741424008e-06,-1.1280116333866165e-09,-1.1683539219805615e-06,-0.00016374382585637205,7.892825029375906e-07,-0.102258880993044
6.1260373742972464e-06,-1.17557239466483e-09,-1.144986551337763e-06,-0.00016415893999674748,7.912178125866143e-07,-0.10108783367443083
6.125856954424864e-06,-1.2245217051273956e-09,-1.1220865265550245e-06,-0.00016448478601722183,7.933058613320137e-07,-0.09987970297131193
6.125675644169066e-06,-1.274844304078164e-09,-1.099644500688707e-06,-0.00016472138597983506,7.955118988698397e-07,-0.09863528107504661
6.125493608247158e-06,-1.326525083884922e-09,-1.0776513149582544e-06,-0.0001648689038367443,7.978010269829283e-07,-0.09735538905057461
6.125311013394884e-06,-1.3795462521310273e-09,-1.0560979910076842e-06,-0.00016492764524986525,8.001383457641417e-07,-0.09604087683920959
6.1251280281761986e-06,-1.4338880973602985e-09,-1.0349757330592061e-06,-0.00016489805711164405,8.024890979022659e-07,-0.09469262326160233
6.12494482263531e-06,-1.4895291999170678e-09,-1.0142759185965135e-06,-0.0001647807267705456,8.048188112216927e-07,-0.09331153602034144
6.124761568092199e-06,-1.5464464173297807e-09,-9.939900993486437e-07,-0.0001645763809516901,8.070934549740197e-07,-0.09189855170267702
6.124578436708014e-06,-1.6046152637139936e-09,-9.741099960472754e-07,-0.0001642858843772817,8.092795794727797e-07,-0.09045463578284511
6.124395601347363e-06,-1.6640087289660936e-09,-9.546274936541108e-07,-0.00016391023807175805,8.11344467449862e-07,-0.08898078262436289
6.124213235162812e-06,-1.724597641086724e-09,-9.355346395588602e-07,-0.00016345057736450415,8.132562782537629e-07,-0.08747801548215973
6.124031511298554e-06,-1.7863538620767523e-09,-9.168236420599931e-07,-0.00016290816957885537,8.149841906471144e-07,-0.08594738650438906
6.1238506026110725e-06,-1.849243461105824e-09,-8.984868636751457e-07,-0.0001622844114091626,8.164985415488145e-07,-0.08438997673427229
6.12367068130095e-06,-1.91323458175099e-09,-8.805168202880165e-07,-0.00016158082598236354,8.177709614743148e-07,-0.0828068961114057
6.123491918597289e-06,-1.978292283872683e-09,-8.629061766712484e-07,-0.00016079905961674594,8.187744990899986e-07,-0.08119928347326948
6.123314484467446e-06,-2.0443793205387475e-09,-8.456477449697625e-07,-0.0001599408782605557,8.194837445032065e-07,-0.07956830655605758
6.123138547195357e-06,-2.111458722369396e-09,-8.287344813999269e-07,-0.00015900816362918898,8.198749467214128e-07,-0.07791516199563897
6.1229642731501366e-06,-2.1794903506348868e-09,-8.121594823922455e-07,-0.00015800290903464036,8.199261196773781e-07,-0.07624107532809002
6.1227918263696255e-06,-2.248433982152904e-09,-7.959159821304016e-07,-0.00015692721491671887,8.196171342215875e-07,-0.07454730098999579
6.122621368264647e-06,-2.3182479507747672e-09,-7.799973516446653e-07,-0.00015578328407269567,8.189298107247373e-07,-0.07283512231854039
6.122453057251264e-06,-2.3888885210960454e-09,-7.64397092527809e-07,-0.00015457341660110883,8.17847995529129e-07,-0.07110585155136294
6.12228704846046e-06,-2.460311011722195e-09,-7.491088379479416e-07,-0.00015330000456333198,8.163576257606049e-07,-0.06936082982600283
6.122123493336972e-06,-2.53247056622609e-09,-7.341263475422623e-07,-0.0001519655263629127,8.144467827559514e-07,-0.0676014271793621
6.121962539341018e-06,-2.605319703205173e-09,-7.194435059260628e-07,-0.0001505725408661075,8.121057385210084e-07,-0.06582904254653346
6.121804329688327e-06,-2.678811029150106e-09,-7.05054320505343e-07,-0.00014912368126157152,8.093269791547662e-07,-0.06404510375972432
6.121649002837269e-06,-2.7528963875883187e-09,-6.909529186047844e-07,-0.00014762164867750254,8.06105226841561e-07,-0.06225106754680725
6.121496692375907e-06,-2.827526191151095e-09,-6.771335430633658e-07,-0.0001460692055600281,8.02437440484527e-07,-0.06044841952935906
6.121347526590206e-06,-2.9026510013323704e-09,-6.635905550292434e-07,-0.00014446916884549527,7.983228084871488e-07,-0.058638674220901056
6.121201628192363e-06,-2.9782188279325514e-09,-6.503184264484998e-07,-0.00014282440291505825,7.937627242529857e-07,-0.056823375024567156
6.121059113955814e-06,-3.054179679117913e-09,-6.373117392934149e-07,-0.00014113781237054816,7.887607502886566e-07,-0.055004094230661604
6.120920094535616e-06,-3.130480394016483e-09,-6.245651855838278e-07,-0.0001394123346355925,7.83322569073089e-07,-0.05318243301393258
6.1207846740811915e-06,-3.2070699772536178e-09,-6.120735627727177e-07,-0.00013765093240619686,7.774559233372331e-07,-0.05136002143074417
6.120652950016608e-06,-3.2838945618486576e-09,-5.998317708756267e-07,-0.0001358565859720963,7.711705375756242e-07,-0.049538518415927504
6.1205250127591115e-06,-3.360902646438275e-09,-5.878348147492769e-07,-0.0001340322854201723,7.644780338655735e-07,-0.04771961177956875
6.12040094544896e-06,-3.438040061146217e-09,-5.760777965107945e-07,-0.00013218102275687306,7.573918378695425e-07,-0.04590501820334391
6.120280823746616e-06,-3.5152546416059743e-09,-5.645559180993206e-07,-0.00013030578396199823,7.499270626020349e-07,-0.044096483237238804
6.1201647155576936e-06,-3.592494513803769e-09,-5.53264477488982e-07,-0.00012840954100132608,7.421003962546243e-07,-0.042295781295542886
6.120052680853726e-06,-3.6697047756846794e-09,-5.421988647266736e-07,-0.00012649524382775143,7.339299727968028e-07,-0.04050471565309844
6.119944771451717e-06,-3.746834874840106e-09,-5.313545630521799e-07,-0.000124565812392608,7.254352350586391e-07,-0.03872511844128386
6.119841030843299e-06,-3.823831479451582e-09,-5.207271467825881e-07,-0.00012262412869926936,7.166367906872117e-07,-0.03695885064403794
6.119741493954665e-06,-3.900644494350751e-09,-5.103122785990038e-07,-0.00012067302892465935,7.075562662762536e-07,-0.03520780209376748
6.119646187133701e-06,-3.977221277668138e-09,-5.001057077504171e-07,-0.00011871529564579167,6.982161472097624e-07,-0.033473891467220976
6.119555127802949e-06,-4.053512336604561e-09,-4.901032676203482e-07,-0.00011675365019288496,6.886396246727316e-07,-0.03175906628124579
6.11946832448358e-06,-4.129468349530952e-09,-4.803008758877348e-07,-0.00011479074517094228,6.788504284713062e-07,-0.03006530288894584
6.119385776675102e-06,-4.205039087322386e-09,-4.70694531640723e-07,-0.00011282915717691866,6.688726710736056e-07,-0.028394606475245197
6.119307474666355e-06,-4.280178762791279e-09,-4.6128031414723856e-07,-0.00011087137974994039,6.587306759404087e-07,-0.02674901105328856
6.11923339955081e-06,-4.354839910855702e-09,-4.5205437960208466e-07,-0.00010891981658615653,6.48448820922045e-07,-0.02513057946011309
6.119163523074937e-06,-4.4289764532655265e-09,-4.430129638748541e-07,-0.00010697677506098094,6.380513777031504e-07,-0.023541403353208867
6.1190978076825415e-06,-4.502545172758234e-09,-4.3415237636540583e-07,-0.00010504446008664675,6.275623518691965e-07,-0.02198360320649052
6.1190362064001735e-06,-4.575502430452185e-09,-4.2546900006220164e-07,-0.00010312496834708555,6.170053365751291e-07,-0.02045932830723685
6.118978662858466e-06,-4.647806785226555e-09,-4.169592899463971e-07,-0.00010122028295306046,6.064033578919101e-07,-0.01897075675229444
6.118925111273178e-06,-4.719419555183896e-09,-4.0861977354855403e-07,-9.933226854407824e-05,5.95778745913933e-07,-0.01752009544528011
6.1188754764497435e-06,-4.790301309354867e-09,-4.004470482948403e-07,-9.74626668921717e-05,5.851529988185098e-07,-0.016109580093704317
6.11882967384374e-06,-4.8604159955710025e-09,-3.924377766344739e-07,-9.561309302939774e-05,5.745466622387094e-07,-0.01474147520602694
6.1187876095406264e-06,-4.929728534010225e-09,-3.8458868961559267e-07,-9.378503195850217e-05,5.63979217038066e-07,-0.013418074089887943
6.118749180328749e-06,-4.998206657589379e-09,-3.7689658443990745e-07,-9.19798359734971e-05,5.534689866243491e-07,-0.012141698849381837
6.118714273764711e-06,-5.065819157918234e-09,-3.6935832128942366e-07,-9.01987226375224e-05,5.43033039707778e-07,-0.010914700383914896
6.118682768228908e-06,-5.132537149897659e-09,-3.619708221200486e-07,-8.844277346256584e-05,5.326871255057458e-07,-0.009739458386383827
6.118654533027681e-06,-5.198335246891432e-09,-3.5473107321210777e-07,-8.671293332505005e-05,5.224456095933123e-07,-0.008618381342342383
6.118629428394644e-06,-5.263188259245927e-09,-3.476361195016698e-07,-8.501001067302774e-05,5.123214262744397e-07,-0.00755390652926317
6.118607305706258e-06,-5.327073568896158e-09,-3.406830639384448e-07,-8.333467855402136e-05,5.023260510584148e-07,-0.006548500016354479
6.118588007494569e-06,-5.389971597282025e-09,-3.3386906871472843e-07,-8.168747652018338e-05,4.92469484016644e-07,-0.005604656664301588
6.11857136751522e-06,-5.451865827276302e-09,-3.2719135313297516e-07,-8.00688134476091e-05,4.827602487565813e-07,-0.004724900126249443
6.118557210966805e-06,-5.5127412304494395e-09,-3.2064719150946716e-07,-7.847897131511268e-05,4.7320541116480785e-07,-0.003911782848343236
6.118545354426546e-06,-5.572585565484671e-09,-3.142339126033404e-07,-7.691810999418432e-05,4.638106112737896e-07,-0.003167886071374583
6.118535606114075e-06,-5.6313891133938235e-09,-3.079489000055599e-07,-7.538627308589464e-05,4.545801127385989e-07,-0.0024958198322535138
6.118527765851674e-06,-5.689145205859197e-09,-3.0178958700796025e-07,-7.388339486402262e-05,4.4551687175008295e-07,-0.0018982229667410622
6.118517148192279e-06,-5.745842292041568e-09,1.6154808175486912e-06,-7.244728136152702e-05,-3.3835302321972624e-07,-0.0013777631116201033
6.118509333009511e-06,-5.801488942628566e-09,3.0193353345266018e-06,-7.102950226272046e-05,-9.139116563451915e-07,-0.0009371367083596426
6.1185038711608e-06,-5.856083750798417e-09,3.992168653152746e-06,-6.963135423388524e-05,-1.3145748325898022e-06,-0.0005790690063446075
6.1185003081930835e-06,-5.909630305966736e-09,4.6173292963484425e-06,-6.825408326506574e-05,-1.5741427540663957e-06,-0.00030631406741316177
6.118498184545202e-06,-5.96213365266704e-09,4.979093967271408e-06,-6.689889732842692e-05,-1.7267905000507756e-06,-0.00012165477041541599
6.1184970356990185e-06,-6.0136041329056464e-09,5.162647705317228e-06,-6.556698054576782e-05,-1.8070606562010094e-06,-2.7902816226245255e-05
6.118496392201456e-06,-6.064053588565688e-09,5.254070555722343e-06,-6.425958381166043e-05,-1.8498582492961828e-06,-1.1917194045455078e-05
6.118495858846657e-06,-6.1134994225760356e-09,5.325826483878501e-06,-6.28528134920112e-05,-2.0096599822640654e-06,-1.1678853109892066e-05
6.118495404154217e-06,-6.161960667580666e-09,5.392431806514262e-06,-6.084688118319012e-05,-2.791974883888162e-06,-1.144527597729376e-05
6.118495271956151e-06,-6.209456079462317e-09,5.452905992998167e-06,-5.81182239419527e-05,-4.319436217195007e-06,-1.1216366737605223e-05
6.118495754133253e-06,-6.256001270628936e-09,5.5060595651744366e-06,-5.4668565135380854e-05,-6.58931386862839e-06,-1.099203197441632e-05
6.1184971416426325e-06,-6.301608194668665e-09,5.550729294915211e-06,-5.04996364595181e-05,-9.598890601557297e-06,-1.0772180139925969e-05
6.118499724401003e-06,-6.3462840998016774e-09,5.585777696731155e-06,-4.56131777434238e-05,-1.3345461855260994e-05,-1.0556721517973382e-05
6.118503791386027e-06,-6.3900331375211e-09,5.61009252405437e-06,-4.0010936792588046e-05,-1.782633554580028e-05,-1.0345568186070267e-05
6.1180407335279505e-06,-6.432202969729249e-09,0.00010570107240277935,-3.3694645331578404e-05,-2.3036125630537455e-05,-1.0138633981335462e-05
6.118310036507029e-06,-6.474457763948173e-09,4.7926084870718616e-05,-2.6666056831791635e-05,-2.897717013368491e-05,-9.935834463160987e-06
6.118267281636418e-06,-6.515458178000397e-09,5.838526945041064e-05,-1.8927012799821e-05,-3.564387988741537e-05,-9.737086881283955e-06
6.118220815630172e-06,-6.555549855431783e-09,6.997541536649477e-05,-1.0479255414287648e-05,-4.3034042891269876e-05,-9.54231013961619e-06
6.11817083278688e-06,-6.594729081476003e-09,8.269197570325271e-05,-1.3245724457594905e-06,-5.114501306478561e-05,-9.351424764972162e-06
6.11811752674769e-06,-6.632991406548707e-09,9.65304305426395e-05,8.535240635864474e-06,-5.997415691332287e-05,-9.164352872484502e-06
6.118061090497575e-06,-6.670329744155418e-09,0.00011148628647082233,1.9098380773253805e-05,-6.951885341423813e-05,-8.981018136961797e-06
6.118001716368971e-06,-6.7067345326206134e-09,0.00012755507609507608,3.0363037467344027e-05,-7.977649390414023e-05,-8.801345758806046e-06
6.117939596035124e-06,-6.742195408963747e-09,0.00014473235756821238,4.232739281161352e-05,-9.074448196844134e-05,-8.625262434982003e-06
6.117874920564817e-06,-6.776697632693954e-09,0.00016301371411429975,5.4989621595903694e-05,-0.00010242023333036374,-8.452696328043626e-06
6.117807880347313e-06,-6.810226302318042e-09,0.0001823947535637197,6.83478914193864e-05,-0.00011480117574266997,-8.283577038768215e-06
6.1177386651843405e-06,-6.8427642795591955e-09,0.0002028711078895931,8.240036278181115e-05,-0.00012788474887888372,-8.117835575571354e-06
6.117667464221651e-06,-6.874292228193442e-09,0.00022443843274907988,9.714518916635453e-05,-0.0001416684042263643,-7.955404326253187e-06
6.11759446594462e-06,-6.904788385731915e-09,0.00024709240703309654,0.00011258051706433255,-0.00015614960497990467,-7.796217031743422e-06
6.117519858299762e-06,-6.934231312806798e-09,0.0002708287324191523,0.00012870448611430177,-0.00017132582593688576,-7.640208758457731e-06
6.117443828547705e-06,-6.962595842043123e-09,0.00029564313292892015,0.00014551522921965834,-0.0001871945533930409,-7.487315871376399e-06
6.1173665633502625e-06,-6.989856874624773e-09,0.0003215313544903375,0.00016301087254303603,-0.00020375328503929597,-7.337476008788217e-06
6.117288248813743e-06,-7.015985307860014e-09,0.00034848916450635705,0.0001811895356115369,-0.00022099952985942333,-7.19062805620199e-06
6.117209070364076e-06,-7.040951822460625e-09,0.0003765123514269471,0.00020004933137403205,-0.00023893080802903178,-7.0467121215340035e-06
6.117129212876599e-06,-7.0647254731603855e-09,0.00040559672432584343,0.00021958836632754845,-0.0002575446508148783,-6.905669510740033e-06
6.11704886062603e-06,-7.087274159563753e-09,0.00043573811248323125,0.00023980474054265306,-0.00027683860047584316,-6.7674427046686255e-06
6.1169681972832315e-06,-7.108562752393784e-09,0.0004669323649713378,0.0002606965477041875,-0.00029681021016398945,-6.631975333527751e-06
6.116887405961206e-06,-7.1285564820576085e-09,0.0004991753502458926,0.00028226187523662635,-0.0003174570438275883,-6.49921215651281e-06
6.116806669166617e-06,-7.147217728361061e-09,0.0005324629557427932,0.000304498804362182,-0.00033877667611396304,-6.369099036717432e-06
6.116726168828605e-06,-7.164508757934518e-09,0.0005667910874759594,0.0003274054100710021,-0.0003607666922737038,-6.241582920984213e-06
6.116646086342869e-06,-7.180390092252821e-09,0.0006021556696443404,0.00035097976133519775,-0.00038342468806637064,-6.116611817312611e-06
6.116566602477117e-06,-7.194820181261624e-09,0.0006385526442413964,0.00037521992102601575,-0.00040674826966575106,-5.994134773433576e-06
6.1164878974865055e-06,-7.207756388256486e-09,0.0006759779706678695,0.00040012394603775834,-0.00043073505356740086,-5.8741018571040695e-06
6.116410151085472e-06,-7.219155512434432e-09,0.0007144276253493334,0.00042568988733311555,-0.0004553826664960806,-5.756464134181199e-06
6.1163335423517034e-06,-7.228972989921657e-09,0.0007538976013563482,0.00045191579004691515,-0.0004806887453137449,-5.6411736503602704e-06
6.11625824991134e-06,-7.237162330525417e-09,0.0007943839080379389,0.00047879969342202295,-0.000506650936930248,-5.528183409694107e-06
6.116184451784271e-06,-7.243676373617919e-09,0.0008358825706434148,0.0005063396309586458,-0.0005332668982122598,-5.417447356996229e-06
6.116112325510785e-06,-7.248466793901068e-09,0.0008783896299664608,0.0005345336304279785,-0.0005605342958955034,-5.308920358524758e-06
6.116042048016144e-06,-7.2514847145363465e-09,0.0009219011419774751,0.0005633797139398206,-0.0005884508064956625,-5.202558183719896e-06
6.115973795772522e-06,-7.252679097216399e-09,0.0009664131774691557,0.0005928758980019944,-0.0006170141162217611,-5.0983174859990785e-06
6.115907744688996e-06,-7.251998329955395e-09,0.0010119218217061546,0.0006230201934567584,-0.0006462219208896256,-4.996155786881655e-06
6.115844070161181e-06,-7.2493898028644366e-09,0.0010584231740730944,0.0006538106057094444,-0.0006760719258357117,-4.896031457282333e-06
6.115782947089527e-06,-7.244799936926961e-09,0.0011059133477335685,0.0006852451346098267,-0.0007065618458328596,-4.797903701359344e-06
6.115724549860121e-06,-7.2381744930488765e-09,0.0011543884692877381,0.000717321774551991,-0.0007376894050059243,-4.701732538973622e-06
6.115669052339118e-06,-7.2294582267469465e-09,0.0012038446784350195,0.0007500385146059669,-0.0007694523367480918,-4.607478790757059e-06
6.115616627894022e-06,-7.21859435088765e-09,0.001254278127645612,0.0007833933383620382,-0.0008018483836390019,-4.51510406001831e-06
6.115567449442906e-06,-7.205524534074429e-09,0.0013056849818260147,0.0008173842241565365,-0.000834875297362127,-4.424570719364936e-06
6.11552168934501e-06,-7.190191648034631e-09,0.0013580614180002313,0.0008520091450123083,-0.0008685308386245983,-4.335841893439589e-06
6.115479519512011e-06,-7.172537425053331e-09,0.0014114036249854574,0.0008872660686733387,-0.0009028127770763502,-4.248881445766232e-06
6.115441111390776e-06,-7.152499837705705e-09,0.0014657078030762306,0.0009231529577084315,-0.000937718891230509,-4.163653961654473e-06
6.115406635934525e-06,-7.130019695893524e-09,0.0015209701637302151,0.0009596677694847777,-0.0009732469683849538,-4.080124736374336e-06
6.11537626363833e-06,-7.105034543354431e-09,0.001577186929260499,0.0009968084562159045,-0.0010093948045439896,-3.998259758173333e-06
6.115350164500683e-06,-7.077483309616016e-09,0.001634354332526204,0.0010345729649965352,-0.001046160204340748,-3.918025696784712e-06
6.11532850811702e-06,-7.04730150295848e-09,0.0016924686166361804,0.001072959237892286,-0.0010835409809613309,-3.8393898889422214e-06
6.115306614221445e-06,-7.014421915118942e-09,0.001753595937972137,0.0011119246634047186,-0.0011223729748459396,-3.76232041677249e-06
6.1152895430691395e-06,-6.978784576305345e-09,0.0018156986087447245,0.0011515070554915625,-0.0011618304673384663,-3.6867858225412143e-06
6.115277463660623e-06,-6.9403224033175284e-09,0.0018787734912438345,0.0011917043317022976,-0.0012019115314486886,-3.612755364017915e-06
6.115270544621931e-06,-6.898968379447418e-09,0.001942817447270877,0.0012325144050098112,-0.001242614244454417,-3.5401989151269677e-06
6.11526895419803e-06,-6.854654224112139e-09,0.002007827338215503,0.0012739351836028978,-0.0012839366879765597,-3.46908695223887e-06
6.1152728602667476e-06,-6.807310392735431e-09,0.002073800025138378,0.0013159645711352766,-0.0013258769480526031,-3.3993905424021338e-06
6.115282430320969e-06,-6.756868770895177e-09,0.002140732368843426,0.001358600466536071,-0.0013684331152003216,-3.331081332296344e-06
6.115297831503522e-06,-6.703258087601034e-09,0.0022086212299595844,0.0014018407641544384,-0.0014116032844994077,-3.26413153524641e-06
6.115319230594988e-06,-6.6464072534444996e-09,0.0022774634690112833,0.0014456833537701125,-0.0014553855556485844,-3.1985139216731713e-06
6.115346793980409e-06,-6.586247182358411e-09,0.0023472559464918176,0.0014901261205572723,-0.0014997780330391498,-3.1342018060481678e-06
6.115380687736207e-06,-6.522703241012789e-09,0.00241799552293822,0.0015351669451372507,-0.001544778825821698,-3.0711690370186844e-06
6.115421077533774e-06,-6.455705144129859e-09,0.0024896790589961745,0.0015808037036254589,-0.0015903860479654806,-3.0093899873540442e-06
6.115468128734481e-06,-6.385179069725398e-09,0.002562303415491342,0.0016270342676121233,-0.0016365978183239046,-2.948839542128577e-06
6.115522006356326e-06,-6.31105220031494e-09,0.0026358654534972183,0.0016738565041548,-0.0016834122606994842,-2.8894930892822706e-06
6.11558287503565e-06,-6.233249655609275e-09,0.0027103620343997955,0.0017212682759027678,-0.0017308275039039907,-2.831326509409509e-06
6.115650899103279e-06,-6.151698203050689e-09,0.002785790019963885,0.0017692674409261159,-0.0017788416818117292,-2.774316166209641e-06
6.115726242552274e-06,-6.0663209669741284e-09,0.0028621462723941093,0.0018178518529642382,-0.001827452933424231,-2.718438895445016e-06
6.115809069017124e-06,-5.977043478377393e-09,0.0029394276543971286,0.0018670193612799956,-0.0018766594029273238,-2.6636719982757358e-06
6.115899541846366e-06,-5.8837904930317074e-09,0.0030176310292459106,0.0019167678106915096,-0.0019264592397411058,-2.609993228550796e-06
6.115997824025789e-06,-5.786484858680185e-09,0.0030967532608329614,0.0019670950416700987,-0.001976850598582353,-2.5573807870371214e-06
6.1161040782665845e-06,-5.6850496105431285e-09,0.0031767912137358645,0.0020179988901966495,-0.0020278316395147935,-2.5058133093173965e-06
6.116218466894248e-06,-5.579407809187456e-09,0.0032577417532697185,0.002069477188007886,-0.002079400527998592,-2.4552698600163507e-06
6.11583590915415e-06,-5.468636119096575e-09,0.0033396017461148663,0.0021215291768670254,-0.002131555680939944,-2.405729441857309e-06
6.115449095671874e-06,-5.360079652934194e-09,0.0034223680586511554,0.0021741513090612137,-0.0021842950365487685,-2.357172382864032e-06
6.1150580413869e-06,-5.2536942912291215e-09,0.0035060375587425154,0.00222734140503048,-0.002237616777090023,-2.3095789778239616e-06
6.114662761186738e-06,-5.149436868806282e-09,0.0035906071152100086,0.002281097280880055,-0.0022915190904305863,-2.262929915879622e-06
6.114263270019105e-06,-5.047264063162701e-09,0.003676073597882889,0.0023354167484587597,-0.002346000170083688,-2.217206272259439e-06
6.113859582757404e-06,-4.9471350220043654e-09,0.0037624338776504427,0.0023902976153387895,-0.0024010582152563876,-2.1723895018348934e-06
6.113451714292143e-06,-4.849008466898373e-09,0.0038496848265094255,0.002445737684819483,-0.002456691430892867,-2.1284614305762006e-06
6.113039679461361e-06,-4.752843810143474e-09,0.003937823317614691,0.002501734755969715,-0.0025128980277193944,-2.085404247890014e-06
6.112623493166448e-06,-4.658602341886745e-09,0.004026846225326314,0.0025582866236607557,-0.002569676222285118,-2.0432005000133237e-06
6.112203170253599e-06,-4.566246101323439e-09,0.004116750425255166,0.002615391078500505,-0.0026270242370041055,-2.0018330833527027e-06
6.111778725497331e-06,-4.475736944726963e-09,0.0042075327943118645,0.0026730459068947804,-0.0026849403001960484,-1.961285236214996e-06
6.1113501738057494e-06,-4.387037637086302e-09,0.0042991902107483515,0.0027312488910594796,-0.00274342264612525,-1.9215405317016795e-06
6.1109175299441366e-06,-4.300112754148679e-09,0.004391719554203246,0.002789997809036115,-0.0028024695150389366,-1.882582873931261e-06
6.110480808707962e-06,-4.214926184202599e-09,0.004485117705744543,0.0028492904346910965,-0.0028620791532045567,-1.8443964876635516e-06
6.110040024917899e-06,-4.131443652327513e-09,0.0045793815479131545,0.0029091245376846268,-0.0029222498129462134,-1.8069659141332758e-06
6.109595193324046e-06,-4.049630260107004e-09,0.004674507964763851,0.0029694978835810124,-0.002982979752679918,-1.7702760043359949e-06
6.109146328723298e-06,-3.96945287910164e-09,0.0047704938419040315,0.003030408233792667,-0.003044267236947376,-1.7343119128082724e-06
6.1086934458119746e-06,-3.89087967535348e-09,0.004867336066536365,0.0030918533455352184,-0.0031061105364504566,-1.6990590913552595e-06
6.108236559395404e-06,-3.813877433920699e-09,0.004965031527495096,0.003153830972034846,-0.0031685079280830636,-1.6645032828938806e-06
6.1077756841458155e-06,-3.738415515893649e-09,0.005063577115286057,0.003216338862247574,-0.0032314576949624956,-1.630630516450309e-06
6.107310834828964e-06,-3.664462256455008e-09,0.005162969722123312,0.0032793747611512035,-0.003294958126459977,-1.5974271008936416e-06
6.106842026110575e-06,-3.591988951282804e-09,0.005263206241967097,0.003342936409588061,-0.003359007518230352,-1.5648796193774168e-06
6.106369272697377e-06,-3.5209642528735046e-09,0.005364283570557384,0.0034070215443104423,-0.0034236041722409366,-1.53297492368864e-06
6.105892589278299e-06,-3.4513604912899136e-09,0.005466198605450872,0.003471627897975019,-0.0034887463967992307,-1.5017001294620437e-06
6.1054119905145315e-06,-3.383148831695833e-09,0.005568948246056449,0.0035367531992706717,-0.0035544325065799335,-1.4710426104153728e-06
6.1049274910350075e-06,-3.316301152802396e-09,0.005672529393665863,0.0036023951727110295,-0.0036206608226497807,-1.4409899932395935e-06
6.104439105518725e-06,-3.250789987499527e-09,0.0057769389514902994,0.0036685515388844335,-0.003687429672494672,-1.4115301531590048e-06
6.103946848589776e-06,-3.186588813068066e-09,0.0058821738246901106,0.0037352200142367056,-0.0037547373900421377,-1.3826512078789445e-06
6.103450734856375e-06,-3.123672127721051e-09,0.005988230920409112,0.003802398311294011,-0.003822582315685743,-1.3543415138113125e-06
6.1029507789189094e-06,-3.062013890060711e-09,0.006095107147803623,0.0038700841384578435,-0.003890962796306265,-1.3265896605268633e-06
6.1024469953675205e-06,-3.001588395740626e-09,0.006202799418074082,0.003938275200249185,-0.003959877185294969,-1.2993844664788673e-06
6.101939398807296e-06,-2.942371580625915e-09,0.006311304644496119,0.00400696919710195,-0.004029323842573251,-1.2727149746160958e-06
6.1014280037627275e-06,-2.884339314970525e-09,0.006420619742447901,0.0040761638254612565,-0.00409930113461334,-1.2465704476669875e-06
6.100912824806159e-06,-2.8274678644250775e-09,0.006530741629439622,0.004145856777875272,-0.004169807434456895,-1.2209403634761443e-06
6.100393876498769e-06,-2.771733080004013e-09,0.006641667225143107,0.0042160457428194985,-0.004240841121733173,-1.19581441123232e-06
6.099871173347432e-06,-2.7171130793361996e-09,0.006753393451416832,0.004286728404927174,-0.00431240058267667,-1.1711824872422095e-06
6.099344729877405e-06,-2.6635853885860326e-09,0.0068659172323354235,0.00435790244477735,-0.004384484210143705,-1.14703469038674e-06
6.098814560567329e-06,-2.61112826266948e-09,0.006979235494214399,0.004429565539097743,-0.0044570904036290715,-1.1233613183413494e-06
6.0982806799145055e-06,-2.559720329605277e-09,0.007093345165638454,0.004501715360581925,-0.004530217569279529,-1.1001528635825383e-06
6.097743102413667e-06,-2.5093409433075346e-09,0.007208243177484939,0.004574349578112591,-0.004603864119909857,-1.0774000097773185e-06
6.097201842515684e-06,-2.4599683761512646e-09,0.007323926462948788,0.004647465856603369,-0.0046780284750150185,-1.0550936273466626e-06
6.096656914655091e-06,-2.4115838160056587e-09,0.0074403919575685646,0.004721061857070012,-0.004752709060783475,-1.0332247702927125e-06
6.0961083332804615e-06,-2.364166146476561e-09,0.007557636599249318,0.0047951352366458365,-0.004827904310108592,-1.011784672657782e-06
6.095556112808709e-06,-2.317697963154488e-09,0.007675657328286748,0.004869683648571642,-0.004903612662600641,-9.90764744514519e-07
6.0950002676453225e-06,-2.272157949481234e-09,0.007794451087388813,0.004944704742220014,-0.0049798325645965015,-9.70156568318608e-07
6.094440812206241e-06,-2.2275295836556464e-09,0.007914014821701133,0.005020196163118564,-0.005056562469169966,-9.499518963921172e-07
6.0938777608464095e-06,-2.183793182712344e-09,0.008034345478827023,0.0050961555528956344,-0.005133800836140394,-9.301426465556626e-07
6.093311127952776e-06,-2.1409316522847006e-09,0.008155440008848512,0.0051725805493610085,-0.0052115461320810874,-9.107208992290781e-07
6.092740927873306e-06,-2.0989269454175916e-09,0.008277295364350158,0.0052494687864909515,-0.005289796830325943,-8.91678894552035e-07
6.092167174943136e-06,-2.057762280184352e-09,0.00839990850043739,0.0053268178944771575,-0.005368551410977541,-8.730090289388917e-07
6.091589883500815e-06,-2.0174210975160736e-09,0.008523276374758668,0.005404625499610732,-0.005447808360912496,-8.547038517496517e-07
6.0910090678320665e-06,-1.9778864141937937e-09,0.008647395947524398,0.005482889224398222,-0.005527566173786124,-8.36756062126651e-07
6.090424742259604e-06,-1.9391426521567527e-09,0.008772264181527413,0.005561606687644538,-0.005607823350039236,-8.191585072715181e-07
6.089836921088864e-06,-1.9011742146417032e-09,0.008897878042160887,0.005640775504243466,-0.005688578396898901,-8.019041781167588e-07
6.089245618540176e-06,-1.8639646839664766e-09,0.009024234497438506,0.005720393285375606,-0.005769829828383882,-7.849862066085655e-07
6.088650848920628e-06,-1.8274992219247934e-09,0.009151330518012963,0.005800457638461849,-0.005851576165308105,-7.683978642019831e-07
6.088052626437575e-06,-1.791762973259601e-09,0.009279163077193469,0.005880966167137287,-0.005933815935279576,-7.52132557480016e-07
6.087450965361713e-06,-1.7567419313578505e-09,0.009407729150962385,0.005961916471342358,-0.006016547672703724,-7.361838268737412e-07
6.086845879861445e-06,-1.7224205702885779e-09,0.009537025717995588,0.006043306147203022,-0.006099769918783663,-7.205453427838195e-07
6.086237384164272e-06,-1.6887863942947906e-09,0.009667049759676749,0.006125132787199437,-0.006183481221519168,-7.052109042904476e-07
6.085625492471871e-06,-1.6558239741631346e-09,0.009797798260113944,0.00620739398006964,-0.0062676801357068055,-6.901744350085172e-07
6.0850102189056194e-06,-1.623521293343813e-09,0.009929268206159582,0.00629008731082146,-0.006352365222938766,-6.75429982955179e-07
6.084391577679889e-06,-1.591864644082412e-09,0.010061456587421755,0.006373210360810968,-0.006437535051598983,-6.609717157947652e-07
6.0837695829213415e-06,-1.5608409087303492e-09,0.010194360396282787,0.006456760707705061,-0.006523188196862555,-6.467939197740726e-07
6.083144248763965e-06,-1.5304374972067368e-09,0.010327976627913578,0.00654073592550687,-0.0066093232406907254,-6.328909967273148e-07
6.082515589305495e-06,-1.5006421508187754e-09,0.010462302280289782,0.006625133584520547,-0.006695938771828286,-6.192574634642798e-07
6.081883618668415e-06,-1.4714432487809544e-09,0.01059733435420402,0.006709951251423958,-0.006783033385797564,-6.058879469960024e-07
6.081248350930156e-06,-1.4428277278716404e-09,0.010733069853285378,0.006795186489295222,-0.0068706056848951294,-5.92777184154356e-07
6.080609800165433e-06,-1.4147840942315158e-09,0.010869505784006672,0.006880836857521966,-0.006958654278182672,-5.799200190263075e-07
6.0799679804390685e-06,-1.387301939729789e-09,0.011006639155704871,0.006966899911925543,-0.007047177781484323,-5.673114007923429e-07
6.079322905800249e-06,-1.3603688479188562e-09,0.011144466980591052,0.007053373204734478,-0.007136174817377681,-5.549463819046356e-07
6.07867459024247e-06,-1.3339748464324957e-09,0.011282986273764372,0.007140254284509282,-0.007225644015184539,-5.428201155720936e-07
6.078023047819786e-06,-1.3081086433660677e-09,0.011422194053226213,0.007227540696333502,-0.007315584010966598,-5.309278548894052e-07
6.077368292538048e-06,-1.2827590171237487e-09,0.011562087339891317,0.007315229981648594,-0.007405993447512796,-5.192649494966962e-07
6.076710338338276e-06,-1.2579173154147544e-09,0.011702663157601132,0.007403319678362605,-0.007496870974331234,-5.07826845018462e-07
6.076049199238512e-06,-1.23357167439747e-09,0.0118439185331386,0.0074918073208744395,-0.007588215247641214,-4.966090805857004e-07
6.075384889157136e-06,-1.2097130693627473e-09,0.01198585049623394,0.007580690439999134,-0.0076800249303584514,-4.856072868147962e-07
6.074717422053358e-06,-1.1863313101230657e-09,0.012128456079584814,0.0076699665630531955,-0.007772298692087704,-4.7481718504698944e-07
6.074046811874318e-06,-1.1634170408539334e-09,0.012271732318861252,0.0077596332138637775,-0.007865035209109765,-4.6423458456307365e-07
6.073373072481168e-06,-1.1409620405551082e-09,0.012415676252718126,0.00784968791275524,-0.007958233164366255,-4.5385538175005386e-07
6.072696217823642e-06,-1.1189557128833834e-09,0.012560284922810284,0.007940128176537657,-0.008051891247452626,-4.436755577294246e-07
6.072016261766074e-06,-1.0973888569687805e-09,0.012705555373800135,0.008030951518612385,-0.0081460081546004,-4.3369117745211595e-07
6.0713332181386955e-06,-1.0762542308625594e-09,0.01285148465336731,0.008122155448848008,-0.008240582588663191,-4.238983879761136e-07
6.070647100858257e-06,-1.0555412290176537e-09,0.012998069812223222,0.008213737473780694,-0.008335613259105562,-4.142934164911019e-07
6.069957923713377e-06,-1.0352430424055567e-09,0.013145307904116258,0.008305695096394256,-0.008431098881983356,-4.048725698971803e-07
6.0692657005427755e-06,-1.0153507037103786e-09,0.013293195985845606,0.008398025816365088,-0.008527038179932202,-3.956322315569195e-07
6.068570445167735e-06,-9.95855509275563e-10,0.013441731117271389,0.008490727129870227,-0.008623429882149376,-3.8656886228532935e-07
6.067872171358948e-06,-9.767508811974016e-10,0.013590910361319366,0.008583796529770359,-0.00872027272437627,-3.776789968412753e-07
6.0671708929036825e-06,-9.580281565921159e-10,0.013740730783999712,0.008677231505517302,-0.00881756544888557,-3.6895924400335886e-07
6.066466623552249e-06,-9.396799647196064e-10,0.013891189454403706,0.008771029543196952,-0.008915306804456615,-3.604062843894932e-07
6.065759377058807e-06,-9.216984711519154e-10,0.014042283444724938,0.008865188125589939,-0.0090134955463641,-3.5201686952210737e-07
6.065049167159353e-06,-9.04077450798274e-10,0.014194009830261495,0.00895970473205472,-0.009112130436354974,-3.4378782104156514e-07
6.064336007565691e-06,-8.868081008772482e-10,0.014346365689425544,0.009054576838738778,-0.009211210242631204,-3.3571602883447074e-07
6.0636199119962e-06,-8.69883695749031e-10,0.01449934810375367,0.009149801918380883,-0.009310733739829043,-3.277984497960105e-07
6.0629008941101804e-06,-8.532981180264809e-10,0.014652954157911558,0.009245377440484313,-0.009410699708999593,-3.200321073894399e-07
6.062178967589058e-06,-8.370442091410873e-10,0.014807180939709598,0.009341300871271446,-0.009511106937588406,-3.124140903214139e-07
6.061454146082151e-06,-8.211150993185287e-10,0.01496202554010117,0.009437569673718444,-0.009611954219412378,-3.049415512054708e-07
6.060726443254641e-06,-8.055044796270212e-10,0.015117485053199544,0.009534181307485375,-0.009713240354640867,-2.976117052819628e-07
6.059995872690018e-06,-7.902062880313322e-10,0.015273556576278189,0.009631133229067045,-0.009814964149770965,-2.904218305311644e-07
6.059262448031034e-06,-7.752137857643381e-10,0.015430237209783662,0.00972842289170847,-0.009917124417606608,-2.833692654039586e-07
6.058526182860779e-06,-7.605208900418874e-10,0.015587524057343082,0.009826047745432926,-0.010019719977236127,-2.7645140847676175e-07
6.057787090753987e-06,-7.46121918199558e-10,0.015745414225765177,0.009924005237125928,-0.010122749654005185,-2.696657177921323e-07
6.05704518528515e-06,-7.320115509212632e-10,0.015903904825055507,0.010022292810427167,-0.010226212279497073,-2.6300970996899704e-07
6.056300479991558e-06,-7.181824237874633e-10,0.01606299296841871,0.010120907905893328,-0.010330106691506075,-2.564809578255404e-07
6.0555529884011025e-06,-7.046303518506173e-10,0.01622267577226318,0.01021984796091155,-0.010434431734010895,-2.5007709279786826e-07
6.054802724033079e-06,-6.913492363261212e-10,0.016382950356217573,0.010319110409673317,-0.01053918625715442,-2.437958005241913e-07
6.054049700396116e-06,-6.783337768307687e-10,0.016543813843126743,0.010418692683355645,-0.010644369117212503,-2.3763482244054878e-07
6.053293930963702e-06,-6.655781126622826e-10,0.016705263359061175,0.010518592210003728,-0.010749979176569946,-2.315919548441942e-07
6.052535429209633e-06,-6.530782572770373e-10,0.016867296033325634,0.010618806414543651,-0.010856015303693515,-2.2566504727051433e-07
6.051774208589964e-06,-6.408283017426996e-10,0.017029908998467208,0.010719332718892569,-0.010962476373106104,-2.1985200251347683e-07
6.0510102825679364e-06,-6.288229729149486e-10,0.017193099390272373,0.01082016854185572,-0.01106936126535689,-2.1415077605861442e-07
6.050243664522236e-06,-6.170575383783564e-10,0.017356864347784492,0.010921311299278862,-0.011176668866995915,-2.0855937491267124e-07
6.049474367873619e-06,-6.055271613986113e-10,0.017521201013300212,0.011022758403930131,-0.011284398070542743,-2.030758578896099e-07
6.048702406045898e-06,-5.942277593497524e-10,0.017686106532382947,0.011124507265576978,-0.011392547774460597,-1.9769833494009574e-07
6.047927792369937e-06,-5.83153660941316e-10,0.017851578053858716,0.011226555291062123,-0.011501116883123485,-1.9242496554657309e-07
6.04715054023548e-06,-5.723020125599605e-10,0.018017612729833956,0.011328899884180418,-0.011610104306791257,-1.8725396037689785e-07
6.046370662969846e-06,-5.616663695470363e-10,0.018184207715690563,0.011431538445850292,-0.011719508961575859,-1.8218357880973053e-07
6.0455881738994825e-06,-5.51244391135464e-10,0.018351360170096333,0.011534468373959921,-0.01182932976941192,-1.77212130064172e-07
6.044803086366239e-06,-5.410302112781885e-10,0.01851906725500694,0.011637687063572695,-0.011939565658025224,-1.7233797179835568e-07
6.044015413630209e-06,-5.31020094344766e-10,0.018687326135676998,0.011741191906793359,-0.01205021556090404,-1.6755951029678062e-07
6.043225168990033e-06,-5.212105380165901e-10,0.018856133980657726,0.011844980292838266,-0.012161278417264079,-1.6287520115114593e-07
6.042432365724819e-06,-5.115968123447926e-10,0.01902548796180446,0.011949049608107522,-0.01227275317201766,-1.5828354710002883e-07
6.041637017064908e-06,-5.021750337307442e-10,0.019195385254283947,0.012053397236058548,-0.012384638775743044,-1.5378309968458548e-07
6.040839136255544e-06,-4.929419497322519e-10,0.019365823036577724,0.012158020557425025,-0.012496934184650204,-1.4937245802614731e-07
6.040038736491779e-06,-4.83893791117075e-10,0.01953679849048138,0.012262916949984035,-0.012609638360543475,-1.4505026961307505e-07
6.0392358309948574e-06,-4.750263837322602e-10,0.01970830880112352,0.012368083788865175,-0.012722750270800984,-1.4081522896547247e-07
6.038430432945804e-06,-4.663362847090555e-10,0.019880351156947012,0.01247351844629128,-0.012836268888319994,-1.3666607946124987e-07
6.0376225555318945e-06,-4.5781949827964654e-10,0.020052922749735635,0.012579218291763422,-0.01295019319150376,-1.3260161151214664e-07
6.0368122118836916e-06,-4.4947378309829306e-10,0.020226020774610574,0.012685180692011248,-0.013064522164214604,-1.2862066510012652e-07
6.035999415150384e-06,-4.4129397566739523e-10,0.02039964243002362,0.0127914030110909,-0.01317925479573819,-1.2472212659046334e-07
6.035184178455672e-06,-4.3327789808059246e-10,0.020573784917784773,0.012897882610262751,-0.01329439008075929,-1.209049327475958e-07
6.03436651490656e-06,-4.2542243151852724e-10,0.020748445443039356,0.013004616848095127,-0.01340992701931035,-1.1716806808933033e-07
6.0335464375614834e-06,-4.177242142870029e-10,0.02092362121429116,0.01311160308054075,-0.013525864616748089,-1.1351056638621468e-07
6.032723959544262e-06,-4.1017999836364435e-10,0.021099309443400712,0.013218838660826652,-0.013642201883712316,-1.0993151143833262e-07
6.0318990938845216e-06,-4.027862954397699e-10,0.021275507345585174,0.013326320939540798,-0.01375893783608711,-1.0643003712414365e-07
6.03107185364251e-06,-3.955401034730664e-10,0.021452212139429033,0.013434047264635691,-0.013876071494969158,-1.0300532712905358e-07
6.0302422518268815e-06,-3.8843927465055975e-10,0.02162942104687752,0.013542014981478617,-0.013993601886623415,-9.965661759792706e-08
6.029410301458379e-06,-3.8147985256944484e-10,0.021807131293255805,0.01365022143278992,-0.014111528042452947,-9.638319588209711e-08
6.028576015518297e-06,-3.746598885338647e-10,0.021985340107253327,0.0137586639587388,-0.014229848998951843,-9.318440239992128e-08
6.027739406990052e-06,-3.6797648656019556e-10,0.022164044720941332,0.01386733989695171,-0.014348563797676694,-9.005963059817687e-08
6.026900488851448e-06,-3.614269551317908e-10,0.02234324236977489,0.013976246582436137,-0.014467671485200218,-8.700832928012842e-08
6.026059274031238e-06,-3.550079634135581e-10,0.022522930292587454,0.01408538134774569,-0.014587171113075404,-8.403000138433108e-08
6.0252157754654316e-06,-3.48717540175176e-10,0.022703105731603498,0.01419474152284286,-0.014707061737797174,-8.112420808530817e-08
6.024370006074115e-06,-3.4255249149595774e-10,0.022883765932434623,0.014304324435286758,-0.014827342420757637,-7.829056714111224e-08
6.0235219787389125e-06,-3.3651111991848893e-10,0.023064908144086228,0.014414127410062073,-0.014948012228212338,-7.552875587106579e-08
6.022671706341299e-06,-3.30590486556927e-10,0.023246529618964874,0.014524147769723154,-0.015069070231238145,-7.283851167935452e-08
6.021819201781106e-06,-3.2478831728366257e-10,0.0234286276128695,0.014634382834347003,-0.015190515505688576,-7.021963476011154e-08
6.020964477867474e-06,-3.19101797923208e-10,0.023611199385008472,0.014744829921670274,-0.0153123471321601,-6.767198793455382e-08
6.020107547460131e-06,-3.135287921348035e-10,0.023794242197984726,0.014855486346899312,-0.015434564195942309,-6.519549986640618e-08
6.019248423345681e-06,-3.080674078077811e-10,0.023977753317817846,0.014966349422881527,-0.015557165786983837,-6.279016667475318e-08
6.018387118343276e-06,-3.027156301336684e-10,0.024161730013939765,0.015077416460093723,-0.01568015099985101,-6.0456053322313e-08
6.01752364525913e-06,-2.9747004517327645e-10,0.024346169559181275,0.015188684766599044,-0.015803518933673464,-5.8193296180546514e-08
6.0166580168224195e-06,-2.923296968330839e-10,0.02453106922980767,0.015300151648109798,-0.01592726869212211,-5.600210532878948e-08
6.015790245802021e-06,-2.872919381164958e-10,0.02471642630549057,0.015411814408048423,-0.01605139938334895,-5.388276658667702e-08
6.014920344945222e-06,-2.823550410153134e-10,0.02490223806931884,0.01552367034742951,-0.016175910119948775,-5.183564510417965e-08
6.0140483269606545e-06,-2.775169377882813e-10,0.02508850180781994,0.01563571676498671,-0.016300800018926632,-4.986118697433243e-08
6.013174204533451e-06,-2.727756503542755e-10,0.025275214810930965,0.015747950957163845,-0.016426068201637296,-4.795992256623718e-08
6.012297990385222e-06,-2.681288058741611e-10,0.025462374372026718,0.015860370218053196,-0.016551713793754967,-4.6132470137620106e-08
6.011419697156733e-06,-2.635748846251411e-10,0.025649977787907983,0.015972971839561895,-0.016677735925222925,-4.4379538594256765e-08
6.01053933754573e-06,-2.5911180602324643e-10,0.02583802235880772,0.016085753111272447,-0.016804133730210544,-4.270193189477823e-08
6.009656924125064e-06,-2.547380831343255e-10,0.026026505388396945,0.016198711320483453,-0.016930906347072457,-4.110055058401397e-08
6.0087724695791875e-06,-2.504521164399954e-10,0.026215424183781207,0.016311843752328817,-0.017058052918298212,-3.9576399198467285e-08
6.007885986472816e-06,-2.4625180010962315e-10,0.02640477605550553,0.016425147689669503,-0.017185572590471043,-3.8130587638645686e-08
6.0069974874162855e-06,-2.421349438057926e-10,0.026594558317553738,0.016538620413097456,-0.017313464514220073,-3.6764336618583104e-08
6.00610698498188e-06,-2.3810027430415284e-10,0.02678476828735896,0.01665225920107714,-0.017441727844181357,-3.547898336931464e-08
6.00521449171733e-06,-2.3414651350652535e-10,0.026975403285792517,0.01676606132978589,-0.01757036173894267,-3.427598481447549e-08
6.004320020161673e-06,-2.302718098310747e-10,0.02716646063717429,0.01688002407324469,-0.01769936536100515,-3.315692550779379e-08
6.003423582831659e-06,-2.264754026489905e-10,0.027357937669279242,0.01699414470330383,-0.017828737876735997,-3.2123520453226217e-08
6.0025251922731804e-06,-2.227535480051892e-10,0.027549831713322488,0.017108420489624226,-0.017958478456318157,-3.117762268891513e-08
6.001624860953164e-06,-2.1910674559489957e-10,0.027742140103982307,0.01722284869959375,-0.018088586273709226,-3.032123010893594e-08
6.000722601342086e-06,-2.1553219585395225e-10,0.027934860179388062,0.017337426598553266,-0.01821906050659252,-2.955649102210601e-08
5.999818425903511e-06,-2.120293236639167e-10,0.02812798928111662,0.01745215144958772,-0.0183499003363269,-2.888571281952587e-08
5.998912347074188e-06,-2.0859612481270262e-10,0.02832152475422254,0.017567020513639425,-0.01848110494791046,-2.8311366891663906e-08
5.998004377292986e-06,-2.052320037887142e-10,0.028515463947199594,0.01768203104951647,-0.01861267352991654,-2.783610054202745e-08
5.997094528964295e-06,-2.0193483846271047e-10,0.02870980421201191,0.0177971803138035,-0.018744605274459994,-2.7462741554349605e-08
5.9961828144752016e-06,-1.987038062488091e-10,0.02890454290409328,0.01791246556090412,-0.018876899377148645,-2.7194309948136e-08
5.9952692462085146e-06,-1.955376096992109e-10,0.029099677382327542,0.018027884043113528,-0.019009555037024808,-2.703402636788874e-08
5.9943538365270285e-06,-1.9243403031434837e-10,0.029295205009074964,0.01814343301051261,-0.019142571456528316,-2.6985321806098094e-08
5.99343659777064e-06,-1.8939337467440863e-10,0.029491123150164247,0.01825910971096992,-0.01927594784144589,-2.705184905836084e-08
5.992517542264685e-06,-1.864129353961239e-10,0.029687429174886055,0.018374911390255887,-0.019409683400857476,-2.7237494048702687e-08
5.991596682339241e-06,-1.8349181212412883e-10,0.02988412045600706,0.018490835291820912,-0.019543777347093685,-2.7546386379453474e-08
5.990674030268521e-06,-1.8062961070180582e-10,0.03008119436976645,0.018606878656978118,-0.01967822889568552,-2.7982913786248958e-08
5.989749598327899e-06,-1.778243690095198e-10,0.030278648295876533,0.018723038724815084,-0.019813037265315348,-2.8551733581245193e-08
5.988823398800064e-06,-1.7507511063851117e-10,0.030476479617517923,0.018839312732183016,-0.019948201677762546,-2.9257788736287897e-08
5.987895443912298e-06,-1.7238047799994743e-10,0.030674685721360208,0.01895569791359098,-0.020083721357867443,-3.0106320935451316e-08
5.98696574591558e-06,-1.6973962922778231e-10,0.03087326399754111,0.01907219150143626,-0.02021959553346944,-3.110288716672276e-08
5.986034317010694e-06,-1.6715215422423815e-10,0.03107221183967446,0.019188790725647595,-0.020355823435357516,-3.225337654348657e-08
5.9851011693933934e-06,-1.6461645514975135e-10,0.03127152664487341,0.019305492813957173,-0.020492404297239922,-3.356402718791282e-08
5.984166315237477e-06,-1.621307464351522e-10,0.031471205813707125,0.01942229499164652,-0.020629337355662056,-3.5041445105181986e-08
5.983229766716161e-06,-1.5969510654279667e-10,0.03167124675024091,0.01953919448170286,-0.020766621849982785,-3.669262430720565e-08
5.982291535978859e-06,-1.5730799131468125e-10,0.031871646862030874,0.019656188504671674,-0.02090425702232322,-3.8524966500776114e-08
5.9813516351392565e-06,-1.5496873499646192e-10,0.03207240356010061,0.019773274278633724,-0.0210422421174937,-4.054630426166554e-08
5.980410076335853e-06,-1.526761238187244e-10,0.032273514258977384,0.01989044901917889,-0.021180576382973573,-4.276492231642256e-08
5.979466871657678e-06,-1.5042891075754087e-10,0.032474976376662336,0.020007709939354596,-0.021319259068839566,-4.51895835083263e-08
5.9785220331827095e-06,-1.4822709779327436e-10,0.03267678733465394,0.020125054249680842,-0.021458289427724,-4.7829554659732835e-08
5.977575572972128e-06,-1.4606925488020004e-10,0.03287894455793739,0.02024247915800746,-0.021597666714764076,-5.0694632183076014e-08
5.976627503083046e-06,-1.4395442003452936e-10,0.03308144547498846,0.020359981869450466,-0.02173739018754958,-5.3795172375561784e-08
5.975677835534956e-06,-1.4188188621753247e-10,0.03328428751777541,0.02047755958647491,-0.02187745910607486,-5.7142121058400234e-08
5.974726582372332e-06,-1.398503364606889e-10,0.03348746812175495,0.020595209508646257,-0.022017872732679876,-6.0747045403399e-08
5.973773755580058e-06,-1.3785930427246144e-10,0.03369098472588579,0.020712928832689277,-0.022158630332015025,-6.462216754395104e-08
5.972819367118937e-06,-1.3590843172044348e-10,0.03389483477261869,0.020830714752373303,-0.0222997311709762,-6.878040039353313e-08
5.971863428987906e-06,-1.3399645625798142e-10,0.03409901570789189,0.02094856445838343,-0.02244117451865463,-7.32353855784114e-08
5.970905953122408e-06,-1.3212216987887316e-10,0.034303524981152904,0.02106647513830638,-0.022582959646296568,-7.800153160004542e-08
5.9699469514451336e-06,-1.302852644257562e-10,0.03450836004533943,0.021184443976577847,-0.0227250858272467,-8.309405741993801e-08
5.968986435866567e-06,-1.2848595590050243e-10,0.03471351835688768,0.021302468154163454,-0.022867552336886844,-8.852903319810306e-08
5.9680244183352494e-06,-1.2672168597053775e-10,0.034918997375736206,0.02142054484874241,-0.023010358452605906,-9.432342968301906e-08
5.967060910699054e-06,-1.2499275964395612e-10,0.03512479456532467,0.021538671234429912,-0.023153503453729896,-1.0049516505034623e-07
5.966095924811917e-06,-1.2329922444269403e-10,0.035330907392592044,0.02165684448160635,-0.02329698662147989,-1.07063156460053e-07
5.965129472560153e-06,-1.216389416814045e-10,0.03553733332797298,0.021775061756988887,-0.023440807238917987,-1.1404737336002997e-07
5.964161565738849e-06,-1.20011744548807e-10,0.035744069845417156,0.021893320223284888,-0.02358496459090177,-1.2146889406355802e-07
5.963192216195044e-06,-1.1841744168491217e-10,0.03595111442237161,0.022011617039190433,-0.023729457964025688,-1.2934996567068731e-07
5.962221435718966e-06,-1.168549822487872e-10,0.03615846453978348,0.022129949359161724,-0.0238742866465703,-1.3771406574512838e-07
5.961249236118378e-06,-1.1532292354681124e-10,0.036366117682119864,0.022248314333306228,-0.02401944992846542,-1.4658596848230726e-07
5.9602756291368356e-06,-1.138222688471587e-10,0.03657407133733217,0.022366709107162295,-0.02416494710121232,-1.5599181245098704e-07
5.959300626537685e-06,-1.1235116049307381e-10,0.03678232299689228,0.022485130821596738,-0.024310777457859523,-1.659591724319814e-07
5.9583242400365664e-06,-1.1090919875954438e-10,0.03699087015578838,0.022603576612457585,-0.02445694029294447,-1.7651713597254558e-07
5.957346481358249e-06,-1.0949656212657678e-10,0.037199710312491585,0.022722043610597202,-0.024603434902426124,-1.8769638155748661e-07
5.956367362241342e-06,-1.081116431560301e-10,0.0374088409690007,0.022840528941468277,-0.024750260583657157,-1.9952926051603683e-07
5.955386894317121e-06,-1.0675489795312356e-10,0.03761825963082652,0.022959029725015925,-0.024897416635327716,-2.120498840092093e-07
5.954405089266912e-06,-1.0542498895796577e-10,0.03782796380697031,0.0230775430754049,-0.0250449023573944,-2.252942130654702e-07
5.953421958804839e-06,-1.0412177419767037e-10,0.0380379510099695,0.02319606610073707,-0.025192717051069395,-2.3930015142244646e-07
5.952437514508865e-06,-1.0284376394795918e-10,0.038248218755850966,0.023314595902884632,-0.025340860018729348,-2.5410764484260637e-07
5.951451768001449e-06,-1.0159173022007131e-10,0.03845876456416895,0.023433129577189644,-0.025489330563896025,-2.6975878206902676e-07
5.9504647309067824e-06,-1.003647950016765e-10,0.03866958595798023,0.02355166421211253,-0.02563812799116406,-2.862979001618624e-07
5.949476414779218e-06,-9.916233164594191e-11,0.03888068046386177,0.023670196889077014,-0.025787251606171978,-3.0377169466834603e-07
5.948486831213549e-06,-9.798355372512765e-11,0.03909204561190639,0.023788724682009307,-0.02593670071553716,-3.2222933370416883e-07
5.947495991751655e-06,-9.682875388911702e-11,0.03930367893570574,0.02390724465720964,-0.02608647462680869,-3.4172257489426476e-07
5.94650390794893e-06,-9.569699352714861e-11,0.039515577972391296,0.024025753872829195,-0.026236572648431076,-3.62305887144216e-07
5.945510591301642e-06,-9.458776668611426e-11,0.03972774026258649,0.024144249378714837,-0.026386994089677925,-3.840365759523927e-07
5.94451605332181e-06,-9.35009371800567e-11,0.03994016335045084,0.024262728215932918,-0.02653773826062251,-4.069749117084478e-07
5.943520305553381e-06,-9.243508135157357e-11,0.040152844783642436,0.024381187416494574,-0.02668880447206705,-4.3118426348614755e-07
5.9425233593546205e-06,-9.139081037898202e-11,0.04036578211335025,0.024499624002937034,-0.026840192035515388,-4.567312308939594e-07
5.941525226278578e-06,-9.036729984680857e-11,0.040578972894277095,0.024618034987962292,-0.026991900263118616,-4.836857851814045e-07
5.940525917683861e-06,-8.936466482617315e-11,0.040792414684637235,0.02473641737413067,-0.027143928467622463,-5.121214083127575e-07
5.939525445087172e-06,-8.838106679310025e-11,0.04100610504618281,0.024854768153327794,-0.027296275962337295,-5.421152344423596e-07
5.938523819823512e-06,-8.741727217179964e-11,0.04122004154415716,0.024973084306524555,-0.02744894206106224,-5.737481944676566e-07
5.937521053279667e-06,-8.647313929939905e-11,0.041434221747342556,0.02509136280330828,-0.027601926078073897,-6.071051598429872e-07
5.936517156845837e-06,-8.554758345872995e-11,0.0416486432280524,0.02520960060150274,-0.027755227328069367,-6.422750862460085e-07
5.935512141880621e-06,-8.464079582004634e-11,0.041863303562083655,0.02532779464674057,-0.027908845126098022,-6.793511577108067e-07
5.934506019728424e-06,-8.375140017164936e-11,0.04207820032879044,0.025445941872174662,-0.02806277878755986,-7.184309270971808e-07
5.933498801685086e-06,-8.288049727689969e-11,0.0422933311110354,0.025564039198023164,-0.028217027628132905,-7.596164546061184e-07
5.932490499070733e-06,-8.202647253345173e-11,0.04250869349519268,0.025682083531257862,-0.028371590963731656,-8.030144424008278e-07
5.931481123186169e-06,-8.118961617036859e-11,0.04272428507117708,0.025800071765197143,-0.028526468110482966,-8.487363625512473e-07
5.930470685261533e-06,-8.036981835119394e-11,0.04294010343241422,0.02591800077924295,-0.02868165838466843,-8.968985783576571e-07
5.9294591966157815e-06,-7.956608391385871e-11,0.04315614617586604,0.02603586743853732,-0.028837161102697448,-9.47622457711365e-07
5.9284466684379086e-06,-7.877847834417411e-11,0.04337241090198966,0.026153668593762648,-0.028992975581045775,-1.0010344734873606e-06
5.927433111956887e-06,-7.800646766409987e-11,0.043588895214804385,0.02627140108079004,-0.02914910113624867,-1.0572662944323954e-06
5.926418538436654e-06,-7.724914457260046e-11,0.04380559672182885,0.026389061720633156,-0.029305537084837848,-1.1164548573973354e-06
5.925402959002809e-06,-7.650702177533074e-11,0.044022513034104274,0.026506647319242148,-0.029462282743308883,-1.1787424255208254e-06
5.9243863848311385e-06,-7.578002677643481e-11,0.044239641766218585,0.026624154667416428,-0.029619337428104013,-1.2442766233574336e-06
5.923368827095896e-06,-7.506737222660095e-11,0.04445698053626804,0.026741580540848218,-0.029776700455551825,-1.3132104518599088e-06
5.922350296916775e-06,-7.436903238619195e-11,0.04467452696587025,0.02685892170018323,-0.029934371141847774,-1.3857022755962026e-06
5.9213308054482145e-06,-7.368529273580422e-11,0.04489227868018782,0.026976174891110084,-0.0300923488030221,-1.4619157827289485e-06
5.920310363771569e-06,-7.301445172346608e-11,0.0451102333078947,0.02709333684476079,-0.03025063275490697,-1.5420199106011984e-06
5.9192889829816725e-06,-7.235723348103225e-11,0.04532838848120547,0.02721040427792964,-0.03040922231310736,-1.6261887376123348e-06
5.918266674178253e-06,-7.171289613808402e-11,0.04554674183583652,0.02732737389361803,-0.030568116792955097,-1.7146013364328589e-06
5.917243448394934e-06,-7.108117837987496e-11,0.04576529101106485,0.02744424238163036,-0.030727315509517607,-1.8074415806897227e-06
5.91621931667527e-06,-7.04623757446707e-11,0.04598403364967193,0.027561006419367852,-0.030886817777538423,-1.9048979100513925e-06
5.91519429002639e-06,-6.98556749012709e-11,0.046202967397972854,0.027677662672602882,-0.031046622911418482,-2.007163041752804e-06
5.91416837947993e-06,-6.926143810364422e-11,0.046422089905820904,0.027794207796739523,-0.03120673022520825,-2.114433629404358e-06
5.913141596008607e-06,-6.867860478014336e-11,0.04664139882658295,0.027910638437813995,-0.03136713903256099,-2.226909865894544e-06
5.912113950594476e-06,-6.81071767688298e-11,0.04686089181715417,0.028026951234087338,-0.03152784864671905,-2.3447950235068465e-06
5.9110854542028415e-06,-6.754778853634456e-11,0.0470805665379888,0.02814314281764388,-0.03168885838051294,-2.468294932575521e-06
5.910056117775838e-06,-6.699914254002079e-11,0.04730042065302705,0.02825920981606235,-0.031850167546298984,-2.597617392375802e-06
5.909025952212933e-06,-6.646168102423058e-11,0.0475204518297754,0.028375148854560054,-0.03201177545597414,-2.7329715153297178e-06
5.907994968444654e-06,-6.59345243757514e-11,0.04774065773925072,0.028490956558183334,-0.032173681420940514,-2.8745670002440443e-06
5.906963177350994e-06,-6.541804681882153e-11,0.04796103605600077,0.02860662955430085,-0.03233588475208218,-3.022613334474949e-06
5.9059305898111615e-06,-6.49119803505224e-11,0.048181584458113914,0.02872216447519768,-0.032498384759759934,-3.1773189253224764e-06
5.904897216695846e-06,-6.441576075543159e-11,0.048402300627204575,0.02883755796095538,-0.03266118075377577,-3.338890159891871e-06
5.9038630688286e-06,-6.392967540472304e-11,0.04862318224842016,0.028952806662642216,-0.03282427204335847,-3.5075303983940544e-06
5.902828157017156e-06,-6.345293863468059e-11,0.048844227010429536,0.029067907245473847,-0.032987657937134866,-3.6834388981473715e-06
5.901792492138272e-06,-6.298558062508815e-11,0.04906543260544052,0.02918285639242487,-0.03315133774311339,-3.866809676253024e-06
5.900756084898151e-06,-6.252803854997859e-11,0.049286796729207875,0.029297650807834554,-0.033315310768661975,-4.057830316662795e-06
5.899718946101946e-06,-6.207956708473284e-11,0.04950831708098142,0.029412287221223132,-0.03347957632045601,-4.25668072266302e-06
5.8986810865555504e-06,-6.163965766907528e-11,0.04972999136358281,0.029526762391248736,-0.0336441337044758,-4.463531829334838e-06
5.897642516933005e-06,-6.120846996194023e-11,0.049951817283345336,0.02964107310987757,-0.03380898222595188,-4.6785442809966874e-06
5.8966032479919984e-06,-6.07864269529468e-11,0.050173792550130436,0.029755216206413457,-0.03397412118932532,-4.901867083199295e-06
5.895563290460518e-06,-6.037223116380267e-11,0.050395914877347875,0.02986918855169677,-0.03413954989821799,-5.133636244224904e-06
5.894522654995989e-06,-5.996619839888375e-11,0.05061818198193403,0.029982987062394197,-0.03430526765536927,-5.37397341858299e-06
5.893481352273824e-06,-5.956882070640537e-11,0.050840591584358955,0.030096608705017715,-0.03447127376257821,-5.622984561456749e-06
5.892439392957538e-06,-5.917901428399458e-11,0.05106314140861683,0.030210050500103162,-0.034637567520648116,-5.8807586176588135e-06
5.891396787749935e-06,-5.87965525960778e-11,0.05128582918225033,0.030323309526063536,-0.03480414822931923,-6.147366253247052e-06
5.8903535471890795e-06,-5.842146625103758e-11,0.05150865263633488,0.030436382922947574,-0.034971015187180564,-6.422858648213991e-06
5.889309681912877e-06,-5.805463515178174e-11,0.05173160950545616,0.03054926789600994,-0.035138167691578424,-6.707266369727447e-06
5.8882652025344335e-06,-5.7694791762632623e-11,0.05195469752777654,0.03066196171885679,-0.035305605038561824,-7.0005983364564765e-06
5.887220119613825e-06,-5.734223472707864e-11,0.052177914444956675,0.030774461736369465,-0.035473326522714684,-7.302840896524513e-06
5.886174443711165e-06,-5.69960939220544e-11,0.05240125800219309,0.03088676536724106,-0.03564133143709282,-7.613957026713416e-06
5.885128185409951e-06,-5.665622263467717e-11,0.0526247259482577,0.03099887010602384,-0.03580961907309928,-7.933885675725749e-06
5.884081355168012e-06,-5.632435041813381e-11,0.0528483160353996,0.03111077352475217,-0.03597818872031064,-8.262541255578766e-06
5.883033963514199e-06,-5.599837020342914e-11,0.05307202601944405,0.031222473274093398,-0.036147039666396354,-8.599813298755774e-06
5.8819860209666885e-06,-5.5679115879253126e-11,0.053295853659743694,0.03133396708385627,-0.036316171196924665,-8.945566286506179e-06
5.880937537969014e-06,-5.5366359160062095e-11,0.05351979671916528,0.03144525276313763,-0.03648558259521794,-9.299639657732825e-06
5.879888525010995e-06,-5.506004589673379e-11,0.05374385296414205,0.03155632819970056,-0.036655273142203675,-9.661847999601648e-06
5.878838992499856e-06,-5.4759660347847294e-11,0.05396802016463159,0.03166719135888795,-0.03682524211622467,-1.0031981423738159e-05
5.877788950934308e-06,-5.446464795415577e-11,0.05419229609411125,0.03177784028195853,-0.03699548879286231,-1.0409806130581889e-05
5.876738410639596e-06,-5.417592642503559e-11,0.05441667852961668,0.03188827308383818,-0.0371660124447582,-1.0795065148579652e-05
5.8756873820586135e-06,-5.3893167508114645e-11,0.054641165251703414,0.031998487950295036,-0.03733681234143037,-1.1187479253198714e-05
5.874635875565159e-06,-5.361551171059102e-11,0.054865754044483246,0.03210848313473861,-0.03750788774908097,-1.1586748048555491e-05
5.873583901512671e-06,-5.334341060775176e-11,0.05509044269557605,0.03221825695424597,-0.03767923793038981,-1.1992551206892068e-05
5.872531470240407e-06,-5.307660043861928e-11,0.05531522899616735,0.032327807785554816,-0.03785086214434956,-1.2404549846683885e-05
5.871478592070771e-06,-5.281519957265983e-11,0.0555401107409619,0.032437134060271634,-0.038022759646056205,-1.2822388037691467e-05
5.8704252773370436e-06,-5.255857704317254e-11,0.05576508572819752,0.032546234259862174,-0.03819492968651166,-1.32456944164169e-05
5.869371536318145e-06,-5.230698425800649e-11,0.055990151759670675,0.03265510691058291,-0.03836737151247517,-1.3674083890589989e-05
5.868317379291773e-06,-5.2060926080985484e-11,0.05621530664068842,0.032763750577778826,-0.0385400843662319,-1.4107159419193184e-05
5.867262816498601e-06,-5.1819628259621234e-11,0.056440548180125,0.03287216386031339,-0.038713067485467614,-1.4544513841300447e-05
5.866207858215504e-06,-5.158306716508264e-11,0.05666587419035179,0.03298034538472061,-0.038886320103054844,-1.4985731742302618e-05
5.865152514639888e-06,-5.135181181885708e-11,0.05689128248732032,0.033088293799488376,-0.03905984144694234,-1.5430391331663888e-05
5.8640967960388374e-06,-5.1124410350568785e-11,0.05711677089049287,0.03319600776908503,-0.03923363073996273,-1.587806631647785e-05
5.863040712523168e-06,-5.090173771306501e-11,0.05734233722286653,0.033303485968336245,-0.039407687199707435,-1.632832775403831e-05
5.861984274343066e-06,-5.068304123117477e-11,0.05756797931101271,0.0334107270766853,-0.03958201003841991,-1.6780745863481477e-05
5.860927491655861e-06,-5.046894658950146e-11,0.0577936949849862,0.033517729772731486,-0.039756598462820085,-1.7234891783583043e-05
5.859870374560817e-06,-5.0258823131358286e-11,0.058019482078423015,0.03362449272905441,-0.039931451674059495,-1.7690339261991023e-05
5.858812933199306e-06,-5.0053341598419246e-11,0.058245338428484277,0.03373101460702048,-0.040106568867582786,-1.814666626486882e-05
5.857755177685121e-06,-4.985196305411319e-11,0.05847126187585653,0.033837294052167156,-0.040281949233045664,-1.860345649433889e-05
5.8566971181490635e-06,-4.965404832737812e-11,0.05869725026478103,0.03394332968982224,-0.040457591954270206,-1.9060300807106953e-05
5.855638764630661e-06,-4.94599143677785e-11,0.05892330144302915,0.03404912012082011,-0.04063349620913769,-1.951679852773929e-05
5.854580127191057e-06,-4.9269979270777104e-11,0.0591494132619265,0.03415466391793508,-0.040809661169578425,-1.9972558648566213e-05
5.853521215912399e-06,-4.908341528528468e-11,0.0593755835763007,0.03425995962234577,-0.04098608600149032,-2.042720091561898e-05
5.852462040763101e-06,-4.890123406679585e-11,0.05960181024456116,0.03436500574071394,-0.04116276986474112,-2.0880356800640052e-05
5.85140261182053e-06,-4.8722386819115325e-11,0.059828091128637156,0.03446980074248419,-0.04133971191313107,-2.1331670351530378e-05
5.850342939037889e-06,-4.85464235746246e-11,0.06005442409396954,0.034574343057500186,-0.04151691129435308,-2.178079893122395e-05
5.849283032401025e-06,-4.8374197044779806e-11,0.06028080700959927,0.034678631074246354,-0.04169436715004905,-2.2227413840963945e-05
5.848222901883769e-06,-4.8205711546060845e-11,0.06050723774804591,0.03478266313812424,-0.041872078615739536,-2.2671200834443504e-05
5.847162557405442e-06,-4.804024526748325e-11,0.060733714185411215,0.0348864375501768,-0.0420500448208835,-2.3111860524728537e-05
5.846102008923802e-06,-4.7878209695958736e-11,0.06096023420130325,0.03498995256623003,-0.04222826488885602,-2.3549108692092464e-05
5.845041266354228e-06,-4.771943924840457e-11,0.06118679567891503,0.035093206396277624,-0.04240673793701389,-2.398267649375672e-05
5.843980339553415e-06,-4.7563532432897825e-11,0.061413396504898986,0.03519619720396084,-0.042585463076623226,-2.441231058615529e-05
5.8429192384351015e-06,-4.741084427482801e-11,0.06164003456953982,0.035298923106746004,-0.04276443941302503,-2.483777316313751e-05
5.841857972893762e-06,-4.726084595289143e-11,0.06186670776661107,0.035401382175840164,-0.04294366604554686,-2.5258841917028374e-05
5.840796552697339e-06,-4.711398943031621e-11,0.06209341399341054,0.035503572436689515,-0.043123142067559954,-2.56753099303954e-05
5.839734987709359e-06,-4.69697321249014e-11,0.06232015115081892,0.03560549186961115,-0.04330286656657291,-2.6086985504239447e-05
5.8386732877642565e-06,-4.682862447084337e-11,0.06254691714324807,0.0357071384104417,-0.043482838624200514,-2.649369192752408e-05
5.837611462634802e-06,-4.6690215743276165e-11,0.06277370987859822,0.035808509951548856,-0.04366305731619701,-2.6895267200075955e-05
5.836549522106719e-06,-4.655469292980509e-11,0.06300052726838577,0.035909604342884774,-0.04384352171255704,-2.729156370482237e-05
5.8354874759430414e-06,-4.642166976477147e-11,0.06322736722761364,0.036010419393207274,-0.04402423087748346,-2.7682447848573598e-05
5.834425333843804e-06,-4.62912960374817e-11,0.06345422767486326,0.03611095287136297,-0.04420518386946164,-2.806779966432638e-05
5.833363105650403e-06,-4.616371207249602e-11,0.06368110653218789,0.03621120250756048,-0.044386379741238643,-2.8447512390208588e-05
5.832300800997254e-06,-4.6038015373149783e-11,0.06390800172526881,0.03631116599516841,-0.04456781753995747,-2.8821492022079133e-05
5.831238429557546e-06,-4.591522823875363e-11,0.06413491118328563,0.03641084099184692,-0.04474949630709209,-2.918965685140724e-05
5.8301760010839005e-06,-4.579496943671866e-11,0.06436183283892492,0.036510225121310684,-0.04493141507848623,-2.955193698790516e-05
5.829113525204787e-06,-4.567649869074216e-11,0.064588764628484,0.03660931597508479,-0.04511357288446149,-2.9908273872938046e-05
5.828051011549475e-06,-4.556090381305103e-11,0.0648157044917475,0.036708111113723255,-0.04529596874973972,-3.025861978524354e-05
5.82698846977585e-06,-4.5447228454319915e-11,0.0650426503720432,0.03680660806881068,-0.04547860169351761,-3.060293734730774e-05
5.825925909480469e-06,-4.533566762186206e-11,0.06526960021628388,0.03690480434449082,-0.045661470729505625,-3.0941199026644883e-05
5.824863340280588e-06,-4.522626048417502e-11,0.06549655197486164,0.03700269741895633,-0.045844574865890546,-3.1273386644320134e-05
5.82380077173381e-06,-4.51187105272112e-11,0.06572350360177032,0.03710028474629142,-0.04602791310541356,-3.1599490884803035e-05
5.822738213405583e-06,-4.501390615808921e-11,0.06595045305447582,0.03719756375783761,-0.04621148444530588,-3.191951081437269e-05
5.82167567485468e-06,-4.491107122696694e-11,0.066177398294053,0.03729453186395669,-0.04639528787739653,-3.223345340731365e-05
5.820613165613722e-06,-4.4810097106951115e-11,0.06640433728507529,0.03739118645546101,-0.046579322388037775,-3.2541333081931515e-05
5.819550695194616e-06,-4.471107271956053e-11,0.06663126799566098,0.03748752490507415,-0.04676358695814064,-3.28431712477729e-05
5.818488273091619e-06,-4.461368830992857e-11,0.06685818839749154,0.03758354456907102,-0.04694808056320156,-3.3138995866031e-05
5.8174259087838705e-06,-4.451882036911434e-11,0.06708509646575868,0.03767924278844086,-0.04713280217326133,-3.34288410203054e-05
5.816363611719925e-06,-4.442536790675233e-11,0.06731199017923585,0.03777461689053654,-0.04731775075294851,-3.3712746505095944e-05
5.815301391373739e-06,-4.4334184293290304e-11,0.06753886752017457,0.03786966419016023,-0.04750292526141126,-3.399075742317669e-05
5.814239257195612e-06,-4.4243940456106996e-11,0.06776572647443102,0.03796438199105079,-0.04768832465239889,-3.426292380397697e-05
5.813177218534663e-06,-4.4156190292390734e-11,0.06799256503137646,0.03805876758702027,-0.047873947874186654,-3.4529300230004724e-05
5.812115284847695e-06,-4.4070087131724365e-11,0.06821938118390053,0.03815281826311665,-0.04805979386957332,-3.478994548468729e-05
5.811053465481381e-06,-4.3985090978745553e-11,0.06844617292848948,0.038246531296884725,-0.048245861575932386,-3.504492220907787e-05
5.809991769861392e-06,-4.390159311863022e-11,0.06867293826511384,0.03833990395933083,-0.04843214992509713,-3.5294296578664735e-05
5.808930207257207e-06,-4.382033133571014e-11,0.06889967519731582,0.03843293351606937,-0.0486186578434361,-3.553813799176123e-05
5.807868787001706e-06,-4.3740359561945876e-11,0.06912638173217302,0.03852561722828153,-0.04880538425179357,-3.5776518773279716e-05
5.806807518490094e-06,-4.3662177970292776e-11,0.06935305588029947,0.038617952353666433,-0.04899232806546993,-3.600951389398976e-05
5.805746410953292e-06,-4.3585262984275155e-11,0.06957969565586669,0.03870993614733157,-0.049179488194230854,-3.623720070225167e-05
5.804685473658929e-06,-4.3509826499349164e-11,0.0698062990765525,0.03880156586274563,-0.04936686354224589,-3.645965866990599e-05
5.803624715946706e-06,-4.343590910363957e-11,0.07003286416362607,0.03889283875248373,-0.049554453008115916,-3.6676969153820455e-05
5.802564146993741e-06,-4.3363806774175066e-11,0.07025938894185459,0.03898375206902651,-0.0497422554848104,-3.688921516507177e-05
5.801503776056671e-06,-4.329284749534409e-11,0.07048587143955885,0.03907430306547191,-0.049930269859650434,-3.709648115754816e-05
5.80044361238042e-06,-4.322276655918623e-11,0.0707123096886214,0.039164488996283754,-0.0501184950143101,-3.729885282364322e-05
5.799383665165005e-06,-4.315400782282431e-11,0.07093870172444444,0.0392543071180063,-0.050306929824764396,-3.749641690286573e-05
5.7983239435210804e-06,-4.3086981512785016e-11,0.07116504558596047,0.03934375468973588,-0.050495573161253006,-3.768926100394478e-05
5.797264456676262e-06,-4.302111644934102e-11,0.07139133931568743,0.039432828973820125,-0.050684423888311014,-3.7877473434634944e-05
5.79620521374005e-06,-4.295663678790336e-11,0.07161758095963702,0.03952152723639693,-0.05087348086465877,-3.806114304407045e-05
5.795146223909481e-06,-4.289321648177371e-11,0.07184376856740712,0.03960984674798036,-0.05106274294325807,-3.824035907509446e-05
5.794087496229424e-06,-4.283119126431917e-11,0.0720699001920802,0.039697784783779284,-0.051252208971194646,-3.8415211023523766e-05
5.793029039859734e-06,-4.2770028134975495e-11,0.07229597389033388,0.03978533862439115,-0.051441877789729785,-3.858578851149799e-05
5.791970863841281e-06,-4.271012415398923e-11,0.07252198772238753,0.03987250555600844,-0.05163174823424555,-3.8752181164298486e-05
5.790912977210094e-06,-4.265164260390162e-11,0.07274793975193382,0.03995928287108679,-0.051821819134156684,-3.891447849853111e-05
5.7898553891049585e-06,-4.2593666312355175e-11,0.07297382804629858,0.04004566786848253,-0.0520120893129806,-3.907276981833507e-05
5.788798108484957e-06,-4.253729803662613e-11,0.07319965067629455,0.040131657853941925,-0.05220255758823881,-3.922714411651201e-05
5.787741144430324e-06,-4.248166202257405e-11,0.07342540571627111,0.04021725014042687,-0.05239322277142083,-3.9377689985923485e-05
5.786684505840292e-06,-4.242774450792888e-11,0.07365109124415413,0.0403024420484279,-0.052584083668007334,-3.952449553653514e-05
5.785628201797398e-06,-4.237452509751004e-11,0.07387670534140053,0.040387230906246206,-0.052775139077402444,-3.966764831710133e-05
5.784572241210804e-06,-4.2322441927579836e-11,0.07410224609298666,0.040471614050228887,-0.052966387792888356,-3.9807235245793094e-05
5.7835166330896824e-06,-4.227093705753591e-11,0.07432771158744438,0.040555588825104835,-0.05315782860161799,-3.994334254392848e-05
5.782461386304213e-06,-4.2220532537500573e-11,0.07455309991687219,0.04063915258421686,-0.05334946028460383,-4.0076055678560036e-05
5.781406509808106e-06,-4.2171230003941484e-11,0.07477840917688032,0.040722302689666284,-0.0535412816166407,-4.020545930642997e-05
5.7803520124819725e-06,-4.2122400472214866e-11,0.07500363746659834,0.04080503651253559,-0.05373329136627652,-4.033163722391216e-05
5.779297903195119e-06,-4.207496672373038e-11,0.0752287828887688,0.04088735143319117,-0.053925488295858755,-4.0454672324300456e-05
5.778244190836586e-06,-4.2028432956222684e-11,0.07545384354962588,0.040969244841299185,-0.05411787116139253,-4.057464655466608e-05
5.777190884280842e-06,-4.1982459773754204e-11,0.0756788175589356,0.041050714136143814,-0.0543104387125804,-4.0691640880753035e-05
5.776137992364891e-06,-4.193740850533365e-11,0.07590370303005238,0.04113175672664394,-0.054503189692789084,-4.080573525367334e-05
5.77508552379612e-06,-4.1893570206728284e-11,0.0761284980798347,0.04121237003155392,-0.054696122838984576,-4.0917008580929995e-05
5.7740334874925574e-06,-4.185027401429136e-11,0.0763532008287042,0.041292551479648734,-0.05488923688174375,-4.1025538699647994e-05
5.772981892229546e-06,-4.180765879399238e-11,0.07657780940059401,0.041372298509715445,-0.055082530545175305,-4.1131402355206474e-05
5.7719307467472864e-06,-4.176584096542775e-11,0.07680232192303164,0.041451608570771806,-0.055276002546949726,-4.123467518045904e-05
5.770880059752666e-06,-4.1724991835928853e-11,0.07702673652702835,0.041530479122106605,-0.05546965159821486,-4.1335431678813256e-05
5.769829840070726e-06,-4.168521596493676e-11,0.07725105134717704,0.041608907633447455,-0.055663476403601864,-4.1433745209866845e-05
5.7687800963269695e-06,-4.1645655899304906e-11,0.07747526452161048,0.041686891584908445,-0.05585747566119786,-4.152968797797673e-05
5.767730837308536e-06,-4.160700599767993e-11,0.07769937419198711,0.04176442846719614,-0.056051648062479045,-4.162333102179754e-05
5.766682071673036e-06,-4.156888387211999e-11,0.07792337850351058,0.04184151578164361,-0.05624599229231766,-4.171474420613912e-05
5.765633808024753e-06,-4.153137695336591e-11,0.07814727560493845,0.04191815104023624,-0.05644050702896693,-4.180399621806794e-05
5.764586055077888e-06,-4.149512628950469e-11,0.07837106364855259,0.041994331765690215,-0.05663519094398802,-4.1891154560767e-05
5.763538821446498e-06,-4.145924362080147e-11,0.07859474079021485,0.04207005549154343,-0.056830042702266576,-4.197628555412538e-05
5.7624921158080345e-06,-4.142383977304707e-11,0.07881830518926713,0.04214531976212353,-0.05702506096193927,-4.2059454330077274e-05
5.761445946678818e-06,-4.138914266586693e-11,0.07904175500864545,0.04222012213269586,-0.05722024437443796,-4.2140724837845906e-05
5.760400322636781e-06,-4.1355453985291823e-11,0.07926508841483487,0.04229446016937608,-0.05741559158439829,-4.222015984387249e-05
5.759355252352428e-06,-4.132172393223944e-11,0.07948830357779799,0.04236833144929671,-0.05761110122965049,-4.229782093438312e-05
5.758310744259307e-06,-4.128930676331464e-11,0.07971139867110906,0.042441733560471546,-0.05780677194121165,-4.2373768522955306e-05
5.75726680701762e-06,-4.125663180330047e-11,0.07993437187185913,0.042514664102082135,-0.05800260234327512,-4.244806185302287e-05
5.7562234490373794e-06,-4.122518560518377e-11,0.08015722136066529,0.04258712068416919,-0.05819859105311981,-4.252075900587911e-05
5.755180678852263e-06,-4.119431745114939e-11,0.08037994532170091,0.04265910092791906,-0.05839473668116389,-4.259191690998664e-05
5.754138504965e-06,-4.116370272259657e-11,0.08060254194270794,0.04273060246557807,-0.05859103783090387,-4.2661591345583886e-05
5.753096935831239e-06,-4.1133512476134934e-11,0.08082500941491991,0.042801622940462476,-0.05878749309888237,-4.2729836956930916e-05
5.752055979909596e-06,-4.110432488798395e-11,0.08104734593314625,0.04287216000700351,-0.0589841010746979,-4.27967072605437e-05
5.751015645634886e-06,-4.1075397723500735e-11,0.08126954969573447,0.04294221133073109,-0.059180860340948604,-4.286225465682926e-05
5.7499759414406205e-06,-4.104714803799159e-11,0.08149161890457342,0.04301177458826849,-0.05937776947325137,-4.2926530439899905e-05
5.748936875690659e-06,-4.101912064103286e-11,0.081713551765082,0.04308084746741542,-0.05957482704016523,-4.298958480954179e-05
5.747898456793782e-06,-4.099194882697195e-11,0.08193534648624291,0.04314942766710491,-0.05977203160323074,-4.3051466882626274e-05
5.746860693113067e-06,-4.096528322521131e-11,0.08215700128056481,0.043217512897360394,-0.059969381716914606,-4.3112224707282393e-05
5.745823593010208e-06,-4.093915274159729e-11,0.08237851436410426,0.043285100879395466,-0.06016687592858963,-4.31719052729716e-05
5.7447871648281645e-06,-4.09129696995889e-11,0.08259988395647021,0.04335218934553408,-0.0603645127785436,-4.323055452610774e-05
5.743751416853241e-06,-4.088766267430115e-11,0.08282110828077832,0.04341877603931237,-0.060562290799913446,-4.328821738140898e-05
5.742716357401539e-06,-4.0862977313598447e-11,0.08304218556375768,0.043484858715315655,-0.06076020851873759,-4.334493773626856e-05
5.741681994826918e-06,-4.083854835654514e-11,0.08326311403560448,0.04355043513938874,-0.060958264453851586,-4.340075848457804e-05
5.740648337275443e-06,-4.081449791479904e-11,0.08348389193007691,0.043615503088442885,-0.061156457116938304,-4.3455721530831315e-05
5.739615393062093e-06,-4.0791155982231996e-11,0.08370451748453857,0.043680060350629484,-0.0613547850125122,-4.3509867803371534e-05
5.738583170456788e-06,-4.0767976564794347e-11,0.08392498893978226,0.04374410472512179,-0.061553246637818256,-4.3563237270014315e-05
5.737551677636655e-06,-4.0745381281605915e-11,0.0841453045402328,0.04380763402239089,-0.06175184048293501,-4.361586895092558e-05
5.736520922841029e-06,-4.0722744700479106e-11,0.08436546253386111,0.043870646063952794,-0.061950565030705874,-4.3667800932839325e-05
5.7354909142478845e-06,-4.0700349449203366e-11,0.08458546117210135,0.043933138682500116,-0.06214941875666764,-4.371907038624131e-05
5.734461659980076e-06,-4.067866688128505e-11,0.08480529871000152,0.04399510972190342,-0.06234840012913837,-4.376971357559117e-05
5.73343316821169e-06,-4.06574241250602e-11,0.08502497340613346,0.04405655703713088,-0.0625475076091436,-4.381976587685067e-05
5.73240544712848e-06,-4.0636496751388865e-11,0.08524448352260999,0.04411747849433108,-0.06274673965041826,-4.386926179121223e-05
5.73137850477562e-06,-4.061589011860147e-11,0.08546382732506203,0.04417787197076024,-0.06294609469936724,-4.39182349589111e-05
5.730352349317568e-06,-4.059561495521732e-11,0.08568300308272786,0.044237735354890076,-0.06314557119513345,-4.396671817337399e-05
5.729326988767436e-06,-4.057624111959235e-11,0.08590200906830327,0.04429706654623149,-0.06334516756946307,-4.4014743396483595e-05
5.728302431281833e-06,-4.055689208678614e-11,0.08612084355809152,0.044355863455526195,-0.06354488224680165,-4.4062341772500145e-05
5.727278684892445e-06,-4.053758023195005e-11,0.08633950483193371,0.04441412400460343,-0.06374471364425255,-4.4109543641055954e-05
5.726255757608091e-06,-4.051903687824854e-11,0.08655799117315471,0.04447184612645355,-0.0639446601715142,-4.415637855268605e-05
5.725233657489816e-06,-4.05001447536488e-11,0.08677630086870804,0.04452902776523992,-0.06414472023096607,-4.4202875282154605e-05
5.7242123925017936e-06,-4.0481820029315374e-11,0.08699443220903091,0.04458566687622358,-0.06434489221758044,-4.424906184162521e-05
5.723191970651895e-06,-4.046392673443737e-11,0.08721238348809676,0.04464176142579812,-0.06454517451891377,-4.42949654947395e-05
5.722172399888507e-06,-4.0446204430100424e-11,0.08743015300348123,0.04469730939159521,-0.0647455655151928,-4.434061277121619e-05
5.721153688187592e-06,-4.042912751065918e-11,0.08764773905624498,0.044752308762296335,-0.06494606357918417,-4.4386029477806635e-05
5.72013584350866e-06,-4.041187145052585e-11,0.08786513995100703,0.04480675753780612,-0.06514666707625776,-4.4431240714346176e-05
5.719118873704563e-06,-4.039508900547685e-11,0.08808235399596376,0.044860653729121513,-0.0653473743643879,-4.4476270884069515e-05
5.718102786747571e-06,-4.0379098998713525e-11,0.08829937950279404,0.0449139953584617,-0.06554818379407931,-4.452114370858179e-05
5.717087590489937e-06,-4.036295596528388e-11,0.08851621478674446,0.04496678045917097,-0.065749093708437,-4.456588224034676e-05
5.7160732928285984e-06,-4.034680050926903e-11,0.08873285816664683,0.045019007075749254,-0.06595010244314482,-4.461050887352082e-05
5.715059901613704e-06,-4.033086682342043e-11,0.08894930796484429,0.04507067326396885,-0.06615120832643193,-4.4655045358760935e-05
5.714047424604109e-06,-4.031548845576018e-11,0.08916556250714447,0.0451217770906165,-0.06635240967902038,-4.469951281403685e-05
5.713035869761233e-06,-4.0300339005530194e-11,0.08938162012304542,0.04517231663384325,-0.06655370481430557,-4.474393173692225e-05
5.712025244782149e-06,-4.028561262454044e-11,0.08959747914550771,0.04522228998290009,-0.06675509203815623,-4.4788322016334014e-05
5.711015557502703e-06,-4.02711423033047e-11,0.08981313791098383,0.04527169523816244,-0.06695656964894965,-4.483270294511208e-05
5.710006815716252e-06,-4.0256310991873437e-11,0.0900285947595872,0.04532053051145746,-0.06715813593771203,-4.4877093230187334e-05
5.708999027095585e-06,-4.0242332207245123e-11,0.09024384803490966,0.04536879392559205,-0.06735978918794477,-4.492151100464455e-05
5.7079921994880235e-06,-4.0227971420921994e-11,0.09045889608403693,0.04541648361467936,-0.06756152767566073,-4.496597383949678e-05
5.706986340487569e-06,-4.021445858403577e-11,0.09067373725769545,0.045463597724144815,-0.06776334966949286,-4.501049875357561e-05
5.705981457924315e-06,-4.020089134052927e-11,0.09088836991010665,0.04551013441055629,-0.06796525343055718,-4.5055102224460086e-05
5.704977559411427e-06,-4.018758914887857e-11,0.09110279239903103,0.04555609184184036,-0.06816723721251991,-4.509980019997779e-05
5.703974652659426e-06,-4.017431321016703e-11,0.09131700308575887,0.04560146819709261,-0.06836929926157798,-4.51446081067838e-05
5.702972745261114e-06,-4.0161643569168806e-11,0.09153100033518602,0.045646261666828045,-0.06857143781652186,-4.5189540863264776e-05
5.70197184492246e-06,-4.01491980344537e-11,0.09174478251566269,0.04569047045270433,-0.06877365110859887,-4.5234612887008e-05
5.700971959289311e-06,-4.0136547843026013e-11,0.09195834799914983,0.04573409276779541,-0.06897593736167039,-4.527983810622422e-05
5.699973095824679e-06,-4.012462073652034e-11,0.09217169516113558,0.045777126836491704,-0.06917829479211993,-4.532522996858076e-05
5.698975262284479e-06,-4.0112762822442066e-11,0.09238482238062583,0.04581957089448946,-0.06938072160887988,-4.537080145151594e-05
5.69797846614473e-06,-4.010100223583756e-11,0.0925977280402012,0.04586142318890306,-0.06958321601344448,-4.541656507057475e-05
5.696982715043214e-06,-4.008905896963732e-11,0.09281041052596459,0.04590268197810584,-0.06978577619985758,-4.546253288893677e-05
5.6959880164332175e-06,-4.0077716315865255e-11,0.09302286822756704,0.04594334553200604,-0.06998840035472892,-4.5508716527142414e-05
5.694994377820294e-06,-4.0066833850011235e-11,0.09323509953823073,0.045983412131762685,-0.07019108665724158,-4.5555127170210065e-05
5.6940018068298365e-06,-4.005559196944297e-11,0.09344710285466022,0.04602288007009554,-0.07039383327915077,-4.560177557824202e-05
5.693010310894067e-06,-4.0044400265412433e-11,0.09365887657713957,0.046061747651051775,-0.070596638384759,-4.564867209287597e-05
5.692019897449723e-06,-4.0033317820161764e-11,0.09387041910952416,0.04610001319023086,-0.07079950013102401,-4.569582664676733e-05
5.691030573956232e-06,-4.002317404496478e-11,0.09408172885915406,0.046137675014659825,-0.07100241666741779,-4.574324877149561e-05
5.6900423478919e-06,-4.001267668941649e-11,0.09429280423693308,0.04617473146283826,-0.07120538613606316,-4.5790947605786354e-05
5.6890552267107355e-06,-4.000199286634113e-11,0.09450364365736215,0.04621118088484643,-0.07140840667168687,-4.583893190121824e-05
5.688069217733281e-06,-3.999181864030969e-11,0.09471424553838684,0.04624702164223993,-0.07161147640159377,-4.588721003315573e-05
5.687084328342284e-06,-3.998237076366525e-11,0.09492460830155285,0.04628225210816611,-0.07181459344574928,-4.593579000550587e-05
5.686100566036339e-06,-3.997251929615023e-11,0.09513473037198868,0.04631687066735371,-0.07201775591676773,-4.5984679459264655e-05
5.6851179380567364e-06,-3.996244828108342e-11,0.09534461017826006,0.046350875716090555,-0.07222096191985064,-4.603388567867937e-05
5.684136451787095e-06,-3.9953011488712124e-11,0.09555424615255882,0.04638426566234918,-0.07242420955288696,-4.608341559913923e-05
5.683156114611521e-06,-3.994323540882348e-11,0.09576363673062982,0.04641703892568186,-0.07262749690646882,-4.613327581374553e-05
5.6821769336937205e-06,-3.993385875579144e-11,0.09597278035167812,0.04644919393738675,-0.07283082206378673,-4.618347257927162e-05
5.681198916423801e-06,-3.992482254732376e-11,0.09618167545850445,0.046480729140315154,-0.07303418310074533,-4.623401182326669e-05
5.680222070014682e-06,-3.9916309266504525e-11,0.09639032049749922,0.0465116429892183,-0.07323757808602191,-4.628489915103099e-05
5.679246401814222e-06,-3.990742495476121e-11,0.09659871391848053,0.04654193395044467,-0.0734410050808849,-4.63361398498186e-05
5.678271918966434e-06,-3.9898790937865675e-11,0.09680685417492266,0.046571600502151575,-0.0736444621394219,-4.638773889704734e-05
5.677298628805529e-06,-3.9890375309780866e-11,0.09701473972379467,0.04660064113428327,-0.07384794730843743,-4.6439700965234276e-05
5.676326538446299e-06,-3.9881475815819e-11,0.09722236902554919,0.04662905434858404,-0.0740514586274339,-4.649203042713107e-05
5.6753556551246135e-06,-3.987304688931692e-11,0.09742974054433007,0.04665683865867621,-0.07425499412878374,-4.6544731362806756e-05
5.674385986026832e-06,-3.9864175654068246e-11,0.09763685274767286,0.04668399259001777,-0.07445855183754829,-4.659780756431696e-05
5.673417538219204e-06,-3.9856584617639786e-11,0.09784370410672008,0.046710514679926915,-0.07466212977162447,-4.665126254092596e-05
5.672450318974626e-06,-3.9848044853488425e-11,0.09805029309620386,0.0467364034776862,-0.07486572594175703,-4.6705099524360596e-05
5.67148433528689e-06,-3.984022634297385e-11,0.09825661819429984,0.04676165754453151,-0.07506933835144844,-4.6759321474796725e-05
5.670519594390281e-06,-3.983237113729793e-11,0.09846267788280248,0.046786275453580814,-0.075272964997116,-4.681393108520434e-05
5.669556103283462e-06,-3.98243601978384e-11,0.09866847064703083,0.04681025579005792,-0.0754766038680108,-4.6868930785540114e-05
5.668593869054122e-06,-3.9816923677160176e-11,0.09887399497582633,0.046833597151187484,-0.07568025294626077,-4.692432274837749e-05
5.667632898813477e-06,-3.980948688204328e-11,0.09907924936158777,0.04685629814617659,-0.0758839102069093,-4.6980108894110784e-05
5.666673199546532e-06,-3.9801995697246774e-11,0.09928423230027383,0.04687835739640911,-0.0760875736179203,-4.703629089348238e-05
5.665714778336997e-06,-3.979440632608509e-11,0.09948894229137648,0.046899773535317435,-0.0762912411402065,-4.7092870174582797e-05
5.664757642133141e-06,-3.978734455480559e-11,0.09969337783787592,0.046920545208488255,-0.07649491072757854,-4.714984792447848e-05
5.663801797904544e-06,-3.978068830901992e-11,0.09989753744638866,0.04694067107367973,-0.07669858032690832,-4.7207225095217e-05
5.662847252737379e-06,-3.977369192360175e-11,0.10010141962703994,0.046960149800896515,-0.07690224787803897,-4.7265002407734604e-05
5.661894013523464e-06,-3.976645924309635e-11,0.10030502289342855,0.0469789800722501,-0.07710591131378948,-4.7323180354668734e-05
5.6609420872087015e-06,-3.9759405115442166e-11,0.10050834576281159,0.04699716058225469,-0.07730956856009259,-4.738175920583567e-05
5.659991480694213e-06,-3.975274278118367e-11,0.10071138675592471,0.04701469003760332,-0.07751321753590316,-4.744073900998817e-05
5.6590422009545995e-06,-3.9745655783568934e-11,0.10091414439700203,0.04703156715730697,-0.0777168561532309,-4.7500119600680335e-05
5.658094254839406e-06,-3.973901259903131e-11,0.10111661721394362,0.04704779067282875,-0.0779204823172931,-4.7559900598443704e-05
5.657147649207717e-06,-3.9732532380244603e-11,0.10131880373811376,0.04706335932792001,-0.07812409392636137,-4.762008141443335e-05
5.6562023909128454e-06,-3.9726213965079614e-11,0.10152070250436286,0.047078271878700194,-0.07832768887184255,-4.7680661253804084e-05
5.655258486822534e-06,-3.972009924778591e-11,0.10172231205120238,0.047092527093877255,-0.07853126503840965,-4.774163911952028e-05
5.654315943785035e-06,-3.9714069721677914e-11,0.10192363092066294,0.04710612375448691,-0.07873482030389826,-4.780301381536052e-05
5.653374768572735e-06,-3.970796283266271e-11,0.10212465765820841,0.04711906065410529,-0.07893835253933099,-4.7864783947851094e-05
5.652434968023984e-06,-3.970175951911086e-11,0.10232539081299452,0.04713133659890353,-0.07914185960906832,-4.792694793147624e-05
5.651496548884357e-06,-3.9695664593589e-11,0.10252582893763311,0.047142950407522304,-0.07934533937071483,-4.7989503989256705e-05
5.650559517935854e-06,-3.96892175700235e-11,0.10272597058828388,0.04715390091125107,-0.07954878967514983,-4.805245015759296e-05
5.649623881860581e-06,-3.96836182824426e-11,0.10292581432466262,0.04716418695397233,-0.07975220836663229,-4.811578428783365e-05
5.648689647434916e-06,-3.9677206448013856e-11,0.10312535871006251,0.04717380739230517,-0.07995559328281089,-4.817950404919723e-05
5.647756821404029e-06,-3.9671156921763906e-11,0.10332460231125751,0.04718276109544916,-0.08015894225464866,-4.824360693154895e-05
5.646825410310014e-06,-3.9666184614746826e-11,0.1035235436986156,0.0471910469453984,-0.08036225310659359,-4.8308090247965634e-05
5.645895420979447e-06,-3.966043330169255e-11,0.10372218144600487,0.047198663836862484,-0.08056552365650994,-4.837295113734986e-05
5.6449668600222065e-06,-3.965536968791189e-11,0.10392051413084415,0.04720561067734662,-0.08076875171572317,-4.843818656577154e-05
5.644039734122823e-06,-3.96498080255345e-11,0.10411854033417797,0.04721188638722809,-0.08097193508914488,-4.8503793330905376e-05
5.643114049867461e-06,-3.9644205893616963e-11,0.10431625864044551,0.04721748989961691,-0.08117507157512767,-4.856976806152005e-05
5.642189813845614e-06,-3.963881643134369e-11,0.10451366763773846,0.04722242016063268,-0.08137815896564993,-4.863610722232454e-05
5.6412670327104865e-06,-3.9633280686480424e-11,0.10471076591769862,0.047226676129205655,-0.08158119504630246,-4.870280711408736e-05
5.640345713023419e-06,-3.962785896919252e-11,0.10490755207540423,0.04723025677723929,-0.08178417759621799,-4.876986387675269e-05
5.639425861310487e-06,-3.962236114260617e-11,0.10510402470959504,0.04723316108968339,-0.08198710438831278,-4.8837273491846175e-05
5.638507484124552e-06,-3.961738545931576e-11,0.105300182422497,0.04723538806442074,-0.082189973189123,-4.8905031782831894e-05
5.637590588006846e-06,-3.961237786321203e-11,0.1054960238198915,0.04723693671237597,-0.08239278175892023,-4.897313441791029e-05
5.636675179449042e-06,-3.9607325789408243e-11,0.10569154751105483,0.047237806057588407,-0.08259552785173303,-4.904157691233807e-05
5.63576126496993e-06,-3.9602668634551716e-11,0.10588675210893456,0.047237995137203705,-0.08279820921546253,-4.911035462940219e-05
5.6348488510414835e-06,-3.959750673106785e-11,0.1060816362298543,0.047237503001453185,-0.08300082359169782,-4.9179462782581616e-05
5.633937944164096e-06,-3.959231599627653e-11,0.10627619849379569,0.04723632871380357,-0.08320336871600886,-4.924889643653182e-05
5.63302855069905e-06,-3.958761193104132e-11,0.10647043752427982,0.04723447135092582,-0.08340584231783785,-4.931865050947338e-05
5.632120677095247e-06,-3.95829117553814e-11,0.10666435194829264,0.04723193000262245,-0.08360824212050338,-4.938871977464044e-05
5.631214329822306e-06,-3.957797610795028e-11,0.10685794039644744,0.04722870377212017,-0.08381056584139221,-4.945909886119912e-05
5.630309515218914e-06,-3.9573337503115294e-11,0.10705120150285212,0.047224791775840484,-0.08401281119180193,-4.9529782255980315e-05
5.6294062396660425e-06,-3.956873807355412e-11,0.10724413390517015,0.04722019314354798,-0.0842149758771283,-4.960076430561525e-05
5.628504509593589e-06,-3.9563848885880155e-11,0.1074367362446339,0.04721490701841184,-0.08441705759684855,-4.967203921623556e-05
5.62760433124039e-06,-3.955937705166809e-11,0.10762900716594247,0.047208932556931024,-0.08461905404451295,-4.974360105678742e-05
5.626705711026841e-06,-3.9554979974889886e-11,0.10782094531744303,0.047202268929151435,-0.08482096290788677,-4.9815443758498965e-05
5.625808655210507e-06,-3.955016669492052e-11,0.10801254935094927,0.04719491531844924,-0.08502278186888088,-4.988756111716191e-05
5.6249131700663805e-06,-3.9545880157636e-11,0.10820381792183138,0.04718687092174477,-0.08522450860365481,-4.9959946794532675e-05
5.624019261952296e-06,-3.954150928466905e-11,0.10839474968904615,0.04717813494953262,-0.08542614078267009,-5.0032594318426285e-05
5.6231269370900855e-06,-3.953729563287557e-11,0.10858534331501318,0.04716870662576182,-0.08562767607064084,-5.0105497084832954e-05
5.622236201735966e-06,-3.9532882575973784e-11,0.10877559746580921,0.047158585188057184,-0.08582911212671183,-5.0178648358253804e-05
5.62134706204355e-06,-3.952868506015795e-11,0.10896551081090844,0.04714776988759879,-0.08603044660430136,-5.025204127355647e-05
5.620459524348681e-06,-3.952438444857398e-11,0.10915508202344598,0.04713625998929407,-0.08623167715139043,-5.0325668835835853e-05
5.619573594744863e-06,-3.951979529521652e-11,0.10934430978009903,0.0471240547716541,-0.08643280141039089,-5.039952392241196e-05
5.6186892794720725e-06,-3.951569724478562e-11,0.10953319276094699,0.04711115352689718,-0.08663381701814517,-5.04735992838397e-05
5.617806584661526e-06,-3.9511780144309175e-11,0.10972172964982944,0.047097555561076726,-0.08683472160621045,-5.054788754380195e-05
5.616925516475459e-06,-3.950779554377716e-11,0.10990991913397573,0.04708326019395625,-0.08703551280064342,-5.0622381200638313e-05
5.616046080979346e-06,-3.95041220127069e-11,0.11009775990412168,0.04706826675905923,-0.08723618822209624,-5.069707262869761e-05
5.61516828446913e-06,-3.9499404962456603e-11,0.11028525065472022,0.04705257460384185,-0.08743674548605558,-5.07719540778696e-05
5.614292132806702e-06,-3.949554540770453e-11,0.11047239008365634,0.047036183089599407,-0.08763718220266956,-5.084701767566523e-05
5.613417632269171e-06,-3.9491283009164936e-11,0.11065917689232156,0.04701909159146421,-0.08783749597677853,-5.092225542770602e-05
5.612544788747998e-06,-3.948744131325552e-11,0.11084560978571463,0.04700129949854453,-0.08803768440816516,-5.099765921706502e-05
5.61167360841153e-06,-3.9483279545618195e-11,0.1110316874724036,0.04698280621390766,-0.08823774509145059,-5.107322080796688e-05
5.610804097234514e-06,-3.9479602736530424e-11,0.11121740866442474,0.04696361115462314,-0.08843767561611332,-5.114893184317054e-05
5.60993626126689e-06,-3.9475449417199714e-11,0.11140277207736757,0.04694371375169012,-0.08863747356661715,-5.122478384728404e-05
5.609070106507512e-06,-3.947140389297594e-11,0.11158777643045863,0.04692311345028997,-0.08883713652248805,-5.130076822525354e-05
5.608205638854647e-06,-3.9467882775320135e-11,0.1117724204463305,0.04690180970958304,-0.08903666205818193,-5.137687626523444e-05
5.607342864333218e-06,-3.946469350823241e-11,0.11195670285123523,0.046879802002826196,-0.08923604774334652,-5.1453099137214114e-05
5.606481788922156e-06,-3.946096050528485e-11,0.11214062237499027,0.04685708981744752,-0.08943529114274867,-5.152942789532686e-05
5.605622418520643e-06,-3.9456877884406116e-11,0.11232417775091225,0.04683367265508868,-0.08963438981634551,-5.160585347721636e-05
5.604764759034234e-06,-3.945340171370663e-11,0.11250736771586825,0.04680955003146534,-0.0898333413193299,-5.168236670458624e-05
5.6039088163468655e-06,-3.944977831004618e-11,0.11269019101028321,0.046784721476632526,-0.09003214320218922,-5.175895828558238e-05
5.6030545963298565e-06,-3.944620452726985e-11,0.11287264637806495,0.04675918653476986,-0.09023079301070218,-5.183561881248191e-05
5.602202104900498e-06,-3.944297741983224e-11,0.11305473256678977,0.04673294476445733,-0.09042928828613042,-5.191233876535842e-05
5.601351347906514e-06,-3.943909489862883e-11,0.11323644832745677,0.04670599573851452,-0.09062762656510905,-5.198910850921671e-05
5.6005023311353034e-06,-3.943576009434011e-11,0.11341779241465003,0.04667833904406607,-0.09082580537972851,-5.206591829831677e-05
5.599655060440358e-06,-3.94321245340628e-11,0.11359876358654399,0.046649974282693955,-0.09102382225771989,-5.21427582738282e-05
5.5988095415681764e-06,-3.942880064294657e-11,0.11377936060475123,0.046620901070233305,-0.09122167472228192,-5.221961846437196e-05
5.597965780342686e-06,-3.942485173807702e-11,0.11395958223452628,0.046591119037062964,-0.09141936029233629,-5.229648878920503e-05
5.597123782493729e-06,-3.94216944837525e-11,0.11413942724462067,0.04656062782791864,-0.09161687648247412,-5.2373359056007164e-05
5.596283553781707e-06,-3.9418521057874955e-11,0.11431889440735607,0.04652942710208383,-0.09181422080303304,-5.2450218962857185e-05
5.595445099948142e-06,-3.941533102168131e-11,0.11449798249853038,0.046497516533185936,-0.09201139076009683,-5.252705809702737e-05
5.594608426728734e-06,-3.9411742878308394e-11,0.11467669029759688,0.046464895809549656,-0.0922083838556953,-5.260386593795991e-05
5.5937735397988465e-06,-3.94079812168481e-11,0.11485501658742824,0.0464315646339495,-0.09240519758765946,-5.26806318555408e-05
5.592940444839153e-06,-3.9404906075591554e-11,0.1150329601545197,0.04639752272371941,-0.09260182944981349,-5.2757345112808275e-05
5.592109147518182e-06,-3.9400997897760174e-11,0.11521051978892859,0.04636276981087238,-0.09279827693204602,-5.2833994863601785e-05
5.591279653427082e-06,-3.939805428716781e-11,0.11538769428414931,0.0463273056419414,-0.09299453752019643,-5.2910570155642554e-05
5.590451968284536e-06,-3.9395002942454885e-11,0.11556448243734213,0.04629112997819308,-0.09319060869633408,-5.298705992955267e-05
5.589626097671162e-06,-3.939153211314516e-11,0.11574088304912204,0.04625424259550689,-0.09338648793859686,-5.3063453020479504e-05
5.588802047218362e-06,-3.938820933164209e-11,0.115916894923681,0.04621664328449137,-0.09358217272143171,-5.3139738156992244e-05
5.587979822412436e-06,-3.9385143314624453e-11,0.11609251686880062,0.046178331850479634,-0.09377766051554691,-5.321590396328195e-05
5.5871594289297544e-06,-3.938197280423431e-11,0.11626774769570987,0.04613930811353521,-0.0939729487879602,-5.3291938958551165e-05
5.586340872239322e-06,-3.9378683353477714e-11,0.11644258621918877,0.04609957190844498,-0.09416803500207449,-5.336783155857656e-05
5.5855241579274e-06,-3.937542708947199e-11,0.11661703125772063,0.04605912308490333,-0.0943629166178482,-5.344357007487945e-05
5.584709291462158e-06,-3.937294116805048e-11,0.1167910816331017,0.04601796150731912,-0.09455759109161103,-5.351914271553435e-05
5.5838962783676e-06,-3.9369364844175306e-11,0.11696473617083183,0.04597608705493109,-0.09475205587633374,-5.3594537587995924e-05
5.583085124142522e-06,-3.9366333040512474e-11,0.11713799369991834,0.04593349962194418,-0.09494630842163866,-5.3669742696081065e-05
5.582275834225741e-06,-3.9363148684521776e-11,0.11731085305286063,0.04589019911733415,-0.09514034617374359,-5.3744745943190937e-05
5.581468414042183e-06,-3.936083575263908e-11,0.11748331306573195,0.04584618546500541,-0.095334166575645,-5.381953513210677e-05
5.580662869123446e-06,-3.935766731239746e-11,0.11765537257819356,0.04580145860387583,-0.095527767067183,-5.389409796477988e-05
5.579859204763081e-06,-3.935508752786693e-11,0.11782703043341604,0.045756018487679496,-0.09572114508502111,-5.3968422044548875e-05
5.579057426380614e-06,-3.9352465215506185e-11,0.11799828547801518,0.04570986508517923,-0.09591429806265439,-5.4042494874772836e-05
5.578257539476154e-06,-3.934970284624761e-11,0.11816913656236433,0.0456629983801983,-0.09610722343075044,-5.411630386218858e-05
5.5774595493486795e-06,-3.934644209974353e-11,0.11833958254022743,0.045615418371409276,-0.09629991861684206,-5.4189836314269165e-05
5.576663461292805e-06,-3.9343758143713017e-11,0.11850962226883632,0.045567125072629805,-0.09649238104556092,-5.4263079442805584e-05
5.5758692806473405e-06,-3.934147907451349e-11,0.11867925460923684,0.04551811851273543,-0.09668460813886494,-5.4336020362795586e-05
5.5750770128262165e-06,-3.933817323875156e-11,0.11884847842573629,0.04546839873559021,-0.0968765973157286,-5.44086460940915e-05
5.5742866630115795e-06,-3.933577196302653e-11,0.11901729258633226,0.04541796580024592,-0.09706834599251107,-5.448094356209243e-05
5.573498236611018e-06,-3.933278941094145e-11,0.1191856959625412,0.04536681978074008,-0.09725985158291063,-5.455289959761955e-05
5.572711738839434e-06,-3.9329346926742273e-11,0.11935368742943171,0.045314960766353746,-0.09745111149800739,-5.462450093863464e-05
5.571927174865451e-06,-3.9326995332887734e-11,0.1195212658655747,0.04526238886141572,-0.09764212314635244,-5.46957342309743e-05
5.571144550025682e-06,-3.932357190354174e-11,0.11968843015310326,0.045209104185508775,-0.0978328839339954,-5.476658602846567e-05
5.570363869484252e-06,-3.932129642067971e-11,0.11985517917774814,0.045155106873296325,-0.09802339126463666,-5.4837042794161264e-05
5.569585138428039e-06,-3.9318522538549314e-11,0.12002151182869515,0.04510039707474574,-0.09821364253959809,-5.4907090902368235e-05
5.568808362094019e-06,-3.9315324372533444e-11,0.12018742699869128,0.04504497495491746,-0.09840363515786212,-5.497671663679117e-05
5.568033545658314e-06,-3.9312701355441286e-11,0.12035292358411867,0.04498884069421725,-0.09859336651633493,-5.5045906195254116e-05
5.56726069424066e-06,-3.9309952420125255e-11,0.12051800048476805,0.04493199448819934,-0.0987828340095921,-5.5114645686543994e-05
5.56648981285515e-06,-3.93073985005928e-11,0.12068265660407058,0.044874436547782684,-0.09897203503025358,-5.518292113457902e-05
5.565720906820713e-06,-3.930475088905199e-11,0.12084689084897612,0.04481616709904408,-0.09916096696885326,-5.5250718478079204e-05
5.56495398119528e-06,-3.9301933345761296e-11,0.12101070212991141,0.04475718638347091,-0.09934962721394397,-5.531802357210631e-05
5.56418904094725e-06,-3.929920604705487e-11,0.12117408936100321,0.044697494657769246,-0.09953801315225606,-5.538482218793296e-05
5.563426091253313e-06,-3.9296512060460194e-11,0.12133705145971649,0.044637092194012545,-0.0997261221685994,-5.545110001590474e-05
5.562665137144798e-06,-3.9293895711211397e-11,0.12149958734723731,0.04457597927957182,-0.09991395164607375,-5.551684266595733e-05
5.561906183572073e-06,-3.929150951267283e-11,0.12166169594820943,0.04451415621725875,-0.10010149896608209,-5.558203566747856e-05
5.561149235687586e-06,-3.928862402717537e-11,0.12182337619080479,0.044451623325149646,-0.100288761508339,-5.5646664472827566e-05
5.560394298397923e-06,-3.9285942898540835e-11,0.12198462700679678,0.04438838093672574,-0.10047573665105108,-5.571071445655599e-05
5.559641376715758e-06,-3.928322778355632e-11,0.12214544733146676,0.04432442940084605,-0.10066242177089171,-5.577417091781199e-05
5.558890475624883e-06,-3.9280994606601875e-11,0.12230583610363135,0.0442597690819051,-0.10084881424311783,-5.5837019081360394e-05
5.55814160005343e-06,-3.9277891572550377e-11,0.12246579226565892,0.04419440035945181,-0.10103491144158445,-5.589924409938824e-05
5.55739475495686e-06,-3.9275524406842135e-11,0.12262531476351678,0.04412832362870465,-0.10122071073890773,-5.5960831051530496e-05
5.5566499451735635e-06,-3.9273143173610705e-11,0.12278440254658808,0.04406153930020105,-0.10140620950641553,-5.602176494844624e-05
5.5559071757544615e-06,-3.9270222990255596e-11,0.12294305456792942,0.043994047799950434,-0.10159140511430387,-5.6082030730394205e-05
5.555166451461658e-06,-3.9268079908807616e-11,0.12310126978408203,0.043925849569421624,-0.10177629493166854,-5.614161327219174e-05
5.554427777165635e-06,-3.926601284517852e-11,0.12325904715508122,0.04385694506551094,-0.10196087632653086,-5.62004973820328e-05
5.5536911578415415e-06,-3.926331838932759e-11,0.12341638564463157,0.04378733476071038,-0.10214514666604875,-5.625866780425252e-05
5.5529565981411076e-06,-3.926115535347744e-11,0.1235732842198875,0.04371701914287105,-0.10232910331644245,-5.6316109220283345e-05
5.552224103068281e-06,-3.92585807053547e-11,0.12372974185151299,0.043645998715402985,-0.10251274364304677,-5.6372806252171175e-05
5.551493677304722e-06,-3.9256250471977026e-11,0.1238857575138493,0.04357427399721237,-0.10269606501058454,-5.6428743461507604e-05
5.5507653256097805e-06,-3.925421023388137e-11,0.12404133018466432,0.04350184552271929,-0.10287906478296807,-5.648390535329883e-05
5.550039052973041e-06,-3.925138122345864e-11,0.12419645884527807,0.04342871384188407,-0.10306174032356326,-5.653827637673082e-05
5.5493148638098785e-06,-3.9249479365135575e-11,0.12435114248061298,0.04335487952015688,-0.10324408899519948,-5.6591840927961564e-05
5.5485927631349195e-06,-3.924724458728886e-11,0.12450538007912192,0.04328034313858538,-0.10342610816020652,-5.6644583351041126e-05
5.547872755531654e-06,-3.924486505320552e-11,0.1246591706327397,0.04320510529366562,-0.1036077951805312,-5.669648794027754e-05
5.547154845707212e-06,-3.9242889296340006e-11,0.12481251313699192,0.04312916659756408,-0.10378914741778411,-5.674753894236369e-05
5.546439038421076e-06,-3.924058413005537e-11,0.12496540659097016,0.04305252767787673,-0.10397016223332134,-5.6797720557909284e-05
5.545725338257029e-06,-3.923867259014572e-11,0.12511784999724654,0.04297518917788272,-0.1041508369883065,-5.6847016944881675e-05
5.54501374997544e-06,-3.9236156539762274e-11,0.12526984236201064,0.04289715175635489,-0.10433116904382118,-5.689541221842126e-05
5.544304278137132e-06,-3.9233885785038155e-11,0.12542138269493727,0.04281841608763883,-0.10451115576085114,-5.694289045519616e-05
5.543596927314438e-06,-3.9231392707882303e-11,0.12557247000921418,0.0427389828616769,-0.10469079450041263,-5.698943569498272e-05
5.542891702223733e-06,-3.9229268062953454e-11,0.12572310332167524,0.042658852784005934,-0.10487008262369016,-5.7035031941551785e-05
5.542188607379239e-06,-3.922692220520603e-11,0.1258732816526674,0.04257802657570418,-0.10504901749197193,-5.707966316816561e-05
5.541487647338857e-06,-3.9224626827234137e-11,0.12602300402598213,0.04249650497346775,-0.10522759646679933,-5.7123313315316815e-05
5.540788826731155e-06,-3.9222345394812684e-11,0.1261722694690818,0.04241428872956915,-0.10540581691006887,-5.716596629882017e-05
5.540092149991252e-06,-3.922014897400595e-11,0.12632107701289222,0.042331378611910636,-0.10558367618402974,-5.720760600710542e-05
5.539397621708617e-06,-3.921834157340903e-11,0.12646942569190023,0.042247775403892185,-0.1057611716513808,-5.7248216307069036e-05
5.538705246369456e-06,-3.921575888016736e-11,0.1266173145441449,0.042163479904636515,-0.10593830067540082,-5.7287781044942937e-05
5.538015028457986e-06,-3.921400078705237e-11,0.12676474261129492,0.042078492928796965,-0.10611506062003934,-5.732628404947836e-05
5.537326972471368e-06,-3.9211966593383826e-11,0.12691170893832698,0.04199281530659408,-0.10629144884970078,-5.7363709135483054e-05
5.536641082805025e-06,-3.9210117927035784e-11,0.12705821257399674,0.04190644788388245,-0.10646746272978048,-5.740004010519947e-05
5.535957363962252e-06,-3.9207806982292383e-11,0.12720425257050672,0.041819391522152326,-0.10664309962642242,-5.7435260751693974e-05
5.535275820312568e-06,-3.9205612192871105e-11,0.1273498279835969,0.041731647098439205,-0.10681835690665585,-5.746935486120899e-05
5.534596456331218e-06,-3.9203607699565823e-11,0.1274949378725746,0.041643215505359134,-0.10699323193849199,-5.750230621802923e-05
5.53391927627776e-06,-3.9201791506766914e-11,0.1276395813002518,0.04155409765118802,-0.10716772209100914,-5.753409860346725e-05
5.533244284659553e-06,-3.919955491457562e-11,0.1277837573330742,0.04146429445975002,-0.10734182473445213,-5.756471580367228e-05
5.532571485735476e-06,-3.919768150808926e-11,0.1279274650408664,0.04137380687045395,-0.10751553724013953,-5.7594141608552905e-05
5.53190088395478e-06,-3.919520280169439e-11,0.12807070349720673,0.041282635838347105,-0.107688856980832,-5.762235981806657e-05
5.531232483498893e-06,-3.919281916627752e-11,0.1282134717790202,0.04119078233401783,-0.10786178133052117,-5.764935424264974e-05
5.530566288758998e-06,-3.919077426780659e-11,0.12835576896693715,0.041098247343661846,-0.10803430766470472,-5.767510870854995e-05
5.529902303956192e-06,-3.918875943392309e-11,0.12849759414500184,0.04100503186904126,-0.10820643336030433,-5.7699607060045445e-05
5.529240533476156e-06,-3.918665624942099e-11,0.128638946400836,0.04091113692748384,-0.10837815579585722,-5.772283316256585e-05
5.528580981420869e-06,-3.918467233732226e-11,0.12877982482571337,0.040816563551916,-0.108549472351589,-5.774477090684071e-05
5.527923652158932e-06,-3.918253577633391e-11,0.12892022851427887,0.04072131279080107,-0.1087203804094053,-5.77654042118863e-05
5.527268549890287e-06,-3.918048653597209e-11,0.12906015656482037,0.04062538570818297,-0.1088908773530053,-5.778471702824349e-05
5.5266156787345775e-06,-3.917884942457295e-11,0.12919960807919514,0.04052878338364087,-0.10906096056802364,-5.780269334178544e-05
5.525965042966951e-06,-3.9176612022618165e-11,0.12933858216271352,0.04043150691232754,-0.10923062744202144,-5.781931717704135e-05
5.5253166467035785e-06,-3.917475767437311e-11,0.12947707792427154,0.04033355740489066,-0.10939987536454104,-5.7834572601388426e-05
5.524670494141758e-06,-3.917272317577271e-11,0.12961509447636968,0.04023493598755163,-0.10956870172734658,-5.7848443728233016e-05
5.52402658944081e-06,-3.917046849603986e-11,0.1297526309349449,0.040135844204413684,-0.10973632704919854,-5.668817706619956e-05
5.523384936618433e-06,-3.91687960498143e-11,0.1298896864194983,0.040036075944913936,-0.10990354181613321,-5.555112802677075e-05
5.522745539949308e-06,-3.9166635473747826e-11,0.1300262600532213,0.03993563254646691,-0.1100703431230937,-5.443683231874799e-05
5.5221084033408614e-06,-3.9164688319490875e-11,0.1301623509626002,0.03983451535878336,-0.11023672807324471,-5.334483493730089e-05
5.521473531000722e-06,-3.916273915268364e-11,0.13029795827783974,0.03973272574403166,-0.11040269377838705,-5.227468997644347e-05
5.520840926817351e-06,-3.9161160327315673e-11,0.1304330811326498,0.039630265076808925,-0.11056823735868748,-5.1225960449407565e-05
5.520210595043911e-06,-3.9159311845620814e-11,0.13056771866433153,0.03952713474416021,-0.11073335594269515,-5.019821810759549e-05
5.519582539605065e-06,-3.915704022184089e-11,0.13070187001353345,0.03942333614577913,-0.11089804666714363,-4.919104326784861e-05
5.518956764440685e-06,-3.915518000535158e-11,0.13083553432472408,0.03931887069386465,-0.11106230667729225,-4.820402463920358e-05
5.518333273680302e-06,-3.9153080075150066e-11,0.13096871074569874,0.039213739813260054,-0.11122613312644274,-4.723675915763399e-05
5.517712071189463e-06,-3.915111853488554e-11,0.1311013984279381,0.039107944941515316,-0.11138952317627568,-4.628885181908656e-05
5.517093160897565e-06,-3.9149613462370354e-11,0.1312335965263123,0.039001487528887616,-0.11155247399652324,-4.535991551985777e-05
5.5164765468250015e-06,-3.9147623285615946e-11,0.13136530419939327,0.03889436903837358,-0.1117149827652156,-4.444957089761429e-05
5.515862232899548e-06,-3.914564996820532e-11,0.13149652060925476,0.038786590945769736,-0.1118770466684901,-4.355744617703495e-05
5.515250223013004e-06,-3.9143964355699626e-11,0.13162724492141928,0.03867815473972681,-0.1120386629005399,-4.2683177017724587e-05
5.514640521008177e-06,-3.914178909546998e-11,0.13175747630505477,0.038569061921698594,-0.11219982866371046,-4.1826406366984004e-05
5.514033130821024e-06,-3.913976485952076e-11,0.131887213932804,0.0384593140060795,-0.11236054116843548,-4.09867843113646e-05
5.5134280562343915e-06,-3.913802040533029e-11,0.1320164569809364,0.03834891252018795,-0.11252079763320595,-4.0163967935993714e-05
5.512825301120877e-06,-3.9136292270076575e-11,0.13214520462917087,0.03823785900425646,-0.11268059528451224,-3.935762118429369e-05
5.512224869328483e-06,-3.913428362800392e-11,0.13227345606087001,0.038126155011579295,-0.1128399313569904,-3.856741472050708e-05
5.511626764641548e-06,-3.913256553856096e-11,0.13240121046283662,0.038013802108345915,-0.1129988030931764,-3.7793025794486266e-05
5.511030990885273e-06,-3.913055097233987e-11,0.13252846702546572,0.03790080187391945,-0.1131572077436718,-3.703413811186143e-05
5.510437551783613e-06,-3.9128777661430946e-11,0.1326552249426949,0.037787155900623016,-0.11331514256712805,-3.629044170275602e-05
5.509846451128746e-06,-3.9126856234952736e-11,0.13278148341204116,0.037672865793886505,-0.11347260483014956,-3.5561632797616594e-05
5.509257692641665e-06,-3.912520146799885e-11,0.13290724163446663,0.03755793317226205,-0.11362959180732422,-3.484741370146043e-05
5.508671280012946e-06,-3.912352562008897e-11,0.13303249881456353,0.03744235966741293,-0.11378610078127141,-3.414749267229334e-05
5.508087217073592e-06,-3.9121747276110275e-11,0.1331572541604889,0.03732614692416305,-0.11394212904263747,-3.3461583803438836e-05
5.507505507355154e-06,-3.9120067974000037e-11,0.13328150688378548,0.03720929660045827,-0.11409767388992427,-3.278940690615097e-05
5.506926154612923e-06,-3.911812836003038e-11,0.13340525619971763,0.0370918103674961,-0.11425273262978067,-3.213068739471443e-05
5.506349162554679e-06,-3.9116451239877017e-11,0.13352850132706304,0.03697368990956189,-0.11440730257683089,-3.1485156174890045e-05
5.505774534692355e-06,-3.911480716925519e-11,0.13365124148799354,0.036854936924244984,-0.11456138105360368,-3.085254953442171e-05
5.505202274751878e-06,-3.911282191037407e-11,0.13377347590842753,0.03673555312230847,-0.11471496539074338,-3.0232609034470325e-05
5.504632386331383e-06,-3.9111246888184036e-11,0.13389520381771217,0.03661554022775612,-0.11486805292691929,-2.9625081405399635e-05
5.504064873023806e-06,-3.910930741820998e-11,0.13401642444869313,0.036494899977826845,-0.11502064100869033,-2.902971844181173e-05
5.503499738293906e-06,-3.9107707532214813e-11,0.13413713703789218,0.036373634123024884,-0.1151727269908242,-2.8446276903033463e-05
5.5029369858550265e-06,-3.91061094910574e-11,0.13425734082530102,0.036251744427088874,-0.11532430823609395,-2.787451841250777e-05
5.502376619107994e-06,-3.910454671018752e-11,0.13437703505444462,0.03612923266703889,-0.11547538211527492,-2.7314209360191323e-05
5.501818641737779e-06,-3.910255405840284e-11,0.13449621897240188,0.03600610063316976,-0.11562594600727374,-2.6765120809678642e-05
5.5012630571336104e-06,-3.9101000461064174e-11,0.1346148918297975,0.035882350129052276,-0.11577599729909484,-2.6227028401597834e-05
5.5007098688239135e-06,-3.9099342204334544e-11,0.13473305288081036,0.03575798297150928,-0.11592553338583803,-2.5699712264300653e-05
5.500159080265063e-06,-3.909749370739309e-11,0.1348507013831425,0.03563300099068996,-0.11607455167075023,-2.5182956922454203e-05
5.499610694933188e-06,-3.909594907505114e-11,0.13496783659806494,0.03550740602995473,-0.11622304956520738,-2.467655121037548e-05
5.499064716217274e-06,-3.9094570415427066e-11,0.13508445779035774,0.03538119994602728,-0.1163710244887772,-2.418028818565034e-05
5.498521147684679e-06,-3.9092835239635496e-11,0.1352005642283666,0.035254384608868636,-0.11651847386922169,-2.3693965044750267e-05
5.497979992593742e-06,-3.9091276439820466e-11,0.1353161551840036,0.0351269619017026,-0.1166653951425237,-2.3217383039074317e-05
5.4974412543445095e-06,-3.9090105479451325e-11,0.13543122993262244,0.03499893372108048,-0.11681178575282689,-2.2750347394710272e-05
5.496904936475601e-06,-3.9088264749802e-11,0.13554578775329063,0.03487030197676931,-0.11695764315268033,-2.2292667233962827e-05
5.496371042109448e-06,-3.9086821819011956e-11,0.13565982792844827,0.0347410685918519,-0.11710296480280617,-2.18441554952692e-05
5.495839574768719e-06,-3.9085446444181654e-11,0.1357733497442455,0.0346112355026459,-0.11724774817234364,-2.1404628859114322e-05
5.495310537731899e-06,-3.9083922858914374e-11,0.13588635249009834,0.03448080465871363,-0.11739199073855298,-2.097390767098074e-05
5.494783934314988e-06,-3.908235936145462e-11,0.1359988354593752,0.03434977802286887,-0.11753568998741999,-2.055181587013111e-05
5.4942597677342525e-06,-3.9080548349109214e-11,0.1361107979485821,0.03421815757117395,-0.11767884341300035,-2.0138180916164444e-05
5.493738041404928e-06,-3.907879200257616e-11,0.1362222392581224,0.03408594529290605,-0.11782144851803275,-1.9732833719470157e-05
5.493218758416083e-06,-3.907744910129499e-11,0.13633315869153634,0.0339531431905681,-0.117963502813466,-1.9335608571729225e-05
5.492701922134418e-06,-3.9075843292845453e-11,0.1364435555563657,0.033819753279835656,-0.11810500381901542,-1.894634307901991e-05
5.492187535744076e-06,-3.907451572116656e-11,0.1365534291634,0.033685777589634355,-0.1182459490627563,-1.856487809422037e-05
5.491675602424922e-06,-3.907325626279509e-11,0.13666277882696184,0.03355121816197423,-0.11838633608129227,-1.8191057653672156e-05
5.491166125444376e-06,-3.9071731120681255e-11,0.13677160386502046,0.03341607705211327,-0.11852616241990264,-1.7824728912162268e-05
5.490659107938443e-06,-3.907015056906014e-11,0.13687990359919178,0.03328035632842652,-0.11866542563256292,-1.7465742081298662e-05
5.490154553109425e-06,-3.906867835972924e-11,0.13698767735433548,0.03314405807239094,-0.11880412328175892,-1.711395036850997e-05
5.4896524639948e-06,-3.906741225045507e-11,0.13709492445914015,0.033007184378605836,-0.11894225293876724,-1.676920991594404e-05
5.489152843814558e-06,-3.906585448232617e-11,0.1372016442457243,0.03286973735480489,-0.11907981218361499,-1.6431379743599283e-05
5.48865569566467e-06,-3.906433239461314e-11,0.1373078360496952,0.032731719121736974,-0.11921679860504875,-1.6100321690436013e-05
5.4881610226120005e-06,-3.906292570328071e-11,0.13741349921020196,0.03259313181321389,-0.11935320980061259,-1.5775900357647867e-05
5.4876688277345145e-06,-3.9061558365099014e-11,0.1375186330701271,0.03245397757611216,-0.11948904337680342,-1.5457983055346234e-05
5.487179114135783e-06,-3.906005424634293e-11,0.13762323697569814,0.03231425857032952,-0.11962429694898842,-1.5146439746467048e-05
5.4866918847820055e-06,-3.9058769180471396e-11,0.13772731027670643,0.03217397696865504,-0.11975896814130772,-1.4841142994169896e-05
5.486207142752612e-06,-3.905730276653992e-11,0.1378308523266684,0.03203313495696656,-0.1198930545872039,-1.4541967910831454e-05
5.485724891098083e-06,-3.905563173994158e-11,0.13793386248236428,0.031891734734026955,-0.12002655392875869,-1.4248792105558518e-05
5.48524513272647e-06,-3.905418324922727e-11,0.13803634010420993,0.03174977851140729,-0.12015946381727692,-1.3961495635326025e-05
5.4847678706206915e-06,-3.905310960447344e-11,0.1381382845564313,0.03160726851381056,-0.1202917819133276,-1.3679960955740527e-05
5.484293107854705e-06,-3.905140439840161e-11,0.1382396952063594,0.03146420697854909,-0.1204235058862956,-1.3404072872929115e-05
5.483820847266039e-06,-3.9049937098473674e-11,0.13834057142525635,0.03132059615592977,-0.12055463341504456,-1.3133718496530756e-05
5.483351091791627e-06,-3.9048516154964875e-11,0.13844091258760444,0.031176438308991486,-0.12068516218742116,-1.2868787194141795e-05
5.482883844378163e-06,-3.904684985481038e-11,0.13854071807170162,0.031031735713586375,-0.1208150899007433,-1.2609170544959501e-05
5.482419107838505e-06,-3.90457050033848e-11,0.138639987259223,0.030886490658285415,-0.12094441426155192,-1.2354762297031742e-05
5.481956885157901e-06,-3.904457635908764e-11,0.13873871953542252,0.03074070544437049,-0.12107313298574192,-1.2105458322442271e-05
5.4814971791953935e-06,-3.9042903546943845e-11,0.1388369142890807,0.030594382385835953,-0.12120124379858101,-1.1861156575941591e-05
5.481039992719066e-06,-3.904171075684159e-11,0.1389345709126744,0.030447523809316857,-0.12132874443498211,-1.1621757053729136e-05
5.480585328577824e-06,-3.904040034435614e-11,0.13903168880194652,0.030300132054044984,-0.12145563263908407,-1.1387161749775518e-05
5.4801331895366736e-06,-3.903945768985947e-11,0.13912826735641098,0.030152209471841197,-0.12158190616474542,-1.1157274620175609e-05
5.479683578545429e-06,-3.9037930108290746e-11,0.13922430597909302,0.030003758427118887,-0.12170756277543064,-1.0932001539708539e-05
5.479236498273945e-06,-3.903640142219106e-11,0.1393198040764009,0.02985478129676026,-0.12183260024410134,-1.0711250266563678e-05
5.478791951472795e-06,-3.90348560597067e-11,0.13941476105850817,0.029705280470144334,-0.12195701635354897,-1.049493040298502e-05
5.47834994092517e-06,-3.903357511210936e-11,0.13950917633892887,0.029555258349023422,-0.12208080889616939,-1.0282953358741355e-05
5.477910469301213e-06,-3.903236683824483e-11,0.1396030493348671,0.029404717347704296,-0.12220397567428151,-1.0075232315827651e-05
5.477473539406696e-06,-3.9031067367730995e-11,0.13969637946709726,0.029253659892724503,-0.12232651449996987,-9.87168219153003e-06
5.477039153880102e-06,-3.9029926017939624e-11,0.13978916615971412,0.029102088423010403,-0.12244842319513694,-9.672219604592498e-06
5.47660731543175e-06,-3.902844706792053e-11,0.13988140884061492,0.02895000538969939,-0.12256969959170094,-9.476762841743096e-06
5.476178026631713e-06,-3.902731962979829e-11,0.13997310694099854,0.02879741325632995,-0.1226903415314866,-9.285231822880384e-06
5.475751290211604e-06,-3.9026214353446074e-11,0.1400642598958869,0.02864431449849476,-0.12281034686643214,-9.097548069515037e-06
5.475327108789233e-06,-3.902501179535987e-11,0.14015486714359496,0.02849071160399855,-0.12292971345847133,-8.913634672806281e-06
5.474905484949584e-06,-3.9024052422126886e-11,0.1402449281261391,0.028336607072812346,-0.12304843917971373,-8.733416260945214e-06
5.47448642137857e-06,-3.902269681365744e-11,0.14033444228892916,0.028182003416917976,-0.12316652191235618,-8.556818970289246e-06
5.474069920496951e-06,-3.902140918635828e-11,0.14042340908105044,0.028026903160372204,-0.12328395954890267,-8.383770413222347e-06
5.4736559850057155e-06,-3.902026297120966e-11,0.14051182795518893,0.027871308839252016,-0.12340074999221305,-8.214199650250645e-06
5.473244617417108e-06,-3.901861489751012e-11,0.14059969836728597,0.027715223001486006,-0.1235168911551891,-8.048037160088108e-06
5.472835820222945e-06,-3.901757059058945e-11,0.14068701977711454,0.027558648206996356,-0.12363238096139717,-7.88521481136348e-06
5.472429595906837e-06,-3.901662369076365e-11,0.14077379164791734,0.02740158702752138,-0.12374721734473842,-7.725665835464683e-06
5.472025947063603e-06,-3.9015423309552116e-11,0.14086001344640725,0.02724404204661309,-0.12386139824951384,-7.5693247987697565e-06
5.471624876168172e-06,-3.901426562557739e-11,0.14094568464289245,0.027086015859578337,-0.12397492163061717,-7.416127575647335e-06
5.471226385522866e-06,-3.901316142156889e-11,0.14103080471117307,0.026927511073388526,-0.12408778545348316,-7.266011323081569e-06
5.47083047776045e-06,-3.901215961876151e-11,0.14111537312878764,0.026768530306824054,-0.12419998769431763,-7.118914454760025e-06
5.4704371552726035e-06,-3.9010998295933245e-11,0.14119938937646195,0.026609076190089846,-0.12431152633970663,-6.9747766147355784e-06
5.470046420330123e-06,-3.9010243245681865e-11,0.14128285293875145,0.02644915136508161,-0.12442239938722903,-6.833538655193085e-06
5.469658275593956e-06,-3.9008534214409244e-11,0.14136576330377176,0.026288758485171964,-0.12453260484526091,-6.695142610205656e-06
5.469272723213659e-06,-3.9007620872334747e-11,0.14144811996293186,0.026127900215196564,-0.12464214073273452,-6.559531673332294e-06
5.468889765587122e-06,-3.900669240225181e-11,0.14152992241143456,0.025966579231426576,-0.12475100507979768,-6.426650173438242e-06
5.468509405190229e-06,-3.9005383018064364e-11,0.14161117014784547,0.025804798221401748,-0.1248591959272322,-6.296443553004842e-06
5.468131644193966e-06,-3.900427695058338e-11,0.14169186267448056,0.025642559884090026,-0.12496671132712003,-6.168858344430207e-06
5.46775648501681e-06,-3.900323325352643e-11,0.1417719994968826,0.025479866929609945,-0.12507354934221065,-6.043842150622973e-06
5.467383929946892e-06,-3.9002005082857966e-11,0.1418515801245339,0.025316722079334428,-0.12517970804672093,-5.9213436208097955e-06
5.467013981189878e-06,-3.9001092340482796e-11,0.14193060407006586,0.02515312806574578,-0.1252851855257123,-5.8013124318212185e-06
5.466646641101362e-06,-3.89999327676246e-11,0.14200907084995693,0.024989087632462072,-0.12538997987556977,-5.683699265547832e-06
5.4662819119012835e-06,-3.8998718171506146e-11,0.14208697998412714,0.024824603534065574,-0.12549408920397742,-5.568455791734595e-06
5.465919795774263e-06,-3.899751570151137e-11,0.14216433099592554,0.024659678536160266,-0.1255975116297276,-5.455534643964135e-06
5.465560294945698e-06,-3.8996439148046395e-11,0.14224112341241588,0.024494315415246017,-0.12570024528311388,-5.3448894052333405e-06
5.465203411640971e-06,-3.899572698815533e-11,0.14231735676405272,0.02432851695870158,-0.12580228830571483,-5.236474585193035e-06
5.464849148080756e-06,-3.899466698232602e-11,0.14239303058501054,0.02416228596469584,-0.12590363885067554,-5.1302456033224646e-06
5.464497506380069e-06,-3.899348486314483e-11,0.14246814441291827,0.02399562524215188,-0.12600429508259117,-5.026158769990827e-06
5.464148488701549e-06,-3.8992461537230264e-11,0.1425426977888737,0.02382853761066341,-0.12610425517754117,-4.924171270036676e-06
5.463802097102992e-06,-3.899125478633097e-11,0.14261669025752327,0.02366102590044595,-0.126203517323153,-4.824241143279513e-06
5.46345833380102e-06,-3.8990614886820637e-11,0.14269012136727455,0.023493092952331172,-0.1263020797189682,-4.726327268667223e-06
5.463117200896554e-06,-3.898928540254135e-11,0.14276299066983983,0.023324741617584063,-0.12639994057595344,-4.630389348314995e-06
5.462778700394246e-06,-3.89882388543715e-11,0.14283529772050557,0.023155974757918415,-0.12649709811686025,-4.536387887961816e-06
5.4624428343019306e-06,-3.898759252249297e-11,0.14290704207819882,0.022986795245503656,-0.12659355057638147,-4.44428418455551e-06
5.462109604922819e-06,-3.898651821197124e-11,0.14297822330538346,0.02281720596273634,-0.1266892962009618,-4.354040308083124e-06
5.461779013995488e-06,-3.898553558937792e-11,0.14304884096795087,0.022647209802358067,-0.12678433324892321,-4.265619086797115e-06
5.461451063724022e-06,-3.898482584691889e-11,0.1431188946354812,0.022476809667223804,-0.1268786599906164,-4.178984092977919e-06
5.4611257560555424e-06,-3.898380046271426e-11,0.1431883838809535,0.022306008470366023,-0.12697227470826974,-4.094099625361959e-06
5.460803092973672e-06,-3.8982542835628024e-11,0.14325730828101496,0.022134809134875696,-0.1270651756962878,-4.010930698447074e-06
5.460483076407941e-06,-3.898195467289011e-11,0.1433256674157467,0.02196321459382915,-0.1271573612610386,-3.9294430242390685e-06
5.460165708348769e-06,-3.898092307993398e-11,0.14339346086893287,0.02179122779026111,-0.12724882972120455,-3.849603001480166e-06
5.459850990721774e-06,-3.8979940091422426e-11,0.1434606882276728,0.02161885167705627,-0.1273395794074684,-3.771377699994837e-06
5.459538925398604e-06,-3.897916695701762e-11,0.1435273490828317,0.021446089216890004,-0.12742960866291048,-3.694734848131971e-06
5.459229514338823e-06,-3.897827831442387e-11,0.14359344302866622,0.021272943382228904,-0.12751891584280717,-3.6196428194710287e-06
5.458922759331367e-06,-3.897779066739174e-11,0.14365896966303393,0.021099417155182543,-0.1276074993148288,-3.5460706193449525e-06
5.458618662412489e-06,-3.897701040096952e-11,0.14372392858735783,0.020925513527418657,-0.12769535745899602,-3.473987872810831e-06
5.458317225307939e-06,-3.8976121905759495e-11,0.14378831940656256,0.020751235500199024,-0.1277824886677815,-3.403364812345369e-06
5.458018449863401e-06,-3.897516095026897e-11,0.1438521417291274,0.02057658608425281,-0.12786889134618165,-3.3341722653658702e-06
5.457722337842208e-06,-3.897457033452364e-11,0.1439153951670937,0.02040156829965644,-0.12795456391160007,-3.2663816422129126e-06
5.457428891213718e-06,-3.897361596725537e-11,0.14397807933598955,0.020226185175870617,-0.12803950479417064,-3.1999649250926756e-06
5.457138111574478e-06,-3.8972886421166034e-11,0.1440401938550427,0.020050439751557427,-0.128123712436576,-3.1348946551579835e-06
5.456850000787501e-06,-3.8972243330035556e-11,0.14410173834668108,0.0198743350746156,-0.12820718529405772,-3.071143924292356e-06
5.456564560537406e-06,-3.897170243512423e-11,0.14416271243733347,0.019697874202040715,-0.1282899218348508,-3.008686360320184e-06
5.456281792670662e-06,-3.897096491337266e-11,0.14422311575667338,0.019521060199883866,-0.12837192053973082,-2.947496119183043e-06
5.456001698831823e-06,-3.897010053657878e-11,0.14428294793790522,0.019343896143166707,-0.12845317990229532,-2.887547873893083e-06
5.455724280739582e-06,-3.8969149482903404e-11,0.14434220861796665,0.019166385115795916,-0.12853369842910178,-2.8288168016953613e-06
5.455449540055835e-06,-3.896823290855118e-11,0.14440089743714232,0.018988530210544825,-0.12861347463954423,-2.771278578217667e-06
5.455177478465289e-06,-3.896762596539876e-11,0.14445901403941064,0.018810334528911888,-0.1286925070659669,-2.7149093637761594e-06
5.454908097591697e-06,-3.8966797133495475e-11,0.1445165580722398,0.01863180118113522,-0.12877079425374585,-2.6596857960333577e-06
5.454641399034197e-06,-3.896593557223911e-11,0.1445735291864856,0.018452933285951833,-0.12884833476110305,-2.6055849785125943e-06
5.454377384532542e-06,-3.896497096603658e-11,0.14462992703690913,0.018273733970787503,-0.12892512715974422,-2.5525844738518863e-06
5.454116055565972e-06,-3.896426898409341e-11,0.1446857512813768,0.01809420637139851,-0.12900117003398778,-2.500662291308621e-06
5.45385741380975e-06,-3.896338490023098e-11,0.14474100158173347,0.017914353632000515,-0.12907646198180325,-2.4497968810024524e-06
5.453601460754429e-06,-3.89627613992785e-11,0.14479567760305195,0.017734178905122723,-0.1291510016140483,-2.3999671229711667e-06
5.453348198027104e-06,-3.8962000995778896e-11,0.1448497790139441,0.017553685351496096,-0.12922478755482925,-2.351152320069668e-06
5.453097627058247e-06,-3.89616069577459e-11,0.1449033054868605,0.017372876140034292,-0.12929781844183602,-2.3033321879768518e-06
5.452849749490032e-06,-3.8960703807171823e-11,0.14495625669746487,0.017191754447727615,-0.12937009292578402,-2.2564868477598027e-06
5.452604566757436e-06,-3.895976907582134e-11,0.14500863232517314,0.01701032345960853,-0.12944160967094745,-2.2105968187689786e-06
5.452362080298158e-06,-3.895907987052315e-11,0.1450604320528362,0.016828586368603283,-0.1295123673549769,-2.165643008178226e-06
5.452122291647694e-06,-3.895860453765601e-11,0.1451116555669447,0.016646546375507852,-0.12958236466899214,-2.121606705550255e-06
5.4518852022180125e-06,-3.895780621418542e-11,0.14516230255742274,0.016464206688872496,-0.12965160031757364,-2.078469573986328e-06
5.451650813516582e-06,-3.895703559716253e-11,0.14521237271772594,0.016281570525013233,-0.12972007301884228,-2.0362136432205544e-06
5.4514191268772485e-06,-3.8956327519970276e-11,0.1452618657450869,0.016098641107789545,-0.12978778150469733,-1.9948213021883144e-06
5.4511901437323e-06,-3.895551463769739e-11,0.1453107813399462,0.01591542166862391,-0.1298547245203381,-1.9542752913653405e-06
5.450963865460277e-06,-3.895468948530523e-11,0.14535911920651848,0.01573191544642292,-0.12992090082490107,-1.914558696124815e-06
5.450740293416455e-06,-3.895408779036895e-11,0.1454068790525105,0.015548125687478058,-0.12998630919111726,-1.875654939873646e-06
5.4505194290607854e-06,-3.8953281740263814e-11,0.1454540605891762,0.01536405564535988,-0.13005094840549128,-1.8375477770023062e-06
5.450301273561381e-06,-3.8952834601735354e-11,0.14550066353121693,0.015179708580863056,-0.13011481726825552,-1.800221287244273e-06
5.450085828325266e-06,-3.8952076612279647e-11,0.14554668759696343,0.014995087761932894,-0.13017791459347147,-1.7636598673498885e-06
5.449873094668207e-06,-3.895147353837373e-11,0.14559213250835856,0.01481019646359634,-0.13024023920917532,-1.7278482265580878e-06
5.449663073821977e-06,-3.8950955020378803e-11,0.14563699799068686,0.01462503796782494,-0.13030178995712424,-1.692771378876897e-06
5.4494557670825555e-06,-3.895060660692848e-11,0.14568128377306216,0.014439615563522027,-0.13036256569319826,-1.6584146384345876e-06
5.449251175706173e-06,-3.895002768870815e-11,0.14572498958782462,0.014253932546371471,-0.1304225652870442,-1.6247636125391365e-06
5.449049300967757e-06,-3.8949257542635583e-11,0.14576811517108818,0.014067992218838499,-0.13048178762247264,-1.5918041955665105e-06
5.448850143980344e-06,-3.8948665947720167e-11,0.14581066026243936,0.01388179789001478,-0.13054023159727052,-1.5595225638481642e-06
5.448653706070611e-06,-3.894798069806584e-11,0.14585262460490198,0.013695352875545883,-0.13059789612323175,-1.5279051705956072e-06
5.448459988355136e-06,-3.894725302222525e-11,0.14589400794521207,0.013508660497575473,-0.13065478012642517,-1.4969387387507466e-06
5.448268991969017e-06,-3.894690247086376e-11,0.14593481003363304,0.013321724084702252,-0.1307108825469808,-1.4666102562393637e-06
5.448080718161571e-06,-3.894592562164701e-11,0.14597503062391082,0.013134546971761462,-0.13076620233922176,-1.4369069720939421e-06
5.44789516797614e-06,-3.89454387437208e-11,0.14601466947321143,0.012947132499890785,-0.13082073847157027,-1.407816388762762e-06
5.447712342576592e-06,-3.894496999568779e-11,0.14605372634245564,0.012759484016323376,-0.13087448992690487,-1.3793262591995037e-06
5.447532243067064e-06,-3.894445662765318e-11,0.1460922009960835,0.012571604874432502,-0.13092745570223294,-1.3514245799074253e-06
5.447354870470014e-06,-3.894407171555316e-11,0.1461300932018662,0.012383498433510871,-0.13097963480887084,-1.3240995886019342e-06
5.447180225980082e-06,-3.894355148993981e-11,0.1461674027314284,0.0121951680587738,-0.13103102627262753,-1.2973397568064593e-06
5.447008310572571e-06,-3.8942923814808974e-11,0.1462041293597343,0.012006617121269767,-0.13108162913359697,-1.2711337861421693e-06
5.446839125284127e-06,-3.894255520131692e-11,0.14624027286527358,0.011817848997717654,-0.13113144244614922,-1.24547060492287e-06
5.446672671149759e-06,-3.8942080088678345e-11,0.14627583303016042,0.0116288670705504,-0.13118046527930083,-1.2203393616405733e-06
5.446508949142112e-06,-3.8941742335984694e-11,0.14631080964017842,0.011439674727706543,-0.1312286967165374,-1.1957294214767001e-06
5.446347960254281e-06,-3.894146044680798e-11,0.14634520248432178,0.011250275362631693,-0.13127613585561623,-1.1716303623100608e-06
5.446189705508433e-06,-3.894090456110755e-11,0.14637901135536283,0.011060672374080567,-0.13132278180900903,-1.1480319701052144e-06
5.446034185865003e-06,-3.8940382314473594e-11,0.14641223604963705,0.010870869166216735,-0.13136863370373966,-1.1249242353049225e-06
5.445881402131173e-06,-3.8939918901054085e-11,0.14644487636693018,0.010680869148314726,-0.13141369068143396,-1.1022973464229355e-06
5.44573135534374e-06,-3.893957439581378e-11,0.14647693211057242,0.01049067573481873,-0.13145795189818643,-1.0801416897144197e-06
5.445584046343005e-06,-3.893920629731776e-11,0.14650840308744492,0.010300292345218294,-0.13150141652483363,-1.0584478422892169e-06
5.44543947612051e-06,-3.8938939592053656e-11,0.14653928910810207,0.010109722403918947,-0.13154408374699905,-1.0372065701578665e-06
5.445297645423108e-06,-3.893851665664463e-11,0.14656958998634426,0.009918969340187041,-0.13158595276466367,-1.0164088232959648e-06
5.445158555281906e-06,-3.893776406956506e-11,0.1465993055398677,0.009728036588073283,-0.1316270227929624,-9.960457319427081e-07
5.4450222062873625e-06,-3.8937153914463704e-11,0.14662843558966432,0.00953692758632416,-0.13166729306144695,-9.761086036187815e-07
5.4448885994417e-06,-3.893661926896146e-11,0.1466569799603877,0.009345645778252039,-0.13170676281459867,-9.565889201790292e-07
5.444757735408667e-06,-3.8936133593822034e-11,0.14668493848016184,0.009154194611689115,-0.1317454313116416,-9.374783320050517e-07
5.444629615102024e-06,-3.8936048694015665e-11,0.14671231098068968,0.008962577538902193,-0.13178329782661583,-9.187686575258249e-07
5.444504239265807e-06,-3.893563180811595e-11,0.14673909729722898,0.008770798016458763,-0.1318203616484577,-9.004518774927341e-07
5.444381608646685e-06,-3.8935221334255644e-11,0.14676529726851564,0.008578859505127663,-0.13185662208086457,-8.825201330183357e-07
5.444261723964703e-06,-3.893491453892215e-11,0.14679091073698305,0.008386765469950005,-0.13189207844264753,-8.649657223407023e-07
5.4441445859184365e-06,-3.893458614763663e-11,0.14681593754844557,0.008194519379891888,-0.13192673006729502,-8.47781097001982e-07
5.4440301952920615e-06,-3.8934092239336954e-11,0.14684037755226104,0.00800212470794706,-0.1319605763032604,-8.309588591402357e-07
5.4439185526273025e-06,-3.8934078559754856e-11,0.1468642306015384,0.007809584931029008,-0.13199361651420596,-8.144917587266786e-07
5.443809658759241e-06,-3.893368094724282e-11,0.1468874965526211,0.007616903529755374,-0.1320258500783928,-7.983726906929639e-07
5.443703514316026e-06,-3.893330206601738e-11,0.14691017526568192,0.007424083988477444,-0.1320572763894015,-7.825946909273157e-07
5.443600119819498e-06,-3.8933149567899625e-11,0.14693226660419806,0.007231129795187204,-0.13208789485562236,-7.671509348452279e-07
5.443499476045972e-06,-3.893252217567779e-11,0.1469537704353688,0.007038044441333391,-0.13211770490061497,-7.520347336006444e-07
5.44340158346937e-06,-3.8932210623407264e-11,0.14697468662989954,0.006844831421852347,-0.13214670596295,-7.372395328614284e-07
5.443306442773877e-06,-3.893174181099975e-11,0.14699501506188786,0.006651494234981884,-0.13217489749621386,-7.227589071954516e-07
5.443214054462918e-06,-3.893134867420981e-11,0.14701475560923513,0.006458036382172607,-0.13220227896923434,-7.085865609259792e-07
5.443124419166649e-06,-3.893083264649175e-11,0.14703390815322917,0.006264461368111588,-0.13222884986587302,-6.947163231109649e-07
5.44303753732361e-06,-3.893060035448223e-11,0.14705247257861118,0.006070772700467779,-0.1322546096849579,-6.811421465606767e-07
5.44295340951308e-06,-3.8930408699725384e-11,0.1470704487738021,0.005876973889902489,-0.13227955794070315,-6.678581037738045e-07
5.4428720361750095e-06,-3.893048648276093e-11,0.14708783663081768,0.005683068449983067,-0.13230369416242665,-6.548583863995677e-07
5.442793417910442e-06,-3.893010919903963e-11,0.14710463604508936,0.0054890598970264584,-0.13232701789457024,-6.421373010031913e-07
5.44271755511481e-06,-3.892969671262904e-11,0.14712084691562174,0.005294951750058071,-0.13234952869674402,-6.296892685834844e-07
5.4426444483284706e-06,-3.8929552434119005e-11,0.14713646914503037,0.00510074753069864,-0.13237122614386554,-6.175088207236506e-07
5.442574097894359e-06,-3.8929427711905653e-11,0.14715150263930088,0.004906450763077018,-0.13239210982588873,-6.055905981009588e-07
5.442506504270264e-06,-3.8929358797305065e-11,0.1471659473082312,0.004712064973742731,-0.1324121793482683,-5.939293484835317e-07
5.4424416678796135e-06,-3.892928488521009e-11,0.14717980306492787,0.004517593691611856,-0.13243143433148052,-5.825199246492486e-07
5.442379589052731e-06,-3.89291161460826e-11,0.14719306982615257,0.004323040447707307,-0.13244987441134107,-5.713572812793799e-07
5.442320268262453e-06,-3.892901412943443e-11,0.14720574751222015,0.0041284087753237905,-0.13246749923895504,-5.60436473369598e-07
5.442263705745043e-06,-3.8928974774589636e-11,0.14721783604681687,0.00393370220974277,-0.13248430848059162,-5.49752656076772e-07
5.442209901986965e-06,-3.892876689915185e-11,0.14722933535749164,0.003738924288202363,-0.13250030181800856,-5.393010791705107e-07
5.442158857153184e-06,-3.892861708104634e-11,0.14724024537502928,0.0035440785497995657,-0.13251547894813512,-5.290770882463533e-07
5.442110571717379e-06,-3.892823331921706e-11,0.14725056603390171,0.003349100296715683,-0.132530038859059,-5.904134977637796e-07
5.442065045752682e-06,-3.892821001225848e-11,0.1472602972722051,0.0031541308027687636,-0.1325435787402186,-5.792043426623085e-07
5.442022279730867e-06,-3.8928272475856145e-11,0.14726943903128395,0.002959104094359056,-0.1325563016761653,-5.682378936606619e-07
5.441982273806111e-06,-3.892812570876331e-11,0.1472779912563807,0.0027640237176012796,-0.13256820742358907,-5.575092848842811e-07
5.441945028236183e-06,-3.892821537397704e-11,0.14728595389606972,0.0025688932199800446,-0.1325792957545645,-5.470137486149987e-07
5.441910543277352e-06,-3.892816544477293e-11,0.14729332690251612,0.002373716150301018,-0.13258956645646855,-5.367466110495766e-07
5.441878819108886e-06,-3.8928273858213915e-11,0.1473001102314606,0.0021784960585098457,-0.13259901933216686,-5.26703291743973e-07
5.441849855922628e-06,-3.892822781519697e-11,0.1473063038420696,0.0019832364957049304,-0.13260765419976747,-5.168793022897829e-07
5.441823653893429e-06,-3.8928029070774356e-11,0.14731190769719496,0.0017879410139618236,-0.13261547089291004,-5.072702425318006e-07
5.441800213188246e-06,-3.892823972278614e-11,0.1473169217632506,0.0015926131662976873,-0.13262246926065785,-4.978718013077366e-07
5.441779533961484e-06,-3.892781808503159e-11,0.147321346009992,0.0013972565065318088,-0.13262864916733258,-4.886797522533415e-07
5.441761616299536e-06,-3.89277948085662e-11,0.14732518041096768,0.0012018745892257055,-0.13263401049282345,-4.796899535570736e-07
5.441746460284672e-06,-3.892790849732838e-11,0.14732842494298642,0.0010064709695884874,-0.13263855313226716,-4.7089834605246474e-07
5.441734066131155e-06,-3.892759270989312e-11,0.14733107958673924,0.0008110492033173828,-0.13264227699640124,-4.623009514075465e-07
5.441724433791558e-06,-3.892724830799083e-11,0.14733314432614295,0.0006156128466257812,-0.1326451820112077,-4.538938704839097e-07
5.441717563352732e-06,-3.892718610697338e-11,0.14733461914888188,0.00042016545602802346,-0.1326472681182503,-4.456732814258676e-07
5.441713454900336e-06,-3.892735622676457e-11,0.14733550404606893,0.000224710588320683,-0.13264853527436085,-4.376354389286112e-07
5.441712108382992e-06,-3.892752834216539e-11,0.14733579901238142,2.9251800471198665e-05,-0.13264898345189371,-4.297766723296199e-07
5.441713523891342e-06,-3.8927714355682804e-11,0.14733550404610934,-0.00016620735052599652,-0.13264861263856745,-4.2209338365515286e-07
5.441717701287104e-06,-3.892777578590027e-11,0.14733461914886342,-0.0003616633076039502,-0.1326474228374588,-4.145820465623834e-07
5.4417246406459596e-06,-3.8928111585335946e-11,0.14733314432621808,-0.0005571125139021767,-0.13264541406733246,-4.072392053608679e-07
5.4417343420504105e-06,-3.89281112499109e-11,0.1473310795867157,-0.0007525514127409285,-0.132642586361888,-4.0006147257050124e-07
5.4417468051569935e-06,-3.892835951865587e-11,0.14732842494303341,-0.0009479764477342012,-0.13263893977073435,-3.930455288991484e-07
5.441762030124981e-06,-3.892807607940886e-11,0.14732518041094458,-0.0011433840628992389,-0.13263447435855974,-3.8618812033081666e-07
5.441780016766169e-06,-3.892819970894971e-11,0.14732134601005478,-0.0013387707027561495,-0.1326291902056339,-3.794860576696097e-07
5.4418007649622734e-06,-3.8928338364855046e-11,0.14731692176331865,-0.0015341328123712817,-0.13262308740749432,-3.7293621582856555e-07
5.4418242746094655e-06,-3.8928383465971356e-11,0.14731190769726232,-0.0017294668375364163,-0.1326161660750889,-3.665355311299965e-07
5.441850545552255e-06,-3.8928661540111676e-11,0.1473063038421158,-0.0019247692248208449,-0.13260842633491615,-3.60281001515115e-07
5.4418795776625274e-06,-3.892878001461001e-11,0.14730011023150325,-0.002120036421606967,-0.1325998683287097,-3.5416968388181124e-07
5.4419113707421464e-06,-3.8928971552476305e-11,0.1472933269025635,-0.002315264876287706,-0.13259049221350347,-3.4819869463664906e-07
5.441945924676767e-06,-3.89287039086997e-11,0.14728595389612611,-0.0025104510382897936,-0.1325802981619751,-3.4236520648688374e-07
5.4419832391172484e-06,-3.8928669575066213e-11,0.14727799125650165,-0.002705591358205459,-0.1325692863619514,-3.366664486398177e-07
5.442023313950966e-06,-3.89285525998162e-11,0.14726943903141282,-0.0029006822878259115,-0.1325574570165806,-3.3109970634094335e-07
5.442066148890482e-06,-3.8928907982653613e-11,0.14726029727222562,-0.003095720280342255,-0.13254481034444418,-3.256623177308934e-07
5.442111743623957e-06,-3.892913919554316e-11,0.1472505660340322,-0.0032907017903189015,-0.1325313465796289,-3.203516737369848e-07
5.442160097973563e-06,-3.8929154943579715e-11,0.14724024537511374,-0.0034856232738862264,-0.1325170659711677,-3.1516521821841295e-07
5.4422112116651575e-06,-3.892915187562638e-11,0.14722933535757882,-0.003680481188782031,-0.13250196878375367,-3.101004449966208e-07
5.442265084288071e-06,-3.892940838091973e-11,0.14721783604693472,-0.003875271994395371,-0.13248605529722493,-3.0515489773432614e-07
5.442321715544822e-06,-3.89295716075568e-11,0.1472057475123187,-0.0040699921520145795,-0.13246932580676973,-3.0032616934948205e-07
5.442381105193635e-06,-3.892960422510153e-11,0.1471930698262726,-0.004264638124787536,-0.13245178062276033,-2.956119003031382e-07
5.442443252754317e-06,-3.893011039505015e-11,0.14717980306503986,-0.0044592063778026965,-0.13243342007096762,-2.9100977739021563e-07
5.442508157854678e-06,-3.893016627381368e-11,0.14716594730837237,-0.004653693378311215,-0.13241424449244005,-2.8651753454673775e-07
5.44257582019929e-06,-3.893067497469675e-11,0.14715150263939955,-0.0048480955956918,-0.13239425424327392,-2.821329495497661e-07
5.4426462393725885e-06,-3.8930659844994245e-11,0.14713646914523593,-0.005042409501604854,-0.13237344969515238,-2.7785384528170906e-07
5.442719414907535e-06,-3.893089940285239e-11,0.14712084691572658,-0.005236631570084001,-0.13235183123440203,-2.736780870052887e-07
5.442795346367009e-06,-3.8930973851966253e-11,0.14710463604527813,-0.005430758277601117,-0.1323293992632535,-2.6960358289936476e-07
5.442874033246061e-06,-3.8931093412360824e-11,0.14708783663098007,-0.0056247861032091475,-0.13230615419856767,-2.6562828217657624e-07
5.4429554751795496e-06,-3.893121832769769e-11,0.14707044877397105,-0.0058187115285754185,-0.13228209647268857,-2.617501752684656e-07
5.443039671583254e-06,-3.893140631988407e-11,0.14705247257875287,-0.006012531038093966,-0.1322572265329754,-2.5796729234012e-07
5.4431266220034345e-06,-3.893149034047024e-11,0.1470339081534108,-0.006206241119005966,-0.13223154484201619,-2.542777023881459e-07
5.443216325874348e-06,-3.8931913728194856e-11,0.14701475560938335,-0.006399838261467002,-0.13220505187730347,-2.5067951283277547e-07
5.44330878270218e-06,-3.8932276202392107e-11,0.14699501506218315,-0.0065933189586796,-0.13217774813193026,-2.471708688006174e-07
5.443403991908915e-06,-3.893276706306724e-11,0.1469746866300841,-0.006786679706846819,-0.13214963411334918,-2.4374995206741454e-07
5.443501952958524e-06,-3.8932709447886166e-11,0.14695377043557578,-0.0069799170054764435,-0.13212071034471606,-2.404149807812062e-07
5.443602665197246e-06,-3.893310206459788e-11,0.14693226660438274,-0.0071730273573306505,-0.13209097736391856,-2.3716420742072158e-07
5.443706128065231e-06,-3.893356541872508e-11,0.14691017526597486,-0.007366007268551711,-0.13206043572407983,-2.339959203898554e-07
5.443812340873301e-06,-3.893391816220783e-11,0.1468874965528454,-0.0075588532487043105,-0.1320290859928337,-2.3090844085052008e-07
5.443921303094793e-06,-3.8934163971169125e-11,0.14686423060173492,-0.007751561811010249,-0.13199692875348445,-2.2790012464474284e-07
5.4440330140387505e-06,-3.8934228416823884e-11,0.14684037755253498,-0.007944129472279635,-0.1319639646038424,-2.2496935847601408e-07
5.444147472968607e-06,-3.893426949961589e-11,0.14681593754868635,-0.008136552367032576,-0.131930193071622,-2.2211676544152513e-07
5.444264679200924e-06,-3.8934801116128313e-11,0.14679091073719525,-0.00832882623622652,-0.13189561258602112,-2.1937269090862813e-07
5.4443846321177444e-06,-3.893501070596078e-11,0.1467652972688272,-0.008520947630265535,-0.1318602238606466,-2.1677619359636765e-07
5.4445073309530716e-06,-3.893531243264912e-11,0.14673909729748535,-0.00871291310319401,-0.13182402762225953,-2.1436549446943137e-07
5.444632774902618e-06,-3.893528215460939e-11,0.14671231098091464,-0.008904719212806679,-0.13178702461148395,-2.1217798693844012e-07
5.4447609633520615e-06,-3.893522497480325e-11,0.14668493848049594,-0.009096362520806372,-0.13174921558250444,-2.10250248238684e-07
5.444891895395066e-06,-3.893507210737913e-11,0.14665697996068341,-0.009287839592718757,-0.13171060130267823,-2.086180486188368e-07
5.445025570280812e-06,-3.8935900232856934e-11,0.14662843558991337,-0.009479146998218743,-0.1316711825533236,-2.0731636308202526e-07
5.445161987171665e-06,-3.893632172830995e-11,0.14659930554025563,-0.009670281311059323,-0.13163096012929423,-2.0637938145852043e-07
5.4453011454225276e-06,-3.893645942367992e-11,0.1465695899866495,-0.009861239109226863,-0.13158993483845471,-2.058405176616455e-07
5.445443043951281e-06,-3.8936826022927624e-11,0.14653928910840588,-0.010052016975116993,-0.13154810750289986,-2.0573242041272344e-07
5.445587682055912e-06,-3.893710236912073e-11,0.14650840308774463,-0.010242611495508501,-0.13150547895775938,-2.0608698137935739e-07
5.445735058766548e-06,-3.893775030019747e-11,0.14647693211091015,-0.010433019261728523,-0.131462050051987,-2.0693534788413287e-07
5.445885173294168e-06,-3.893835207475485e-11,0.14644487636731557,-0.010623236869763292,-0.13141782164786148,-2.0830792765634893e-07
5.446038024720628e-06,-3.893907543750367e-11,0.14641223605002474,-0.010813260920283764,-0.13137279462113086,-2.1023440285776547e-07
5.446193612102973e-06,-3.8938956048209755e-11,0.1463790113557372,-0.011003088018835322,-0.13132696986124665,-2.127437345667395e-07
5.446351934458206e-06,-3.8939609025908793e-11,0.14634520248465674,-0.01119271477589138,-0.1312803482710087,-2.1586417549184014e-07
5.446512990814761e-06,-3.894050132768488e-11,0.14631080964061002,-0.01138213780695725,-0.13123293076680645,-2.1962327667571516e-07
5.4466767803732696e-06,-3.894098679614827e-11,0.14627583303051428,-0.01157135373256788,-0.13118471827813027,-2.2404789499045022e-07
5.446843301953143e-06,-3.894136340393728e-11,0.14624027286574734,-0.011760359178608567,-0.13113571174866268,-2.2916420467872244e-07
5.4470125547263444e-06,-3.894181748644184e-11,0.14620412936014018,-0.011949150776209517,-0.1310859121345784,-2.349977035998411e-07
5.4471845374699934e-06,-3.894263225421007e-11,0.1461674027318769,-0.01213772516187311,-0.13103532040625046,-2.415732217918876e-07
5.4473592493191565e-06,-3.894303515728989e-11,0.14613009320231873,-0.012326078977675053,-0.13098393754704513,-2.489149286062357e-07
5.4475366891454164e-06,-3.894326369524939e-11,0.14609220099648387,-0.012514208871253813,-0.13093176455390299,-2.5704634198174793e-07
5.44771685587725e-06,-3.894374109318286e-11,0.14605372634295125,-0.012702111495911668,-0.13087880243707636,-2.6599033702314715e-07
5.447899748446472e-06,-3.894411357592141e-11,0.14601466947370884,-0.012889783510794494,-0.13082505222014568,-2.757691501444893e-07
5.4480853657044025e-06,-3.894465519081074e-11,0.14597503062435682,-0.013077221580822406,-0.13077051493995503,-2.864043911245586e-07
5.448273706535451e-06,-3.8945896541311867e-11,0.1459348100341618,-0.013264422377019526,-0.13071519164693646,-2.97917047115158e-07
5.4484647698958805e-06,-3.894645896102445e-11,0.14589400794574728,-0.013451382576349811,-0.13065908340455742,-3.1032749132438154e-07
5.448658554584196e-06,-3.894686856582895e-11,0.14585262460541362,-0.013638098862002675,-0.1306021912896655,-3.236554906001157e-07
5.4488550593286735e-06,-3.894762423780251e-11,0.14581066026293682,-0.013824567923388804,-0.1305445163923525,-3.3792021146073354e-07
5.449054283182271e-06,-3.894781515225256e-11,0.14576811517167176,-0.014010786456242846,-0.13048605981595435,-3.5314022856163777e-07
5.44925622471207e-06,-3.894836384833733e-11,0.1457249895882977,-0.014196751162730253,-0.1304268226768154,-3.693335306935282e-07
5.4494608827513016e-06,-3.8949408746487e-11,0.1456812837737004,-0.014382458751565363,-0.13036680610505408,-3.8651752777849567e-07
5.449668256131196e-06,-3.8950033673842955e-11,0.1456369979912757,-0.014567905937990174,-0.1303060112430282,-4.047090579898379e-07
5.449878343506448e-06,-3.8950418108216396e-11,0.14559213250888273,-0.014753089444017008,-0.13024443924704734,-4.2392439359449235e-07
5.450091143751939e-06,-3.8950299516827516e-11,0.14554668759758876,-0.014938005998430808,-0.13018209128620403,-4.4417924830737663e-07
5.4503066553979744e-06,-3.8951034146808604e-11,0.1455006635318926,-0.015122652336849847,-0.1301189685426168,-4.65488784691656e-07
5.450524877303416e-06,-3.89516399684894e-11,0.14545406058976731,-0.0153070252019099,-0.1300550722113791,-4.878676180093227e-07
5.450745808010417e-06,-3.895225430793352e-11,0.14540687905323887,-0.015491121343241215,-0.12999040350097546,-5.113298251336279e-07
5.4509694462423195e-06,-3.8952881918689853e-11,0.1453591192071307,-0.015674937517613813,-0.1299249636323718,-5.358889493119359e-07
5.451195790707896e-06,-3.8953782199516304e-11,0.14531078134067324,-0.015858470489114013,-0.12985875384013265,-5.615580074193074e-07
5.451424839968095e-06,-3.8954587438163875e-11,0.1452618657457125,-0.016041717028982883,-0.12979177537097678,-5.883494950871057e-07
5.4516565926449765e-06,-3.895506790235661e-11,0.1452123727184975,-0.016224673916000028,-0.12972402948527026,-6.162753936294317e-07
5.451891047318857e-06,-3.895607804843852e-11,0.1451623025581225,-0.016407337936351088,-0.12965551745566345,-6.453471755964655e-07
5.452128202591221e-06,-3.895682206862686e-11,0.14511165556768416,-0.01658970588381177,-0.1295862405679938,-6.755758112859549e-07
5.452368057118032e-06,-3.8957429921492666e-11,0.14506043205354738,-0.01677177455978372,-0.12951620012068552,-7.069717735109487e-07
5.452610609263782e-06,-3.895820859888108e-11,0.14500863232600197,-0.016953540773487197,-0.12944539742526107,-7.395450451479703e-07
5.45285585775718e-06,-3.8958944131799286e-11,0.14495625669826484,-0.01713500134185396,-0.12937383380540932,-7.73305122650758e-07
5.453103800971736e-06,-3.895944586498933e-11,0.14490330548764455,-0.017316153089805237,-0.12930151059804526,-8.08261024572308e-07
5.453354437426855e-06,-3.896017382882112e-11,0.1448497790147456,-0.01749699285020524,-0.12922842915243846,-8.444212944158803e-07
5.45360776566218e-06,-3.896063797577116e-11,0.14479567760387846,-0.017677517464047703,-0.1291545908307021,-8.817940086405644e-07
5.453863784092677e-06,-3.8961591704376585e-11,0.14474100158257028,-0.017857723780372207,-0.12907999700723197,-9.203867808444987e-07
5.454122491148505e-06,-3.896202230204565e-11,0.14468575128239003,-0.018037608656601607,-0.12900464906931325,-9.602067668927388e-07
5.454383885332096e-06,-3.896307983792689e-11,0.1446299270377247,-0.018217168958330053,-0.12892854841626797,-1.0012606725998381e-06
5.454647965086618e-06,-3.8963327222369466e-11,0.14457352918747474,-0.01839640155971955,-0.1288516964606013,-1.0435547568480532e-06
5.454914728688814e-06,-3.896374481469466e-11,0.14451655807309638,-0.018575303343197215,-0.12877409462638859,-1.0870948375472933e-06
5.455184174579355e-06,-3.896432148319548e-11,0.14445901404038156,-0.018753871199963454,-0.1286957443508496,-1.1318862984461833e-06
5.455456301056448e-06,-3.8965252978880103e-11,0.1444008974381232,-0.01893210202975571,-0.1286166470830355,-1.1779340927209828e-06
5.455731106613169e-06,-3.8965972596049234e-11,0.1443422086189368,-0.019109992741010193,-0.12853680428453135,-1.225242748608659e-06
5.45600858952931e-06,-3.896655415701236e-11,0.14428294793895083,-0.019287540251050568,-0.12845621742918664,-1.2738163747658356e-06
5.456288748025007e-06,-3.8967273919871155e-11,0.1442231157577345,-0.019464741485991748,-0.12837488800295296,-1.3236586670523835e-06
5.456571580435217e-06,-3.8968336841187874e-11,0.144162712438367,-0.019641593380963857,-0.12829281750390215,-1.3747729109367606e-06
5.456857085206595e-06,-3.8968925161473916e-11,0.14410173834776877,-0.01981809288011289,-0.12821000744255961,-1.4271619876944674e-06
5.457145260352408e-06,-3.896977547582681e-11,0.14404019385610187,-0.01999423693670442,-0.12812645934121233,-1.4808283816044772e-06
5.457436104296063e-06,-3.897074522690746e-11,0.14397807933716308,-0.020170022513202577,-0.1280421747343198,-1.5357741822311878e-06
5.4577296152241595e-06,-3.897135794682458e-11,0.14391539516819962,-0.020345446581293277,-0.1279571551681779,-1.5920010892374257e-06
5.458025791332908e-06,-3.897238440506699e-11,0.1438521417303188,-0.020520506122075347,-0.12787140220135787,-1.6495104205519651e-06
5.4583246308770515e-06,-3.897259901611077e-11,0.14378831940780157,-0.0206951981260405,-0.12778491740401726,-1.708303115254461e-06
5.458626131961353e-06,-3.8973757557282836e-11,0.14372392858855348,-0.020869519593140182,-0.1276977023582072,-1.768379738032143e-06
5.458930292782201e-06,-3.897485148508762e-11,0.1436589696642613,-0.02104346753293223,-0.12760975865796834,-1.8297404853155838e-06
5.4592371115715726e-06,-3.897573968891831e-11,0.14359344302995902,-0.021217038964615565,-0.12752108790898908,-1.8923851895624598e-06
5.4595465863052844e-06,-3.897650850176102e-11,0.14352734908418818,-0.021390230917132123,-0.12743169172858065,-1.9563133245915605e-06
5.459858715212721e-06,-3.8977471124212386e-11,0.1434606882290208,-0.021563040429132794,-0.12734157174572808,-2.021524010422775e-06
5.4601734963627125e-06,-3.897812816089331e-11,0.1433934608702363,-0.021735464549213206,-0.12725072960110848,-2.0880160169795506e-06
5.460490927916006e-06,-3.8978931473387956e-11,0.14332566741714847,-0.021907500335904793,-0.12715916694703622,-2.155787771315505e-06
5.460811007741191e-06,-3.897960624355066e-11,0.14325730828238495,-0.022079144857706248,-0.12706688544706496,-2.224837360143141e-06
5.461133734151026e-06,-3.8980056929453105e-11,0.14318838388241104,-0.022250395193221133,-0.12697388677646512,-2.295162534941061e-06
5.461459104967317e-06,-3.898107172574589e-11,0.1431188946369551,-0.022421248431222448,-0.12688017262170687,-2.366760718789012e-06
5.461787118284896e-06,-3.898229458890591e-11,0.1430488409694531,-0.02259170167066667,-0.1267857446806822,-2.4396290084774264e-06
5.462117772091219e-06,-3.8982917503711583e-11,0.14297822330698215,-0.022761752020870253,-0.1266906046627157,-2.513764180580694e-06
5.462451064363825e-06,-3.89842776285607e-11,0.14290704207972993,-0.022931396601424053,-0.12659475428797126,-2.5891626962401e-06
5.462786993103777e-06,-3.8985549540010564e-11,0.1428352977220793,-0.023100632542457925,-0.12649819528841189,-2.665820705245073e-06
5.463125556227909e-06,-3.898652266567048e-11,0.14276299067144074,-0.023269456984533955,-0.12640092940658537,-2.743734051847645e-06
5.463466751716506e-06,-3.8987690285341675e-11,0.14269012136900275,-0.023437867078807347,-0.1263029583964541,-2.822898277284437e-06
5.463810577436505e-06,-3.8988816173393627e-11,0.14261669025920842,-0.023605859987066814,-0.12620428402263661,-2.9033086273822277e-06
5.464157031336385e-06,-3.8989826963220574e-11,0.14254269779062045,-0.02377343288185406,-0.1261049080612864,-2.984960054436449e-06
5.464506111265537e-06,-3.899060539496943e-11,0.1424681444147044,-0.02394058294642935,-0.12600483229889106,-3.0678472239538743e-06
5.464857815227412e-06,-3.899101465249042e-11,0.1423930305867415,-0.02410730737490908,-0.1259040585330382,-3.151964517462389e-06
5.465212140863678e-06,-3.899193459295158e-11,0.14231735676600452,-0.024273603372396056,-0.1258025885724798,-3.2373060391850757e-06
5.465569085985035e-06,-3.89930613568356e-11,0.14224112341427514,-0.024439468154825936,-0.12570042423585476,-3.3238656180040446e-06
5.46592864858815e-06,-3.8994601247487114e-11,0.14216433099778122,-0.02460489894929897,-0.12559756735318983,-3.411636814546722e-06
5.466290826401577e-06,-3.899558279773672e-11,0.14208697998607558,-0.0247698929939936,-0.12549401976504784,-3.5006129252039903e-06
5.4666556172628825e-06,-3.899664561232729e-11,0.14200907085204334,-0.024934447538231264,-0.1253897833222764,-3.590786983843152e-06
5.467023018871514e-06,-3.8997387975719185e-11,0.1419306040721436,-0.025098559842564244,-0.12528485988632823,-3.68215177143958e-06
5.46739302900722e-06,-3.899839836913471e-11,0.14185158012654964,-0.02526222717889136,-0.1251792513292009,-3.7746998160328774e-06
5.467765645349461e-06,-3.899961991092333e-11,0.14177199949904423,-0.02542544683046371,-0.1250729595333594,-3.868423399112553e-06
5.468140865667552e-06,-3.9000891578427704e-11,0.14169186267659845,-0.025588216091910282,-0.12496598639131214,-3.96331456097781e-06
5.468518687675698e-06,-3.900227350929302e-11,0.1416111701500887,-0.0257505322694132,-0.12485833380610839,-4.059365103840432e-06
5.468899109038141e-06,-3.900329611522958e-11,0.1415299224136732,-0.025912392680643326,-0.12475000369076317,-4.1565665964700945e-06
5.469282127427426e-06,-3.90044991544305e-11,0.1414481199652852,-0.02607379465494657,-0.12464099796867188,-4.2549103782863605e-06
5.469667740567043e-06,-3.900540424471002e-11,0.1413657633061213,-0.026234735533288183,-0.12453131857307363,-4.354387566650161e-06
5.47005594594206e-06,-3.900653644823963e-11,0.14128285294118206,-0.02639521266840021,-0.12442096744741238,-4.454989056092342e-06
5.470446741298324e-06,-3.900781362992849e-11,0.14119938937893128,-0.0265552234247868,-0.1243099465450676,-4.556705528448091e-06
5.470840124228217e-06,-3.9008734585135115e-11,0.141115373131202,-0.02671476517879548,-0.12419825782911603,-4.659527452915563e-06
5.471236092254312e-06,-3.9009581479168966e-11,0.14103080471380955,-0.02687383531876976,-0.12408590327288496,-4.763445092313802e-06
5.471634642912796e-06,-3.9011042179016176e-11,0.14094568464548968,-0.027032431244870068,-0.12397288485888983,-4.86844850791348e-06
5.472035773957701e-06,-3.9011707313332073e-11,0.140860013449057,-0.027190550369441895,-0.1238592045798699,-4.974527562626065e-06
5.472439482674011e-06,-3.901316040512935e-11,0.14077379165060938,-0.027348190116804845,-0.12374486443789573,-5.0816719257518905e-06
5.472845766688032e-06,-3.9014279298383225e-11,0.14068701977993794,-0.027505347923526203,-0.12362986644482908,-5.1898710775601675e-06
5.473254623556887e-06,-3.901531884836686e-11,0.14059969837008374,-0.02766202123824524,-0.12351421262172374,-5.2991143138816516e-06
5.473666050688892e-06,-3.901626711530384e-11,0.14051182795802825,-0.027818207521984054,-0.12339790499948987,-5.409390749838586e-06
5.474080045680024e-06,-3.9017385500337946e-11,0.14042340908402418,-0.027973904247989262,-0.12328094561809463,-5.520689324612743e-06
5.474496605790957e-06,-3.9018899414183035e-11,0.1403344422919117,-0.02812910890190112,-0.12316333652692008,-5.632998804766059e-06
5.474915728563921e-06,-3.902042928951698e-11,0.14024492812924544,-0.02828381898183849,-0.12304507978470046,-5.746307790352354e-06
5.4753374113776905e-06,-3.9021623080812183e-11,0.14015486714671435,-0.0284380319982987,-0.12292617745908678,-5.86060471726081e-06
5.475761651707559e-06,-3.902309254575633e-11,0.14006425989906443,-0.028591745474358343,-0.1228066316271215,-5.975877862826675e-06
5.4761884469305385e-06,-3.902415778963739e-11,0.13997310694423418,-0.028744956945716695,-0.12268644437479582,-6.092115349692705e-06
5.4766177943334195e-06,-3.9025498044787635e-11,0.13988140884398703,-0.02889766396067122,-0.12256561779715522,-6.2093051490923104e-06
5.477049691376591e-06,-3.9026300949012403e-11,0.13978916616311335,-0.02904986408016291,-0.12244415399779898,-6.327435086591222e-06
5.477484135360824e-06,-3.902745815017835e-11,0.1396963794705313,-0.029201554877985193,-0.12232205508961887,-6.446492845393293e-06
5.477921123534588e-06,-3.902871511657889e-11,0.13960304933843273,-0.02935273394063848,-0.12219932319415157,-6.566465970951656e-06
5.478360653299029e-06,-3.903023367047046e-11,0.13950917634256624,-0.029503398867510106,-0.12207596044154811,-6.687341874639795e-06
5.478802721851494e-06,-3.903162954688622e-11,0.1394147610621558,-0.029653547270855903,-0.1219519689705466,-6.809107837793102e-06
5.479247326612483e-06,-3.903273605313027e-11,0.13931980408017322,-0.029803176775885256,-0.12182735092873177,-6.931751016994967e-06
5.479694464627348e-06,-3.9033976277077576e-11,0.13922430598286856,-0.029952285020808444,-0.12170210847182364,-7.05525844679175e-06
5.480144133254277e-06,-3.903557119607154e-11,0.13912826736040546,-0.030100869656930297,-0.1215762437644069,-7.179617044418744e-06
5.480596329767439e-06,-3.903670258644952e-11,0.13903168880591063,-0.030248928348511117,-0.12144975897887567,-7.304813614006549e-06
5.481051051254915e-06,-3.903786431246547e-11,0.13893457091671588,-0.030396458773101414,-0.12132265629648106,-7.430834850624359e-06
5.481508294927602e-06,-3.903921681910026e-11,0.1388369142932658,-0.03054345862136484,-0.12119493790633899,-7.557667343716432e-06
5.481968058058346e-06,-3.9040191809926726e-11,0.13873871953964795,-0.03068992559721782,-0.12106660600580689,-7.6852975819726e-06
5.4824303377092694e-06,-3.9042057156047564e-11,0.1386399872636234,-0.030835857417854103,-0.12093766280042335,-7.813711956743148e-06
5.4828951310502094e-06,-3.9043599643702096e-11,0.1385407180760867,-0.030981251813795175,-0.12080811050339083,-7.94289676685781e-06
5.4833624351029375e-06,-3.9044974586545595e-11,0.1384409125920897,-0.031126106528939105,-0.12067795133635541,-8.072838220854184e-06
5.483832247156504e-06,-3.9046207949526026e-11,0.13834057142987594,-0.031270419320678054,-0.12054718752859528,-8.203522442430735e-06
5.4843045641895365e-06,-3.904747788230692e-11,0.13823969521106413,-0.03141418795969691,-0.12041582131697082,-8.33493547482408e-06
5.4847793832614755e-06,-3.904854414093345e-11,0.1381382845611829,-0.03155741023036442,-0.12028385494640947,-8.467063282678252e-06
5.4852567014573565e-06,-3.904994399840406e-11,0.13803634010914387,-0.03170008393052741,-0.12015129066932821,-8.599891757640511e-06
5.485736515882083e-06,-3.90512534825414e-11,0.1379338624873372,-0.03184220687162587,-0.12001813074572674,-8.733406721461124e-06
5.486218823406663e-06,-3.9052271558545756e-11,0.13783085233174025,-0.03198377687870994,-0.1198843774430486,-8.867593930317215e-06
5.486703621091834e-06,-3.905460876131052e-11,0.13772731028190888,-0.0321247917906416,-0.11975003303636828,-9.002439078540456e-06
5.48719090603069e-06,-3.9055729709466325e-11,0.1376232369809807,-0.03226524945984661,-0.11961509980795675,-9.13792780136707e-06
5.48768067504453e-06,-3.905695900330048e-11,0.13751863307553383,-0.032405147752627095,-0.11947958004742944,-9.274045680397639e-06
5.488172925197457e-06,-3.9058531775771005e-11,0.13741349921576443,-0.03254448454904758,-0.11934347605162503,-9.41077824606495e-06
5.4886676533989076e-06,-3.905996664788959e-11,0.13730783605534444,-0.03268325774303461,-0.11920679012449595,-9.5481109817859e-06
5.48916485653635e-06,-3.9061348858275774e-11,0.13720164425138848,-0.03282146524235314,-0.11906952457695666,-9.686029327701914e-06
5.489664531513667e-06,-3.906308432205855e-11,0.13709492446509935,-0.03295910496881765,-0.11893168172736439,-9.82451868431132e-06
5.490166675334384e-06,-3.90642049398715e-11,0.13698767736025638,-0.03309617485800967,-0.11879326390022549,-9.96356441588048e-06
5.490671284777136e-06,-3.906558096014091e-11,0.1368799036053447,-0.03323267285978287,-0.11865427342784043,-1.0103151854261502e-05
5.491178356716769e-06,-3.9066873573076e-11,0.13677160387124818,-0.0333685969377779,-0.11851471264835862,-1.0243266302959685e-05
5.491687887928098e-06,-3.9068197490654756e-11,0.13666277883323855,-0.033503945069857,-0.11837458390730052,-1.038389303995661e-05
5.492199875344149e-06,-3.906959608265814e-11,0.13655342916996857,-0.033638715248039804,-0.11823388955665529,-1.0525017320753252e-05
5.492714315713609e-06,-3.907128594049297e-11,0.13644355556295484,-0.033772905478272476,-0.1180926319545004,-1.0666624383579402e-05
5.493231205757791e-06,-3.907254278153263e-11,0.1363331586982847,-0.03390651378097822,-0.11795081346610055,-1.0808699450501115e-05
5.493750542417307e-06,-3.907380608712775e-11,0.1362222392650404,-0.034039538190663556,-0.11780843646279655,-1.0951227734212565e-05
5.494272322240789e-06,-3.907580546943623e-11,0.13611079795562786,-0.03417197675605088,-0.11766550332201461,-1.1094194437581105e-05
5.494796542164515e-06,-3.907694762221483e-11,0.13599883546657227,-0.03430382754026772,-0.11752201642788347,-1.1237584760121167e-05
5.4953231987793984e-06,-3.907886119839169e-11,0.13588635249747846,-0.034435088620721845,-0.1173779781704029,-1.138138389959306e-05
5.495852288868675e-06,-3.908049627182955e-11,0.13577334975166722,-0.034565758089178306,-0.1172333909457614,-1.1525577055556529e-05
5.496383809128989e-06,-3.9081980729256866e-11,0.13565982793610143,-0.03469583405181451,-0.1170882571562486,-1.167014943388113e-05
5.496917756120912e-06,-3.9083906101214545e-11,0.13554578776102688,-0.03482531462922,-0.11694257920991735,-1.1815086248102135e-05
5.497454126624509e-06,-3.908576690215659e-11,0.1354312299406722,-0.03495419795652545,-0.11679635952108233,-1.1960372724091904e-05
5.4979929172234415e-06,-3.9087024361530304e-11,0.13531615519204798,-0.03508248218314904,-0.11664960050910597,-1.2105994103004752e-05
5.498534124629499e-06,-3.908842243006733e-11,0.1352005642366878,-0.03521016547336298,-0.11650230460009714,-1.225193564348824e-05
5.4990777452303545e-06,-3.909047696438507e-11,0.13508445779866718,-0.035337246005655604,-0.11635447422483244,-1.2398182626170756e-05
5.499623775898247e-06,-3.9091747498559357e-11,0.1349678366067042,-0.035463721973409155,-0.11620611182050973,-1.2544720355791763e-05
5.500172212958198e-06,-3.9093488950865066e-11,0.1348507013920261,-0.03558959158436911,-0.11605721982917619,-1.2691534164394582e-05
5.5007230531817404e-06,-3.909525977996745e-11,0.13473305288975038,-0.03571485306101528,-0.11590780069841165,-1.2838609415160806e-05
5.501276292958998e-06,-3.9096617592416626e-11,0.13461489183889933,-0.03583950464060874,-0.11575785688153728,-1.2985931503966787e-05
5.5018319288932125e-06,-3.909842645160428e-11,0.1344962189818403,-0.03596354457503604,-0.1156073908368782,-1.313348586386755e-05
5.502389957436334e-06,-3.909993674184242e-11,0.1343770350638802,-0.03608697113077217,-0.11545640502757928,-1.328125796656822e-05
5.502950375123911e-06,-3.910174409839362e-11,0.13425734083501775,-0.03620978258937029,-0.11530490192274061,-1.342923332618849e-05
5.503513178352867e-06,-3.9103447418970113e-11,0.1341371370478487,-0.036331977246905046,-0.1151528839958028,-1.357739750292168e-05
5.50407836375442e-06,-3.910491638247076e-11,0.13401642445885742,-0.03645355341435884,-0.11500035372536362,-1.3725736103086556e-05
5.504645927528378e-06,-3.9107186903413783e-11,0.1338952038280835,-0.036574509417567895,-0.11484731359501585,-1.3874234784844972e-05
5.505215866299786e-06,-3.9108549899704594e-11,0.1337734759188762,-0.03669484359713,-0.11469376609288084,-1.4022879259557528e-05
5.50578817637881e-06,-3.911053270219016e-11,0.1336512414987574,-0.03681455430876297,-0.11453971371240365,-1.4171655294857077e-05
5.506362854237969e-06,-3.9112053971669366e-11,0.1335285013380277,-0.036933639922877785,-0.1143851589510428,-1.4320548715738249e-05
5.506939896159243e-06,-3.911345997521104e-11,0.1334052562110062,-0.03705209882492257,-0.11423010431113545,-1.4469545410844004e-05
5.507519298502183e-06,-3.911530467744489e-11,0.13328150689514304,-0.0371699294152276,-0.11407455229932296,-1.4618631330661274e-05
5.508101057699766e-06,-3.911725387474531e-11,0.13315725417218993,-0.037287130109316356,-0.11391850542720139,-1.4767792493760138e-05
5.508685170008587e-06,-3.91191292666769e-11,0.133032498826411,-0.03740369933743427,-0.11376196620989106,-1.4917014986572985e-05
5.509271631801757e-06,-3.912004601212978e-11,0.13290724164664625,-0.037519635545130214,-0.11360493716765332,-1.5066284967517614e-05
5.509860439258635e-06,-3.912172902424433e-11,0.13278148342430426,-0.03763493719278668,-0.11344742082415848,-1.5215588668540082e-05
5.510451588728315e-06,-3.912325083413055e-11,0.1326552249554748,-0.03774960275610686,-0.11328941970803287,-1.5364912399044904e-05
5.511045076514888e-06,-3.912486310713554e-11,0.13252846703838417,-0.03786363072555012,-0.11313093635089988,-1.5514242545118115e-05
5.511640898734338e-06,-3.9126711483798314e-11,0.13240121047597628,-0.03797701960700697,-0.1129719732893002,-1.5663565575461267e-05
5.512239051721905e-06,-3.912867636984298e-11,0.13227345607436006,-0.038089767921398135,-0.11281253306327729,-1.5812868040942145e-05
5.512839531576059e-06,-3.9130315825829315e-11,0.13214520464287222,-0.038201874204720904,-0.11265261821649551,-1.5962136578730944e-05
5.513442334696247e-06,-3.913184096963722e-11,0.13201645699488895,-0.03831333700827703,-0.11249223129675398,-1.6111357912604863e-05
5.514047457085195e-06,-3.9133517457904006e-11,0.1318872139470714,-0.03842415489851173,-0.11233137485527746,-1.6260518857051762e-05
5.514654894932937e-06,-3.913499789700702e-11,0.1317574763196135,-0.03853432645702896,-0.11217005144685273,-1.640960631795013e-05
5.515264644289093e-06,-3.913672275763136e-11,0.13162724493630656,-0.03864385028077263,-0.11200826362988019,-1.6558607295876893e-05
5.515876701502989e-06,-3.9138221970372615e-11,0.13149652062444508,-0.0387527249818136,-0.11184601396605767,-1.6707508885859844e-05
5.516491062506033e-06,-3.913987537699159e-11,0.13136530421486672,-0.03886094918755942,-0.11168330502053024,-1.685629828300746e-05
5.517107723455148e-06,-3.9141612695776516e-11,0.13123359654201558,-0.0389685215407006,-0.11152013936169877,-1.700496278007261e-05
5.5177266804596415e-06,-3.914333423772577e-11,0.13110139844407975,-0.03907544069928515,-0.11135651956139589,-1.715348977388032e-05
5.518347929499983e-06,-3.9144912039877936e-11,0.13096871076217162,-0.03918170533646349,-0.11119244819398863,-1.7301866763173194e-05
5.5189714666944176e-06,-3.9146704815603986e-11,0.13083553434159073,-0.039287314140944204,-0.11102792783747453,-1.745008135343226e-05
5.5195972880284e-06,-3.9148332377553674e-11,0.130701870030601,-0.03939226581661478,-0.11086296107234346,-1.7598121256538884e-05
5.520225389460662e-06,-3.9149991252617356e-11,0.13056771868182002,-0.03949655908288546,-0.11069755048259959,-1.774597429473376e-05
5.520855767087267e-06,-3.915178431464054e-11,0.13043308115050814,-0.03960019267435682,-0.1105316986543773,-1.7893628399670552e-05
5.52148841689606e-06,-3.9153543037948046e-11,0.13029795829594568,-0.039703165341083854,-0.11036540817690282,-1.8041071616302023e-05
5.522123334620547e-06,-3.91551213178268e-11,0.1301623509812761,-0.03980547584865611,-0.11019868164235805,-1.818829210295437e-05
5.522760516563131e-06,-3.915666002432625e-11,0.13002626007209367,-0.039907122977727555,-0.11003152164457544,-1.8335278134193163e-05
5.523399958336808e-06,-3.915891392648285e-11,0.1298896864388461,-0.0400081055247859,-0.10986393078104298,-1.848201810231864e-05
5.524041655986576e-06,-3.916081133449481e-11,0.12975263095465037,-0.040108422301449904,-0.10969591165087253,-1.8628500517077273e-05
5.5246856055183825e-06,-3.916241850327926e-11,0.12961509449652978,-0.040208072134890346,-0.10952746685594199,-1.877471400888459e-05
5.5253318025882816e-06,-3.916446099448256e-11,0.12947707794483196,-0.04030705386772437,-0.10935859900013818,-1.8920647330253723e-05
5.525980243140429e-06,-3.9166519086338675e-11,0.12933858218367456,-0.040405366357995146,-0.1091893106897684,-1.906628935606289e-05
5.526630923112259e-06,-3.916842637753106e-11,0.12919960810056266,-0.0405030084792911,-0.10901960453320816,-1.921162908575242e-05
5.527283838227675e-06,-3.916989442284799e-11,0.1290601565866427,-0.040599979120607026,-0.10884948314086117,-1.935665564429792e-05
5.527938984318254e-06,-3.917209130444065e-11,0.1289202285365285,-0.040696277186446604,-0.1086789491251282,-1.9501358284054126e-05
5.52859635719061e-06,-3.917363568267272e-11,0.1287798248484252,-0.04079190159685349,-0.10850800510038992,-1.9645726384418292e-05
5.529255952690962e-06,-3.9175537254698646e-11,0.1286389464240635,-0.04088685128731295,-0.10833665368267979,-1.9789749455325063e-05
5.529917766429331e-06,-3.91772621542865e-11,0.1284975941686007,-0.04098112520882889,-0.10816489748988861,-1.993341713656044e-05
5.530581794147346e-06,-3.917954591943669e-11,0.12835576899105,-0.041074722327998824,-0.10799273914170816,-2.0076719199120484e-05
5.531248031821638e-06,-3.918148893000846e-11,0.12821347180371456,-0.04116764162688581,-0.10782018125930551,-2.0219645547169147e-05
5.531916474920209e-06,-3.918363553172537e-11,0.12807070352228855,-0.04125988210300183,-0.10764722646518587,-2.0362186218717715e-05
5.532587119150587e-06,-3.9185690426879146e-11,0.12792746506647698,-0.041351442769589006,-0.107473877383764,-2.0504331385494104e-05
5.533259960306417e-06,-3.918796996025273e-11,0.12778375735939349,-0.041442322655339814,-0.1073001366406672,-2.0646071356244632e-05
5.53393499409979e-06,-3.9189469496560573e-11,0.1276395813268559,-0.04153252080425378,-0.10712600686216357,-2.078739657405607e-05
5.5346122160166296e-06,-3.91913294640222e-11,0.12749493789991537,-0.04162203627644859,-0.10695149067715394,-2.0928297621929184e-05
5.535291621751337e-06,-3.9193166322730954e-11,0.12734982801130712,-0.04171086814692415,-0.10677659071417188,-2.106876521916829e-05
5.535973206856582e-06,-3.91954259050905e-11,0.12720425259884935,-0.04179901550680142,-0.10660130960405223,-2.1208790225081603e-05
5.536656967041717e-06,-3.9196761128865035e-11,0.12705821260299108,-0.04188647746242608,-0.10642564997795995,-2.134836363871022e-05
5.537342897746317e-06,-3.919882576150957e-11,0.12691170896796714,-0.0419732531358316,-0.10624961446814242,-2.148747659905311e-05
5.53803099467318e-06,-3.920097563107959e-11,0.1267647426414476,-0.04205934166449968,-0.10607320570762925,-2.162612038732038e-05
5.538721253335197e-06,-3.920253587085063e-11,0.1266173145748726,-0.04214474220166506,-0.10589642633048107,-2.176428642523858e-05
5.53941366915647e-06,-3.920474959484641e-11,0.1264694257233217,-0.04222945391603581,-0.1057192789714684,-2.1901966277931915e-05
5.540108237767281e-06,-3.920648256496419e-11,0.12632107704485396,-0.04231347599181503,-0.1055417662655814,-2.203915165371815e-05
5.540804954644843e-06,-3.92086456922939e-11,0.12617226950181587,-0.04239680762893495,-0.10536389084902137,-2.2175834403719415e-05
5.541503815197386e-06,-3.921055688830817e-11,0.12602300405926953,-0.0424794480426692,-0.1051856553577702,-2.231200652438149e-05
5.542204814969606e-06,-3.921270068804009e-11,0.12587328168666728,-0.04256139646413194,-0.10500706242890888,-2.2447660155798598e-05
5.542907949421027e-06,-3.921415242289059e-11,0.1257231033564459,-0.04264265213983385,-0.10482811469949566,-2.2582787583445e-05
5.5436132138582326e-06,-3.921645982703627e-11,0.125572470044605,-0.04272321433179228,-0.10464881480679099,-2.2717381237835086e-05
5.544320603753328e-06,-3.921870706134951e-11,0.12542138273106188,-0.042803082317779295,-0.1044691653886,-2.2851433696471092e-05
5.5450301145539325e-06,-3.922101744196897e-11,0.12526984239899666,-0.042882255391028884,-0.10428916908268916,-2.298493768209499e-05
5.5457417416014576e-06,-3.9223162330985256e-11,0.1251178500349331,-0.04296073286022878,-0.10410882852663741,-2.3117886063569697e-05
5.546455480233363e-06,-3.922521599624719e-11,0.12496540662934057,-0.043038514049775704,-0.10392814635840443,-2.3250271858179573e-05
5.547171325830163e-06,-3.922764311494744e-11,0.12481251317625804,-0.043115598299665034,-0.10374712521589673,-2.3382088228755896e-05
5.547889273829607e-06,-3.922908563407947e-11,0.1246591706727991,-0.043191984965210956,-0.10356576773641904,-2.3513328486187642e-05
5.5486093193108324e-06,-3.923141134430121e-11,0.12450538011988474,-0.043267673417407074,-0.10338407655733926,-2.3643986087865568e-05
5.549331457747098e-06,-3.92340546851019e-11,0.12435114252223527,-0.04334266304287675,-0.1032020543159544,-2.3774054640089026e-05
5.550055684369153e-06,-3.923584343572739e-11,0.12419645888773102,-0.043416953243610515,-0.10301970364882973,-2.3903527895846402e-05
5.550781994363289e-06,-3.923805397657335e-11,0.12404133022816415,-0.04349054343729001,-0.1028370271923951,-2.4032399756340843e-05
5.551510383144561e-06,-3.923995669548189e-11,0.12388575755795608,-0.043563433056804386,-0.10265402758191307,-2.416066427066888e-05
5.552240845767062e-06,-3.924240973000219e-11,0.12372974189668863,-0.04363562155106956,-0.10247070745330063,-2.4288315636039097e-05
5.552973377614044e-06,-3.924462531747046e-11,0.12357328426591221,-0.04370710838401129,-0.10228706944058151,-2.441534819686793e-05
5.553707973661489e-06,-3.924679916484915e-11,0.12341638569172672,-0.04377789303540363,-0.10210311617792583,-2.4541756446552296e-05
5.554444629391321e-06,-3.9248696503404405e-11,0.12325904720308634,-0.04384797500027732,-0.101918850298118,-2.4667535025034282e-05
5.555183339762332e-06,-3.9250543172448756e-11,0.1231012698330559,-0.04391735378929876,-0.10173427443353042,-2.4792678720731394e-05
5.5559240999341315e-06,-3.9252211275089366e-11,0.1229430546178422,-0.0439860289285517,-0.10154939121537843,-2.491718247016587e-05
5.5566669050395465e-06,-3.9254516868278606e-11,0.1227844025975252,-0.044053999959632724,-0.10136420327404695,-2.50410413571692e-05
5.557411750185148e-06,-3.925705738774983e-11,0.12262531481553089,-0.04412126643958691,-0.10117871323881734,-2.5164250612136364e-05
5.558158630607471e-06,-3.9259195764776824e-11,0.12246579231882734,-0.04418782794084455,-0.10099292373772947,-2.5286805613785746e-05
5.558907541231374e-06,-3.926110341172305e-11,0.12230583615778914,-0.0442536840513175,-0.10080683739760404,-2.5408701886668633e-05
5.559658477141861e-06,-3.926346425687144e-11,0.12214544738666175,-0.04431883437436969,-0.10062045684426932,-2.5529935103605255e-05
5.560411433461168e-06,-3.926547894167714e-11,0.12198462706328202,-0.04438327852888333,-0.10043378470221338,-2.565050108247185e-05
5.56116640512867e-06,-3.9267922897698315e-11,0.12182337624826778,-0.044447016148803246,-0.10024682359392321,-2.5770395788404345e-05
5.561923387320466e-06,-3.926960900148312e-11,0.12166169600703017,-0.04451004688400565,-0.10005957614149365,-2.5889615332053617e-05
5.562682374851638e-06,-3.9272312098764177e-11,0.12149958740711331,-0.044572370399119446,-0.09987204496423803,-2.6008155969121298e-05
5.563443362669738e-06,-3.9274875581298604e-11,0.12133705152088234,-0.04463398637478557,-0.09968423268108628,-2.6126014101900972e-05
5.564206345910978e-06,-3.927720096964782e-11,0.12117408942339922,-0.04469489450652084,-0.09949614190842625,-2.6243186276128632e-05
5.564971319570201e-06,-3.927896591695342e-11,0.12101070219355584,-0.04475509450541964,-0.0993077752612832,-2.6359669183456836e-05
5.565738278322463e-06,-3.928108584221469e-11,0.12084689091389735,-0.04481458609786661,-0.09911913535292044,-2.647545965847124e-05
5.566507217281587e-06,-3.928287558386872e-11,0.12068265667033572,-0.04487336902557251,-0.09893022479463122,-2.659055467976647e-05
5.5672781313114655e-06,-3.92853277899908e-11,0.1205180005525169,-0.04493144304557087,-0.09874104619591907,-2.670495136977903e-05
5.568051015267311e-06,-3.9287359451030835e-11,0.12035292365303508,-0.04498880792999957,-0.09855160216385622,-2.6818646992658226e-05
5.568825864066558e-06,-3.928946116847187e-11,0.12018742706917218,-0.04504546346669048,-0.09836189530432765,-2.6931638955583904e-05
5.5696026724072775e-06,-3.929164543774394e-11,0.12002151190048908,-0.04510140945826773,-0.09817192822013994,-2.7043924806665125e-05
5.570381435287944e-06,-3.9293936084189795e-11,0.11985517925112306,-0.04515664572296381,-0.09798170351272703,-2.715550223658133e-05
5.571162147495232e-06,-3.929622049477909e-11,0.11968843022799878,-0.04521117209401806,-0.09779122378067495,-2.7266369075004926e-05
5.571944803763597e-06,-3.9298181680983845e-11,0.11952126594190034,-0.04526498841995347,-0.09760049162051304,-2.7376523293225047e-05
5.572729398961218e-06,-3.930052543639549e-11,0.11935368750734418,-0.04531809456454907,-0.09740950962656648,-2.7485963001228086e-05
5.573515927713213e-06,-3.9302454140580784e-11,0.11918569604209882,-0.045370490406703844,-0.09721828039048251,-2.7594686448174863e-05
5.574304384930509e-06,-3.9304588155388096e-11,0.11901729266742155,-0.0454221758404279,-0.09702680650134271,-2.7702692020977147e-05
5.575094765209474e-06,-3.930715441110839e-11,0.11884847850847807,-0.0454731507750422,-0.09683509054604131,-2.780997824594227e-05
5.5758870633897855e-06,-3.9309281893597616e-11,0.11867925469371826,-0.0455234151348598,-0.09664313510859938,-2.791654378399411e-05
5.576681274040854e-06,-3.931208832720417e-11,0.11850962235514673,-0.045572968859330064,-0.09645094277031128,-2.8022387435001667e-05
5.57747739198866e-06,-3.931381478194452e-11,0.11833958262802596,-0.045621811902915345,-0.0962585161096279,-2.8127508132931616e-05
5.578275411793276e-06,-3.931598646091886e-11,0.11816913665218598,-0.04566994423547373,-0.09606585770292254,-2.823190494686562e-05
5.579075328228676e-06,-3.93183507856786e-11,0.11799828556967731,-0.045717365841434494,-0.09587297012263565,-2.8335577081679293e-05
5.579877135745947e-06,-3.93204304158885e-11,0.1178270305268238,-0.04576407672059111,-0.09567985593896838,-2.8438523874047252e-05
5.580680829077291e-06,-3.932308211859845e-11,0.11765537267357565,-0.045810076887710265,-0.09548651771908769,-2.8540744795437494e-05
5.5814864027695365e-06,-3.9325289345851526e-11,0.11748331316302704,-0.04585536637244712,-0.09529295802690084,-2.864223944789166e-05
5.582293851497846e-06,-3.932737690259575e-11,0.11731085315208073,-0.04589994521948807,-0.09509917942330484,-2.87430075662392e-05
5.583103169724816e-06,-3.9329388832850306e-11,0.11713799380128585,-0.04594381348854433,-0.09490518446625076,-2.8843049015395663e-05
5.58391435208035e-06,-3.933190474940255e-11,0.11696473627420578,-0.04598697125403637,-0.09471097570998038,-2.894236379087509e-05
5.584727393116496e-06,-3.9333834276903865e-11,0.11679108173857998,-0.04602941860553548,-0.09451655570592256,-2.9040952016557398e-05
5.585542287277271e-06,-3.933599293867588e-11,0.11661703136546915,-0.04607115564744801,-0.09432192700211424,-2.91388139455009e-05
5.58635902901359e-06,-3.933821773339228e-11,0.11644258632898273,-0.04611218249876519,-0.09412709214264046,-2.9235949958397695e-05
5.587177612833065e-06,-3.934106809412748e-11,0.11626774780773974,-0.0461524992937947,-0.09393205366905001,-2.933236056232528e-05
5.5879980333090235e-06,-3.934329139467776e-11,0.11609251698322759,-0.046192106181339454,-0.09373681411874227,-2.9428046391176284e-05
5.588820284907254e-06,-3.934562876854318e-11,0.11591689504037134,-0.04623100332495809,-0.09354137602553106,-2.952300820369473e-05
5.589644361918834e-06,-3.934773759936691e-11,0.11574088316820241,-0.04626919090322976,-0.0933457419200665,-2.961724688285161e-05
5.5904702588995875e-06,-3.9350103838421105e-11,0.11556448255886798,-0.04630666910926725,-0.0931499143288832,-2.97107634363015e-05
5.591297970141373e-06,-3.9352334096500016e-11,0.11538769440817984,-0.0463434381509851,-0.09295389577498654,-2.9803558993188908e-05
5.592127490099192e-06,-3.9354629432120265e-11,0.11521051991533832,-0.04637949825094584,-0.09275768877744889,-2.9895634805483805e-05
5.592958812985086e-06,-3.935689577888493e-11,0.11503296028365581,-0.04641484964657109,-0.09256129585188996,-2.9986992246523577e-05
5.593791933399163e-06,-3.9359331076535315e-11,0.11485501671917912,-0.04644949258962259,-0.09236471950942327,-3.0077632809160863e-05
5.594626845525304e-06,-3.936185286810808e-11,0.11467669043206795,-0.04648342734672377,-0.09216796225770879,-3.0167558106427227e-05
5.595463543729053e-06,-3.936438622337464e-11,0.11449798263570089,-0.04651665419895186,-0.09197102660005683,-3.0256769869537742e-05
5.596302022235757e-06,-3.936663191269978e-11,0.11431889454739029,-0.046549173442149455,-0.09177391503611511,-3.034526994803107e-05
5.597142275410088e-06,-3.9368717487386906e-11,0.11413942738737194,-0.04658098538635852,-0.09157663006083902,-3.043306030813476e-05
5.597984297547307e-06,-3.937150119340542e-11,0.11395958238033702,-0.04661209035661398,-0.09137917416581215,-3.05201430315435e-05
5.598828082898902e-06,-3.9373869299320235e-11,0.11377936075344154,-0.046642488691928,-0.09118154983750204,-3.06065203166766e-05
5.599673625479502e-06,-3.937616090968958e-11,0.11359876373837192,-0.04667218074620965,-0.09098375955890237,-3.0692194474140896e-05
5.600520919788612e-06,-3.9378665569173954e-11,0.11341779256952209,-0.04670116688747256,-0.09078580580801565,-3.0777167930259034e-05
5.601369959909656e-06,-3.9381047346200536e-11,0.11323644848526729,-0.04672944749828166,-0.0905876910588413,-3.086144322244804e-05
5.602220740046494e-06,-3.9383350283094453e-11,0.1130547327280701,-0.0467570229758239,-0.09038941778133311,-3.094502300117814e-05
5.603073254387986e-06,-3.9385734160762745e-11,0.11287264654268182,-0.046783893731140405,-0.0901909884400405,-3.1027910026404045e-05
5.603927497022497e-06,-3.9388541000945116e-11,0.11269019117813668,-0.04681006018985061,-0.08999240549552306,-3.11101071693837e-05
5.604783462146872e-06,-3.939091544774857e-11,0.11250736788729841,-0.046835522792033346,-0.08979367140398453,-3.119161740923263e-05
5.605641143845349e-06,-3.939324494081945e-11,0.11232417792568565,-0.04686028199162516,-0.08959478861638963,-3.1272443834897215e-05
5.606500536246268e-06,-3.9395623804052695e-11,0.1121406225533119,-0.046884338257215656,-0.08939575957960745,-3.1352589642275504e-05
5.607361633310942e-06,-3.939854788545343e-11,0.11195670303320034,-0.046907692071388965,-0.08919658673558802,-3.143205813316641e-05
5.608224429342731e-06,-3.940121977634664e-11,0.11177242063214797,-0.04693034393097176,-0.08899727252148662,-3.1510852716116394e-05
5.609088918178106e-06,-3.940394773065657e-11,0.11158777662000295,-0.04695229434671176,-0.08879781936936808,-3.158897690395524e-05
5.6099550940060245e-06,-3.9406711011322594e-11,0.11140277227066689,-0.04697354384373804,-0.08859822970676742,-3.166643431346195e-05
5.610822950815187e-06,-3.940897444429392e-11,0.1112174088618151,-0.04699409296135714,-0.08839850595657642,-3.1743228665041855e-05
5.611692482556365e-06,-3.9411695156472146e-11,0.11103168767380563,-0.04701394225249331,-0.08819865053594841,-3.181936378122222e-05
5.612563683231074e-06,-3.9414061985061275e-11,0.11084560999117858,-0.0470330922844433,-0.08799866585756853,-3.18948435864832e-05
5.613436546859405e-06,-3.9416517608114265e-11,0.11065917710201173,-0.04705154363843326,-0.08779855432911551,-3.196967210490346e-05
5.614311067243348e-06,-3.941940919224894e-11,0.11047239029754521,-0.04706929690951169,-0.08759831835276556,-3.204385346150373e-05
5.615187238481887e-06,-3.9422345833454216e-11,0.11028525087310269,-0.047086352706870956,-0.08739796032602551,-3.21173918801849e-05
5.616065054474594e-06,-3.9424739042037455e-11,0.11009776012684097,-0.04710271165333659,-0.08719748264074385,-3.219029168208885e-05
5.6169445090596895e-06,-3.9427321103392547e-11,0.10990991936123107,-0.04711837438584206,-0.08699688768396971,-3.2262557286548116e-05
5.617825596170412e-06,-3.942971008019918e-11,0.10972172988182582,-0.04713334155501206,-0.08679617783724058,-3.233419320924831e-05
5.61870830966998e-06,-3.943265745161783e-11,0.10953319299768241,-0.04714761382523629,-0.0865953554766834,-3.240520406199856e-05
5.619592643466294e-06,-3.943494138956274e-11,0.10934431002150938,-0.0471611918747002,-0.08639442297319458,-3.247559455043612e-05
5.620478591176203e-06,-3.943757570099222e-11,0.10915508226992346,-0.04717407639546897,-0.08619338269244166,-3.254536947492765e-05
5.621366146915744e-06,-3.9440367138727475e-11,0.1089655110623806,-0.047186268093064525,-0.08599223699425985,-3.261453373002759e-05
5.622255304338058e-06,-3.9443138984590663e-11,0.10877559772248065,-0.047197767686811484,-0.08579098823327466,-3.2683092301268285e-05
5.623146057166062e-06,-3.944559759597589e-11,0.10858534357687256,-0.04720857590953982,-0.08558963875837107,-3.2751050266817745e-05
5.6240383994266665e-06,-3.944822036912256e-11,0.10839474995614302,-0.047218693507821825,-0.08538819091303781,-3.2818412795748616e-05
5.624932324510007e-06,-3.9450881833040193e-11,0.1082038181945066,-0.04722812124177056,-0.08518664703524033,-3.288518514677421e-05
5.625827826431431e-06,-3.9453489613703696e-11,0.10801254962908409,-0.04723685988482149,-0.08498500945683123,-3.295137266929102e-05
5.6267248988102744e-06,-3.945611042003986e-11,0.10782094560141575,-0.04724491022421324,-0.08478328050460479,-3.3016980799721716e-05
5.627623535425413e-06,-3.945851661702631e-11,0.10762900745564989,-0.04725227306030892,-0.08458146249896606,-3.3082015063926715e-05
5.628523729826233e-06,-3.946094021545763e-11,0.10743673654019432,-0.047258949207066275,-0.08437955775496382,-3.3146481073671246e-05
5.629425475770114e-06,-3.94638050570681e-11,0.10724413420674857,-0.047264939491873395,-0.0841775685818177,-3.3210384527914375e-05
5.630328766849064e-06,-3.946666131823481e-11,0.10705120181060014,-0.04727024475536252,-0.08397549728275726,-3.327373121189135e-05
5.631233596849642e-06,-3.9469113856393807e-11,0.10685794071059071,-0.0472748658515289,-0.08377334615525368,-3.333652699408362e-05
5.632139959312522e-06,-3.947147771697949e-11,0.10666435226877508,-0.047278803647474964,-0.08357111749054595,-3.3398777829100094e-05
5.63304784773999e-06,-3.94741634416148e-11,0.10647043785119854,-0.047282059023749066,-0.08336881357422316,-3.346048975349305e-05
5.633957255873585e-06,-3.9476541993139916e-11,0.10627619882752616,-0.047284632874151654,-0.08316643668604264,-3.352166888799478e-05
5.6348681772799996e-06,-3.9478649736373337e-11,0.10608163657037377,-0.04728652610532329,-0.08296398909916168,-3.358232143484365e-05
5.635780605389942e-06,-3.9481330187381516e-11,0.10588675245638739,-0.04728773963728271,-0.08276147308103875,-3.364245367805883e-05
5.6366945337501e-06,-3.9483908437088345e-11,0.10569154786563875,-0.04728827440308492,-0.08255889089300857,-3.3702071982547795e-05
5.637609956008849e-06,-3.9486802740198784e-11,0.10549602418153603,-0.04728813134876112,-0.08235624479009361,-3.376118279196369e-05
5.638526865564059e-06,-3.9489690089168725e-11,0.10530018279175409,-0.047287311433630276,-0.08215353702162133,-3.3819792632239936e-05
5.639445256010082e-06,-3.949161461578752e-11,0.1051040250862116,-0.04728581562939292,-0.0819507698297574,-3.387790810535219e-05
5.640365120655752e-06,-3.9495065367028265e-11,0.10490755245973411,-0.04728364492141841,-0.08174794545152374,-3.3935535892985985e-05
5.641286453104711e-06,-3.949717572081723e-11,0.104710766309936,-0.047280800307438364,-0.0815450661169691,-3.399268275376558e-05
5.642209246831793e-06,-3.9499796300148564e-11,0.10451366803794282,-0.04727728279817771,-0.0813421340499017,-3.404935552372929e-05
5.643133494991863e-06,-3.9502543605773204e-11,0.10431625904881299,-0.047273093417333836,-0.08113915146805743,-3.410556111427986e-05
5.644059191320134e-06,-3.9505291265457616e-11,0.1041185407509596,-0.04726823320125216,-0.0809361205826273,-3.416130651318136e-05
5.6449863290296275e-06,-3.9507391227846383e-11,0.10392051455606356,-0.04726270319893161,-0.08073304359825949,-3.421659878288733e-05
5.64591490151154e-06,-3.951010878059172e-11,0.10372218187986676,-0.047256504472292786,-0.08052992271347903,-3.427144506103072e-05
5.646844902158554e-06,-3.9512223923504966e-11,0.10352354414142614,-0.04724963809580328,-0.08032676012015696,-3.432585255729145e-05
5.647776324206243e-06,-3.951466807264965e-11,0.10332460276309698,-0.047242105156508,-0.08012355800363642,-3.4379828556203096e-05
5.648709161144935e-06,-3.9517550766326516e-11,0.10312535917107539,-0.047233906754049954,-0.07992031854273192,-3.443338041457089e-05
5.649643406166755e-06,-3.95200690003609e-11,0.10292581479502254,-0.04722504400072118,-0.07971704390985361,-3.4486515560131514e-05
5.6505790525553135e-06,-3.952269993551705e-11,0.10272597106830982,-0.04721551802129113,-0.07951373627081519,-3.4539241493308006e-05
5.651516093582527e-06,-3.952571097670828e-11,0.10252582942740691,-0.04720532995278245,-0.0793103977844993,-3.459156578486999e-05
5.652454522611181e-06,-3.952828015638631e-11,0.10232539131287811,-0.04719448094498982,-0.07910703060368109,-3.464349607541102e-05
5.653394332730217e-06,-3.9530726434971824e-11,0.1021246581681322,-0.0471829721596863,-0.07890363687375908,-3.469504007605584e-05
5.654335517315852e-06,-3.953341541729585e-11,0.10192363144109381,-0.04717080477144152,-0.07870021873429552,-3.4746205565995875e-05
5.6552780694662474e-06,-3.953612320713943e-11,0.10172231258228631,-0.04715797996672089,-0.07849677831739535,-3.479700039390399e-05
5.6562219824599775e-06,-3.9539078899809756e-11,0.10152070304635585,-0.04714449894448898,-0.07829331774883727,-3.48474324757403e-05
5.657167249360745e-06,-3.954149855276161e-11,0.10131880429086892,-0.047130362915643424,-0.07808983914715198,-3.4897509794787685e-05
5.65811386334876e-06,-3.954450265505893e-11,0.10111661777840895,-0.04711557310395076,-0.07788634462521897,-3.4947240401915276e-05
5.659061817637723e-06,-3.954768105640801e-11,0.10091414497256584,-0.047100130744090175,-0.077682836287124,-3.499663241246255e-05
5.660011105330832e-06,-3.954997999191829e-11,0.10071138734344855,-0.0470840370842964,-0.07747931623240081,-3.5045694009136205e-05
5.660961719535036e-06,-3.9552574223442765e-11,0.10050834636239656,-0.047067293383694725,-0.07727578655195044,-3.5094433439041914e-05
5.661913653293313e-06,-3.9555324400509097e-11,0.10030502350508984,-0.04704990091383263,-0.07707224933035005,-3.5142859013249865e-05
5.662866899648382e-06,-3.955780531935402e-11,0.10010142025111397,-0.04703186095839125,-0.07686870664560148,-3.5190979107552406e-05
5.663821451789447e-06,-3.9560731274391634e-11,0.09989753808349235,-0.04701317481290717,-0.07666516056866143,-3.523880215995218e-05
5.6647773026628494e-06,-3.9564017702934675e-11,0.09969337848772439,-0.046993843784262704,-0.07646161316262763,-3.5286336671783965e-05
5.6657344453245484e-06,-3.956658456174243e-11,0.09948894295457056,-0.04697386919209127,-0.07625806648508036,-3.5333591205893827e-05
5.666692872769335e-06,-3.9569422240700344e-11,0.09928423297695209,-0.04695325236701837,-0.07605452258538821,-3.5380574387384054e-05
5.667652577990953e-06,-3.957182677580815e-11,0.09907925005216356,-0.04693199465193109,-0.07585098350665936,-3.5427294900958415e-05
5.66861355397212e-06,-3.95747093559826e-11,0.09887399568049365,-0.046910097401093385,-0.07564745128441343,-3.547376149141985e-05
5.66957579364119e-06,-3.9577486297596e-11,0.09866847136601843,-0.046887561980576926,-0.0754439279474062,-3.5519982963958307e-05
5.670539289995474e-06,-3.958036994672603e-11,0.09846267861658946,-0.04686438976816279,-0.07524041551739379,-3.556596818179321e-05
5.671504035953461e-06,-3.958266957680332e-11,0.0982566189429267,-0.0468405821528986,-0.07503691600859985,-3.5611726065876606e-05
5.6724700243851976e-06,-3.958489475268455e-11,0.09805029386016856,-0.046816140535733124,-0.07483343142871442,-3.5657265594779935e-05
5.673437248187418e-06,-3.9588012052464944e-11,0.09784370488615433,-0.04679106632875131,-0.07462996377768627,-3.5702595803375676e-05
5.674405700169488e-06,-3.9590994834942986e-11,0.09763685354324013,-0.046765360955927045,-0.07442651504904707,-3.574772578270476e-05
5.675375373327362e-06,-3.9593740907287655e-11,0.09742974135586889,-0.046739025851881714,-0.07422308722803872,-3.5792664677389096e-05
5.676346260481405e-06,-3.959624543463489e-11,0.0972223698539361,-0.04671206246357406,-0.07401968229421842,-3.5837421687721955e-05
5.677318354301886e-06,-3.9598949914273715e-11,0.09701474056888776,-0.04668447224825471,-0.0738163022183026,-3.588200606655155e-05
5.678291647814771e-06,-3.960165038914077e-11,0.09680685503719565,-0.0466562566751424,-0.07361294896504064,-3.592642711864248e-05
5.6792661336893915e-06,-3.9604436334714395e-11,0.09659871479854892,-0.04662741722451931,-0.07340962449161195,-3.597069420053689e-05
5.68024180474188e-06,-3.960724732535821e-11,0.09639032139541183,-0.04659795538746559,-0.07320633074740464,-3.601481671833744e-05
5.681218653713065e-06,-3.960969639915245e-11,0.09618167637476148,-0.046567872666646255,-0.07300306967529323,-3.605880412835472e-05
5.6821966732962274e-06,-3.961238713314061e-11,0.09597278128673402,-0.04653717057556958,-0.07279984321050555,-3.610266593487111e-05
5.6831758562787346e-06,-3.9615247810737106e-11,0.09576363768456399,-0.0465058506385693,-0.07259665328070539,-3.614641168909408e-05
5.68415619530501e-06,-3.9618236392002706e-11,0.09555424712616693,-0.04647391439156888,-0.07239350180713078,-3.6190050987929865e-05
5.685137683167325e-06,-3.962081014735272e-11,0.09534461117169322,-0.04644136338068889,-0.07219039070266117,-3.6233593473381255e-05
5.686120312544338e-06,-3.9623755365613615e-11,0.09513473138576017,-0.04640819916337186,-0.07198732187351664,-3.62770488304669e-05
5.68710407593965e-06,-3.962654794345522e-11,0.0949246093358718,-0.046374423307644394,-0.07178429721818498,-3.632042678589747e-05
5.688088966193069e-06,-3.96297857319783e-11,0.09471424659381643,-0.04634003739263782,-0.07158131862830151,-3.6363737107875656e-05
5.689074975728261e-06,-3.9633067688187376e-11,0.09450364473433762,-0.04630504300791952,-0.07137838798769226,-3.640698960148583e-05
5.690062097371378e-06,-3.963562608852412e-11,0.09429280533579269,-0.04626944175374561,-0.07117550717285186,-3.6450194111872204e-05
5.6910503236174175e-06,-3.963850161630225e-11,0.09408172998072242,-0.04623323524133616,-0.07097267805340592,-3.649336051762243e-05
5.692039646961233e-06,-3.96408648178963e-11,0.09387042025386548,-0.046196425091873196,-0.07076990249060272,-3.653649873143362e-05
5.693030060058157e-06,-3.964408743097709e-11,0.09365887774468196,-0.04615901293755953,-0.0705671823390883,-3.657961869850768e-05
5.6940215553707865e-06,-3.964722473936977e-11,0.09344710404623274,-0.04612100042118612,-0.07036451944627135,-3.662273039401557e-05
5.695014125529876e-06,-3.964988231201804e-11,0.09323510075397189,-0.04608238919530235,-0.07016191565113547,-3.666584381946964e-05
5.696007763127914e-06,-3.965233964777165e-11,0.09302286946828196,-0.04604318092362352,-0.06995937278643222,-3.67089690034034e-05
5.69700246038954e-06,-3.9655461338570846e-11,0.09281041179185717,-0.04600337727945835,-0.06975689267642333,-3.675211599620625e-05
5.6979982099871145e-06,-3.9658478834153133e-11,0.09259772933205206,-0.04596297994705881,-0.06955447713888337,-3.679529486959942e-05
5.69899500428423e-06,-3.966143936507565e-11,0.09238482369862593,-0.0459219906202131,-0.0693521279832291,-3.683851571243652e-05
5.699992835889905e-06,-3.9663910344835975e-11,0.09217169650621411,-0.04588041100357191,-0.06914984701248011,-3.6881788628569215e-05
5.700991696979173e-06,-3.9666697342424524e-11,0.09195834937167753,-0.04583824281121062,-0.06894763602116603,-3.6925123734106575e-05
5.701991580129629e-06,-3.966962243179446e-11,0.09174478391600752,-0.04579548776759297,-0.06874549679683506,-3.696853115434257e-05
5.702992477707404e-06,-3.967260867355506e-11,0.0915310017642101,-0.04575214760731209,-0.06854343111990972,-3.701202101823619e-05
5.703994382082902e-06,-3.967541187488389e-11,0.09131700454416058,-0.04570822407464563,-0.06834144076290216,-3.7055603458380776e-05
5.704997285628933e-06,-3.9678301236404116e-11,0.09110279388707808,-0.04566371892356732,-0.06813952749060753,-3.709928860398216e-05
5.7060011806496935e-06,-3.96808937738627e-11,0.09088837142836374,-0.04561863391823519,-0.06793769306096595,-3.714308657905274e-05
5.707006059466455e-06,-3.968424964386082e-11,0.09067373880713966,-0.04557297083260401,-0.06773593922443541,-3.7187007496678207e-05
5.708011914534604e-06,-3.968683054647484e-11,0.09045889766490445,-0.04552673144976621,-0.06753426772328827,-3.723106145505002e-05
5.709018737966036e-06,-3.969015117482016e-11,0.09024384964817218,-0.04547991756315103,-0.06733268029329116,-3.727525853340081e-05
5.71002652215091e-06,-3.969307055349397e-11,0.09002859640573242,-0.045432530975107785,-0.06713117866184787,-3.731960878466473e-05
5.7110352592872485e-06,-3.969556170788503e-11,0.08981313959070236,-0.045384573497935427,-0.0669297645495008,-3.736412223353769e-05
5.7120449415911316e-06,-3.9698634811180305e-11,0.08959748085964249,-0.04533604695330016,-0.06672843966925192,-3.740880886711846e-05
5.713055561436239e-06,-3.97012788025023e-11,0.08938162187194398,-0.04528695317178267,-0.06652720572599663,-3.745367863210374e-05
5.7140671108531345e-06,-3.970423429696692e-11,0.08916556429198737,-0.04523729399413765,-0.06632606441839259,-3.749874142565475e-05
5.71507958218542e-06,-3.970689309950703e-11,0.08894930978593783,-0.045187071269350086,-0.06612501743621457,-3.754400709070281e-05
5.716092967616862e-06,-3.9709703102510426e-11,0.08873286002472919,-0.045136286856247064,-0.06592406646275296,-3.758948540698839e-05
5.717107259175886e-06,-3.9712778419949825e-11,0.08851621668302599,-0.045084942622787866,-0.06572321317388762,-3.7635186084893095e-05
5.7181224490410395e-06,-3.971545503220469e-11,0.08829938143791008,-0.045033040445445885,-0.06552245923730902,-3.768111875682842e-05
5.7191385294632045e-06,-3.9718740517153024e-11,0.08808235597024228,-0.04498058220970775,-0.06532180631339776,-3.772729296873706e-05
5.7201554923726655e-06,-3.9721278336283215e-11,0.08786514196577681,-0.04492756981056722,-0.06512125605602286,-3.7773718170269475e-05
5.721173329961264e-06,-3.972411675385386e-11,0.0876477411120832,-0.044874005151038086,-0.06492081011043281,-3.782040370711236e-05
5.722192034443908e-06,-3.97269732471076e-11,0.08743015510104897,-0.044819890143113376,-0.06472047011491344,-3.786735880869824e-05
5.723211597557928e-06,-3.973006520196815e-11,0.08721238562877778,-0.044765226707839875,-0.06452023770090573,-3.791459257900171e-05
5.7242320116782e-06,-3.973240573696053e-11,0.08699443439330765,-0.04471001677389654,-0.06432011449115667,-3.796211398432946e-05
5.7252532686676775e-06,-3.973578623359456e-11,0.08677630309750062,-0.0446542622791769,-0.06412010210202573,-3.800993184152105e-05
5.7262753605386445e-06,-3.97386383358295e-11,0.08655799344754646,-0.04459796516968208,-0.06392020214222982,-3.805805480560281e-05
5.7272982793246326e-06,-3.974154279655904e-11,0.08633950715264084,-0.0445411273995451,-0.06372041621269121,-3.810649135616231e-05
5.728322017030857e-06,-3.9744471675554386e-11,0.0861208459261699,-0.0444837509313058,-0.06352074590745214,-3.815524978261604e-05
5.729346565588643e-06,-3.974729274589027e-11,0.0859020114848446,-0.04442583773555542,-0.06332119281303615,-3.820433817002321e-05
5.730371916865797e-06,-3.9750377626331644e-11,0.08568300554846846,-0.04436738979050269,-0.06312175850813018,-3.8253764381662656e-05
5.731398062924564e-06,-3.975293297734978e-11,0.08546382984103491,-0.04430840908272296,-0.06292244456468833,-3.830353604484529e-05
5.73242499554638e-06,-3.975634225446929e-11,0.08524448609013881,-0.0442488976064797,-0.0627232525472645,-3.835366053093852e-05
5.733452706748946e-06,-3.975919812430678e-11,0.08502497602589035,-0.04418885736318185,-0.06252418401228535,-3.8404144936268e-05
5.734481188369293e-06,-3.976217877734399e-11,0.08480530138346183,-0.044128290362577934,-0.06232524051003077,-3.845499606476031e-05
5.7355104322453254e-06,-3.976480266857415e-11,0.08458546389978025,-0.04406719862094465,-0.06212642358214087,-3.8506220403873836e-05
5.736540430283595e-06,-3.9767792610174665e-11,0.08436546531744264,-0.044005584162944936,-0.06192773476446996,-3.855782410553687e-05
5.737571174293493e-06,-3.9770545704422467e-11,0.08414530738048498,-0.04394344901930877,-0.06172917558399483,-3.860981295921647e-05
5.738602656068324e-06,-3.9774149927868855e-11,0.0839249918382111,-0.04388079522876566,-0.06153074756180582,-3.866219237146253e-05
5.739634867328936e-06,-3.977687164293409e-11,0.08370452044184291,-0.043817624836080656,-0.061332452210408374,-3.871496733565345e-05
5.740667799933239e-06,-3.977971156652932e-11,0.08348389494786757,-0.04375393989370645,-0.061134291036384424,-3.876814240683001e-05
5.74170144569647e-06,-3.978265837551809e-11,0.08326311711501795,-0.04368974246002654,-0.060936265538046104,-3.8821721672810934e-05
5.742735796323282e-06,-3.978571847008136e-11,0.08304218870595227,-0.04362503460022931,-0.06073837720693043,-3.8875708721569905e-05
5.74377084356191e-06,-3.978829133096458e-11,0.08282111148715408,-0.04355981838584594,-0.06054062752737354,-3.8930106611596824e-05
5.7448065790687815e-06,-3.9791163828058825e-11,0.08259988722818282,-0.04349409589436666,-0.060343017976275524,-3.898491783487399e-05
5.745842994518523e-06,-3.9793712907645017e-11,0.08237851770261723,-0.04342786920961492,-0.06014555002375243,-3.90401442829824e-05
5.746880081745286e-06,-3.979681810163053e-11,0.08215700468737083,-0.04336114042103026,-0.059948225132500844,-3.9095787209489175e-05
5.747917832245445e-06,-3.980003071125222e-11,0.0819353499624162,-0.04329391162355631,-0.059751044757859674,-3.915184718783935e-05
5.748956237765867e-06,-3.980284870855257e-11,0.08171355531218236,-0.043226184917990775,-0.05955401034856204,-3.920832407092996e-05
5.749995289941047e-06,-3.980522084634421e-11,0.08149162252405824,-0.043157962410154654,-0.059357123345952306,-3.926521694669068e-05
5.751034980308701e-06,-3.980845329008939e-11,0.0812695533892676,-0.04308924621109112,-0.0591603851844249,-3.932252409145374e-05
5.752075300491436e-06,-3.9811466220164094e-11,0.08104734970199126,-0.04302003843639524,-0.05896379729094427,-3.9380242920127657e-05
5.753116242125854e-06,-3.981444058821684e-11,0.08082501326067128,-0.042950341206634,-0.05876736108585351,-3.9438369935471597e-05
5.7541577967595934e-06,-3.981695649629875e-11,0.0806025458668201,-0.042880156646610504,-0.05857107798225166,-3.9496900673025835e-05
5.755199955867972e-06,-3.98204575392737e-11,0.08037994932592564,-0.04280948688554566,-0.05837494938651068,-3.955582964513991e-05
5.756242711054841e-06,-3.9823483528902384e-11,0.08015722544676934,-0.04273833405633336,-0.058178976697777045,-3.961515028046086e-05
5.75728605381841e-06,-3.98261979086623e-11,0.07993437604117413,-0.0426667002954811,-0.0579831613080007,-3.9674854859876944e-05
5.7583299757441206e-06,-3.982921133848644e-11,0.07971140292542424,-0.04259458774323721,-0.05778750460276842,-3.973493445258486e-05
5.759374468128501e-06,-3.983230045239848e-11,0.07948830791916137,-0.04252199854293854,-0.0575920079606364,-3.979537884520432e-05
5.760419522587662e-06,-3.9835522897766753e-11,0.07926509284483664,-0.042448934840440544,-0.0573966727528199,-3.985617646992095e-05
5.761465130367151e-06,-3.9838477262289416e-11,0.07904175952885525,-0.042375398784298225,-0.057201500343864474,-3.9917314327443527e-05
5.762511283198376e-06,-3.984139130804379e-11,0.07881830980191215,-0.042301392525715784,-0.05700649209208585,-3.997877790827468e-05
5.763557972422117e-06,-3.98439614770563e-11,0.07859474549681385,-0.04222691821707618,-0.056811649347907514,-4.004055110803663e-05
5.76460518919073e-06,-3.9847209587522874e-11,0.07837106845136894,-0.04215197801314487,-0.05661697345610765,-4.0102616141981e-05
5.76565292518959e-06,-3.98503230959838e-11,0.07814728050578815,-0.04207657406925731,-0.05642246575375859,-4.0164953451179096e-05
5.766701171613196e-06,-3.985318136123046e-11,0.07792338350415179,-0.04200070854183421,-0.056228127571506484,-4.022754160972284e-05
5.767749919833995e-06,-3.985619148254391e-11,0.07769937929479638,-0.04192438358816516,-0.05603396023377998,-4.0290357223247384e-05
5.7687991611606e-06,-3.985930965476824e-11,0.07747526972873144,-0.04184760136521639,-0.05583996505771342,-4.035337482701001e-05
5.769848887048043e-06,-3.986247085457223e-11,0.07725105666007274,-0.041770364029384006,-0.05564614335344045,-4.0416566776405926e-05
5.770899088601531e-06,-3.986583889473974e-11,0.07702674194881981,-0.041692673737647325,-0.05545249642616067,-4.047990313584032e-05
5.771949757246792e-06,-3.986865817444797e-11,0.07680232745521551,-0.04161453264403347,-0.05525902557207557,-4.0543351561014087e-05
5.773000884263551e-06,-3.987200065963146e-11,0.07657781504586461,-0.04153594290255943,-0.055065732082876864,-4.060687717821737e-05
5.774052460770962e-06,-3.9875164918918454e-11,0.07635320658927867,-0.041456906664288314,-0.05487261724250844,-4.0670442459160675e-05
5.775104478085804e-06,-3.9878139197185706e-11,0.07612850395755164,-0.04137742607775949,-0.05467968232837004,-4.073400709000406e-05
5.776156927390971e-06,-3.988108787811729e-11,0.07590370902804924,-0.04129750328944639,-0.0544869286126539,-4.079752783762718e-05
5.777209799929235e-06,-3.988456493311918e-11,0.07567882367934321,-0.041217140441134684,-0.054294357359438015,-4.086095841102311e-05
5.778263086889731e-06,-3.9886998509598617e-11,0.07545384979489049,-0.04113633967118683,-0.054101969827209995,-4.0924249317222334e-05
5.779316779418574e-06,-3.989016253849265e-11,0.07522878926159506,-0.04105510311340726,-0.05390976726804519,-4.0987347716537223e-05
5.780370868635323e-06,-3.989304628418443e-11,0.07500364396926336,-0.04097343289616668,-0.05371775092713831,-4.105019726989683e-05
5.781425345701807e-06,-3.989606489615614e-11,0.07477841581235828,-0.04089133114278725,-0.05352592204411809,-4.111273798541161e-05
5.782480201710467e-06,-3.989878453599066e-11,0.07455310668770952,-0.040808799969751265,-0.05333428185143041,-4.117490606046269e-05
5.7835354278225914e-06,-3.990178606161376e-11,0.07432771849649067,-0.040725841487147606,-0.05314283157573079,-4.123663372200135e-05
5.784591015131113e-06,-3.990479145817743e-11,0.07410225314298037,-0.040642457797486924,-0.052951572437109365,-4.1297849063010154e-05
5.785646954503729e-06,-3.990750830110915e-11,0.07387671253534787,-0.040558650995529084,-0.05276050564961279,-4.135847587768418e-05
5.7867032372696e-06,-3.9910629976661754e-11,0.07365109858489044,-0.04047442316724887,-0.052569632420718194,-4.141843349580595e-05
5.787759854296608e-06,-3.991364933910466e-11,0.07342541320697356,-0.04038977638976629,-0.05237895395204419,-4.147763661582009e-05
5.788816796608054e-06,-3.9916747133410344e-11,0.07319965831954829,-0.040304712729951474,-0.05218847143833326,-4.1535995138199344e-05
5.789874055245825e-06,-3.9919626997997164e-11,0.07297383584587638,-0.040219234245344675,-0.05199818606932937,-4.159341400075125e-05
5.790931621230295e-06,-3.9922511177369817e-11,0.07274794771045512,-0.040133342981314504,-0.05180809902702817,-4.164979301464449e-05
5.791989485431359e-06,-3.992586739465145e-11,0.07252199584343214,-0.04004704097285454,-0.05161821148863733,-4.170502670481351e-05
5.793047638880655e-06,-3.99284785058485e-11,0.07229598217719677,-0.039960330242352037,-0.05142852462441349,-4.175900415396352e-05
5.794106072483823e-06,-3.9931565620762786e-11,0.07206990864774114,-0.03987321279954559,-0.05123903959839584,-4.181160885430844e-05
5.795164777224041e-06,-3.993470286478096e-11,0.07184377719594963,-0.039785690641913674,-0.05104975756948781,-4.1862718564066884e-05
5.796223743882181e-06,-3.99377761188481e-11,0.07161758976400802,-0.03969776575210475,-0.05086067968882098,-4.19122051762887e-05
5.797282963422804e-06,-3.994117512145796e-11,0.07139134829984559,-0.03960944010005289,-0.050671807103041054,-4.1959934596104964e-05
5.798342426624871e-06,-3.994402868058957e-11,0.07116505475367568,-0.03952071564050809,-0.05048314095166928,-4.200576663348748e-05
5.799402124459052e-06,-3.9947219490971326e-11,0.07093871107910066,-0.03943159431340721,-0.05029468236798173,-4.204955490919664e-05
5.80046204770732e-06,-3.995024097269066e-11,0.07071231923403568,-0.03934207804413735,-0.05010643247972435,-4.209114678047728e-05
5.801522187148516e-06,-3.9953223289300585e-11,0.07048588117999831,-0.03925216874271506,-0.04991839240845433,-4.213038328457e-05
5.8025825336973235e-06,-3.995652398187846e-11,0.07025939888101702,-0.03916186830329064,-0.049730563268895134,-4.216709910886853e-05
5.803643077982406e-06,-3.995927806546074e-11,0.07003287430558212,-0.039071178604851466,-0.049542946170133925,-4.22011225822174e-05
5.804703810922881e-06,-3.9962468262590644e-11,0.06980630942560233,-0.03898010151099978,-0.04935554221503442,-4.223227569961232e-05
5.805764723206982e-06,-3.996535680248891e-11,0.06957970621599927,-0.038888638869550386,-0.04916835249985782,-4.226037417470389e-05
5.806825805557937e-06,-3.9968400310453006e-11,0.06935306665593642,-0.038796792513628636,-0.048981378115011555,-4.228522752976844e-05
5.80788704870074e-06,-3.997134901340745e-11,0.06912639272775212,-0.038704564261318825,-0.04879462014440438,-4.2306639225059154e-05
5.808948443291305e-06,-3.9974328155337885e-11,0.06889968641732194,-0.03861195591654404,-0.04860807966562741,-4.2324406825169266e-05
5.810009980166837e-06,-3.9977214184630495e-11,0.06867294971417585,-0.03851896926949501,-0.048421757749887336,-4.233832221620529e-05
5.811071649867363e-06,-3.998004965452648e-11,0.06844618461099072,-0.03842560609735612,-0.04823565546173075,-4.234817186679584e-05
5.812133442983117e-06,-3.998387652735932e-11,0.06821939310493245,-0.03833186816590545,-0.04804977385987137,-4.2353737144053025e-05
5.813195350306409e-06,-3.9986895562847506e-11,0.06799257719579867,-0.03823775722969818,-0.04786411399585324,-4.235479467985403e-05
5.814257362415756e-06,-3.998957923596902e-11,0.06776573888704775,-0.0381432750338024,-0.04767867691473136,-4.235111680043234e-05
5.815319469865821e-06,-3.999267083338166e-11,0.06753888018609985,-0.0380484233155799,-0.04749346365510682,-4.2342472009961155e-05
5.81638166330046e-06,-3.999566338045552e-11,0.06731200310331906,-0.037953203805855776,-0.047308475248539275,-4.232862554207473e-05
5.817443933234561e-06,-3.999841909203513e-11,0.06708510965412297,-0.0378576182318561,-0.04712371272075494,-4.230933996937566e-05
5.818506270217231e-06,-4.000186147120222e-11,0.06685820185477541,-0.03776166831713515,-0.04693917708877685,-4.228437588640512e-05
5.819568664803702e-06,-4.000475227776065e-11,0.06663128172757267,-0.037665355786642846,-0.046754869364378386,-4.225349265124992e-05
5.820631107599253e-06,-4.000735094434964e-11,0.06640435129734767,-0.037568682367481586,-0.04657079055165714,-4.221644919750372e-05
5.8216935889802404e-06,-4.0010210712232755e-11,0.06617741259201157,-0.037471649791734986,-0.04638694164719346,-4.2173004912414555e-05
5.822756099445483e-06,-4.001329191146894e-11,0.06595046764440976,-0.03737425980069366,-0.04620332364145483,-4.212292057579051e-05
5.8238186295433875e-06,-4.001624578979469e-11,0.06572351848943273,-0.03727651414611978,-0.046019937516492575,-4.206595936458483e-05
5.824881169648343e-06,-4.001963371490767e-11,0.06549656716635528,-0.037178414595129154,-0.04583678424773666,-4.2001887911625396e-05
5.825943710281795e-06,-4.002239326354653e-11,0.06526961571793921,-0.03707996293296501,-0.04565386480305627,-4.193047742095142e-05
5.827006241738973e-06,-4.002519827244367e-11,0.06504266618982782,-0.036981160966405933,-0.04547118014241656,-4.1851504830196475e-05
5.828068754598167e-06,-4.0028563490297395e-11,0.06481572063253839,-0.0368820105286958,-0.045288731219233117,-4.1764754012594226e-05
5.829131239048283e-06,-4.0031403861126016e-11,0.06458878109870413,-0.0367825134817066,-0.0451065189782054,-4.167001701478001e-05
5.83019368568055e-06,-4.003456939943276e-11,0.06436184964503533,-0.0366826717211825,-0.044924544356892304,-4.1567095317357547e-05
5.8312560846496225e-06,-4.003817980791373e-11,0.06413492833261808,-0.03658248718070415,-0.044742808285634976,-4.145580111014099e-05
5.8323184263997426e-06,-4.004108300317605e-11,0.06390801922434311,-0.036481961834385776,-0.04456131168592976,-4.13359585699623e-05
5.833380701203525e-06,-4.0044200734943246e-11,0.06368112438853728,-0.03638109770285511,-0.0443800554728151,-4.120740513208569e-05
5.834442899403992e-06,-4.0047221630515784e-11,0.06345424589558309,-0.03627989685517962,-0.04419904055258694,-4.106999273723898e-05
5.835505011287743e-06,-4.0050633379277436e-11,0.0632273858203376,-0.036178361414069035,-0.044018267824431634,-4.092358904669193e-05
5.836567027093561e-06,-4.005319203541813e-11,0.06300054624032948,-0.03607649355852961,-0.043837738179270114,-4.076807860694197e-05
5.837628937115814e-06,-4.0056096870536234e-11,0.0627737292381009,-0.03597429552856617,-0.0436574525013946,-4.0603363954558546e-05
5.838690731573842e-06,-4.0058877261267794e-11,0.0625469368972673,-0.035871769626134795,-0.04347741166574555,-4.042936664440147e-05
5.839752400620529e-06,-4.0062210268152604e-11,0.06232017130822567,-0.03576891822136005,-0.04329761654198576,-4.024602818631685e-05
5.840813934575852e-06,-4.0064851894558613e-11,0.06209343456236267,-0.035665743751892375,-0.04311806799070259,-4.005331088426523e-05
5.841875323629884e-06,-4.0067857013295475e-11,0.061866728755201925,-0.03556224872664501,-0.04293876686542761,-3.9851198557223664e-05
5.842936557821928e-06,-4.007057887066225e-11,0.0616400559864699,-0.03545843572811251,-0.04275971401312344,-3.9639697136111504e-05
5.843997627359625e-06,-4.007410367291137e-11,0.06141341835888752,-0.035354307412767655,-0.042580910273284645,-3.94188351255947e-05
5.845058522462201e-06,-4.007723794214983e-11,0.06118681797896594,-0.03524986651257453,-0.04240235647877197,-3.91886639229501e-05
5.846119233230696e-06,-4.007968438844787e-11,0.060960256956489274,-0.03514511583526253,-0.042224053455563126,-3.894925798645393e-05
5.847179749646217e-06,-4.008326458834581e-11,0.06073373740469314,-0.03504005826440379,-0.042046002023183586,-3.8700714850864964e-05
5.8482400619642315e-06,-4.008605558901207e-11,0.060507261441467196,-0.034934696759658164,-0.04186820299569258,-3.8443154984366565e-05
5.849300160119358e-06,-4.0089098763245183e-11,0.06028083118665959,-0.03482903435422311,-0.04169065718002541,-3.817672149104362e-05
5.850360034228868e-06,-4.009256703790354e-11,0.060054448764314976,-0.03472307415477849,-0.04151336537792235,-3.7901579655288485e-05
5.851419674357009e-06,-4.0095722909870286e-11,0.059828116302278536,-0.034616819339301844,-0.041336328385766126,-3.761791633630276e-05
5.852479070548031e-06,-4.0098353787428194e-11,0.05960183593204394,-0.03451027315463064,-0.04115954699484571,-3.7325939218206165e-05
5.853538212735905e-06,-4.010167620301303e-11,0.059375609788248004,-0.03440343891343982,-0.04098302199125583,-3.7025875920690254e-05
5.854597090908311e-06,-4.0104531930548987e-11,0.05914944000863378,-0.03429631999094413,-0.04080675415612746,-3.671797298278989e-05
5.85565569510351e-06,-4.010778368833943e-11,0.0589233287353298,-0.03418891982230711,-0.04063074426688264,-3.640249473103247e-05
5.856714015185271e-06,-4.011114888586437e-11,0.05869727811442787,-0.03408124189827619,-0.04045499309708773,-3.6079722041806104e-05
5.857772041134783e-06,-4.011451574018575e-11,0.05847129029396236,-0.03397328976019567,-0.04027950141553245,-3.5749951015992586e-05
5.858829762918917e-06,-4.011718112078373e-11,0.05824536742627505,-0.03386506699675758,-0.040104269987972015,-3.541349157744542e-05
5.859887170480125e-06,-4.012057723331718e-11,0.058019511667968544,-0.033756577239643294,-0.039929299577487205,-3.507066600988863e-05
5.860944253427356e-06,-4.0123990667674395e-11,0.0577937251787191,-0.03364782415801693,-0.03975459094389446,-3.472180745222917e-05
5.862001002080517e-06,-4.012714101698633e-11,0.05756801012045536,-0.03353881145341576,-0.03958014484344169,-3.436725836105579e-05
5.8630574059360826e-06,-4.013015743344864e-11,0.057342368661254896,-0.03342954285703819,-0.039405962031738614,-3.4007368962470414e-05
5.86411345506431e-06,-4.013353862634375e-11,0.05711680297083704,-0.03332002212256473,-0.039232043260937405,-3.364249570291832e-05
5.865169139033423e-06,-4.0136300138404984e-11,0.05689131522205453,-0.033210253022087195,-0.039058389280959005,-3.327299971440106e-05
5.866224447901691e-06,-4.01391631250133e-11,0.05666590759325707,-0.0331002393428718,-0.038885000841300185,-3.289924530929746e-05
5.867279371316094e-06,-4.014154831897079e-11,0.056440582264520395,-0.032989984880733535,-0.03871187868873483,-3.252159851281193e-05
5.868333899140047e-06,-4.0144824144355395e-11,0.05621534142071246,-0.03287949343721319,-0.03853902356946635,-3.214042564826066e-05
5.869388021050374e-06,-4.014804017429612e-11,0.05599018724973333,-0.03276876881461534,-0.03836643622824594,-3.1756091981402e-05
5.870441726810073e-06,-4.015085529676665e-11,0.05576512194225472,-0.03265781481170484,-0.03819411740823472,-3.136896043278708e-05
5.87149500621313e-06,-4.015341064947885e-11,0.05554014769427173,-0.03254663522150376,-0.03802206785296914,-3.0979390366659986e-05
5.872547848849352e-06,-4.0156677797857946e-11,0.0553152667034897,-0.03243523382560691,-0.037850288303891144,-3.058773646051534e-05
5.873600244427791e-06,-4.0159541607782284e-11,0.055090481172597884,-0.032323614392967055,-0.0376787795028578,-3.0194347657424234e-05
5.874652182749932e-06,-4.016190778076791e-11,0.05486579330650608,-0.032211780675230235,-0.03750754219026681,-2.979956621006279e-05
5.875703653352502e-06,-4.016493523237546e-11,0.05464120531532981,-0.03209973640571216,-0.03733657710705157,-2.940372681136401e-05
5.876754645898075e-06,-4.0167499104545043e-11,0.05441671941063514,-0.031987485294960136,-0.03716588499250319,-2.900715581589114e-05
5.8778051499597025e-06,-4.0170729617055104e-11,0.054192337809591255,-0.0318750310307927,-0.03699546658675457,-2.8610170551945666e-05
5.878855155297907e-06,-4.017374325524935e-11,0.053968062731381286,-0.03176237727447269,-0.036825322628726086,-2.8213078720785393e-05
5.879904651333329e-06,-4.0176326168719586e-11,0.05374389639951267,-0.03164952766041799,-0.03665545385754069,-2.7816177882793252e-05
5.880953627733492e-06,-4.017944047339148e-11,0.05351984104113133,-0.031536485794332346,-0.036485861012064434,-2.7419755026604517e-05
5.882002074083097e-06,-4.0182136594509184e-11,0.053295898886017955,-0.031423255251601626,-0.03631654483039206,-2.7024086218979053e-05
5.88304997988385e-06,-4.018526554438074e-11,0.053072072168774694,-0.031309839577565605,-0.03614750605114392,-2.6629436329359957e-05
5.884097334665727e-06,-4.018836010810276e-11,0.05284836312669963,-0.03119624228567941,-0.03597874541217092,-2.623605882701634e-05
5.885144127893739e-06,-4.019144641494762e-11,0.05262477400047378,-0.0310824668573742,-0.03581026365092185,-2.584419564516814e-05
5.886190349046391e-06,-4.019368835191681e-11,0.052401307035079045,-0.030968516742379486,-0.035642061505103656,-2.54540771079133e-05
5.887235987732593e-06,-4.0196819168648976e-11,0.05217796447827507,-0.030854395357541132,-0.03547413971155614,-2.5065921914067593e-05
5.888281033323086e-06,-4.019990792680718e-11,0.05195474858257069,-0.030740106088280282,-0.03530649900766077,-2.4679937174552794e-05
5.889325475202854e-06,-4.0203099221691784e-11,0.05173166160198697,-0.030625652286614104,-0.035139140129029155,-2.4296318496928e-05
5.8903693028920775e-06,-4.0206120713575516e-11,0.051508705796098335,-0.030511037273997246,-0.03497206381227426,-2.3915250112933928e-05
5.891412505791094e-06,-4.020946566023675e-11,0.05128588342694422,-0.030396264340006498,-0.034805270792891134,-2.353690504581781e-05
5.892455073239694e-06,-4.021280437442956e-11,0.05106319676025942,-0.030281336743282646,-0.034638761805940034,-2.3161445309625353e-05
5.893496994618516e-06,-4.0215676420902275e-11,0.05084064806554687,-0.030166257712617845,-0.03447253758623785,-2.2789022140205988e-05
5.8945382592900716e-06,-4.0218941904014596e-11,0.05061823961593234,-0.030051030447268704,-0.034306598868099544,-2.241977624962502e-05
5.895578856655878e-06,-4.0222173617617376e-11,0.05039597368768749,-0.02993565811752728,-0.03414094638501607,-2.2053838104905162e-05
5.896618775938437e-06,-4.022497463021307e-11,0.05017385256051355,-0.029820143865745524,-0.033975580869855415,-2.1691328222246724e-05
5.897658006605551e-06,-4.0228014539981207e-11,0.04995187851828999,-0.029704490807604053,-0.03381050305526149,-2.133235747891577e-05
5.89869653779991e-06,-4.0230826230274234e-11,0.04973005384845735,-0.029588702032638265,-0.03364571367324094,-2.097702743329132e-05
5.899734358876173e-06,-4.0233283833690254e-11,0.049508380841026586,-0.029472780604661512,-0.033481213454524865,-2.0625430657864113e-05
5.900771459099318e-06,-4.023640728970611e-11,0.0492868617902708,-0.02935672956359236,-0.033317003129580955,-2.0277651075820016e-05
5.90180782756739e-06,-4.023906103884766e-11,0.04906549899446216,-0.029240551926340716,-0.0331530834284414,-1.993376430147324e-05
5.9028434537226415e-06,-4.024189857211591e-11,0.04884429475430537,-0.02912425068686629,-0.03298945507974463,-1.959383798457702e-05
5.903878326568872e-06,-4.024551512327981e-11,0.0486232513746652,-0.029007828818059217,-0.03282611881165695,-1.9257932153536585e-05
5.904912435448069e-06,-4.024836832835165e-11,0.048402371164295126,-0.028891289272673235,-0.03266307535185359,-1.892609955603464e-05
5.905945769507218e-06,-4.0251048430382254e-11,0.048181656434790034,-0.028774634983591747,-0.03250032542674894,-1.859838599733195e-05
5.9069783178906886e-06,-4.025431324264448e-11,0.04796110950138906,-0.028657868865216735,-0.03233786976200707,-1.8274830675477983e-05
5.908010069740705e-06,-4.0257515083089277e-11,0.047740732683996534,-0.028540993815051787,-0.03217570908318986,-1.795546650763419e-05
5.909041014121223e-06,-4.0260614369867016e-11,0.04752052830352656,-0.02842401271245314,-0.03201384411339629,-1.7640320452393198e-05
5.910071140290377e-06,-4.026382331183604e-11,0.04730049868765625,-0.028306928422864756,-0.031852275577024955,-1.7329413825586614e-05
5.911100437183777e-06,-4.0266456998155203e-11,0.04708064616515315,-0.028189743795356118,-0.03169100419600546,-1.7022762604529002e-05
5.912128894050458e-06,-4.026969173058341e-11,0.04686097306947016,-0.028072461665565616,-0.0315300306921588,-1.67203777271472e-05
5.913156499798893e-06,-4.027216177352529e-11,0.04664148173680254,-0.027955084855441598,-0.03136935578606734,-1.642226537965779e-05
5.914183243437667e-06,-4.027501442802571e-11,0.04642217450825747,-0.027837616175153037,-0.03120898019825811,-1.612842727782472e-05
5.915209114173552e-06,-4.027816040664764e-11,0.04620305372703949,-0.027720058422335218,-0.031048904647615352,-1.5838860935369518e-05
5.916234100979898e-06,-4.0280729025589856e-11,0.04598412174033544,-0.02760241438387547,-0.030889129852426467,-1.5553559924162067e-05
5.917258192725549e-06,-4.0283705685713756e-11,0.04576538089962443,-0.02748468683674435,-0.030729656530771175,-1.5272514125520604e-05
5.918281378402398e-06,-4.0286315506032596e-11,0.04554683355894013,-0.02736687854774769,-0.030570485399267735,-1.4995709969748796e-05
5.919303647070856e-06,-4.028968403409108e-11,0.04532848207608387,-0.027248992274758334,-0.03041161717394377,-1.4723130667342246e-05
5.920324987655688e-06,-4.029279047152096e-11,0.04511032881273467,-0.027131030767494686,-0.030253052570297104,-1.445475642937709e-05
5.921345389053605e-06,-4.029508732671832e-11,0.04489237613444728,-0.027012996768086495,-0.0300947923034132,-1.4190564679332405e-05
5.922364840174393e-06,-4.029823399143693e-11,0.04467462640890386,-0.026894893010534212,-0.02993683708668442,-1.3930530255189433e-05
5.923383329873563e-06,-4.030117555729176e-11,0.04445708200861703,-0.026776722222963043,-0.029779187633796625,-1.3674625599691664e-05
5.924400847150427e-06,-4.030460283555547e-11,0.044239745309560916,-0.026658487127113863,-0.029621844657637536,-1.3422820946756387e-05
5.925417380766192e-06,-4.03075420517409e-11,0.04402261869032887,-0.026540190438581072,-0.029464808870002242,-1.3175084493663825e-05
5.9264329195841565e-06,-4.031032890363978e-11,0.043805704534423444,-0.026421834868475855,-0.029308080983024773,-1.293138256723324e-05
5.927447452467251e-06,-4.031286629586537e-11,0.04358900522782847,-0.026303423122333896,-0.029151661707531144,-1.2691679782183022e-05
5.928460968179411e-06,-4.03160151052714e-11,0.043372523159991586,-0.02618495790127575,-0.028995551753865867,-1.2455939190116983e-05
5.929473455479974e-06,-4.031895265957819e-11,0.043156260724672504,-0.026066441902848254,-0.028839751832449825,-1.222412242001828e-05
5.930484903312276e-06,-4.0321978059671944e-11,0.04294022031922711,-0.025947877820869915,-0.028684262653246348,-1.1996189813069129e-05
5.931495300263066e-06,-4.03249012906516e-11,0.04272440434327094,-0.025829268345073892,-0.028529084925114585,-1.1772100549366378e-05
5.9325046351257415e-06,-4.032789332442349e-11,0.04250881520157277,-0.02571061616309349,-0.028374219357519825,-1.1551812766734242e-05
5.9335128966401835e-06,-4.033102850676347e-11,0.04229345530128901,-0.025591923959182816,-0.02821966665894661,-1.1335283674092499e-05
5.934520073546735e-06,-4.03342525682706e-11,0.04207832705316492,-0.025473194415086466,-0.028065427537639485,-1.1122469657667247e-05
5.935526154537458e-06,-4.033669053915697e-11,0.0418634328730949,-0.025354430211393567,-0.02791150270272112,-1.0913326381870598e-05
5.936531128296396e-06,-4.033956253650178e-11,0.04164877517760367,-0.02523563402499161,-0.027757892861207056,-1.0707808882751349e-05
5.937534983399126e-06,-4.034278422631666e-11,0.04143435638984581,-0.025116808532843038,-0.027604598722011896,-1.0505871657088466e-05
5.938537708561983e-06,-4.0345440035442336e-11,0.04122017893445611,-0.024997956409239637,-0.02745162099268787,-1.0307468745153893e-05
5.9395392924295265e-06,-4.0348625463776746e-11,0.0410062452405598,-0.024879080327717157,-0.02729896038133601,-1.0112553810245522e-05
5.940539723604047e-06,-4.0351688980353123e-11,0.040792557740276146,-0.024760182960389378,-0.027146617595772436,-9.921080209995242e-06
5.9415389906549665e-06,-4.035429098255786e-11,0.04057911886922241,-0.024641266978346465,-0.026994593343805176,-9.733001066611043e-06
5.942537082168538e-06,-4.035717184494949e-11,0.040365931067281466,-0.02452233505238829,-0.026842888333892305,-9.548269329961954e-06
5.943533986762761e-06,-4.0360231670156285e-11,0.040152996777333395,-0.02440338985226904,-0.026691503274259256,-9.366837837933646e-06
5.944529692860242e-06,-4.036294309546528e-11,0.03994031844603316,-0.024284434047533384,-0.026540438873603845,-9.188659373061111e-06
5.945524189106034e-06,-4.0365285105989053e-11,0.03972789852361066,-0.02416547030721565,-0.02638969584081865,-9.013686712890428e-06
5.946517463905651e-06,-4.036848701080835e-11,0.039515739463329654,-0.02404650129985449,-0.02623927488486066,-8.84187268032895e-06
5.947509505927431e-06,-4.037069050264613e-11,0.03930384372210496,-0.023927529693891357,-0.026089176715126717,-8.673170188235064e-06
5.948500303548327e-06,-4.037381297271564e-11,0.03909221376160442,-0.023808558158425173,-0.025939402042200955,-8.507532281287265e-06
5.949489845153326e-06,-4.0376811189828045e-11,0.038880852044504685,-0.02368958936110192,-0.02578995157559259,-8.344912173983954e-06
5.950478119239803e-06,-4.0379683481940316e-11,0.03866976104071152,-0.023570625971816788,-0.02564082602767923,-8.185263288069534e-06
5.95146511437522e-06,-4.038284861536531e-11,0.038458943220117656,-0.023451670658546857,-0.025492026109129075,-8.028539285698624e-06
5.952450818817585e-06,-4.038539541473881e-11,0.03824840105768867,-0.023332726090435907,-0.025343552532292073,-7.874694098623144e-06
5.953435220923924e-06,-4.038844564983857e-11,0.03803813703211687,-0.023213794937033353,-0.02519540601032333,-7.723681957708417e-06
5.9544183092865e-06,-4.0390636653022576e-11,0.03782815362571555,-0.02309487986824321,-0.025047587257196254,-7.575457418976189e-06
5.955400072036967e-06,-4.039347232281834e-11,0.037618453323132524,-0.02297598355366584,-0.024900096986875467,-7.429975387684157e-06
5.956380497685601e-06,-4.0396366248152083e-11,0.03740903861476625,-0.02285710866466293,-0.02475293591568273,-7.287191138059628e-06
5.957359574536349e-06,-4.0398845283195735e-11,0.037199911991385864,-0.02273825787113108,-0.02460610475879962,-7.147060335550828e-06
5.9583372908287164e-06,-4.040231470134857e-11,0.03699107595041943,-0.022619433845316415,-0.024459604234333656,-7.009539053861122e-06
5.959313634859755e-06,-4.0404674445354127e-11,0.03678253299170468,-0.02250063925934359,-0.024313435060840813,-6.874583790747871e-06
5.9602885949823e-06,-4.040775115192756e-11,0.036574285617728935,-0.02238187678523769,-0.024167597957237674,-6.742151484377889e-06
5.961262159462493e-06,-4.041030394490619e-11,0.03636633633527894,-0.022263149096106546,-0.02402209364415392,-6.612199524625459e-06
5.9622343164996315e-06,-4.04135612626209e-11,0.036158687655891905,-0.022144458866306668,-0.023876922844212063,-6.484685766850811e-06
5.9632050543514414e-06,-4.041613747775459e-11,0.03595134209109795,-0.022025808768572304,-0.023732086278956486,-6.359568540707783e-06
5.964174361170196e-06,-4.041887601997636e-11,0.03574430216055376,-0.021907201479041374,-0.02358758467424925,-6.236806659994976e-06
5.965142225290507e-06,-4.042165181301308e-11,0.0355375703845996,-0.02178863967257687,-0.023443418755444187,-6.116359432148672e-06
5.9661086347827145e-06,-4.0424565850297124e-11,0.03533114928703078,-0.021670126024633567,-0.0232995892492848,-5.998186662862615e-06
5.967073577794542e-06,-4.042729579852261e-11,0.03512504139614414,-0.021551663211758915,-0.023156096884606826,-5.882248663804038e-06
5.968037042525119e-06,-4.0430186557647197e-11,0.03491924924413763,-0.021433253911230885,-0.023012942392023006,-5.768506257402958e-06
5.968999017164541e-06,-4.0433093301977564e-11,0.03471377536542712,-0.02131490080007877,-0.022870126502877345,-5.656920780825094e-06
5.969959489715822e-06,-4.04357805699069e-11,0.03450862229905071,-0.0211966065564712,-0.022727649950862468,-5.547454088925441e-06
5.970918448336932e-06,-4.043849596780042e-11,0.03430379258657461,-0.021078373858452445,-0.02258551347069844,-5.440068557967322e-06
5.971875881040759e-06,-4.044127634159132e-11,0.03409928877462528,-0.02096020538552672,-0.02244371779993316,-5.334727085740126e-06
5.972831776012759e-06,-4.0443705427102073e-11,0.03389511341234309,-0.02084210381693297,-0.022302263677161937,-5.231393094815795e-06
5.973786121258583e-06,-4.0446272860198166e-11,0.033691269052257236,-0.020724071832287735,-0.02216115184281551,-5.130030530959969e-06
5.974738904742773e-06,-4.044882993238725e-11,0.03348775825062066,-0.020606112111715164,-0.022020383039311184,-5.030603865388216e-06
5.975690114508227e-06,-4.045161790745182e-11,0.03328458356739375,-0.0204882273358773,-0.021879958011289037,-4.933078091841943e-06
5.97663973860314e-06,-4.0454003416505566e-11,0.03308174756658963,-0.020370420186015363,-0.02173987750557625,-4.837418727181856e-06
5.977587764982735e-06,-4.0456752084159185e-11,0.03287925281469581,-0.02025269334310697,-0.021600142270556004,-4.7435918093530425e-06
5.9785341816060815e-06,-4.0459202818138e-11,0.03267710188242913,-0.020135049488806955,-0.021460753057137023,-4.651563894974977e-06
5.979478976409307e-06,-4.0461700211773754e-11,0.03247529734346972,-0.02001749130467897,-0.02132171061803175,-4.561302057640051e-06
5.980422137368774e-06,-4.046473030443003e-11,0.03227384177608721,-0.019900021473233245,-0.021183015709000788,-4.472773885139498e-06
5.981363652326905e-06,-4.046735300812e-11,0.03207273776155414,-0.019782642676768505,-0.021044669087627234,-4.385947476047002e-06
5.982303509267755e-06,-4.0469530484187836e-11,0.03187198788359596,-0.019665357597151382,-0.02090667151327897,-4.300791435641545e-06
5.983241696011591e-06,-4.047258980625706e-11,0.03167159473196138,-0.019548168917833696,-0.020769023749267278,-4.217274874419094e-06
5.984178200485684e-06,-4.047554422498983e-11,0.031471560896525114,-0.019431079320355222,-0.02063172655924366,-4.135367401990039e-06
5.985113010485584e-06,-4.047777846073546e-11,0.03127188897449332,-0.019314091488567275,-0.020494780711780684,-4.05503912384869e-06
5.986046113856615e-06,-4.048021406839991e-11,0.031072581563863885,-0.01919720810474715,-0.02035818697630983,-3.9762606369830625e-06
5.9869774984254646e-06,-4.048330377692908e-11,0.030873641267008367,-0.01908043185160723,-0.02022194612541754,-3.899003025311015e-06
5.987907151954733e-06,-4.048585928041314e-11,0.030675070689738716,-0.018963765411789443,-0.020086058934304728,-3.823237854730712e-06
5.988835062333298e-06,-4.048782636704941e-11,0.03047687244279745,-0.01884721146871479,-0.01995052618184321,-3.74893716770538e-06
5.989761217161008e-06,-4.0490733565389436e-11,0.030279049138118144,-0.018730772704242723,-0.019815348648209875,-3.6760734805943306e-06
5.990685604331704e-06,-4.049310879315727e-11,0.03008160339181668,-0.01861445180045793,-0.019680527116768747,-3.604619774906393e-06
5.991608211534987e-06,-4.0495883825558405e-11,0.02988453782595757,-0.01849825144075732,-0.019546062375442715,-3.53454949479638e-06
5.9925290264193735e-06,-4.049843422482193e-11,0.029687855062482497,-0.018382174306015513,-0.0194119552126648,-3.4658365401300533e-06
5.99344803680408e-06,-4.050152068243865e-11,0.029491557729361767,-0.018266223078439656,-0.019278206421578254,-3.398455261979182e-06
5.99436523031565e-06,-4.050349554144924e-11,0.02929564845722714,-0.018150400439309596,-0.019144816797719538,-3.3323804564110773e-06
5.995280594616454e-06,-4.050673712467992e-11,0.02910012988031358,-0.018034709069677902,-0.01901178713989127,-3.2675873595019075e-06
5.996194117398982e-06,-4.0509164673672906e-11,0.028905004636651622,-0.017919151650285115,-0.018879118250122524,-3.2040516409306057e-06
5.997105786152691e-06,-4.051159714223325e-11,0.02871027536804634,-0.01780373086169806,-0.01874681093390186,-3.141749398600286e-06
5.998015588686766e-06,-4.0514352755557036e-11,0.02851594471784071,-0.0176884493827423,-0.01861486599868462,-3.080657153451686e-06
5.998923512435453e-06,-4.051735755580951e-11,0.028322015337332314,-0.0175733098944283,-0.018483284258038236,-3.020751842693512e-06
5.999829545169809e-06,-4.0519753873003665e-11,0.02812848987577122,-0.017458315073833098,-0.018352066525365474,-2.962010814013093e-06
6.00073367430246e-06,-4.052241541823646e-11,0.027935370990349692,-0.01734346760020015,-0.018221213620331925,-2.9044118216152687e-06
6.001635887441522e-06,-4.052460185930101e-11,0.027742661339382826,-0.017228770150611788,-0.01809072636449949,-2.8479330175261922e-06
6.002536172120894e-06,-4.0527170500266087e-11,0.027550363586274024,-0.017114225402464413,-0.01796060558392424,-2.7925529488492125e-06
6.003434515840115e-06,-4.0529354296893775e-11,0.0273584803968484,-0.01699983603184147,-0.017830852107616466,-2.7382505487963307e-06
6.004330906100039e-06,-4.053180880694547e-11,0.02716701444063496,-0.01688560471412531,-0.017701466768226308,-2.6850051335505613e-06
6.005225330459731e-06,-4.053475507044503e-11,0.026975968391310955,-0.0167715341243113,-0.017572450402504942,-2.6327963952059804e-06
6.006117776253367e-06,-4.0537238955599335e-11,0.02678534492560858,-0.01665762693640715,-0.01744380385066928,-2.581604396753934e-06
6.007008231011821e-06,-4.053938226574621e-11,0.026595146724056683,-0.016543885823618983,-0.017315527956816224,-2.5314095647881163e-06
6.007896682182674e-06,-4.0542260841148884e-11,0.02640537647040563,-0.016430313458113747,-0.017187623568656062,-2.4821926863288932e-06
6.008783117186406e-06,-4.054428527869194e-11,0.026216036851769757,-0.016316912511082637,-0.01706009153773967,-2.43393490041271e-06
6.009667523358225e-06,-4.054685701471541e-11,0.026027130559659953,-0.016203685653249388,-0.01693293272000916,-2.386617695314197e-06
6.010549888165425e-06,-4.054922876117783e-11,0.025838660288646932,-0.016090635554057063,-0.016806147975117865,-2.340222900114989e-06
6.0114301988916405e-06,-4.0551211011397915e-11,0.02565062873694597,-0.015977764882042795,-0.016679738166797558,-2.2947326812867356e-06
6.01230844299221e-06,-4.0553965237281734e-11,0.025463038605740555,-0.01586507630432222,-0.016553704162497723,-2.250129536532825e-06
6.0131846077265874e-06,-4.055626663596382e-11,0.025275892600376475,-0.01575257248726565,-0.01642804683415897,-2.2063962894337793e-06
6.014058680406721e-06,-4.055875340441828e-11,0.02508919342946349,-0.01564025609594226,-0.016302767057671284,-2.163516083316088e-06
6.014930648433348e-06,-4.056144161255419e-11,0.02490294380573522,-0.015528129794701888,-0.016177865713645684,-2.121472377073349e-06
6.0158004989607784e-06,-4.056374612831752e-11,0.02471714644478433,-0.015416196246178083,-0.01605334368632797,-2.0802489393293313e-06
6.016668219304458e-06,-4.056630666825949e-11,0.024531804065668905,-0.015304458111835749,-0.015929201864416265,-2.0398298431320443e-06
6.017533796779497e-06,-4.0568624972025136e-11,0.024346919391613996,-0.015192918052151776,-0.01580544114119825,-2.000199461046811e-06
6.018397218556084e-06,-4.057142370779627e-11,0.024162495149227182,-0.015081578726255112,-0.015682062414324363,-1.9613424600099336e-06
6.019258471813505e-06,-4.057373093406503e-11,0.023978534067879004,-0.014970442791536887,-0.015559066585446105,-1.923243795589117e-06
6.020117543900456e-06,-4.0576284807857703e-11,0.023795038881686444,-0.014859512904613969,-0.015436454561348671,-1.8858887087425279e-06
6.020974421902388e-06,-4.057869950397275e-11,0.023612012327369963,-0.014748791720254088,-0.015314227252864361,-1.8492627190638248e-06
6.021829093005323e-06,-4.058122327929667e-11,0.02342945714629329,-0.014638281892445789,-0.01519238557604843,-1.8133516201516542e-06
6.022681544294667e-06,-4.058324421689959e-11,0.023247376081256172,-0.014527986072403,-0.015070930450278637,-1.7781414766908113e-06
6.023531763020161e-06,-4.058571743960316e-11,0.023065771881195202,-0.014417906911415044,-0.01494986280119459,-1.7436186169448268e-06
6.024379736209386e-06,-4.058822915995418e-11,0.022884647296857984,-0.014308047058262467,-0.014829183558117263,-1.7097696304926664e-06
6.025225451108006e-06,-4.0590387103442253e-11,0.022704005082817513,-0.014198409160265818,-0.014708893655225578,-1.6765813618648276e-06
6.026068894563306e-06,-4.059269423653739e-11,0.022523847997755038,-0.014088995863588718,-0.014588994031960277,-1.6440409068857557e-06
6.0269100539282446e-06,-4.0594919529309166e-11,0.02234417880399524,-0.013979809812747344,-0.014469485632567947,-1.6121356087791723e-06
6.027748916024231e-06,-4.059783884022034e-11,0.02216500026588081,-0.013870853649689239,-0.014350369405243098,-1.580853051725219e-06
6.028585467969644e-06,-4.0599980268260006e-11,0.02198631515310803,-0.013762130015913792,-0.014231646304338045,-1.5501810589752978e-06
6.02941969678518e-06,-4.060237705301635e-11,0.02180812623748914,-0.01365364155015184,-0.014113317288101458,-1.5201076866444284e-06
6.030251589532688e-06,-4.0605071134478714e-11,0.021630436296708525,-0.013545390891019369,-0.013995383321474028,-1.4906212207664508e-06
6.031081133115344e-06,-4.060762926037678e-11,0.021453248108054712,-0.013437380672808705,-0.013877845371796186,-1.4617101722197226e-06
6.031908314559148e-06,-4.060996280734735e-11,0.02127656445657817,-0.013329613530621837,-0.013760704414222858,-1.433363273208098e-06
6.032733120796631e-06,-4.061234908550701e-11,0.021100388128307248,-0.013222092096282426,-0.01364396142747381,-1.4055694727453953e-06
6.033555538748893e-06,-4.061455475591353e-11,0.020924721912322048,-0.01311481899930206,-0.013527617395049594,-1.3783179331546927e-06
6.034375555306093e-06,-4.061722614028104e-11,0.020749568605099782,-0.01300779686984963,-0.013411673308202714,-1.3515980266518496e-06
6.035193157513968e-06,-4.061970563949875e-11,0.020574931001016913,-0.012901028332551787,-0.013296130159755455,-1.325399329862455e-06
6.036008332099771e-06,-4.062230054356739e-11,0.020400811902699732,-0.012794516013116666,-0.013180988950900897,-1.2997116213667146e-06
6.036821066020865e-06,-4.062408621607514e-11,0.02022721411419291,-0.012688262533946991,-0.013066250686780034,-1.2745248774489456e-06
6.037631346072402e-06,-4.0626402774952917e-11,0.020054140443185504,-0.012582270515551594,-0.012951916378008204,-1.2498292687964348e-06
6.038439159172053e-06,-4.0628780769130356e-11,0.01988159370095977,-0.012476542576404424,-0.01283798704057929,-1.2256151567506341e-06
6.039244492111723e-06,-4.063068746401155e-11,0.01970957670318664,-0.012371081333510328,-0.012724463696533655,-1.2018730897704468e-06
6.040047331639681e-06,-4.063324345877472e-11,0.019538092267821633,-0.012265889401045038,-0.012611347372598213,-1.1785937996601e-06
6.040847664655312e-06,-4.063533728356275e-11,0.019367143218140637,-0.012160969392164642,-0.01249863910211924,-1.1557681982836127e-06
6.041645477823294e-06,-4.0637511795015274e-11,0.019196732377840423,-0.012056323916032995,-0.01238633992207894,-1.1333873744008822e-06
6.042440757901343e-06,-4.063992656736328e-11,0.019026862577272395,-0.011951955581531799,-0.012274450876962575,-1.111442590351861e-06
6.043233491724004e-06,-4.0641901973557156e-11,0.018857536650019508,-0.011847866995254995,-0.012162973016766027,-1.0899252785993628e-06
6.044023665895608e-06,-4.0644420300765165e-11,0.018688757430279077,-0.011744060759823672,-0.012051907395277726,-1.0688270386790022e-06
6.044811267241529e-06,-4.06465210695293e-11,0.018520527760044144,-0.011640539478173534,-0.011941255074661494,-1.048139633708435e-06
6.045596282365902e-06,-4.064834606638866e-11,0.018352850481406748,-0.01153730574903105,-0.011831017120674388,-1.0278549881567978e-06
6.046378697928812e-06,-4.0651037904907783e-11,0.01818572844098916,-0.011434362169378308,-0.011721194605493816,-1.0079651833065657e-06
6.047158500655509e-06,-4.0653301507285696e-11,0.018019164490523012,-0.011331711334934087,-0.011611788608065414,-9.88462456128869e-07
6.04793567711122e-06,-4.065531249055742e-11,0.017853161483063977,-0.011229355837772768,-0.011502800211798527,-9.69339194457805e-07
6.048710214040663e-06,-4.0657516272080466e-11,0.017687722276546154,-0.011127298268446427,-0.011394230506849961,-9.50587936058727e-07
6.049482097915445e-06,-4.065990648724927e-11,0.017522849731221056,-0.011025541214412118,-0.011286080588448094,-9.322013641685478e-07
6.050251315364884e-06,-4.0662588540843784e-11,0.017358546713252987,-0.01092408726225858,-0.011178351559353776,-9.141723053482738e-07
6.051017852946358e-06,-4.0664796249211574e-11,0.017194816090037864,-0.010822938994819887,-0.011071044526835484,-8.964937267988143e-07
6.051781697274393e-06,-4.06663025414542e-11,0.01703166073223422,-0.010722098992237776,-0.010964160603918426,-8.791587337108951e-07
6.052542834861578e-06,-4.066847485570326e-11,0.016869083517048435,-0.010621569834195627,-0.010857700911659716,-8.621605668353692e-07
6.053301252302462e-06,-4.0670666860080206e-11,0.016707087322051322,-0.010521354095982167,-0.010751666575183812,-8.454925986736464e-07
6.054056935889987e-06,-4.0672842189766554e-11,0.016545675029388494,-0.010421454350992638,-0.010646058726318098,-8.291483325554182e-07
6.054809872290041e-06,-4.067505938490335e-11,0.016384849525652192,-0.010321873170814342,-0.010540878503669193,-8.131214002560213e-07
6.055560047947487e-06,-4.067682836069765e-11,0.01622461370081406,-0.010222613124318278,-0.010436127051843783,-7.974055565455286e-07
6.056307449302487e-06,-4.067957624738689e-11,0.01606497044583533,-0.010123676776421668,-0.010331805520090227,-7.819946811350971e-07
6.057052062764412e-06,-4.068182514866097e-11,0.01590592265882196,-0.010025066691666548,-0.010227915066140163,-7.66882772791059e-07
6.057793874856395e-06,-4.0684017588412855e-11,0.01574747324041969,-0.009926785431440656,-0.010124456853366142,-7.520639488432734e-07
6.058532871870701e-06,-4.06860354750031e-11,0.015589625092375974,-0.009828835553102547,-0.010021432049870533,-7.375324429481431e-07
6.05926904023098e-06,-4.068832099859369e-11,0.015432381122767824,-0.009731219613099681,-0.00991884183183211,-7.232826013357913e-07
6.060002366374693e-06,-4.069002747182681e-11,0.01527574424257879,-0.009633940164980679,-0.009816687381425807,-7.093088827352971e-07
6.060732836593451e-06,-4.0691806391787906e-11,0.015119717365943555,-0.009536999759330315,-0.009714969886849976,-6.956058542233971e-07
6.061460437259775e-06,-4.0694402086985317e-11,0.014964303409754135,-0.009440400943734979,-0.009613690542311157,-6.821681906652342e-07
6.062185154672472e-06,-4.069624410412472e-11,0.014809505296623223,-0.009344146264436564,-0.00951285054975136,-6.68990671043593e-07
6.062906975095929e-06,-4.06984187866779e-11,0.0146553259503208,-0.009248238263549499,-0.009412451116098081,-6.560681785830745e-07
6.06362588491111e-06,-4.070016106229963e-11,0.014501768300277572,-0.009152679481874723,-0.009312493456067219,-6.433956971898216e-07
6.064341870383103e-06,-4.070198497665089e-11,0.014348835277232743,-0.009057472456087448,-0.009212978789500234,-6.30968309063201e-07
6.065054917673276e-06,-4.070406563346472e-11,0.014196529817727467,-0.008962619721641953,-0.009113908344168076,-6.187811943699166e-07
6.06576501316093e-06,-4.0706143979572676e-11,0.014044854860909404,-0.008868123810652663,-0.009015283353823803,-6.068296282395132e-07
6.066472142977783e-06,-4.070825881416593e-11,0.013893813347881675,-0.008773987251540674,-0.008917105057779274,-5.951089794270219e-07
6.067176293317305e-06,-4.071008801400278e-11,0.013743408226037859,-0.0086802125717196,-0.00881937470370579,-5.836147077763305e-07
6.067877450382834e-06,-4.0711877040761004e-11,0.013593642445303939,-0.00858680229523414,-0.008722093545239087,-5.723423636527111e-07
6.068575600465658e-06,-4.0714217530013605e-11,0.013444518957827408,-0.008493758942536758,-0.00862526284186816,-5.612875846699287e-07
6.069270729577028e-06,-4.071593260063114e-11,0.01329604072064239,-0.008401085032143537,-0.008528883860569493,-5.504460958513192e-07
6.069962823956205e-06,-4.071769723792268e-11,0.013148210694914272,-0.008308783080172142,-0.008432957875381406,-5.39813705482504e-07
6.070651869602588e-06,-4.071962487823459e-11,0.013001031843083221,-0.008216855598538448,-0.00833748616563559,-5.293863063128406e-07
6.071337852750129e-06,-4.072184193445799e-11,0.012854507134317905,-0.008125305098384784,-0.008242470019468496,-5.191598714683885e-07
6.07202075939899e-06,-4.072418197817126e-11,0.01270863953765125,-0.00803413408565452,-0.008147910729322394,-5.091304542590488e-07
6.072700575702672e-06,-4.072631875938818e-11,0.012563432028588888,-0.007943345065398639,-0.00805380959639661,-4.992941859278045e-07
6.073377287686888e-06,-4.072832090980033e-11,0.012418887584865347,-0.007852940538995204,-0.007960167927801864,-4.89647274971195e-07
6.074050881374643e-06,-4.0730736437701726e-11,0.012275009188244921,-0.0077629230052327644,-0.00786698703774415,-4.801860048698045e-07
6.0747213428470695e-06,-4.0732543911143476e-11,0.01213179982377689,-0.007673294959996175,-0.007774268247185609,-4.709067323577061e-07
6.0753886580849325e-06,-4.073418975375823e-11,0.011989262479863398,-0.007584058896128137,-0.0076820128837288915,-4.6180588721108827e-07
6.076052813070944e-06,-4.073646569910025e-11,0.01184740014899053,-0.007495217303964493,-0.007590222282260278,-4.528799699157538e-07
6.07671379373876e-06,-4.0738054029871955e-11,0.01170621582657645,-0.007406772670576798,-0.007498897784118212,-4.44125549544118e-07
6.077371586090004e-06,-4.0739786351162493e-11,0.011565712512237274,-0.007318727480655401,-0.007408040738049704,-4.3553926477593493e-07
6.078026176080025e-06,-4.074174712062704e-11,0.011425893208332118,-0.007231084215346091,-0.007317652499063023,-4.271178201057069e-07
6.078677549652724e-06,-4.074387063053174e-11,0.01128676092167642,-0.007143845353714298,-0.0072277344298754985,-4.188579855759715e-07
6.079325692611825e-06,-4.07455114807343e-11,0.011148318662274104,-0.007057013371473188,-0.007138287899766687,-4.1075659571181953e-07
6.079970590932497e-06,-4.074723373757936e-11,0.011010569442732737,-0.00697059074098597,-0.007049314284503307,-4.028105476448335e-07
6.080612230544077e-06,-4.0749067235261384e-11,0.01087351628038443,-0.006884579932445837,-0.006960814967517087,-3.9501680072018445e-07
6.081250597185748e-06,-4.075104113034848e-11,0.01073716219680013,-0.0067989834135291916,-0.006872791339737783,-3.873723739997472e-07
6.081885676856096e-06,-4.075214008952897e-11,0.010601510214602022,-0.006713803647497958,-0.006785244797465339,-3.798743466390464e-07
6.082517455161107e-06,-4.075428339967585e-11,0.010466563362375192,-0.0066290430961340845,-0.006698176745596447,-3.725198554697354e-07
6.083145918102509e-06,-4.075624592419266e-11,0.010332324670061448,-0.006544704217017741,-0.006611588594691872,-3.6530609413879397e-07
6.083771051350557e-06,-4.075750004286843e-11,0.010198797174499164,-0.006460789466868435,-0.006525481764468825,-3.582303126306449e-07
6.084392840761227e-06,-4.0759566896433354e-11,0.010065983911278472,-0.0063773012964446875,-0.006439857678636377,-3.5128981569928386e-07
6.0850112721055e-06,-4.0761213875766325e-11,0.009933887924447904,-0.006294242156725537,-0.006354717771154323,-3.4448196110242803e-07
6.085626331012963e-06,-4.0763061745903396e-11,0.009802512257920162,-0.006211614493422104,-0.0062700634807091255,-3.3780415986693686e-07
6.086238003372411e-06,-4.076449614198946e-11,0.009671859961105448,-0.006129420750529154,-0.006185896254295702,-3.312538744129329e-07
6.0868462747224495e-06,-4.076648122299366e-11,0.0095419340869824,-0.006047663369168907,-0.006102217546065022,-3.248286178848574e-07
6.0874511308909306e-06,-4.076800206726232e-11,0.009412737690478224,-0.005966344786508157,-0.006019028816263448,-3.1852595225427454e-07
6.088052557480721e-06,-4.077021403112364e-11,0.009284273831516122,-0.0058854674376458945,-0.0059363315331145364,-3.123434895022224e-07
6.0886505401673055e-06,-4.077197771635015e-11,0.009156545573195653,-0.005805033754622789,-0.0058541271718462766,-3.0627888777333505e-07
6.0892450646524e-06,-4.0773345801614906e-11,0.009029555981673706,-0.005725046166117745,-0.0057724172144300945,-3.003298526619698e-07
6.0898361165238906e-06,-4.0774879612263926e-11,0.008903308128099792,-0.005645507098911608,-0.005691203150926395,-2.9449413577194126e-07
6.090423681320227e-06,-4.077653907178034e-11,0.008777805085500075,-0.005566418975753042,-0.0056104864775281486,-2.887695330939243e-07
6.091007744758547e-06,-4.077795538032485e-11,0.008653049930822625,-0.005487784216668343,-0.005530268697727202,-2.8315388418163637e-07
6.09158829230093e-06,-4.0779807731266215e-11,0.008529045744874824,-0.005409605239043728,-0.005450551322496675,-2.776450730976322e-07
6.0921653095688505e-06,-4.078131081833617e-11,0.008405795612582296,-0.00533188445758369,-0.005371335870207821,-2.722410250759996e-07
6.0927387821396465e-06,-4.078356200659921e-11,0.008283302621271624,-0.005254624283517667,-0.005292623865830924,-2.6693970691772925e-07
6.093308695452355e-06,-4.0784572232302214e-11,0.008161569862707614,-0.005177827125575906,-0.005214416841920543,-2.617391259248106e-07
6.0938750350954974e-06,-4.07863260885584e-11,0.008040600431706025,-0.005101495389319615,-0.005136716337993823,-2.566373299732546e-07
6.0944377865651625e-06,-4.078839156654182e-11,0.007920397426142194,-0.005025631477143281,-0.005059523900444984,-2.516324051651494e-07
6.09499693528874e-06,-4.078986930191567e-11,0.007800963948493053,-0.004950237789122189,-0.004982841083437575,-2.467224760017882e-07
6.095552466762506e-06,-4.079146803425196e-11,0.007682303104814859,-0.0048753167225710535,-0.00490666944846115,-2.4190570455743144e-07
6.096104366374099e-06,-4.079281928727799e-11,0.0075644180033333,-0.004800870670895654,-0.004831010563174245,-2.3718028990936335e-07
6.0966526196204505e-06,-4.079420453343026e-11,0.007447311757348385,-0.004726902025734498,-0.004755866003542407,-2.3254446671096816e-07
6.097197211934181e-06,-4.079585164998257e-11,0.007330987483404802,-0.004653413175560173,-0.004681237352412099,-2.2799650518213252e-07
6.097738128617839e-06,-4.079732342902073e-11,0.0072154482990898095,-0.0045804065044188266,-0.004607126198264482,-2.2353471015891098e-07
6.098275355120893e-06,-4.0798930079421016e-11,0.0071006973307747,-0.0045078843968409344,-0.0045335341401127145,-2.1915742045271293e-07
6.098808876733213e-06,-4.080044655469374e-11,0.006986737703163066,-0.00443584923116228,-0.004460462780818468,-2.1486300770762827e-07
6.099338678896508e-06,-4.0802291665197467e-11,0.006873572547020981,-0.004364303384466479,-0.0043879137319901155,-2.1064987681350508e-07
6.099864746868043e-06,-4.08038289622341e-11,0.006761204996487233,-0.004293249230937849,-0.004315888612375812,-2.0651646356292492e-07
6.100387066008313e-06,-4.0805171960077023e-11,0.006649638189109063,-0.004222689141806015,-0.004244389047770648,-2.0246123665458554e-07
6.100905621523873e-06,-4.0807085273673665e-11,0.006538875265972497,-0.004152625485465509,-0.004173416671101926,-1.984826941944021e-07
6.101420398793239e-06,-4.0808729381564945e-11,0.006428919371405731,-0.004083060627373519,-0.004102973122335537,-1.9457936452522322e-07
6.101931383108814e-06,-4.08102158041087e-11,0.006319773652632932,-0.004013996929684947,-0.004033060048114442,-1.907498059515804e-07
6.102438559567219e-06,-4.081165439300785e-11,0.006211441263038318,-0.0039454367535357426,-0.003963679103977794,-1.869926051934721e-07
6.102941913497939e-06,-4.081297462091109e-11,0.006103925356439248,-0.0038773824552111895,-0.003894831950527542,-1.8330637809141948e-07
6.103441430107905e-06,-4.081455174713097e-11,0.005997229091937135,-0.0038098363894098495,-0.0038265202567147097,-1.79689767235051e-07
6.103937094546344e-06,-4.0816061889985375e-11,0.005891355631933122,-0.0037428009079208758,-0.00375874569840752,-1.7614144278749106e-07
6.104428892101789e-06,-4.0817861396235224e-11,0.005786308142157203,-0.0036762783596310483,-0.0036915099584713318,-1.7266010209952527e-07
6.104916807804975e-06,-4.0819387580199587e-11,0.0056820897919852955,-0.003610271090738949,-0.0036248147269393885,-1.6924446770864328e-07
6.105400826878609e-06,-4.0820333912513313e-11,0.005578703753682413,-0.003544781444395593,-0.003558661700557179,-1.6589328895061086e-07
6.105880934430374e-06,-4.082149570290377e-11,0.005476153204545545,-0.003479811761981823,-0.003493052584108121,-1.6260533913495472e-07
6.106357115538643e-06,-4.082269503040631e-11,0.005374441324576193,-0.003415364381626447,-0.0034279890888888023,-1.593794170329285e-07
6.106829355397833e-06,-4.082422669297978e-11,0.005273571296477709,-0.003351441638287866,-0.003363472932788587,-1.562143451608661e-07
6.107297639009673e-06,-4.082509438844875e-11,0.005173546307782004,-0.0032880458650829847,-0.003299505841521509,-1.531089698372894e-07
6.107761951423701e-06,-4.0826987352925864e-11,0.005074369548868898,-0.0032251793921080157,-0.003236089547458472,-1.500621601302256e-07
6.108222277749614e-06,-4.08281766820515e-11,0.004976044214816821,-0.003162844547472069,-0.0031732257906813164,-1.470728087407069e-07
6.1086786029802794e-06,-4.082926540907399e-11,0.004878573501446105,-0.003101043655030094,-0.0031109163165671983,-1.441398293355976e-07
6.109130912188432e-06,-4.083040541377704e-11,0.004781960611764762,-0.0030397790382900897,-0.0030491628797766593,-1.4126215839477832e-07
6.109579190221618e-06,-4.083200449339684e-11,0.004686208750392641,-0.002979053017014686,-0.002987967240770711,-1.3843875402918134e-07
6.110023422196036e-06,-4.0833548834359463e-11,0.004591321123856772,-0.002918867907342323,-0.002927331165883277,-1.356685943153576e-07
6.110463593087488e-06,-4.083476940714239e-11,0.0044973009459496754,-0.002859226025328028,-0.0028672564308630014,-1.3295067853472603e-07
6.110899687688499e-06,-4.083590746028153e-11,0.004404151431555416,-0.0028001296829124056,-0.0028077448167650077,-1.302840260999284e-07
6.111331691143815e-06,-4.083720084232254e-11,0.004311875799251366,-0.0027415811896973202,-0.0027487981117124815,-1.27667675675354e-07
6.1117595881868445e-06,-4.083829057223204e-11,0.004220477271453048,-0.00268358285293206,-0.002690418110878271,-1.2510068589609534e-07
6.112183363787995e-06,-4.0839599539679275e-11,0.004129959074785898,-0.0026261369779922166,-0.0026326066168213987,-1.225821340972541e-07
6.1126030028829965e-06,-4.0840262019393916e-11,0.00404032443838286,-0.0025692458670577485,-0.0025753654382240747,-1.201111161374798e-07
6.1130184902050935e-06,-4.084183579983365e-11,0.0039515765957831,-0.0025129118204860732,-0.0025186963912028526,-1.1768674602140849e-07
6.113429810739203e-06,-4.084332452122482e-11,0.00386371878321659,-0.00245713713583696,-0.0024626012982242903,-1.1530815616697764e-07
6.113836949164598e-06,-4.0844362848092884e-11,0.003776754241033344,-0.0024019241085364127,-0.002407081988792136,-1.1297449569109009e-07
6.114239890504126e-06,-4.084568058402519e-11,0.003690686212179687,-0.0023472750311993276,-0.002352140298715028,-1.1068493124077581e-07
6.114638619345946e-06,-4.0847209981632556e-11,0.003605517945818492,-0.002293192195849725,-0.002297778072217915,-1.0843864638890469e-07
6.115033120607944e-06,-4.0848798075235034e-11,0.003521252691281591,-0.0022396778900103617,-0.0022439971580955668,-1.0623484106332482e-07
6.1154233789401064e-06,-4.0849590447452136e-11,0.0034378937034205137,-0.002186734400344745,-0.0021907994131552064,-1.0407273117349105e-07
6.115809379217358e-06,-4.0851052394131845e-11,0.003355444239774614,-0.0021343640106579512,-0.0021381867003259685,-1.0195154888290843e-07
6.1161911061031226e-06,-4.085229624507423e-11,0.0032739075620532793,-0.0020825690030392267,-0.002086160889609713,-9.987054155402801e-08
6.1165685443170345e-06,-4.085328773440844e-11,0.003193286936013635,-0.0020313516577053934,-0.002034723857968359,-9.782897147346759e-08
6.116941678570708e-06,-4.085365960389514e-11,0.003113585629127044,-0.001980714251591422,-0.001983877487784736,-9.582611673282545e-08
6.117310493522694e-06,-4.085509082699579e-11,0.003034806913661825,-0.001930659060336402,-0.0019336236688796496,-9.386126896392896e-08
6.117674973895555e-06,-4.085610156769482e-11,0.0029569540657272686,-0.001881188357717251,-0.0018839642977731927,-9.193373460810051e-08
6.118035104219871e-06,-4.085693249854575e-11,0.002880030363782241,-0.0018323044146902904,-0.0018349012767664957,-9.004283480478309e-08
6.118390869304661e-06,-4.085800377838359e-11,0.002804039091722398,-0.001784009501417181,-0.0017864365158689764,-8.818790284740078e-08
6.118742253574138e-06,-4.0858704574480635e-11,0.0027289835345353543,-0.0017363058845391945,-0.0017385719300111351,-8.636828699886263e-08
6.119089241731393e-06,-4.085981551917733e-11,0.0026548669827301152,-0.0016891958299867706,-0.0016913094417710629,-8.458334823225003e-08
6.119431818359258e-06,-4.086072303535922e-11,0.0025816927291013162,-0.0016426816010380791,-0.0016446509793858024,-8.283245977450764e-08
6.119769968036298e-06,-4.08612231473282e-11,0.0025094640716178487,-0.0015967654601029147,-0.0015985984784983483,-8.111500878206549e-08
6.1201036752898224e-06,-4.0862500164692665e-11,0.0024381843098553206,-0.0015514496664937195,-0.0015531538798125456,-7.943039399946167e-08
6.120432924586575e-06,-4.0863967417186756e-11,0.002367856747471858,-0.0015067364780977906,-0.001508319130749388,-7.777802659716081e-08
6.120757700513695e-06,-4.0864678411560483e-11,0.0022984846935019177,-0.0014626281522016975,-0.0014640961861226195,-7.61573297331497e-08
6.121077987575868e-06,-4.0865954812284964e-11,0.002230071456952392,-0.0014191269420714653,-0.0014204870047277705,-7.456773776117478e-08
6.1213937702828984e-06,-4.0866673636631256e-11,0.0021626203542585267,-0.0013762351017221391,-0.00137749355401485,-7.300869741536979e-08
6.121705033030812e-06,-4.086729545876443e-11,0.002096134701891864,-0.0013339548813708503,-0.0013351178054338817,-7.147966601559727e-08
6.122011760279513e-06,-4.086825563329058e-11,0.002030617823172997,-0.001292288531628386,-0.001293361738570626,-6.998011226313209e-08
6.122313936479216e-06,-4.086959366582637e-11,0.0019660730426727326,-0.0012512383001260137,-0.0012522273377342358,-6.850951550289676e-08
6.1226115460824635e-06,-4.087022723291839e-11,0.0019025036882935739,-0.001210806432758028,-0.0012117165930747996,-6.706736528504972e-08
6.122904573393386e-06,-4.08712190102438e-11,0.0018399130943830145,-0.0011709951758457845,-0.0011718315026736413,-6.565316237580543e-08
6.123193002855614e-06,-4.087201808926778e-11,0.0017783045948382198,-0.0011318067716212233,-0.0011325740679744112,-6.426641673613167e-08
6.123476818874144e-06,-4.0872773871355626e-11,0.0017176815296027176,-0.0010932434625847336,-0.0010939462980063292,-6.290664909761075e-08
6.123756005782373e-06,-4.08737163022356e-11,0.0016580472425980753,-0.0010553074900227354,-0.0010559502079203879,-6.157338978929886e-08
6.12403054788982e-06,-4.087469112365547e-11,0.0015994050793238536,-0.0010180010927928254,-0.0010185878175264394,-6.026617828787304e-08
6.124300429482987e-06,-4.087549606753558e-11,0.0015417583893573194,-0.0009813265086369397,-0.0009818611526722083,-5.898456383451782e-08
6.1245656348638925e-06,-4.0875881708083935e-11,0.001485110528328725,-0.000945285975786937,-0.0009457722467088388,-5.772810460978133e-08
6.124826148403516e-06,-4.0876907509028774e-11,0.0014294648508235317,-0.0009098817282607391,-0.0009103231356496619,-5.6496368434094185e-08
6.125081954321866e-06,-4.0877865183113664e-11,0.0013748247192197434,-0.0008751160017225584,-0.0008755158639880945,-5.528893112789022e-08
6.1253330367954465e-06,-4.0878490030848524e-11,0.0013211934975627757,-0.0008409910293945524,-0.0008413524805660644,-5.4105377604158067e-08
6.125579380199073e-06,-4.08797671718798e-11,0.0012685745525574663,-0.0008075090430504567,-0.0008078350393259168,-5.294530137374763e-08
6.125820968565945e-06,-4.087979568639694e-11,0.0012169712568575726,-0.000774672274840121,-0.0007749656012166264,-5.1808303497352994e-08
6.1260577863554596e-06,-4.088067353270875e-11,0.001166386984379022,-0.0007424829545532104,-0.0007427462312166686,-5.0693994574179305e-08
6.126289817453006e-06,-4.088110958188186e-11,0.0011168251139645256,-0.0007109433119901938,-0.0007111790006808225,-4.960199164090879e-08
6.12651704629738e-06,-4.088176000831766e-11,0.0010682890269496888,-0.0006800555753120843,-0.0006802659856049954,-4.85319206648531e-08
6.12673945677921e-06,-4.088173450076749e-11,0.0010207821097828838,-0.0006498219729675534,-0.0006500092683497982,-4.748341483000181e-08
6.1269570332926264e-06,-4.088266985045202e-11,0.0009743077512165728,-0.0006202447318417255,-0.0006204109358150322,-4.6456115141226064e-08
6.127169759856722e-06,-4.0882683938304e-11,0.0009288693419292779,-0.000591326076999476,-0.0005914730790312471,-4.544966958769527e-08
6.127377620449355e-06,-4.08836495694164e-11,0.0008844702813194153,-0.0005630682362495669,-0.0005631977975483166,-4.446373366652748e-08
6.127580599344928e-06,-4.0884125817079123e-11,0.0008411139666791678,-0.0005354734331355476,-0.0005355871924533863,-4.349796973718085e-08
6.1277786804919565e-06,-4.0885198338667266e-11,0.000798803801402025,-0.0005085438922917025,-0.000508643371469143,-4.255204738119832e-08
6.127971847926523e-06,-4.0885184301637264e-11,0.0007575431935120924,-0.00048228183859549636,-0.00048236844809766683,-4.162564228665014e-08
6.128160085762352e-06,-4.088568321928979e-11,0.0007173355519036422,-0.00045668949471285643,-0.00045676453907898405,-4.071843768149704e-08
6.128343378029132e-06,-4.088604185134559e-11,0.0006781842910597425,-0.0004317690843235948,-0.0004318337673538616,-3.983012312600793e-08
6.128521708647309e-06,-4.0886942049162813e-11,0.0006400928281731434,-0.0004075228301276622,-0.0004075782601404653,-3.896039461534453e-08
6.128695061635612e-06,-4.088736855227461e-11,0.0006030645841910448,-0.0003839529548576699,-0.00038400014967578393,-3.810895363994046e-08
6.128863420971749e-06,-4.0887905405144714e-11,0.0005671029834290549,-0.00036106168081303846,-0.00036110157271325877,-3.7275508738339705e-08
6.129026770639157e-06,-4.0888245827686216e-11,0.0005322114539991237,-0.0003388512303360611,-0.0003388846709045826,-3.645977388911531e-08
6.129185094490497e-06,-4.088893343039807e-11,0.0004983934276367898,-0.0003173238257130949,-0.00031735159047518194,-3.566146995393933e-08
6.129338376512478e-06,-4.088875586518727e-11,0.00046565233865165917,-0.00029648168869672516,-0.00029650448171701817,-3.488032217704731e-08
6.129486600587782e-06,-4.0889215736314996e-11,0.0004339916267304886,-0.0002763270421031562,-0.000276345500436305,-3.411606258028644e-08
6.129629750595645e-06,-4.08898578872389e-11,0.00040341473336903634,-0.0002568621078937523,-0.00025687680584792757,-3.336842823260944e-08
6.129767810434031e-06,-4.088998263655731e-11,0.0003739251046290522,-0.00023808910869227562,-0.0002381005621097078,-3.2637161701572116e-08
6.129900763902181e-06,-4.089069269580666e-11,0.0003455261888690673,-0.0002200102666904367,-0.000220018936925071,-3.1922010992925766e-08
6.130028594892807e-06,-4.0890491271371805e-11,0.00031822144003433757,-0.00020262780563120325,-0.00020263410352138427,-3.122272955936191e-08
6.130151287256794e-06,-4.089100661638131e-11,0.0002920143145017999,-0.00018594394892298963,-0.00018594823853944987,-3.0539075848309784e-08
6.130268824637454e-06,-4.0890613593093784e-11,0.00026690827053654233,-0.00016996091931814982,-0.00016996352169966662,-2.9870812744503126e-08
6.1303811909653325e-06,-4.0891070184509936e-11,0.00024290677317632107,-0.00015468094213018734,-0.00015468213875477265,-2.9217709251222396e-08
6.130488369966238e-06,-4.089152408405538e-11,0.00022001328913441804,-0.0001401062421515766,-0.0001401062783107347,-2.8579537921620574e-08
6.1305903453930845e-06,-4.089194962154962e-11,0.00019823128782432787,-0.00012623904410386314,-0.00012623813220222408,-2.7956076915196547e-08
6.130708449326256e-06,-4.093641408926124e-11,0.00017942115003233457,-0.00011329640603118916,-0.00011374791956315715,-2.7347544479178e-08
6.130800055786386e-06,-4.059954629092948e-11,0.00015983540382073333,-0.00010084660090478898,-0.00010128842675346171,-2.675285775311699e-08
6.130886408078125e-06,-4.026856641343166e-11,0.00014137231718342274,-8.911106512927304e-05,-8.954351764346792e-05,-2.617224231993171e-08
6.130962973212108e-06,-3.994433008201726e-11,0.00012596490018364906,-7.831527059541954e-05,-7.92095143992668e-05,-2.560601653962418e-08
6.13103488568549e-06,-3.962690861177823e-11,0.00011141621582428324,-6.82068689801146e-05,-6.94970458851193e-05,-2.5053395426080875e-08
6.131102082130425e-06,-3.9315351155715236e-11,9.774984634746905e-05,-5.8790413546658e-05,-6.041555870371427e-05,-2.4514187351984588e-08
6.131164499811452e-06,-3.9010802992158465e-11,8.498908508915574e-05,-5.00704238258144e-05,-5.197439612443439e-05,-2.398820432019803e-08
6.131222076708503e-06,-3.871135830544692e-11,7.315694871154959e-05,-4.205139067138255e-05,-4.418280426053702e-05,-2.3475262815960722e-08
6.131274751317003e-06,-3.8418605385694723e-11,6.227617340028389e-05,-3.473777158836354e-05,-3.704992856983389e-05,-2.2975183947723044e-08
6.131322462902558e-06,-3.813156519495199e-11,5.236922668120786e-05,-2.813399574891527e-05,-3.058481987476081e-05,-2.2487791301730783e-08
6.131365151279162e-06,-3.785049231744134e-11,4.345830880634562e-05,-2.2244462359212788e-05,-2.479643390455656e-05,-2.2012913983741208e-08
6.131402756816336e-06,-3.757453435510884e-11,3.556535594153642e-05,-1.7073540586328062e-05,-1.969363220770929e-05,-2.155038322868708e-08
6.1314352206847005e-06,-3.730457436182486e-11,2.8712049851361326e-05,-1.2625573204445464e-05,-1.528518685453653e-05,-2.1100035411774815e-08
6.1314624843237025e-06,-3.703959812405527e-11,2.2919815959168435e-05,-8.904873290095699e-06,-1.1579778111442745e-05,-2.0661709531278103e-08
6.131484490018346e-06,-3.678042395355416e-11,1.820983286476412e-05,-5.915727888234676e-06,-8.585999079353558e-06,-2.023524894307949e-08
6.131501180426611e-06,-3.652613632629015e-11,1.4603033948585202e-05,-3.662396991870934e-06,-6.312355706070889e-06,-1.982049979805913e-08
6.131519941321212e-06,-3.6319558702224176e-11,1.0714015757576087e-05,-2.1454332940044534e-06,-4.755833330757768e-06,-1.941723449480533e-08
6.1315202418311914e-06,-3.606197315726223e-11,1.0585629097964016e-05,-1.3769762709714983e-06,-3.949405971357101e-06,-1.9025463812284782e-08
6.131520639720502e-06,-3.580982235356679e-11,1.0415673867701766e-05,-1.231222644853648e-06,-3.7614309235174488e-06,-1.864437644504504e-08
6.1315210479467815e-06,-3.55627547843232e-11,1.0241273367863662e-05,-1.2105312524755005e-06,-3.6984004337566607e-06,1.942184999038364e-06
6.131521470659001e-06,-3.5320666262784886e-11,1.006069397477249e-05,-1.1891808750931713e-06,-3.6331533570660024e-06,1.3646283953703605e-05
6.131522013428366e-06,-3.508340427728156e-11,9.828828476227154e-06,-1.1619601532313883e-06,-3.5494644594199924e-06,3.689224481998298e-05
6.131522799588869e-06,-3.48510312710821e-11,9.492981971701408e-06,-1.1227707670743034e-06,-3.4283791925948035e-06,7.150429748085481e-05
6.131523948490497e-06,-3.462318071778363e-11,9.002161789939535e-06,-1.0657119464351347e-06,-3.251555249935178e-06,0.0001173075615840219
6.131525575653992e-06,-3.440019988395387e-11,8.307046278522403e-06,-9.85077117582419e-07,-3.001251288279475e-06,0.00017412804645419624
6.131527792591995e-06,-3.418104733411383e-11,7.359954775835537e-06,-8.753506580523315e-07,-2.660316052894442e-06,0.00024179265102153733
6.131530707243046e-06,-3.396701353820526e-11,6.114818676016948e-06,-7.312047609512906e-07,-2.2121778868457296e-06,0.00032012916372322345
6.131534423640124e-06,-3.375648206937359e-11,4.527153560186988e-06,-5.474964053964685e-07,-1.6408346037820946e-06,0.00040896626244429733
6.131539042410027e-06,-3.3550816787883235e-11,2.554032328619011e-06,-3.1926441911613616e-07,-9.308437114743926e-07,0.0005081335144599553
6.131539161914272e-06,-3.334930745321979e-11,2.5029527253941947e-06,-3.135329125414983e-07,-9.122245637353853e-07,0.0006174613757202841
6.131539279102552e-06,-3.315136674120797e-11,2.4528947107896155e-06,-3.080180650815217e-07,-8.939767731097574e-07,0.0007367811925881053
6.131539393936742e-06,-3.295771393867404e-11,2.4038378544343027e-06,-3.0272978609783435e-07,-8.760925959623451e-07,0.0008659252001343563
6.131539506488947e-06,-3.276761889305308e-11,2.355762133082918e-06,-2.9768028528559386e-07,-8.585643875494029e-07,0.0010047265226156225
6.1315396167794865e-06,-3.258132418102865e-11,2.3086479238751702e-06,-2.928841772573463e-07,-8.413845968385416e-07,0.0011530191734284497
6.131539724840255e-06,-3.239912860702543e-11,2.2624759961539047e-06,-2.8835857480182996e-07,-8.24545761361358e-07,0.001310638055081701
6.13153983076105e-06,-3.222001444232257e-11,2.2172275050211664e-06,-2.8412316593246784e-07,-8.080405029929156e-07,0.0014774189591767952
6.131539934603497e-06,-3.204476653240239e-11,2.172883980992837e-06,-2.8020027828248346e-07,-7.918615241263059e-07,0.0016531985663746768
6.131540036326826e-06,-3.187270866714619e-11,2.1294273263703437e-06,-2.766149383886377e-07,-7.760016033537187e-07,0.0018378144463800517
6.131540136012547e-06,-3.170431032472937e-11,2.0868398012013126e-06,-2.733949083309351e-07,-7.604535919597964e-07,0.002031105057938777
6.13154023371206e-06,-3.153885173043467e-11,2.04510402551767e-06,-2.7057072170164836e-07,-7.452104120408191e-07,0.002232909748813716
6.131540329400069e-06,-3.1377565518794196e-11,2.0042029626890407e-06,-2.681757018162508e-07,-7.302650515023795e-07,0.0024430687557905643
6.1315404232758205e-06,-3.121895923300147e-11,1.964119919259217e-06,-2.6624597458756346e-07,-7.156105642179816e-07,0.0026614232046756033
6.131540515204926e-06,-3.10639866474017e-11,1.924838534573298e-06,-2.6482046897464155e-07,-7.012400655743575e-07,0.0028878151102920916
6.131540605345342e-06,-3.0911822655342504e-11,1.8863427757595013e-06,-2.6394090898548914e-07,-6.871467330298162e-07,0.003122087376497334
6.1315406936443394e-06,-3.0762934925736914e-11,1.8486169301525783e-06,-2.6365180035751617e-07,-6.73323802060967e-07,0.003364083796181016
6.131540780170029e-06,-3.0616696657592094e-11,1.8116455996323902e-06,-2.6400040057847803e-07,-6.597645666728605e-07,0.003613649051283995
6.131540864977895e-06,-3.04736209733031e-11,1.7754136943566482e-06,-2.6503669268889525e-07,-6.464623784540768e-07,0.0038706287128221985
6.131540948141442e-06,-3.0333042614887214e-11,1.7399064253197778e-06,-2.6681333887085694e-07,-6.33410644317995e-07,0.004134869240888814
6.13154102958654e-06,-3.0195422429254125e-11,1.7051093001647617e-06,-2.693856404841497e-07,-6.206028274644424e-07,0.004406217984692622
6.1315411093823985e-06,-3.006088812186722e-11,1.671008115567554e-06,-2.7281148033169407e-07,-6.080324471182301e-07,0.004684523182576228
6.13154118760053e-06,-2.992836827736339e-11,1.637588952911719e-06,-2.771512631497928e-07,-5.956930780555926e-07,0.004969633962047127
6.131541264270242e-06,-2.9798901883296386e-11,1.6048381722448275e-06,-2.824678516675601e-07,-5.835783508741776e-07,0.005261400339798818
6.131541339467888e-06,-2.9671636157059316e-11,1.5727424045576724e-06,-2.8882649398726286e-07,-5.716819521626618e-07,0.005559673221759877
6.131541413068582e-06,-2.954736192418712e-11,1.54128855116645e-06,-2.962947500981273e-07,-5.599976262933337e-07,0.005864304403113617
6.131541485173792e-06,-2.9425600772000856e-11,1.5104637737704425e-06,-3.0494240415958134e-07,-5.485191752908039e-07,0.006175146568344229
6.131541555898564e-06,-2.930638433548704e-11,1.4802554898072214e-06,-3.1484138590426905e-07,-5.372404600417383e-07,0.0064920532912741274
6.1315416251926045e-06,-2.9189341734493454e-11,1.45065137067018e-06,-3.260656771518184e-07,-5.261554017793021e-07,0.006814879035101386
6.131541693145641e-06,-2.907461055596985e-11,1.4216393318642444e-06,-3.386912174451416e-07,-5.152579836654377e-07,0.0071434791524493625
6.131541759701376e-06,-2.89624773206691e-11,1.393207532289971e-06,-3.5279580901280415e-07,-5.045422507842129e-07,0.007477709885403399
6.131541824905653e-06,-2.8852399529399474e-11,1.3653443677402526e-06,-3.6845901173958504e-07,-4.940023146081108e-07,0.00781742836556571
6.131541888824074e-06,-2.874401133338446e-11,1.338038465136738e-06,-3.8576204347036463e-07,-4.836323526496183e-07,0.00816249261409409
6.131541951477262e-06,-2.8637930036683494e-11,1.3112786796285068e-06,-4.047876705470985e-07,-4.7342661101611233e-07,0.008512761541757403
6.131542012837002e-06,-2.853439218679962e-11,1.2850540882631326e-06,-4.256201012200822e-07,-4.6337940563781604e-07,0.008868094948977265
6.131542073007537e-06,-2.8433064599934902e-11,1.259353987713462e-06,-4.4834486774440154e-07,-4.5348512692844766e-07,0.009228353525892538
6.131542131990103e-06,-2.8333309490773248e-11,1.2341678870145809e-06,-4.730487220157112e-07,-4.4373823938058164e-07,0.0095933988523979
6.131542189758428e-06,-2.823555356232623e-11,1.209485507498462e-06,-4.998195123449863e-07,-4.341332854490267e-07,0.009963093398196435
6.131542246381318e-06,-2.813967075068031e-11,1.1852967741511732e-06,-5.287460726487884e-07,-4.246648870102124e-07,0.010337300522869727
6.131542301817622e-06,-2.8046056870943605e-11,1.1615918143546368e-06,-5.59918098333804e-07,-4.1532774898877537e-07,0.010715884475909564
6.13154235626117e-06,-2.7954511359266736e-11,1.1383609529587267e-06,-5.934260319339915e-07,-4.0611666066540843e-07,0.011098710396786263
6.1315424095263535e-06,-2.786420744542461e-11,1.1155947078607874e-06,-6.29360940990449e-07,-3.9702649891164584e-07,0.01148564431499995
6.131542461731054e-06,-2.777617146568689e-11,1.0932837858043892e-06,-6.678143970468346e-07,-3.8805223149622385e-07,0.011876553150133693
6.131542512973614e-06,-2.768922349976992e-11,1.0714190811024602e-06,-7.088783548365701e-07,-3.791889179621905e-07,0.0122713047119115
6.131542563100323e-06,-2.7604414649492668e-11,1.049991669597842e-06,-7.526450304041875e-07,-3.7043171437875156e-07,0.012669767700249936
6.131542612229353e-06,-2.7521325609829324e-11,1.028992806083454e-06,-7.992067807358094e-07,-3.6177587450043047e-07,0.01307181170531555
6.131542660440983e-06,-2.744030053365449e-11,1.0084139181640443e-06,-8.486559798736701e-07,-3.532167527631636e-07,0.013477307207580877
6.131542707641102e-06,-2.7360473871880682e-11,9.882466072316715e-07,-9.010848996599743e-07,-3.447498073724334e-07,0.013886125577873972
6.131542753896415e-06,-2.7282665235610522e-11,9.68482641669583e-07,-9.565855896368045e-07,-3.363706023823805e-07,0.014298139077436824
6.131542799229677e-06,-2.7206116955566756e-11,9.491139534122391e-07,-1.0152497524515711e-06,-3.280748106846637e-07,0.014713220857979475
6.13154284367027e-06,-2.7131109425065913e-11,9.301326390054e-07,-1.0771686295236271e-06,-3.1985821712862836e-07,0.015131244961729901
6.131542887225074e-06,-2.705773035945188e-11,9.115309498249923e-07,-1.1424328806883944e-06,-3.117167195751774e-07,0.01555208632149
6.1315429298710496e-06,-2.6985893762857655e-11,8.933012932278111e-07,-1.2111324649571334e-06,-3.036463316632162e-07,0.01597562076068139
6.131542971695697e-06,-2.6915097456553863e-11,8.75436229194755e-07,-1.2833565266079748e-06,-2.956431873311766e-07,0.016401724993407474
6.13154301272339e-06,-2.6846096226517606e-11,8.579284654028981e-07,-1.3591932788476058e-06,-2.877035402304509e-07,0.016830276624484507
6.131543052826885e-06,-2.6777949263089972e-11,8.407708563411152e-07,-1.4387298905407345e-06,-2.798237669509104e-07,0.01726115414951734
6.131543092240268e-06,-2.6711836588198573e-11,8.239563980833418e-07,-1.5220523750037032e-06,-2.7200036982364305e-07,0.01769423695492094
6.13154313078518e-06,-2.6647083814539596e-11,8.074782276457781e-07,-1.6092454780550938e-06,-2.6422997851141865e-07,0.01812940531798229
6.1315431685631875e-06,-2.6582766139682766e-11,7.91329620333298e-07,-1.7003925707819363e-06,-2.565093521986551e-07,0.018566540406899715
6.131543205598217e-06,-2.6520258975727836e-11,7.755039844824705e-07,-1.7955755432060286e-06,-2.4883538147146867e-07,0.019005524280835018
6.131543241903897e-06,-2.6459167562969737e-11,7.599948603437826e-07,-1.8948746989953607e-06,-2.4120508834320647e-07,0.019446239889945375
6.131543277514887e-06,-2.6399185990377372e-11,7.447959181260655e-07,-1.9983686517885285e-06,-2.3361563053884078e-07,0.01988857107542942
6.131543312409501e-06,-2.6339989925647104e-11,7.299009541513015e-07,-2.1061342285985225e-06,-2.260643007929765e-07,0.020332402569573083
6.131543346558568e-06,-2.6282495919414234e-11,7.153038888471493e-07,-2.2182463681355387e-06,-2.1854852924411221e-07,0.02077761999577792
6.131543380062743e-06,-2.6225799977459873e-11,7.009987643104155e-07,-2.3347780261810454e-06,-2.1106588425429612e-07,0.021224109868603867
6.131543412869328e-06,-2.617014273167994e-11,6.86979740605145e-07,-2.4558000841371466e-06,-2.0361407342094632e-07,0.021671759593802447
6.131543445009343e-06,-2.6116057482488352e-11,6.732410969200164e-07,-2.581381255534635e-06,-1.9619094553268928e-07,0.02212045746835271
6.131543476561041e-06,-2.606263736422453e-11,6.597772248766024e-07,-2.711588001417837e-06,-1.8879448840657466e-07,0.02257009268048881
6.131543507410732e-06,-2.6010854753771265e-11,6.465826309654047e-07,-2.8464844404508677e-06,-1.8142283350580636e-07,0.023020555309732894
6.13154353771047e-06,-2.5959314328672344e-11,6.336519276639114e-07,-2.9861322693801773e-06,-1.7407425266449813e-07,0.02347173632692001
6.131543567393364e-06,-2.5909509887434424e-11,6.20979838163449e-07,-3.1305906829322843e-06,-1.6674716062493837e-07,0.02392352759422852
6.131543596453185e-06,-2.5860295101406473e-11,6.085611890512363e-07,-3.279916295371487e-06,-1.5944011376372328e-07,0.02437582186520224
6.13154362492252e-06,-2.5812041396229926e-11,5.963909135032471e-07,-3.434163065939827e-06,-1.5215181136501297e-07,0.024828512784770183
6.131543652807916e-06,-2.5764504326666535e-11,5.84464042536696e-07,-3.5933822295546016e-06,-1.4488109397969398e-07,0.02528149488927163
6.13154368015649e-06,-2.57185303124117e-11,5.72775708457946e-07,-3.757622225329452e-06,-1.376269437880754e-07,0.02573466360646802
6.1315437070291175e-06,-2.567345400739129e-11,5.61321139959279e-07,-3.9269286332584844e-06,-1.303884840372307e-07,0.026187915255567976
6.131543733261422e-06,-2.5629002312936512e-11,5.500956618085788e-07,-4.1013441118501785e-06,-1.231649774324686e-07,0.02664114704723691
6.131543759038338e-06,-2.5585424532866604e-11,5.390946935374032e-07,-4.280908335282162e-06,-1.159558263866556e-07,0.02709425708360477
6.1315437842587695e-06,-2.5543174478635583e-11,5.283137444778159e-07,-4.465657941001898e-06,-1.087605711617955e-07,0.02754714435828373
6.131543808987864e-06,-2.550120455344681e-11,5.177484135363534e-07,-4.655626473744748e-06,-1.0157888866886473e-07,0.02799970875637211
6.13154383326016e-06,-2.5460355180002424e-11,5.073943883418091e-07,-4.850844336954013e-06,-9.44105909907884e-08,0.028451851054462653
6.131543856968579e-06,-2.5420090459191418e-11,4.972474428337583e-07,-5.051338742994747e-06,-8.725562354450672e-08,0.02890347292064765
6.131543880224536e-06,-2.5380957022032237e-11,4.87303435640242e-07,-5.257133670558877e-06,-8.011406413007087e-08,0.02935447691451371
6.131543903087369e-06,-2.534308958572701e-11,4.775583087229497e-07,-5.468249824673111e-06,-7.29861203127284e-08,0.029804766487152648
6.13154392543571e-06,-2.5305053989664833e-11,4.6800808382250563e-07,-5.684704597383369e-06,-6.587212675443655e-08,0.030254245981147634
6.13154394735218e-06,-2.5268034558700685e-11,4.586488628115327e-07,-5.906512031616511e-06,-5.877254364632828e-08,0.03070282063058306
6.13154396880494e-06,-2.5232218786965573e-11,4.494768263753746e-07,-6.133682792045855e-06,-5.168795438803426e-08,0.03115039656102486
6.13154398988762e-06,-2.5197042699594426e-11,4.4048822903307307e-07,-6.366224134449353e-06,-4.461906212280355e-08,0.031596880789518285
6.131544010480216e-06,-2.5162121428532933e-11,4.316794038193023e-07,-6.6041398812979525e-06,-3.7566688376253876e-08,0.032042181224578935
6.131544030665571e-06,-2.5128048130625266e-11,4.23046754383063e-07,-6.847430398229815e-06,-3.053176874209997e-08,0.03248620666618363
6.131544050483736e-06,-2.5094281102890667e-11,4.1458675844889596e-07,-7.096092575372069e-06,-2.3515350479244738e-08,0.032928866805743875
6.131544069917454e-06,-2.50616905395453e-11,4.062959611100244e-07,-7.350119811607843e-06,-1.6518588869206422e-08,0.033370072226104934
6.131544088944236e-06,-2.5029364602845183e-11,3.9817097938469243e-07,-7.609501997209491e-06,-9.5427446747525e-09,0.03380973440151898
6.131544107577487e-06,-2.4997831405974467e-11,3.902084975783023e-07,-7.87422550989164e-06,-2.5891801783689544e-09,0.0342477656976328
6.131544125852422e-06,-2.496684274625675e-11,3.8240526450360044e-07,-8.144273201680946e-06,4.340644811924442e-09,0.03468407937145173
6.131544143715077e-06,-2.4936982309013787e-11,3.7475809520955884e-07,-8.41962439582247e-06,1.1245175507634117e-08,0.03511858957134036
6.131544161270413e-06,-2.4907082620264048e-11,3.672638692677081e-07,-8.700254887854765e-06,1.8122766716827977e-08,0.03555121133697223
6.131544178481131e-06,-2.4878332841420645e-11,3.599195273954796e-07,-8.98613694323827e-06,2.497168742638799e-08,0.03598186059932253
6.131544195351045e-06,-2.484982106697696e-11,3.527220724674856e-07,-9.277239303487477e-06,3.179012346476202e-08,0.036410454180630956
6.131544211830562e-06,-2.482192218863325e-11,3.456685655838913e-07,-9.573527193117694e-06,3.85761825423528e-08,0.03683690979437304
6.131544227992896e-06,-2.479465476318732e-11,3.387561287011681e-07,-9.874962327174825e-06,4.5327897793853775e-08,0.03726114604523138
6.131544243888766e-06,-2.4767971358488194e-11,3.3198194067777595e-07,-1.0181502926985694e-05,5.204323255165118e-08,0.03768308242905807
6.131544259379276e-06,-2.4741887822522313e-11,3.253432362373181e-07,-1.0493103732833202e-05,5.872008520144675e-08,0.03810263933284877
6.131544274659398e-06,-2.471585464944141e-11,3.188373048505092e-07,-1.0809716022145603e-05,6.535629231140075e-08,0.03851973803469654
6.1315442895685816e-06,-2.4690454640264843e-11,3.1246149231252683e-07,-1.113128762996146e-05,7.194963371785878e-08,0.03893430070376401
6.131544304177973e-06,-2.4665640967623157e-11,3.0621319634829035e-07,-1.145776297242398e-05,7.84978372419781e-08,0.03934625040024011
6.131544318528694e-06,-2.4642266044816886e-11,3.0008986437827175e-07,-1.1789083070575175e-05,8.499858405388694e-08,0.039755511075307774
6.131544332553775e-06,-2.4618018830540873e-11,2.940890000625705e-07,-1.2125185580252695e-05,9.144951098204525e-08,0.04016200757108799
6.1315443463618154e-06,-2.459511492581591e-11,2.8820815228205856e-07,-1.2466004820887507e-05,9.784821758406271e-08,0.04056566562061523
6.131544359860195e-06,-2.4572299388650205e-11,2.8244492074015553e-07,-1.2811471807972395e-05,1.0419226970584019e-07,0.04096641184778546
6.131544373064998e-06,-2.455007954603938e-11,2.767969542081738e-07,-1.3161514289822188e-05,1.1047920400841484e-07,0.04136417376731798
6.131544386012072e-06,-2.452781540868761e-11,2.712619460932635e-07,-1.3516056782364567e-05,1.1670653349407513e-07,0.04175887978469679
6.131544398696318e-06,-2.4506576633517613e-11,2.658376385059993e-07,-1.3875020610277094e-05,1.2287175143984964e-07,0.04215045919614957
6.13154441112893e-06,-2.448544386621503e-11,2.605218167523218e-07,-1.4238323947549327e-05,1.2897233619036343e-07,0.04253884218857926
6.131544423333741e-06,-2.4465187325697262e-11,2.553123110082071e-07,-1.460588186196519e-05,1.3500575628556795e-07,0.04292395983952346
6.13154443529385e-06,-2.444490150155644e-11,2.5020699539224044e-07,-1.4977606359001867e-05,1.4096947500978188e-07,0.043305744117117295
6.1315444470271276e-06,-2.4425194956471984e-11,2.452037858436231e-07,-1.5353406432955013e-05,1.4686095477193696e-07,0.043684127880022024
6.131544458501948e-06,-2.4405906926978633e-11,2.403006401101573e-07,-1.5733188110874682e-05,1.5267766197143668e-07,0.04405904487740492
6.131544469790902e-06,-2.4387517894209785e-11,2.3549555710016036e-07,-1.6116854510306074e-05,1.584170717691557e-07,0.04443042974886599
6.1315444807447606e-06,-2.436894477577051e-11,2.307865747485698e-07,-1.6504305888551105e-05,1.64076672331831e-07,0.04479821802439604
6.131544491575942e-06,-2.435059963963712e-11,2.2617177183311687e-07,-1.6895439697795037e-05,1.6965396846222433e-07,0.045162346124334764
6.131544502165074e-06,-2.43323870827947e-11,2.2164926528892634e-07,-1.729015064457118e-05,1.7514648768287753e-07,0.04552275135930727
6.1315445125333955e-06,-2.4314827054723858e-11,2.1721720898898632e-07,-1.7688330744191326e-05,1.805517836790135e-07,0.04587937193017898
6.131544522675664e-06,-2.429768149850883e-11,2.1287379310019322e-07,-1.808986938398923e-05,1.85867441398015e-07,0.046232146928003946
6.1315445326695286e-06,-2.428105551230365e-11,2.086172459070145e-07,-1.84946533821951e-05,1.9109107899680043e-07,0.04658101633398025
6.131544542443056e-06,-2.4264953986876552e-11,2.044458287586636e-07,-1.8902567052979767e-05,1.962203547462329e-07,0.046925921019379584
6.131544552006486e-06,-2.4248705777365847e-11,2.0035784078573167e-07,-1.9313492269726372e-05,2.0125296952695238e-07,0.0472668027455257
6.131544561371668e-06,-2.4232944630434537e-11,1.9635161146214737e-07,-1.9727308529246015e-05,2.0618667107261133e-07,0.04760360416371015
6.131544570546273e-06,-2.4217553860517876e-11,1.924255065189441e-07,-2.0143893021897675e-05,2.110192579360697e-07,0.04793626881516822
6.131544579605896e-06,-2.4202417319070003e-11,1.885779233360229e-07,-2.0563120696887343e-05,2.1574858252634177e-07,0.048264741131013714
6.1315445883846995e-06,-2.4187157359839518e-11,1.848072920025971e-07,-2.098486433330788e-05,2.2037255629658267e-07,0.04858896643218999
6.131544597048162e-06,-2.4172599895854168e-11,1.8111207252850664e-07,-2.1408994608132476e-05,2.2488915130841474e-07,0.04890889092942069
6.1315446055489e-06,-2.4158271140928972e-11,1.7749075770908583e-07,-2.1835380171863923e-05,2.2929640519601195e-07,0.049224461723164976
6.131544613874748e-06,-2.414445630799793e-11,1.7394186898492566e-07,-2.226388771719685e-05,2.3359242337452273e-07,0.04953562680355793
6.131544621995179e-06,-2.4131031504939977e-11,1.704639587692366e-07,-2.2694382053818988e-05,2.3777538274083315e-07,0.04984233505036349
6.131544629933872e-06,-2.4117253890636636e-11,1.670556055932791e-07,-2.3126726183460226e-05,2.418435347536591e-07,0.0501445362329379
6.131544637778609e-06,-2.4103789029696543e-11,1.6371541919517496e-07,-2.3560781373432423e-05,2.4579520739217405e-07,0.0504421810101612
6.131544645440882e-06,-2.409098629271725e-11,1.604420359008766e-07,-2.399640723475145e-05,2.496288089416402e-07,0.050735220930403474
6.131544652964638e-06,-2.407789512069063e-11,1.57234120550264e-07,-2.4433461796282124e-05,2.5334283075630927e-07,0.05102360843146996
6.131544660318327e-06,-2.4065626770021498e-11,1.5409036302106636e-07,-2.4871801584292062e-05,2.5693584772455976e-07,0.05130729684057056
6.131544667529229e-06,-2.405328366869477e-11,1.5100948069922188e-07,-2.531128169942855e-05,2.6040652323243275e-07,0.05158624037424623
6.131544674614696e-06,-2.404133217949868e-11,1.4799021630042584e-07,-2.5751755894936252e-05,2.6375360882777203e-07,0.05186039413835155
6.131544681512731e-06,-2.4029980442145287e-11,1.4503133633613364e-07,-2.6193076655909493e-05,2.6697594861395546e-07,0.05212971412798729
6.13154468830481e-06,-2.4018432626829e-11,1.4213163425360681e-07,-2.6635095280522806e-05,2.7007247867934125e-07,0.05239415722748384
6.131544694916871e-06,-2.4007578770359806e-11,1.3928992664605635e-07,-2.7077661957158946e-05,2.7304223114289547e-07,0.052653681210321615
6.131544701485283e-06,-2.3996285993275806e-11,1.3650505325956806e-07,-2.752062584535892e-05,2.758843332551924e-07,0.05290824473913829
6.1315447078683826e-06,-2.3985191638741898e-11,1.3377587652037347e-07,-2.7963835159183387e-05,2.7859801127133414e-07,0.05315780736563329
6.131544714108442e-06,-2.3974775738964016e-11,1.3110128352593715e-07,-2.8407137246437062e-05,2.8118258900749264e-07,0.05340232953057753
6.131544720261347e-06,-2.3963679891958055e-11,1.2848018218300064e-07,-2.8850378666559548e-05,2.836374913160427e-07,0.053641772563740746
6.1315447262695245e-06,-2.395335912245048e-11,1.2591150217890727e-07,-2.9293405277792326e-05,2.85962243693738e-07,0.053876098683868695
6.131544732164613e-06,-2.3943555515685113e-11,1.2339419601797073e-07,-2.9736062314767493e-05,2.8815647313366225e-07,0.054105270998644546
6.131544737898238e-06,-2.3934098740112527e-11,1.2092723605812265e-07,-3.0178194471384994e-05,2.9021990802282923e-07,0.05432925350466274
6.131544743609199e-06,-2.392441009774096e-11,1.185096149595428e-07,-3.0619645981180385e-05,2.921523810149123e-07,0.05454801108736508
6.131544749190355e-06,-2.3915447794591992e-11,1.1614034628091855e-07,-3.106026070108246e-05,2.939538259233093e-07,0.05476150952105246
6.131544754592721e-06,-2.390583781108804e-11,1.1381846287573797e-07,-3.1499882191247257e-05,2.956242809062081e-07,0.05496971546880529
6.131544759928537e-06,-2.389721300652284e-11,1.1154301681281609e-07,-3.1938353797585655e-05,2.971638860461031e-07,0.055172596482490066
6.1315447651460515e-06,-2.3888168161707228e-11,1.0931307909316903e-07,-3.237551873174912e-05,2.985728846597386e-07,0.055370121002723385
6.131544770257572e-06,-2.3879732109963994e-11,1.0712774083372229e-07,-3.281122015366556e-05,2.9985162172763945e-07,0.05556225835881548
6.131544775244055e-06,-2.3871567791472438e-11,1.049861088635169e-07,-3.324530125313933e-05,3.010005455593068e-07,0.05574897876878073
6.131544780181879e-06,-2.3862934243833156e-11,1.0288730918725773e-07,-3.367760532849224e-05,3.0202020376629074e-07,0.05593025333929609
6.1315447850019395e-06,-2.3854616659811992e-11,1.0083048649951714e-07,-3.41079758674289e-05,3.0291124538347523e-07,0.056106054065665066
6.131544789699939e-06,-2.3846597746384293e-11,9.881479942281578e-08,-3.453625663025104e-05,3.0367441961036157e-07,0.05627635383182637
6.13154479432015e-06,-2.3838793584607843e-11,9.683942636411675e-08,-3.496229172558388e-05,3.043105723353289e-07,0.0564411264102891
6.131544798882427e-06,-2.3831136621911032e-11,9.490356047404446e-08,-3.538592569187996e-05,3.04820647721623e-07,0.05660034646216371
6.131544803323852e-06,-2.3823747685849722e-11,9.300641166933842e-08,-3.58070035766849e-05,3.0520568615346473e-07,0.05675398953709501
6.131544807661269e-06,-2.3816207632334357e-11,9.114720579004784e-08,-3.622537101478042e-05,3.0546682084030264e-07,0.056902032073271415
6.131544811934e-06,-2.3808579002889633e-11,8.93251849213059e-08,-3.664087430504428e-05,3.0560527897403195e-07,0.05704445139741277
6.131544816097716e-06,-2.3801754094209438e-11,8.753960310477648e-08,-3.7053360490607545e-05,3.056223784857638e-07,0.05718122572473646
6.131544820218534e-06,-2.3794207125517092e-11,8.578973315225757e-08,-3.746267743293895e-05,3.055195263551865e-07,0.05731233415895944
6.131544824212976e-06,-2.3787300252846723e-11,8.407486038074177e-08,-3.786867389058956e-05,3.052982165240912e-07,0.05743775669228121
6.131544828161499e-06,-2.378102889544415e-11,8.239428497589574e-08,-3.827119959412771e-05,3.049600285763893e-07,0.057557474205373924
6.131544832018472e-06,-2.377419545205998e-11,8.074732062040891e-08,-3.867010531875007e-05,3.0450662460181066e-07,0.05767146846737293
6.131544835788743e-06,-2.3767996793801205e-11,7.913329628312361e-08,-3.906524296432204e-05,3.0393974726686243e-07,0.05777972213587535
6.1315448395034105e-06,-2.3761488006287254e-11,7.755155228579264e-08,-3.9456465623860476e-05,3.0326121835295635e-07,0.05788221875691749
6.131544843120643e-06,-2.375503862797016e-11,7.600144306688345e-08,-3.984362765823553e-05,3.0247293461026726e-07,0.05797894276499484
6.131544846681945e-06,-2.374920491385671e-11,7.44823361743797e-08,-4.0226584769416996e-05,3.015768661327783e-07,0.05806987948303252
6.1315448501840725e-06,-2.37432143851456e-11,7.299361046022719e-08,-4.06051940701523e-05,3.005750540599717e-07,0.05815501512241164
6.131544853589682e-06,-2.3737407276337025e-11,7.153465992859769e-08,-4.0979314155316055e-05,2.9946960654516853e-07,0.05823433678293694
6.131544856940486e-06,-2.3731405204260913e-11,7.01048885878717e-08,-4.134880517134785e-05,2.982626979557728e-07,0.05830783245287419
6.131544860227111e-06,-2.3725861761562223e-11,6.870371187231803e-08,-4.171352888625569e-05,2.9695656361492724e-07,0.05837549100890816
6.131544863429215e-06,-2.372032927099954e-11,6.733055890625693e-08,-4.207334875505717e-05,2.955534991167336e-07,0.05843730221619181
6.1315448665743785e-06,-2.3715112718643988e-11,6.598486906552471e-08,-4.2428129989105025e-05,2.9405585587378217e-07,0.0584932567283228
6.131544869691415e-06,-2.370988337609093e-11,6.466609235789495e-08,-4.2777739619780305e-05,2.9246603860501446e-07,0.05854334608735698
6.1315448727037275e-06,-2.3704244377911396e-11,6.337369122315555e-08,-4.312204656622749e-05,2.907865018367922e-07,0.05858756272382083
6.131544875655368e-06,-2.3699634219830914e-11,6.210713808370386e-08,-4.346092169625817e-05,2.8901974733166873e-07,0.05862589995670735
6.131544878571548e-06,-2.3694682414399288e-11,6.086591606448901e-08,-4.3794237891483545e-05,2.8716832088063627e-07,0.05865835199350437
6.131544881426647e-06,-2.3690275884733392e-11,5.964951804368285e-08,-4.412187010787014e-05,2.852348077679946e-07,0.0586849139302021
6.131544884208171e-06,-2.368570892872135e-11,5.845744842336503e-08,-4.444369543691012e-05,2.832218322377004e-07,0.05870558175128212
6.131544886940238e-06,-2.3681153129827292e-11,5.7289220536324886e-08,-4.475959316563857e-05,2.8113205121039923e-07,0.058720352329771186
6.131544889618963e-06,-2.3676622633501433e-11,5.6144356491429614e-08,-4.506944483478797e-05,2.7896815344868075e-07,0.058729223427229804
6.1315448922363445e-06,-2.367224185871933e-11,5.502238983399892e-08,-4.537313429518629e-05,2.767328540473409e-07,0.05873219369376745
6.131544894829938e-06,-2.3667683183301383e-11,5.3922862369987963e-08,-4.567054776481706e-05,2.744288929379226e-07,0.058729262668073386
6.131544897345213e-06,-2.3663922248595357e-11,5.284532531304954e-08,-4.596157388525812e-05,2.720590317383951e-07,0.058720430777438055
6.131544899834712e-06,-2.3659688535673557e-11,5.178933936540964e-08,-4.624610377088186e-05,2.696260473780203e-07,0.058705699337761486
6.131544902246044e-06,-2.365577193833468e-11,5.075447312145428e-08,-4.6524031066929476e-05,2.671327336346187e-07,0.058685070553559086
6.131544904621799e-06,-2.3651510518965177e-11,4.974030434827561e-08,-4.679525199537345e-05,2.6458189369733707e-07,0.05865854751804061
6.131544906944441e-06,-2.3647529562368904e-11,4.8746417806196836e-08,-4.705966540939518e-05,2.619763388587124e-07,0.058626134213076185
6.131544909218408e-06,-2.3643817875852497e-11,4.7772410127428766e-08,-4.731717283885483e-05,2.5931888419071465e-07,0.05858783550922407
6.131544911463035e-06,-2.3639873522938006e-11,4.681788225676574e-08,-4.7567678538250876e-05,2.5661234745154713e-07,0.058543657165804085
6.131544913648248e-06,-2.363628132227727e-11,4.5882444966171635e-08,-4.78110895325109e-05,2.538595438019349e-07,0.05849360583087288
6.1315449157914e-06,-2.363223587767459e-11,4.49657156688416e-08,-4.8047315664213426e-05,2.5106328262023905e-07,0.05843768904128918
6.131544917901332e-06,-2.3628811704633668e-11,4.406732154398962e-08,-4.827626963098711e-05,2.482263659702854e-07,0.05837591522269892
6.131544919963196e-06,-2.362518646121766e-11,4.3186894799404246e-08,-4.849786703358562e-05,2.4535158449810825e-07,0.05830829368962363
6.131544922004052e-06,-2.3622252642326166e-11,4.2324077016977495e-08,-4.871202641129648e-05,2.424417142153055e-07,0.05823483464541769
6.1315449239700536e-06,-2.361860828137654e-11,4.1478515307172724e-08,-4.891866928401189e-05,2.394995140386803e-07,0.05815554918237211
6.131544925905535e-06,-2.3615331365013496e-11,4.064986424374783e-08,-4.911772018900904e-05,2.3652772321448787e-07,0.0580704492816975
6.13154492781318e-06,-2.361179180067417e-11,3.983778621366965e-08,-4.930910671479737e-05,2.3352905741786191e-07,0.05797954781355721
6.131544929677845e-06,-2.3608450857090643e-11,3.9041950685724724e-08,-4.949275953872875e-05,2.3050620610667704e-07,0.05788285853715703
6.131544931500411e-06,-2.3605888042018178e-11,3.8262031415783204e-08,-4.9668612458051085e-05,2.2746183130978163e-07,0.05778039610068809
6.131544933288442e-06,-2.3602889389530836e-11,3.749770994163055e-08,-4.9836602422498085e-05,2.2439856317627041e-07,0.05767217604144683
6.13154493504053e-06,-2.3599750324391827e-11,3.674867504548108e-08,-4.9996669564137086e-05,2.213189986865151e-07,0.057558214785807464
6.1315449367554755e-06,-2.3596844108610018e-11,3.601462067720564e-08,-5.014875722352795e-05,2.1822569853442795e-07,0.05743852964930537
6.131544938442292e-06,-2.359423367673339e-11,3.5295247934145755e-08,-5.029281198124431e-05,2.1512118414249385e-07,0.05731313883664019
6.131544940097287e-06,-2.3591732979669146e-11,3.4590261699642214e-08,-5.042878367919108e-05,2.120079360009663e-07,0.05718206144171828
6.131544941720545e-06,-2.3588982768721497e-11,3.389937609708868e-08,-5.055662544769343e-05,2.0888839278446776e-07,0.05704531744771158
6.131544943307496e-06,-2.3586547526975284e-11,3.322230833491342e-08,-5.067629372440844e-05,2.057649461419224e-07,0.05690292772706971
6.131544944851763e-06,-2.3584049018644175e-11,3.2558781561276e-08,-5.078774827713504e-05,2.0263994137598894e-07,0.05675491404158118
6.13154494637969e-06,-2.3581756803493304e-11,3.190852562166286e-08,-5.089095222384849e-05,1.9951567395047764e-07,0.056601299042366694
6.1315449478717665e-06,-2.3579016714589374e-11,3.127127455740422e-08,-5.0985872047974793e-05,1.963943885174985e-07,0.05644210627000252
6.13154494934264e-06,-2.3576615547284564e-11,3.064676887194715e-08,-5.107247761466839e-05,1.9327827572990564e-07,0.05627736015444695
6.131544950759123e-06,-2.357412972073074e-11,3.0034752664967865e-08,-5.115074218716544e-05,1.9016947316873363e-07,0.056107086015194735
6.1315449521647e-06,-2.357143548002618e-11,2.9434977202978973e-08,-5.1220642437711726e-05,1.870700604551215e-07,0.055931310061228645
6.131544953547186e-06,-2.3568857282835393e-11,2.884719609333979e-08,-5.1282158457997904e-05,1.8398206029130987e-07,0.05575005939109873
6.131544954894428e-06,-2.356672955640068e-11,2.827117175847474e-08,-5.133527377158602e-05,1.8090743580863886e-07,0.05556336199298433
6.131544956217294e-06,-2.3564566427376906e-11,2.7706667749145063e-08,-5.137997533810222e-05,1.7784809021720844e-07,0.055371246744660804
6.131544957520872e-06,-2.3562690268033462e-11,2.715345325064124e-08,-5.141625356238658e-05,1.7480586489067473e-07,0.055173743413619074
6.131544958786151e-06,-2.3560386621325935e-11,2.6611303164188774e-08,-5.1444102297774266e-05,1.7178253826477929e-07,0.05497088265705459
6.131544960030903e-06,-2.3558754439658553e-11,2.6079996146315113e-08,-5.1463518847283475e-05,1.6877982547760033e-07,0.05476269602194015
6.131544961247763e-06,-2.3556446806813976e-11,2.5559314854656904e-08,-5.147450396971484e-05,1.6579937713771944e-07,0.054549215945048676
6.131544962448689e-06,-2.3554419109888137e-11,2.504904812138132e-08,-5.1477061873787834e-05,1.6284277782397248e-07,0.05433047575296869
6.13154496360835e-06,-2.355209547150899e-11,2.4548986180212155e-08,-5.147120021958998e-05,1.5991154772520632e-07,0.05410650966222474
6.131544964763674e-06,-2.355033731571356e-11,2.4058925927131225e-08,-5.1456930114216044e-05,1.5700713924501878e-07,0.05387735277919901
6.131544965886682e-06,-2.3548200254975768e-11,2.3578666716342098e-08,-5.1434266105685944e-05,1.541309387175569e-07,0.05364304110030504
6.131544966993204e-06,-2.354624537577834e-11,2.3108012093826357e-08,-5.140322617659498e-05,1.512842648386789e-07,0.053403611511880944
6.131544968071774e-06,-2.3545086156979912e-11,2.264677091350602e-08,-5.136383173585799e-05,1.4846836840172524e-07,0.05315910179039041
6.131544969126836e-06,-2.354295486961869e-11,2.2194754414606325e-08,-5.1316107606433016e-05,1.4568443345275553e-07,0.05290955060229804
6.131544970164225e-06,-2.354170439487866e-11,2.1751778305935314e-08,-5.12600820168222e-05,1.4293357610851357e-07,0.05265499750424045
6.131544971187359e-06,-2.353937274356783e-11,2.1317661818160685e-08,-5.1195786584440804e-05,1.4021684463147286e-07,0.05239548294298118
6.131544972179581e-06,-2.3537632101025617e-11,2.089222723719882e-08,-5.112325630205088e-05,1.3753521990689734e-07,0.05213104825548766
6.1315449731555915e-06,-2.3536141082481092e-11,2.0475301346608565e-08,-5.1042529520732726e-05,1.3488961575997352e-07,0.05186173566897566
6.131544974112669e-06,-2.3534713037448064e-11,2.006671444814246e-08,-5.095364792907406e-05,1.322808795498495e-07,0.0515875883008873
6.131544975051171e-06,-2.3532655031989307e-11,1.966629885490054e-08,-5.085665653805187e-05,1.2970979142857183e-07,0.051308650159016415
6.131544975971897e-06,-2.3530704692888474e-11,1.9273891870568836e-08,-5.0751603653993094e-05,1.2717706639428436e-07,0.05102496614145504
6.131544976871976e-06,-2.3529557527368888e-11,1.888933274475858e-08,-5.0638540858996355e-05,1.2468335434557654e-07,0.05073658203669248
6.131544977754203e-06,-2.3527963814549838e-11,1.8512464619326155e-08,-5.0517522982241204e-05,1.2222923992462937e-07,0.05044354452364189
6.131544978621033e-06,-2.3526413003949567e-11,1.8143133858621587e-08,-5.0388608078098195e-05,1.1981524436243007e-07,0.05014590117163952
6.131544979469891e-06,-2.352521347993538e-11,1.778118991542611e-08,-5.025185739321848e-05,1.1744182688617458e-07,0.0498437004404894
6.1315449803019916e-06,-2.3523676919817412e-11,1.7426485124570885e-08,-5.010733533920125e-05,1.151093833383145e-07,0.04953699168052637
6.131544981114666e-06,-2.3522237737995193e-11,1.7078873722564135e-08,-4.995510946022912e-05,1.1281824970499529e-07,0.0492258251326318
6.1315449819125316e-06,-2.3520726272075322e-11,1.6738214518473217e-08,-4.9795250402160615e-05,1.1056870227544709e-07,0.0489102519282374
6.131544982694804e-06,-2.3518991885718458e-11,1.640436868256893e-08,-4.9627831873021515e-05,1.0836095800277205e-07,0.04859032408940279
6.131544983461901e-06,-2.351750152108337e-11,1.6077199379377295e-08,-4.945293061171175e-05,1.0619517694652439e-07,0.04826609452878287
6.131547238071108e-06,-2.3516662297779888e-11,-9.471098644771616e-07,-4.915795469541705e-05,4.6517282941891223e-07,0.04793761705003855
6.131546622059992e-06,-2.3555128012090485e-11,-8.165272846390991e-07,-4.898364718429229e-05,4.139987190086392e-07,0.047604946346579316
6.13154103246616e-06,-2.3596866881937838e-11,4.406542283798954e-07,-4.8933935488653705e-05,-5.963573775234712e-08,0.04726813800322886
6.131536161648933e-06,-2.3671991623163855e-11,4.318415144656626e-07,-4.8728934209894636e-05,-5.844146570983786e-08,0.046927248496053266
6.131529047848525e-06,-2.381021270921632e-11,4.232050546176009e-07,-4.851689817707099e-05,-5.726659639426993e-08,0.046582335191058775
6.131519741240227e-06,-2.4039009984463673e-11,4.147413227729059e-07,-4.8297921132660926e-05,-5.6109182975609413e-08,0.04623345634524012
6.13150829235702e-06,-2.4385290870102667e-11,4.0644686609128093e-07,-4.8072099549764946e-05,-5.4967430809626824e-08,0.04588067110649118
6.131494752061473e-06,-2.4874798052653075e-11,3.9831829739959526e-07,-4.7839532585240545e-05,-5.3839694443854594e-08,0.04552403951352634
6.131479171529688e-06,-2.5532101464249748e-11,3.9035230029838756e-07,-4.7600322028632674e-05,-5.2724472374387485e-08,0.04516362249591392
6.131461602212744e-06,-2.638076063852981e-11,3.825456219181553e-07,-4.735457225177379e-05,-5.162040067318743e-08,0.04479948187411543
6.131442095811483e-06,-2.7442476434241044e-11,3.7489507774981414e-07,-4.7102390152588165e-05,-5.052625064188656e-08,0.04443168035947533
6.131420704268375e-06,-2.8738739498576573e-11,3.673975441835991e-07,-4.684388510428191e-05,-4.9440922242356356e-08,0.04406028155424145
6.131397479711318e-06,-3.028872362677835e-11,3.600499606025156e-07,-4.657916890000744e-05,-4.836343923020436e-08,0.043685349951686755
6.131372474467784e-06,-3.211254774361527e-11,3.528493272637484e-07,-4.630835569098544e-05,-4.7292944832624686e-08,0.04330695093592184
6.131345740984273e-06,-3.4227379321432835e-11,3.4579270715154357e-07,-4.603156193290778e-05,-4.6228695930747426e-08,0.04292515078205565
6.13131733185786e-06,-3.66499728972385e-11,3.388772185059222e-07,-4.574890632226716e-05,-4.517005900392465e-08,0.042540016656242116
6.1312872997673515e-06,-3.9397032797620674e-11,3.3210003914225114e-07,-4.546050973685774e-05,-4.4116504460210654e-08,0.04215161661557171
6.131255697468292e-06,-4.2481818100253044e-11,3.254584041083406e-07,-4.516649517286389e-05,-4.3067601199206645e-08,0.04176001960811862
6.131222577751171e-06,-4.591910810196765e-11,3.189496003161211e-07,-4.486698768101953e-05,-4.2023013502987354e-08,0.04136529547304613
6.131187993440085e-06,-4.972123824860744e-11,3.1257097358630417e-07,-4.456211429835611e-05,-4.0982493934133376e-08,0.040967514940483715
6.1311519973417804e-06,-5.390055124339366e-11,3.063199193247616e-07,-4.425200398541688e-05,-3.9945878596794864e-08,0.04056674963162418
6.1311146422249194e-06,-5.846699658943464e-11,3.001938848384749e-07,-4.393678755670829e-05,-3.891308404375284e-08,0.04016307205868638
6.131075980805712e-06,-6.343183307915847e-11,2.941903708975882e-07,-4.3616597610610483e-05,-3.788410057468053e-08,0.03975655562493234
6.131036065698879e-06,-6.88035522466605e-11,2.8830692702095103e-07,-4.329156846023948e-05,-3.685898817915542e-08,0.03934727462469965
6.130994949425675e-06,-7.459033222045745e-11,2.8254115224527664e-07,-4.2961836060445604e-05,-3.583787174430351e-08,0.0389353042433813
6.1309526843474226e-06,-8.079940763770083e-11,2.7689069225594324e-07,-4.262753793541476e-05,-3.482093588420657e-08,0.03852072055738568
6.130909322658407e-06,-8.74378067729052e-11,2.7135324031859477e-07,-4.2288813106297474e-05,-3.3808420706206145e-08,0.03810360053423569
6.13086491638673e-06,-9.451104339212293e-11,2.6592653749234837e-07,-4.1945802013468637e-05,-3.2800617289228655e-08,0.03768402203247738
6.1308195173282145e-06,-1.0202423462128815e-10,2.60608368271809e-07,-4.159864644283175e-05,-3.1797862849244054e-08,0.03726206380174473
6.130773177020251e-06,-1.099812663223022e-10,2.5539656241563583e-07,-4.1247489445423725e-05,-3.080053685870212e-08,0.036837805482721184
6.130725946756071e-06,-1.1838572186296625e-10,2.502889930191211e-07,-4.089247526327003e-05,-2.980905600906658e-08,0.036411327607091565
6.130677877511802e-06,-1.2724104994639538e-10,2.45283574148766e-07,-4.053374924523417e-05,-2.8823870707635913e-08,0.035982711597688045
6.130629019964403e-06,-1.3654815244244984e-10,2.403782634834736e-07,-4.017145777192351e-05,-2.784546058300867e-08,0.03555203976832191
6.130579424430543e-06,-1.463087599478611e-10,2.355710591677829e-07,-3.9805748170263924e-05,-2.6874330182230628e-08,0.035119395323824486
6.130529140871608e-06,-1.5652286094806325e-10,2.3085999822821242e-07,-3.9436768633742036e-05,-2.591100540306279e-08,0.03468486236015408
6.1304782188364454e-06,-1.6719152015330662e-10,2.2624315797786842e-07,-3.906466813807735e-05,-2.495603009118154e-08,0.034248525864169516
6.130426707480251e-06,-1.7831304452768876e-10,2.2171865469130514e-07,-3.868959635744607e-05,-2.4009961897691584e-08,0.033810471713819054
6.1303746554881475e-06,-1.8988625682246792e-10,2.1728464169207091e-07,-3.831170358304818e-05,-2.307336901270094e-08,0.03337078667805327
6.130322111117732e-06,-2.0190917699987408e-10,2.1293930806401365e-07,-3.793114063293665e-05,-2.214682562808477e-08,0.03292955841675333
6.130269122068966e-06,-2.1437918835829272e-10,2.0868088104417172e-07,-3.754805876897589e-05,-2.12309106525076e-08,0.032486875480852495
6.130215735634205e-06,-2.2729326814884324e-10,2.045076228572501e-07,-3.7162609610692364e-05,-2.0326203145247424e-08,0.03204282731218265
6.13016199845116e-06,-2.406475604607093e-10,2.0041782909430272e-07,-3.6774945045119306e-05,-1.9433279167954238e-08,0.03159750424356893
6.130107956683786e-06,-2.54438043984645e-10,1.9640983243906844e-07,-3.638521714265341e-05,-1.8552710287956792e-08,0.031150997498722785
6.130053655883061e-06,-2.6865998352526023e-10,1.9248199378178056e-07,-3.599357806600906e-05,-1.7685059163548898e-08,0.03070339919234804
6.129999140996371e-06,-2.8330801272395244e-10,1.8863271295302584e-07,-3.5600179982067015e-05,-1.6830878162855194e-08,0.030254802329950443
6.1299444563718905e-06,-2.9837649418343434e-10,1.8486041732319856e-07,-3.5205174973287696e-05,-1.599070659760535e-08,0.02980530080796338
6.1298896456696956e-06,-3.138589408967972e-10,1.8116356658914724e-07,-3.480871494644072e-05,-1.5165067730171936e-08,0.02935498941369763
6.129834751906765e-06,-3.2974942833105493e-10,1.7754065329643144e-07,-3.4410951547141175e-05,-1.4354468015467484e-08,0.02890396382528978
6.129779817442231e-06,-3.4604016263959834e-10,1.739901979701359e-07,-3.401203606166871e-05,-1.3559393768831628e-08,0.02845232061168147
6.129724883878313e-06,-3.627240306667412e-10,1.7051075161919636e-07,-3.361211933573974e-05,-1.2780309764545645e-08,0.02800015723257107
6.129669992094704e-06,-3.7979329615733847e-10,1.671008934820382e-07,-3.321135167812004e-05,-1.2017657652513997e-08,0.02754757203856324
6.12961518228e-06,-3.9723926628499706e-10,1.6375923186064905e-07,-3.280988277069395e-05,-1.127185444260899e-08,0.027094664270884583
6.129560493813369e-06,-4.1505341700480306e-10,1.6048440467767142e-07,-3.240786157988381e-05,-1.054329130884109e-08,0.026641534061498055
6.129505965298562e-06,-4.3322670436132544e-10,1.57275072925577e-07,-3.200543626449453e-05,-9.832331170555128e-09,0.02618828243317652
6.129451634539233e-06,-4.5175014035582375e-10,1.5412992826071597e-07,-3.16027540857911e-05,-9.139309168699975e-09,0.025735011299215654
6.129397538538956e-06,-4.706139521559337e-10,1.5104768674055952e-07,-3.119996131600823e-05,-8.464530356044244e-09,0.025281823463711484
6.129343713455777e-06,-4.898083528532974e-10,1.4802708940682274e-07,-3.079720315176179e-05,-7.808269221099722e-09,0.02482882262131115
6.129290194604165e-06,-5.093226877593847e-10,1.4506690378050063e-07,-3.0394623618338817e-05,-7.170769482767978e-09,0.02437611335720692
6.129237016419952e-06,-5.291472054920937e-10,1.4216592157426593e-07,-2.9992365486674054e-05,-6.552242670957081e-09,0.02392380114730733
6.129184212507666e-06,-5.492706441080338e-10,1.3932295914930443e-07,-2.9590570178286353e-05,-5.952869041624948e-09,0.023471992357904908
6.12913181549951e-06,-5.696831077128117e-10,1.3653685630295166e-07,-2.9189377681380248e-05,-5.372795483901534e-09,0.023020794245892685
6.129079857187142e-06,-5.903719920377382e-10,1.3380647469762637e-07,-2.8788926461760326e-05,-4.8121368075331745e-09,0.022570314958682496
6.129028368421112e-06,-6.113274890511477e-10,1.3113070051307187e-07,-2.8389353373630767e-05,-4.270974886684741e-09,0.022120663534064947
6.128977379111644e-06,-6.325374912200465e-10,1.2850844163004697e-07,-2.7990793573164014e-05,-3.749358743898392e-09,0.02167194990032276
6.128926918225655e-06,-6.539909168394906e-10,1.2593862862361348e-07,-2.7593380436602985e-05,-3.2473051820826465e-09,0.02122428487607997
6.128877013776931e-06,-6.756746873904317e-10,1.2342021115205438e-07,-2.719724546941308e-05,-2.7647984459732167e-09,0.020777780170364968
6.128827692827095e-06,-6.97578059755794e-10,1.2095216214196705e-07,-2.6802518227502603e-05,-2.3017914273016514e-09,0.02033254838257764
6.1287789814273615e-06,-7.196883854331334e-10,1.1853347372156745e-07,-2.640932622924743e-05,-1.8582053286837683e-09,0.019888703002346967
6.128730904698131e-06,-7.419942316460665e-10,1.1616315854553858e-07,-2.6017794879364175e-05,-1.4339306214423934e-09,0.019446358409708618
6.128683486693899e-06,-7.644825097890764e-10,1.1384025029645028e-07,-2.5628047382726627e-05,-1.0288284719316463e-09,0.01900562987481845
6.128636750513666e-06,-7.871412847037623e-10,1.1156380036237837e-07,-2.5240204668454716e-05,-6.427295503358719e-10,0.018566633558100527
6.128590718257162e-06,-8.09958424681116e-10,1.093328787018642e-07,-2.4854385309743716e-05,-2.7543675851807127e-10,0.018129486510258364
6.128545410933514e-06,-8.329217291669854e-10,1.0714657560038317e-07,-2.4470705449035235e-05,7.327464347022211e-11,0.017694306672021935
6.128500848634608e-06,-8.560185399858104e-10,1.0500399848347894e-07,-2.4089278720299688e-05,4.0365527527792645e-10,0.017261212874311607
6.128457050341505e-06,-8.792360289218605e-10,1.0290427288429365e-07,-2.3710216177762023e-05,7.159817330291965e-10,0.016830324838234482
6.128414033976842e-06,-9.025623563468048e-10,1.0084654108194716e-07,-2.3333626223969034e-05,1.0105550162748203e-09,0.016401763174852996
6.128371816579152e-06,-9.259848304341581e-10,9.882996458979631e-08,-2.2959614537830723e-05,1.2876987170984581e-09,0.01597564938529124
6.1283304139549495e-06,-9.494917388985227e-10,9.685371861711254e-08,-2.2588284008688845e-05,1.5477586658374895e-09,0.015552105860822937
6.1282898409942285e-06,-9.730698248814511e-10,9.491699800753835e-08,-2.2219734667462352e-05,1.7911008446756924e-09,0.015131255882515932
6.128250111486681e-06,-9.967075189598167e-10,9.301901223772799e-08,-2.1854063625388294e-05,2.0181103856409592e-09,0.014713223621621287
6.128211238202529e-06,-1.0203920424659284e-09,9.115898600187804e-08,-2.1491365009162372e-05,2.2291906986530646e-09,0.014298134139136446
6.128173232851276e-06,-1.044111103781122e-09,8.933616008684123e-08,-2.113172990388589e-05,2.4247611082661666e-09,0.01388611338603865
6.128136106076132e-06,-1.0678540061650696e-09,8.75497906096816e-08,-2.0775246291789162e-05,2.605255941947953e-09,0.013477288203292507
6.128099867494705e-06,-1.091607515310729e-09,8.579914811219795e-08,-2.042199900224171e-05,2.771123649269139e-09,0.013071786321553978
6.128064525667915e-06,-1.1153599668646031e-09,8.408351810020686e-08,-2.007206965404895e-05,2.92282426593849e-09,0.01266973636140493
6.12803008812455e-06,-1.1390995523014106e-09,8.240220094843103e-08,-1.9725536609477652e-05,3.0608281935273497e-09,0.012271267833291374
6.127996561317971e-06,-1.1628156450659737e-09,8.075451012536308e-08,-1.9382474924080482e-05,3.1856157983224574e-09,0.01187651113732166
6.127963950738108e-06,-1.1864955109903242e-09,7.913977307561461e-08,-1.9042956304265666e-05,3.297674715429719e-09,0.011485597563422968
6.1279322607416374e-06,-1.2101287428195026e-09,7.755733017242956e-08,-1.870704906580165e-05,3.397498691038139e-09,0.011098659291411545
6.1279014947559235e-06,-1.2337035640816484e-09,7.600653666986223e-08,-1.8374818093602008e-05,3.4855863714545093e-09,0.01071582939048576
6.127871655071327e-06,-1.2572102451176666e-09,7.448675885479804e-08,-1.804632480888615e-05,3.5624401768058163e-09,0.010337241819957908
6.12784274306507e-06,-1.280637664874545e-09,7.299737692793623e-08,-1.7721627133849986e-05,3.6285641279584274e-09,0.009963031428526949
6.127814759013903e-06,-1.3039742256484204e-09,7.153778176508316e-08,-1.740077946658289e-05,3.684462651274134e-09,0.009593333954613854
6.1277877022834245e-06,-1.327209938247609e-09,7.010737846417813e-08,-1.708383265132343e-05,3.730640170582946e-09,0.00922828602640986
6.1277615711235114e-06,-1.350335608073564e-09,6.87055833597098e-08,-1.6770833962465678e-05,3.767598419171044e-09,0.008868025161655085
6.127736362909106e-06,-1.3733407186989434e-09,6.733182329348517e-08,-1.646182707879161e-05,3.795835838825304e-09,0.008512689767612098
6.127712073965227e-06,-1.3962156068872818e-09,6.598553919398499e-08,-1.6156852075933075e-05,3.815846260272429e-09,0.008162419141294787
6.127688699640645e-06,-1.418950772708372e-09,6.46661810007128e-08,-1.5855945411933788e-05,3.828118122958695e-09,0.007817353469287648
6.127666234351529e-06,-1.441537109067253e-09,6.337320822527975e-08,-1.5559139921475385e-05,3.833133550363136e-09,0.0074776338276160365
6.127644671552539e-06,-1.4639658098993913e-09,6.210609599120345e-08,-1.526646481277018e-05,3.831364969246805e-09,0.007143402181985613
6.1276240037630856e-06,-1.4862282371526261e-09,6.08643260128784e-08,-1.4977945669112376e-05,3.823277251063867e-09,0.006814801387642109
6.127604222530564e-06,-1.5083166286576866e-09,5.964739165744738e-08,-1.46936044564299e-05,3.809324700817076e-09,0.00649197518932879
6.127585318551514e-06,-1.5302211872384814e-09,5.8454795134335164e-08,-1.4413459529713668e-05,3.7899514765084865e-09,0.006175068221356437
6.12756728153012e-06,-1.551935739129356e-09,5.728605097784223e-08,-1.4137525652352543e-05,3.765588633309564e-09,0.00586422600747755
6.127550100342768e-06,-1.5734515387947511e-09,5.614068216808539e-08,-1.3865814010991359e-05,3.736655322615945e-09,0.00555959496114693
6.127533762989844e-06,-1.5947622505298653e-09,5.501821928103412e-08,-1.3598332242632733e-05,3.70355809451538e-09,0.005261322385138829
6.127518256499511e-06,-1.6158610584808005e-09,5.3918205774993956e-08,-1.3335084461496694e-05,3.666688676401054e-09,0.004969556471831046
6.127503567155398e-06,-1.6367409489589495e-09,5.284019316089153e-08,-1.3076071293659017e-05,3.6264243516215727e-09,0.004684446303007486
6.127489680347347e-06,-1.6573953540386521e-09,5.178374123856288e-08,-1.2821289915911983e-05,3.5831275383980142e-09,0.004406141850221605
6.12747658063834e-06,-1.677818276887578e-09,5.074841772519486e-08,-1.257073409905937e-05,3.5371454583977242e-09,0.004134793974158353
6.127464251762669e-06,-1.6980044576632116e-09,4.97338009805223e-08,-1.2324394257878878e-05,3.48880858118372e-09,0.0038705544252432777
6.1274526767076605e-06,-1.717948407132963e-09,4.87394758196435e-08,-1.2082257504408588e-05,3.4384316939173516e-09,0.0036135758433278277
6.127441837578587e-06,-1.7376450186436135e-09,4.7765038481906065e-08,-1.1844307710120715e-05,3.3863125835215746e-09,0.003364011757836291
6.127431715800181e-06,-1.7570900479180462e-09,4.681008822875849e-08,-1.1610525569647951e-05,3.33273311725782e-09,0.00312201658763496
6.127422291984522e-06,-1.776278559359652e-09,4.587423801147623e-08,-1.1380888672500692e-05,3.27795797059601e-09,0.002887745641081832
6.127413545974725e-06,-1.7952071397424438e-09,4.4957104962303785e-08,-1.1155371583672407e-05,3.2222346433348667e-09,0.002661355116075384
6.127405456964201e-06,-1.8138710323614769e-09,4.4058314874927765e-08,-1.0933945920906484e-05,3.1657945389230556e-09,0.002443002100118238
6.127398003355251e-06,-1.8322675702945533e-09,4.317749876833445e-08,-1.0716580450178288e-05,3.1088519458122822e-09,0.002232844570078303
6.127391162867595e-06,-1.850393908762885e-09,4.231430007178371e-08,-1.0503241177175557e-05,3.051603967333975e-09,0.0020310413925537524
6.12738491255178e-06,-1.8682474832370046e-09,4.146836467124604e-08,-1.0293891450991492e-05,2.994232187691544e-09,0.0018377523235506212
6.127379228785231e-06,-1.885826257185433e-09,4.063934831502351e-08,-1.0088492073593331e-05,2.936901607450029e-09,0.0016531380086687645
6.127374087216407e-06,-1.903127492992602e-09,3.982691168825569e-08,-9.887001411731321e-06,2.879762032316921e-09,0.0014773599831383584
6.127369462929949e-06,-1.920150184151284e-09,3.903072386980429e-08,-9.689375522172804e-06,2.8229472928774352e-09,0.0013105806717187288
6.127360707865875e-06,-1.9368912213712413e-09,2.012610205416644e-06,-9.726593065491099e-06,-7.351602135846431e-07,0.0011529633882078375
6.127353098842201e-06,-1.95335151102855e-09,3.7275288851488016e-06,-9.737312638275069e-06,-1.37645929072409e-06,0.0010046723372243692
6.127346558125652e-06,-1.96953013789564e-09,5.201331441605821e-06,-9.723537158599498e-06,-1.9276324204779234e-06,0.0008658726123239352
6.127341008147971e-06,-1.9854258921570467e-09,6.451529685886499e-06,-9.687263938645519e-06,-2.3952253222821947e-06,0.0007367301968322768
6.127336371518866e-06,-2.0010383771624878e-09,7.4955979238588466e-06,-9.630484303118912e-06,-2.785769582411434e-06,0.0006174119635937207
6.127332571032643e-06,-2.0163670007783348e-09,8.350968677765797e-06,-9.555183252667895e-06,-3.105781070290598e-06,0.0005080856752673017
6.127329529651379e-06,-2.031412843684797e-09,9.035028796968213e-06,-9.463339178958202e-06,-3.36175849953453e-06,0.00040891998411407424
6.127327170562761e-06,-2.04617721587762e-09,9.565115976004449e-06,-9.356923640954186e-06,-3.5601821406190102e-06,0.0003200844321265912
6.127325417226762e-06,-2.0606612574275754e-09,9.958515698166799e-06,-9.23790119152271e-06,-3.7075126906065685e-06,0.00024174945108491582
6.127324193287958e-06,-2.0748664147569228e-09,1.0232458628585226e-05,-9.108229271231428e-06,-3.8101903105382244e-06,0.000174086362487899
6.127323422651941e-06,-2.088795397300444e-09,1.040411847729798e-05,-8.96985816112268e-06,-3.874633837210941e-06,0.00011726737767677492
6.127323029527437e-06,-2.102450157956973e-09,1.049061035213669e-05,-8.824731000895256e-06,-3.907240176091939e-06,7.146559770312755e-05
6.1273229383555876e-06,-2.115835025486693e-09,1.0508989630264313e-05,-8.674783880707708e-06,-3.914383887494391e-06,3.685501359756458e-05
6.127323073815412e-06,-2.128952904800955e-09,1.0476251363382226e-05,-8.52194599793245e-06,-3.902416970892202e-06,1.3610506104401442e-05
6.127323360905821e-06,-2.1418072812201083e-09,1.040933024688182e-05,-8.368139892626141e-06,-3.877668856704133e-06,1.9078458555771862e-06
6.127323724847972e-06,-2.1544023360545346e-09,1.0325101164384929e-05,-8.215272507962148e-06,-3.8464466190591965e-06,-5.155877891876481e-08
6.127324103477564e-06,-2.166743858618574e-09,1.0237605855769843e-05,-8.064892156265684e-06,-3.813998456494683e-06,-5.052796693307413e-08
6.12732448411205e-06,-2.1788363186915372e-09,1.0149698234067164e-05,-7.917266399749625e-06,-3.7813911217522464e-06,-4.951776369819959e-08
6.12732486649975e-06,-2.1906848314071363e-09,1.0061425830528656e-05,-7.772344744603197e-06,-3.7486424815072586e-06,-4.852775692666626e-08
6.127325250515546e-06,-2.2022937899762913e-09,9.97283451174017e-06,-7.630077621378758e-06,-3.715769777779732e-06,-4.7557542770847324e-08
6.1273256358926615e-06,-2.2136680176570197e-09,9.883968527257252e-06,-7.490416371891425e-06,-3.6827896464402514e-06,-4.660672582291797e-08
6.127326022507136e-06,-2.2248119045262195e-09,9.794870552475816e-06,-7.353313228569139e-06,-3.649718133532801e-06,-4.5674917865811675e-08
6.127326410099373e-06,-2.2357311075561092e-09,9.705581733761856e-06,-7.2187213020184065e-06,-3.6165707108644095e-06,-4.47617390944376e-08
6.127326798533148e-06,-2.2464296958065702e-09,9.616141732698532e-06,-7.086594561706643e-06,-3.5833622938513187e-06,-4.3866817199707634e-08
6.127327187609819e-06,-2.2569114490774263e-09,9.526588764461875e-06,-6.956887822417683e-06,-3.5501072556901903e-06,-4.298978675786204e-08
6.127327577198692e-06,-2.2671812546318926e-09,9.436959641941215e-06,-6.829556726932521e-06,-3.5168194430126532e-06,-4.2130290396187763e-08
6.127327967102629e-06,-2.277243525991045e-09,9.347289812672335e-06,-6.704557732484802e-06,-3.483512190991287e-06,-4.1287977738261676e-08
6.1273283571936114e-06,-2.2871020878796405e-09,9.257613401000117e-06,-6.581848094773836e-06,-3.4501983379962503e-06,-4.046250451573974e-08
6.12732874731115e-06,-2.2967609315135387e-09,9.167963241061065e-06,-6.4613858526437235e-06,-3.416890239175474e-06,-3.9653534649983884e-08
6.1273291373121925e-06,-2.3062243713109607e-09,9.078370917865536e-06,-6.3431298169813385e-06,-3.3835997806226494e-06,-3.886073822589018e-08
6.127329527070729e-06,-2.3154956007182545e-09,8.988866800937755e-06,-6.2270395516206836e-06,-3.3503383924391005e-06,-3.808379151958745e-08
6.127329916455136e-06,-2.3245792525634906e-09,8.899480078581054e-06,-6.11307536357314e-06,-3.317117061821106e-06,-3.7322377720072885e-08
6.127330305314483e-06,-2.3334788134629788e-09,8.810238795378679e-06,-6.001198287262491e-06,-3.2839463472145777e-06,-3.6576186512827e-08
6.1273306935263895e-06,-2.3421982247186208e-09,8.721169879233608e-06,-5.891370072312655e-06,-3.2508363879112887e-06,-3.584491324713236e-08
6.127331081011344e-06,-2.350740791200561e-09,8.632299180888534e-06,-5.7835531695590644e-06,-3.217796918858935e-06,-3.512825993523492e-08
6.127331467644836e-06,-2.359109563448831e-09,8.543651499417067e-06,-5.677710718392307e-06,-3.1848372808392836e-06,-3.442593405882124e-08
6.127331853284069e-06,-2.367309352708827e-09,8.455250616058855e-06,-5.573806534989938e-06,-3.1519664329601723e-06,-3.3737649457176165e-08
6.127332237867164e-06,-2.375342184160093e-09,8.367119325625068e-06,-5.471805098327837e-06,-3.1191929630628267e-06,-3.3063125161418976e-08
6.127332621267714e-06,-2.3832122400345825e-09,8.27927945857532e-06,-5.371671539522249e-06,-3.08652509881082e-06,-3.2402086338152965e-08
6.127333003419512e-06,-2.3909227255557896e-09,8.191751917154374e-06,-5.2733716285072535e-06,-3.053970718563912e-06,-3.175426298494744e-08
6.127333384196065e-06,-2.3984767962704204e-09,8.104556699094826e-06,-5.176871763598853e-06,-3.021537361766798e-06,-3.111939140133114e-08
6.1273337635179585e-06,-2.405876898541764e-09,8.017712925246234e-06,-5.082138958394467e-06,-2.9892322383897575e-06,-3.049721202384844e-08
6.127334141330863e-06,-2.413127161843479e-09,7.931238867970626e-06,-4.989140833113373e-06,-2.957062240047843e-06,-2.9887471563206496e-08
6.127334517533648e-06,-2.420230278236008e-09,7.845151970483249e-06,-4.897845600385978e-06,-2.925033947848794e-06,-2.928992103360799e-08
6.1273348920504846e-06,-2.427187857515631e-09,7.759468879463357e-06,-4.808222056150141e-06,-2.8931536429130764e-06,-2.870431672415242e-08
6.127335264795565e-06,-2.434004629963253e-09,7.674205464520158e-06,-4.720239568327042e-06,-2.8614273155225384e-06,-2.8130420171091566e-08
6.127335635746281e-06,-2.4406829798851414e-09,7.589376841332459e-06,-4.633868067273381e-06,-2.8298606726786147e-06,-2.756799665896422e-08
6.127336004774747e-06,-2.4472251798876338e-09,7.504997398163864e-06,-4.5490780340131704e-06,-2.7984591486167162e-06,-2.7016817829626242e-08
6.1273363718701795e-06,-2.4536339759532896e-09,7.42108081398539e-06,-4.465840491578095e-06,-2.767227911115618e-06,-2.647665765765142e-08
6.127336736944375e-06,-2.459912938566539e-09,7.337640084785521e-06,-4.384126993905425e-06,-2.7361718716404957e-06,-2.5947296752435966e-08
6.1273370999516845e-06,-2.4660638404402853e-09,7.254687539563128e-06,-4.303909616290209e-06,-2.7052956916522284e-06,-2.54285189997351e-08
6.127337460831572e-06,-2.472089579392826e-09,7.1722348673065625e-06,-4.225160946503603e-06,-2.6746037913816337e-06,-2.4920112533102496e-08
6.1273378195354915e-06,-2.4779922483409296e-09,7.090293131251598e-06,-4.147854075689155e-06,-2.6441003567244557e-06,-2.4421870066918207e-08
6.127338176038681e-06,-2.4837749728920757e-09,7.008872790399344e-06,-4.071962585928418e-06,-2.6137893468245946e-06,-2.393358834127886e-08
6.1273385302626645e-06,-2.4894394798262654e-09,6.927983719684023e-06,-3.997460545800157e-06,-2.583674501790573e-06,-2.345506867706364e-08
6.127338882167489e-06,-2.494988679902765e-09,6.847635227639107e-06,-3.924322500388448e-06,-2.553759348350138e-06,-2.2986115532640534e-08
6.127339231735416e-06,-2.5004244606294658e-09,6.767836073581924e-06,-3.852523458404182e-06,-2.5240472075325666e-06,-2.252653766957109e-08
6.12733957889932e-06,-2.505749934789768e-09,6.688594487429672e-06,-3.78203888863245e-06,-2.4945412012573657e-06,-2.2076147764023238e-08
6.127339923626131e-06,-2.5109662889108127e-09,6.609918183867964e-06,-3.712844709496538e-06,-2.465244258270584e-06,-2.163476210142185e-08
6.127340265906687e-06,-2.516076918539315e-09,6.531814381742187e-06,-3.644917280842361e-06,-2.4361591206496006e-06,-2.1202200659716102e-08
6.1273406056909176e-06,-2.5210826183683625e-09,6.45428981941234e-06,-3.578233396166991e-06,-2.407288350354053e-06,-2.0778286942819967e-08
6.127340942976257e-06,-2.5259859489565317e-09,6.377350767673757e-06,-3.5127702730708138e-06,-2.3786343335148346e-06,-2.0362848008340905e-08
6.127341277710508e-06,-2.5307893484847734e-09,6.301003051034514e-06,-3.4485055485946784e-06,-2.3501992886376463e-06,-1.995571443982386e-08
6.127341609858012e-06,-2.5354949390433648e-09,6.225252054354407e-06,-3.385417269450004e-06,-2.321985269366832e-06,-1.9556720346710184e-08
6.1273419394309496e-06,-2.5401038526816756e-09,6.150102746321309e-06,-3.323483883581166e-06,-2.293994172700298e-06,-1.9165703031279824e-08
6.12734226637002e-06,-2.5446186499515064e-09,6.0755596876314155e-06,-3.262684235280576e-06,-2.266227742190595e-06,-1.8782502766563954e-08
6.127342590681232e-06,-2.5490413051409673e-09,6.001627045225039e-06,-3.2029975567510587e-06,-2.2386875735851113e-06,-1.8406963323708952e-08
6.127342912327812e-06,-2.553373631984768e-09,5.928308607390839e-06,-3.144403459890273e-06,-2.2113751210046515e-06,-1.80389318886705e-08
6.127343231284147e-06,-2.557616910785066e-09,5.855607796725464e-06,-3.0868819307396456e-06,-2.1842916996938683e-06,-1.767825767443205e-08
6.127343547613525e-06,-2.5617733494653764e-09,5.783527680685665e-06,-3.030413323267199e-06,-2.1574384930972687e-06,-1.7324794557767568e-08
6.1273438611836905e-06,-2.5658445990131914e-09,5.712070986392701e-06,-2.9749783493755884e-06,-2.130816555543037e-06,-1.6978397221190682e-08
6.127344172056104e-06,-2.569833211481183e-09,5.6412401102816955e-06,-2.920558077347852e-06,-2.1044268171968114e-06,-1.6638925205273604e-08
6.127344480239817e-06,-2.5737390978207778e-09,5.571037132588095e-06,-2.8671339194129704e-06,-2.0782700897549074e-06,-1.6306239883248933e-08
6.127344785654846e-06,-2.577565635001564e-09,5.501463824160825e-06,-2.8146876324120446e-06,-2.0523470687435864e-06,-1.598020565451487e-08
6.127345088333791e-06,-2.581314135677277e-09,5.432521662922085e-06,-2.7632013031434033e-06,-2.026658338645048e-06,-1.5660689250690975e-08
6.127345388279751e-06,-2.5849856771298292e-09,5.364211838103127e-06,-2.712657349916969e-06,-2.0012043765250645e-06,-1.534756095689061e-08
6.1273456854736754e-06,-2.5885819957276353e-09,5.296535267873935e-06,-2.663038511674107e-06,-1.975985556476776e-06,-1.5040692280213405e-08
6.1273459799092405e-06,-2.592103682720021e-09,5.2294926037412165e-06,-2.6143278448790575e-06,-1.9510021529044645e-06,-1.4739958392232309e-08
6.1273462716007806e-06,-2.5955536393439083e-09,5.163084240916019e-06,-2.566508716191495e-06,-1.926254343831032e-06,-1.4445236630176635e-08
6.127346560525934e-06,-2.5989328736633724e-09,5.09731033266358e-06,-2.519564796249327e-06,-1.9017422158061779e-06,-1.4156407163044265e-08
6.1273468466844e-06,-2.6022430509689044e-09,5.032170793043944e-06,-2.4734800565601037e-06,-1.8774657657797712e-06,-1.3873352020164348e-08
6.127347130065428e-06,-2.605484474181509e-09,4.9676653087174105e-06,-2.428238760841317e-06,-1.8534249053515362e-06,-1.3595955202180842e-08
6.127347410713776e-06,-2.6086599619100446e-09,4.9037933504022434e-06,-2.383825462577944e-06,-1.8296194637451709e-06,-1.33241042631288e-08
6.127347688602141e-06,-2.611770049409877e-09,4.8405541762234105e-06,-2.3402249974729705e-06,-1.8060491913700202e-06,-1.3057688089964392e-08
6.127347963743539e-06,-2.614816463438984e-09,4.777946843420691e-06,-2.297422479228567e-06,-1.7827137624353504e-06,-1.2796597707473628e-08
6.127348236111032e-06,-2.617799497067378e-09,4.715970214780113e-06,-2.255403295327278e-06,-1.7596127782157874e-06,-1.2540727166428337e-08
6.127348505766023e-06,-2.6207217851418127e-09,4.654622966669873e-06,-2.214153099038446e-06,-1.7367457696549347e-06,-1.2289971878242525e-08
6.127348772660509e-06,-2.6235836680323137e-09,4.59390359791119e-06,-2.1736578085300595e-06,-1.7141122006020003e-06,-1.2044229808463814e-08
6.127349036833516e-06,-2.6263864331662804e-09,4.533810435468168e-06,-2.133903599097219e-06,-1.6917114704370937e-06,-1.1803400116721231e-08
6.127349298283306e-06,-2.629132162701469e-09,4.474341642061384e-06,-2.0948769002755878e-06,-1.6695429166445502e-06,-1.1567385349411236e-08
6.127349557016117e-06,-2.631821200243571e-09,4.415495222352448e-06,-2.0565643894021147e-06,-1.6476058170599334e-06,-1.133608858086877e-08
6.127349813036196e-06,-2.634454102948836e-09,4.35726903079241e-06,-2.0189529871741753e-06,-1.6258993929499113e-06,-1.1109415744815705e-08
6.1273500663682085e-06,-2.6370330441022127e-09,4.299660776539918e-06,-1.982029855873232e-06,-1.6044228110042162e-06,-1.0887274690665766e-08
6.127350317004016e-06,-2.6395595576143003e-09,4.242668033370203e-06,-1.945782391815339e-06,-1.5831751862590103e-06,-1.0669574461875332e-08
6.127350564954206e-06,-2.642033753392706e-09,4.186288240531577e-06,-1.910198223130721e-06,-1.5621555836761398e-06,-1.0456226517160807e-08
6.127350810248508e-06,-2.64445657368535e-09,4.130518712495528e-06,-1.8752652033244955e-06,-1.5413630211374747e-06,-1.0247143509260919e-08
6.12735105289268e-06,-2.6468299120987614e-09,4.07535664311579e-06,-1.8409714097223806e-06,-1.5207964705197562e-06,-1.004224045065692e-08
6.127351292902069e-06,-2.6491537848332916e-09,4.020799112432737e-06,-1.807305137697555e-06,-1.5004548609518927e-06,-9.841433853131317e-09
6.127351530243301e-06,-2.6514296080992295e-09,3.966843090147255e-06,-1.7742548968959129e-06,-1.480337079971717e-06,-9.644641450221225e-09
6.127351765022248e-06,-2.653659243676687e-09,3.913485442256464e-06,-1.7418094076833709e-06,-1.4604419760803189e-06,-9.45178322414099e-09
6.1273519971539315e-06,-2.6558427904313503e-09,3.86072293602766e-06,-1.7099575975931684e-06,-1.4407683605185303e-06,-9.262780628642169e-09
6.127352226714169e-06,-2.6579806047726602e-09,3.808552244303084e-06,-1.6786885957747655e-06,-1.4213150084855621e-06,-9.077556339182857e-09
6.1273524537039405e-06,-2.6600746321675842e-09,3.7569699517527164e-06,-1.647991731883635e-06,-1.402080661671339e-06,-8.896035196628902e-09
6.127352678118121e-06,-2.6621253219891237e-09,3.705972556570097e-06,-1.6178565303081172e-06,-1.383064030025433e-06,-8.71814273618447e-09
6.127352899992979e-06,-2.6641335060659845e-09,3.65555647812588e-06,-1.588272707282853e-06,-1.3642637929218312e-06,-8.543806575159602e-09
6.127353119335544e-06,-2.6661004838381873e-09,3.605718059089668e-06,-1.559230168224258e-06,-1.3456786011067667e-06,-8.37295566358238e-09
6.127353336174305e-06,-2.66802671029795e-09,3.5564535728828407e-06,-1.530719002845555e-06,-1.3273070782602884e-06,-8.205520284171818e-09
6.127353550524493e-06,-2.669912675384376e-09,3.5077592211065897e-06,-1.5027294827142938e-06,-1.3091478220907676e-06,-8.041432302135929e-09
6.127353762387844e-06,-2.6717599880433246e-09,3.4596311444062033e-06,-1.4752520581437369e-06,-1.291199406474068e-06,-7.880624554549482e-09
6.127353971784649e-06,-2.6735689642689073e-09,3.4120654241415856e-06,-1.4482773524197078e-06,-1.2734603826118748e-06,-7.723031433192716e-09
6.127354178731965e-06,-2.6753402292358137e-09,3.3650580832719372e-06,-1.4217961635769616e-06,-1.255929280069588e-06,-7.568588468232105e-09
6.12735438325113e-06,-2.677074430832769e-09,3.3186050940177546e-06,-1.3957994550733182e-06,-1.2386046091923883e-06,-7.417233355156538e-09
6.127354585372759e-06,-2.6787731824390028e-09,3.272702379709902e-06,-1.3702783586762477e-06,-1.2214848607976075e-06,-7.268904178426411e-09
6.127354785071164e-06,-2.680437053081085e-09,3.227345815654418e-06,-1.3452241669133644e-06,-1.2045685087528717e-06,-7.123540077578428e-09
6.127354982414754e-06,-2.6820657802397883e-09,3.182531236123987e-06,-1.3206283326283476e-06,-1.1878540105565853e-06,-6.981082135417997e-09
6.127355177387147e-06,-2.683660747412989e-09,3.138254436827239e-06,-1.2964824649841393e-06,-1.1713398086515478e-06,-6.841471990224995e-09
6.127355370030116e-06,-2.685222954646748e-09,3.0945111742564255e-06,-1.2727046076443104e-06,-1.155024364451456e-06,-1.574912256224695e-05
6.1273556583111515e-06,-2.686752749458355e-09,3.029184839572807e-06,-1.2464089156320393e-06,-1.1306418226128863e-06,-0.00010925277694046988
6.127356524395887e-06,-2.6882506684668985e-09,2.8334474732441145e-06,-1.2047961503070097e-06,-1.0575181663102911e-06,-0.000293658722305401
6.1273585233408795e-06,-2.6897137731795597e-09,2.3820059107560344e-06,-1.1332329487513183e-06,-8.888253949666724e-07,-0.0005661551738217285
6.1273621823611116e-06,-2.6911359808308216e-09,1.5558590428524346e-06,-1.0178555285756077e-06,-5.800867802461368e-07,-0.0009239591821861913
6.127368001109748e-06,-2.6925075539722742e-09,2.422308664791512e-07,-8.45575563832593e-07,-8.915154791351617e-08,-0.0013643166322871005
6.127376451779485e-06,-2.693817509166654e-09,-1.6654619643819374e-06,-6.040881739178698e-07,6.238176115641077e-07,-0.0018845022420602682
6.127381808361398e-06,-2.6950472272474225e-09,-1.6321524577395648e-06,-5.90263448616318e-07,6.113429452937767e-07,-0.002481819562256992
6.127388913895346e-06,-2.6961826238964225e-09,-1.5995091396677422e-06,-5.772144526458596e-07,5.991213483491981e-07,-0.0031536009737372812
6.127397981835527e-06,-2.697202733911491e-09,-1.5675186867569578e-06,-5.653391912792376e-07,5.87149454365656e-07,-0.0038972076886099076
6.127409215810122e-06,-2.6980828596296193e-09,-1.5361680417051196e-06,-5.551246921606294e-07,5.754243516642872e-07,-0.0047100297492936516
6.127422809097975e-06,-2.6987987602316297e-09,-1.5054444074550666e-06,-5.471508584515391e-07,5.639435881044641e-07,-0.005589486028267546
6.1274389443528974e-06,-2.6993227788619026e-09,-1.475335244510497e-06,-5.420930387978482e-07,5.527051655948685e-07,-0.006533024227985338
6.127457792942088e-06,-2.6996257206901553e-09,-1.4458282629992566e-06,-5.40723411123419e-07,5.417075258040688e-07,-0.007538120880951372
6.127479514807216e-06,-2.6996765639800336e-09,-1.4169114197837875e-06,-5.43911258427193e-07,5.309495307639756e-07,-0.008602281349950933
6.127504257639449e-06,-2.6994428586824877e-09,-1.388572911629915e-06,-5.526222371599911e-07,5.204304295596079e-07,-0.009723039828428388
6.127532156735367e-06,-2.69889080617376e-09,-1.3608011729474802e-06,-5.679167036908964e-07,5.101498226546723e-07,-0.010897959341012158
6.127563334311892e-06,-2.6979849627447255e-09,-1.3335848668400282e-06,-5.909471947834223e-07,5.001076150283183e-07,-0.012124631744170876
6.1275978991872465e-06,-2.6966903535952287e-09,-1.3069128861170622e-06,-6.229551255735248e-07,4.903039648291883e-07,-0.01340067772700535
6.127635946292406e-06,-2.6949697382746104e-09,-1.280774343041051e-06,-6.652667796952621e-07,4.807392227344717e-07,-0.014723746812156276
6.127677556323391e-06,-2.6927866917115373e-09,-1.2551585710246131e-06,-7.192886692084502e-07,4.7141386947279353e-07,-0.016091517356828226
6.12772279517752e-06,-2.690103981827424e-09,-1.2300551124351141e-06,-7.865023179031233e-07,4.6232844274491746e-07,-0.017501696553916726
6.127771713810255e-06,-2.6868837839221654e-09,-1.2054537212453032e-06,-8.684585489909428e-07,4.534834654856938e-07,-0.018952020433227725
6.127824347704755e-06,-2.6830884016347008e-09,-1.1813443564861736e-06,-9.667713147104486e-07,4.4487936710943875e-07,-0.020440253862782844
6.1278807166672554e-06,-2.67868123258429e-09,-1.1577171791549949e-06,-1.0831111573318853e-06,4.3651640434490904e-07,-0.021964190550196536
6.12794082447419e-06,-2.6736250589529944e-09,-1.1345625440767113e-06,-1.2191983235765614e-06,4.283945799708708e-07,-0.02352165304411302
6.128004658679389e-06,-2.667884452872899e-09,-1.111871000066926e-06,-1.3767956160905733e-06,4.205135608216538e-07,-0.025110492735697057
6.128072190419947e-06,-2.6614241472192258e-09,-1.089633286066262e-06,-1.5577010100372536e-06,4.1287260039730464e-07,-0.026728589860158296
6.128143374141179e-06,-2.6542101700229243e-09,-1.0678403243903241e-06,-1.7637400946857457e-06,4.0547045856538894e-07,-0.028373853498304645
6.128218147597051e-06,-2.6462091729683628e-09,-1.0464832213030854e-06,-1.9967583866765592e-06,3.9830532820417085e-07,-0.030044221578106437
6.128296431699635e-06,-2.637390642501686e-09,-1.0255532590215044e-06,-2.258613550210499e-06,3.913747669246969e-07,-0.03173766087626261
6.128378130479223e-06,-2.6277244062166398e-09,-1.0050418939772235e-06,-2.551167572225179e-06,3.8467563175465946e-07,-0.033452167019757326
6.128463131096974e-06,-2.6171825160442895e-09,-9.84940756333757e-07,-2.87627893062636e-06,3.7820402513072823e-07,-0.03518576448738752
6.128551303843756e-06,-2.6057390318903105e-09,-9.652416409419463e-07,-3.2357947878543016e-06,3.719552443358467e-07,-0.03693650661126112
6.1286425023112874e-06,-2.593371010386713e-09,-9.459365066861515e-07,-3.631543252604094e-06,3.659237454807812e-07,-0.03870247557824251
6.128736563469184e-06,-2.580057121134773e-09,-9.270174746904532e-07,-4.0653257323928814e-06,3.601031139411717e-07,-0.04048178243133918
6.128833307829935e-06,-2.5657779197765963e-09,-9.084768215064126e-07,-4.53890941422774e-06,3.5448604713199955e-07,-0.042272567071020964
6.128932539655927e-06,-2.550518124333484e-09,-8.903069808413308e-07,-5.054019898430216e-06,3.4906435073801963e-07,-0.044072998256456046
6.129034047352773e-06,-2.5342644384684774e-09,-8.725005362066836e-07,-5.612334016408004e-06,3.4382894674059666e-07,-0.04588127360665266
6.12913760355771e-06,-2.5170063489339956e-09,-8.550502197449456e-07,-6.2154728468724575e-06,3.3876989354875537e-07,-0.047695619601506756
6.129242965684309e-06,-2.4987377671708167e-09,-8.379489081719189e-07,-6.864994966508993e-06,3.3387642365573947e-07,-0.04951429158273481
6.129349876209159e-06,-2.4794547823939417e-09,-8.211896218188744e-07,-7.562389940767219e-06,3.2913699073432217e-07,-0.05133557375469101
6.129458063088387e-06,-2.4591570893614956e-09,-8.047655202822015e-07,-8.309072089458875e-06,3.2453933465941026e-07,-0.05315777918505764
6.129567240308769e-06,-2.4378481924808683e-09,-7.88669900617439e-07,-9.106374526603597e-06,3.200705605372955e-07,-0.054979249805409885
6.129677108271484e-06,-2.415534865423717e-09,-7.728961934779975e-07,-9.955543509159061e-06,3.1571722957870427e-07,-0.05679835641163178
6.129787354447632e-06,-2.392228864687171e-09,-7.574379583979492e-07,-1.0857733086781046e-05,3.114654656469196e-07,-0.0586134986642045
6.129897653875662e-06,-2.367944142689417e-09,-7.422888872635201e-07,-1.1814000083221896e-05,3.073010765378203e-07,-0.06042310508833836
6.130007669771721e-06,-2.3426999880223786e-09,-7.274427971197105e-07,-1.2825299409737851e-05,3.0320968494926336e-07,-0.06222563307395958
6.130117054218219e-06,-2.31651947970976e-09,-7.12893628112772e-07,-1.389247972102397e-05,2.9917687329090277e-07,-0.06401956887554575
6.130225448713573e-06,-2.289428990527256e-09,-6.986354417872999e-07,-1.501627942039536e-05,2.9518834027751827e-07,-0.0658034276118049
6.13033248501026e-06,-2.2614599390156632e-09,-6.846624190504998e-07,-1.619732302372598e-05,2.912300655965174e-07,-0.06757575326521657
6.1304377856963745e-06,-2.232647578518534e-09,-6.709688560640388e-07,-1.7436117877412008e-05,2.8728848484020113e-07,-0.06933511868139547
6.130540964996295e-06,-2.2030309433803373e-09,-6.575491625682366e-07,-1.873305124956665e-05,2.8335067173897315e-07,-0.07108012556832856
6.130641629548344e-06,-2.172654112556985e-09,-6.443978618422208e-07,-2.008838777620932e-05,2.7940452589585596e-07,-0.07280940449545255
6.130739379084053e-06,-2.1415655413034498e-09,-6.315095880198573e-07,-2.1502267282783192e-05,2.754389665129835e-07,-0.07452161489258528
6.1308338073539574e-06,-2.1098175417511375e-09,-6.188790783914095e-07,-2.2974702960935745e-05,2.714441262371089e-07,-0.076215445048716
6.13092450283038e-06,-2.077466631041818e-09,-6.065011780284703e-07,-2.4505579919200565e-05,2.6741154855418797e-07,-0.0778896121106696
6.131011049557739e-06,-2.0445741382013193e-09,-5.94370835260748e-07,-2.6094654086488962e-05,2.633343849132361e-07,-0.0795428620816165
6.131093028020654e-06,-2.011205224671287e-09,-5.824830990420473e-07,-2.7741551481135393e-05,2.5920758638344227e-07,-0.08117396981948798
6.131170015920647e-06,-1.97742875323761e-09,-5.708331170551032e-07,-2.9445767824523438e-05,2.550280945585265e-07,-0.08278173903523844
6.131241589061857e-06,-1.943319075442735e-09,-5.59416134202692e-07,-3.120666850946239e-05,2.507950241508294e-07,-0.08436500229102424
6.131307322206814e-06,-1.9089529171979855e-09,-5.482274898752614e-07,-3.302348890938259e-05,2.4650983804678205e-07,-0.08592262099827402
6.131366789915731e-06,-1.8744129725292095e-09,-5.372626179660455e-07,-3.489533501787816e-05,2.421765128350956e-07,-0.08745348541563856
6.131419567404286e-06,-1.8397841059333608e-09,-5.265170430771978e-07,-3.682118442451832e-05,2.3780169140793188e-07,-0.08895651464689618
6.131465231398007e-06,-1.8051562888096398e-09,-5.159863787423983e-07,-3.879988759767933e-05,2.3339482504898638e-07,-0.09043065663874236
6.131503361010914e-06,-1.7706216548748127e-09,-5.05666327380209e-07,-4.083016949604419e-05,2.289682959458039e-07,-0.09187488817853535
6.131533538565771e-06,-1.7362784983704816e-09,-4.955526766021606e-07,-4.291063146644796e-05,2.2453752661438147e-07,-0.09328821489197689
6.131533515461669e-06,-1.7021872254699145e-09,-4.856407292733611e-07,-4.503974790999717e-05,2.2009003641942708e-07,-0.09466967124113884
6.131533492819552e-06,-1.668777949908538e-09,-4.759270211068435e-07,-4.721588882639788e-05,2.1570873313478722e-07,-0.09601832052068374
6.131541771376572e-06,-1.6360754504121086e-09,-2.3535693959342035e-06,-4.921646614854168e-05,9.191373255681944e-07,-0.09733325485639892
6.131535898592626e-06,-1.6039769838204415e-09,-2.3064977746205614e-06,-5.14856892023669e-05,9.007637710152774e-07,-0.09861359520463751
6.131520066272455e-06,-1.5725962638171205e-09,-2.2603675828448187e-06,-5.379624318864292e-05,8.827944777945275e-07,-0.09985849134615798
6.131493893512851e-06,-1.542047878427019e-09,-2.215159993681817e-06,-5.6146045256719874e-05,8.652585851420415e-07,-0.10106712188602322
6.1314570083782896e-06,-1.5124519060070492e-09,-2.170856553604537e-06,-5.853290987715548e-05,8.481885558280826e-07,-0.10223869425065125
6.131409048665885e-06,-1.483929454596173e-09,-2.127439180232412e-06,-6.095455280544263e-05,8.316201014747893e-07,-0.10337244468538415
6.131349662680704e-06,-1.4566040850069864e-09,-2.08489015208316e-06,-6.340859524617494e-05,8.155920854268579e-07,-0.10446763825211892
6.131278509957782e-06,-1.430600184881603e-09,-2.043192101800837e-06,-6.589256822609213e-05,8.001463938064603e-07,-0.10552356882700531
6.131195262001947e-06,-1.4060464223990396e-09,-2.0023280107004446e-06,-6.840391714316495e-05,7.853277863012288e-07,-0.10653955909813523
6.131099602990646e-06,-1.3830706895071553e-09,-1.962281199535599e-06,-7.094000649576236e-05,7.711837189940723e-07,-0.10751496056336873
6.13099123046854e-06,-1.3618043744483178e-09,-1.9230353222514113e-06,-7.349812477364318e-05,7.577641389632301e-07,-0.10844915352819798
6.130869855992897e-06,-1.3423790729727203e-09,-1.8845743604267334e-06,-7.607548950345462e-05,7.451212587538281e-07,-0.10934154710369845
6.130735205809313e-06,-1.3249268652063467e-09,-1.8468826168345203e-06,-7.86692524299248e-05,7.333093037444761e-07,-0.11019157920460318
6.130587021443297e-06,-1.3095822492272907e-09,-1.8099447052865683e-06,-8.127650483397883e-05,7.223842361693639e-07,-0.1109987165474347
6.130425060370283e-06,-1.296479912715195e-09,-1.7737455515710258e-06,-8.389428296387573e-05,7.124034581039511e-07,-0.11176245464878493
6.130249096520928e-06,-1.2857532956921938e-09,-1.7382703775599468e-06,-8.651957357776649e-05,7.034254925580762e-07,-0.11248231782372224
6.130058920848037e-06,-1.2775386170261647e-09,-1.7035047062300345e-06,-8.914931957833528e-05,6.955096471079788e-07,-0.11315785918427804
6.129854341957091e-06,-1.2719699127776923e-09,-1.669434346390773e-06,-9.178042573497049e-05,6.88715656651768e-07,-0.1137886606381342
6.129635186472952e-06,-1.2691818076461314e-09,-1.6360453913805212e-06,-9.440976448122532e-05,6.831033130803545e-07,-0.11437433288738001
6.129401299638455e-06,-1.2693084606998852e-09,-1.603324213899594e-06,-9.70341817686749e-05,6.787320797340535e-07,-0.11491451542749581
6.129152545702524e-06,-1.2724823660505965e-09,-1.5712574587688985e-06,-9.965050298317549e-05,6.756606938212719e-07,-0.11540887654642969
6.128888808390214e-06,-1.2788366012241796e-09,-1.5398320371426625e-06,-0.00010225553888934947,6.739467598196106e-07,-0.11585711332384044
6.128609991281935e-06,-1.2885014043498077e-09,-1.5090351221928393e-06,-0.00010484609161402427,6.736463330562507e-07,-0.11625895163056484
6.128316018245364e-06,-1.3016063266315688e-09,-1.4788541445783118e-06,-0.0001074189606424688,6.748135031425381e-07,-0.11661414612814254
6.128006833675126e-06,-1.318279390899159e-09,-1.4492767845916918e-06,-0.00010997094882610658,6.774999696592979e-07,-0.1169224802686359
6.1276824029445655e-06,-1.3386454548928957e-09,-1.4202909700970901e-06,-0.00011249886838229978,6.817546212394088e-07,-0.11718376629453131
6.127342712612172e-06,-1.3628286863007644e-09,-1.3918848713092899e-06,-0.00011499954688544181,6.876231170924027e-07,-0.11739784523885649
6.126987770665231e-06,-1.390950556801442e-09,-1.3640468914309788e-06,-0.00011746983322745624,6.951474720992987e-07,-0.11756458692547275
6.126617606873695e-06,-1.4231285827075678e-09,-1.3367656713341013e-06,-0.00011990660354538023,7.043656533784308e-07,-0.11768388996954125
6.126232272893539e-06,-1.4594791023003816e-09,-1.3100300733800775e-06,-0.00012230676710231253,7.153111841134813e-07,-0.1177556817781639
6.125831842365211e-06,-1.5001139802176482e-09,-1.283829186675409e-06,-0.00012466727211142624,7.280127643607558e-07,-0.11777991855123242
6.125416411254876e-06,-1.5451425995260726e-09,-1.2581523160581339e-06,-0.00012698511148971848,7.424939055555044e-07,-0.11775658528240879
6.124986097774202e-06,-1.5946696573654876e-09,-1.2329889808963296e-06,-0.00012925732853918693,7.58772585893872e-07,-0.11768569576030756
6.124541042522172e-06,-1.6487981224728104e-09,-1.2083289115506912e-06,-0.00013148102253532378,7.768609268552196e-07,-0.11756729256986885
6.124081408602063e-06,-1.70762550125244e-09,-1.1841620428205816e-06,-0.0001336533542229561,7.967648938943039e-07,-0.11740144709385864
6.12360738145916e-06,-1.7712450027277754e-09,-1.1604785099247516e-06,-0.00013577155119813203,8.184840227887128e-07,-0.11718825951458338
6.123119168997096e-06,-1.8397453543725356e-09,-1.1372686462629894e-06,-0.00013783291317904213,8.420111766062757e-07,-0.11692785881573843
6.122617001410166e-06,-1.913211698380038e-09,-1.1145229789346689e-06,-0.00013983481714609683,8.673323327467503e-07,-0.11662040278438969
6.1221011312555585e-06,-1.9917234244209823e-09,-1.0922322241477305e-06,-0.0001417747223494002,8.944264039642772e-07,-0.11626607801320916
6.121571833032113e-06,-2.0753556586426697e-09,-1.070387282593994e-06,-0.0001436501751701221,9.232650931864286e-07,-0.11586509990269417
6.121029403291188e-06,-2.164177498035599e-09,-1.0489792393463647e-06,-0.00014545881382773868,9.538127861267603e-07,-0.11541771266370268
6.120474160268316e-06,-2.2582541140414862e-09,-1.0279993553251866e-06,-0.00014719837292694453,9.8602648334691e-07,-0.11492418931994763
6.1199064436568455e-06,-2.3576436246418553e-09,-1.007439068510553e-06,-0.00014886668783412833,1.0198557687505866e-06,-0.11438483171080736
6.1193266144003995e-06,-2.462399136464688e-09,-9.872899862098521e-07,-0.00015046169887299605,1.0552428219478653e-06,-0.11379997049401946
6.118735054321803e-06,-2.5725676996016716e-09,-9.675438846470773e-07,-0.00015198145533943752,1.0921224720978085e-06,-0.11316996514873465
6.118132165618872e-06,-2.688191540527334e-09,-9.481927035839631e-07,-0.00015342411931506508,1.1304222916699233e-06,-0.11249520397840716
6.1175183708260865e-06,-2.8093047418112057e-09,-9.292285453032065e-07,-0.0001547879692880503,1.1700627358681233e-06,-0.11177610411401871
6.116894111888417e-06,-2.9359374196961734e-09,-9.106436695773293e-07,-0.0001560714035548158,1.210957322847234e-06,-0.1110131115172059
6.116259850183703e-06,-3.068112130959308e-09,-8.924304906781053e-07,-0.00015727294341703825,1.2530128579190626e-06,-0.1102067009834851
6.115616065626168e-06,-3.2058446486178606e-09,-8.745815738810109e-07,-0.00015839123614760632,1.2961296994668016e-06,-0.10935737614563723
6.114963256208349e-06,-3.3491450207272228e-09,-8.570896341547208e-07,-0.00015942505773240104,1.340202067604116e-06,-0.10846566947693925
6.114301937501628e-06,-3.498016648490596e-09,-8.399475329666554e-07,-0.00016037331537251443,1.3851183921685476e-06,-0.1075321422946495
6.113632641893325e-06,-3.652455990441205e-09,-8.231482727445102e-07,-0.0001612350497459872,1.430761700708963e-06,-0.1065573847633361
6.112955918042942e-06,-3.812452044976318e-09,-8.066849972590099e-07,-0.00016200943702198467,1.4770100465366494e-06,-0.10554201589830564
6.112272329982666e-06,-3.977986973217841e-09,-7.905509861295041e-07,-0.00016269579061887988,1.523736969230942e-06,-0.10448668356894393
6.111582456466639e-06,-4.149037672721608e-09,-7.747396541549829e-07,-0.00016329356270180798,1.5708119935496677e-06,-0.10339206450214972
6.110886890036862e-06,-4.32557272670357e-09,-7.592445488792436e-07,-0.00016380234541670444,1.6181011576434652e-06,-0.10225886428566908
6.110186236424064e-06,-4.5075545433638004e-09,-7.440593447174878e-07,-0.00016422187184849768,1.6654675715833535e-06,-0.10108781737127667
6.1094811134888914e-06,-4.6949375887267425e-09,-7.291778431766249e-07,-0.0001645520167079223,1.7127720014103052e-06,-0.09987968707820548
6.108772150243651e-06,-4.887670047998079e-09,-7.145939711192107e-07,-0.00016479279673263446,1.7598734804451482e-06,-0.09863526559606252
6.108059986025243e-06,-5.085692277911872e-09,-7.00301775498036e-07,-0.0001649443708040263,1.8066299357363355e-06,-0.09735537398811994
6.1073452695401094e-06,-5.288939514854133e-09,-6.862954239266783e-07,-0.0001650070397722777,1.8528988346130116e-06,-0.09604086219411578
6.10662865746079e-06,-5.497337905820598e-09,-6.725691983402951e-07,-0.00016498124598668536,1.8985378443550976e-06,-0.09469260903322226
6.105910813964208e-06,-5.710808018902423e-09,-6.591174968935216e-07,-0.00016486757252775951,1.94340549910307e-06,-0.09331152220665193
6.105192408994707e-06,-5.929263194509444e-09,-6.459348280265788e-07,-0.00016466674213638509,1.9873618756473586e-06,-0.09189853830038396
6.104474117577409e-06,-6.152610126531347e-09,-6.330158128009356e-07,-0.00016437961583945206,2.0302692672415512e-06,-0.0904546227874901
6.103756618409406e-06,-6.380748276287425e-09,-6.203551764781324e-07,-0.0001640071912651835,2.071992856049753e-06,-0.08898077003043028
6.103040592743743e-06,-6.613571043612311e-09,-6.079477524618669e-07,-0.00016355060065081656,2.11240137912072e-06,-0.0874780032831856
6.102326723074551e-06,-6.850966521755456e-09,-5.957884768351292e-07,-0.00016301110853924125,2.1513677800671717e-06,-0.08594737469306477
6.101615692100582e-06,-7.092813388669941e-09,-5.838723855955426e-07,-0.00016239010916408147,2.1887698493422156e-06,-0.08438996530254902
6.100908181118783e-06,-7.338987220413209e-09,-5.721946151309105e-07,-0.000161689123519033,2.2244908408937454e-06,-0.08280688505059414
6.100204868928315e-06,-7.589355717320194e-09,-5.60750399785042e-07,-0.00016090979612346372,2.2584200655269744e-06,-0.08119927277413691
6.09950643053884e-06,-7.843780588548293e-09,-5.495350692015909e-07,-0.0001600538914668767,2.2904534572499933e-06,-0.07956829620891942
6.098813535612176e-06,-8.102118618525726e-09,-5.385440441399206e-07,-0.00015912329015455688,2.3204941042315075e-06,-0.07791515199044569
6.098126847374665e-06,-8.364220412216219e-09,-5.277728385143076e-07,-0.0001581199847433034,2.3484527465189372e-06,-0.07624106565451137
6.097447021114572e-06,-8.629931543895585e-09,-5.172170569991134e-07,-0.00015704607527688988,2.374248230640056e-06,-0.07454729163749492
6.096774702643248e-06,-8.89909277489509e-09,-5.068723908581047e-07,-0.0001559037645229052,2.397807923166216e-06,-0.07283511327644762
6.096110527275329e-06,-9.171538657989318e-09,-4.967346172315275e-07,-0.00015469535292076804,2.4190680755465884e-06,-0.07110584280894017
6.095455118108871e-06,-9.447099914514507e-09,-4.867995979590466e-07,-0.00015342323324205124,2.437974139750065e-06,-0.06936082137250398
6.094809084854671e-06,-9.725603568579237e-09,-4.77063278686328e-07,-0.0001520898849797904,2.454481031417829e-06,-0.06760141900408706
6.094173022369228e-06,-1.0006869675687651e-08,-4.675216861329133e-07,-0.00015069786846124209,2.4685533377669197e-06,-0.0658290346388775
6.09354750919954e-06,-1.0290717550993055e-08,-4.581709246143023e-07,-0.00014924981871294253,2.4801654694546026e-06,-0.06404509610922048
6.092933106502648e-06,-1.0576960327216255e-08,-4.4900717807324363e-07,-0.00014774843907081533,2.489301751383023e-06,-0.062251060143166885
6.092330356358394e-06,-1.086540908280463e-08,-4.400267062299789e-07,-0.00014619649456039843,2.4959564584329945e-06,-0.06044841236250303
6.091739780558508e-06,-1.1155871778355204e-08,-4.312258424474796e-07,-0.0001445968050567164,2.5001337865104843e-06,-0.058638667280989064
6.091161879582234e-06,-1.144815240245138e-08,-4.226009955121342e-07,-0.00014295223823455183,2.50184776467045e-06,-0.05682336830202244
6.090597130950006e-06,-1.1742054952702542e-08,-4.141486460648764e-07,-0.00014126570233317898,2.5011221076359522e-06,-0.05500408771619134
6.090045988055981e-06,-1.2037378315392624e-08,-4.05865343214063e-07,-0.00013954013874570832,2.4979900049505757e-06,-0.0531824266985433
6.089508879033725e-06,-1.2333920634803003e-08,-3.977477054077754e-07,-0.00013777851445918133,2.4924938564416235e-06,-0.05136001530575481
6.088986205617912e-06,-1.263148031697873e-08,-3.897924194135992e-07,-0.00013598381435267167,2.4846849458860727e-06,-0.049538512472979114
6.0884783420190614e-06,-1.2929852222674576e-08,-3.819962401506192e-07,-0.00013415903339245532,2.474623060857912e-06,-0.04771960601063097
6.087985633570184e-06,-1.3228831691300237e-08,-3.7435598314712566e-07,-0.00013230716872710487,2.4623760610456816e-06,-0.045905012600719206
6.087508396132905e-06,-1.352821318665527e-08,-3.668685319084184e-07,-0.00013043121172271922,2.4480193941547834e-06,-0.04409647779356308
6.08704691467215e-06,-1.3827791780685167e-08,-3.5953082830562826e-07,-0.00012853413995373754,2.431635566545595e-06,-0.042295776003784744
6.086601442566546e-06,-1.4127363405651541e-08,-3.523398786877857e-07,-0.00012661890917731216,2.4133135729037155e-06,-0.04050471050655852
6.08617220075337e-06,-1.4426723046497743e-08,-3.452927479844284e-07,-0.0001246884453186304,2.3931482818121573e-06,-0.03872511343358848
6.085759376697231e-06,-1.4725667169617585e-08,-3.383865601837066e-07,-0.00012274563649767431,2.3712397933242536e-06,-0.03695884576913418
6.08536312386427e-06,-1.502399580128615e-08,-3.3161849473975696e-07,-0.00012079332512459209,2.34769276195068e-06,-0.03520779734591672
6.084983560856528e-06,-1.532150898823437e-08,-3.24985790014667e-07,-0.0001188343000911358,2.3226156989849553e-06,-0.033473886840990764
6.084620770806878e-06,-1.56180099886017e-08,-3.184857408277163e-07,-0.00011687128909916586,2.2961202532182804e-06,-0.031759061771500806
6.084274800976777e-06,-1.5913303257009072e-08,-3.121156919493522e-07,-0.0001149069511489299,2.2683204777249022e-06,-0.030065298490838596
6.083945662027751e-06,-1.6207198358113683e-08,-3.058730433921056e-07,-0.00011294386922663222,2.2393320918052708e-06,-0.028394602184205406
6.083633327688502e-06,-1.6499507459608316e-08,-2.997552475326347e-07,-0.00011098454322170959,2.209271737982862e-06,-0.026749006865013712
6.083337734470183e-06,-1.6790046637888748e-08,-2.937598073052868e-07,-0.00010903138311450737,2.178256242284547e-06,-0.02513057537055638
6.0830587812094455e-06,-1.7078636450009355e-08,-2.878842752318753e-07,-0.00010708670246616305,2.1464018863027035e-06,-0.023541399358568443
6.0827963288984875e-06,-1.7365102288639046e-08,-2.82126254698576e-07,-0.00010515271224468643,2.113823694498519e-06,-0.021983599303198875
6.082550200692179e-06,-1.7649273958956452e-08,-2.764833922935e-07,-0.00010323151503851477,2.080634737977526e-06,-0.020459324491948164
6.082320181526714e-06,-1.7930987755652633e-08,-2.709533879503659e-07,-0.00010132509967527781,2.0469454735250354e-06,-0.01897075302187388
6.0821060182567105e-06,-1.8210084739852617e-08,-2.6553398338430517e-07,-9.943533630645656e-05,2.0128631065969224e-06,-0.017520091796792543
6.081907419650357e-06,-1.848641261319273e-08,-2.6022296748615504e-07,-9.756397197873234e-05,1.978490996544174e-06,-0.01610957652440196
6.081724056492238e-06,-1.8759825792603448e-08,-2.550181704851853e-07,-9.571262674625913e-05,1.943928102391841e-06,-0.014741471713338767
6.081555561714241e-06,-1.9030185130766497e-08,-2.499174699190736e-07,-9.388279035692609e-05,1.9092684782708476e-06,-0.013418070671409637
6.08140153052356e-06,-1.9297359466542593e-08,-2.4491878303657576e-07,-9.207581955700743e-05,1.87460081688146e-06,-0.012141695502862582
6.081261520753662e-06,-1.9561225187412863e-08,-2.400200698134109e-07,-9.029293605196609e-05,1.8400080517836713e-06,-0.01091469710724895
6.081135053094646e-06,-1.9821665423308454e-08,-2.3521933074053668e-07,-8.853522517359131e-05,1.8055670181469214e-06,-0.009739455177598833
6.081021611289153e-06,-2.0078572771452846e-08,-2.3051460532697176e-07,-8.680363528652055e-05,1.7713481763198394e-06,-0.008618378199589244
6.080920642851233e-06,-2.0331847983260886e-08,-2.2590397444366998e-07,-8.509897798660413e-05,1.737415401678043e-06,-0.007553903450806321
6.080831558953384e-06,-2.058140127078377e-08,-2.2138555604014494e-07,-8.342192912681348e-05,1.7038258425149749e-06,-0.00654849700056218
6.080753735304679e-06,-2.0827151173755042e-08,-2.1695750697226297e-07,-8.177303071802017e-05,1.6706298479931412e-06,-0.005604653709636668
6.080686512207754e-06,-2.1069025734152545e-08,-2.1261801800672398e-07,-8.015269375191236e-05,1.637870970618703e-06,-0.004724897231260735
6.080629195215816e-06,-2.1306962526129183e-08,-2.0836531842109922e-07,-7.856120198737398e-05,1.6055860404909925e-06,-0.003911780011655884
6.0805810552802225e-06,-2.154091043590188e-08,-2.0419767175188765e-07,-7.69987167464909e-05,1.5738053164375068e-06,-0.0031678832916833583
6.08054132966011e-06,-2.1770827110523927e-08,-2.0011337859395648e-07,-7.54652827652824e-05,1.5425527118234955e-06,-0.0024958171083142946
6.08050922176205e-06,-2.1996680893599205e-08,-1.9611077083531723e-07,-7.39608351521968e-05,1.5118460979505123e-06,-0.0018982202973631473
6.080483901820687e-06,-2.2218450337174367e-08,-1.9218821558984808e-07,-7.248520749192145e-05,1.4816976841633365e-06,-0.0013777604955741692
6.080464507324104e-06,-2.243612656592808e-08,-1.8834411212644962e-07,-7.103814115310722e-05,1.4521144759596796e-06,-0.000937134144564705
6.0804501428530785e-06,-2.2649710188145196e-08,-1.8457688953901134e-07,-6.961929583577668e-05,1.423098809439507e-06,-0.0005790664937523257
6.0804398808987495e-06,-2.2859214172440544e-08,-1.8088501109020581e-07,-6.822826142722622e-05,1.3946489650034968e-06,-0.00030631160500288343
6.080432761509807e-06,-2.3064661778481158e-08,-1.7726697027474977e-07,-6.686457119397202e-05,1.366759860099101e-06,-0.00012165235718911307
6.080424152891007e-06,-2.326606930660973e-08,1.377536789538571e-06,-6.57090995624847e-05,7.812615491153149e-07,-2.790045162434106e-05
