0.802466278547693,1.5794376010236562,-0.9486793707104142,0.13819608841403133,-0.37341644931907086,-0.14004979246893004
0.7884728109811774,1.5485900508587733,-0.9278104671407821,0.13511409916878275,-0.36611579027365115,-0.13767302459757336
0.7826240277538193,1.516351350040341,-0.913401802681386,0.13073165285361438,-0.359795955807814,-0.13637147169958738
0.7888172155270509,1.4845841924127638,-0.9053196268539654,0.12504766105558052,-0.35456608857443705,-0.13672646894997065
0.7996359069405625,1.4570448215008307,-0.8968472674700644,0.11971657786715953,-0.349099082549107,-0.13803107832790915
0.8129668960194584,1.4344830229576837,-0.8877297593808224,0.11500152852635466,-0.34271766751706406,-0.13997902263963397
0.825631967240724,1.4178146799619444,-0.876685200736141,0.11188835927606783,-0.33390813944115283,-0.1417740560763737
0.8359442905850828,1.406988892590738,-0.8638878940312209,0.11076423129308592,-0.32122028465380936,-0.14284970510818748
0.8506962877279345,1.3979406604007745,-0.8470014357973688,0.1088703339751606,-0.3122873524517571,-0.1479001753754261
0.7807930969814332,1.4404804773571704,-0.9259345660305521,0.11084901388906776,-0.2885458776827537,-0.12087658713527649
0.7882986983225662,1.4261878664775827,-0.9153405754230941,0.10447322936798478,-0.2786390639720832,-0.12605374194698424
0.7949747624468569,1.4153430898053185,-0.9062891242637893,0.09698982350692457,-0.2694728760998761,-0.13204767516061922
0.8002256034110826,1.4071734051242175,-0.8992192032691894,0.08823913462771663,-0.2615193430857238,-0.1387250563539754
0.8035990541963307,1.4008043543564686,-0.8943944223401712,0.07820908904469864,-0.2552366979024233,-0.1458601689241899
0.804804103195487,1.3952999139057083,-0.8918945648865809,0.06701164820145945,-0.25090457601407906,-0.15315065697196595
0.8037236703490215,1.3897070359378152,-0.891613413384092,0.054809455960881395,-0.24867484747919444,-0.1602557751885505
0.8004209592725251,1.3831035754661285,-0.8932642340300996,0.04181870031427198,-0.24875746926773987,-0.16679339750740166
0.7951378225276676,1.3746476802200005,-0.8963940532653222,0.02837095557001843,-0.2513332763452189,-0.17237763245292972
0.7882839081851772,1.3636258407987534,-0.9004072674270289,0.014861491778812658,-0.25626358264258453,-0.17679331510505436
0.7804160322372211,1.3494961596253376,-0.904598240334322,0.0015947161989587858,-0.26312394415653934,-0.18007906327580722
0.7722081806517266,1.3319231949181176,-0.908191483515271,-0.011250689003197131,-0.2715161319469245,-0.18240422799645065
0.760545071381216,1.3126273304382974,-0.906812826397833,-0.023374912241075785,-0.27792223867179916,-0.1851458264280868
0.7491429112110067,1.2904199311995834,-0.9025243129468316,-0.03472155816261959,-0.2847733383980478,-0.18755258736986335
0.7396654261812929,1.2652255959217176,-0.8955199779050623,-0.045128478552523985,-0.29284049058522715,-0.1893953660380366
0.7340647321756796,1.237005690498861,-0.8863122288577076,-0.055105934594803216,-0.3019858440216412,-0.19149199599331643
0.7309894292873144,1.2075169786524436,-0.8749574311318492,-0.06364416366294254,-0.31075998889503054,-0.1931294374345177
0.7264424896214845,1.1793057254346238,-0.8631240957087987,-0.06960075805171292,-0.3162327353996497,-0.19318391310535105
0.7206056910299384,1.1522666813852007,-0.850800511972144,-0.07377452837686681,-0.3192764217543394,-0.19221276970221787
0.7137569786201717,1.1262595069107024,-0.8380939157312483,-0.0766967288061285,-0.3205447795679383,-0.19056513609137266
0.7061460480700251,1.1011609825268251,-0.8251214954814591,-0.0787178662198503,-0.3205013106993921,-0.18846174998586493
0.6979706382641071,1.0768730330422083,-0.8119823351953158,-0.08007301931250849,-0.3194722027846963,-0.18604580416850722
0.6893810845781715,1.0533193736312103,-0.7987540714068155,-0.08092376095632013,-0.31768931861915684,-0.18341301865487206
0.6804903935736161,1.0304404319253624,-0.7854960132565734,-0.08138408576839036,-0.3153201771414349,-0.1806292979155282
0.6713835531845648,1.0081889787774048,-0.7722531930159124,-0.08153647847148447,-0.31248800754031614,-0.17774127144409743
0.6619544049994438,0.9865904005788614,-0.7589543363126381,-0.08146521683284522,-0.3093023391031458,-0.1748211956290804
0.652276952492559,0.965601621548295,-0.7456466432788769,-0.08121426382891711,-0.3058340192142912,-0.17189016657346456
0.6424163425219459,0.9451841253910264,-0.7323712315385461,-0.08081624957439096,-0.3021370303965122,-0.1689619855575154
0.6324230131141741,0.9253058708663228,-0.7191596034818093,-0.0802966387920456,-0.29825363429701907,-0.16604699999824624
0.6223364213488737,0.9059396759190286,-0.7060361285645814,-0.07967561935910356,-0.29421734167147473,-0.16315306699968588
0.6121877144349583,0.8870620673244881,-0.6930198050736762,-0.07896942362198339,-0.2900550352391471,-0.1602862115523323
0.6020016716865556,0.8686524490292148,-0.6801255302119795,-0.07819127045499219,-0.2857885098420674,-0.15745108560304108
0.591798136196821,0.8506924919727915,-0.6673650294142482,-0.07735204882921377,-0.281435605809926,-0.1546512943738953
0.5815930842408584,0.8331656801113616,-0.6547475458890847,-0.07646082201944608,-0.27701105418700217,-0.15188963238951286
0.5713994339534533,0.8160569681712552,-0.6422803589953161,-0.07552520526528671,-0.27252711501661103,-0.14916825697271405
0.5612276639035441,0.7993525204029516,-0.6299691787459905,-0.07455165275383294,-0.2679940650357115,-0.1464888177334857
0.5510862913401341,0.7830395088074672,-0.6178184495012093,-0.0735456786720936,-0.26342057442877026,-0.14385255465226146
0.5409822456410157,0.7671059555548927,-0.605831586272458,-0.07251202965445278,-0.2588140009037973,-0.14126037348241333
0.5309394830070452,0.7515353802485568,-0.5940191562078487,-0.0714549127747875,-0.25419348909403133,-0.13870554409725844
0.521011970960283,0.7363035596474808,-0.5824036600882085,-0.07037811742063912,-0.2495987336442948,-0.13616854091544292
0.511201020948864,0.7214018349587126,-0.5709839911939047,-0.06928477463623439,-0.24503217420813214,-0.13365054998726303
0.5015074375610512,0.7068219201530888,-0.5597587707099102,-0.06817766124809566,-0.24049582034922096,-0.13115253772815919
0.4919315999636437,0.6925558652108746,-0.5487263945472656,-0.06705925543210484,-0.23599131530605746,-0.12867528808871892
0.4824735292779801,0.6785960252446184,-0.5378850721981436,-0.06593178262432078,-0.23151998912467642,-0.12621943383817788
0.4731329449949741,0.6649350342647262,-0.5272328592871779,-0.0647972535353955,-0.22708290351665533,-0.12378548309788089
0.46527284844323424,0.6512283943629649,-0.5172683772371304,-0.0641438048952888,-0.2239756432702996,-0.1220049545817035
0.45754279093080286,0.6378097429325891,-0.5074818381723389,-0.06342959998732642,-0.22080056276060783,-0.12017156920451467
0.4499135698565444,0.6246793104238362,-0.49786094784088536,-0.06266118087445109,-0.21756092117738685,-0.11829294180916912
0.44228652322866685,0.6118533227221776,-0.48837039859887915,-0.061852072713906914,-0.2142686875874103,-0.11639435287664451
0.43466144166042286,0.5993243201955286,-0.479010059279599,-0.061005415649797605,-0.21092419100402296,-0.11447698664924454
0.42703783162107545,0.5870850848836576,-0.46977962400959306,-0.060124139163275234,-0.20752759341771793,-0.11254188260936092
0.4194148935720823,0.5751286366667933,-0.46067861706901425,-0.059210970263841416,-0.204078869058018,-0.11058992939671639
0.41179148958442396,0.5634482314022643,-0.45170639494380754,-0.05826843942087079,-0.20057777618976622,-0.10862185527393603
0.4041660981626332,0.5520373612766795,-0.4428621452137614,-0.0572988841372555,-0.19702381964480567,-0.10663821439523402
0.39611167320974094,0.5409779474677306,-0.4340188519456731,-0.05621704941611032,-0.19307295041089448,-0.10449120217226875
0.3884627440629888,0.5300902721142562,-0.4254235829800374,-0.055196249349826525,-0.18939953319375602,-0.10247274275834951
0.3808016547596037,0.5194544927531907,-0.4169521737649588,-0.05415389297486394,-0.18566783553107521,-0.10043821197125638
0.37321159258652015,0.5090480731117745,-0.40862716660493353,-0.053112802996153334,-0.18194579350286244,-0.09841598470859556
0.36577244931295105,0.49885022610274804,-0.40046859629235015,-0.052093548262773896,-0.1782986230236677,-0.09643277123728246
0.35848124210725446,0.4888567752177342,-0.3924731047674874,-0.051096078298851454,-0.1747247928706009,-0.09448769576991531
0.35133504538239585,0.47906362704734995,-0.38463740473964625,-0.05012043943356654,-0.17122279487044462,-0.09257986630885458
0.3443309899195235,0.46946676966576273,-0.3769582778920708,-0.04916322453196934,-0.16779120152610694,-0.09070934822864515
0.3374662619729319,0.4600622710446364,-0.36943257316638334,-0.04822295471209729,-0.16442860144577953,-0.08887580170098848
0.33073810236205714,0.45084627749596784,-0.36205720511916434,-0.047299422480787,-0.16113359600877997,-0.08707857717822816
0.32414380555519984,0.4418150121433589,-0.3548291523443307,-0.04639241894134016,-0.1579048161183951,-0.08531703777163935
0.3176807187488963,0.43296477342125167,-0.34774545595581563,-0.04550173313792079,-0.15474092144195864,-0.08359055756257641
0.31134624094620605,0.42429193360170864,-0.3408032181257662,-0.044627151651252736,-0.15164059966845192,-0.08189852015031408
0.30513782203664114,0.415792937348292,-0.3339996006740815,-0.043768458410089514,-0.1486025657887205,-0.08024031743878086
0.2990529618800102,0.407464300296638,-0.32733182370562935,-0.0429254346820259,-0.14562556140190122,-0.07861534865596494
0.2935915789819711,0.3992251877759702,-0.32090330000443323,-0.042181770712680665,-0.14310212525972588,-0.07719973336047863
0.2881512617511919,0.39116592402152367,-0.31458272578255303,-0.04143439905291059,-0.1405608072207169,-0.07578429323506469
0.28273240523163334,0.3832822548938912,-0.3083689370047324,-0.04068425765695248,-0.13800220095781934,-0.07436964740943923
0.2773354022850687,0.37557003060381244,-0.3022607554703031,-0.039932235750050005,-0.1354269135150461,-0.0729563908208559
0.2719606432669934,0.3680252032682756,-0.2962569903691233,-0.039179175702277844,-0.13283556414547257,-0.07154509454473139
0.26660851561532145,0.36064382452897326,-0.2903564397513893,-0.038425874821582405,-0.13022878311559172,-0.07013630612198755
0.26129043594263096,0.35342053135588736,-0.28455993309652244,-0.0376748846549275,-0.12761610874355103,-0.06873382384275571
0.2560782523872715,0.3463420237377457,-0.27887909734806626,-0.03693824760874582,-0.12505600088379676,-0.06735918420761655
0.25096986141976974,0.3394053981633118,-0.2733116203101165,-0.036215705293873676,-0.12254739831034214,-0.0660118417395129
0.24596320111509984,0.3326078092431926,-0.2678552365198665,-0.035507003212737004,-0.12008926126605658,-0.06469126182162054
0.24105625034512027,0.3259464685584397,-0.26250772625833535,-0.03481189072849431,-0.11768057102292957,-0.06339692041568713
0.2362470279846435,0.3194186435311125,-0.25726691458579104,-0.03413012103427237,-0.11532032945274852,-0.06212830379569048
0.231533592131183,0.3130216563164305,-0.252130670400907,-0.03346145112241879,-0.11300755860774135,-0.06088490829542985
0.22691403933838936,0.3067528827161512,-0.24709690552277316,-0.0328056417536869,-0.11074130031077686,-0.05966624006882913
0.22238650386313571,0.30060975111281596,-0.24216357379493156,-0.03216245742626497,-0.10852061575474106,-0.058471814861827565
0.21794915692619976,0.2945897414244985,-0.2373286702106702,-0.03153166634457442,-0.1063445851107475,-0.057301157794861036
0.21360020598644772,0.2886903840797108,-0.23259023005884955,-0.03091304038775602,-0.1042123071448569,-0.056153803155022136
0.20933789402841396,0.28290925901210817,-0.2279463280895898,-0.030306355077782027,-0.10212289884301214,-0.05502929419708214
0.20516049886314794,0.2772439946746525,-0.22339507769917583,-0.029711389547133666,-0.10007549504391486,-0.053927182952634586
0.2010663324421848,0.27169226707288924,-0.2189346301335826,-0.02912792650600074,-0.09806924807958789,-0.05284703004668982
0.1970537401844847,0.26625179881700034,-0.21456317371005057,-0.02855575220896286,-0.09610332742338909,-0.051788404521117666
0.193121100316172,0.2609203581922968,-0.2102789330561696,-0.027994656421128018,-0.09417691934525504,-0.05075088366439015
0.18926682322289984,0.2556957582478271,-0.2060801683659653,-0.02744443238371001,-0.09228922657397175,-0.04973405284712982
0.18548935081466114,0.2505758559027665,-0.2019651746724931,-0.02690722781976702,-0.09044234121940277,-0.048729394062913385
0.18178715590285313,0.24555855107027635,-0.19793228113648278,-0.02637808675202611,-0.088629717947109,-0.047752931313215244
0.1781587415894085,0.24064178579850637,-0.19397985035058457,-0.02585921934155301,-0.08685351355464185,-0.0467959566318397
0.1746026406677932,0.23582354342843354,-0.19010627765879698,-0.02535043231383709,-0.08511299338249605,-0.045858086281519
0.17111741503567865,0.23110184776823062,-0.18630999049066693,-0.024851535692767147,-0.08340743764030893,-0.0449389438573433
0.16770165511908697,0.22647476228385235,-0.1825894477098769,-0.02436234276280434,-0.08173614110756279,-0.044038160148977025
0.16435397930781018,0.22194038930554813,-0.17894313897684047,-0.023882670030684682,-0.0800984128401986,-0.04315537300634629
0.16107303340190376,0.21749686925000192,-0.17536958412495357,-0.023412337186687178,-0.07849357588301241,-0.0422902272085761
0.15785749006905758,0.2131423798578099,-0.17186733255014855,-0.02295116706549839,-0.0769209669877111,-0.04144237433598706
0.15470604831264373,0.20887513544600972,-0.1684349626134242,-0.02249898560671867,-0.07537993633651018,-0.04061147264496292
0.15161743295024463,0.20469338617537713,-0.16507108105602722,-0.022055621815043603,-0.07386984727116049,-0.03979718694553965
0.14859039410246846,0.20059541733221636,-0.16177432242697723,-0.021620907720165766,-0.07239007602729627,-0.03899918848156707
0.14562370669185468,0.1965795486243683,-0.15854334852263446,-0.021194678336437647,-0.07094001147399934,-0.038217154813311185
0.14271616995168182,0.19264413349116843,-0.1553768478380226,-0.02077677162233408,-0.06951905485848006,-0.03745076970238708
0.13986660694448705,0.18878755842709047,-0.1522735350296273,-0.02036702843976158,-0.06812661955577569,-0.03669972299891042
0.13707386409010855,0.1850082423188135,-0.14923215038939724,-0.01996529251324892,-0.06676213082337232,-0.03596371053077707
0.13433681070307246,0.18130463579545994,-0.14625145932968775,-0.01957141038906497,-0.0654250255606598,-0.0352424339949848
0.1316543385391349,0.17767522059175028,-0.14333025187889306,-0.019185231394297793,-0.06411475207312672,-0.03453560085091944
0.1290253613508084,0.17411850892382735,-0.1404673421875197,-0.018806607595938128,-0.06283076984121161,-0.03384292421553656
0.12644881445168982,0.17063304287750714,-0.13766156804446145,-0.01843539375999949,-0.0615725492937225,-0.033164122760376086
0.12392365428942383,0.1672173938087167,-0.13491179040324622,-0.018071447310712457,-0.06033957158574292,-0.032498920610353914
0.12144885802712481,0.16387016175588398,-0.13221689291802702,-0.01771462828982756,-0.059131328380940575,-0.031847047244278184
0.11902342313309627,0.16058997486405058,-0.12957578148909996,-0.017364799316055942,-0.05794732163820154,-0.031208237397043488
0.11664636697867832,0.157375488820474,-0.12698738381773558,-0.017021825544682175,-0.056787063402506686,-0.03058223096346294
0.11431672644406837,0.15422538630150465,-0.12445064897011804,-0.0166855746273749,-0.055650075599978,-0.029968772903696494
0.11203355753194813,0.151138376430513,-0.12196454695018658,-0.016355916672223067,-0.0545358898370147,-0.02936761315024204
0.10979593498877083,0.14811319424665198,-0.11952806828119175,-0.016032724204026103,-0.05344404720344594,-0.02877850651645666
0.10760295193355057,0.14514860018424472,-0.11714022359576666,-0.01571587212485661,-0.052374098079626716,-0.028201212606578614
0.10545371949400599,0.1422433795625897,-0.11480004323433543,-0.015405237674922361,-0.051325601947403474,-0.027635495727220526
0.10334736644991174,0.139396342085977,-0.11250657685167235,-0.01510070039374547,-0.050298127204878536,-0.027081124800310896
0.10128303888351431,0.1366063213537192,-0.11025889303143968,-0.014802142081679074,-0.04929125098490282,-0.026537873277457335
0.09925989983687097,0.13387217437999616,-0.10805607890853089,-0.014509446761778504,-0.04830455897722709,-0.026005519055711673
0.0972771289759738,0.1311927811233236,-0.10589723979905301,-0.01422250064204206,-0.047337645254244075,-0.02548384439471353
0.09533392226152435,0.12856704402545452,-0.10378149883778291,-0.013941192078036992,-0.046390112100253275,-0.024972635835194008
0.09342949162622342,0.1259938875595288,-0.10170799662294287,-0.013665411535923558,-0.045461569844182266,-0.024471684118818435
0.09156306465845217,0.12347225778728516,-0.09967589086813655,-0.013395051555889626,-0.044551636695699774,-0.02398078410935269
0.08973388429220745,0.12100112192515933,-0.09768435606129475,-0.013130006716003558,-0.043659938584653835,-0.02349973471513315
0.08794120850317784,0.11857946791909313,-0.09573258313048555,-0.012870173596500053,-0.04278610900377492,-0.023028338812824425
0.08618431001082731,0.11620630402787818,-0.09381977911644322,-0.012615450744500928,-0.04192978885457713,-0.022566403172447604
0.0844624759863766,0.1138806584148679,-0.09194516685167414,-0.012365738639184172,-0.04109062629639963,-0.02211373838366443
0.08277500776655672,0.11160157874789063,-0.0901079846460061,-0.01212093965740231,-0.04026827659852514,-0.021670158783300312
0.08112122057302432,0.10936813180720205,-0.08830748597844255,-0.011880958039758,-0.03946240199531583,-0.021235482384091103
0.07950044323732446,0.10717940310131413,-0.0865429391951937,-0.01164569985714194,-0.03867267154430864,-0.020809530804638356
0.07791201793129238,0.10503449649054666,-0.08481362721375717,-0.011415072977733887,-0.03789876098721167,-0.020392129200559633
0.0763552999027823,0.10293253381814689,-0.0831188472329196,-0.011188987034472724,-0.03714035261374296,-0.0199831061968166
0.0748296572166219,0.1008726545488247,-0.08145791044856228,-0.010967353392992827,-0.03639713512825843,-0.019582293821207398
0.07333447050068463,0.09885401541455664,-0.0798301417751453,-0.010750085120034995,-0.03566880351910995,-0.01918952743900952
0.07186913269698077,0.096875790067515,-0.07823487957276035,-0.010537096952325136,-0.03495505893068279,-0.018804645688757254
0.07043304881766765,0.0949371687399754,-0.07667147537963327,-0.01032830526592613,-0.034255608538056495,-0.01842749041914035
0.06902563570588029,0.09303735791106803,-0.07513929364996627,-0.01012362804605976,-0.03357016542423729,-0.018057906627007948
0.06764632180128524,0.09117557998023224,-0.073637711497011,-0.009922984857398485,-0.03289844845991029,-0.017695742396466294
0.06629454691026992,0.0893510729472419,-0.0721661184412671,-0.009726296814825603,-0.03224018218566131,-0.017340848839053184
0.06496976198066813,0.08756309009867044,-0.07072391616370018,-0.009533486554661057,-0.03159509669661729,-0.016993080034974458
0.06367142888093713,0.08581089970066301,-0.06931051826387656,-0.009344478206351071,-0.030962927529456476,-0.016652292975392915
0.06239902018369662,0.08409378469789418,-0.06792535002291838,-0.009159197364620649,-0.030343415551741377,-0.01631834750574838
0.06115201895354211,0.0824110424185837,-0.06656784817117897,-0.008977571062082032,-0.02973630685352533,-0.01599110627010172
0.059929918539051406,0.08076198428544984,-0.06523746066054305,-0.008799527742297551,-0.029141352641188053,-0.01567043465648214
0.05873222236889566,0.07914593553248035,-0.06393364644125946,-0.008624997233297954,-0.02855830913345281,-0.015356200743229421
0.057558443751981464,0.07756223492740551,-0.06265587524321428,-0.00845391072154081,-0.02798693745954246,-0.01504827524631395
0.05640810568153681,0.07601023449975791,-0.06140362736155561,-0.008286200726318178,-0.027427003559428145,-0.01474653146761716
0.055280740643069655,0.0744892992744063,-0.06017639344658004,-0.008121801074600124,-0.02687827808613025,-0.01445084524416799
0.05417589042611551,0.07299880701045348,-0.05897367429779936,-0.0079606468763118,-0.026340536310026277,-0.01416109489831009
0.053093105939706564,0.07153814794539125,-0.057794980662100044,-0.00780267450004205,-0.025813558025127234,-0.013877161188793096
0.05203194703148478,0.07010672454440565,-0.05663983303591504,-0.007647821549173824,-0.025297127457279914,-0.013598927262771964
0.050991982310387464,0.06870395125472958,-0.05550776147132523,-0.007496026838437487,-0.024791033174255767,-0.013326278608699754
0.04997278897283379,0.06732925426494021,-0.054398305386016484,-0.007347230370874917,-0.024295067997687343,-0.013059103010101292
0.04897395263234849,0.06598207126910331,-0.053311013377009955,-0.007201373315215892,-0.023809028916814225,-0.012797290500212256
0.0479950671525479,0.06466185123566354,-0.05224544303809429,-0.0070583979836563605,-0.023332717004000837,-0.012540733317474
0.047035734483426954,0.06336805418099027,-0.05120116078088156,-0.006918247810036779,-0.02286593733198858,-0.012289325861863508
0.046095564500879704,0.062100150947480434,-0.05017774165942065,-0.006780867328412306,-0.02240849889284755,-0.012042964652053904
0.045174174849392165,0.06085762298612793,-0.04917476919828884,-0.0066462021520115435,-0.021960214518591703,-0.011801548283383312
0.04427119078784148,0.059639962143471156,-0.04819183522410138,-0.006514204583182431,-0.021520924669634817,-0.011564929521361325
0.043386245038342916,0.05844667045282872,-0.04722853970036359,-0.00638481099935007,-0.02109040145295243,-0.011333107737228839
0.042518977638084605,0.057277259929738214,-0.046284490565603374,-0.0062579758312338776,-0.02066849307469991,-0.01110593860954936
0.0416690357940904,0.05613125237151048,-0.04535930357471553,-0.006133648805881763,-0.020255026964788623,-0.010883328636347256
0.040836073740851075,0.055008179160819896,-0.04445260214345737,-0.006011780629931409,-0.019849834019916947,-0.010665186193879354
0.04001975260077381,0.05390758107324843,-0.04356401719603014,-0.005892322970777777,-0.01945274853346499,-0.010451421499206323
0.039219740247386406,0.05282900808870145,-0.042693187015686904,-0.005775228438091259,-0.01906360812682439,-0.010241946573485502
0.03843571117124821,0.05177201920661917,-0.041839757098304134,-0.005660450499310228,-0.01868225327876243,-0.010036676010277181
0.03766734634851263,0.050736182264908794,-0.04100338000886305,-0.005547943269892624,-0.018308525885247864,-0.009835529674941302
0.03691433311208692,0.04972107376251669,-0.0401837152407762,-0.005437662171473982,-0.01794227338868654,-0.009638424301566355
0.03617636502534066,0.04872627868557517,-0.03938042907800873,-0.00532956349134279,-0.01758334628384592,-0.009445278321054441
0.03545314175831287,0.047751390337043176,-0.03859319445993545,-0.005223604365907824,-0.017231598056702317,-0.0092560118259674
0.0347443689663673,0.046796010169778184,-0.037821690848880415,-0.005119742764472006,-0.01688688512451962,-0.009070546536119928
0.03404975817124687,0.045859747622964464,-0.0370656041002869,-0.00501793747330622,-0.01654906677713151,-0.00888880576490134
0.033369026644484136,0.04494221996183334,-0.03632462633546283,-0.004918148080017354,-0.016218005119405708,-0.008710714386312303
0.03270189729311649,0.044043052120605115,-0.03559845581685451,-0.004820334958207198,-0.01589356501486446,-0.008536198802698756
0.03204809854766264,0.0431618765485953,-0.034886796825794084,-0.004724459252416507,-0.015575614030437621,-0.008365186913170059
0.03140736425231801,0.04229833305941121,-0.03418935954267583,-0.004630482863350022,-0.015264022382326865,-0.00819760808268703
0.03077943355732284,0.04145206868318481,-0.03350585992951081,-0.0045383684333760044,-0.014958662882956698,-0.008033393111801599
0.030164050813460127,0.04062273752177646,-0.03283601961481185,-0.004448079332298381,-0.014659410888991652,-0.007872474207039987
0.02956096546864259,0.03981000060689074,-0.032179565780766146,-0.004359579643394591,-0.014366144250396637,-0.007714784951908455
0.028969931966548235,0.039013525761046455,-0.03153623105264728,-0.004272834149714293,-0.014078743260521135,-0.007560260278516051
0.028390709647262057,0.03823298746133993,-0.030905753390422855,-0.004187808320636998,-0.013797090607184665,-0.007408836439792399
0.027823062649886137,0.037468066705949564,-0.030287875982514343,-0.004104468298680308,-0.013521071324744552,-0.007260450982295643
0.027266759817078847,0.036718450883324705,-0.029682347141668543,-0.004022780886559177,-0.013250572747125258,-0.007115042719591285
0.026721574601483968,0.035983833644003975,-0.029088920202893668,-0.003942713534484071,-0.012985484461790507,-0.0069725517061931305
0.026187284974015904,0.035263914775008384,-0.02850735342342677,-0.0038642343277056047,-0.012725698264638883,-0.006832919212054752
0.02566367333395939,0.034558400076763716,-0.027937409884683916,-0.0037873119742863923,-0.012471108115803825,-0.006696087697594674
0.025150526420853487,0.03386700124249226,-0.027378857396160423,-0.0037119157931096076,-0.01222161009634077,-0.006562000789249612
0.024647635228119674,0.03318943574003198,-0.02683146840124036,-0.0036380157021125305,-0.011977102365782316,-0.006430603255541166
0.024154794918403822,0.03252542669603055,-0.02629501988487524,-0.003565582206740731,-0.011737485120544917,-0.006301840983643812
0.023671804740595402,0.03187470278246319,-0.025769293283099313,-0.003494586388624918,-0.01150266055316936,-0.006175660956446879
0.02319846794849162,0.031236998105436457,-0.025254074394340218,-0.003424999894467146,-0.011272532812377977,-0.006052011230095376
0.0227345917210755,0.030612052096223072,-0.0247491532924947,-0.003356794925142398,-0.011047007963933375,-0.0059308409120037864
0.022279987084373655,0.029999609404485594,-0.024254324241728534,-0.003289944225003799,-0.010825993952280524,-0.005812100139328319
0.021834468834865596,0.029399419793648046,-0.02376938561297298,-0.0032244210713933967,-0.01060940056295881,-0.005695740057890757
0.021397855464410035,0.028811238038367205,-0.023294139802078322,-0.00316019926434874,-0.010397139385766028,-0.005581712801543162
0.020969969086662824,0.02823482382406518,-0.02282839314959496,-0.0030972531165086893,-0.010189123778661558,-0.005469971471963386
0.0205506353649533,0.02766994164847937,-0.022371955862149465,-0.003035557443207709,-0.009985268832391864,-0.005360470118871728
0.020139683441591588,0.02711636072518997,-0.02192464193538276,-0.0029750875527620783,-0.009785491335825075,-0.005253163720661991
0.019736945868580966,0.02657385488908518,-0.02148626907842237,-0.0029158192369379346,-0.009589709741980123,-0.00514800816543536
0.019342258539701982,0.02604220250372513,-0.02105665863985345,-0.0028577287616023514,-0.009397844134735626,-0.005044960232428928
0.018955460623948435,0.025521186370566405,-0.020635635535164086,-0.002800792857552172,-0.009209816196206373,-0.004943977573832358
0.01857639450028212,0.025010593640010056,-0.02022302817563181,-0.0027449887115168032,-0.009025549174772367,-0.004845018696980945
0.018204905693683233,0.024510215724233068,-0.01981866839862516,-0.0026902939573347434,-0.00884496785374859,-0.004748042946920068
0.017840842812473005,0.024019848211773828,-0.019422391399292145,-0.002636686667295043,-0.008667998520682146,-0.004653010489332455
0.017484057486876783,0.023539290783830272,-0.019034035663605755,-0.002584145343646951,-0.008494568937263268,-0.0045598822938170275
0.01713440430881206,0.023068347132238733,-0.018653442902742488,-0.002532648910269618,-0.008324608309840158,-0.004468620117518363
0.016791740772868775,0.022606824879099534,-0.01828045798876546,-0.0024821767045019325,-0.00815804726052297,-0.00437918648909282
0.01645592721846427,0.02215453549801649,-0.0179149288915878,-0.002432708469127781,-0.0079948177988666,-0.004291544693007621
0.01612682677314582,0.021711294236917617,-0.017556706617190106,-0.0023842243445142512,-0.007834853294120465,-0.004205658754164861
0.015804305297021308,0.02127692004242301,-0.01720564514706695,-0.0023367048609009297,-0.0076780884480332654,-0.004121493422843889
0.015488231328293882,0.020851235485732877,-0.016861601378878013,-0.0022901309308358516,-0.0075244592682030455,-0.004039014159955028
0.015178476029876736,0.020434066690003503,-0.0165244350682819,-0.0022444838417558658,-0.007373903041959151,-0.003958187122597369
0.014874913137073537,0.020025243259176134,-0.016194008771924357,-0.0021997452487099774,-0.007226358310768543,-0.0038789791499148772
0.014577418906293505,0.019624598208240755,-0.015870187791565158,-0.0021558971672199774,-0.007081764845152546,-0.0038013577492453004
0.014285872064789738,0.019231967894894255,-0.015552840119314215,-0.002112921966280636,-0.006940063620107215,-0.0037252910825535074
0.014000153761396853,0.01884719195257133,-0.015241836383959722,-0.0020708023614905745,-0.0068011967910146,-0.003650747953144923
0.013720147518244893,0.01847011322481914,-0.014937049798362495,-0.002029521408317377,-0.006665107670035854,-0.00357769779265241
0.01344573918343754,0.018100577700989728,-0.01463835610790045,-0.0019890624954898507,-0.0065317407029775315,-0.0035061106482910426
0.013176816884667396,0.017738434453220427,-0.014345633539937234,-0.001949409338518282,-0.006401041446619814,-0.0034359571703765413
0.012913270983758792,0.017383535574680163,-0.014058762754298938,-0.0019105459733373344,-0.006272956546499412,-0.0033672086000970294
0.012654994032108766,0.017035736119053003,-0.013777626794735404,-0.0018724567500732182,-0.006147433715135483,-0.0032998367575390497
0.012401880727019404,0.016694894041238872,-0.013502111041348826,-0.0018351263269270252,-0.006024421710692511,-0.003233814029958536
0.012153827868897673,0.016360870139238218,-0.01323210316397055,-0.0017985396641792457,-0.005903870316069798,-0.0031691133602928597
0.011910734319304414,0.01603352799720853,-0.012967493076464413,-0.0017626820183053208,-0.00578573031840835,-0.0031057082359064164
0.011672500959841766,0.015712733929657885,-0.012708172891943327,-0.0017275389362077277,-0.005669953489008793,-0.0030435726775710865
0.011439030651855564,0.015398356926759713,-0.012454036878875056,-0.0016930962495568817,-0.00555649256365046,-0.0029826812286686643
0.011210228196942387,0.015090268600766203,-0.012204981418064264,-0.0016593400692404166,-0.005445301223304295,-0.0029230089446163174
0.010986000298240943,0.014788343133491717,-0.01196090496049044,-0.0016262567799208015,-0.005336334075231659,-0.002864531382507981
0.010766255522493816,0.014492457224853312,-0.011721707985987586,-0.0015938330346958669,-0.005229546634460783,-0.0028072245909688772
0.010550904262865859,0.014202490042441849,-0.011487292962744453,-0.0015620557498627014,-0.005124895305634142,-0.0027510651002156297
0.010339858702501212,0.013918323172103893,-0.011257564307615228,-0.0015309120997821363,-0.0050223373652190095,-0.002696029912321052
0.010133032778808532,0.013639840569512592,-0.011032428347217989,-0.0015003895118429048,-0.004921830944073276,-0.0026420964916773907
0.009930342148453265,0.013366928512715065,-0.010811793279810208,-0.0014704756615203014,-0.004823335010360473,-0.00258924275565417
0.00973170415305029,0.013099475555624254,-0.010595569137924473,-0.0014411584675328801,-0.004726809352806091,-0.0025374470654473146
0.009537037785538898,0.012837372482448395,-0.01038366775174721,-0.0014124260870904714,-0.004632214564289125,-0.002486688217114668
0.009346263657228196,0.012580512263030991,-0.01017600271322841,-0.0013842669112339437,-0.004539512025761692,-0.002436945432794423
0.00915930396549614,0.012328790009087216,-0.009972489340906995,-0.0013566695602661009,-0.004448663890490021,-0.0023881983521023484
0.008976082462135892,0.01208210293131838,-0.009773044645437901,-0.0013296228792683596,-0.004359633068610886,-0.0023404270237051723
0.008796524422328708,0.011840350297382715,-0.009577587295803566,-0.0013031159337060518,-0.004272383211996476,-0.002293611897064168
0.008620556614240032,0.011603433390714086,-0.009386037586203553,-0.0012771380051170669,-0.004186878699422864,-0.002247733814349163
0.00844810726921485,0.011371255470158584,-0.00919831740359996,-0.001251678586885018,-0.0041030846220337066,-0.002202774002515181
0.008279106052572224,0.011143721730428234,-0.00901435019591342,-0.001226727380091691,-0.004020966769095681,-0.002158714065540816
0.008113484034980602,0.01092073926334152,-0.008834060940851122,-0.001202274289452314,-0.003940491614038726,-0.002115535976825152
0.007951173664401193,0.010702217019841507,-0.008657376115356491,-0.0011783094193273903,-0.003861626300774776,-0.0020732220717384125
0.007792108738593392,0.010488065772777729,-0.008484223665670247,-0.0011548230698121777,-0.00378433863029072,-0.002031755040325284
0.007636224378165998,0.010278198080431,-0.008314532977986188,-0.0011318057329021565,-0.003708597047509013,-0.0019911179201546054
0.00748345700016776,0.010072528250770981,-0.008148234849693204,-0.0011092480887319196,-0.0036343706284116825,-0.0019512940893167696
0.007333744292202069,0.009870972306428208,-0.00798526146119082,-0.0010871410018875839,-0.003561629067420945,-0.0019122672595610726
0.007187025187058813,0.00967344795036997,-0.007825546348267246,-0.0010654755177892951,-0.0034903426650327246,-0.0018740214695734387
0.007043239837852178,0.009479874532262941,-0.007669024375027812,-0.0010442428591449038,-0.003420482315697366,-0.0018365410783913296
0.0069023295936533465,0.00929017301550747,-0.007515631707363739,-0.0010234344224724595,-0.0033520194959426462,-0.0017998107589504084
0.006764236975610338,0.009104265944937935,-0.0073653057869504214,-0.0010030417746892395,-0.003284926252734299,-0.0017638154917635261
0.006628905653540927,0.008922077415164372,-0.007217985305764226,-0.0009830566497659003,-0.0032191751920691188,-0.001728540558727913
0.0064962804229969865,0.008743533039550909,-0.00707361018110785,-0.0009634709454494502,-0.0031547394677965256,-0.001693971537056876
0.006366307182782152,0.008568559919816709,-0.006932121531133111,-0.0009442767200440963,-0.0030915927706632526,-0.0016600942933352463
0.0062389329129191725,0.008397086616243539,-0.006793461650854173,-0.0009254661892593136,-0.003029709317577163,-0.0016268949776951829
0.006114105653057965,0.008229043118481511,-0.006657573988636947,-0.0009070317231169166,-0.002969063841086114,-0.001594360018109881
0.005991774481311913,0.008064360816939625,-0.006524403123159363,-0.0008889658429174346,-0.0029096315790668355,-0.001562476114802714
0.0058718894935176486,0.00790297247474827,-0.00639389474083098,-0.0008712612182682008,-0.0028513882646197153,-0.0015312302347695323
0.005754401782909466,0.007744812200285074,-0.006265995613663468,-0.0008539106641660374,-0.0027943101161665837,-0.0015006096064124027
0.005639263420197074,0.007589815420248924,-0.006140653577581041,-0.0008369071381382215,-0.0027383738277454513,-0.0014706017142807673
0.005526427434042164,0.007437918853275857,-0.006017817511166242,-0.0008202437374392049,-0.002683556559499995,-0.0014411942939202788
0.005415847791923077,0.007289060484080379,-0.005897437314829339,-0.0008039136963011678,-0.002629835928358684,-0.0014123753268248994
0.005307479381383834,0.007143179538117346,-0.0057794638903910685,-0.000787910383238128,-0.002577189998900822,-0.0013841330354909143
0.00520127799165504,0.007000216456749592,-0.0056638491210769925,-0.0007722272984032287,-0.0025255972744049997,-0.0013564558785726637
0.005097200295640594,0.006860112872913947,-0.005550545851907656,-0.0007568580709962682,-0.002475036688076121,-0.0013293325461337304
0.004995203832267948,0.0067228115872734725,-0.005439507870481796,-0.0007417964567232243,-0.0024254875944486392,-0.0013027519549954254
0.004895246989185457,0.0065882565448480606,-0.005330689888143718,-0.0007270363353030888,-0.0023769297609609807,-0.0012767032441794752
0.0047972889858087665,0.006456392812112844,-0.0052240475215246125,-0.0007125717080270058,-0.002329343359698772,-0.0012511757704418384
0.004701289856704801,0.006327166554555493,-0.005119537274455046,-0.0006983966953597383,-0.002282708959303392,-0.001226159103897648
0.004607210435304465,0.006200525014681991,-0.00501711652023593,-0.000684505534592528,-0.0022370075170414436,-0.0012016430237328762
0.004515012337944631,0.006076416490463682,-0.004916743484265108,-0.0006708925775405914,-0.002192220371033817,-0.0011776175140057494
0.00442465794822625,0.005954790314215212,-0.004818377227010991,-0.000657552288282972,-0.0021483292326396485,-0.0011540727595288213
0.004336110401684564,0.005835596831897015,-0.004721977627324985,-0.0006444792409509529,-0.0021053161789924236,-0.0011309991418369018
0.00424933357076626,0.005718787382829289,-0.004627505366087104,-0.0006316681175546569,-0.0020631636456856744,-0.0011083872352358993
0.004164292050105646,0.00560431427981495,-0.004534921910180112,-0.000619113705857094,-0.002021854419604653,-0.0010862278029302708
0.00408095114209512,0.005492130789658789,-0.004444189496781075,-0.000606810897285816,-0.0019813716319012657,-0.0010645117932294593
0.003999276842744408,0.005382191114077793,-0.0043552711179692906,-0.0005947546848880361,-0.0019416987511101686,-0.00104323033583138
0.003919235827819739,0.005274450370993219,-0.004268130505638309,-0.0005829401613236055,-0.0019028195764011673,-0.0010223747381791822
0.003840795439262342,0.005168864576196632,-0.00418273211671238,-0.0005713625168990299,-0.0018647182309679147,-0.0010019364818920943
0.0037639236718779697,0.005065390625383324,-0.004099041118656567,-0.0005600170376394087,-0.0018273791555483182,-0.0009819072192696996
0.0036885891602890042,0.0049639862765469165,-0.004017023375276448,-0.0005488991033975744,-0.001790787102073933,-0.0009622787698642618
0.003614761166151716,0.0048646101327237635,-0.003936645432801877,-0.0005380041860007536,-0.0017549271274472375,-0.0009430431171236903
0.0035424095656239603,0.004767221625084293,-0.003857874506247197,-0.0005273278474336555,-0.0017197845874424786,-0.0009241924051006546
0.003471504837087864,0.004671780996363096,-0.003780678466046651,-0.0005168657380570519,-0.0016853451307294865,-0.000905718935230531
0.003402018049113,0.004578249284619905,-0.0037050258249541564,-0.0005066135948612317,-0.0016515946930157643,-0.0008876151631712702
0.0033339208486637163,0.004486588307326741,-0.0036308857252052287,-0.0004965672397531972,-0.0016185194913067211,-0.0008698736957088219
0.003267185449539757,0.004396760645771672,-0.0035582279259371817,-0.00048672257787878186,-0.0015861060182802893,-0.0008524872877239911
0.0032017846210488548,0.0043087296297770195,-0.0034870227908577072,-0.0004770755959765513,-0.0015543410367738289,-0.0008354488392207161
0.003137691676904656,0.004222459322721225,-0.003417241276162532,-0.0004676223607643636,-0.0015232115743816744,-0.0008187513924136572
0.003074880464346633,0.0041379145068632705,-0.003348854918692162,-0.0004583590173579876,-0.0014927049181602805,-0.0008023881288755288
0.0030133253534774846,0.004055060668958104,-0.003281835824327282,-0.0004492817877199291,-0.0014628086094396304,-0.000786352366740174
0.00295300122681362,0.003973863986161221,-0.003216156656614229,-0.00044038696914007095,-0.0014335104387380743,-0.0007706375579626676
0.0028938834690442664,0.003894291312215888,-0.0031517906256189406,-0.00043167093274431987,-0.0014047984407792116,-0.0007552372856357094
0.0028359479569941984,0.003816310163915427,-0.003088711477002177,-0.0004231301220353742,-0.0013766608896078792,-0.0007401452613571292
0.002779171049788031,0.0037398887078376503,-0.003026893481314735,-0.0004147610514589024,-0.001349086293804181,-0.000725355322653635
0.0027235295792108704,0.0036649957473456588,-0.002966311423505547,-0.0004065603049995281,-0.0013220633917933806,-0.0007108614304533354
0.0026690008402614684,0.003591600709845009,-0.002906940592639242,-0.00039852453480680326,-0.0012955811472491444,-0.0006966576666117067
0.0026155625818929484,0.0035196736343004477,-0.002848756771819426,-0.0003906504598431266,-0.0012696287445887755,-0.000682738231484915
0.002563192997940529,0.0034491851589998133,-0.00279173622831344,-0.00038293486456267956,-0.0012441955845589054,-0.0006690974415539892
0.0025118707182286604,0.0033801065095639183,-0.002735855703874985,-0.0003753745976149556,-0.0012192712799091177,-0.0006557297270948555
0.0024615747998560406,0.0033124094871953232,-0.0026810924052575826,-0.0003679665705724768,-0.0011948456511518147,-0.0006426296298966501
0.0024122847186562354,0.0032460664571639544,-0.0026274239949217616,-0.0003607077566868215,-0.001170908722407664,-0.0006297918010246533
0.0023639803608272603,0.0031810503375207144,-0.0025748285819234295,-0.00035359518966580835,-0.0011474507173333008,-0.0006172109986295686
0.002316642014728748,0.003117334588040188,-0.00252328471298762,-0.0003466259624768614,-0.0011244620551311205,-0.0006048820857994884
0.002270250362843965,0.0030548931993813733,-0.0024727713637595944,-0.0003397972261732458,-0.0011019333466384628,-0.0005928000284553599
0.002224786473901128,0.002993700682467676,-0.0024232679302298105,-0.0003331061887439468,-0.0010798553904948882,-0.0005809598932889136
0.00218023179515246,0.0029337320580784853,-0.002374754220331997,-0.00032655011398594926,-0.0010582191693865944,-0.0005693568457423474
0.002136568144807799,0.0028749628466483036,-0.0023272104457067963,-0.00032012632039838865,-0.001037015846365276,-0.000557986148027331
0.0020937777046191406,0.0028173690582717972,-0.0022806172136334304,-0.00031383218010028603,-0.0010162367612412593,-0.0005468431571849921
0.002051843012614291,0.0027609271829074212,-0.0022349555191181324,-0.00030766511776731423,-0.0009958734270483762,-0.0005359233231839295
0.0020107469559738547,0.0027056141807781354,-0.0021902067371457018,-0.0003016226095913316,-0.0009759175265795394,-0.0005252221870576062
0.0019704727640518756,0.0026514074729618647,-0.0021463526150808155,-0.00029570218225982156,-0.0009563609089915892,-0.0005147353790771275
0.0019310040015358659,0.0025982849321748904,-0.0021033752652252287,-0.00028990141195550277,-0.0009371955864782928,-0.0005044586169631637
0.0018923245617428828,0.0025462248737336594,-0.0020612571575220773,-0.00028421792337688664,-0.000918413731009498,-0.0004943877041311268
0.001854418660050446,0.002495206046702919,-0.002019981112405463,-0.00027864938877580426,-0.0009000076711358064,-0.00048451852797398883
0.0018172708274573211,0.002445207625217946,-0.0019795302937941845,-0.00027319352701703496,-0.0008819698888568588,-0.0004748470581773798
0.0017808659042753555,0.002396209199979727,-0.0019398882022240247,-0.00026784810265432016,-0.0008642930165525807,-0.00046536934506989435
0.001745189033944383,0.002348190769923806,-0.0019010386681196144,-0.00026261092502553337,-0.0008469698339754017,-0.00045608151800588
0.001710225656972607,0.0023011327340526837,-0.0018629658451972913,-0.0002574798473657156,-0.0008299932653028665,-0.00044697978378070155
0.0016759615049986775,0.0022550158834321,-0.0018256542040043283,-0.0002524527659384446,-0.0008133563762494188,-0.0004380604250784335
0.0016423825949700085,0.002209821393349209,-0.0017890885255821055,-0.000247527619182956,-0.0007970523712351483,-0.00042931979894845546
0.0016094752234396758,0.0021655308156257338,-0.001753253895260988,-0.0002427023868798447,-0.0007810745906121849,-0.00042075433531608183
0.001577225960976722,0.002122126071085833,-0.0017181356965750697,-0.00023797508933175228,-0.0007654165079457936,-0.0004123605355196726
0.001545621646686773,0.002079589442174631,-0.001683719605301154,-0.00023334378656196322,-0.0007500717273498948,-0.00040413497087902074
0.001514649382844809,0.002037903565723506,-0.0016499915836163867,-0.00022880657752834418,-0.00073503398087659,-0.00039607428129210945
0.0014842965296330273,0.001997051425862942,-0.0016169378743716282,-0.0002243615993519924,-0.0007202971259569342,-0.00038817517385832134
0.0014545506999835837,0.0019570163470727315,-0.001584544995480064,-0.00022000702656233071,-0.0007058551428932162,-0.000380434421532533
0.001425399754527602,0.0019177819873755846,-0.001552799734418596,-0.00021574107035744958,-0.0006917021324019374,-0.00037284886180249336
0.0013968317966405518,0.0018793323316635222,-0.0015216891428376168,-0.00021156197787892267,-0.0006778323132051443,-0.00036541539539528814
0.0013688351675908844,0.0018416516851605333,-0.0014912005312802306,-0.00020746803149948836,-0.0006642400196704149,-0.00035813098500852815
0.001341398441782392,0.0018047246670140227,-0.0014613214640054537,-0.0002034575481280344,-0.0006509196994975464,-0.0003509926540667346
0.0013145104220939148,0.001768536204015414,-0.001432039753915728,-0.00019952887852587415,-0.0006378659114523222,-0.0003439974855039812
0.0012881601353108034,0.0017330715244461413,-0.0014033434575860808,-0.00019568040663868735,-0.000625073323144726,-0.0003371426205684413
0.001262336827648158,0.0016983161520471798,-0.0013752208703921446,-0.0001919105489389885,-0.0006125367088521922,-0.0003304252576537606
0.0012370299603642648,0.0016642559001083846,-0.0013476605217355535,-0.00018821775378548286,-0.0006002509473861184,-0.00032384265115111504
0.0012122292054605834,0.0016308768656764386,-0.0013206511703650755,-0.00018460050079199724,-0.000588211020001106,-0.0003173921103269058
0.001187924441467304,0.0015981654238800458,-0.0012941817997911542,-0.0001810573002116697,-0.0005764120083456237,-0.00031107099821927307
0.0011641057493156754,0.0015661082223649388,-0.0012682416137917692,-0.00017758669233046087,-0.0005648490924548182,-0.00030487673056088976
0.001140763408289411,0.0015346921758462094,-0.0012428200320090902,-0.00017418724687632834,-0.000553517548781713,-0.00029880677471934915
0.0011178878920601694,0.0015039044607625214,-0.0012179066856330713,-0.0001708575624376192,-0.0005424127482697637,-0.00029285864866227944
0.0010954698647999545,0.0014737325100428835,-0.0011934914131717387,-0.0001675962658946242,-0.000531530154462144,-0.0002870299199396471
0.001073500177372541,0.0014441640079761035,-0.0011695642563064731,-0.00016440201186144912,-0.0005208653216499177,-0.0002813182046897118
0.001051969863600181,0.001415186885182594,-0.001146115455829633,-0.00016127348213969552,-0.0005104138930569416,-0.00027572116666148494
0.0010308701366061226,0.0013867893136858757,-0.0011231354476636127,-0.00015820938518476286,-0.0005001715990610108,-0.0002702365162599236
0.0010101923852284778,0.001358959702085834,-0.0011006148589590516,-0.0001552084555782058,-0.0004901342554509333,-0.0002648620096077648
0.0009899281705078738,0.0013316866908251806,-0.0010785445042714448,-0.0001522694535175018,-0.0004802977617176366,-0.00025959544762689215
0.0009700692222433583,0.001304959147552482,-0.0010569153818143183,-0.00014939116430937857,-0.0004706580993807565,-0.00025443467513867684
0.0009506074356181925,0.001278766162577792,-0.0010357186697875153,-0.0001465723978786093,-0.0004612113303472372,-0.00024937757998142195
0.0009315348678940039,0.0012530970444183497,-0.0010149457227777432,-0.0001438119882835812,-0.0004519535953037037,-0.0002444220921444641
0.0009128437351681387,0.0012279413154332134,-0.0009945880682324432,-0.00014110879324348395,-0.00044288111214082576,-0.00023956618292270203
0.0008945264091990361,0.0012032887075474924,-0.0009746374030025228,-0.00013846169367364125,-0.0004339901744089624,-0.00023480786408434102
0.0008765754142934761,0.0011791291580597646,-0.00095508558995727,-0.00013586959323182618,-0.0004252771498050446,-0.00023014518705723224
0.0008589834242559101,0.0011554528055336263,-0.00093592465466214,-0.00013333141787202123,-0.00041673847868916756,-0.00022557624213096614
0.0008417432593986501,0.0011322499857727793,-0.0009171467821286858,-0.00013084611540995788,-0.00040837067263122624,-0.0002210991576749139
0.0008248478836139677,0.0011095112278749152,-0.0008987443136241933,-0.000128412655093672,-0.0004001703129870051,-0.0002167120993715324
0.000808290401500946,0.0010872272503667795,-0.0008807097435484702,-0.00012603002718690348,-0.0003921340495017779,-0.00021241326946449605
0.0007920640555541304,0.001065388957413506,-0.0008630357163716081,-0.00012369724255795715,-0.00038425859894274344,-0.00020820090602392314
0.0007761622234040379,0.0010439874351067912,-0.0008457150236339479,-0.00012141333227946642,-0.00037654074375809176,-0.00020407328222277858
0.0007605784151164342,0.0010230139478250725,-0.0008287406010054734,-0.0001191773472329467,-0.0003689773307636094,-0.00020002870563060775
0.0007453062705438298,0.0010024599346680084,-0.0008121055254025279,-0.0001169883577262956,-0.0003615652698548765,-0.00019606551751960344
0.0007303395567292151,0.00098231700596117,-0.0007958030121658923,-0.00011484545311440483,-0.0003543015327455403,-0.000192182092185202
0.0007156721653644308,0.0009625769398322551,-0.0007798264122906862,-0.00011274774143098038,-0.00034718315173106097,-0.00018837683627977473
0.0007012981102966008,0.0009432316788537472,-0.0007641692097161245,-0.00011069434902639635,-0.0003402072184767632,-0.00018464818815969633
0.0006872115250845095,0.0009242733267534052,-0.0007488250186664168,-0.00010868442021306877,-0.000333370882830155,-0.00018099461724482377
0.0006734066606072515,0.0009056941451921892,-0.0007337875810451652,-0.00010671711691911054,-0.0003266713516573408,-0.00017741462339229444
0.0006598778827156873,0.0008874865506043781,-0.0007190507638829244,-0.00010479161834914323,-0.0003201058877023087,-0.00017390673627947365
0.0006466196699348866,0.0008696431111013623,-0.0007046085568355868,-0.00010290712064980202,-0.0003136718084692339,-0.00017046951480303326
0.0006336266112106141,0.0008521565434395365,-0.0006904550697325214,-0.00010106283658652324,-0.00030736648512746803,-0.00016710154648707953
0.0006208934037009801,0.0008350197100452371,-0.0006765845301727382,-9.925799522365474e-05,-0.0003011873414372883,-0.00016380144690321394
0.0006084148506133267,0.0008182256161028078,-0.000662991281171644,-9.7491841612361e-05,-0.00029513185269917344,-0.00016056785910393594
0.0005961858590825997,0.000801767406697314,-0.0006496697788517582,-9.576363648574872e-05,-0.00028919754472135503,-0.00015739945306489088
0.0005842014380933081,0.0007856383640182912,-0.0006366145901824307,-9.40726559600734e-05,-0.0002833819928106525,-0.00015429492513923618
0.0005724566964434535,0.0007698319046158789,-0.0006238203907621606,-9.241819124150432e-05,-0.00027768282078195343,-0.00015125299752306832
0.0005609468407479113,0.0007543415767144005,-0.0006112819626478084,-9.079954834064002e-05,-0.0002720976999875243,-0.0001482724177297593
0.000549667173482985,0.0007391610575786117,-0.000598994192225399,-8.921604779219194e-05,-0.00026662434836694957,-0.0001453519580768306
0.0005386130910680217,0.0007242841509316943,-0.0005869520681239807,-8.766702438069675e-05,-0.00026126052951441975,-0.0001424904151809243
0.0005277800819886648,0.0007097047844270755,-0.0005751506791714694,-8.61518268733909e-05,-0.0002560040517654968,-0.00013968660946338
0.0005171637249546396,0.0006954170071689072,-0.000563585212391005,-8.466981775660799e-05,-0.00025085276730324853,-0.0001369393846665017
0.0005067596870956781,0.0006814149872842097,-0.0005522509510375289,-8.322037298055357e-05,-0.0002458045712796353,-0.00013424760737672622
0.0004965637221937362,0.0006676930095396343,-0.0005411432726741648,-8.180288170781353e-05,-0.00024085740095689505,-0.00013161016655993319
0.0004865716689493257,0.0006542454730111949,-0.0005302576472851157,-8.041674606828483e-05,-0.00023600923486466146,-0.00012902597310331275
0.00047677944928415993,0.000641066888796275,-0.0005195896354293339,-7.906138092004681e-05,-0.00023125809197539735,-0.0001264939593687217
0.0004671830666769622,0.0006281518777743018,-0.0005091348864285767,-7.7736213613254e-05,-0.00022660203089399516,-0.0001240130787512731
0.0004577786045312978,0.000615495168409782,-0.0004988891365931884,-7.644068376328267e-05,-0.0002220391490659657,-0.00012158230525033483
0.00044856222457917075,0.0006030915946008725,-0.0004888482074813975,-7.517424302543679e-05,-0.00021756758200050494,-0.00011920063304554648
0.00043953016531291596,0.0005909360935713677,-0.0004790080041964463,-7.393635487683524e-05,-0.0002131855025080706,-0.00011686707608283571
0.00043067874045117063,0.0005790237038024871,-0.00046936451371571764,-7.272649440244429e-05,-0.0002088911199555643,-0.00011458066766826953
0.00042200433743380667,0.0005673495630094277,-0.00045991380325255155,-7.1544148086827e-05,-0.0002046826795339598,-0.00011234046006845855
0.00041350341594845663,0.0005559089061553887,-0.0004506520186529001,-7.038881360995806e-05,-0.0002005584615422708,-0.00011014552411973734
0.00040517250648485913,0.0005446970635059704,-0.0004415753828228686,-6.925999964884032e-05,-0.00019651678068496038,-0.0001079949488449884
0.00039700820891983555,0.0005337094587253186,-0.0004326801941882209,-6.815722568360548e-05,-0.000192555985383561,-0.00010588784107668815
0.00038900719112907705,0.0005229416070047092,-0.00042396282518363757,-6.708002180739049e-05,-0.00018867445710281567,-0.00010382332508782465
0.0003811661876268802,0.0005123891132361913,-0.00041541972077362735,-6.60279285425008e-05,-0.00018487060968850794,-0.00010180054222958664
0.0003734819982349513,0.0005020476702139358,-0.0004070473970018112,-6.500049665993118e-05,-0.00018114288872112205,-9.981865057601285e-05
0.00036595148677510275,0.0004919130568790634,-0.00039884243956916384,-6.39972870039773e-05,-0.00017748977087968907,-9.787682457458032e-05
0.0003585715797896773,0.0004819811365958383,-0.00039080150244298075,-6.301787032150449e-05,-0.00017390976332042586,-9.59742547052885e-05
0.0003513392652877471,0.0004722478554630964,-0.0003829213064898832,-6.206182709488766e-05,-0.0001704014030671235,-9.411014714290766e-05
0.0003442515915147266,0.00046270924065896336,-0.0003751986381390892,-6.112874738057406e-05,-0.00016696325641310224,-9.228372342894e-05
0.00033730566574883674,0.00045336139882055015,-0.00036763034807212215,-6.021823065067134e-05,-0.00016359391833551735,-9.049422014654184e-05
0.00033049865312047717,0.00044420051445344535,-0.0003602133499370969,-5.93298856400127e-05,-0.00016029201192248094,-8.874088860388089e-05
0.00032382777545497107,0.00043522284837450896,-0.00035294461908968533,-5.846333019698847e-05,-0.00015705618780989517,-8.702299452147106e-05
0.0003172903101381319,0.0004264247361860982,-0.0003458211913594613,-5.7618191138374384e-05,-0.00015388512363064973,-8.533981772621858e-05
0.0003108835890065297,0.00041780258677921067,-0.00033884016184151683,-5.679410410944292e-05,-0.00015077752347426426,-8.369065185099195e-05
0.0003046049972579096,0.0004093528808696182,-0.0003319986837105786,-5.5990713446201644e-05,-0.00014773211735815762,-8.207480403799737e-05
0.0002984519723828091,0.0004010721695590405,-0.0003252939670597409,-5.520767204459607e-05,-0.00014474766070806267,-8.049159464987003e-05
0.0002924220031215431,0.00039295707292885885,-0.0003187232777625289,-5.444464123157782e-05,-0.00014182293385045456,-7.894035698411387e-05
0.0002865126284364193,0.00038500427866037,-0.00031228393635804303,-5.370129064132077e-05,-0.0001389567415145031,-7.742043699290975e-05
0.0002807214365090697,0.0003772105406814612,-0.0003059733169568143,-5.2977298095260564e-05,-0.0001361479123424244,-7.593119300737739e-05
0.000275046063755555,0.000369572677843078,-0.0002997888461707203,-5.227234948657325e-05,-0.00013339529841325853,-7.447199546871844e-05
0.0002694841938621701,0.0003620875726205343,-0.00029372800206259027,-5.1586138668936004e-05,-0.00013069777477197242,-7.30422266601409e-05
0.0002640335568395021,0.00035475216984053867,-0.0002877883131178931,-5.091836734751947e-05,-0.00012805423897132326,-7.164128044648372e-05
0.0002586919280965729,0.0003475634754337683,-0.00028196735723649553,-5.0268744977715415e-05,-0.00012546361062079994,-7.026856201692722e-05
0.00025345712753235193,0.00034051855521389883,-0.00027626276074393886,-4.963698866433259e-05,-0.00012292483094558256,-6.892348763210462e-05
0.00024832701864678676,0.0003336145336783903,-0.00027067219742401855,-4.902282306654043e-05,-0.00012043686235454073,-6.760548437438946e-05
0.00024329950766760632,0.00032684859283639307,-0.0002651933875692217,-4.8425980307788746e-05,-0.00011799868801505399,-6.631398990393823e-05
0.00023837254269717462,0.0003202179710570812,-0.0002598240970512158,-4.784619988821024e-05,-0.0001156093114391103,-6.504845221722079e-05
0.00023354411287440042,0.00031371996194377573,-0.00025456213640983206,-4.728322860156555e-05,-0.00011326775607555457,-6.380832940869383e-05
0.00022881224755393,0.0003073519132275233,-0.0002494053599588496,-4.673682045823353e-05,-0.00011097306491110704,-6.259308943810563e-05
0.00022417501550226317,0.00030111122568630586,-0.00024435166491175377,-4.62067366092558e-05,-0.00010872430007993212,-6.140220989970716e-05
0.00021963052410942205,0.0002949953520828544,-0.00023939899052351256,-4.5692745277713033e-05,-0.00010652054247981137,-6.023517779418061e-05
0.00021517691861575527,0.00028900179612518904,-0.00023454531725011088,-4.5194621692773326e-05,-0.00010436089139729532,-5.909148930674422e-05
0.00021081238135657008,0.0002831281114480702,-0.0002297886659243155,-4.47121480283056e-05,-0.00010224446413927604,-5.797064958305351e-05
0.00020653513101888938,0.00027737190061416137,-0.00022512709694912875,-4.4245113346115514e-05,-0.00010017039567308978,-5.687217251447405e-05
0.00020234342191491849,0.00027173081413531133,-0.00022055870950617008,-4.3793313544364814e-05,-9.813783827215961e-05,-5.579558052059767e-05
0.00019823554326998656,0.00026620254951378105,-0.0002160816407800143,-4.3356551309455203e-05,-9.614596117076694e-05,-5.474040433809331e-05
0.0001942098185229635,0.0002607848503017712,-0.00021169406519935225,-4.293463607349079e-05,-9.419395022319483e-05,-5.370618280981873e-05
0.00019026460464426081,0.0002554755051820465,-0.00020739419369039035,-4.2527383975378736e-05,-9.228100757281376e-05,-5.269246267767005e-05
0.00018639829146320592,0.0002502723470633198,-0.00020318027294950695,-4.2134617828458336e-05,-9.040635132526927e-05,-5.169879837665919e-05
0.00018260930101186046,0.0002451732521966587,-0.00019905058472622186,-4.1756167091830604e-05,-8.856921522843281e-05,-5.072475183220039e-05
0.00017889608688038174,0.00024017613930928626,-0.00019500344512277042,-4.139186784716713e-05,-8.676884836026788e-05,-4.976989225878578e-05
0.00017525713358669022,0.00023527896875299423,-0.0001910372039080554,-4.1041562780557625e-05,-8.50045148215289e-05,-4.8833795960081874e-05
0.00017169095595740626,0.0002304797416743666,-0.00018715024384343746,-4.070510117011996e-05,-8.32754934354489e-05,-4.791604613116971e-05
0.00016819609852226504,0.00022577649919682967,-0.00018334098002354362,-4.038233887932024e-05,-8.158107745272494e-05,-4.701623266263808e-05
0.00016477113491889425,0.0002211673216211752,-0.00017960785922983017,-4.007313835461734e-05,-7.992057426297438e-05,-4.613395194491019e-05
0.000161414667311725,0.0002166503276429943,-0.00017594935929639578,-3.9777368629987865e-05,-7.829330511147895e-05,-4.526880667543798e-05
0.00015812532582150314,0.00021222367358499395,-0.0001723639884904189,-3.949490533883364e-05,-7.669860482191937e-05,-4.442040566497648e-05
0.00015490176796533077,0.00020788555264274216,-0.00016885028490259892,-3.922563072811131e-05,-7.51358215239695e-05,-4.358836364600879e-05
0.00015174267810991104,0.00020363419414843594,-0.00016540681585065477,-3.8969433683845284e-05,-7.360431638839108e-05,-4.277230108194193e-05
0.00014864676693332864,0.0001994678628479994,-0.00016203217729558926,-3.8726209759810854e-05,-7.210346336442324e-05,-4.1971843975579184e-05
0.0001456127708997011,0.00019538485819318305,-0.00015872499326950016,-3.849586121410759e-05,-7.063264892488258e-05,-4.118662367927302e-05
0.00014263945174341065,0.00019138351364596248,-0.00015548391531275838,-3.827829705395828e-05,-6.919127181433862e-05,-4.041627670368633e-05
0.0001397255959633472,0.00018746219600053452,-0.00015230762192530413,-3.807343308595899e-05,-6.777874280417883e-05,-3.9660444528762903e-05
0.00013687001432798073,0.0001836193047143038,-0.0001491948180268796,-3.7881191976279415e-05,-6.639448445193237e-05,-3.891877341111785e-05
0.0001340715413898987,0.0001798532712568505,-0.00014614423442967268,-3.7701503317761205e-05,-6.503793086395682e-05,-3.819091419381931e-05
0.00013132903501041792,0.00017616255846736225,-0.0001431546273192809,-3.753430370524856e-05,-6.370852746588596e-05,-3.747652211346493e-05
0.00012864137589190195,0.00017254565992960954,-0.00014022477774869072,-3.737953682126202e-05,-6.240573077426368e-05,-3.677525660708711e-05
0.00012600746712342062,0.00016900109935497735,-0.00013735349114038522,-3.723715352851957e-05,-6.112900817498412e-05,-3.608678111788726e-05
0.00012342623373093345,0.00016552742998180122,-0.00013453959679894678,-3.710711197507996e-05,-5.987783770506308e-05,-3.5410762898603755e-05
0.00012089662224020405,0.00016212323398281966,-0.00013178194743427104,-3.698937770683564e-05,-5.8651707840457795e-05,-3.4746872812974214e-05
0.00011841760024485278,0.00015878712188852103,-0.00012907941869307935,-3.6883923792963626e-05,-5.745011728441908e-05,-3.4094785136435266e-05
0.00011598815598766342,0.00015551773201772926,-0.00012643090869984266,-3.67907309605606e-05,-5.6272574764800904e-05,-3.3454177352711e-05
0.00011360729794434839,0.00015231372992393044,-0.0001238353376091398,-3.6709787742404696e-05,-5.511859883149871e-05,-3.282472994793238e-05
0.00011127405442216443,0.0001491738078495796,-0.00012129164716271543,-3.664109063690174e-05,-5.398771766035037e-05,-3.220612620198942e-05
0.00010898747316130334,0.00014609668419226105,-0.00011879880025951704,-3.6584644280383256e-05,-5.287946885925049e-05,-3.159805197599197e-05
0.0001067466209460624,0.0001430811029815776,-0.00011635578053296463,-3.6540461633145195e-05,-5.179339927917519e-05,-3.100019549594084e-05
0.00010455058322599146,0.0001401258333675444,-0.00011396159193477545,-3.65085641798948e-05,-5.07290648285455e-05,-3.0412247131349367e-05
0.00010239846374012633,0.00013722966911588097,-0.0001116152583305378,-3.648898214693765e-05,-4.968603029132668e-05,-2.9833899170249373e-05
0.00010028938415261442,0.000134391428118172,-0.000109315823100103,-3.6481754732831e-05,-4.8663869148897843e-05,-2.9264845586962612e-05
9.8222483694135e-05,0.00013160995190803604,-0.00010706234874764841,-3.648693035655656e-05,-4.766216340516124e-05,-2.8704781806135498e-05
9.619691881019279e-05,0.00012888410518866467,-0.00010485391652072468,-3.650456692521189e-05,-4.6680503414575414e-05,-2.8153404458530618e-05
9.421186281703308e-05,0.0001262127753687853,-0.00010268962603365839,-3.653473211927856e-05,-4.571848771471029e-05,-2.7610411130830333e-05
9.226650556439977e-05,0.00012359487210963972,-0.00010056859490126017,-3.657750369652228e-05,-4.477572286157086e-05,-2.7075500108179306e-05
9.036005310496306e-05,0.00012102932687875778,-9.848995837938578e-05,-3.6632969819633344e-05,-4.385182326780953e-05,-2.654837010695482e-05
8.849172736903969e-05,0.00011851509251495869,-9.645286901039301e-05,-3.670122940361062e-05,-4.2946411044260015e-05,-2.6028720000682277e-05
8.666076584879999e-05,0.00011605114279980017,-9.445649627989956e-05,-3.678239248883025e-05,-4.205911584453887e-05,-2.551624853410077e-05
8.486642128601177e-05,0.00011363647204027097,-9.250002627678916e-05,-3.6876580635524664e-05,-4.118957471340454e-05,-2.501065402856321e-05
8.310796136709184e-05,0.00011127009465580529,-9.058266136031702e-05,-3.698392734972074e-05,-4.033743193670633e-05,-2.4511634075659887e-05
8.138466842506223e-05,0.00010895104477883938,-8.87036198373257e-05,-3.710457853114488e-05,-3.950233889493563e-05,-2.4018885217961744e-05
7.969583914550906e-05,0.00010667837585885311,-8.686213564068664e-05,-3.7238692954864285e-05,-3.8683953919456876e-05,-2.3532102616644516e-05
7.804078427980162e-05,0.00010445116027588873,-8.505745801867814e-05,-3.738644278166866e-05,-3.788194215135434e-05,-2.305097970718731e-05
7.64188283641955e-05,0.00010226848896341424,-8.328885122801529e-05,-3.7548014101800816e-05,-3.709597540293905e-05,-2.257520783663371e-05
7.48293094440227e-05,0.00010012947103514337,-8.155559423434783e-05,-3.772360751314645e-05,-3.632573202237211e-05,-2.2104475886780002e-05
7.327157880360355e-05,9.803323342318425e-05,-7.98569804174755e-05,-3.791343873577131e-05,-3.5570896760554696e-05,-2.1638469879391176e-05
7.174500070099853e-05,9.597892052159217e-05,-7.819231728391759e-05,-3.811773926535979e-05,-3.483116063859782e-05,-2.1176872562091867e-05
7.024895210869616e-05,9.396569383541145e-05,-7.656092618325566e-05,-3.833675706555505e-05,-3.410622082122451e-05,-2.0719362975428037e-05
6.87828224596443e-05,9.199273164043369e-05,-7.49621420327568e-05,-3.8570757304253194e-05,-3.339578048874134e-05,-2.0265615996926468e-05
6.734601339833568e-05,9.005922864701187e-05,-7.33953130452344e-05,-3.8820023133684886e-05,-3.2699548714203455e-05,-1.9815301863390206e-05
6.593793853546048e-05,8.816439567061044e-05,-7.185980046364385e-05,-3.9084856517560396e-05,-3.2017240340530154e-05,-1.9368085668124085e-05
6.455802320910128e-05,8.630745931127578e-05,-7.035497830103434e-05,-3.936557910511158e-05,-3.134857586125075e-05,-1.8923626833260145e-05
6.320570425131907e-05,8.448766163642213e-05,-6.888023308366321e-05,-3.966253315736064e-05,-3.069328130180328e-05,-1.8481578553012957e-05
6.188042975640018e-05,8.2704259872668e-05,-6.743496360213532e-05,-3.997608252517167e-05,-3.0051088103578135e-05,-1.8041587207486817e-05
6.058165885647458e-05,8.095652610166371e-05,-6.601858066566355e-05,-4.030661368069512e-05,-2.9421733009265412e-05,-1.7603291748571595e-05
5.930886150132046e-05,7.924374696401319e-05,-6.463050686293115e-05,-4.065453680464827e-05,-2.8804957950261166e-05,-1.7166323048251227e-05
5.806151824113859e-05,7.756522336723883e-05,-6.327017632442767e-05,-4.1020286928543706e-05,-2.820050993534753e-05,-1.6730303216926435e-05
5.683912001500947e-05,7.592027020049795e-05,-6.193703449342843e-05,-4.140432513541863e-05,-2.7608140940592554e-05,-1.629484488362611e-05
5.564116794311325e-05,7.430821605554155e-05,-6.063053789938801e-05,-4.1807139814569313e-05,-2.702760780037685e-05,-1.5859550438915976e-05
5.4467173122735405e-05,7.272840295228586e-05,-5.935015393626627e-05,-4.222924797267744e-05,-2.645867210072568e-05,-1.542401123979641e-05
5.331665642935333e-05,7.118018607005337e-05,-5.809536064493053e-05,-4.267119659649952e-05,-2.590110007144727e-05,-1.4987806774095239e-05
5.218914832044732e-05,6.966293348475489e-05,-5.686564650064194e-05,-4.3133564065676066e-05,-2.535466248177276e-05,-1.4550503785676997e-05
5.108418864442691e-05,6.817602591042469e-05,-5.566051020435691e-05,-4.361696160605742e-05,-2.481913453378077e-05,-1.4111655355871553e-05
5.00013264520184e-05,6.671885644779668e-05,-5.447946047911877e-05,-4.412203478021559e-05,-2.4294295758671302e-05,-1.3670799948963071e-05
4.8940119812852865e-05,6.529083033446607e-05,-5.3322015867918215e-05,-4.464946499971041e-05,-2.3779929910816803e-05,-1.3227460415379376e-05
4.790013563519527e-05,6.389136470410753e-05,-5.218770453855121e-05,-4.519997104684184e-05,-2.3275824864598155e-05,-1.2781142959756299e-05
4.6880949489185475e-05,6.25198883473268e-05,-5.107606409172369e-05,-4.5774310584572525e-05,-2.2781772508078252e-05,-1.2331336075739974e-05
4.588214543269502e-05,6.117584147900087e-05,-4.99866413709363e-05,-4.637328162958489e-05,-2.2297568636270744e-05,-1.1877509454898864e-05
4.49033158425624e-05,5.985867550977554e-05,-4.8918992279063646e-05,-4.6997723957164654e-05,-2.1823012844752464e-05,-1.1419112874394351e-05
4.3944061248147956e-05,5.8567852822012706e-05,-4.787268159585383e-05,-4.7648520393390545e-05,-2.1357908420249674e-05,-1.0955575079746618e-05
4.3003990167848424e-05,5.730284655043656e-05,-4.684728280244171e-05,-4.8326597942338856e-05,-2.090206222990689e-05,-1.0486302672322829e-05
4.208271894916851e-05,5.606314036771415e-05,-4.584237790554551e-05,-4.903292868396516e-05,-2.0455284605772238e-05,-1.0010679023331382e-05
4.1179871612938054e-05,5.484822827178919e-05,-4.4857557267423356e-05,-4.976853035417779e-05,-2.0017389228919062e-05,-9.528063242038082e-06
4.029507969893067e-05,5.365761438157173e-05,-4.389241944017233e-05,-5.053446650529589e-05,-1.958819300662662e-05,-9.03778922588594e-06
3.942798211672815e-05,5.249081273355056e-05,-4.294657099992023e-05,-5.1331846113220076e-05,-1.9167515945116866e-05,-8.539164840849404e-06
3.8578224996543615e-05,5.1347347083398265e-05,-4.20196263878589e-05,-5.216182246766856e-05,-1.8755181015898396e-05,-8.031471282421569e-06
3.7745461546786974e-05,5.022675071118534e-05,-4.1111207751968765e-05,-5.302559114558209e-05,-1.835101401502304e-05,-7.513962686641749e-06
3.692935191068859e-05,4.912856623245699e-05,-4.022094479438081e-05,-5.392438680962536e-05,-1.795484341224827e-05,-6.9858660784063245e-06
3.612956302908034e-05,4.8052345409137605e-05,-3.9348474619185726e-05,-5.4859478526527835e-05,-1.7566500190125963e-05,-6.446381767894228e-06
3.5345768502992574e-05,4.699764896917878e-05,-3.8493441585057995e-05,-5.583216321696194e-05,-1.7185817669367675e-05,-5.894684327836865e-06
3.457764846202002e-05,4.596404642494216e-05,-3.76554971594691e-05,-5.6843756767554246e-05,-1.681263132081105e-05,-5.329924326365735e-06
3.382488943289229e-05,4.495111589916548e-05,-3.6834299776814124e-05,-5.7895582224047776e-05,-1.6446778558284917e-05,-4.751231026929304e-06
3.308718421113594e-05,4.395844395208637e-05,-3.602951470053734e-05,-5.8988954360121466e-05,-1.60880985114821e-05,-4.157716316756976e-06
3.2364231737347557e-05,4.2985625412308295e-05,-3.524081388393962e-05,-6.012515976005262e-05,-1.5736431775130803e-05,-3.54848019090553e-06
3.165573697147444e-05,4.203226321223587e-05,-3.44678758388858e-05,-6.130543137394046e-05,-1.539162012869658e-05,-2.92261818639953e-06
3.0961410775479906e-05,4.109796822568776e-05,-3.3710385503555016e-05,-6.253091629315451e-05,-1.5053506227271866e-05,-2.279231253467261e-06
3.028096979342525e-05,4.0182359108743646e-05,-3.296803411393336e-05,-6.380263525469548e-05,-1.4721933253125904e-05,-1.6174386464039716e-06
2.9614136336202312e-05,3.928506214457899e-05,-3.22405190784269e-05,-6.512143210920783e-05,-1.4396744526557125e-05,-9.36394535653406e-07
2.896063826830028e-05,3.8405711090802624e-05,-3.152754385369293e-05,-6.648791120932788e-05,-1.4077783071849862e-05,-2.353091664321981e-07
2.8320208897380876e-05,3.7543947028934286e-05,-3.0828817824550564e-05,-6.790236037429024e-05,-1.3764891130589446e-05,4.865244755609503e-07
2.769258686431981e-05,3.669941822055826e-05,-3.014405618511398e-05,-6.936465683025518e-05,-1.345790962171722e-05,1.229697400003092e-06
2.7077516036461356e-05,3.58717799605514e-05,-2.947297982250549e-05,-7.087415334191019e-05,-1.3156677545582474e-05,1.9946435458826475e-06
2.6474745404732077e-05,3.506069443855296e-05,-2.8815315202927738e-05,-7.242954171082251e-05,-1.2861031330030863e-05,2.7815896517654044e-06
2.5884028979785444e-05,3.42658305999595e-05,-2.817079426097676e-05,-7.402869106587724e-05,-1.257080412937866e-05,3.5904948212643754e-06
2.5305125691455337e-05,3.34868640120436e-05,-2.7539154289092453e-05,-7.566845904088337e-05,-1.2285825083937157e-05,4.420978728110198e-06
2.4737799290861874e-05,3.272347672963357e-05,-2.6920137831438055e-05,-7.734447527753025e-05,-1.2005918567722609e-05,5.272237825179741e-06
2.4181818254788495e-05,3.1975357168055736e-05,-2.6313492578813733e-05,-7.905089898971772e-05,-1.1730903458809778e-05,6.14294969463213e-06
2.363695568960817e-05,3.1242199972556163e-05,-2.5718971264679293e-05,-8.078015592525469e-05,-1.146059249068919e-05,7.031166947655413e-06
2.310298923909416e-05,3.0523705896460715e-05,-2.5136331566035344e-05,-8.252266531329716e-05,-1.1194791770607135e-05,7.93420399529057e-06
2.2579700995299275e-05,2.9819581677884906e-05,-2.456533600320483e-05,-8.426657458355838e-05,-1.0933300574821446e-05,8.848522690894694e-06
2.206687740695297e-05,2.9129539919968796e-05,-2.400575184339514e-05,-8.599752879475814e-05,-1.0675911568549476e-05,9.769626356821311e-06
2.1564309194393432e-05,2.845329897390311e-05,-2.3457351006679152e-05,-8.769851232787495e-05,-1.0422411631589594e-05,1.0691975863053014e-05
2.1071791262768142e-05,2.779058282422801e-05,-2.2919909971581697e-05,-8.934981115480004e-05,-1.0172583488001542e-05,1.1608945835637133e-05
2.0589122619882268e-05,2.7141120974870238e-05,-2.2393209684797185e-05,-9.092915230562788e-05,-9.926208343101454e-06,1.2512842731894437e-05
2.0116106292552805e-05,2.6504648341037465e-05,-2.1877035471711933e-05,-9.241207912682782e-05,-9.683069686287162e-06,1.3395008041782243e-05
1.965254924742063e-05,2.5880905138418355e-05,-2.1371176949057917e-05,-9.377261160008614e-05,-9.44295832108257e-06,1.424602730714483e-05
1.919826231164448e-05,2.526963677882852e-05,-2.0875427938027868e-05,-9.498421563408268e-05,-9.205678518098204e-06,1.5056057100676427e-05
1.8753060095017946e-05,2.4670593765677247e-05,-2.0389586382221656e-05,-9.602106158307556e-05,-8.971054955267987e-06,1.5815266531756427e-05
1.8316760915862737e-05,2.4083531592773025e-05,-1.9913454263567247e-05,-9.685949347011765e-05,-8.738939845944946e-06,1.6514368114298936e-05
1.7889186725286184e-05,2.3508210643412363e-05,-1.944683752226481e-05,-9.747956731791825e-05,-8.509219420888713e-06,1.714518878848325e-05
1.747016303576256e-05,2.294439609368868e-05,-1.898954597752564e-05,-9.786646765333752e-05,-8.281818813453732e-06,1.7701212104812994e-05
1.705951884881575e-05,2.239185781591801e-05,-1.854139324985104e-05,-9.801159588296928e-05,-8.056704472172658e-06,1.8178014775937057e-05
1.6657086586763377e-05,2.185037028504219e-05,-1.8102196685452234e-05,-9.791315652220437e-05,-7.833883522370248e-06,1.8573530455376103e-05
1.6262702022543668e-05,2.1319712486475658e-05,-1.767177728134875e-05,-9.757614582894849e-05,-7.613399972928697e-06,1.888810077877525e-05
1.5876204213836483e-05,2.079966782609166e-05,-1.7249959612721825e-05,-9.701175300585508e-05,-7.395328204138894e-06,1.9124311774608512e-05
1.5497435436923807e-05,2.0290024041412958e-05,-1.6836571760926076e-05,-9.623628615068514e-05,-7.179764614213326e-06,1.9286651578002743e-05
1.5126241122363768e-05,1.979057311556428e-05,-1.643144524439981e-05,-9.526980447587521e-05,-6.966818527233856e-06,1.9381052104718038e-05
1.4762469792657574e-05,1.930111119126396e-05,-1.6034414948465568e-05,-9.41346595183869e-05,-6.756603441842626e-06,1.9414386835841375e-05
1.4405972998589138e-05,1.8821438489270716e-05,-1.5645319059375877e-05,-9.285412383229544e-05,-6.549229462667521e-06,1.939398967990794e-05
1.4056605260813154e-05,1.835135922517691e-05,-1.526399899729978e-05,-9.145123224828754e-05,-6.34479741951655e-06,1.9327241620104753e-05
1.371422400868381e-05,1.789068153089684e-05,-1.4890299352554707e-05,-8.994789873770718e-05,-6.143394828010922e-06,1.922124993665888e-05
1.3378689523307412e-05,1.7439217374982618e-05,-1.4524067821884294e-05,-8.836431772948909e-05,-5.945093580220522e-06,1.908262525964787e-05
1.3049864880342742e-05,1.6996782487251058e-05,-1.4165155146040567e-05,-8.671862103652444e-05,-5.749949085185527e-06,1.891734786407369e-05
1.2727615893182845e-05,1.65631962829801e-05,-1.3813415049588231e-05,-8.502674162690376e-05,-5.558000506020653e-06,1.873070705975457e-05
1.2411811058917327e-05,1.613828178839809e-05,-1.3468704180659232e-05,-8.330242996280125e-05,-5.3692717522046165e-06,1.8527295158482508e-05
1.2102321504907666e-05,1.572186556973506e-05,-1.313088205210576e-05,-8.155737256127756e-05,-5.183772924288279e-06,1.8311038577552937e-05
1.1799020935935897e-05,1.5313777661698167e-05,-1.2799810985733403e-05,-7.980137111544372e-05,-5.001501978167579e-06,1.8085251504648058e-05
1.1501785582284796e-05,1.4913851498733725e-05,-1.247535605482201e-05,-7.804255059674986e-05,-4.822446439706078e-06,1.7852700976514994e-05
1.1210494149521543e-05,1.452192384597523e-05,-1.2157385029663108e-05,-7.628757416728988e-05,-4.6465850565943195e-06,1.7615675482816566e-05
1.0925027769016644e-05,1.4137834733429984e-05,-1.184576832405687e-05,-7.45418505424083e-05,-4.473889323516279e-06,1.7376051926411312e-05
1.0645269949799407e-05,1.3761427391027446e-05,-1.1540378940930927e-05,-7.280972539809917e-05,-4.304324843956373e-06,1.71353578631746e-05
1.0371106530097124e-05,1.3392548183238835e-05,-1.1241092422342692e-05,-7.109465267074244e-05,-4.137852519330374e-06,1.6894827440029117e-05
1.0102425631082551e-05,1.3031046548004638e-05,-1.0947786797882289e-05,-6.93993444302433e-05,-3.974429568896191e-06,1.6655450465962643e-05
9.839117612461333e-06,1.2676774933866871e-05,-1.0660342534562432e-05,-6.772589981081189e-05,-3.8140103926740547e-06,1.6418014687299107e-05
9.581075025312479e-06,1.2329588740959193e-05,-1.0378642489412636e-05,-6.607591448409988e-05,-3.656547291068244e-06,1.61831417070797e-05
9.32819257054036e-06,1.1989346260951057e-05,-1.0102571860407094e-05,-6.445057267610788e-05,-3.5019910611389297e-06,1.595131718012775e-05
9.080367054651221e-06,1.1655908619731437e-05,-9.832018140025288e-06,-6.285072389619801e-05,-3.3502914872104564e-06,1.572291598143997e-05
8.837497347911188e-06,1.1329139721125995e-05,-9.566871070242847e-06,-6.127694650518944e-05,-3.201397739126168e-06,1.5498223047293654e-05
8.599484342685515e-06,1.100890619056358e-05,-9.307022595882626e-06,-5.972960011473106e-05,-3.0552586964159574e-06,1.527745053671445e-05
8.366230914124077e-06,1.0695077320745035e-05,-9.052366821977481e-06,-5.820886859337327e-05,-2.9118232067880218e-06,1.5060751903659782e-05
8.137641879709585e-06,1.0387525018774643e-05,-8.802799969868078e-06,-5.671479524098575e-05,-2.771040294344753e-06,1.4848233393165762e-05
7.913623959510511e-06,1.0086123753628542e-05,-8.5582203359023e-06,-5.52473114742866e-05,-2.632859324343991e-06,1.4639963406902521e-05
7.694085740225767e-06,9.79075050471824e-06,-8.318528248242626e-06,-5.380626015957851e-05,-2.497230131795614e-06,1.443598011019358e-05
7.478937636143517e-06,9.501284712102101e-06,-8.08362602782239e-06,-5.239141454993066e-05,-2.3641031230049653e-06,1.4236297602667001e-05
7.2680918535121076e-06,9.217608226723332e-06,-7.853417947620898e-06,-5.1002493622561335e-05,-2.233429352675672e-06,1.4040910907359691e-05
7.061462353776618e-06,8.939605262933083e-06,-7.6278101943984015e-06,-4.963917447883872e-05,-2.105160582402688e-06,1.3849800005050879e-05
6.8589648197820455e-06,8.667162350159319e-06,-7.406710829554441e-06,-4.8301102349523175e-05,-1.979249323738939e-06,1.366293308447393e-05
6.6605166200509505e-06,8.400168288051591e-06,-7.190029752277211e-06,-4.698789865372718e-05,-1.8556488704171768e-06,1.3480269162715513e-05
6.466036776327981e-06,8.138514099515482e-06,-6.977678662527621e-06,-4.569916747602508e-05,-1.7343133189604912e-06,1.3301760190734275e-05
6.275445928712422e-06,7.882092987411296e-06,-6.769571025350356e-06,-4.443450076408264e-05,-1.6151975813131667e-06,1.3127352743790916e-05
6.088666305505801e-06,7.63080029053983e-06,-6.565622035229902e-06,-4.319348248672659e-05,-1.498257394617929e-06,1.2956989377930898e-05
5.905621690096325e-06,7.384533440454599e-06,-6.365748581057589e-06,-4.197569195384907e-05,-1.3834493210304418e-06,1.2790609714253073e-05
5.7262373895630706e-06,7.143191920822126e-06,-6.169869213993674e-06,-4.0780706457797676e-05,-1.2707307468907834e-06,1.2628151305072267e-05
5.550440205217953e-06,6.906677225079774e-06,-5.977904112171482e-06,-3.9608103367313296e-05,-1.1600598789400362e-06,1.246955032600897e-05
5.378158402324723e-06,6.674892816976677e-06,-5.789775049726414e-06,-3.845746178009769e-05,-1.051395736406238e-06,1.2314742123412118e-05
5.2093216809309715e-06,6.4477440909235825e-06,-5.6054053635873765e-06,-3.732836381960946e-05,-9.446981424096294e-07,1.2163661651524348e-05
5.043861146099206e-06,6.225138333396274e-06,-5.42471992414132e-06,-3.622039564625459e-05,-8.399277129714459e-07,1.2016243814390975e-05
4.8817092814603695e-06,6.006984685516787e-06,-5.247645102252006e-06,-3.513314823781664e-05,-7.370458472412515e-07,1.1872423738075267e-05
4.7227999210368645e-06,5.793194105089401e-06,-5.074108740731988e-06,-3.406621798620032e-05,-6.360147133005923e-07,1.1732136980916456e-05
4.5670682215317085e-06,5.583679330976347e-06,-4.904040124212495e-06,-3.3019207144627836e-05,-5.36797237530033e-07,1.159531969900407e-05
4.41445063695054e-06,5.378354847099387e-06,-4.737369951480156e-06,-3.1991724157650903e-05,-4.3935708964798853e-07,1.1461908772218257e-05
4.264884891775613e-06,5.177136848194839e-06,-4.574030306206599e-06,-3.098338389546159e-05,-3.4365867068453035e-07,1.1331841900383906e-05
4.118309955842869e-06,4.979943204476181e-06,-4.413954629030806e-06,-2.9993807813096453e-05,-2.496670994506237e-07,1.1205057676775728e-05
3.9746660199050055e-06,4.786693429067634e-06,-4.2570776910863405e-06,-2.902262405002167e-05,-1.57348198336253e-07,1.1081495639321143e-05
3.833894470252515e-06,4.597308644649389e-06,-4.103335567601746e-06,-2.8069467479314053e-05,-6.666848019999765e-08,1.096109631024239e-05
3.695937866218818e-06,4.411711551675081e-06,-3.952665610741877e-06,-2.7133979723091296e-05,2.2404864891887905e-08,1.0843801220480954e-05
3.5607399149958213e-06,4.229826396729424e-06,-3.8050064256732285e-06,-2.6215809134302487e-05,1.0990398260334468e-07,1.0729552926287367e-05
3.4282454502477817e-06,4.051578940878689e-06,-3.6602978433289396e-06,-2.5314610758479143e-05,1.958603677809275e-07,1.0618295017337923e-05
3.2984004082908256e-06,3.876896430527675e-06,-3.518480898483157e-06,-2.443004627450304e-05,2.8030487749541914e-07,1.0509972119216344e-05
3.171151807093412e-06,3.70570756673459e-06,-3.3794978038873367e-06,-2.3561783922828612e-05,3.632677434405449e-07,1.040452989030205e-05
3.046447724354308e-06,3.537942476948683e-06,-3.243291926944676e-06,-2.2709498423102767e-05,4.44778584956182e-07,1.0301915016971599e-05
2.924237275117557e-06,3.37353268582335e-06,-3.10980776742288e-06,-2.1872870882680854e-05,5.248664207616337e-07,1.0202075203886787e-05
2.8044705933471187e-06,3.212411087425847e-06,-2.97899093372606e-06,-2.105158870075743e-05,6.035596809732919e-07,1.0104959162873504e-05
2.6870988096840086e-06,3.0545119178899666e-06,-2.8507881218578892e-06,-2.0245345465835602e-05,6.808862192164074e-07,1.0010516600197105e-05
2.572074031860537e-06,2.8997707288884963e-06,-2.7251470933663875e-06,-1.945384085241939e-05,7.568733246221727e-07,9.918698202990655e-06
2.459349325418561e-06,2.7481243610980726e-06,-2.602016653338446e-06,-1.8676780514930494e-05,8.315477328128834e-07,9.829455623510717e-06
2.348878695246829e-06,2.599510917839175e-06,-2.4813466299532097e-06,-1.7913875980237382e-05,9.049356369728855e-07,9.742741463975493e-06
2.240617065069445e-06,2.453869741546448e-06,-2.363087854924027e-06,-1.7164844540795035e-05,9.770626984684337e-07,9.658509260604403e-06
2.134520260838439e-06,2.3111413863774453e-06,-2.2471921416931923e-06,-1.6429409146174905e-05,1.0479540586870633e-06,9.576713466408226e-06
2.0305449914138524e-06,2.171267595932669e-06,-2.1336122669631006e-06,-1.570729829803664e-05,1.117634348256804e-06,9.497309436011773e-06
1.9286488317308673e-06,2.0341912794992295e-06,-2.0223019515735083e-06,-1.4998245941325078e-05,1.1861276985771802e-06,9.420253407672814e-06
1.8287902047856157e-06,1.899856487639087e-06,-1.913215841324931e-06,-1.4301991362350676e-05,1.2534577505064389e-06,9.34550248776386e-06
1.7309283655593972e-06,1.7682083896001774e-06,-1.806309488233032e-06,-1.361827908337276e-05,1.319647666100556e-06,9.273014633525686e-06
1.6350233834122575e-06,1.6391932523470925e-06,-1.7015393327080874e-06,-1.2946858760402491e-05,1.3847201363248395e-06,9.202748637145803e-06
1.5410361265029477e-06,1.5127584161598903e-06,-1.5988626853412542e-06,-1.2287485083892424e-05,1.448697391917212e-06,9.134664109496487e-06
1.4489282458421446e-06,1.3888522753157755e-06,-1.4982377104795997e-06,-1.1639917678038356e-05,1.5116012121872748e-06,9.068721463955698e-06
1.3586621585970356e-06,1.2674242561502904e-06,-1.399623408212359e-06,-1.1003921004022469e-05,1.5734529337306622e-06,9.004881901192131e-06
1.2702010341623219e-06,1.1484247961481012e-06,-1.3029795981711817e-06,-1.0379264265032895e-05,1.6342734600586528e-06,8.943107392943771e-06
1.183508778222832e-06,1.0318053241348917e-06,-1.2082669033434592e-06,-9.765721310672667e-06,1.6940832701053655e-06,8.88336066723244e-06
1.0985500184221457e-06,9.17518240777636e-07,-1.1154467330350934e-06,-9.163070546198198e-06,1.7529024263866662e-06,8.825605192842493e-06
1.0152900896693263e-06,8.055168980333147e-07,-1.024481267786869e-06,-8.571094840869592e-06,1.8107505837577176e-06,8.769805165291084e-06
9.336950199330386e-07,6.957555818789748e-07,-9.353334450193285e-07,-7.989581439576154e-06,1.867646997587248e-06,8.71592549167397e-06
8.537315172683497e-07,5.881894914544257e-07,-8.479669417463702e-07,-7.4183218754056115e-06,1.92361053138198e-06,8.663931776579676e-06
7.753669546648277e-07,4.827747221101648e-07,-7.623461614320634e-07,-6.857111884933425e-06,1.978659665990457e-06,8.613790308600069e-06
6.985693584178571e-07,3.7946824765401287e-07,-6.784362183399003e-07,-6.3057513227904605e-06,2.0328125054439077e-06,8.565468045890062e-06
6.23307393225643e-07,2.78227902491885e-07,-5.962029247905602e-07,-5.7640440814487525e-06,2.0860867855028615e-06,8.518932603156451e-06
5.495503513281507e-07,1.790123642434508e-07,-5.156127759898755e-07,-5.231798008398257e-06,2.138499881504646e-06,8.474152238466117e-06
4.772681385872496e-07,8.17811365164816e-08,-4.366329365898436e-07,-4.7088248297074155e-06,2.1900688149871358e-06,8.431095839901304e-06
4.0643126297034707e-07,-1.3505466639426018e-08,-3.5923122795462506e-07,-4.194940070253075e-06,2.2408102601928518e-06,8.389732913866135e-06
3.3701082234488364e-07,-1.0688633745433972e-07,-2.833761137795724e-07,-3.6899629792239804e-06,2.290740552637573e-06,8.350033571068388e-06
2.689784920787167e-07,-1.9839959076681167e-07,-2.0903668834954e-07,-3.1937164549026574e-06,2.3398756949406622e-06,8.311968515949664e-06
2.023065140112843e-07,-2.8808257879892275e-07,-1.3618266414608006e-07,-2.706026972555924e-06,2.3882313634362552e-06,8.275509033554933e-06
1.3696768569474784e-07,-3.7597190677197146e-07,-6.47843577565923e-08,-2.2267245124919654e-06,2.4358229149663858e-06,8.240626978511271e-06
7.293534800998264e-08,-4.6210344787105787e-07,5.1873196325569816e-09,-1.755642489560719e-06,2.482665393032141e-06,8.207294763486024e-06
3.549359474557804e-08,-5.465123581841584e-07,-6.5662068399346e-09,-1.2926178277392926e-06,2.5287768187381263e-06,8.17548615001013e-06
-1.0828671617598288e-09,-6.292330898171017e-07,-1.813774814414743e-08,-8.374904566915715e-07,2.574168204440269e-06,8.145173804365091e-06
-3.681130996970647e-08,-7.102994059031825e-07,-2.9529903969164324e-08,-3.9010369017509264e-07,2.6188536960836883e-06,8.1163317465852e-06
-7.170865936198206e-08,-7.897443950276839e-07,-4.074523478889674e-08,4.9695989237092016e-08,2.6628471504145043e-06,8.088934510100442e-06
-1.0579150134109686e-07,-8.67600483769371e-07,-5.1786262582993086e-08,4.820589937728783e-07,2.7061621414708464e-06,8.062957133469066e-06
-1.3907608981488834e-07,-9.438994497020762e-07,-6.26554714644434e-08,9.071326926897661e-07,2.7488119655620647e-06,8.03837514762052e-06
-1.7157835186854428e-07,-1.0186724357245096e-06,-7.33553078278898e-08,1.3250614727826528e-06,2.7908096481833164e-06,8.015164567684865e-06
-2.033138955543138e-07,-1.091949960538477e-06,-8.388818120927784e-08,1.7359867986140294e-06,2.8321679474218377e-06,7.993301881533002e-06
-2.3429801552454612e-07,-1.1637619339655736e-06,-9.425646463216242e-08,2.1400472702461723e-06,2.8728993611031434e-06,7.97276404241767e-06
-2.645457000788536e-07,-1.2341376665558662e-06,-1.0446249529325445e-07,2.537378680806755e-06,2.9130161319021715e-06,7.953528457610543e-06
-2.9407163653075444e-07,-1.3031058833834094e-06,-1.1450857475637394e-07,2.928114072555656e-06,2.9525302506163134e-06,7.935572979981345e-06
-3.2289021768512783e-07,-1.3706947345399556e-06,-1.2439696976377384e-07,3.3123837919525305e-06,2.991453463899934e-06,7.918875899070247e-06
-3.510155481886072e-07,-1.436931807308442e-06,-1.3412991266753213e-07,3.6903155435031255e-06,3.029797277452362e-06,7.903415931702234e-06
-3.7846144919503646e-07,-1.5018441370074171e-06,-1.4370960168983916e-07,4.062034442606368e-06,3.06757296094882e-06,7.889172214065449e-06
-4.05241464742991e-07,-1.5654582186835356e-06,-1.5313820148327382e-07,4.427663067235705e-06,3.1047915530346014e-06,7.876124292429405e-06
-4.313688671498464e-07,-1.627800017122004e-06,-1.6241784368948456e-07,4.7873215089542855e-06,3.1414638665032124e-06,7.864252115417418e-06
-4.568566633600401e-07,-1.6888949782499353e-06,-1.7155062755913618e-07,5.141127421931738e-06,3.1776004920717276e-06,7.85353602522424e-06
-4.817175987769117e-07,-1.748768038135558e-06,-1.8053862002960838e-07,5.489196072571521e-06,3.213211803418893e-06,7.843956750464213e-06
-5.059641632997159e-07,-1.807443635133904e-06,-1.8938385639223259e-07,5.8316403865847915e-06,3.2483079609928386e-06,7.835495397340151e-06
-5.296085968122568e-07,-1.8649457184602683e-06,-1.9808834080067998e-07,6.168570996064215e-06,3.282898916599782e-06,7.828133442303984e-06
-5.52662893719658e-07,-1.9212977581820077e-06,-2.0665404660719215e-07,6.5000962856696115e-06,3.3169944177643525e-06,7.821852725862237e-06
-5.751388072735693e-07,-1.976522755189079e-06,-2.1508291661747792e-07,6.826322436537604e-06,3.3506040117389884e-06,7.816635442065446e-06
-5.970478564379166e-07,-2.030643250127498e-06,-2.2337686412681927e-07,7.147353471468044e-06,3.383737048903561e-06,7.812464134471493e-06
-6.184013279401961e-07,-2.083681333376836e-06,-2.3153777248914028e-07,7.463291297334828e-06,3.4164026880443045e-06,7.809321687487536e-06
-6.392102827820793e-07,-2.135658652722131e-06,-2.3956749617785933e-07,7.774235748218375e-06,3.448609898563174e-06,7.807191319162136e-06
-6.594855605616772e-07,-2.1865964236008413e-06,-2.474678610733712e-07,8.080284625484967e-06,3.480367466291715e-06,7.806056575413646e-06
-6.79237783161372e-07,-2.2365154369021542e-06,-2.5524066462009194e-07,8.381533739975497e-06,3.5116839948797656e-06,7.805901322468301e-06
-6.984773601752825e-07,-2.285436067346021e-06,-2.62887676668125e-07,8.678076950752523e-06,3.5425679113522183e-06,7.806709740644412e-06
-7.172144918339177e-07,-2.333378282914983e-06,-2.7041063930944574e-07,8.970006204402428e-06,3.573027469147304e-06,7.808466318053206e-06
-7.354591748179335e-07,-2.380361651979517e-06,-2.778112678297739e-07,9.257411573615906e-06,3.603070750551589e-06,7.811155843744526e-06
-7.53221205007456e-07,-2.426405351251072e-06,-2.850912507550454e-07,9.540381294158628e-06,3.6327056721102843e-06,7.814763402226349e-06
-7.705101821318759e-07,-2.471528174147606e-06,-2.9225225020785706e-07,9.819001802063939e-06,3.6619399859664745e-06,7.819274367221011e-06
-7.873355137541831e-07,-2.515748538182306e-06,-2.99295902560889e-07,1.0093357768993686e-05,3.690781284493732e-06,7.82467439550461e-06
-8.037064189051121e-07,-2.5590844921657566e-06,-3.06223818622304e-07,1.0363532138709244e-05,3.7192370033768572e-06,7.83094942102394e-06
-8.196319318614705e-07,-2.6015537243781266e-06,-3.13037583870849e-07,1.062960616015637e-05,3.7473144238701705e-06,7.838085649846046e-06
-8.351209062703856e-07,-2.6431735695899344e-06,-3.1973875919190874e-07,1.0891659421882302e-05,3.7750206768015717e-06,7.846069553484013e-06
-8.501820182329865e-07,-2.6839610153342826e-06,-3.263288808626012e-07,1.1149769886563888e-05,3.802362745457011e-06,7.85488786497055e-06
-8.648237699362731e-07,-2.723932709181018e-06,-3.3280946102515326e-07,1.140401392098378e-05,3.829347468499765e-06,7.864527571795125e-06
-8.790544938394824e-07,-2.7631049664906352e-06,-3.3918198817435735e-07,1.1654466330503029e-05,3.855981542671083e-06,7.874975911755404e-06
-8.928823554687093e-07,-2.801493775978792e-06,-3.4544792747236164e-07,1.19012003887042e-05,3.8822715257527514e-06,7.886220367559648e-06
-9.06315356796936e-07,-2.839114806471537e-06,-3.516087208579886e-07,1.2144287868477778e-05,3.908223839388108e-06,7.898248661581751e-06
-9.193613394320649e-07,-2.87598341331313e-06,-3.576657875456139e-07,1.2383799071942835e-05,3.933844772247154e-06,7.911048751101938e-06
-9.32027988766889e-07,-2.91211464506218e-06,-3.6362052456207033e-07,1.261980286025664e-05,3.959140482028795e-06,7.924608823811116e-06
-9.443228356055778e-07,-2.9475232493157206e-06,-3.694743065255737e-07,1.2852366682258575e-05,3.984116998366282e-06,7.938917291774772e-06
-9.562532607258758e-07,-2.9822236784785505e-06,-3.75228486651911e-07,1.3081556602170325e-05,4.008780225149547e-06,7.953962788699748e-06
-9.678264970386655e-07,-3.0162300962879873e-06,-3.8088439650629745e-07,1.3307437328128726e-05,4.033135944373594e-06,7.969734163162534e-06
-9.79049632610404e-07,-3.049556382463226e-06,-3.864433465816053e-07,1.3530072239164313e-05,4.0571898163265865e-06,7.986220476320085e-06
-9.899296143143218e-07,-3.0822161400119084e-06,-3.919066266878899e-07,1.3749523411180666e-05,4.0809473845342916e-06,8.003410995998491e-06
-1.0004732494432378e-06,-3.1142226991856836e-06,-3.97275505904548e-07,1.3965851643655375e-05,4.104414076032765e-06,8.021295192988194e-06
-1.0106872092586627e-06,-3.1455891239247152e-06,-4.0255123311567605e-07,1.4179116485286299e-05,4.1275952044476e-06,8.039862736492627e-06
-1.0205780322697668e-06,-3.1763282172385047e-06,-4.0773503760255464e-07,1.4389376258305558e-05,4.150495973219073e-06,8.059103490631573e-06
-1.0301521260011281e-06,-3.2064525252696404e-06,-4.128281288010563e-07,1.4596688083459645e-05,4.173121476821508e-06,8.0790075096677e-06
-1.0394157699986206e-06,-3.235974344241007e-06,-4.178316969418391e-07,1.4801107904600971e-05,4.1954767027650676e-06,8.099565034495976e-06
-1.0483751181531535e-06,-3.264905723500423e-06,-4.227469130665141e-07,1.5002690511058932e-05,4.217566534422455e-06,8.12076648885552e-06
-1.0570362016498065e-06,-3.2932584717770893e-06,-4.275749296199252e-07,1.5201489561842885e-05,4.23939575272947e-06,8.142602474361797e-06
-1.0654049312601712e-06,-3.321044162048573e-06,-4.323168805332897e-07,1.5397557607735635e-05,4.260969038734581e-06,8.165063769258041e-06
-1.0734870996620222e-06,-3.3482741350469405e-06,-4.369738815331889e-07,1.5590946113553524e-05,4.2822909750769754e-06,8.188141321809871e-06
-1.0812883835387282e-06,-3.3749595051624866e-06,-4.415470302605207e-07,1.5781705480128902e-05,4.303366048142737e-06,8.211826248668078e-06
-1.0888143469925865e-06,-3.401111164404369e-06,-4.4603740699963674e-07,1.5969885065293406e-05,4.324198650487593e-06,8.23610983067793e-06
-1.0960704426324345e-06,-3.4267397871094915e-06,-4.5044607447156147e-07,1.6155533204528213e-05,4.344793081819288e-06,8.26098350938234e-06
-1.103062014276448e-06,-3.4518558338051757e-06,-4.5477407815413544e-07,1.6338697232613423e-05,4.365153551879259e-06,8.286438884288265e-06
-1.1097942993207143e-06,-3.4764695562792386e-06,-4.59022446846048e-07,1.651942350227989e-05,4.385284181364084e-06,8.312467708412299e-06
-1.116272430838798e-06,-3.500591000918155e-06,-4.6319219269243595e-07,1.6697757404859428e-05,4.405189004016719e-06,8.339061885977262e-06
-1.1225014393693274e-06,-3.5242300129029385e-06,-4.6728431138698194e-07,1.687374338860354e-05,4.424871969403433e-06,8.36621346909572e-06
-1.1284862550591008e-06,-3.5473962412777988e-06,-4.712997824307212e-07,1.7047424979000593e-05,4.44433694257303e-06,8.393914654245319e-06
-1.1342317101562417e-06,-3.570099141221235e-06,-4.7523956958034524e-07,1.721884479598427e-05,4.4635877077840504e-06,8.422157779590645e-06
-1.139742540423349e-06,-3.592347979985744e-06,-4.791046208301016e-07,1.738804457230787e-05,4.4826279686094714e-06,8.450935321791608e-06
-1.1450233874046353e-06,-3.6141518380374457e-06,-4.828958688931448e-07,1.755506517208505e-05,4.501461350794011e-06,8.480239892992215e-06
-1.1500787999736346e-06,-3.6355196154168832e-06,-4.86614231095983e-07,1.7719946607221195e-05,4.520091403485389e-06,8.510064238489348e-06
-1.1549132371788495e-06,-3.6564600335738286e-06,-4.902606101555897e-07,1.7882728055232515e-05,4.538521600013089e-06,8.540401233194155e-06
-1.1595310681013832e-06,-3.6769816398355193e-06,-4.938358935212064e-07,1.8043447875510896e-05,4.556755340055867e-06,8.571243879051016e-06
-1.1639365762507149e-06,-3.6970928100819285e-06,-4.973409547529323e-07,1.820214362614378e-05,4.5747959521060396e-06,8.60258530284506e-06
-1.1681339591249633e-06,-3.716801753447554e-06,-5.007766527570898e-07,1.835885207973492e-05,4.592646692640155e-06,8.634418752774549e-06
-1.1721273308331139e-06,-3.736116514080188e-06,-5.041438323599596e-07,1.8513609239280583e-05,4.6103107493440365e-06,8.666737596397178e-06
-1.1759207241129506e-06,-3.7550449758126293e-06,-5.074433248341637e-07,1.8666450353102104e-05,4.627791242018431e-06,8.699535318257144e-06
-1.1795180915010797e-06,-3.7735948645012357e-06,-5.106759476250107e-07,1.8817409930944146e-05,4.645091224191986e-06,8.73280551654079e-06
-1.1829233065724488e-06,-3.7917737518827502e-06,-5.138425046464825e-07,1.8966521758352117e-05,4.662213684498926e-06,8.766541901272641e-06
-1.1861401661866075e-06,-3.8095890573924388e-06,-5.169437866557753e-07,1.9113818910550006e-05,4.679161546990592e-06,8.800738291734335e-06
-1.1891723925277614e-06,-3.827048053076061e-06,-5.199805716693313e-07,1.9259333767816994e-05,4.6959376737357125e-06,8.835388614688383e-06
-1.192023632768692e-06,-3.844157864866971e-06,-5.229536244682037e-07,1.940309802886568e-05,4.712544865187037e-06,8.870486900548075e-06
-1.1946974628273448e-06,-3.860925476839869e-06,-5.258636974801618e-07,1.9545142724386814e-05,4.728985862873699e-06,8.906027283155562e-06
-1.1971973870294815e-06,-3.8773577325165875e-06,-5.287115306198595e-07,1.9685498231038144e-05,4.7452633483638436e-06,8.942003995910094e-06
-1.1995268405847169e-06,-3.893461339479421e-06,-5.314978515695676e-07,1.982419428387896e-05,4.761379945823576e-06,8.978411369936285e-06
-1.2016891905997008e-06,-3.9092428700739295e-06,-5.342233760284025e-07,1.99612599899148e-05,4.777338223860677e-06,9.015243833029518e-06
-1.2036877374223608e-06,-3.924708766355966e-06,-5.368888076775998e-07,2.009672384008792e-05,4.793140695381163e-06,9.052495906464174e-06
-1.2055257158194285e-06,-3.939865340695881e-06,-5.394948385535024e-07,2.023061372259997e-05,4.808789818861287e-06,9.090162203050849e-06
-1.207206297645484e-06,-3.9547187795971735e-06,-5.420421495964244e-07,2.0362956933792216e-05,4.824288000601319e-06,9.128237425318483e-06
-1.2087325905836659e-06,-3.9692751457643034e-06,-5.445314097526543e-07,2.049378019119067e-05,4.839637594171823e-06,9.16671636396014e-06
-1.210107641605992e-06,-3.983540380608908e-06,-5.46963277218755e-07,2.0623109644441816e-05,4.85484090281324e-06,9.205593895293467e-06
-1.2113344377253633e-06,-3.9975203067054124e-06,-5.493383993314122e-07,2.075097088691446e-05,4.86990017978154e-06,9.24486497972036e-06
-1.2124159066925567e-06,-4.011220630432772e-06,-5.516574124027399e-07,2.087738896724607e-05,4.8848176299710755e-06,9.284524659326195e-06
-1.2133549184911743e-06,-4.0246469435582905e-06,-5.539209422429055e-07,2.100238839988989e-05,4.899595409779195e-06,9.324568057199892e-06
-1.2141542865023457e-06,-4.037804726495025e-06,-5.561296041640224e-07,2.112599317593967e-05,4.914235629711401e-06,9.364990374672327e-06
-1.2148167688040334e-06,-4.050699349567365e-06,-5.582840032507158e-07,2.1248226773898824e-05,4.928740353616502e-06,9.40578688987311e-06
-1.215345068855907e-06,-4.063336076251174e-06,-5.603847343474519e-07,2.1369112169949996e-05,4.943111601164354e-06,9.446952956065325e-06
-1.2157418369644338e-06,-4.075720064352617e-06,-5.624323823435436e-07,2.1488671847558528e-05,4.957351347648359e-06,9.48848399999414e-06
-1.2160096712274757e-06,-4.087856368694237e-06,-5.644275222902908e-07,2.1606927808075102e-05,4.971461525614157e-06,9.5303755198746e-06
-1.216151118880036e-06,-4.099749942761094e-06,-5.663707197271269e-07,2.1723901581005292e-05,4.985444025303434e-06,9.572623084933722e-06
-1.216168676657988e-06,-4.111405641222289e-06,-5.682625304776851e-07,2.1839614231448106e-05,4.999300695314948e-06,9.615222332149262e-06
-1.2160647923608755e-06,-4.122828221456588e-06,-5.701035010442879e-07,2.1954086371642288e-05,5.013033344086582e-06,9.658168966333055e-06
-1.2158418662410773e-06,-4.134022346363232e-06,-5.71894168948489e-07,2.2067338168959958e-05,5.0266437412706825e-06,9.701458757466517e-06
-1.2155022508617605e-06,-4.144992584188835e-06,-5.736350624386638e-07,2.2179389355732086e-05,5.040133616155684e-06,9.745087539521102e-06
-1.2150482529405267e-06,-4.155743413387632e-06,-5.753267009265085e-07,2.2290259236686993e-05,5.053504661303607e-06,9.789051209708939e-06
-1.2144821336378752e-06,-4.1662792217036855e-06,-5.769695948743394e-07,2.2399966699053404e-05,5.066758531871131e-06,9.833345725887725e-06
-1.2138061103487373e-06,-4.1766043098476236e-06,-5.78564246365077e-07,2.2508530219998944e-05,5.0798968463842625e-06,9.877967106297104e-06
-1.2130223568178925e-06,-4.18672289185348e-06,-5.801111489303948e-07,2.26159678754009e-05,5.092921187493262e-06,9.922911427254992e-06
-1.2121330044323325e-06,-4.196639098007972e-06,-5.816107876909336e-07,2.272229734828396e-05,5.105833103437272e-06,9.968174822658013e-06
-1.2111401427540792e-06,-4.206356975972388e-06,-5.83063639550495e-07,2.282753593575907e-05,5.118634107917801e-06,1.0013753481691695e-05
-1.2100458204473546e-06,-4.215880492047358e-06,-5.844701732436015e-07,2.2931700557683212e-05,5.131325681098055e-06,1.0059643648761132e-05
-1.2088520459181236e-06,-4.225213533762992e-06,-5.85830849402558e-07,2.3034807764208925e-05,5.143909270930228e-06,1.0105841621409333e-05
-1.2075607893865486e-06,-4.234359910438865e-06,-5.871461213112339e-07,2.313687374294523e-05,5.1563862922491235e-06,1.0152343748957237e-05
-1.206173982132851e-06,-4.243323355282504e-06,-5.88416434215616e-07,2.3237914326840258e-05,5.168758129622369e-06,1.0199146432309465e-05
-1.2046935174194767e-06,-4.252107527125535e-06,-5.89642225658917e-07,2.333794500073154e-05,5.181026136166659e-06,1.0246246121262029e-05
-1.203121252589521e-06,-4.260716011111669e-06,-5.908239260667386e-07,2.3436980908784517e-05,5.193191634777872e-06,1.0293639314835457e-05
-1.2014590082742068e-06,-4.269152321179558e-06,-5.919619583258506e-07,2.3535036861320427e-05,5.205255919282501e-06,1.0341322558929448e-05
-1.1997085696136074e-06,-4.277419900662797e-06,-5.930567379855817e-07,2.3632127342199292e-05,5.217220254396173e-06,1.0389292446378418e-05
-1.1978716881739905e-06,-4.285522124515143e-06,-5.941086739431725e-07,2.3728266514148977e-05,5.22908587646892e-06,1.0437545614869852e-05
-1.1959500800501471e-06,-4.293462299567499e-06,-5.951181675068509e-07,2.382346822653679e-05,5.240853994115081e-06,1.0486078746458602e-05
-1.1939454289821463e-06,-4.3012436667995426e-06,-5.960856134251136e-07,2.3917746021364633e-05,5.252525788883196e-06,1.0534888566109734e-05
-1.1918593863691592e-06,-4.308869402392203e-06,-5.970113997905834e-07,2.4011113138986746e-05,5.26410241626692e-06,1.0583971840907528e-05
-1.1896935714614732e-06,-4.316342619031006e-06,-5.97895908017538e-07,2.4103582525437097e-05,5.275585005393324e-06,1.0633325379625265e-05
-1.1874495718484864e-06,-4.323666366987921e-06,-5.987395127212957e-07,2.4195166837147875e-05,5.286974660175933e-06,1.068294603014398e-05
-1.1851289450951287e-06,-4.330843635650241e-06,-5.995425824579231e-07,2.428587844788839e-05,5.298272458934622e-06,1.0732830680354545e-05
-1.18273321821816e-06,-4.3378773543769545e-06,-6.003054790440079e-07,2.4375729453483507e-05,5.309479456571895e-06,1.0782976256256409e-05
-1.1802638894037098e-06,-4.344770394668752e-06,-6.01028558522405e-07,2.446473167886359e-05,5.320596683555057e-06,1.0833379720778009e-05
-1.177722427769075e-06,-4.351525569645744e-06,-6.017121705685397e-07,2.455289668222782e-05,5.331625146936649e-06,1.0884038073943318e-05
-1.1751102740997989e-06,-4.358145636961952e-06,-6.023566587992413e-07,2.4640235761594513e-05,5.342565831300619e-06,1.093494835033221e-05
-1.172428841974773e-06,-4.3646332983332736e-06,-6.029623611884328e-07,2.4726759959686137e-05,5.353419698993788e-06,1.0986107620149074e-05
-1.1696795173660573e-06,-4.370991202324054e-06,-6.03529609580787e-07,2.481248006859222e-05,5.364187689867583e-06,1.1037512986877472e-05
-1.1668636599675884e-06,-4.377221943717535e-06,-6.040587302517033e-07,2.48974066364307e-05,5.374870723179046e-06,1.1089161587016462e-05
-1.163982603452259e-06,-4.383328066028261e-06,-6.045500438229534e-07,2.4981549970678587e-05,5.385469696145539e-06,1.1141050589358974e-05
-1.1610376562670364e-06,-4.3893120613554905e-06,-6.0500386548972e-07,2.506492014405619e-05,5.39598548636214e-06,1.1193177194381192e-05
-1.1580301018129113e-06,-4.395176372651607e-06,-6.054205049962827e-07,2.514752699913448e-05,5.406418950964021e-06,1.1245538632604971e-05
-1.1549611990109436e-06,-4.400923392968081e-06,-6.058002667239975e-07,2.5229380153275638e-05,5.41677092774759e-06,1.1298132164695011e-05
-1.1518321827782708e-06,-4.406555468628777e-06,-6.061434496967575e-07,2.531048900279637e-05,5.427042234890228e-06,1.1350955080265346e-05
-1.1486442644853147e-06,-4.412074898486008e-06,-6.064503478018594e-07,2.5390862728463524e-05,5.43723367186035e-06,1.1404004697560176e-05
-1.1453986329665815e-06,-4.417483935435053e-06,-6.067212500529418e-07,2.5470510298436162e-05,5.447346019985068e-06,1.1457278362385282e-05
-1.1420964544434784e-06,-4.422784787018848e-06,-6.069564404206508e-07,2.554944047409427e-05,5.45738004257082e-06,1.1510773447330879e-05
-1.138738872786549e-06,-4.427979617340348e-06,-6.071561977881834e-07,2.562766181364695e-05,5.467336484732602e-06,1.1564487351077705e-05
-1.1353270101023208e-06,-4.433070546321243e-06,-6.073207961916051e-07,2.5705182676906397e-05,5.47721607476487e-06,1.1618417498660741e-05
-1.1318619680636937e-06,-4.438059652583166e-06,-6.074505052450132e-07,2.5782011227952428e-05,5.487019524246569e-06,1.1672561339151581e-05
-1.1283448274020022e-06,-4.442948972248542e-06,-6.075455898502944e-07,2.5858155441183212e-05,5.4967475280945e-06,1.1726916346463392e-05
-1.124776648200663e-06,-4.4477405007890025e-06,-6.076063101370166e-07,2.593362310409082e-05,5.506400764782394e-06,1.17814800179631e-05
-1.1211584710300214e-06,-4.452436194479586e-06,-6.076329218628333e-07,2.6008421820924967e-05,5.515979897488354e-06,1.1836249874110579e-05
-1.1174913168146525e-06,-4.457037970023193e-06,-6.0762567643479e-07,2.6082559016967352e-05,5.5254855736498665e-06,1.1891223458070082e-05
-1.1137761869016016e-06,-4.4615477055377364e-06,-6.0758482053198e-07,2.6156041942806062e-05,5.534918425557149e-06,1.1946398334280835e-05
-1.1100140648108904e-06,-4.465967241886458e-06,-6.075105971056767e-07,2.6228877676944553e-05,5.544279070850655e-06,1.2001772088914987e-05
-1.1062059156289654e-06,-4.470298383088323e-06,-6.074032448058493e-07,2.630107313024257e-05,5.553568113247339e-06,1.2057342328767403e-05
-1.10235268571996e-06,-4.474542896967739e-06,-6.072629978526088e-07,2.637263504841412e-05,5.562786141163942e-06,1.2113106680353595e-05
-1.0984553050532717e-06,-4.47870251614634e-06,-6.07090086888054e-07,2.6443570016856992e-05,5.571933730249862e-06,1.2169062790895055e-05
-1.0945146852336702e-06,-4.482778938294973e-06,-6.06884738120552e-07,2.6513884462706635e-05,5.581011441712243e-06,1.2225208325446556e-05
-1.0905317215880365e-06,-4.486773827566532e-06,-6.066471740795508e-07,2.6583584659166024e-05,5.590019824185956e-06,1.2281540968283917e-05
-1.0865072932769778e-06,-4.4906888145700866e-06,-6.063776137803504e-07,2.6652676728336768e-05,5.598959413598012e-06,1.2338058421752153e-05
-1.0824422624617395e-06,-4.494525497570018e-06,-6.06076271897645e-07,2.672116664410563e-05,5.607830732754973e-06,1.239475840533566e-05
-1.0783374758919725e-06,-4.4982854422361775e-06,-6.057433596763195e-07,2.6789060235752815e-05,5.616634291673005e-06,1.2451638656199458e-05
-1.0741937644047177e-06,-4.501970183544164e-06,-6.053790846205377e-07,2.6856363191060558e-05,5.625370589445102e-06,1.2508696927759765e-05
-1.0700119441934488e-06,-4.505581225549553e-06,-6.049836509235003e-07,2.6923081058589104e-05,5.634040112502068e-06,1.256593098932318e-05
-1.0657928166277734e-06,-4.509120042181892e-06,-6.045572592347992e-07,2.6989219251562447e-05,5.642643335814671e-06,1.2623338626267083e-05
-1.0615371675659825e-06,-4.512588078043583e-06,-6.041001064338717e-07,2.705478305031089e-05,5.651180723154925e-06,1.2680917639401271e-05
-1.0572457695296166e-06,-4.515986748696301e-06,-6.036123864530615e-07,2.711977760460246e-05,5.659652727669699e-06,1.2738665843552412e-05
-1.0529193805541822e-06,-4.519317441295663e-06,-6.03094289676039e-07,2.718420793786176e-05,5.668059790749846e-06,1.279658106891019e-05
-1.048558745299557e-06,-4.522581515691333e-06,-6.025460033924163e-07,2.7248078948058168e-05,5.676402344523397e-06,1.2854661158945627e-05
-1.0441645943251029e-06,-4.525780303863291e-06,-6.019677114687591e-07,2.7311395411813674e-05,5.684680810094856e-06,1.2912903970688658e-05
-1.0397376457413004e-06,-4.528915112052089e-06,-6.01359594845876e-07,2.7374161986179183e-05,5.692895598338741e-06,1.2971307374630951e-05
-1.0352786039133246e-06,-4.531987219273596e-06,-6.007218310814666e-07,2.7436383212020757e-05,5.701047110492777e-06,1.3029869254004297e-05
-1.0307881614896944e-06,-4.534997880010491e-06,-6.000545951132871e-07,2.7498063515351846e-05,5.709135737978817e-06,1.3088587504267104e-05
-1.0262669984002599e-06,-4.537948322925827e-06,-5.993580588102949e-07,2.755920721083051e-05,5.7171618636250946e-06,1.3147460033201545e-05
-1.0217157824151626e-06,-4.5408397525135095e-06,-5.986323910358391e-07,2.7619818504146386e-05,5.725125859997475e-06,1.32064847597617e-05
-1.0171351692134938e-06,-4.543673348742556e-06,-5.978777577957446e-07,2.767990149329744e-05,5.733028091447608e-06,1.326565961462867e-05
-1.0125258029758142e-06,-4.546450268803658e-06,-5.970943222600198e-07,2.773946017236475e-05,5.740868913500413e-06,1.3324982539239109e-05
-1.0078883164828457e-06,-4.5491716457518594e-06,-5.962822449168399e-07,2.7798498432678222e-05,5.748648672354901e-06,1.3384451485715868e-05
-1.003223331653311e-06,-4.55183859069992e-06,-5.954416837103206e-07,2.785702006575868e-05,5.756367707306683e-06,1.3444064416715301e-05
-9.985314592256487e-07,-4.5544521922850575e-06,-5.945727937894501e-07,2.7915028765316283e-05,5.764026348044015e-06,1.3503819304192159e-05
-9.938132992342603e-07,-4.557013517335663e-06,-5.936757277514128e-07,2.7972528129026862e-05,5.7716249175148245e-06,1.3563714130870622e-05
-9.890694407857595e-07,-4.55952361090023e-06,-5.927506353977848e-07,2.8029521661307486e-05,5.779163729891705e-06,1.3623746887357735e-05
-9.843004632461653e-07,-4.561983498457184e-06,-5.91797664300476e-07,2.8086012774426704e-05,5.786643092032545e-06,1.3683915574738506e-05
-9.795069358997133e-07,-4.5643941836433245e-06,-5.908169596653099e-07,2.8142004791613137e-05,5.794063303520194e-06,1.3744218202050215e-05
-9.746894182331925e-07,-4.566756650497271e-06,-5.898086642343908e-07,2.8197500948609805e-05,5.801424656725427e-06,1.3804652786823581e-05
-9.698484592252222e-07,-4.569071863599663e-06,-5.8877291798075e-07,2.825250439528397e-05,5.808727437192166e-06,1.3865217355027277e-05
-9.64984599414434e-07,-4.571340767715356e-06,-5.877098591682042e-07,2.8307018197792027e-05,5.815971922881878e-06,1.392590994081813e-05
-9.600983699365483e-07,-4.573564289132207e-06,-5.866196237094415e-07,2.8361045340911034e-05,5.823158385406857e-06,1.3986728585236594e-05
-9.551902920114245e-07,-4.575743335728322e-06,-5.855023447521635e-07,2.84145887288158e-05,5.830287090098843e-06,1.4047671337469627e-05
-9.502608790787783e-07,-4.5778787965252125e-06,-5.843581540214007e-07,2.8467651188076532e-05,5.837358295934408e-06,1.4108736253254753e-05
-9.453106347371565e-07,-4.579971543700925e-06,-5.831871804777748e-07,2.8520235468602517e-05,5.8443722546809965e-06,1.4169921395379634e-05
-9.403400550700412e-07,-4.582022431550955e-06,-5.819895514140885e-07,2.857234424547398e-05,5.851329212804692e-06,1.4231224833862507e-05
-9.353496270896829e-07,-4.58403229692153e-06,-5.807653918997852e-07,2.8623980121162548e-05,5.858229410693042e-06,1.429264464442562e-05
-9.303398295608138e-07,-4.586001960420884e-06,-5.795148247732983e-07,2.8675145626696973e-05,5.865073083192451e-06,1.43541789090642e-05
-9.253111338728537e-07,-4.587932226113387e-06,-5.782379714297179e-07,2.8725843223328435e-05,5.871860458527242e-06,1.441582571635176e-05
-9.20264003270118e-07,-4.589823881783251e-06,-5.769349511172138e-07,2.8776075304362477e-05,5.878591760923653e-06,1.4477583159691533e-05
-9.151988928902687e-07,-4.5916777000870085e-06,-5.756058809057846e-07,2.8825844196546743e-05,5.885267207791673e-06,1.4539449339120524e-05
-9.101162506675502e-07,-4.5934944372995695e-06,-5.742508763710149e-07,2.8875152161680795e-05,5.891887011939441e-06,1.4601422358936456e-05
-9.050165170820883e-07,-4.595274835005365e-06,-5.72870051119318e-07,2.8924001398559023e-05,5.898451381277839e-06,1.4663500329196544e-05
-8.999001254184009e-07,-4.597019620362636e-06,-5.714635170231345e-07,2.8972394042970636e-05,5.904960518280328e-06,1.4725681364912571e-05
-8.947675021658341e-07,-4.598729505467754e-06,-5.700313844656494e-07,2.9020332171252377e-05,5.911414620615159e-06,1.4787963585579064e-05
-8.89619066172101e-07,-4.600405188296515e-06,-5.685737616648402e-07,2.9067817800288532e-05,5.917813881555373e-06,1.485034511542307e-05
-8.844552296591795e-07,-4.602047352633971e-06,-5.6709075535541e-07,2.911485288912072e-05,5.924158489339739e-06,1.4912824082793543e-05
-8.792763985345814e-07,-4.603656669111696e-06,-5.655824707290077e-07,2.91614393406688e-05,5.9304486281856465e-06,1.4975398620744208e-05
-8.740829719080758e-07,-4.60523379474761e-06,-5.640490114105052e-07,2.9207579003118593e-05,5.936684477319938e-06,1.5038066865687397e-05
-8.688753426876054e-07,-4.6067793731666056e-06,-5.62490479404617e-07,2.9253273670532514e-05,5.942866212724176e-06,1.5100826958976136e-05
-8.636538970730014e-07,-4.6082940354256434e-06,-5.60906975078737e-07,2.929852508457046e-05,5.948994004798432e-06,1.5163677044322858e-05
-8.584190155101168e-07,-4.60977839988481e-06,-5.592985974078748e-07,2.934333493693224e-05,5.955068020983486e-06,1.5226615270283523e-05
-8.53171072255314e-07,-4.611233072600714e-06,-5.576654439373409e-07,2.9387704867581273e-05,5.961088425040686e-06,1.5289639787856766e-05
-8.479104361030767e-07,-4.612658647098268e-06,-5.560076110242166e-07,2.943163646968504e-05,5.967055375716495e-06,1.5352748751552494e-05
-8.426374691616303e-07,-4.6140557055854354e-06,-5.54325192974283e-07,2.9475131288005276e-05,5.972969029052474e-06,1.5415940319377963e-05
-8.373525285511369e-07,-4.615424818331134e-06,-5.526182832517152e-07,2.9518190821562518e-05,5.978829536414591e-06,1.5479212651935776e-05
-8.320559658245877e-07,-4.616766543953706e-06,-5.508869739293744e-07,2.9560816523636083e-05,5.984637046808848e-06,1.5542563912701397e-05
-8.267481269095393e-07,-4.618081430540595e-06,-5.491313556587875e-07,2.9603009804539634e-05,5.990391705427041e-06,1.560599226837009e-05
-8.214293524779561e-07,-4.619370014914355e-06,-5.473515178786233e-07,2.9644772030622e-05,5.996093654258115e-06,1.566949588685855e-05
-8.16099977959889e-07,-4.620632823230095e-06,-5.455475487727355e-07,2.9686104526931673e-05,6.001743031184953e-06,1.5733072940455108e-05
-8.107603335968682e-07,-4.6218703705967276e-06,-5.437195352176363e-07,2.9727008578327043e-05,6.007339972013132e-06,1.5796721602253194e-05
-8.054107445693143e-07,-4.623083162220244e-06,-5.418675629267144e-07,2.9767485429365407e-05,6.0128846089281225e-06,1.5860440048121938e-05
-8.000515313327139e-07,-4.624271693480897e-06,-5.399917165209543e-07,2.9807536286301328e-05,6.018377071371118e-06,1.59242264561233e-05
-7.946830094740378e-07,-4.625436449358081e-06,-5.380920794492325e-07,2.984716231753077e-05,6.023817485767259e-06,1.5988079006470467e-05
-7.893054901616056e-07,-4.626577905676218e-06,-5.361687342999951e-07,2.9886364654923304e-05,6.029205975900718e-06,1.6051995880833927e-05
-7.839192790672311e-07,-4.627696528269995e-06,-5.342217619261543e-07,2.992514439471034e-05,6.034542662430268e-06,1.611597526274393e-05
-7.785246784126713e-07,-4.628792773695029e-06,-5.322512429085156e-07,2.9963502598373277e-05,6.039827663645489e-06,1.6180015337840306e-05
-7.73121985367884e-07,-4.629867089680104e-06,-5.302572563616597e-07,3.000144029353172e-05,6.045061095582658e-06,1.6244114292942632e-05
-7.677114924628535e-07,-4.630919914821515e-06,-5.282398801120849e-07,3.0038958475164657e-05,6.050243071406146e-06,1.630827031660533e-05
-7.622934889910606e-07,-4.631951678585476e-06,-5.261991918898234e-07,3.007605810605461e-05,6.055373702235295e-06,1.6372481598965038e-05
-7.568682592599424e-07,-4.632962802598571e-06,-5.241352677163071e-07,3.0112740118119876e-05,6.060453096209888e-06,1.6436746330921797e-05
-7.514360835958413e-07,-4.633953699733678e-06,-5.220481828697174e-07,3.014900541241455e-05,6.065481359206707e-06,1.650106270547132e-05
-7.459972380970528e-07,-4.634924773817195e-06,-5.199380115795196e-07,3.018485486145994e-05,6.070458595518801e-06,1.6565428915970274e-05
-7.405519955326212e-07,-4.635876422184387e-06,-5.178048274901776e-07,3.0220289308578493e-05,6.075384907389716e-06,1.6629843157621182e-05
-7.351006249155085e-07,-4.636809032905566e-06,-5.156487035675418e-07,3.025530956944808e-05,6.080260394672376e-06,1.6694303626154058e-05
-7.296433904672159e-07,-4.637722986701492e-06,-5.13469711149266e-07,3.0289916432990178e-05,6.085085155052077e-06,1.6758808518312106e-05
-7.241805535312874e-07,-4.6386186568002275e-06,-5.112679214193397e-07,3.0324110661924963e-05,6.089859284332668e-06,1.6823356032032135e-05
-7.187123718680062e-07,-4.639496408726258e-06,-5.090434047046274e-07,3.035789299343749e-05,6.094582877079661e-06,1.6887944365778424e-05
-7.132390994685513e-07,-4.640356601127256e-06,-5.067962303922116e-07,3.0391264139843787e-05,6.099256025205726e-06,1.6952571719236602e-05
-7.077609866232575e-07,-4.6411995851680134e-06,-5.04526467052308e-07,3.042422479025621e-05,6.103878819319969e-06,1.7017236292231197e-05
-7.022782803834831e-07,-4.642025704669322e-06,-5.022341826032763e-07,3.045677560947318e-05,6.108451348067806e-06,1.7081936285558278e-05
-6.967912246335111e-07,-4.642835297262354e-06,-4.99919444344512e-07,3.0488917241198902e-05,6.112973698522465e-06,1.714666990091608e-05
-6.91300060044581e-07,-4.6436286935497995e-06,-4.975823188945652e-07,3.052065030604491e-05,6.117445956952786e-06,1.7211435339947412e-05
-6.858050236411926e-07,-4.644406216849688e-06,-4.952228720556313e-07,3.0551975404083566e-05,6.121868206809717e-06,1.7276230805377687e-05
-6.803063493767349e-07,-4.645168185368548e-06,-4.928411688619118e-07,3.058289311518119e-05,6.126240531182505e-06,1.7341054499932374e-05
-6.748042683717523e-07,-4.645914909794187e-06,-4.904372739871265e-07,3.061340399922006e-05,6.130563011403166e-06,1.7405904627128096e-05
-6.692990087185451e-07,-4.646646695221313e-06,-4.880112514103197e-07,3.0643508596431495e-05,6.13483572736017e-06,1.7470779390731367e-05
-6.637907956343096e-07,-4.647363840191777e-06,-4.855631646673918e-07,3.067320742972729e-05,6.139058757591246e-06,1.7535676994966743e-05
-6.582798509087494e-07,-4.648066637624487e-06,-4.830930763209563e-07,3.0702501002701367e-05,6.143232179177488e-06,1.7600595644225428e-05
-6.527663936606725e-07,-4.648755374349483e-06,-4.806010484067938e-07,3.073138980262733e-05,6.1473560684607166e-06,1.7665533543065222e-05
-6.472506407454061e-07,-4.649430331752828e-06,-4.780871429764779e-07,3.0759874299903405e-05,6.151430500210188e-06,1.7730488896835062e-05
-6.417328055724123e-07,-4.650091785518858e-06,-4.7555142085705177e-07,3.0787954949051586e-05,6.155455548697538e-06,1.779545991028721e-05
-6.362130995096815e-07,-4.650740005419894e-06,-4.729939430322399e-07,3.081563218827357e-05,6.159431286762438e-06,1.7860444789117703e-05
-6.306917307767328e-07,-4.651375256241901e-06,-4.7041476938329673e-07,3.084290644144919e-05,6.163357785796259e-06,1.792544173902267e-05
-6.251689049875381e-07,-4.651997797460672e-06,-4.678139595450616e-07,3.086977811802532e-05,6.167235116592916e-06,1.7990448965531753e-05
-6.196448257759356e-07,-4.652607882929777e-06,-4.6519157292712424e-07,3.089624761346004e-05,6.171063349456738e-06,1.8055464674396755e-05
-6.141196935405847e-07,-4.6532057622415595e-06,-4.6254766802975514e-07,3.09223153097777e-05,6.1748425528453846e-06,1.8120487071813606e-05
-6.085937068328824e-07,-4.653791679528047e-06,-4.5988230326631886e-07,3.094798157634609e-05,6.178572795325351e-06,1.8185514363908934e-05
-6.030670615514786e-07,-4.654365873632765e-06,-4.5719553658583414e-07,3.097324677043156e-05,6.182254143775274e-06,1.8250544756587394e-05
-5.975399514254114e-07,-4.654928579362967e-06,-4.544874255125511e-07,3.0998111236754905e-05,6.1858866646472385e-06,1.831557645617003e-05
-5.920125674998522e-07,-4.6554800261248195e-06,-4.517580270920146e-07,3.102257530926778e-05,6.189470424219601e-06,1.8380607668908597e-05
-5.864850988519892e-07,-4.656020439598298e-06,-4.4900739800694573e-07,3.104663931148568e-05,6.193005486790696e-06,1.8445636601054868e-05
-5.809577325628615e-07,-4.656550039846171e-06,-4.4623559480513707e-07,3.107030355559984e-05,6.196491917379892e-06,1.851066145891623e-05
-5.754306531622846e-07,-4.65706904359632e-06,-4.434426735382956e-07,3.109356834491967e-05,6.199929779780542e-06,1.8575680449063778e-05
-5.699040429788255e-07,-4.6575776625960306e-06,-4.406286897624028e-07,3.111643397220749e-05,6.203319136974421e-06,1.8640691777846654e-05
-5.643780826573126e-07,-4.658076104598213e-06,-4.377936990220795e-07,3.113890072212092e-05,6.206660051389686e-06,1.870569365143362e-05
-5.588529504884798e-07,-4.6585645732247465e-06,-4.349377563799004e-07,3.116096886999172e-05,6.209952585250048e-06,1.877068427654862e-05
-5.53328822985069e-07,-4.659043267790711e-06,-4.3206091673881497e-07,3.11826386839352e-05,6.2131967996586e-06,1.8835661859887892e-05
-5.478058744476601e-07,-4.659512383614721e-06,-4.2916323463168884e-07,3.120391042373995e-05,6.216392756576206e-06,1.8900624607231803e-05
-5.422842773552738e-07,-4.659972112813273e-06,-4.262447642813132e-07,3.122478434175607e-05,6.219540515882975e-06,1.896557072609548e-05
-5.367642020500043e-07,-4.660422642509561e-06,-4.233055595965581e-07,3.124526068400538e-05,6.222640138074471e-06,1.9030498422065104e-05
-5.3124581742621e-07,-4.660864156706224e-06,-4.20345674591331e-07,3.126533968940423e-05,6.225691683129759e-06,1.9095405902669792e-05
-5.257292901641248e-07,-4.661296836192303e-06,-4.1736516257629005e-07,3.128502159120685e-05,6.228695210364785e-06,1.9160291374161936e-05
-5.202147852924351e-07,-4.661720857549531e-06,-4.1436407700047463e-07,3.130430661645018e-05,6.231650778929583e-06,1.9225153043265828e-05
-5.147024659430699e-07,-4.662136393757797e-06,-4.113424708536993e-07,3.132319498750825e-05,6.234558448178316e-06,1.9289989116747462e-05
-5.091924941727458e-07,-4.662543614639863e-06,-4.083003974640765e-07,3.1341686920870836e-05,6.237418276345367e-06,1.9354797801636516e-05
-5.036850292011288e-07,-4.662942686397904e-06,-4.052379091661704e-07,3.1359782628919905e-05,6.240230321514607e-06,1.94195773047962e-05
-4.981802295126595e-07,-4.66333377217241e-06,-4.021550587898881e-07,3.1377482320151654e-05,6.242994642344829e-06,1.948432583354773e-05
-4.926782512145338e-07,-4.663717031410861e-06,-3.99051898455081e-07,3.1394786198066215e-05,6.245711295946878e-06,1.95490415950597e-05
-4.871792496619229e-07,-4.664092620810746e-06,-3.959284807710038e-07,3.141169446327717e-05,6.24838034125523e-06,1.9613722796639517e-05
-4.81683377922537e-07,-4.6644606940096535e-06,-3.9278485769620295e-07,3.1428207312956364e-05,6.2510018348370325e-06,1.967836764598321e-05
-4.7619078772874763e-07,-4.664821400842432e-06,-3.896210812820697e-07,3.144432494127805e-05,6.253575834945555e-06,1.974297435096726e-05
-4.707016293673896e-07,-4.665174889024831e-06,-3.864372034147404e-07,3.146004754008498e-05,6.256102398495489e-06,1.980754111919061e-05
-4.6521605136645335e-07,-4.665521302624554e-06,-3.8323327568971256e-07,3.1475375298000264e-05,6.258581582696918e-06,1.9872066159223694e-05
-4.597342013993726e-07,-4.665860783446982e-06,-3.800093502466534e-07,3.1490308402869836e-05,6.261013445311416e-06,1.9936547679484328e-05
-4.542562246846148e-07,-4.666193469964525e-06,-3.76765478109562e-07,3.150484703965303e-05,6.263398042968986e-06,2.000098388882055e-05
-4.4878226608778156e-07,-4.666519498145094e-06,-3.7350171124592904e-07,3.1518991392865105e-05,6.2657354331680955e-06,2.006537299596943e-05
-4.433124681516716e-07,-4.666839001061582e-06,-3.702181006814911e-07,3.153274164502287e-05,6.268025672755954e-06,2.0129713210403567e-05
-4.378469726685531e-07,-4.667152109233381e-06,-3.66914698055989e-07,3.154609797819906e-05,6.27026881881203e-06,2.0194002741942548e-05
-4.3238591958937155e-07,-4.6674589502190285e-06,-3.6359155441332266e-07,3.155906057402231e-05,6.272464928533299e-06,2.025823980107212e-05
-4.2692944810869204e-07,-4.6677596503666615e-06,-3.6024872120151695e-07,3.1571629613233037e-05,6.274614059745875e-06,2.032242259772292e-05
-4.2147769577349724e-07,-4.668054331632381e-06,-3.5688624963114544e-07,3.1583805277570895e-05,6.276716269464192e-06,2.038654934364364e-05
-4.160307984367414e-07,-4.668343114642622e-06,-3.53504190579366e-07,3.1595587747554224e-05,6.278771614411606e-06,2.0450618249805808e-05
-4.105888913321848e-07,-4.668626117106037e-06,-3.5010259540501514e-07,3.1606977205588796e-05,6.2807801531536335e-06,2.051462752854101e-05
-4.051521084273821e-07,-4.66890345502598e-06,-3.4668151529186656e-07,3.1617973833636234e-05,6.282741942387912e-06,2.0578575392458406e-05
-3.9972058221522766e-07,-4.669175241469326e-06,-3.432410014851441e-07,3.1628577815101446e-05,6.284657040251326e-06,2.0642460054722284e-05
-3.9429444377152477e-07,-4.669441587506936e-06,-3.397811047709515e-07,3.1638789334721626e-05,6.286525504726033e-06,2.0706279728927174e-05
-3.8887382363489515e-07,-4.669702602115483e-06,-3.3630187667374175e-07,3.164860857812212e-05,6.2883473939793165e-06,2.077003262972232e-05
-3.834588506442511e-07,-4.6699583915024325e-06,-3.328033681944014e-07,3.1658035733703805e-05,6.290122765773286e-06,2.0833716972589668e-05
-3.780496523612649e-07,-4.6702090604463694e-06,-3.292856302976243e-07,3.166707099020065e-05,6.291851678922746e-06,2.0897330972900155e-05
-3.7264635585399413e-07,-4.670454711544087e-06,-3.257487144927542e-07,3.167571453967727e-05,6.29353419175533e-06,2.096087284773168e-05
-3.6724908631822263e-07,-4.670695444825888e-06,-3.2219267166105903e-07,3.168396657553051e-05,6.295170362883537e-06,2.1024340814398114e-05
-3.618579685450985e-07,-4.670931358941534e-06,-3.186175533455853e-07,3.169182729426588e-05,6.2967602521255055e-06,2.1087733091517822e-05
-3.5647312590143954e-07,-4.671162550101853e-06,-3.150234108549399e-07,3.169929689527542e-05,6.298303918087615e-06,2.115104789818105e-05
-3.510946805040828e-07,-4.671389112532236e-06,-3.1141029534155483e-07,3.170637558039369e-05,6.299801420143073e-06,2.1214283454477244e-05
-3.457227539649335e-07,-4.671611139277505e-06,-3.0777825847602166e-07,3.171306355489688e-05,6.301252818624945e-06,2.127743798207793e-05
-3.403574661472165e-07,-4.671828720677926e-06,-3.041273514982038e-07,3.1719361027169856e-05,6.302658173220115e-06,2.1340509702599147e-05
-3.349989367034234e-07,-4.672041946009624e-06,-3.004576262067238e-07,3.1725268209039144e-05,6.3040175447449445e-06,2.140349683987737e-05
-3.2964728384005216e-07,-4.672250902012748e-06,-2.967691342869562e-07,3.173078531643906e-05,6.3053309935359166e-06,2.1466397618165428e-05
-3.243026247955159e-07,-4.672455674172368e-06,-2.93061927426072e-07,3.1735912568412574e-05,6.306598580605226e-06,2.1529210263048424e-05
-3.1896507560379926e-07,-4.6726563461881624e-06,-2.893360572691716e-07,3.1740650188887625e-05,6.30782036668431e-06,2.1591933001332718e-05
-3.136347519921387e-07,-4.672853000032921e-06,-2.8559157601642064e-07,3.1744998405344835e-05,6.308996413947799e-06,2.16545640609904e-05
-3.083117678353851e-07,-4.673045716199229e-06,-2.818285352980092e-07,3.17489574500388e-05,6.310126784081197e-06,2.1717101671381352e-05
-3.0299623701011104e-07,-4.673234573322566e-06,-2.7804698750095043e-07,3.175252755966501e-05,6.311211539669837e-06,2.1779544063419777e-05
-2.976882717184304e-07,-4.673419648817561e-06,-2.742469846499586e-07,3.1755708975026754e-05,6.31225074307123e-06,2.18418894691856e-05
-2.9238798396729953e-07,-4.673601018024646e-06,-2.7042857937252334e-07,3.175850194281149e-05,6.313244457241862e-06,2.190413612225758e-05
-2.870954843078538e-07,-4.67377875523596e-06,-2.665918240081135e-07,3.1760906713925554e-05,6.3141927456556085e-06,2.19662822576855e-05
-2.8181088251713344e-07,-4.673952933102088e-06,-2.627367710331544e-07,3.176292354493737e-05,6.315095671656845e-06,2.2028326111795903e-05
-2.7653428754551165e-07,-4.674123622685536e-06,-2.5886347317666564e-07,3.1764552697411393e-05,6.315953299756788e-06,2.209026592327458e-05
-2.712658078529647e-07,-4.674290893903529e-06,-2.5497198352042944e-07,3.176579443846317e-05,6.316765694028674e-06,2.2152099931834252e-05
-2.6600555032750274e-07,-4.674454815000215e-06,-2.510623547839092e-07,3.176664904031528e-05,6.317532919368992e-06,2.2213826379241575e-05
-2.6075362172629243e-07,-4.674615452805982e-06,-2.4713464034389677e-07,3.1767116782295717e-05,6.3182550414330405e-06,2.227544350870648e-05
-2.555101273631082e-07,-4.6747728734713474e-06,-2.431888932037606e-07,3.1767197948062356e-05,6.318932125698826e-06,2.2336949565243016e-05
-2.502751720759599e-07,-4.67492714091308e-06,-2.392251668306954e-07,3.176689282771232e-05,6.31956423771533e-06,2.2398342796418744e-05
-2.450488599704515e-07,-4.675078318167058e-06,-2.3524351492307313e-07,3.176620171811515e-05,6.320151444761438e-06,2.2459621450495115e-05
-2.3983129429817284e-07,-4.675226467446127e-06,-2.3124399123332562e-07,3.176512492113633e-05,6.320693813507067e-06,2.252078377892546e-05
-2.3462257705246366e-07,-4.675371648982016e-06,-2.272266493373134e-07,3.1763662746412926e-05,6.321191410929301e-06,2.25818280343566e-05
-2.294228103775204e-07,-4.675513922239709e-06,-2.2319154370120764e-07,3.176181550868904e-05,6.32164430510827e-06,2.2642752472238674e-05
-2.2423209485979574e-07,-4.675653345379996e-06,-2.1913872838901103e-07,3.175958353059133e-05,6.322052564154475e-06,2.2703555349354078e-05
-2.1905053054895682e-07,-4.675789975377261e-06,-2.1506825771624488e-07,3.175696714040861e-05,6.322416257003087e-06,2.276423492537179e-05
-2.1387821700325409e-07,-4.675923867935338e-06,-2.1098018644340291e-07,3.1753966673868156e-05,6.322735452612804e-06,2.2824789461709367e-05
-2.0871525268739684e-07,-4.676055077946994e-06,-2.0687456920374263e-07,3.1750582473025534e-05,6.323010220376515e-06,2.2885217222337894e-05
-2.0356173538060488e-07,-4.676183659392938e-06,-2.027514608336616e-07,3.174681488726379e-05,6.323240630291479e-06,2.2945516473698672e-05
-1.9841776236828514e-07,-4.676309664506879e-06,-1.9861091668766075e-07,3.1742664273293424e-05,6.323426753064175e-06,2.3005685484259186e-05
-1.932834299291817e-07,-4.676433144453057e-06,-1.944529918484728e-07,3.1738130995041386e-05,6.323568659753628e-06,2.3065722525540005e-05
-1.8815883377190762e-07,-4.67655415041702e-06,-1.9027774183472354e-07,3.1733215423206965e-05,6.323666421566817e-06,2.3125625870893553e-05
-1.8304406895018779e-07,-4.676672731763635e-06,-1.8608522245368305e-07,3.1727917936150034e-05,6.323720110400746e-06,2.3185393797197216e-05
-1.7793922984177613e-07,-4.676788936759484e-06,-1.818754895522645e-07,3.1722238920001986e-05,6.323729798494767e-06,2.3245024582716154e-05
-1.728444097750028e-07,-4.6769028126446265e-06,-1.7764859900840713e-07,3.171617876788864e-05,6.323695558804813e-06,2.3304516509906608e-05
-1.6775970190632855e-07,-4.677014406666883e-06,-1.734046073309612e-07,3.1709737881595544e-05,6.323617464340089e-06,2.336386786286237e-05
-1.6268519833012586e-07,-4.677123764094293e-06,-1.6914357085518108e-07,3.1702916669125476e-05,6.323495589196979e-06,2.3423076928730356e-05
-1.5762099099321357e-07,-4.677230929353819e-06,-1.6486554662389436e-07,3.169571554780714e-05,6.323330007680017e-06,2.348214199787713e-05
-1.5256717050557758e-07,-4.677335946831244e-06,-1.6057059120749802e-07,3.168813494174154e-05,6.323120794381741e-06,2.354106136347252e-05
-1.4752382717238015e-07,-4.67743885962883e-06,-1.5625876179287083e-07,3.1680175283689474e-05,6.322868024180365e-06,2.3599833321489686e-05
-1.4249105055023247e-07,-4.6775397091017274e-06,-1.5193011574395958e-07,3.167183701440529e-05,6.322571773002342e-06,2.3658456171204688e-05
-1.374689295498097e-07,-4.677638536855112e-06,-1.4758471048394075e-07,3.166312058241495e-05,6.322232117398774e-06,2.371692821502994e-05
-1.3245755246545498e-07,-4.677735383798248e-06,-1.4322260370905938e-07,3.165402644412697e-05,6.3218491340061765e-06,2.3775247758514234e-05
-1.2745700701377098e-07,-4.677830288766194e-06,-1.3884385350523553e-07,3.1644555065386765e-05,6.321422900009077e-06,2.383341311039825e-05
-1.224673803840885e-07,-4.677923291014416e-06,-1.3444851817353787e-07,3.163470691903417e-05,6.320953492744058e-06,2.3891422582503504e-05
-1.174887589621852e-07,-4.678014428790797e-06,-1.3003665613631644e-07,3.162448248712386e-05,6.320440990707799e-06,2.3949274490565044e-05
-1.1252122850535833e-07,-4.678103738871145e-06,-1.2560832592467128e-07,3.1613882259815156e-05,6.319885472335718e-06,2.4006967153232257e-05
-1.0756487385376638e-07,-4.678191257950438e-06,-1.211635861781936e-07,3.160290673581607e-05,6.3192870172088805e-06,2.4064498893151293e-05
-1.02619780056501e-07,-4.678277021996855e-06,-1.167024963770422e-07,3.159155642193927e-05,6.318645704744774e-06,2.412186803610468e-05
-9.76860306949287e-08,-4.678361066462751e-06,-1.1222511545078095e-07,3.157983183476737e-05,6.3179616151440495e-06,2.4179072911510898e-05
-9.276370939346482e-08,-4.678443425290145e-06,-1.077315032573016e-07,3.156773349809946e-05,6.317234828943837e-06,2.423611185259096e-05
-8.785289892157002e-08,-4.678524131908129e-06,-1.032217195416666e-07,3.155526194528253e-05,6.316465427818592e-06,2.4292983196396108e-05
-8.295368118873764e-08,-4.678603220086607e-06,-9.869582410057349e-08,3.154241771787924e-05,6.315653492864776e-06,2.4349685283696813e-05
-7.806613794693721e-08,-4.678680721810158e-06,-9.41538773582959e-08,3.152920136711116e-05,6.314799106503961e-06,2.4406216458844013e-05
-7.319035004175391e-08,-4.6787566686606805e-06,-8.959593962359433e-08,3.151561345197147e-05,6.3139023510594e-06,2.446257507071278e-05
-6.83263981377172e-08,-4.678831091870293e-06,-8.502207189667049e-08,3.150165454089023e-05,6.3129633103949135e-06,2.4518759471481098e-05
-6.347436157553967e-08,-4.678904021816146e-06,-8.04323346036106e-08,3.148732521117926e-05,6.311982067439115e-06,2.4574768017878826e-05
-5.8634320006571146e-08,-4.678975488823683e-06,-7.582678936203959e-08,3.147262604903223e-05,6.31095870676981e-06,2.4630599070382825e-05
-5.3806352116570195e-08,-4.679045521687465e-06,-7.120549759993104e-08,3.145755764963556e-05,6.309893312828339e-06,2.4686250994105115e-05
-4.899053565704828e-08,-4.6791141492426955e-06,-6.656852063594568e-08,3.144212061683545e-05,6.3087859712894825e-06,2.47417221575994e-05
-4.418694847130742e-08,-4.679181399442985e-06,-6.191592058038163e-08,3.142631556424806e-05,6.3076367674743194e-06,2.4797010934831694e-05
-3.9395667492914075e-08,-4.679247299864026e-06,-5.724775965914354e-08,3.141014311403826e-05,6.306445787276478e-06,2.4852115703154172e-05
-3.461676913422018e-08,-4.679311877742906e-06,-5.256410014426397e-08,3.139360389758579e-05,6.305213117249787e-06,2.4907034844637447e-05
-2.9850329137642544e-08,-4.6793751596000515e-06,-4.786500461885101e-08,3.1376698554930134e-05,6.303938845260661e-06,2.4961766745737486e-05
-2.5096422872522995e-08,-4.679437170899611e-06,-4.3150535944809436e-08,3.1359427736546875e-05,6.302623058065672e-06,2.5016309797934013e-05
-2.0355125067337567e-08,-4.679497937263397e-06,-3.8420757237774347e-08,3.134179210090521e-05,6.301265844376023e-06,2.5070662396648012e-05
-1.5626509825314444e-08,-4.679557483506767e-06,-3.367573174301486e-08,3.13237923158002e-05,6.299867292859526e-06,2.5124822942435224e-05
-1.0910650795192809e-08,-4.679615834741884e-06,-2.8915522984443495e-08,3.130542905868589e-05,6.298427492365133e-06,2.517878984034779e-05
-6.207621162077085e-09,-4.679673014069802e-06,-2.414019491706475e-08,3.128670301623114e-05,6.296946532528204e-06,2.5232561500239542e-05
-1.5174935506818729e-09,-4.679729044918425e-06,-1.934981165955753e-08,3.126761488398662e-05,6.2954245030444925e-06,2.528613633696029e-05
3.1596600282064786e-09,-4.679783950332295e-06,-1.4544437425605362e-08,3.1248165367161956e-05,6.293861494901281e-06,2.5339512769939515e-05
7.823768094633214e-09,-4.679837753147933e-06,-9.72413689929716e-09,3.122835517951548e-05,6.292257599207369e-06,2.539268922393572e-05
1.247475974948373e-08,-4.679890475274006e-06,-4.888974706604359e-09,3.120818504557471e-05,6.290612907203473e-06,2.5445664128675652e-05
1.7112564608779804e-08,-4.679942138011109e-06,-3.9015901934254235e-11,3.118765569741668e-05,6.288927510816406e-06,2.5498435918771022e-05
2.173711274404437e-08,-4.679992763092242e-06,4.825674243213721e-09,3.1166767877998626e-05,6.2872015028160945e-06,2.555100303419034e-05
2.63483346168731e-08,-4.680042370849788e-06,9.705029979240271e-09,3.114552233838241e-05,6.2854349761043805e-06,2.560336391987036e-05
3.09461617004669e-08,-4.680090981740706e-06,1.4598985859697593e-08,3.112391983973293e-05,6.283628024168529e-06,2.5655517026576453e-05
3.5530525297713406e-08,-4.680138616120106e-06,1.9507475542338116e-08,3.110196115187485e-05,6.281780740881394e-06,2.570746080970919e-05
4.0101357948804526e-08,-4.680185292917739e-06,2.4430433028488683e-08,3.1079647054957905e-05,6.279893220042142e-06,2.5759193730414505e-05
4.465859220884829e-08,-4.6802310312129755e-06,2.936779164355356e-08,3.1056978337902575e-05,6.277965556965945e-06,2.5810714255361672e-05
4.9202161419525024e-08,-4.680275850442059e-06,3.431948480936607e-08,3.103395579895528e-05,6.27599784710724e-06,2.586202085666003e-05
5.3731999302155946e-08,-4.680319768436868e-06,3.928544545661885e-08,3.101058024546623e-05,6.273990186009638e-06,2.591311201194229e-05
5.82480403895718e-08,-4.6803628034549956e-06,4.4265606578815035e-08,3.0986852494666653e-05,6.2719426699940064e-06,2.5963986204447732e-05
6.27502191550246e-08,-4.68040497306922e-06,4.925990039074118e-08,3.096277337311365e-05,6.269855395777821e-06,2.601464192327205e-05
6.723847108786744e-08,-4.680446294568117e-06,5.426825937997624e-08,3.093834371635712e-05,6.267728460579735e-06,2.6065077663589395e-05
7.171273210501452e-08,-4.680486785072032e-06,5.92906156794322e-08,3.091356436949495e-05,6.26556196191756e-06,2.6115291925236842e-05
7.617293855983686e-08,-4.680526460719377e-06,6.432690115486645e-08,3.088843618683983e-05,6.2633559975435304e-06,2.61652832153789e-05
8.06190271995796e-08,-4.6805653387019396e-06,6.937704722495662e-08,3.086296003214137e-05,6.261110666013324e-06,2.6215050045815232e-05
8.50509352462653e-08,-4.680603434269508e-06,7.444098510565166e-08,3.083713677858611e-05,6.258826066836343e-06,2.626459093536767e-05
8.946860069941932e-08,-4.68064076307476e-06,7.951864603002339e-08,3.0810967308464385e-05,6.256502298806509e-06,2.631390440871443e-05
9.387196196269203e-08,-4.68067734071124e-06,8.460996086055043e-08,3.0784452513281446e-05,6.254139461787926e-06,2.6362988995973793e-05
9.826095819181257e-08,-4.680713181905028e-06,8.97148606187732e-08,3.075759329431248e-05,6.251737656257659e-06,2.6411843234202934e-05
1.0263552855851369e-07,-4.680748301858714e-06,9.483327531658718e-08,3.073039056171448e-05,6.249296982556621e-06,2.6460465666176633e-05
1.0699561290238272e-07,-4.680782714922406e-06,9.996513520478865e-08,3.070284523452625e-05,6.246817542430714e-06,2.6508854841414277e-05
1.1134115147190714e-07,-4.6808164348274515e-06,1.0511036992276178e-07,3.067495824211164e-05,6.2442994366477165e-06,2.6557009315513672e-05
1.1567208569651708e-07,-4.680849475661197e-06,1.1026890987416337e-07,3.064673052238327e-05,6.2417427678295575e-06,2.6604927650317633e-05
1.1998835643895193e-07,-4.680881850839623e-06,1.1544068379879931e-07,3.061816302213554e-05,6.239147638035512e-06,2.6652608414691113e-05
1.2428990616067557e-07,-4.680913573884171e-06,1.2062562167808742e-07,3.0589256698487954e-05,6.236514150333473e-06,2.670005018341096e-05
1.2857667698163306e-07,-4.6809446582313784e-06,1.2582365212137787e-07,3.0560012516109506e-05,6.233842407872862e-06,2.6747251538165137e-05
1.3284861176117064e-07,-4.68097511583724e-06,1.3103470383141047e-07,3.053043145054943e-05,6.231132514549169e-06,2.6794211067247465e-05
1.3710565386183791e-07,-4.681004959578455e-06,1.3625870541105518e-07,3.0500514485239526e-05,6.22838457390459e-06,2.684092736569628e-05
1.4134774742810415e-07,-4.681034201857062e-06,1.414955854011967e-07,3.0470262613492623e-05,6.225598690913655e-06,2.6887399035016982e-05
1.4557483676635692e-07,-4.681062854387915e-06,1.4674527182730493e-07,3.043967683705922e-05,6.222774970366063e-06,2.6933624683875884e-05
1.4978686665014515e-07,-4.681090929525661e-06,1.5200769240103867e-07,3.0408758167348802e-05,6.219913517362399e-06,2.697960292762835e-05
1.539837826948756e-07,-4.6811184382462775e-06,1.5728277501399613e-07,3.037750762454162e-05,6.217014437770554e-06,2.7025332388624165e-05
1.5816553086890737e-07,-4.681145392390901e-06,1.6257044730589577e-07,3.034592623769972e-05,6.214077837896367e-06,2.7070811695929898e-05
1.6233205746111515e-07,-4.681171802496433e-06,1.678706362132902e-07,3.0314015045211037e-05,6.211103823789133e-06,2.7116039486106146e-05
1.664833092743994e-07,-4.681197679993724e-06,1.731832687653781e-07,3.0281775094234276e-05,6.208092502377045e-06,2.7161014402374777e-05
1.706192337167145e-07,-4.681223034774444e-06,1.7850827176532945e-07,3.024920744080996e-05,6.205043981669348e-06,2.720573509545169e-05
1.747397787906982e-07,-4.681247878159588e-06,1.8384557192088302e-07,3.0216313150415497e-05,6.201958368546778e-06,2.725020022271405e-05
1.788448927961846e-07,-4.6812722199806444e-06,1.8919509555105597e-07,3.0183093296077856e-05,6.1988357710337925e-06,2.7294408449282846e-05
1.8293452478796488e-07,-4.681296070096207e-06,1.9455676893229273e-07,3.0149548961815196e-05,6.195676298104028e-06,2.7338358447523228e-05
1.8700862400002315e-07,-4.6813194387087895e-06,1.9993051794541356e-07,3.0115681237973996e-05,6.192480057921952e-06,2.7382048896878005e-05
1.9106714006021113e-07,-4.681342335148879e-06,2.053162680616627e-07,3.0081491225447836e-05,6.189247160265227e-06,2.742547848483908e-05
1.9511002352471873e-07,-4.681364768926359e-06,2.1071394501260314e-07,3.0046980033568025e-05,6.185977713996568e-06,2.7468645905365382e-05
1.991372254574007e-07,-4.68138674950523e-06,2.1612347435695523e-07,3.0012148779437466e-05,6.182671829487693e-06,2.7511549860631465e-05
2.0314869689796162e-07,-4.681408285461901e-06,2.2154478091785537e-07,2.9976998590151045e-05,6.179329616559827e-06,2.7554189060250363e-05
2.0714438979728736e-07,-4.681429386331696e-06,2.2697778973212839e-07,2.994153060057526e-05,6.175951186560231e-06,2.7596562221634396e-05
2.1112425652025903e-07,-4.681450060360396e-06,2.324224255992863e-07,2.9905745954236344e-05,6.1725366499419574e-06,2.763866806921803e-05
2.1508824979628263e-07,-4.681470316355665e-06,2.3787861290964915e-07,2.9869645803653367e-05,6.16908611765371e-06,2.7680505335734625e-05
2.1903632313674183e-07,-4.681490162563857e-06,2.433462762247453e-07,2.9833231309894125e-05,6.165599702295148e-06,2.7722072761855606e-05
2.2296843012142804e-07,-4.681509606985806e-06,2.488253394188625e-07,2.9796503641909018e-05,6.1620775151300125e-06,2.776336909521904e-05
2.2688452513373052e-07,-4.681528658011639e-06,2.543157265991508e-07,2.97594639773082e-05,6.158519669061957e-06,2.7804393092344753e-05
2.3078456297383125e-07,-4.68154732306111e-06,2.598173614470409e-07,2.9722113502361573e-05,6.154926276191998e-06,2.784514351716327e-05
2.3466849897574633e-07,-4.68156561034736e-06,2.653301676311156e-07,2.968445341177679e-05,6.151297450316621e-06,2.788561914137669e-05
2.3853628897719645e-07,-4.6815835271313564e-06,2.708540686088362e-07,2.9646484908366082e-05,6.147633303888758e-06,2.7925818744902697e-05
2.4238788910698906e-07,-4.68160108110814e-06,2.763889873659828e-07,2.9608209202935376e-05,6.143933951170103e-06,2.796574111634648e-05
2.462232561223663e-07,-4.6816182792420466e-06,2.819348469885558e-07,2.9569627514950305e-05,6.1401995062241594e-06,2.8005385051252104e-05
2.500423472170059e-07,-4.681635128612865e-06,2.874915701157113e-07,2.953074107231424e-05,6.13643008366765e-06,2.8044749354461713e-05
2.5384512007099237e-07,-4.681651636455856e-06,2.930590794445457e-07,2.9491551110258035e-05,6.132625797973997e-06,2.808383283797838e-05
2.5763153312638246e-07,-4.68166780931209e-06,2.9863729763263305e-07,2.94520588726723e-05,6.1287867634443315e-06,2.8122634323019993e-05
2.61401544962519e-07,-4.681683654068703e-06,3.0422614680365254e-07,2.941226561133025e-05,6.124913096285781e-06,2.816115263874253e-05
2.651551147958412e-07,-4.6816991773178215e-06,3.0982554909574984e-07,2.9372172586220772e-05,6.1210049113621465e-06,2.8199386622240034e-05
2.6889220236069057e-07,-4.681714385189182e-06,3.154354265126781e-07,2.9331781065104322e-05,6.117062325264599e-06,2.823733511965485e-05
2.7261276788880754e-07,-4.68172928436074e-06,3.2105570074342177e-07,2.9291092323957044e-05,6.113085453930422e-06,2.827499698542821e-05
2.7631677198709955e-07,-4.68174388069605e-06,3.266862934939255e-07,2.9250107645971526e-05,6.109074413967014e-06,2.8312371082439027e-05
2.800041757789822e-07,-4.681758180804379e-06,3.3232712604545424e-07,2.9208828322334015e-05,6.105029321853182e-06,2.8349456281559806e-05
2.836749409626749e-07,-4.6817721900210495e-06,3.379781196477301e-07,2.9167255652557416e-05,6.100950294658047e-06,2.838625146312767e-05
2.873290297849574e-07,-4.681785914187748e-06,3.436391956569713e-07,2.9125390943593158e-05,6.09683745006385e-06,2.842275551591742e-05
2.9096640473045336e-07,-4.681799359542159e-06,3.493102747306391e-07,2.9083235509831196e-05,6.092690905794621e-06,2.8458967336919484e-05
2.945870290234699e-07,-4.681812530930962e-06,3.549912778165166e-07,2.9040790673544087e-05,6.088510779487145e-06,2.8494885832117096e-05
2.9819086632620315e-07,-4.681825434341012e-06,3.6068212560309016e-07,2.899805776399879e-05,6.084297190106083e-06,2.8530509916513995e-05
3.0177788066145484e-07,-4.681838074797324e-06,3.663827384212712e-07,2.895503811901103e-05,6.080050255312173e-06,2.856583851330183e-05
3.053480368164437e-07,-4.681850458063179e-06,3.720930368464976e-07,2.8911733082613793e-05,6.075770094061947e-06,2.8600870555358907e-05
3.0890129957950486e-07,-4.681862588796419e-06,3.778129406536203e-07,2.886814400705573e-05,6.071456826150755e-06,2.863560498355713e-05
3.1243763456600563e-07,-4.681874472403533e-06,3.8354236991809623e-07,2.8824272251801958e-05,6.06711056995883e-06,2.8670040748288527e-05
3.1595700807875207e-07,-4.681886113455384e-06,3.892812449168127e-07,2.8780119183201007e-05,6.062731445830436e-06,2.870417680885466e-05
3.1945938671123236e-07,-4.68189751728045e-06,3.9502948529926706e-07,2.873568617581709e-05,6.058319572858575e-06,2.8738012133189058e-05
3.229447372214381e-07,-4.681908687936433e-06,4.0078701036297345e-07,2.8690974610209612e-05,6.05387507179945e-06,2.877154569888417e-05
3.2641302746125597e-07,-4.681919631039195e-06,4.065537399339924e-07,2.8645985874931636e-05,6.049398062408419e-06,2.880477649191458e-05
3.298642252202449e-07,-4.68193035012754e-06,4.1232959308560215e-07,2.8600721364864497e-05,6.044888665602305e-06,2.8837703508191405e-05
3.3329829909488534e-07,-4.681940850278398e-06,4.1811448904979914e-07,2.855518248266114e-05,6.040347002113512e-06,2.887032575239646e-05
3.367152180861935e-07,-4.681951135889505e-06,4.239083468407059e-07,2.8509370636969694e-05,6.035773193565388e-06,2.8902642238148834e-05
3.401149518459718e-07,-4.681961211258605e-06,4.297110857217865e-07,2.8463287244320935e-05,6.031167360917694e-06,2.8934651988532283e-05
3.43497470177228e-07,-4.681971080130739e-06,4.3552262414559825e-07,2.8416933727906968e-05,6.0265296254562255e-06,2.8966354036178436e-05
3.46862743765696e-07,-4.681980746994898e-06,4.413428810930931e-07,2.8370311516804134e-05,6.021860109185599e-06,2.899774742282275e-05
3.5021074343977427e-07,-4.68199021578126e-06,4.471717749471663e-07,2.832342204774929e-05,6.017158934236149e-06,2.902883119969304e-05
3.535414407794827e-07,-4.681999490559527e-06,4.530092242948188e-07,2.8276266763918662e-05,6.01242622292367e-06,2.905960442720423e-05
3.568548075503626e-07,-4.682008575107542e-06,4.588551472217474e-07,2.8228847114705695e-05,6.0076620978417705e-06,2.909006617518035e-05
3.601508161855582e-07,-4.682017473226823e-06,4.647094619598056e-07,2.8181164556498304e-05,6.002866681067964e-06,2.912021552329865e-05
3.634294399357119e-07,-4.6820261888657345e-06,4.705720869980568e-07,2.8133220551790637e-05,5.998040095983962e-06,2.915005156056221e-05
3.6669065195883716e-07,-4.682034725363952e-06,4.7644293995430376e-07,2.808501656951615e-05,5.993182465861855e-06,2.917957338518899e-05
3.699344260716649e-07,-4.682043086463954e-06,4.823219387172986e-07,2.803655408560274e-05,5.988293914145378e-06,2.9208780105444407e-05
3.7316073705555336e-07,-4.682051275671803e-06,4.88209001373124e-07,2.798783458152944e-05,5.983374563527348e-06,2.923767083883648e-05
3.763695594875302e-07,-4.682059296063851e-06,4.941040453070982e-07,2.7938859544881515e-05,5.978424538659982e-06,2.9266244713004012e-05
3.7956086883830424e-07,-4.682067151991129e-06,5.000069882995991e-07,2.78896304697946e-05,5.973443962996816e-06,2.9294500864634074e-05
3.827346408226274e-07,-4.682074845835977e-06,5.059177474780493e-07,2.784014885684362e-05,5.968432960980614e-06,2.9322438440600054e-05
3.8589085196307354e-07,-4.682082381261717e-06,5.118362405254519e-07,2.7790416211821593e-05,5.963391657206027e-06,2.9350056597239945e-05
3.8902947930505246e-07,-4.68208976111152e-06,5.177623849491499e-07,2.7740434046960834e-05,5.958320175865887e-06,2.9377354501105784e-05
3.9215049975043634e-07,-4.682096988700492e-06,5.236960974611061e-07,2.7690203880377876e-05,5.953218641810398e-06,2.940433132821425e-05
3.952538914386465e-07,-4.682104067204456e-06,5.296372955463293e-07,2.7639727235740395e-05,5.948087179787515e-06,2.943098626426869e-05
3.983396327384706e-07,-4.68211099919678e-06,5.355858963346608e-07,2.758900564304435e-05,5.942925915065608e-06,2.945731850526976e-05
4.014077021107059e-07,-4.682117788086204e-06,5.415418163041985e-07,2.7538040637503785e-05,5.937734972776979e-06,2.948332725654397e-05
4.04458079091617e-07,-4.682124436546334e-06,5.475049726973656e-07,2.7486833759994887e-05,5.932514478139366e-06,2.9509011734075945e-05
4.074907435182235e-07,-4.682130947045501e-06,5.53475282376508e-07,2.7435386557167034e-05,5.927264557449251e-06,2.953437116303741e-05
4.105056754743179e-07,-4.682137322750358e-06,5.594526618032111e-07,2.7383700581220764e-05,5.9219853362106795e-06,2.955940477948025e-05
4.135028557108169e-07,-4.682143566440757e-06,5.654370276467788e-07,2.733177738957467e-05,5.91667694023771e-06,2.958411182850465e-05
4.1648226566047976e-07,-4.6821496804596495e-06,5.714282967422597e-07,2.7279618544754395e-05,5.911339496305814e-06,2.960849156617423e-05
4.194438869686462e-07,-4.682155667743265e-06,5.77426385533627e-07,2.7227225615613884e-05,5.9059731297393345e-06,2.9632543257739694e-05
4.223877017199769e-07,-4.6821615305320255e-06,5.834312102300999e-07,2.717460017522594e-05,5.900577967696097e-06,2.9656266179276403e-05
4.2531369264291795e-07,-4.682167271096563e-06,5.894426872487267e-07,2.712174380165941e-05,5.895154137015241e-06,2.967965961676845e-05
4.282218429480902e-07,-4.682172892400955e-06,5.954607330872494e-07,2.706865807975552e-05,5.889701763619164e-06,2.9702722865942104e-05
4.311121364483966e-07,-4.68217839651082e-06,6.014852640614839e-07,2.701534459713108e-05,5.88422097530185e-06,2.972545523318178e-05
4.339845570945801e-07,-4.682183785859744e-06,6.075161961941701e-07,2.6961804948175296e-05,5.878711898970208e-06,2.9747856035113673e-05
4.368390896694789e-07,-4.682189062649623e-06,6.135534457853839e-07,2.6908040731163153e-05,5.873174661368012e-06,2.9769924598439236e-05
4.396757191007943e-07,-4.682194229127446e-06,6.195969287278833e-07,2.685405354980978e-05,5.867609390565848e-06,2.9791660259740904e-05
4.424944313756695e-07,-4.6821992876727046e-06,6.256465615834089e-07,2.6799845011716106e-05,5.86201621339413e-06,2.9813062366814344e-05
4.452952122220824e-07,-4.6822042404008905e-06,6.317022599277271e-07,2.6745416729701124e-05,5.856395257799264e-06,2.9834130276420253e-05
4.4807804845371996e-07,-4.682209089420924e-06,6.377639400292482e-07,2.6690770321912937e-05,5.850746651137416e-06,2.9854863357032173e-05
4.5084292714771403e-07,-4.682213836516643e-06,6.438315177922068e-07,2.66359074097193e-05,5.845070522186054e-06,2.9875260986477263e-05
4.5358983569343523e-07,-4.682218484343563e-06,6.499049090639977e-07,2.658082961992812e-05,5.839366998312417e-06,2.9895322553379593e-05
4.5631876222387177e-07,-4.682223034259128e-06,6.559840297654587e-07,2.652553858356614e-05,5.833636207445837e-06,2.991504745677155e-05
4.5902969508328055e-07,-4.682227488452961e-06,6.62068795518832e-07,2.647003593565695e-05,5.827878278799019e-06,2.9934435105816284e-05
4.617226233852305e-07,-4.682231849136515e-06,6.68159122243897e-07,2.641432331522098e-05,5.8220933401129354e-06,2.9953484920335097e-05
4.643975367142392e-07,-4.682236117838584e-06,6.742549260686436e-07,2.6358402366718758e-05,5.816281520415644e-06,2.9972196330668635e-05
4.6705442496146307e-07,-4.682240296710826e-06,6.80356122524809e-07,2.630227473760846e-05,5.810442947417432e-06,2.999056877731605e-05
4.6969327851080115e-07,-4.682244387211447e-06,6.86462627369386e-07,2.624594207967812e-05,5.8045777508903115e-06,3.0008601711379132e-05
4.7231408830660695e-07,-4.682248390857517e-06,6.925743563209181e-07,2.618940604882367e-05,5.798686059143996e-06,3.002629459486761e-05
4.74916845712114e-07,-4.682252310016571e-06,6.986912250592464e-07,2.613266830460479e-05,5.792768001238597e-06,3.0043646899838696e-05
4.775015425906083e-07,-4.682256146311139e-06,7.048131493036648e-07,2.607573051057798e-05,5.786823706187988e-06,3.0060658108813444e-05
4.800681713900403e-07,-4.682259900775756e-06,7.109400448631114e-07,2.6018594334629635e-05,5.7808533037343485e-06,3.007732771538739e-05
4.826167250946877e-07,-4.682263575625596e-06,7.170718276693829e-07,2.5961261447088677e-05,5.774856922216402e-06,3.009365522323131e-05
4.851471967847969e-07,-4.682267172262385e-06,7.232084130505163e-07,2.5903733523169033e-05,5.768834691614496e-06,3.0109640146951678e-05
4.876595802205593e-07,-4.682270692379315e-06,7.293497166661297e-07,2.5846012240860218e-05,5.7627867412115535e-06,3.0125282011341258e-05
4.901538698329049e-07,-4.682274137172998e-06,7.354956544423775e-07,2.5788099281815483e-05,5.7567132009159305e-06,3.014058035253093e-05
4.926300603190119e-07,-4.682277508603438e-06,7.416461419721818e-07,2.5729996331018824e-05,5.750614199528358e-06,3.015553471671299e-05
4.950881468882815e-07,-4.682280807671865e-06,7.478010949828604e-07,2.5671705076895918e-05,5.744489867230457e-06,3.017014466068235e-05
4.975281252187472e-07,-4.682284036129215e-06,7.539604291642447e-07,2.5613227210981102e-05,5.738340334397625e-06,3.0184409752349985e-05
4.999499916836146e-07,-4.682287195540405e-06,7.601240605164101e-07,2.5554564428472483e-05,5.732165729976167e-06,3.0198329569646656e-05
5.023537425991915e-07,-4.682290286885188e-06,7.662919042797439e-07,2.5495718427454763e-05,5.725966184848008e-06,3.0211903702021682e-05
5.047393751604968e-07,-4.682293311805287e-06,7.724638763393836e-07,2.543669090823313e-05,5.7197418283423235e-06,3.022513174905513e-05
5.071068871483343e-07,-4.682296271438115e-06,7.786398927680152e-07,2.5377483575331635e-05,5.713492791342819e-06,3.023801332088806e-05
5.094562765750669e-07,-4.682299167420323e-06,7.848198693209628e-07,2.5318098135050725e-05,5.7072192036425e-06,3.0250548039069092e-05
5.117875418327846e-07,-4.682302000716148e-06,7.910037214903339e-07,2.5258536297354603e-05,5.7009211952897274e-06,3.026273553549963e-05
5.14100682076185e-07,-4.682304772280523e-06,7.971913654296324e-07,2.5198799775427137e-05,5.694598896462487e-06,3.0274575452558826e-05
5.163956965982342e-07,-4.682307484049436e-06,8.033827167828981e-07,2.5138890283340426e-05,5.6882524383707165e-06,3.028606744376966e-05
5.186725855167277e-07,-4.682310137033164e-06,8.095776916776504e-07,2.5078809538941334e-05,5.681881950888698e-06,3.0297211173535308e-05
5.209313493104087e-07,-4.6823127320768946e-06,8.157762061598229e-07,2.5018559262741295e-05,5.6754875642619326e-06,3.0308006316486873e-05
5.231719886843205e-07,-4.682315270509759e-06,8.219781759753769e-07,2.4958141177472206e-05,5.669069409731886e-06,3.0318452558704595e-05
5.253945051259875e-07,-4.682317753222539e-06,8.281835173383675e-07,2.4897557007531342e-05,5.662627617416294e-06,3.0328549596260746e-05
5.27598900332326e-07,-4.6823201819521255e-06,8.34392146184165e-07,2.483680848109076e-05,5.656162318456588e-06,3.0338297136746133e-05
5.297851764542568e-07,-4.68232255749139e-06,8.406039784387778e-07,2.4775897327210724e-05,5.649673643608152e-06,3.034769489845133e-05
5.319533365787739e-07,-4.6823248806432915e-06,8.46818930713501e-07,2.4714825277616046e-05,5.643161723084431e-06,3.0356742610144647e-05
5.341033835859473e-07,-4.682327152958e-06,8.53036918840407e-07,2.465359406636305e-05,5.636626688426388e-06,3.0365440011585573e-05
5.362353213924295e-07,-4.682329374756941e-06,8.592578593680872e-07,2.4592205429173415e-05,5.630068669879001e-06,3.0373786853510952e-05
5.383491538993053e-07,-4.6823315474648545e-06,8.654816683314614e-07,2.4530661103878283e-05,5.623487798980717e-06,3.038178289709368e-05
5.404448857745082e-07,-4.682333672367009e-06,8.717082622698137e-07,2.4468962830307213e-05,5.616884206125566e-06,3.0389427914928087e-05
5.425225221193259e-07,-4.682335749907083e-06,8.779375575609166e-07,2.4407112349066948e-05,5.610258022778573e-06,3.0396721690155622e-05
5.445820685341376e-07,-4.682337781268717e-06,8.84169471038778e-07,2.4345111404316973e-05,5.603609380078737e-06,3.040366401625665e-05
5.466235308171603e-07,-4.682339767111617e-06,8.904039189002853e-07,2.428296174043886e-05,5.596938408379156e-06,3.041025469854931e-05
5.486469154632469e-07,-4.682341708752756e-06,8.966408178895549e-07,2.4220665103368497e-05,5.5902452397573e-06,3.041649355256577e-05
5.50652229347583e-07,-4.682343606781252e-06,9.028800848413511e-07,2.415822324159534e-05,5.583530004628693e-06,3.0422380404440838e-05
5.526394799090985e-07,-4.6823454618907395e-06,9.091216365504862e-07,2.4095637903941908e-05,5.5767928338421865e-06,3.042791509216094e-05
5.546086749154523e-07,-4.682347275499057e-06,9.153653899801308e-07,2.4032910841229178e-05,5.570033859483088e-06,3.043309746360734e-05
5.565598223889668e-07,-4.682349048058623e-06,9.216112616257121e-07,2.397004380527735e-05,5.5632532121844514e-06,3.043792737779131e-05
5.584929312647456e-07,-4.6823507804326585e-06,9.278591689470498e-07,2.3907038548905834e-05,5.55645102348648e-06,3.0442404704923475e-05
5.604080106870841e-07,-4.682352473596886e-06,9.341090290117527e-07,2.3843896827043518e-05,5.549627424176993e-06,3.0446529325567295e-05
5.623050700622721e-07,-4.682354128105556e-06,9.4036075880827e-07,2.3780620394064195e-05,5.5427825457256635e-06,3.04503011314162e-05
5.641841195583927e-07,-4.682355744832249e-06,9.466142756784696e-07,2.3717211006784165e-05,5.53591651995981e-06,3.0453720024918914e-05
5.660451698163924e-07,-4.6823573244472444e-06,9.528694973436801e-07,2.3653670421797733e-05,5.529029477134265e-06,3.045678591964025e-05
5.678882315022882e-07,-4.682358867834556e-06,9.591263408022614e-07,2.35900003981417e-05,5.522121549044958e-06,3.0459498739581116e-05
5.697133161350727e-07,-4.682360375759237e-06,9.653847238455725e-07,2.352620269363167e-05,5.5151928671310544e-06,3.0461858419900157e-05
5.715204356328488e-07,-4.682361848705654e-06,9.716445642464227e-07,2.3462279067748605e-05,5.5082435627971345e-06,3.046386490676113e-05
5.733096022183397e-07,-4.682363287503556e-06,9.779057797003947e-07,2.339823128119473e-05,5.501273767370967e-06,3.0465518156541776e-05
5.750808286522077e-07,-4.6823646929551e-06,9.841682882280518e-07,2.3334061093451072e-05,5.4942836113877836e-06,3.046681813697193e-05
5.768341279031033e-07,-4.682366065753001e-06,9.904320074080435e-07,2.326977026644116e-05,5.487273226907975e-06,3.0467764826592173e-05
5.785695137342391e-07,-4.682367405999944e-06,9.966968556031114e-07,2.3205360561422413e-05,5.4802427449841054e-06,3.046835821453186e-05
5.80287000126071e-07,-4.68236871513799e-06,1.0029627510019933e-06,2.314083373976332e-05,5.473192297508606e-06,3.0468598300980933e-05
5.819866017319679e-07,-4.6823699932550485e-06,1.009229612103934e-06,2.307619156394261e-05,5.466122014824418e-06,3.0468485097037264e-05
5.836683332652213e-07,-4.682371241024918e-06,1.0154973571186853e-06,2.3011435796105973e-05,5.45903202879422e-06,3.0468018624082183e-05
5.853322101703458e-07,-4.682372459227014e-06,1.021765904703803e-06,2.2946568198288106e-05,5.451922470566224e-06,3.046719891501555e-05
5.869782480930899e-07,-4.682373648172638e-06,1.0280351732357703e-06,2.2881590533189867e-05,5.4447934720554535e-06,3.046602601288192e-05
5.886064633842047e-07,-4.6823748090555915e-06,1.034305081898729e-06,2.2816504562623975e-05,5.437645163693576e-06,3.0464499971966827e-05
5.902168725331636e-07,-4.682375941561869e-06,1.040575549210749e-06,2.275131204929133e-05,5.430477676781431e-06,3.0462620857241734e-05
5.918094928623012e-07,-4.682377046965749e-06,1.0468464946828892e-06,2.268601475456063e-05,5.42329114323173e-06,3.046038874450273e-05
5.933843418373496e-07,-4.682378125327789e-06,1.0531178374635908e-06,2.2620614440799757e-05,5.416085693772688e-06,3.045780372007917e-05
5.949414371300906e-07,-4.682379177875964e-06,1.059389496351485e-06,2.255511286882235e-05,5.408861460022397e-06,3.0454865881097326e-05
5.964807973516028e-07,-4.682380204755737e-06,1.065661391291426e-06,2.2489511799997162e-05,5.40161857270166e-06,3.0451575335938352e-05
5.98002441183353e-07,-4.682381205908788e-06,1.071933441665131e-06,2.2423812994915833e-05,5.394357162883745e-06,3.0447932203030932e-05
5.995063878744542e-07,-4.682382182429035e-06,1.0782055672835446e-06,2.2358018213503878e-05,5.387077361729057e-06,3.0443936611989223e-05
6.009926571706285e-07,-4.682383134895991e-06,1.0844776882218152e-06,2.2292129214798688e-05,5.379779300420873e-06,3.043958870287736e-05
6.024612689748469e-07,-4.682384063415652e-06,1.0907497242235734e-06,2.2226147757837656e-05,5.372463110537966e-06,3.0434888626847843e-05
6.039122437823949e-07,-4.6823849689312695e-06,1.0970215955195356e-06,2.216007560021494e-05,5.365128922255691e-06,3.0429836545281105e-05
6.053456024679974e-07,-4.682385851645959e-06,1.1032932223784847e-06,2.209391449952471e-05,5.357776867372057e-06,3.042443263047938e-05
6.067613663917235e-07,-4.6823867119655735e-06,1.109564525359133e-06,2.2027666211806832e-05,5.350407076486107e-06,3.041867706538916e-05
6.081595571989369e-07,-4.68238755021974e-06,1.1158354249535214e-06,2.196133249165796e-05,5.343019680453259e-06,3.0412570043726143e-05
6.095401972181766e-07,-4.68238836716611e-06,1.122105842267787e-06,2.1894915094229837e-05,5.33561481019434e-06,3.0406111769642064e-05
6.109033088704537e-07,-4.682389163106558e-06,1.1283756980995742e-06,2.1828415772453828e-05,5.328192597053547e-06,3.0399302458127257e-05
6.122489150354982e-07,-4.682389938687216e-06,1.1346449132851971e-06,2.1761836277484945e-05,5.320753171242554e-06,3.03921423346359e-05
6.135770390889655e-07,-4.682390693645269e-06,1.140913409162726e-06,2.1695178360922313e-05,5.313296663798852e-06,3.0384631635155393e-05
6.148877048635119e-07,-4.682391429029282e-06,1.1471811072859562e-06,2.162844377170057e-05,5.305823205430887e-06,3.0376770606400687e-05
6.161809365233965e-07,-4.682392144886151e-06,1.1534479291377233e-06,2.1561634257977216e-05,5.298332927065252e-06,3.036855950593917e-05
6.174567587108309e-07,-4.682392841906798e-06,1.1597137966965478e-06,2.1494751565689337e-05,5.290825959244685e-06,3.0359998601357958e-05
6.18715196454296e-07,-4.682393520271859e-06,1.1659786318672548e-06,2.1427797440329936e-05,5.28330243282603e-06,3.0351088171013366e-05
6.199562750724874e-07,-4.6823941799319315e-06,1.172242356667884e-06,2.1360773625282652e-05,5.275762477664043e-06,3.0341828503794964e-05
6.211800202895583e-07,-4.68239482223088e-06,1.178504893289909e-06,2.129368186226581e-05,5.268206224701146e-06,3.0332219898972868e-05
6.223864582051129e-07,-4.682395446753062e-06,1.1847661639724017e-06,2.122652389122138e-05,5.260633804424984e-06,3.0322262666433728e-05
6.235756157202557e-07,-4.682396054146716e-06,1.191026092041002e-06,2.115930145009299e-05,5.253045346861183e-06,3.0311957126791728e-05
6.247475194014009e-07,-4.6823966447066215e-06,1.1972845994904815e-06,2.1092016275380987e-05,5.245440982887318e-06,3.0301303610417125e-05
6.259021970964938e-07,-4.682397218582586e-06,1.2035416101884184e-06,2.1024670101809396e-05,5.237820842406978e-06,3.029030245876855e-05
6.270396762307373e-07,-4.68239777631705e-06,1.2097970467680913e-06,2.095726466132671e-05,5.230185055628902e-06,3.0278954023435413e-05
6.28159984972883e-07,-4.682398318402366e-06,1.2160508325886568e-06,2.088980168432714e-05,5.222533752929311e-06,3.026725866627668e-05
6.292631519026634e-07,-4.682398844780324e-06,1.222302891321007e-06,2.082228289898447e-05,5.214867064388501e-06,3.025521675987887e-05
6.30349205954569e-07,-4.6823993562030745e-06,1.2285531467121693e-06,2.0754710031807195e-05,5.207185119895417e-06,3.024282868665397e-05
6.314181765291027e-07,-4.6823998527679024e-06,1.2348015229948182e-06,2.0687084805640084e-05,5.199488049758376e-06,3.0230094839935784e-05
6.324700931225706e-07,-4.682400334285832e-06,1.2410479438292895e-06,2.0619408942550772e-05,5.1917759834416496e-06,3.0217015622966874e-05
6.335049860885886e-07,-4.682400801974934e-06,1.2472923341816676e-06,2.0551684161276287e-05,5.1840490514220104e-06,3.0203591449273233e-05
6.345228857371708e-07,-4.6824012552183366e-06,1.2535346182476474e-06,2.0483912178555235e-05,5.176307382743767e-06,3.0189822742955746e-05
6.355238228344978e-07,-4.682401694973517e-06,1.2597747207799496e-06,2.04160947076846e-05,5.168551106923491e-06,3.0175709938079547e-05
6.365078286858396e-07,-4.682402121079909e-06,1.266012566757258e-06,2.0348233460296026e-05,5.160780353945171e-06,3.016125347878504e-05
6.374749348926285e-07,-4.682402534040521e-06,1.2722480815443587e-06,2.028033014557872e-05,5.152995253681103e-06,3.014645381991243e-05
6.38425173196823e-07,-4.682402933904255e-06,1.2784811899933725e-06,2.021238646916918e-05,5.1451959352302876e-06,3.0131311425849823e-05
6.393585762453918e-07,-4.682403321023562e-06,1.2847118183608604e-06,2.0144404134261452e-05,5.137382527992774e-06,3.0115826771615724e-05
6.40275176528439e-07,-4.682403695913026e-06,1.2909398920463707e-06,2.007638484105202e-05,5.129555161537413e-06,3.0100000342179023e-05
6.411750071374816e-07,-4.682404058653483e-06,1.297165337166261e-06,2.0008330287072834e-05,5.1217139651560296e-06,3.0083832632583882e-05
6.420581014358102e-07,-4.6824044093018746e-06,1.3033880796377486e-06,1.994024216674726e-05,5.113859067392586e-06,3.0067324147797093e-05
6.429244932678235e-07,-4.682404748324622e-06,1.3096080462481395e-06,1.9872122171056995e-05,5.105990598094017e-06,3.0050475402860726e-05
6.437742168496176e-07,-4.6824050758803935e-06,1.315825163625738e-06,1.980397198876332e-05,5.098108685557377e-06,3.0033286923336217e-05
6.446073067387546e-07,-4.682405392290507e-06,1.3220393588993042e-06,1.9735793304408695e-05,5.090213459449951e-06,3.001575924427741e-05
6.454237977853131e-07,-4.682405697671698e-06,1.3282505589573715e-06,1.966758780053721e-05,5.0823050480087525e-06,2.9997892910369356e-05
6.462237251587345e-07,-4.682405991913569e-06,1.3344586912129804e-06,1.959935715514105e-05,5.0743835794630135e-06,2.9979688477094022e-05
6.470071244375853e-07,-4.682406275953403e-06,1.340663683059487e-06,1.9531103043214843e-05,5.066449183460933e-06,2.996114650920374e-05
6.477740315844667e-07,-4.6824065494393104e-06,1.3468654624709535e-06,1.9462827136644612e-05,5.05850198807715e-06,2.9942267581470625e-05
6.485244828886801e-07,-4.682406812868764e-06,1.3530639574197332e-06,1.9394531103652676e-05,5.050542121477721e-06,2.9923052278728182e-05
6.492585149165601e-07,-4.682407066167899e-06,1.3592590960540186e-06,1.9326216609463748e-05,5.042569712609019e-06,2.9903501195427234e-05
6.499761647695494e-07,-4.682407309727258e-06,1.365450807098937e-06,1.9257885314084573e-05,5.034584889553632e-06,2.9883614935538774e-05
6.506774696436182e-07,-4.68240754394062e-06,1.371639019038511e-06,1.918953887552348e-05,5.0265877806120935e-06,2.9863394113289498e-05
6.513624673142759e-07,-4.6824077685034904e-06,1.3778236610771301e-06,1.9121178947347936e-05,5.018578513286833e-06,2.9842839352606658e-05
6.520311957878931e-07,-4.682407984110339e-06,1.3840046624444869e-06,1.9052807179572734e-05,5.0105572159008156e-06,2.9821951286479736e-05
6.526836932768406e-07,-4.682408190698017e-06,1.3901819522085342e-06,1.8984425218104864e-05,5.002524016247461e-06,2.9800730558500843e-05
6.533199986457126e-07,-4.682408388380286e-06,1.3963554605158398e-06,1.891603470474351e-05,4.9944790427372475e-06,2.9779177821005104e-05
6.539401508496189e-07,-4.6824085774030745e-06,1.4025251171908986e-06,1.8847637278290283e-05,4.986422422506455e-06,2.9757293736611084e-05
6.545441891350021e-07,-4.682408758053937e-06,1.408690852155314e-06,1.8779234571884687e-05,4.978354282927461e-06,2.9735078976999574e-05
6.55132153338686e-07,-4.682408930226672e-06,1.4148525961404508e-06,1.8710828216112732e-05,4.970274751278091e-06,2.9712534223926624e-05
6.557040832933074e-07,-4.682409094343516e-06,1.4210102795361928e-06,1.8642419836675474e-05,4.962183955952188e-06,2.96896601680856e-05
6.562600194025455e-07,-4.68240925043876e-06,1.4271638333557177e-06,1.857401105527719e-05,4.9540820231213945e-06,2.9666457509856572e-05
6.568000024022744e-07,-4.682409398547648e-06,1.433313188929719e-06,1.850560348940333e-05,4.9459690806127515e-06,2.964292695932019e-05
6.573240732439542e-07,-4.682409539517744e-06,1.4394582777036107e-06,1.8437198751432382e-05,4.93784525497009e-06,2.9619069235577692e-05
6.578322733145303e-07,-4.68240967258493e-06,1.4455990314782593e-06,1.8368798450856218e-05,4.929710672924141e-06,2.959488506716719e-05
6.58324644196946e-07,-4.682409798431623e-06,1.4517353820993701e-06,1.830040419172669e-05,4.9215654622111745e-06,2.957037519223026e-05
6.588012276956429e-07,-4.6824099169457074e-06,1.4578672615768212e-06,1.8232017573321678e-05,4.913409748615225e-06,2.954554035817884e-05
6.592620662947938e-07,-4.682410028701608e-06,1.4639946027781382e-06,1.816364019103335e-05,4.905243659403096e-06,2.952038132105686e-05
6.597072024085896e-07,-4.682410133379319e-06,1.4701173382078692e-06,1.8095273635812968e-05,4.897067320091746e-06,2.9494898846983547e-05
6.601366788414425e-07,-4.682410231132303e-06,1.4762354006213842e-06,1.802691949317175e-05,4.888880857927923e-06,2.9469093711084813e-05
6.605505389785934e-07,-4.682410322096589e-06,1.4823487237002644e-06,1.795857934440208e-05,4.880684398715751e-06,2.944296669692428e-05
6.609488261374766e-07,-4.682410407003648e-06,1.488457240676761e-06,1.7890254765578323e-05,4.8724780688314255e-06,2.941651859823798e-05
6.613315842499409e-07,-4.682410485035462e-06,1.4945608856056192e-06,1.782194732888908e-05,4.8642619939574994e-06,2.938975021696376e-05
6.61698857368575e-07,-4.68241055704944e-06,1.5006595924228419e-06,1.77536586010829e-05,4.856036300221217e-06,2.9362662364656752e-05
6.620506898756476e-07,-4.6824106230526485e-06,1.5067532954653089e-06,1.768539014324621e-05,4.847801113318437e-06,2.9335255861712293e-05
6.623871263285883e-07,-4.682410682901398e-06,1.5128419290126228e-06,1.761714351291274e-05,4.83955655858904e-06,2.930753153754625e-05
6.627082119376665e-07,-4.682410736963483e-06,1.518925428431185e-06,1.7548920261621046e-05,4.831302761506605e-06,2.9279490230026084e-05
6.630139918601616e-07,-4.682410784980585e-06,1.5250037286559853e-06,1.748072193569166e-05,4.823039848096075e-06,2.9251132786761497e-05
6.633045118817519e-07,-4.682410827530809e-06,1.531076765532595e-06,1.741255007700425e-05,4.814767943075785e-06,2.9222460063355785e-05
6.635798175760031e-07,-4.6824108644690876e-06,1.5371444740816057e-06,1.7344406221998414e-05,4.80648717184203e-06,2.919347292502957e-05
6.638399552816417e-07,-4.6824108959948475e-06,1.5432067908116498e-06,1.7276291901340608e-05,4.798197659106054e-06,2.9164172245357924e-05
6.640849714480433e-07,-4.682410922123266e-06,1.5492636519637758e-06,1.7208208641034376e-05,4.7898995293680095e-06,2.913455890647851e-05
6.643149126893569e-07,-4.682410943083739e-06,1.5553149938718036e-06,1.714015796119911e-05,4.781592907720197e-06,2.9104633799535703e-05
6.645298260305624e-07,-4.682410959294592e-06,1.5613607534028764e-06,1.7072141377513333e-05,4.773277918741245e-06,2.9074397824000538e-05
6.647297587796164e-07,-4.682410970061564e-06,1.5674008677270345e-06,1.7004160398994243e-05,4.764954686702387e-06,2.904385188857283e-05
6.649147584811539e-07,-4.682410975958239e-06,1.5734352742584786e-06,1.6936216529996128e-05,4.756623336388005e-06,2.901299690987659e-05
6.650848728065881e-07,-4.682410977299782e-06,1.579463910342546e-06,1.686831126876709e-05,4.748283991651386e-06,2.8981833813348247e-05
6.652401501498882e-07,-4.6824109738694956e-06,1.5854867146163164e-06,1.6800446108559224e-05,4.739936776482054e-06,2.895036353307011e-05
6.653806387330934e-07,-4.682410965399928e-06,1.5915036249929354e-06,1.6732622536296393e-05,4.731581814213001e-06,2.891858701109036e-05
6.655063871925212e-07,-4.682410952909626e-06,1.5975145800669293e-06,1.666484203390648e-05,4.7232192293248695e-06,2.88865051984916e-05
6.656174443022126e-07,-4.682410935766716e-06,1.6035195183117823e-06,1.659710607676706e-05,4.714849145368944e-06,2.885411905441947e-05
6.657138594002814e-07,-4.682410914456806e-06,1.6095183793660773e-06,1.6529416135259745e-05,4.706471685469905e-06,2.882142954604097e-05
6.6579568178752e-07,-4.682410888664953e-06,1.6155111022280662e-06,1.646177367343789e-05,4.69808697352237e-06,2.8788437649182868e-05
6.658629612565133e-07,-4.682410858732575e-06,1.6214976270856935e-06,1.6394180149803755e-05,4.689695132261293e-06,2.875514434790145e-05
6.659157475926416e-07,-4.682410824862197e-06,1.6274778934236959e-06,1.6326637016864428e-05,4.681296285227371e-06,2.8721550634246652e-05
6.659540911819693e-07,-4.682410786788923e-06,1.6334518421400733e-06,1.6259145720465667e-05,4.67289055471014e-06,2.868765750869221e-05
6.659780423478481e-07,-4.682410744904381e-06,1.6394194134552945e-06,1.6191707701346237e-05,4.664478063887627e-06,2.8653465979525096e-05
6.659876517627529e-07,-4.682410698992768e-06,1.6453805483341487e-06,1.6124324393805624e-05,4.656058934913356e-06,2.8618977063012e-05
6.659829704209217e-07,-4.682410649581204e-06,1.6513351880771278e-06,1.6056997225704052e-05,4.647633290498372e-06,2.8584191784037757e-05
6.659640495440453e-07,-4.682410596176683e-06,1.6572832742400912e-06,1.5989727619905753e-05,4.639201252496045e-06,2.8549111174773035e-05
6.659309404383427e-07,-4.682410539146001e-06,1.6632247484117057e-06,1.5922516991170358e-05,4.63076294350748e-06,2.8513736275659693e-05
6.658836948166131e-07,-4.682410478820186e-06,1.669159552793243e-06,1.5855366749816626e-05,4.622318485897634e-06,2.8478068135008287e-05
6.658223647279219e-07,-4.6824104148419365e-06,1.6750876301829029e-06,1.5788278298835866e-05,4.613868000333374e-06,2.8442107808595672e-05
6.657470020519211e-07,-4.682410347410676e-06,1.6810089225822427e-06,1.5721253035668296e-05,4.605411609219908e-06,2.8405856360691896e-05
6.6565765931432e-07,-4.682410276682874e-06,1.6869233734969384e-06,1.5654292349982587e-05,4.596949434631625e-06,2.8369314862769608e-05
6.655543890417196e-07,-4.682410202597989e-06,1.692830925987487e-06,1.558739762700655e-05,4.588481597154066e-06,2.8332484393948132e-05
6.654372441286588e-07,-4.6824101254213096e-06,1.6987315239088848e-06,1.5520570243530303e-05,4.580008218001358e-06,2.8295366041548566e-05
6.653062776924018e-07,-4.682410045244869e-06,1.7046251113235057e-06,1.545381157112596e-05,4.571529418347261e-06,2.8257960899900326e-05
6.651615429766704e-07,-4.682409961603537e-06,1.7105116323961474e-06,1.5387122974815322e-05,4.563045318651069e-06,2.8220270070882352e-05
6.650030934132479e-07,-4.682409875184576e-06,1.7163910314958577e-06,1.532050581229275e-05,4.554556040160519e-06,2.8182294664658642e-05
6.648309827784348e-07,-4.682409785665442e-06,1.7222632536579163e-06,1.5253961435368431e-05,4.546061703248298e-06,2.8144035797818615e-05
6.646452648954724e-07,-4.682409693395311e-06,1.7281282437169622e-06,1.5187491188303075e-05,4.537562428444755e-06,2.8105494595000836e-05
6.644459939479957e-07,-4.682409598136429e-06,1.7339859472805375e-06,1.51210964099173e-05,4.529058336096546e-06,2.8066672187879914e-05
6.642332244713635e-07,-4.682409500072588e-06,1.7398363105098042e-06,1.5054778430816095e-05,4.520549545824999e-06,2.8027569715888165e-05
6.640070108546518e-07,-4.682409399316269e-06,1.745679279211152e-06,1.4988538576275418e-05,4.512036178220517e-06,2.7988188325244146e-05
6.637674079909736e-07,-4.682409295903335e-06,1.7515147999109944e-06,1.4922378163688644e-05,4.5035183522343205e-06,2.7948529169660463e-05
6.635144709561266e-07,-4.6824091897665915e-06,1.7573428196122853e-06,1.4856298504231929e-05,4.4949961875939285e-06,2.7908593409858e-05
6.632482546913699e-07,-4.682409081359472e-06,1.763163284844925e-06,1.4790300901753972e-05,4.486469804440495e-06,2.786838221382962e-05
6.629688148083859e-07,-4.6824089700600305e-06,1.7689761434260837e-06,1.4724386653331124e-05,4.477939321022558e-06,2.7827896756479342e-05
6.626762067161344e-07,-4.682408856516535e-06,1.7747813425855666e-06,1.4658557049267415e-05,4.469404856825025e-06,2.7787138219941538e-05
6.62370486447568e-07,-4.682408740441627e-06,1.7805788309465142e-06,1.4592813372650423e-05,4.4608665302964195e-06,2.7746107792942532e-05
6.620517098266488e-07,-4.682408622117775e-06,1.7863685565276859e-06,1.4527156899795402e-05,4.452324461077786e-06,2.7704806671466767e-05
6.617199330712755e-07,-4.6824085015329104e-06,1.7921504679818098e-06,1.4461588899801158e-05,4.443778766482982e-06,2.7663236058312667e-05
6.61375212529223e-07,-4.682408378662061e-06,1.7979245141868508e-06,1.439611063455008e-05,4.435229565553473e-06,2.762139716287065e-05
6.610176046844634e-07,-4.6824082532354e-06,1.80369064439644e-06,1.4330723358375055e-05,4.426676976772303e-06,2.757929120178924e-05
6.606471663034078e-07,-4.682408126000405e-06,1.809448808249781e-06,1.4265428319502761e-05,4.4181211178461626e-06,2.7536919397712136e-05
6.602639543725295e-07,-4.682407996343691e-06,1.8151989557472649e-06,1.4200226758388333e-05,4.4095621059214916e-06,2.749428298055508e-05
6.598680258470047e-07,-4.682407864858082e-06,1.820941036890152e-06,1.4135119907937408e-05,4.401000059253861e-06,2.7451383186686942e-05
6.594594381995897e-07,-4.6824077312595695e-06,1.8266750026239126e-06,1.4070108994172262e-05,4.392435095257844e-06,2.7408221258832676e-05
6.590382487813936e-07,-4.682407595566728e-06,1.8324008036973113e-06,1.4005195236009755e-05,4.383867331708241e-06,2.7364798446406347e-05
6.586045152416985e-07,-4.682407457991445e-06,1.8381183913355273e-06,1.3940379844706231e-05,4.375296885053607e-06,2.7321116005178037e-05
6.581582953654132e-07,-4.682407318440225e-06,1.8438277170700523e-06,1.3875664024190578e-05,4.3667238718801095e-06,2.7277175197468183e-05
6.576996471661662e-07,-4.682407177217624e-06,1.8495287328692463e-06,1.3811048970620145e-05,4.358148409081069e-06,2.7232977291939384e-05
6.572286286212484e-07,-4.682407033564492e-06,1.8552213904884487e-06,1.3746535874046056e-05,4.3495706138517796e-06,2.7188523563457638e-05
6.567452981933353e-07,-4.68240688860529e-06,1.8609056429401062e-06,1.3682125914860534e-05,4.340990601891972e-06,2.7143815292967406e-05
6.562497142908511e-07,-4.6824067417327725e-06,1.8665814429344826e-06,1.361782026868185e-05,4.332408490110706e-06,2.7098853767866362e-05
6.557419354774881e-07,-4.68240659299124e-06,1.8722487434242938e-06,1.35536201012473e-05,4.323824393273583e-06,2.7053640281644548e-05
6.552220205559354e-07,-4.682406442665002e-06,1.8779074980133701e-06,1.3489526571632873e-05,4.315238428069287e-06,2.7008176134092523e-05
6.546900284033779e-07,-4.682406290536759e-06,1.8835576604098536e-06,1.342554083225322e-05,4.306650709881321e-06,2.696246263039934e-05
6.541460181457049e-07,-4.6824061367526435e-06,1.8891991848867913e-06,1.3361664026863288e-05,4.298061354387997e-06,2.6916501082234988e-05
6.535900490004828e-07,-4.68240598141863e-06,1.8948320258053776e-06,1.3297897290780335e-05,4.2894704759902975e-06,2.687029280747285e-05
6.530221803155898e-07,-4.6824058244304336e-06,1.900456137937663e-06,1.3234241754103582e-05,4.280878190298986e-06,2.682383912889906e-05
6.524424716857203e-07,-4.68240566575586e-06,1.9060714766392688e-06,1.3170698537273334e-05,4.2722846123364e-06,2.6777141375905606e-05
6.518509826520597e-07,-4.6824055055351175e-06,1.9116779969871585e-06,1.3107268753957552e-05,4.263689856120224e-06,2.6730200883713164e-05
6.512477730991402e-07,-4.682405344049754e-06,1.917275654955974e-06,1.3043953509275496e-05,4.255094036619289e-06,2.668301899246209e-05
6.506329030292455e-07,-4.6824051811884355e-06,1.9228644068353537e-06,1.2980753901685098e-05,4.246497267580105e-06,2.663559704869738e-05
6.500064324553885e-07,-4.682405016692175e-06,1.928444208945729e-06,1.2917671020429458e-05,4.237899663320448e-06,2.658793640454985e-05
6.493684214752251e-07,-4.682404850965608e-06,1.9340150176298374e-06,1.2854705948312398e-05,4.229301336934735e-06,2.6540038417187962e-05
6.487189306970831e-07,-4.682404683727733e-06,1.9395767907058054e-06,1.2791859760255169e-05,4.220702403274935e-06,2.6491904449608884e-05
6.480580203361863e-07,-4.682404515242003e-06,1.9451294849773655e-06,1.2729133522186234e-05,4.212102974764895e-06,2.6443535870201315e-05
6.47385751069612e-07,-4.68240434530585e-06,1.9506730583353095e-06,1.2666528293483755e-05,4.203503164846383e-06,2.6394934052440182e-05
6.4670218360361e-07,-4.6824041741411804e-06,1.95620746887781e-06,1.2604045124200034e-05,4.194903086688781e-06,2.6346100376003816e-05
6.460073787488014e-07,-4.682404001714504e-06,1.9617326748436227e-06,1.2541685057948098e-05,4.186302853861067e-06,2.6297036224754695e-05
6.453013975587054e-07,-4.682403828045188e-06,1.9672486352784213e-06,1.2479449129570225e-05,4.177702577970772e-06,2.624774298847422e-05
6.445843011077146e-07,-4.682403653115571e-06,1.9727553092419494e-06,1.2417338366137142e-05,4.169102371914714e-06,2.6198222061863464e-05
6.438561505891908e-07,-4.682403476842531e-06,1.9782526559486024e-06,1.2355353786725985e-05,4.1605023474860635e-06,2.6148474844570972e-05
6.431170072928825e-07,-4.682403299577184e-06,1.9837406353234326e-06,1.2293496402198265e-05,4.151902616966123e-06,2.6098502741539676e-05
6.423669325711098e-07,-4.682403121050576e-06,1.9892192070847108e-06,1.2231767215976993e-05,4.143303291627414e-06,2.6048307162659943e-05
6.416059880231817e-07,-4.682402941549684e-06,1.994688331896021e-06,1.2170167223047526e-05,4.1347044839430745e-06,2.5997889522825138e-05
6.408342351697581e-07,-4.682402760870997e-06,2.0001479700354897e-06,1.2108697409957509e-05,4.126106304566467e-06,2.5947251241563792e-05
6.400517358395286e-07,-4.6824025793153355e-06,2.0055980829177695e-06,1.2047358756371244e-05,4.11750886456448e-06,2.589639374336579e-05
6.392585519223716e-07,-4.68240239663204e-06,2.0110386320518154e-06,1.1986152232738182e-05,4.108912274796935e-06,2.5845318457467225e-05
6.384547452214637e-07,-4.682402213154104e-06,2.0164695786724735e-06,1.192507880173623e-05,4.1003166468418e-06,2.57940268178643e-05
6.376403778764262e-07,-4.682402028416431e-06,2.0218908852409596e-06,1.1864139417827645e-05,4.091722090153791e-06,2.5742520263230045e-05
6.368155119197137e-07,-4.682401842449417e-06,2.0273025137518423e-06,1.1803335027925199e-05,4.0831287157922596e-06,2.569080023673392e-05
6.359802095953657e-07,-4.682401655640852e-06,2.0327044270857122e-06,1.174266656994887e-05,4.074536633635241e-06,2.563886818595161e-05
6.351345333463096e-07,-4.682401467808232e-06,2.038096588459158e-06,1.1682134974158092e-05,4.065945953339097e-06,2.5586725563239697e-05
6.342785454110787e-07,-4.682401278961241e-06,2.043478960934903e-06,1.1621741162707699e-05,4.057356784508645e-06,2.5534373825388745e-05
6.334123083314978e-07,-4.682401089646779e-06,2.048851508323361e-06,1.1561486048648717e-05,4.04876923722623e-06,2.548181443288085e-05
6.32535884599951e-07,-4.682400898976655e-06,2.0542141943712984e-06,1.150137053837081e-05,4.040183419866644e-06,2.5429048851603498e-05
6.316493369621308e-07,-4.6824007077682245e-06,2.059566983777934e-06,1.1441395528604753e-05,4.031599442130437e-06,2.5376078550878966e-05
6.307527280881814e-07,-4.682400515604352e-06,2.0649098409734734e-06,1.1381561908864863e-05,4.023017412001656e-06,2.5322905004366348e-05
6.298461206696272e-07,-4.682400322520212e-06,2.070242730663317e-06,1.1321870559006533e-05,4.0144374381752584e-06,2.5269529690165666e-05
6.289295778140149e-07,-4.6824001284649236e-06,2.075565618950371e-06,1.1262322353112006e-05,4.005859628982511e-06,2.5215954090151707e-05
6.280031622349502e-07,-4.682399933850284e-06,2.0808784706247002e-06,1.1202918153939268e-05,3.997284092939393e-06,2.5162179690237723e-05
6.270669371180731e-07,-4.6823997384925166e-06,2.0861812523518653e-06,1.1143658818473151e-05,3.988710937294177e-06,2.5108207980590524e-05
6.261209655022882e-07,-4.682399542021035e-06,2.0914739301812823e-06,1.1084545193817508e-05,3.9801402701335635e-06,2.505404045472149e-05
6.251653104572254e-07,-4.682399345102331e-06,2.096756470544751e-06,1.102557811941568e-05,3.971572198706491e-06,2.4999678610652303e-05
6.242000352248845e-07,-4.682399147172808e-06,2.1020288405284985e-06,1.0966758426384329e-05,3.9630068300022036e-06,2.4945123949770026e-05
6.232252031066315e-07,-4.68239894885149e-06,2.107291007488226e-06,1.0908086937180402e-05,3.9544442709888725e-06,2.4890377977285075e-05
6.222408774471801e-07,-4.68239874936153e-06,2.112542939103153e-06,1.084956446671133e-05,3.945884628493709e-06,2.483544220203e-05
6.212471215616435e-07,-4.6823985495144946e-06,2.1177846031394792e-06,1.0791191820558688e-05,3.9373280093441984e-06,2.4780318136605167e-05
6.202439989495093e-07,-4.682398348982278e-06,2.1230159679643142e-06,1.0732969796421476e-05,3.928774519427614e-06,2.4725007297101252e-05
6.192315730592847e-07,-4.682398147695136e-06,2.1282370019974445e-06,1.067489918344998e-05,3.920224264597976e-06,2.466951120291879e-05
6.182099074534173e-07,-4.6823979458659505e-06,2.133447674413273e-06,1.0616980762800901e-05,3.911677350653008e-06,2.4613831377378812e-05
6.171790657450008e-07,-4.682397743030048e-06,2.1386479543378516e-06,1.055921530708222e-05,3.903133883302573e-06,2.4557969346598753e-05
6.161391115918297e-07,-4.682397539770833e-06,2.1438378115133127e-06,1.0501603579798118e-05,3.894593967419368e-06,2.4501926640325108e-05
6.150901085429032e-07,-4.682397335882982e-06,2.149017215477544e-06,1.0444146337236317e-05,3.886057708829608e-06,2.444570479166281e-05
6.140321203738433e-07,-4.682397131321581e-06,2.1541861365362288e-06,1.0386844326691752e-05,3.877525211482463e-06,2.438930533664504e-05
6.129652109175229e-07,-4.682396926236787e-06,2.15934454549706e-06,1.0329698286577573e-05,3.868996581025969e-06,2.4332729814711967e-05
6.118894439246891e-07,-4.682396720715005e-06,2.1644924131650004e-06,1.0272708947868461e-05,3.8604719206777275e-06,2.427597976825979e-05
6.108048832238601e-07,-4.682396514651627e-06,2.169629710616653e-06,1.0215877032657312e-05,3.851951335301516e-06,2.421905674261292e-05
6.09711592619176e-07,-4.682396307613868e-06,2.1747564092836125e-06,1.0159203254599328e-05,3.8434349281888324e-06,2.416196228630156e-05
6.086096360250246e-07,-4.682396100234962e-06,2.179872481033454e-06,1.0102688318689995e-05,3.834922803437962e-06,2.4104697950631502e-05
6.074990774465558e-07,-4.682395892461553e-06,2.1849778982795373e-06,1.004633292215324e-05,3.82641506420168e-06,2.404726528982287e-05
6.063799807234046e-07,-4.6823956841243235e-06,2.1900726332568625e-06,9.990137752998144e-06,3.817911813152811e-06,2.3989665860913028e-05
6.052524098443624e-07,-4.682395474994207e-06,2.1951566586408015e-06,9.934103491462236e-06,3.809413153699963e-06,2.3931901223527556e-05
6.041164287760445e-07,-4.682395265558092e-06,2.200229947664016e-06,9.878230808790248e-06,3.8009191884218064e-06,2.3873972940171686e-05
6.029721016077302e-07,-4.6823950556306395e-06,2.2052924739577266e-06,9.822520368455367e-06,3.792430020012056e-06,2.3815882575702986e-05
6.018194922772487e-07,-4.682394845181618e-06,2.2103442109609147e-06,9.766972824493876e-06,3.783945750474321e-06,2.3757631697761513e-05
6.006586649424046e-07,-4.682394634200633e-06,2.215385133171038e-06,9.711588823836648e-06,3.775466480920238e-06,2.369922187655474e-05
5.994896836227971e-07,-4.6823944226881666e-06,2.2204152148623154e-06,9.656369003866642e-06,3.7669923135351106e-06,2.3640654684545316e-05
5.983126123189021e-07,-4.682394210813165e-06,2.2254344305006664e-06,9.601313994195267e-06,3.7585233498235646e-06,2.358193169668003e-05
5.971275151370175e-07,-4.682393998620851e-06,2.2304427552151833e-06,9.546424415219084e-06,3.7500596904343504e-06,2.3523054490174693e-05
5.959344561237955e-07,-4.682393785874979e-06,2.235440164257493e-06,9.491700880229235e-06,3.7416014370693202e-06,2.346402464457664e-05
5.947334993922959e-07,-4.682393572876587e-06,2.240426633357145e-06,9.437143992635882e-06,3.733148689822121e-06,2.340484374138302e-05
5.935247090819684e-07,-4.682393359380455e-06,2.2454021385834635e-06,9.382754348077636e-06,3.7247015489181577e-06,2.334551336477638e-05
5.923081492902251e-07,-4.682393145187229e-06,2.250366656349148e-06,9.328532534088481e-06,3.7162601147125676e-06,2.3286035100653185e-05
5.91083884025994e-07,-4.6823929307310706e-06,2.255320162967895e-06,9.274479129098582e-06,3.7078244870075495e-06,2.322641053688404e-05
5.898519774023016e-07,-4.682392716013639e-06,2.260262635415801e-06,9.220594703544509e-06,3.6993947649092735e-06,2.3166641263570424e-05
5.886124935523804e-07,-4.682392500592249e-06,2.265194051066797e-06,9.166879819425131e-06,3.6909710483924442e-06,2.310672887257632e-05
5.873654965111451e-07,-4.682392285093509e-06,2.270114387442465e-06,9.113335029968572e-06,3.6825534360391835e-06,2.3046674957524726e-05
5.861110504297034e-07,-4.682392069081536e-06,2.275023622572538e-06,9.059960880964466e-06,3.6741420273689047e-06,2.2986481113974635e-05
5.848492192054135e-07,-4.68239185263388e-06,2.279921734151774e-06,9.006757908432479e-06,3.6657369206792662e-06,2.2926148939476516e-05
5.835800670846249e-07,-4.682391635855211e-06,2.284808701269313e-06,8.953726640731759e-06,3.65733821324346e-06,2.2865680032684137e-05
5.823036579135728e-07,-4.682391418971654e-06,2.289684502234754e-06,8.900867597783756e-06,3.6489460045616742e-06,2.280507599437806e-05
5.810200557566116e-07,-4.68239120143689e-06,2.2945491161558436e-06,8.848181291294269e-06,3.6405603917204823e-06,2.274433842665726e-05
5.797293246679366e-07,-4.682390983509485e-06,2.299402522802529e-06,8.795668224198353e-06,3.632181471877868e-06,2.2683468933084847e-05
5.784315285334338e-07,-4.682390765227454e-06,2.3042447015193936e-06,8.743328891437448e-06,3.623809342751307e-06,2.2622469118944785e-05
5.771267313256212e-07,-4.682390547080382e-06,2.3090756324741514e-06,8.691163779182259e-06,3.6154441011721755e-06,2.2561340590593133e-05
5.758149969703309e-07,-4.682390328319568e-06,2.3138952959216608e-06,8.639173365609859e-06,3.6070858435665856e-06,2.2500084955808425e-05
5.744963893735559e-07,-4.6823901092418405e-06,2.3187036725447643e-06,8.58735812001556e-06,3.598734666427575e-06,2.2438703823999872e-05
5.731709723879965e-07,-4.682389889536971e-06,2.3235007433094636e-06,8.535718504256179e-06,3.5903906658960743e-06,2.2377198805041605e-05
5.718388098448094e-07,-4.682389669961549e-06,2.328286489433179e-06,8.484254971084719e-06,3.5820539382510648e-06,2.2315571510625777e-05
5.704999655914153e-07,-4.682389450220488e-06,2.3330608925202648e-06,8.432967965149542e-06,3.5737245783636725e-06,2.225382355331537e-05
5.691545033851924e-07,-4.682389229937286e-06,2.3378239345020983e-06,8.381857922661327e-06,3.5654026822898576e-06,2.2191956546849553e-05
5.678024869134885e-07,-4.682389009635247e-06,2.3425755972213904e-06,8.330925272170218e-06,3.5570883447099384e-06,2.2129972105626706e-05
5.664439798854179e-07,-4.682388788664591e-06,2.347315863297414e-06,8.280170433122522e-06,3.5487816605888075e-06,2.2067871845183193e-05
5.650790460158162e-07,-4.682388567392733e-06,2.3520447156793083e-06,8.229593817081988e-06,3.540482723412426e-06,2.2005657381853397e-05
5.637077488211877e-07,-4.682388346113908e-06,2.356762137018175e-06,8.17919582684159e-06,3.532191628933336e-06,2.1943330332946614e-05
5.623301519222782e-07,-4.682388124484895e-06,2.3614681109072916e-06,8.128976857866836e-06,3.523908470437929e-06,2.1880892316389737e-05
5.609463188749745e-07,-4.682387902605389e-06,2.3661626210522168e-06,8.07893729663043e-06,3.515633340751548e-06,2.1818344950761925e-05
5.595563131099112e-07,-4.682387680571271e-06,2.370845651328617e-06,8.02907752183352e-06,3.507366334053665e-06,2.175568985533626e-05
5.581601980204014e-07,-4.682387458309266e-06,2.375517185803861e-06,7.97939790329547e-06,3.4991075439046947e-06,2.1692928649871548e-05
5.567580369626849e-07,-4.682387235815004e-06,2.3801772088839352e-06,7.929898803508174e-06,3.4908570625562616e-06,2.163006295479278e-05
5.553498933868718e-07,-4.682387012804284e-06,2.3848257060046814e-06,7.880580576303786e-06,3.48261498247529e-06,2.156709439086494e-05
5.539358304586069e-07,-4.682386789474115e-06,2.3894626617876857e-06,7.831443566743704e-06,3.47438139588387e-06,2.1504024579446337e-05
5.525159113926247e-07,-4.682386566269054e-06,2.394088061740824e-06,7.782488113005955e-06,3.46615639531052e-06,2.1440855141905693e-05
5.510901993178099e-07,-4.682386342767098e-06,2.3987018914892867e-06,7.733714544164713e-06,3.4579400719550887e-06,2.1377587700274404e-05
5.496587573266903e-07,-4.6823861189755246e-06,2.4033041368883454e-06,7.685123181633637e-06,3.4497325174213712e-06,2.1314223876587383e-05
5.482216484682091e-07,-4.682385895013222e-06,2.4078947845353333e-06,7.63671433805562e-06,3.4415338227930952e-06,2.125076529307558e-05
5.467789356347569e-07,-4.682385670695945e-06,2.4124738205113962e-06,7.588488318746076e-06,3.433344078055914e-06,2.118721357220587e-05
5.453306818705712e-07,-4.682385446429404e-06,2.4170412324151007e-06,7.5404454206937605e-06,3.4251633749811616e-06,2.1123570336167607e-05
5.438769498720374e-07,-4.6823852218873465e-06,2.4215970068101266e-06,7.492585932671768e-06,3.416991802723966e-06,2.1059837207686196e-05
5.424178024733669e-07,-4.682384996987427e-06,2.4261411313231056e-06,7.444910135681638e-06,3.4088294523438437e-06,2.0996015808987468e-05
5.409533022800506e-07,-4.682384771995565e-06,2.430673593352829e-06,7.397418301954146e-06,3.4006764120865844e-06,2.093210776245338e-05
5.394835120171416e-07,-4.682384546890363e-06,2.4351943815173506e-06,7.350110696281582e-06,3.3925327720996856e-06,2.0868114690280304e-05
5.380084941314422e-07,-4.682384321479799e-06,2.4397034834772524e-06,7.302987576017728e-06,3.3843986216347548e-06,2.0804038214237902e-05
5.365283111653965e-07,-4.68238409611474e-06,2.4442008882359267e-06,7.256049189745617e-06,3.3762740492314534e-06,2.0739879955726343e-05
5.350430253760958e-07,-4.682383870363065e-06,2.4486865840182345e-06,7.209295777832622e-06,3.368159143263225e-06,2.067564153643205e-05
5.33552699152746e-07,-4.682383644585795e-06,2.453160560284188e-06,7.162727573318653e-06,3.360053992513201e-06,2.0611324576967682e-05
5.320573947305539e-07,-4.682383418632919e-06,2.4576228064810363e-06,7.116344801583073e-06,3.3519586843849717e-06,2.0546930697847027e-05
5.305571742344648e-07,-4.682383192310958e-06,2.4620733122211496e-06,7.0701476789014165e-06,3.3438733060829146e-06,2.0482461519098178e-05
5.290520997679794e-07,-4.682382966080563e-06,2.4665120676477704e-06,7.024136414665843e-06,3.3357979452175803e-06,2.041791866013688e-05
5.275422332683083e-07,-4.682382739528931e-06,2.4709390627846498e-06,6.9783112104969385e-06,3.3277326882840736e-06,2.0353303739596564e-05
5.260276366484268e-07,-4.682382512961996e-06,2.475354288288857e-06,6.932672259910669e-06,3.3196776230541288e-06,2.0288618375569405e-05
5.245083716209163e-07,-4.6823822862077685e-06,2.479757734541305e-06,6.8872197480963195e-06,3.3116328344993006e-06,2.022386418542513e-05
5.22984499961047e-07,-4.68238205920885e-06,2.4841493929717942e-06,6.841953853470819e-06,3.3035984096807287e-06,2.01590427857962e-05
5.214560832664975e-07,-4.682381831978745e-06,2.4885292546822986e-06,6.796874745569306e-06,3.2955744337338013e-06,2.0094155792402634e-05
5.199231829962268e-07,-4.682381604654191e-06,2.492897311159345e-06,6.751982586710477e-06,3.287560992335517e-06,2.0029204820080646e-05
5.183858606394886e-07,-4.682381377012098e-06,2.497253554472746e-06,6.707277532107585e-06,3.279558170717525e-06,1.9964191482920517e-05
5.168441774478305e-07,-4.682381149748715e-06,2.501597976466597e-06,6.66275972775905e-06,3.2715660539796145e-06,1.989911739349381e-05
5.152981947338241e-07,-4.682380922080409e-06,2.5059305697829433e-06,6.618429314001129e-06,3.2635847267208486e-06,1.9833984163856894e-05
5.137479735333803e-07,-4.682380693912041e-06,2.5102513268748814e-06,6.574286421511153e-06,3.2556142725647024e-06,1.976879340469746e-05
5.121935748947716e-07,-4.682380466197371e-06,2.5145602406838476e-06,6.530331174416136e-06,3.2476547755853085e-06,1.9703546725762994e-05
5.10635059713729e-07,-4.682380238058379e-06,2.518857304302608e-06,6.48656368896049e-06,3.2397063196450425e-06,1.9638245735031157e-05
5.090724888400242e-07,-4.6823800100570065e-06,2.523142511397951e-06,6.442984073950152e-06,3.2317689874120264e-06,1.9572892039974814e-05
5.075059230090002e-07,-4.682379781657878e-06,2.5274158557328772e-06,6.399592430752541e-06,3.223842862096181e-06,1.9507487246114436e-05
5.059354227561284e-07,-4.6823795532744735e-06,2.531677331059644e-06,6.356388853074551e-06,3.2159280268131586e-06,1.9442032957699586e-05
5.043610485925318e-07,-4.6823793246530635e-06,2.5359269317061774e-06,6.313373426629453e-06,3.2080245633981676e-06,1.9376530777998666e-05
5.027828608130354e-07,-4.682379096042737e-06,2.540164651742598e-06,6.2705462302471495e-06,3.2001325535945984e-06,1.9310982308047068e-05
5.012009198027648e-07,-4.682378867163232e-06,2.544390486515196e-06,6.227907335541074e-06,3.1922520795490817e-06,1.9245389148133998e-05
4.996152855907769e-07,-4.682378638423834e-06,2.5486044304313268e-06,6.185456805575946e-06,3.1843832225195373e-06,1.917975289623234e-05
4.980260182411182e-07,-4.6823784095128736e-06,2.5528064788641133e-06,6.1431946973102585e-06,3.176526064241778e-06,1.9114075149231202e-05
4.964331776584401e-07,-4.682378180465433e-06,2.5569966273718402e-06,6.1011210593758185e-06,3.168680684555974e-06,1.9048357501717897e-05
4.948368236802064e-07,-4.682377951297755e-06,2.561174871863274e-06,6.0592359336320765e-06,3.1608471638663944e-06,1.8982601547238178e-05
4.932370159619299e-07,-4.682377722256742e-06,2.565341208236562e-06,6.017539354611006e-06,3.153025582457089e-06,1.891680887686318e-05
4.916338140261367e-07,-4.68237749249052e-06,2.569495632598461e-06,5.976031348961987e-06,3.1452160203708595e-06,1.885098108055071e-05
4.900272773001997e-07,-4.682377262953507e-06,2.573638141382189e-06,5.934711936784091e-06,3.137418556612997e-06,1.8785119745203506e-05
4.884174650290961e-07,-4.682377033378399e-06,2.5777687311478232e-06,5.893581130626858e-06,3.1296332708724074e-06,1.8719226457042593e-05
4.868044364598115e-07,-4.682376803853746e-06,2.5818873991866894e-06,5.852638935490314e-06,3.1218602416502445e-06,1.865330279940113e-05
4.851882507056956e-07,-4.682376573918042e-06,2.585994142993805e-06,5.811885350157223e-06,3.114099547213457e-06,1.8587350353747892e-05
4.835689665443359e-07,-4.682376344180437e-06,2.59008895941792e-06,5.771320365083683e-06,3.1063512659472663e-06,1.8521370699622675e-05
4.819466428409932e-07,-4.6823761139705874e-06,2.5941718465171566e-06,5.730943964841592e-06,3.09861547577405e-06,1.8455365414215165e-05
4.803213382668949e-07,-4.682375883912471e-06,2.5982428022229704e-06,5.690756126009248e-06,3.090892253721489e-06,1.8389336072349775e-05
4.786931113190486e-07,-4.682375654151072e-06,2.602301824704967e-06,5.650756818170539e-06,3.0831816774431527e-06,1.832328424690978e-05
4.770620204048734e-07,-4.682375423878498e-06,2.606348912425834e-06,5.610946005025153e-06,3.0754838236286224e-06,1.8257211508318633e-05
4.7542812375777546e-07,-4.682375193888516e-06,2.61038406394007e-06,5.571323641168959e-06,3.0677987679558893e-06,1.819111942456426e-05
4.7379147950229835e-07,-4.682374963487671e-06,2.6144072782609415e-06,5.531889676312824e-06,3.0601265875777126e-06,1.8125009561024698e-05
4.721521456154454e-07,-4.6823747328997706e-06,2.618418554449504e-06,5.492644051951973e-06,3.0524673579299376e-06,1.8058883481026715e-05
4.705101799343372e-07,-4.682374502438688e-06,2.622417891808731e-06,5.453586703364371e-06,3.044821154180785e-06,1.7992742744966263e-05
4.688656401495559e-07,-4.68237427171856e-06,2.6264052900022496e-06,5.414717559055612e-06,3.0371880523279425e-06,1.7926588910812434e-05
4.6721858379422374e-07,-4.6823740411160355e-06,2.6303807486524393e-06,5.3760365395376876e-06,3.029568126462026e-06,1.7860423534022468e-05
4.65569068302644e-07,-4.682373810469933e-06,2.634344268039156e-06,5.337543560326567e-06,3.021961451434156e-06,1.7794248167016104e-05
4.6391715090068346e-07,-4.682373579720954e-06,2.6382958480841205e-06,5.299238528611553e-06,3.0143681011413945e-06,1.7728064359949316e-05
4.6226288882360577e-07,-4.6823733490268205e-06,2.6422354900688744e-06,5.261121345697752e-06,3.0067881491255793e-06,1.7661873659687288e-05
4.6060633891847075e-07,-4.682373118348251e-06,2.646163193961721e-06,5.223191905673816e-06,2.999221669261142e-06,1.7595677610663164e-05
4.5894755807630163e-07,-4.682372887295704e-06,2.6500789611031653e-06,5.185450096855227e-06,2.991668734105168e-06,1.7529477754348924e-05
4.572866029911993e-07,-4.6823726561768064e-06,2.6539827928347325e-06,5.147895799896931e-06,2.984129417103323e-06,1.7463275629111408e-05
4.5562353008629555e-07,-4.68237242526181e-06,2.657874689999555e-06,5.110528889569674e-06,2.976603790015455e-06,1.7397072770337217e-05
4.5395839579657416e-07,-4.682372193911129e-06,2.661754654442649e-06,5.073349233649796e-06,2.9690919251875224e-06,1.7330870710647827e-05
4.5229125638327636e-07,-4.682371962693813e-06,2.665622688367247e-06,5.036356693474336e-06,2.9615938940040325e-06,1.7264670979490183e-05
4.5062216788833535e-07,-4.682371731351701e-06,2.669478793782058e-06,4.999551124829207e-06,2.954109768788552e-06,1.7198475102746384e-05
4.489511861495276e-07,-4.682371500158954e-06,2.6733229725047565e-06,4.962932375062624e-06,2.9466396200759094e-06,1.7132284603843918e-05
4.4727836702931043e-07,-4.682371268829386e-06,2.677155227659655e-06,4.926500287081899e-06,2.939183518098374e-06,1.706610100250319e-05
4.4560376604761566e-07,-4.6823710376005465e-06,2.6809755615625074e-06,4.890254696355843e-06,2.931741533297749e-06,1.6999925815023736e-05
4.43927438613542e-07,-4.682370805867151e-06,2.6847839770150974e-06,4.854195432247027e-06,2.9243137360340477e-06,1.6933760555108234e-05
4.422494400327992e-07,-4.682370574383823e-06,2.6885804773356285e-06,4.818322317567711e-06,2.9169001956283425e-06,1.6867606732410535e-05
4.4056982542098875e-07,-4.682370342882425e-06,2.6923650659240376e-06,4.782635169690041e-06,2.9095009813837838e-06,1.6801465853396075e-05
4.3888864970826376e-07,-4.6823701115205584e-06,2.696137746213224e-06,4.747133798436648e-06,2.9021161626912586e-06,1.673533942099495e-05
4.3720596766412456e-07,-4.682369879595776e-06,2.6998985218443426e-06,4.711818009078226e-06,2.8947458069991405e-06,1.666922893481701e-05
4.3552183398144294e-07,-4.682369647587269e-06,2.7036473973834765e-06,4.676687599446983e-06,2.8873899835369984e-06,1.6603135890839597e-05
4.3383630297883006e-07,-4.68236941614215e-06,2.7073843760725913e-06,4.641742361490933e-06,2.880048759941272e-06,1.6537061781241047e-05
4.3214942910488233e-07,-4.682369184145422e-06,2.711109463231794e-06,4.6069820812738845e-06,2.8727222034907817e-06,1.6471008094747588e-05
4.3046126636279654e-07,-4.6823689522632615e-06,2.7148226628659566e-06,4.572406538975474e-06,2.865410381778664e-06,1.6404976316265627e-05
4.2877186871792807e-07,-4.682368720514419e-06,2.718523979808185e-06,4.538015508447045e-06,2.8581133604724487e-06,1.6338967927058635e-05
4.27081289945851e-07,-4.682368488220696e-06,2.7222134190827962e-06,4.503808757544731e-06,2.850831207073009e-06,1.6272984404906812e-05
4.253895836858827e-07,-4.682368256257038e-06,2.725890985984265e-06,4.469786048240479e-06,2.843563987245454e-06,1.620702722297251e-05
4.236968033384403e-07,-4.682368024075824e-06,2.7295566858135624e-06,4.435947137510215e-06,2.8363117667268046e-06,1.6141097851156824e-05
4.22003002175701e-07,-4.682367792187091e-06,2.7332105241235414e-06,4.402291775113414e-06,2.8290746104068936e-06,1.6075197755305086e-05
4.2030823334330624e-07,-4.682367559794319e-06,2.736852507100797e-06,4.368819705258416e-06,2.8218525839409974e-06,1.600932839732482e-05
4.186125496763302e-07,-4.682367327607774e-06,2.7404826402735056e-06,4.335530667601648e-06,2.8146457515036536e-06,1.5943491234967163e-05
4.1691600392352856e-07,-4.682367095571429e-06,2.7441009298556274e-06,4.302424393916938e-06,2.8074541771246882e-06,1.5877687722000337e-05
4.152186486211591e-07,-4.68236686323535e-06,2.7477073820144972e-06,4.269500612758454e-06,2.800277924992994e-06,1.58119193080466e-05
4.135205361841268e-07,-4.682366630926388e-06,2.751302003664847e-06,4.236759044797777e-06,2.793117059165191e-06,1.574618743866203e-05
4.1182171875336797e-07,-4.682366398572658e-06,2.754884801009979e-06,4.204199406931717e-06,2.7859716421775406e-06,1.5680493555426735e-05
4.101222484086099e-07,-4.68236616627659e-06,2.758455781495304e-06,4.17182140884062e-06,2.7788417364193624e-06,1.5614839094973395e-05
4.08422176928881e-07,-4.682365933602481e-06,2.7620149517737753e-06,4.139624756430068e-06,2.77172740452497e-06,1.554922549047221e-05
4.0672155606022374e-07,-4.6823657012453095e-06,2.7655623198138297e-06,4.107609148056118e-06,2.7646287081368713e-06,1.5483654170468616e-05
4.050204371745862e-07,-4.682365468512085e-06,2.7690978923602404e-06,4.0757742789661835e-06,2.7575457100605487e-06,1.5418126558879815e-05
4.0331887158252057e-07,-4.682365236221234e-06,2.7726216772223158e-06,4.044119836747137e-06,2.750478470329274e-06,1.5352644075421528e-05
4.0161691038932883e-07,-4.682365003721001e-06,2.776133682285526e-06,4.012645505100053e-06,2.7434270500649254e-06,1.5287208135660035e-05
3.999146045401869e-07,-4.682364771129347e-06,2.779633915676309e-06,3.981350961397728e-06,2.736391510379806e-06,1.5221820150169092e-05
3.982120047453712e-07,-4.682364538462498e-06,2.783122385642828e-06,3.950235878905121e-06,2.7293719107251437e-06,1.5156481525334844e-05
3.965091615366372e-07,-4.68236430603299e-06,2.7865991002794754e-06,3.919299924780953e-06,2.722368311618943e-06,1.509119366249194e-05
3.9480612526635136e-07,-4.68236407316996e-06,2.790064068268665e-06,3.888542760965882e-06,2.715380771789901e-06,1.502595795935987e-05
3.931029460866145e-07,-4.682363840565297e-06,2.7935172981960605e-06,3.857964044626603e-06,2.708409351073571e-06,1.4960775807631721e-05
3.9139967400741244e-07,-4.682363607903735e-06,2.7969587992664632e-06,3.827563427822767e-06,2.701454107461378e-06,1.4895648595482558e-05
3.896963588051378e-07,-4.6823633753792896e-06,2.8003885804002053e-06,3.7973405568408566e-06,2.6945150991660333e-06,1.4830577705598808e-05
3.879930499971587e-07,-4.682363142333235e-06,2.8038066503807493e-06,3.767295073859512e-06,2.6875923837921366e-06,1.4765564516562553e-05
3.862897970719313e-07,-4.682362909569218e-06,2.807213019262674e-06,3.7374266157283006e-06,2.680686018686997e-06,1.4700610401224347e-05
3.8458664916366397e-07,-4.682362676723245e-06,2.8106076961081206e-06,3.7077348139677017e-06,2.6737960617445307e-06,1.4635716728476143e-05
3.828836552765005e-07,-4.682362444152667e-06,2.813990690683274e-06,3.6782192958793345e-06,2.666922568957405e-06,1.4570884861610194e-05
3.811808642670793e-07,-4.682362211079715e-06,2.817362013068908e-06,3.648879683213691e-06,2.6600655973668904e-06,1.4506116159720753e-05
3.79478324744534e-07,-4.68236197829716e-06,2.820721673388396e-06,3.6197155930583165e-06,2.65322520237766e-06,1.4441411976010954e-05
3.777760850956206e-07,-4.6823617452660224e-06,2.824069681542599e-06,3.5907266381708703e-06,2.6464014396282134e-06,1.437677365934714e-05
3.7607419356662e-07,-4.682361512193974e-06,2.8274060480921425e-06,3.5619124258689095e-06,2.639594363966647e-06,1.4312202553162515e-05
3.7437269813451786e-07,-4.682361279298156e-06,2.8307307832994586e-06,3.5332725598062456e-06,2.6328040313541812e-06,1.4247699996144082e-05
3.7267164669672987e-07,-4.682361046209549e-06,2.834043898462087e-06,3.5048066376414633e-06,2.6260304949643955e-06,1.4183267321573465e-05
3.709710868269409e-07,-4.682360813377549e-06,2.8373454038945214e-06,3.476514253591455e-06,2.619273809385768e-06,1.4118905857632213e-05
3.692710659623122e-07,-4.682360580376159e-06,2.840635310839369e-06,3.4483949965440174e-06,2.61253402735297e-06,1.4054616927131176e-05
3.6757163134483637e-07,-4.682360347236527e-06,2.8439136304780846e-06,3.4204484515011623e-06,2.6058112028015764e-06,1.3990401848135024e-05
3.658728299345729e-07,-4.6823601142571476e-06,2.847180373847464e-06,3.3926741986909285e-06,2.599105388940984e-06,1.3926261932546689e-05
3.641747085881131e-07,-4.682359881150918e-06,2.850435552596217e-06,3.3650718133453335e-06,2.592416637303135e-06,1.3862198487883743e-05
3.624773138999701e-07,-4.682359648277354e-06,2.8536791782718963e-06,3.3376408673657176e-06,2.5857450005416283e-06,1.37982128155159e-05
3.6078069231314406e-07,-4.682359415128121e-06,2.8569112628370114e-06,3.310380927546376e-06,2.579090529666528e-06,1.3734306211969548e-05
3.5908488998207955e-07,-4.682359181890357e-06,2.8601318178242537e-06,3.2832915566847925e-06,2.572453276946689e-06,1.3670479968136695e-05
3.5738995293548207e-07,-4.682358948768218e-06,2.8633408555973398e-06,3.256372313248567e-06,2.5658332919357086e-06,1.3606735369386005e-05
3.5569592697545863e-07,-4.6823587155418916e-06,2.86653838835651e-06,3.2296227517084795e-06,2.5592306263146743e-06,1.3543073695507281e-05
3.5400285766663167e-07,-4.682358482258435e-06,2.8697244283413864e-06,3.2030424220944073e-06,2.552645329304144e-06,1.3479496220891882e-05
3.523107903777149e-07,-4.682358248879329e-06,2.8728989880254468e-06,3.1766308703283855e-06,2.5460774502646324e-06,1.3416004214220457e-05
3.5061977031200603e-07,-4.682358015737558e-06,2.876062080240527e-06,3.1503876377805263e-06,2.539527038843495e-06,1.3352598938844608e-05
3.489298423606877e-07,-4.68235778248002e-06,2.8792137172822547e-06,3.1243122632674083e-06,2.53299414408298e-06,1.3289281651822363e-05
3.4724105136944785e-07,-4.682357549324142e-06,2.8823539127064516e-06,3.098404279943463e-06,2.526478814104333e-06,1.3226053605423921e-05
3.455534417843449e-07,-4.682357316155546e-06,2.885482678946885e-06,3.072663217632437e-06,2.519981097601861e-06,1.316291604528592e-05
3.438670580136635e-07,-4.682357082872684e-06,2.8886000296624744e-06,3.0470886033825026e-06,2.513501041380929e-06,1.3099870211833885e-05
3.421819441146372e-07,-4.682356849813089e-06,2.8917059778040174e-06,3.021679958246619e-06,2.507038692790846e-06,1.3036917339650813e-05
3.404981440258023e-07,-4.682356616423764e-06,2.8948005370537793e-06,2.9964368013903443e-06,2.500594099176064e-06,1.2974058657435523e-05
3.388157014288494e-07,-4.682356383103765e-06,2.8978837208901398e-06,2.9713586473162928e-06,2.4941673065150748e-06,1.2911295387738989e-05
3.371346597872856e-07,-4.6823561498152865e-06,2.900955542810912e-06,2.946445006641278e-06,2.4877583600900145e-06,1.2848628747866386e-05
3.3545506237524634e-07,-4.6823559163586516e-06,2.9040160168963495e-06,2.921695386318363e-06,2.481367306324371e-06,1.2786059948524009e-05
3.337769523030195e-07,-4.682355682977166e-06,2.9070651574068145e-06,2.89710929085811e-06,2.474994189968888e-06,1.2723590194554805e-05
3.321003723219877e-07,-4.682355449510244e-06,2.9101029778077137e-06,2.8726862188868797e-06,2.4686390564648646e-06,1.2661220685306122e-05
3.3042536508980767e-07,-4.682355215928593e-06,2.9131294926922884e-06,2.8484256682538635e-06,2.46230195019388e-06,1.259895261373459e-05
3.287519730284661e-07,-4.6823549827112195e-06,2.916144716434646e-06,2.8243271312571245e-06,2.455982914118174e-06,1.2536787166565732e-05
3.2708023830416594e-07,-4.682354749150051e-06,2.9191486633043522e-06,2.800390097086078e-06,2.4496819925607734e-06,1.2474725524862933e-05
3.2541020291868113e-07,-4.682354515812068e-06,2.9221413482579334e-06,2.7766140527096878e-06,2.4433992280939156e-06,1.241276886307683e-05
3.23741908584192e-07,-4.6823542824257995e-06,2.925122785461056e-06,2.752998480211915e-06,2.4371346638686132e-06,1.2350918349815515e-05
3.22075396878279e-07,-4.682354048823751e-06,2.928092990187787e-06,2.729542859345238e-06,2.430888342098159e-06,1.2289175147684944e-05
3.2041070912171146e-07,-4.682353815394157e-06,2.9310519773962238e-06,2.706246666198387e-06,2.424660304579636e-06,1.2227540412747709e-05
3.1874788638988156e-07,-4.682353581953991e-06,2.933999761929738e-06,2.6831093735294013e-06,2.4184505925310597e-06,1.2166015294495273e-05
3.170869695431285e-07,-4.682353348662952e-06,2.9369363588474084e-06,2.6601304509876856e-06,2.4122592465961006e-06,1.2104600937138616e-05
3.1542799929658346e-07,-4.682353115088368e-06,2.939861783787475e-06,2.6373093656691104e-06,2.4060863084812105e-06,1.2043298477498793e-05
3.137710160975506e-07,-4.682352881418844e-06,2.9427760523174374e-06,2.614645580894778e-06,2.3999318175755417e-06,1.1982109046769439e-05
3.121160601210732e-07,-4.682352647947522e-06,2.9456791795633802e-06,2.5921385576543034e-06,2.3937958136689153e-06,1.1921033769371822e-05
3.104631713852655e-07,-4.682352414542686e-06,2.9485711813147862e-06,2.569787752496394e-06,2.387678336819287e-06,1.1860073763697327e-05
3.088123896666749e-07,-4.682352181157137e-06,2.9514520732680437e-06,2.547592620526449e-06,2.38157942474472e-06,1.1799230141274783e-05
3.0716375449371165e-07,-4.682351947806884e-06,2.954321871042993e-06,2.5255526132971412e-06,2.3754991172727595e-06,1.1738504007589243e-05
3.055173052724513e-07,-4.682351714257633e-06,2.957180591328277e-06,2.5036671802517e-06,2.3694374517086978e-06,1.167789646115912e-05
3.0387308105255446e-07,-4.682351480971668e-06,2.960028249668368e-06,2.4819357660593828e-06,2.363394465956959e-06,1.1617408594646411e-05
3.022311207255912e-07,-4.682351247205e-06,2.9628648620544603e-06,2.460357815167379e-06,2.3573701963670265e-06,1.1557041493531365e-05
3.0059146297278603e-07,-4.68235101355928e-06,2.9656904451438976e-06,2.438932766693802e-06,2.35136468050523e-06,1.1496796237153317e-05
2.9895414624856803e-07,-4.682350780332886e-06,2.968505015460803e-06,2.4176600596457222e-06,2.3453779553726227e-06,1.1436673897926584e-05
2.9731920872886106e-07,-4.682350546623308e-06,2.971308588958559e-06,2.3965391288113355e-06,2.339410055746372e-06,1.1376675541680491e-05
2.9568668844843065e-07,-4.682350313168371e-06,2.9741011828599857e-06,2.375569406758392e-06,2.333461017445554e-06,1.1316802227916099e-05
2.940566231379463e-07,-4.682350079567355e-06,2.9768828133615683e-06,2.3547503233900775e-06,2.3275308760115077e-06,1.1257055009084548e-05
2.924290503567857e-07,-4.682349846183423e-06,2.979653497444328e-06,2.334081306167077e-06,2.3216196663109004e-06,1.1197434931169948e-05
2.908040074114416e-07,-4.682349612934716e-06,2.9824132520361546e-06,2.3135617805516523e-06,2.315727421750384e-06,1.1137943033168938e-05
2.8918153138176044e-07,-4.6823493791289935e-06,2.9851620939176063e-06,2.2931911688974243e-06,2.3098541771419032e-06,1.1078580347618066e-05
2.875616591251704e-07,-4.682349145306474e-06,2.987900040151737e-06,2.272968891559598e-06,2.3039999648539784e-06,1.1019347900128858e-05
2.859444273160253e-07,-4.682348911858158e-06,2.99062710830262e-06,2.2528943664508703e-06,2.2981648176033505e-06,1.0960246709144977e-05
2.843298723191302e-07,-4.682348678226248e-06,2.993343315333613e-06,2.232967008930408e-06,2.292348768711782e-06,1.0901277787135699e-05
2.827180303060063e-07,-4.682348444464925e-06,2.996048678256159e-06,2.2131862331361108e-06,2.286551849961776e-06,1.084244213859752e-05
2.8110893724590464e-07,-4.682348211016044e-06,2.99874321489615e-06,2.1935514499862233e-06,2.2807740935082483e-06,1.0783740762184396e-05
2.795026288872118e-07,-4.682347977455986e-06,3.0014269429396076e-06,2.1740620686226074e-06,2.2750155300352023e-06,1.07251746487579e-05
2.7789914070647135e-07,-4.682347743825004e-06,3.0040998798763537e-06,2.1547174962997305e-06,2.269276189850429e-06,1.0666744782865229e-05
2.762985079876997e-07,-4.6823475100406565e-06,3.0067620436007863e-06,2.135517137829553e-06,2.263556103587939e-06,1.0608452141927337e-05
2.747007657511643e-07,-4.682347276572837e-06,3.0094134516167274e-06,2.116460395914597e-06,2.2578553015857e-06,1.0550297696204243e-05
2.7310594880178075e-07,-4.682347042801021e-06,3.0120541219384933e-06,2.0975466721471382e-06,2.252173813484106e-06,1.0492282409037896e-05
2.715140916829218e-07,-4.682346809153228e-06,3.014684072064895e-06,2.078775365010812e-06,2.2465116677213994e-06,1.0434407236692576e-05
2.6992522881307517e-07,-4.6823465755835025e-06,3.017303320618504e-06,2.0601458718790165e-06,2.24086889289925e-06,1.037667312861164e-05
2.683393942658961e-07,-4.682346341887544e-06,3.0199118854519746e-06,2.041657588792857e-06,2.2352455164186182e-06,1.0319081026841587e-05
2.6675662196319363e-07,-4.682346108450282e-06,3.022509784956132e-06,2.02330990846276e-06,2.229641567063728e-06,1.026163186643451e-05
2.6517694554459457e-07,-4.682345874527519e-06,3.025097037453189e-06,2.005102223377084e-06,2.224057072145123e-06,1.020432657544811e-05
2.63600398450766e-07,-4.6823456409554485e-06,3.0276736613297765e-06,1.9870339231375926e-06,2.218492057584237e-06,1.0147166074577926e-05
2.6202701384755174e-07,-4.6823454074112575e-06,3.0302396747445754e-06,1.9691043970129627e-06,2.2129465499218736e-06,1.0090151277608353e-05
2.604568247236809e-07,-4.682345173922907e-06,3.0327950962285926e-06,1.9513130310522075e-06,2.207420576057931e-06,1.0033283090677141e-05
2.588898637960784e-07,-4.682344939930828e-06,3.0353399443981762e-06,1.9336592107492073e-06,2.201914160578416e-06,9.976562413482748e-06
2.5732616360558615e-07,-4.682344706385846e-06,3.037874238455667e-06,1.9161423204876067e-06,2.19642732845145e-06,9.919990137577364e-06
2.5576575637935284e-07,-4.682344472873905e-06,3.0403979963402456e-06,1.8987617420975147e-06,2.1909601045181076e-06,9.863567147865738e-06
2.542086741882548e-07,-4.682344239101723e-06,3.0429112374836072e-06,1.8815168566318667e-06,2.1855125128095426e-06,9.807294321883508e-06
2.526549487996153e-07,-4.682344005304794e-06,3.045413980302695e-06,1.8644070434782462e-06,2.18008457722708e-06,9.751172529727826e-06
2.511046118480491e-07,-4.682343771679494e-06,3.0479062442275557e-06,1.8474316808029737e-06,2.1746763210157977e-06,9.695202634126739e-06
2.4955769463055046e-07,-4.682343538153594e-06,3.05038804812523e-06,1.8305901453290592e-06,2.1692877661774246e-06,9.639385490952677e-06
2.480142282602112e-07,-4.682343304492723e-06,3.052859410916343e-06,1.8138818126692714e-06,2.1639189361956034e-06,9.583721947931802e-06
2.4647424362055444e-07,-4.682343070772968e-06,3.0553203517774822e-06,1.7973060569930706e-06,2.158569852204477e-06,9.528212846142823e-06
2.449377713259208e-07,-4.6823428369985265e-06,3.05777088976882e-06,1.780862252136832e-06,2.1532405359359733e-06,9.47285901893453e-06
2.434048418231935e-07,-4.68234260328588e-06,3.06021104446186e-06,1.7645497694944233e-06,2.147931008571807e-06,9.41766129224497e-06
2.4187548529857633e-07,-4.682342369523622e-06,3.0626408355375997e-06,1.7483679797935556e-06,2.1426412899149555e-06,9.362620484573706e-06
2.4034973164650963e-07,-4.682342135849267e-06,3.0650602816517227e-06,1.7323162533178352e-06,2.137371400652928e-06,9.307737407092823e-06
2.388276106208656e-07,-4.682341902420693e-06,3.0674694029440636e-06,1.7163939587965368e-06,2.1321213597052354e-06,9.253012863411021e-06
2.373091516787624e-07,-4.682341668726759e-06,3.069868218692398e-06,1.7006004642927804e-06,2.126891186860575e-06,9.198447649878917e-06
2.3579438406137788e-07,-4.682341435117308e-06,3.0722567482951804e-06,1.6849351367594473e-06,2.1216809013851717e-06,9.144042554825772e-06
2.3428333678331075e-07,-4.682341201070583e-06,3.074635011766943e-06,1.6693973415950845e-06,2.116490521158776e-06,9.089798359919512e-06
2.3277603862697352e-07,-4.68234096726049e-06,3.0770030287862604e-06,1.6539864448643562e-06,2.1113200637942904e-06,9.035715838237706e-06
2.312725180932657e-07,-4.682340733823135e-06,3.0793608187398406e-06,1.6387018105224839e-06,2.106169546550641e-06,8.98179575589129e-06
2.2977280351420326e-07,-4.682340499996161e-06,3.0817084017700003e-06,1.6235428026356881e-06,2.1010389861538496e-06,8.928038871871882e-06
2.2827692296414595e-07,-4.682340266391612e-06,3.0840457976790363e-06,1.608508783493818e-06,2.0959283991211227e-06,8.874445936483617e-06
2.2678490424676912e-07,-4.682340032589518e-06,3.0863730262202823e-06,1.593599116052837e-06,2.090837802533684e-06,8.821017693369294e-06
2.2529677503359527e-07,-4.682339798981127e-06,3.0886901080310318e-06,1.5788131613813067e-06,2.08576721006892e-06,8.767754878053201e-06
2.2381256264817218e-07,-4.682339565205373e-06,3.090997062712661e-06,1.564150280658796e-06,2.080716638151647e-06,8.71465821887094e-06
2.2233229419417213e-07,-4.682339331610769e-06,3.0932939100779514e-06,1.5496098343987184e-06,2.075686100950496e-06,8.661728436081239e-06
2.208559966314908e-07,-4.682339097786795e-06,3.0955806708945795e-06,1.5351911825593561e-06,2.0706756129830812e-06,8.608966242448824e-06
2.1938369659438344e-07,-4.682338864251916e-06,3.0978573651202624e-06,1.5208936847659082e-06,2.065685187672838e-06,8.556372343091761e-06
2.1791542048432348e-07,-4.68233863046509e-06,3.1001240125273297e-06,1.5067166999774148e-06,2.0607148382152208e-06,8.503947435425943e-06
2.1645119452064413e-07,-4.682338396682234e-06,3.102380633924308e-06,1.4926595865977912e-06,2.055764578152487e-06,8.451692209220605e-06
2.1499104467106534e-07,-4.682338163082512e-06,3.1046272496102745e-06,1.478721703363997e-06,2.050834418904811e-06,8.399607346348522e-06
2.1353499664383808e-07,-4.682337929522821e-06,3.1068638798783437e-06,1.4649024074586606e-06,2.0459243725597165e-06,8.347693521396635e-06
2.1208307593912085e-07,-4.682337695765721e-06,3.109090545157668e-06,1.4512010569525663e-06,2.041034449899948e-06,8.295951400375407e-06
2.10635307828631e-07,-4.6823374621762165e-06,3.1113072663424856e-06,1.4376170098054635e-06,2.03616466321678e-06,8.24438164250906e-06
2.091917173052929e-07,-4.682337228379151e-06,3.113514063545277e-06,1.4241496227558296e-06,2.031315021797141e-06,8.192984898736793e-06
2.0775232913819996e-07,-4.6823369949359115e-06,3.115710957175758e-06,1.4107982526531508e-06,2.0264855364766124e-06,8.141761812184598e-06
2.0631716790758143e-07,-4.682336761099414e-06,3.1178979680172664e-06,1.3975622565689305e-06,2.021676215773401e-06,8.090713018442832e-06
2.0488625790995207e-07,-4.6823365272154954e-06,3.1200751167237934e-06,1.3844409917967041e-06,2.0168870699016857e-06,8.039839145122123e-06
2.0345962322812872e-07,-4.682336293447161e-06,3.1222424241146206e-06,1.3714338147418064e-06,2.0121181068318753e-06,7.989140811908889e-06
2.0203728771510485e-07,-4.682336059682437e-06,3.1243999109104295e-06,1.3585400821426206e-06,2.00736933518381e-06,7.938618631231456e-06
2.0061927497223047e-07,-4.68233582601432e-06,3.126547597785843e-06,1.345759151181597e-06,2.0026407624005195e-06,7.88827320692781e-06
1.992056083592058e-07,-4.682335592611962e-06,3.1286855053648773e-06,1.3330903784860555e-06,1.9979323956373345e-06,7.8381051353558e-06
1.977963110572664e-07,-4.6823353586488795e-06,3.1308136549826924e-06,1.3205331214604502e-06,1.993244241611159e-06,7.788115005101719e-06
1.9639140592554378e-07,-4.682335124917923e-06,3.1329320671608724e-06,1.3080867367320647e-06,1.988576306983621e-06,7.738303396938662e-06
1.9499091564895444e-07,-4.682334891078182e-06,3.1350407626561273e-06,1.2957505817053135e-06,1.9839285971197205e-06,7.688670883451833e-06
1.9359486266626154e-07,-4.682334657222307e-06,3.1371397627715145e-06,1.2835240142286836e-06,1.9793011179607856e-06,7.639218029538142e-06
1.9220326918398888e-07,-4.682334423685351e-06,3.139229088586386e-06,1.271406391817574e-06,1.9746938733369336e-06,7.589945392336808e-06
1.9081615715069255e-07,-4.682334189919166e-06,3.1413087607968546e-06,1.2593970729865638e-06,1.9701068688385244e-06,7.5408535207297714e-06
1.8943354829725817e-07,-4.682333956061164e-06,3.143378800455619e-06,1.2474954148069223e-06,1.9655401077788925e-06,7.491942956035582e-06
1.8805546414325565e-07,-4.6823337222474185e-06,3.1454392290309738e-06,1.2357007776805696e-06,1.960993594095852e-06,7.443214231412636e-06
1.8668192591105993e-07,-4.6823334884351526e-06,3.1474900671507947e-06,1.2240125198999812e-06,1.9564673307776102e-06,7.3946678723726835e-06
1.853129546455479e-07,-4.682333254684e-06,3.1495313360049435e-06,1.2124300009788567e-06,1.9519613203926175e-06,7.346304396100791e-06
1.839485711517621e-07,-4.682333021019346e-06,3.151563057302459e-06,1.2009525814300774e-06,1.947475564173389e-06,7.2981243122880214e-06
1.8258879596839248e-07,-4.682332787480077e-06,3.153585251711122e-06,1.1895796213224151e-06,1.9430100644224864e-06,7.250128122368152e-06
1.8123364944070035e-07,-4.682332553731187e-06,3.155597940883453e-06,1.1783104818348437e-06,1.9385648219530676e-06,7.202316319850747e-06
1.798831516306999e-07,-4.682332320118626e-06,3.157601145831913e-06,1.1671445249234766e-06,1.934139838510239e-06,7.1546893904738016e-06
1.7853732240407737e-07,-4.682332086457341e-06,3.159594887614984e-06,1.1560811125444018e-06,1.9297351136360105e-06,7.107247811690275e-06
1.7719618138213403e-07,-4.6823318526955055e-06,3.1615791879945187e-06,1.1451196073198241e-06,1.9253506465828583e-06,7.059992053403606e-06
1.7585974794228786e-07,-4.6823316187676644e-06,3.1635540678282475e-06,1.1342593734262399e-06,1.9209864374902776e-06,7.012922577204438e-06
1.7452804123371767e-07,-4.682331385423541e-06,3.1655195487686292e-06,1.1234997749291049e-06,1.9166424842418016e-06,6.966039836842462e-06
1.7320108020132434e-07,-4.682331151644733e-06,3.1674756523985687e-06,1.1128401764489607e-06,1.9123187854707506e-06,6.919344277865597e-06
1.7187888353465887e-07,-4.682330917844408e-06,3.169422400091785e-06,1.1022799444937149e-06,1.908015339665233e-06,6.872836338327752e-06
1.7056146965562848e-07,-4.6823306841234e-06,3.1713598129480367e-06,1.0918184445720488e-06,1.9037321432924804e-06,6.826516447734121e-06
1.692488567948489e-07,-4.682330450481834e-06,3.1732879125626734e-06,1.0814550449681848e-06,1.8994691943981824e-06,6.780385027832208e-06
1.6794106293072194e-07,-4.682330216881094e-06,3.1752067205261027e-06,1.0711891139663225e-06,1.8952264889993996e-06,6.734442492292644e-06
1.6663810583521784e-07,-4.682329983034348e-06,3.177116258375981e-06,1.0610200206277972e-06,1.8910040228492337e-06,6.688689247000621e-06
1.6534000301669217e-07,-4.682329749365667e-06,3.17901654751008e-06,1.0509471345690357e-06,1.8868017906391514e-06,6.643125689514656e-06
1.6404677175744588e-07,-4.682329515443596e-06,3.180907609639974e-06,1.0409698272938262e-06,1.8826197887796072e-06,6.597752209635578e-06
1.6275842910946175e-07,-4.682329281780431e-06,3.1827894659902794e-06,1.031087471305136e-06,1.8784580116691604e-06,6.5525691890040764e-06
1.6147499188153718e-07,-4.682329047987728e-06,3.18466213834043e-06,1.0212994387728423e-06,1.8743164524736392e-06,6.507577001253355e-06
1.601964767008333e-07,-4.682328814193911e-06,3.1865256485033686e-06,1.0116051048644084e-06,1.8701951051010811e-06,6.462776012009131e-06
1.5892289990188352e-07,-4.6823285804507655e-06,3.188380017797203e-06,1.002003844192164e-06,1.866093963514837e-06,6.418166578750856e-06
1.576542775849416e-07,-4.682328346718634e-06,3.1902252678629362e-06,9.924950332557962e-07,1.8620130194708123e-06,6.373749051117031e-06
1.5639062566438043e-07,-4.682328113042343e-06,3.192061420260359e-06,9.830780496651996e-07,1.8579522665187587e-06,6.329523770641528e-06
1.5513195979638612e-07,-4.68232787943309e-06,3.1938884968890206e-06,9.737522722514883e-07,1.8539116951146733e-06,6.285491071003385e-06
1.5387829541750273e-07,-4.682327645507984e-06,3.195706519291031e-06,9.645170809559795e-07,1.849891296611088e-06,6.2416512773329204e-06
1.5262964771565764e-07,-4.682327412004613e-06,3.197515509320896e-06,9.553718564971319e-07,1.8458910622143471e-06,6.1980047073080795e-06
1.513860316545388e-07,-4.682327178177384e-06,3.199315488627075e-06,9.463159819248458e-07,1.8419109820088052e-06,6.1545516702662535e-06
1.5014746198527297e-07,-4.682326944619221e-06,3.2011064791313545e-06,9.3734884051105e-07,1.8379510459559328e-06,6.1112924675789785e-06
1.489139531911925e-07,-4.682326710634548e-06,3.202888502171756e-06,9.284698176370739e-07,1.8340112439754594e-06,6.068227392596429e-06
1.4768551954340996e-07,-4.68232647670145e-06,3.2046615794779846e-06,9.19678299572406e-07,1.8300915639039983e-06,6.0253567306057805e-06
1.4646217510149496e-07,-4.68232624305022e-06,3.2064257332020097e-06,9.109736738077633e-07,1.8261919952836377e-06,5.982680758983865e-06
1.4524393366414228e-07,-4.6823260091721805e-06,3.208180984960152e-06,9.023553298322378e-07,1.8223125257118513e-06,5.9401997467808424e-06
1.4403080880232172e-07,-4.682325775678754e-06,3.209927356226992e-06,8.938226583561501e-07,1.81845314179163e-06,5.8979139552753024e-06
1.4282281387016972e-07,-4.682325542000774e-06,3.2116648689032337e-06,8.853750516441124e-07,1.8146138318665035e-06,5.855823637696718e-06
1.4161996200556182e-07,-4.6823253084221874e-06,3.2133935451124447e-06,8.770119028488949e-07,1.8107945812319352e-06,5.81392903943361e-06
1.4042226610245885e-07,-4.682325074667768e-06,3.2151134066004185e-06,8.68732607343693e-07,1.8069953770721199e-06,5.772230397214751e-06
1.3922973879914733e-07,-4.682324841075291e-06,3.216824474899333e-06,8.60536562389062e-07,1.8032162046435367e-06,5.730727940302663e-06
1.3804239253498535e-07,-4.682324606961986e-06,3.2185267719513777e-06,8.524231651345129e-07,1.7994570490203498e-06,5.68942188998014e-06
1.3686023953584351e-07,-4.682324373089102e-06,3.2202203199274725e-06,8.443918162822518e-07,1.7957178941721513e-06,5.648312459189414e-06
1.356832917587014e-07,-4.682324139541102e-06,3.221905140531159e-06,8.364419165344656e-07,1.7919987251105413e-06,5.607399852837482e-06
1.345115609416158e-07,-4.682323905582483e-06,3.2235812552625495e-06,8.285728697019419e-07,1.7882995258519612e-06,5.566684268129159e-06
1.3334505861112319e-07,-4.682323671992637e-06,3.2252486862914296e-06,8.20784080261586e-07,1.7846202791422268e-06,5.5261658943311635e-06
1.3218379605800245e-07,-4.682323438466938e-06,3.226907455349804e-06,8.130749543556143e-07,1.780960967877877e-06,5.485844912244759e-06
1.3102778435400353e-07,-4.6823232046632886e-06,3.228557584479497e-06,8.054449006797364e-07,1.7773215747737358e-06,5.445721494955158e-06
1.2987703430428063e-07,-4.682322971052136e-06,3.2301990954023155e-06,7.9789332926191e-07,1.7737020806368485e-06,5.405795807623346e-06
1.287315565389119e-07,-4.6823227373541875e-06,3.2318320099791837e-06,7.904196511292732e-07,1.7701024671867546e-06,5.36606800738895e-06
1.2759136142437262e-07,-4.682322503819635e-06,3.233456350127553e-06,7.830232806396141e-07,1.7665227160710114e-06,5.326538242995524e-06
1.2645645912258764e-07,-4.682322269932084e-06,3.235072137677115e-06,7.757036325947874e-07,1.7629628070275853e-06,5.28720665617834e-06
1.2532685956475298e-07,-4.682322036427784e-06,3.2366793949286885e-06,7.684601243501444e-07,1.759422720549399e-06,5.248073379554956e-06
1.2420257242556748e-07,-4.682321802817866e-06,3.238278143132472e-06,7.612921748153249e-07,1.7559024364083856e-06,5.2091385386097465e-06
1.23083607197025e-07,-4.682321569100509e-06,3.2398684045933176e-06,7.541992052314168e-07,1.752401932177664e-06,5.170402250569793e-06
1.219699731152758e-07,-4.682321335343497e-06,3.2414502011706016e-06,7.471806379497132e-07,1.7489211874786327e-06,5.1318646245159154e-06
1.2086167921922201e-07,-4.6823211015639954e-06,3.243023554853336e-06,7.402358978750013e-07,1.7454601808700414e-06,5.093525762159821e-06
1.1975873429072396e-07,-4.682320867939195e-06,3.2445884874876903e-06,7.333644114663564e-07,1.7420188890125973e-06,5.055385756678374e-06
1.1866114689727119e-07,-4.682320634143673e-06,3.2461450208065697e-06,7.265656082914601e-07,1.7385972895827997e-06,5.017444693490747e-06
1.1756892539441487e-07,-4.682320400392313e-06,3.2476931771580262e-06,7.198389179179751e-07,1.7351953591024378e-06,4.979702650369453e-06
1.1648207790515046e-07,-4.682320166586386e-06,3.2492329780582536e-06,7.131837737993241e-07,1.7318130743069462e-06,4.942159696940735e-06
1.1540061231300563e-07,-4.68231993305898e-06,3.2507644456427154e-06,7.065996104991311e-07,1.7284504098592553e-06,4.904815894795591e-06
1.1432453629677168e-07,-4.682319699228116e-06,3.2522876016284243e-06,7.000858644683826e-07,1.7251073424829167e-06,4.867671298197547e-06
1.1325385728888944e-07,-4.68231946518455e-06,3.253802468140991e-06,6.936419751556424e-07,1.7217838458891376e-06,4.830725952639354e-06
1.1218858254504984e-07,-4.682319231707145e-06,3.255309067096332e-06,6.87267382675595e-07,1.7184798948536327e-06,4.793979896563852e-06
1.1112871905258361e-07,-4.682318997984504e-06,3.256807420224785e-06,6.809615310286793e-07,1.715195463224783e-06,4.75743316011495e-06
1.1007427358455052e-07,-4.682318764497582e-06,3.2582975497935277e-06,6.74723864326341e-07,1.7119305247941055e-06,4.721085765637241e-06
1.0902525269606482e-07,-4.682318530561283e-06,3.2597794774118318e-06,6.685538308988501e-07,1.7086850525065353e-06,4.684937727800892e-06
1.0798166272258213e-07,-4.682318296822742e-06,3.261253225090334e-06,6.624508792985036e-07,1.7054590183559571e-06,4.64898905335185e-06
1.069435097772076e-07,-4.682318062999931e-06,3.262718814816219e-06,6.564144620743814e-07,1.7022523952794772e-06,4.613239740820406e-06
1.0591079974084078e-07,-4.682317829375958e-06,3.26417626834709e-06,6.504440328857652e-07,1.6990651534678248e-06,4.577689781728564e-06
1.0488353829729786e-07,-4.682317595454687e-06,3.265625607603487e-06,6.445390472792979e-07,1.6958972650653834e-06,4.5423391591883835e-06
1.038617308749121e-07,-4.6823173619360026e-06,3.267066854845012e-06,6.386989639102283e-07,1.692748701195946e-06,4.507187848651377e-06
1.0284538270211102e-07,-4.682317127997801e-06,3.2685000312997136e-06,6.329232437652489e-07,1.689619431293784e-06,4.472235817839124e-06
1.0183449878044432e-07,-4.682316894397425e-06,3.2699251594594024e-06,6.272113493853511e-07,1.6865094256534633e-06,4.437483026771031e-06
1.008290839075689e-07,-4.682316660680582e-06,3.2713422612350273e-06,6.215627459760368e-07,1.6834186527523416e-06,4.402929427681054e-06
9.982914263652582e-08,-4.682316426914249e-06,3.272751358043917e-06,6.159769009632368e-07,1.680347082241679e-06,4.368574964851175e-06
9.883467931607603e-08,-4.682316193176499e-06,3.274152472314562e-06,6.104532842153546e-07,1.677294682674769e-06,4.33441957522202e-06
9.784569806524892e-08,-4.682315959280511e-06,3.2755456258162607e-06,6.049913675991725e-07,1.6742614218201718e-06,4.300463187796114e-06
9.686220279478159e-08,-4.68231572551724e-06,3.2769308402848788e-06,5.995906259790567e-07,1.6712472665512684e-06,4.266705723943191e-06
9.58841971959088e-08,-4.682315491915943e-06,3.278308137914565e-06,5.942505359957121e-07,1.6682521848062813e-06,4.2331470970532574e-06
9.491168471420425e-08,-4.682315258154865e-06,3.2796775400220508e-06,5.889705766212906e-07,1.665276142801683e-06,4.199787213438637e-06
9.394466860856315e-08,-4.682315024744413e-06,3.2810390689576765e-06,5.837502298255283e-07,1.6623191066227067e-06,4.1666259712376295e-06
9.298315191536841e-08,-4.6823147910038904e-06,3.2823927463612734e-06,5.785889792434751e-07,1.6593810416788913e-06,4.133663261385964e-06
9.202713746742961e-08,-4.682314557457123e-06,3.2837385945978338e-06,5.734863117298101e-07,1.6564619132901056e-06,4.100898966770239e-06
9.107662781892241e-08,-4.6823143237373104e-06,3.2850766349534777e-06,5.68441715915548e-07,1.6535616861773861e-06,4.068332962727536e-06
9.013162538150129e-08,-4.682314090245316e-06,3.286406889466111e-06,5.634546828741787e-07,1.6506803250570233e-06,4.035965117600522e-06
8.919213231399948e-08,-4.682313856412929e-06,3.2877293801304013e-06,5.585247067877929e-07,1.6478177937468368e-06,4.0037952913080435e-06
8.82581505606443e-08,-4.682313622862607e-06,3.289044129105217e-06,5.536512835038013e-07,1.6449740561860267e-06,3.971823336594124e-06
8.732968184796509e-08,-4.682313389191051e-06,3.2903511576405115e-06,5.488339118671935e-07,1.6421490746527474e-06,3.940049098972453e-06
8.64067276874151e-08,-4.682313155668969e-06,3.2916504877308004e-06,5.440720932764549e-07,1.6393428114757442e-06,3.908472415990863e-06
8.5489289389117e-08,-4.682312921804162e-06,3.2929421413933567e-06,5.393653310174302e-07,1.6365552290817264e-06,3.877093117703178e-06
8.457736802422252e-08,-4.682312687911485e-06,3.2942261403693467e-06,5.347131318176386e-07,1.633786289145403e-06,3.845911027030029e-06
8.367096447885406e-08,-4.68231245445909e-06,3.295502506589493e-06,5.301150039588926e-07,1.6310359534643024e-06,3.814925958912317e-06
8.277007941031507e-08,-4.682312220733359e-06,3.2967712622177087e-06,5.255704592756972e-07,1.6283041819091484e-06,3.7841377216851063e-06
8.187471325928685e-08,-4.682311987257694e-06,3.2980324287966954e-06,5.210790110458291e-07,1.6255909347302725e-06,3.7535461151347407e-06
8.098486623833249e-08,-4.682311753452669e-06,3.299286027922354e-06,5.166401755446495e-07,1.622896172369735e-06,3.7231509325527513e-06
8.01005383768998e-08,-4.68231151999192e-06,3.300532081675332e-06,5.122534723781707e-07,1.6202198542455741e-06,3.6929519593619575e-06
7.922172947828332e-08,-4.6823112860651865e-06,3.3017706117889266e-06,5.079184229287401e-07,1.6175619391211506e-06,3.6629489736993343e-06
7.834843911595337e-08,-4.682311052408244e-06,3.303001640009503e-06,5.036345511322039e-07,1.614922385962248e-06,3.6331417465270332e-06
7.748066668238104e-08,-4.682310818779225e-06,3.304225188141992e-06,4.994013838109666e-07,1.6123011528754276e-06,3.6035300412715633e-06
7.661841133083991e-08,-4.682310585162502e-06,3.3054412777377965e-06,4.9521845000786e-07,1.6096981972576127e-06,3.5741136141568526e-06
7.576167202692513e-08,-4.682310351515455e-06,3.3066499310921697e-06,4.91085281541257e-07,1.6071134765299339e-06,3.5448922140654766e-06
7.491044751873425e-08,-4.682310117774586e-06,3.307851169815677e-06,4.870014134491573e-07,1.6045469475006968e-06,3.5158655826913038e-06
7.406473632750025e-08,-4.682309884055374e-06,3.309045015667028e-06,4.829663827679456e-07,1.6019985671053763e-06,3.4870334542897092e-06
7.32245367699678e-08,-4.6823096501845245e-06,3.3102314903958458e-06,4.789797294205653e-07,1.5994682906183388e-06,3.4583955561771635e-06
7.23898469794141e-08,-4.682309416379179e-06,3.311410615667101e-06,4.750409956614125e-07,1.5969560734685237e-06,3.4299516084120493e-06
7.156066483232201e-08,-4.682309183048434e-06,3.3125824133600037e-06,4.7114972640940003e-07,1.5944618712734233e-06,3.401701323392204e-06
7.07369880343391e-08,-4.682308949276864e-06,3.31374690558324e-06,4.673054693589797e-07,1.5919856388945337e-06,3.3736444071455546e-06
6.99188140805262e-08,-4.682308715576797e-06,3.314904113620058e-06,4.6350777531321e-07,1.5895273305675225e-06,3.3457805580672364e-06
6.910614022462898e-08,-4.682308481717062e-06,3.3160540594331254e-06,4.597561970735318e-07,1.5870868996260493e-06,3.3181094675579742e-06
6.829896355548151e-08,-4.682308248033416e-06,3.317196764934684e-06,4.5605029054999395e-07,1.5846642996851504e-06,3.290630819746526e-06
6.749728091264455e-08,-4.6823080143778755e-06,3.3183322513432066e-06,4.523896137620524e-07,1.5822594847483533e-06,3.263344292128061e-06
6.670108896232952e-08,-4.682307780600847e-06,3.319460541053263e-06,4.487737283928775e-07,1.5798724058606321e-06,3.236249554898024e-06
6.591038413353438e-08,-4.6823075470541114e-06,3.3205816553754953e-06,4.4520219756891573e-07,1.5775030165183093e-06,3.2093462710076506e-06
6.512516269089839e-08,-4.682307313525385e-06,3.3216956163818523e-06,4.416745879693069e-07,1.5751512673206288e-06,3.1826340971076504e-06
6.434542063708544e-08,-4.682307079966552e-06,3.322802445535126e-06,4.3819046882668715e-07,1.572817110330654e-06,3.1561126820077815e-06
6.357115380857068e-08,-4.682306846237145e-06,3.3239021643669998e-06,4.34749412038211e-07,1.5705004968224253e-06,3.129781668314418e-06
6.280235782027332e-08,-4.682306612401103e-06,3.3249947948171495e-06,4.3135099183248257e-07,1.5682013762873386e-06,3.1036406915423846e-06
6.203902810471667e-08,-4.682306378730436e-06,3.326080358850347e-06,4.279947858797817e-07,1.565919699478626e-06,3.0776893800594335e-06
6.128115985728227e-08,-4.6823061450297145e-06,3.327158877909262e-06,4.246803740708165e-07,1.563655416553877e-06,3.051927355613608e-06
6.052874808843323e-08,-4.682305911451106e-06,3.328230373642002e-06,4.214073387387666e-07,1.5614084759387532e-06,3.026354233000173e-06
5.978178758597037e-08,-4.6823056776781975e-06,3.3292948678851297e-06,4.1817526565848863e-07,1.5591788273233673e-06,3.0009696204779486e-06
5.9040272972543304e-08,-4.68230544394336e-06,3.3303523823715427e-06,4.149837422701543e-07,1.5569664187008618e-06,2.9757731192003207e-06
5.83041986243251e-08,-4.682305210035219e-06,3.3314029388615353e-06,4.1183236034378986e-07,1.5547711983783737e-06,2.9507643238119866e-06
5.7573558727203303e-08,-4.682304976425329e-06,3.3324465585583275e-06,4.0872071220451516e-07,1.5525931141061633e-06,2.9259428220326217e-06
5.684834728743991e-08,-4.682304742985055e-06,3.333483263496025e-06,4.056483948403698e-07,1.5504321127471947e-06,2.9013081951703543e-06
5.61285580831428e-08,-4.682304509137853e-06,3.3345130757246787e-06,4.0261500734880074e-07,1.548288141522223e-06,2.8768600177887025e-06
5.541418470191111e-08,-4.6823042755573566e-06,3.335536016640222e-06,3.996201510476845e-07,1.546161147064324e-06,2.8525978575122844e-06
5.4705220525580526e-08,-4.682304041782635e-06,3.336552107710057e-06,3.966634305855495e-07,1.5440510753956032e-06,2.828521275914997e-06
5.400165873442137e-08,-4.682303808107007e-06,3.337561371016879e-06,3.9374445260931054e-07,1.5419578726815654e-06,2.804629827715102e-06
5.3303492313108716e-08,-4.68230357459384e-06,3.3385638279322236e-06,3.9086282742959847e-07,1.5398814836040538e-06,2.7809230608029814e-06
5.261071404374309e-08,-4.682303340713051e-06,3.3395594998645177e-06,3.880181673554321e-07,1.5378218531693787e-06,2.7574005174485113e-06
5.192331651179802e-08,-4.68230310696232e-06,3.3405484091050064e-06,3.852100874713714e-07,1.5357789265484333e-06,2.7340617323442853e-06
5.124129209737391e-08,-4.6823028732126635e-06,3.3415305770517405e-06,3.8243820608160546e-07,1.5337526474777254e-06,2.7109062345207526e-06
5.056463297772229e-08,-4.682302639837644e-06,3.3425060251566764e-06,3.79702143710753e-07,1.5317429589981564e-06,2.687933546249876e-06
4.989333114727452e-08,-4.682302406030787e-06,3.343474775506133e-06,3.770015237699984e-07,1.5297498054582053e-06,2.665143183711261e-06
4.922737838011301e-08,-4.682302172638382e-06,3.344436849449277e-06,3.743359725570889e-07,1.5277731296109569e-06,2.6425346563399017e-06
4.85667662791949e-08,-4.6823019387752944e-06,3.345392268682014e-06,3.7170511903429103e-07,1.5258128745843373e-06,2.6201074677143586e-06
4.791148623315579e-08,-4.6823017048946695e-06,3.3463410551084605e-06,3.691085941622566e-07,1.5238689818581396e-06,2.5978611148906292e-06
4.726152943648662e-08,-4.68230147148677e-06,3.347283230316558e-06,3.66546032787404e-07,1.5219413942568373e-06,2.575795088457649e-06
4.661688689109629e-08,-4.68230123749298e-06,3.348218816022173e-06,3.640170714214682e-07,1.5200300530443806e-06,2.5539088734254817e-06
4.5977549392612286e-08,-4.682301004180742e-06,3.349147833696956e-06,3.615213499068388e-07,1.5181348989172366e-06,2.5322019480318217e-06
4.534350753980137e-08,-4.682300770470491e-06,3.350070305282458e-06,3.5905851097246877e-07,1.5162558728481074e-06,2.5106737846856856e-06
4.4714751767372374e-08,-4.68230053664219e-06,3.3509862519616335e-06,3.566281993456979e-07,1.5143929153607e-06,2.489323849453936e-06
4.4091272255712684e-08,-4.68230030308403e-06,3.35189569574461e-06,3.542300621963433e-07,1.512545967222878e-06,2.468151602727413e-06
4.347305906827061e-08,-4.682300069420814e-06,3.3527986584298844e-06,3.5186375113509416e-07,1.5107149666233208e-06,2.4471564985686768e-06
4.286010200743151e-08,-4.682299835910122e-06,3.353695161644911e-06,3.495289185497862e-07,1.5088998542362267e-06,2.426337985142226e-06
4.225239070382354e-08,-4.682299602149353e-06,3.354585226683259e-06,3.472252203809497e-07,1.507100569186534e-06,2.4056955044230556e-06
4.164991461098921e-08,-4.682299368751896e-06,3.355468875737523e-06,3.449523150115918e-07,1.50531704880802e-06,2.3852284929738173e-06
4.105266296470284e-08,-4.682299135258606e-06,3.356346130024445e-06,3.427098638223087e-07,1.503549233147226e-06,2.3649363809733754e-06
4.046062483392856e-08,-4.682298901456093e-06,3.357217011309896e-06,3.404975303031011e-07,1.5017970584291874e-06,2.344818592993961e-06
3.987378906529543e-08,-4.68229866785415e-06,3.3580815416165235e-06,3.3831498149667474e-07,1.5000604633765384e-06,2.3248745478623935e-06
3.9292144338974266e-08,-4.6822984342776795e-06,3.358939742532425e-06,3.361618860000286e-07,1.4983393851666859e-06,2.305103658243749e-06
3.871567913126472e-08,-4.682298200434035e-06,3.3597916355928873e-06,3.340379155187735e-07,1.496633760467456e-06,2.285505331793217e-06
3.8144381740883916e-08,-4.682297966794798e-06,3.360637242633772e-06,3.3194274475610787e-07,1.4949435262477228e-06,2.2660789697405622e-06
3.757824025909992e-08,-4.682297733132487e-06,3.3614765850243564e-06,3.298760506356605e-07,1.4932686181162536e-06,2.246823968028107e-06
3.701724258875571e-08,-4.682297499518697e-06,3.3623096849496133e-06,3.278375134117179e-07,1.491608972890094e-06,2.2277397168666417e-06
3.64613764607063e-08,-4.682297265855575e-06,3.3631365635947122e-06,3.258268142267277e-07,1.4899645251107558e-06,2.2088256011933915e-06
3.59106293853487e-08,-4.682297032052529e-06,3.3639572429440106e-06,3.238436391081085e-07,1.4883352115297814e-06,2.190080999964245e-06
3.536498872389973e-08,-4.682296798533445e-06,3.3647717446336594e-06,3.2188767541552876e-07,1.4867209654914837e-06,2.171505286944797e-06
3.482444163114456e-08,-4.682296565076594e-06,3.3655800905667116e-06,3.199586126180704e-07,1.4851217227223753e-06,2.1530978304189054e-06
3.428897506002385e-08,-4.682296331447764e-06,3.3663823022503648e-06,3.1805614373751356e-07,1.4835374175447607e-06,2.134857993160944e-06
3.3758575785626465e-08,-4.682296097883079e-06,3.3671784019569215e-06,3.161799645711825e-07,1.4819679834896773e-06,2.116785132616206e-06
3.323323040793672e-08,-4.682295864143514e-06,3.3679684109696907e-06,3.143297726927439e-07,1.4804133538586994e-06,2.0988786009702985e-06
3.271292532361012e-08,-4.682295630392806e-06,3.368752350831332e-06,3.125052686734555e-07,1.4788734624478712e-06,2.0811377451630203e-06
3.219764675894548e-08,-4.682295396841747e-06,3.369530243597203e-06,3.1070615519398456e-07,1.4773482422150402e-06,2.063561906777336e-06
3.168738074030611e-08,-4.682295163111552e-06,3.370302111077464e-06,3.0893213882076537e-07,1.475837625842379e-06,2.046150422247542e-06
3.118211311219444e-08,-4.682294929509119e-06,3.3710679751406636e-06,3.071829265643101e-07,1.4743415464340012e-06,2.0289026227343756e-06
3.068182953718876e-08,-4.68229469555723e-06,3.37182785738795e-06,3.054582300980528e-07,1.4728599356168398e-06,2.011817834791137e-06
3.018651549012409e-08,-4.682294461860046e-06,3.37258177950014e-06,3.037577620946163e-07,1.4713927255437782e-06,1.994895379128574e-06
2.9696156269896924e-08,-4.682294228026298e-06,3.3733297634316772e-06,3.020812382242119e-07,1.4699398467761804e-06,1.9781345722940926e-06
2.9210736986175378e-08,-4.6822939946414065e-06,3.3740718312044386e-06,3.0042837682157567e-07,1.468501231366606e-06,1.9615347249925434e-06
2.8730242564065886e-08,-4.6822937608449444e-06,3.374808004304387e-06,2.9879889888596483e-07,1.467076810044555e-06,1.9450951438486996e-06
2.8254657730633144e-08,-4.68229352709145e-06,3.375538304504714e-06,2.9719252752604916e-07,1.4656665139250286e-06,1.928815130061115e-06
2.7783967067340044e-08,-4.682293293458589e-06,3.376262753902835e-06,2.9560898829297733e-07,1.4642702735720725e-06,1.912693980220912e-06
2.731815494048691e-08,-4.682293059658391e-06,3.3769813742097177e-06,2.9404800962446307e-07,1.4628880182301716e-06,1.8967309861036143e-06
2.6857205553758314e-08,-4.6822928260621435e-06,3.377694187642689e-06,2.925093224007018e-07,1.4615196784113183e-06,1.880925434558124e-06
2.640110292159308e-08,-4.682292592455403e-06,3.378401215606539e-06,2.9099265950027687e-07,1.4601651834846992e-06,1.865276608089591e-06
2.5949830873687026e-08,-4.682292358763937e-06,3.3791024803614667e-06,2.8949775657731733e-07,1.4588244620662974e-06,1.8497837844292006e-06
2.5503373085795143e-08,-4.682292124970644e-06,3.3797980036913096e-06,2.8802435161741096e-07,1.4574974444328216e-06,1.8344462364647828e-06
2.5061712999096614e-08,-4.682291891464179e-06,3.3804878071532283e-06,2.8657218527066736e-07,1.4561840584651042e-06,1.8192632330318485e-06
2.462483393025096e-08,-4.682291657734039e-06,3.381171913309882e-06,2.8514099974149846e-07,1.4548842333426914e-06,1.8042340380531677e-06
2.4192718995786762e-08,-4.68229142418126e-06,3.381850343586951e-06,2.837305408980398e-07,1.4535978970177647e-06,1.7893579112048976e-06
2.3765351125760227e-08,-4.68229119048176e-06,3.3825231204319616e-06,2.8234055594068305e-07,1.4523249768213482e-06,1.7746341078472012e-06
2.3342713090224782e-08,-4.682290956824399e-06,3.383190265580822e-06,2.8097079517843605e-07,1.4510654017109215e-06,1.7600618787605637e-06
2.2924787467988096e-08,-4.6822907229606455e-06,3.383851800877988e-06,2.7962101091869355e-07,1.4498190982399506e-06,1.74564047061764e-06
2.2511556663173674e-08,-4.682290489274292e-06,3.384507748726881e-06,2.782909580223563e-07,1.4485859943382575e-06,1.7313691257750876e-06
2.2103002903567953e-08,-4.682290255413201e-06,3.385158130771467e-06,2.769803932376906e-07,1.4473660167162221e-06,1.7172470824400998e-06
2.169910823965333e-08,-4.682290021971983e-06,3.3858029691697466e-06,2.756890761995329e-07,1.4461590914738537e-06,1.703273574670406e-06
2.1299854543352626e-08,-4.682289788095096e-06,3.386442286030055e-06,2.74416768319068e-07,1.4449651463396582e-06,1.689447832485293e-06
2.090522352359411e-08,-4.682289554568145e-06,3.3870761036170325e-06,2.7316323433813886e-07,1.4437841075211054e-06,1.6757690818378495e-06
2.0515196702655812e-08,-4.682289320814284e-06,3.387704443650713e-06,2.719282396647093e-07,1.44261589992462e-06,1.662236544878648e-06
2.012975543338082e-08,-4.68228908701159e-06,3.3883273284172152e-06,2.707115535925183e-07,1.4414604509324272e-06,1.6488494393728703e-06
1.9748880885035152e-08,-4.682288853531841e-06,3.3889447804875086e-06,2.695129467475604e-07,1.440317685425747e-06,1.6356069797689044e-06
1.937255406560928e-08,-4.6822886199493735e-06,3.3895568213844103e-06,2.683321925313777e-07,1.4391875290587524e-06,1.6225083763379175e-06
1.900075580000871e-08,-4.682288386233214e-06,3.3901634734063375e-06,2.671690655667486e-07,1.4380699069466954e-06,1.6095528358122374e-06
1.863346674697294e-08,-4.68228815271441e-06,3.390764759080737e-06,2.660233443622224e-07,1.4369647436765886e-06,1.5967395609551358e-06
1.8270667396934497e-08,-4.682287918898456e-06,3.39136070077086e-06,2.648948080924747e-07,1.4358719645148593e-06,1.584067751365747e-06
1.7912338044927846e-08,-4.682287685268016e-06,3.391951320066461e-06,2.6378323904079363e-07,1.4347914934767474e-06,1.5715366025631277e-06
1.7558458840760468e-08,-4.6822874514874975e-06,3.392536639897909e-06,2.6268842104477376e-07,1.4337232558278073e-06,1.559145306638518e-06
1.7209009753299995e-08,-4.682287217841299e-06,3.393116682063051e-06,2.616101414947132e-07,1.4326671756874078e-06,1.5468930523941142e-06
1.6863970583524404e-08,-4.68228698393532e-06,3.3936914693562727e-06,2.6054818822499e-07,1.4316231765673975e-06,1.5347790253291965e-06
1.652332094429318e-08,-4.682286750394308e-06,3.3942610237410035e-06,2.5950235173450967e-07,1.430591182760154e-06,1.522802407043381e-06
1.618704030280286e-08,-4.682286516992706e-06,3.3948253679432134e-06,2.584724251867051e-07,1.4295711179738975e-06,1.5109623762635758e-06
1.5855107950020656e-08,-4.682286283230858e-06,3.395384523849588e-06,2.57458203854423e-07,1.4285629057003376e-06,1.499258108302748e-06
1.5527502996817567e-08,-4.682286049676722e-06,3.395938514251935e-06,2.5645948434277183e-07,1.427566468815562e-06,1.4876887756983037e-06
1.5204204389568227e-08,-4.682285815885695e-06,3.3964873615847795e-06,2.5547606603240815e-07,1.426581730933584e-06,1.4762535472683946e-06
1.4885190930690532e-08,-4.682285582088303e-06,3.397031088322094e-06,2.5450775052442797e-07,1.4256086152097912e-06,1.4649515889584664e-06
1.457044120417262e-08,-4.682285348576321e-06,3.397569717180222e-06,2.5355434064116324e-07,1.4246470433545629e-06,1.4537820639384035e-06
1.4259933685064877e-08,-4.682285114915704e-06,3.3981032703820537e-06,2.52615641869477e-07,1.4236969398360925e-06,1.4427441321584368e-06
1.3953646630525873e-08,-4.682284881079579e-06,3.398631770404609e-06,2.516914620276896e-07,1.4227582256746157e-06,1.431836951154057e-06
1.3651558168208137e-08,-4.682284647303767e-06,3.399155240086891e-06,2.507816103774071e-07,1.4218308243661487e-06,1.4210596748386489e-06
1.3353646232056602e-08,-4.682284413585729e-06,3.3996737017058758e-06,2.4988589851169516e-07,1.4209146571820474e-06,1.41041145537699e-06
1.3059888612521203e-08,-4.682284179820645e-06,3.4001871784083655e-06,2.490041393558812e-07,1.4200096468512933e-06,1.3998914412978745e-06
1.2770262918857282e-08,-4.682283946450477e-06,3.4006956924211528e-06,2.4813614916595377e-07,1.4191157148628243e-06,1.3894987788263757e-06
1.2484746605109894e-08,-4.6822837126508595e-06,3.401199266632691e-06,2.4728174475300964e-07,1.418232784230201e-06,1.379232611994875e-06
1.2203316964284307e-08,-4.682283478920005e-06,3.401697924044228e-06,2.4644074625880455e-07,1.4173607754820713e-06,1.3690920819491662e-06
1.1925951108016005e-08,-4.682283245054719e-06,3.402191687148546e-06,2.456129743802006e-07,1.4164996099818131e-06,1.3590763276562295e-06
1.1652625992582256e-08,-4.682283011490292e-06,3.4026805787046417e-06,2.447982523675693e-07,1.4156492106018737e-06,1.3491844851964575e-06
1.1383318427579312e-08,-4.682282777762734e-06,3.403164621861912e-06,2.439964058027419e-07,1.414809497749108e-06,1.3394156890542939e-06
1.1118005031980881e-08,-4.6822825437549655e-06,3.40364383919536e-06,2.432072614887892e-07,1.4139803925772427e-06,1.3297690709247423e-06
1.0856662282630702e-08,-4.682282310200292e-06,3.4041182540097164e-06,2.4243064833820284e-07,1.4131618167362665e-06,1.3202437605044003e-06
1.0599266488297102e-08,-4.682282076471349e-06,3.404587888551483e-06,2.416663974839136e-07,1.412353691714325e-06,1.3108388855469706e-06
1.0345793797594353e-08,-4.682281842794143e-06,3.4050527663020754e-06,2.4091434139111273e-07,1.4115559373861753e-06,1.301553571266517e-06
1.0096220193668634e-08,-4.68228160911997e-06,3.405512910372051e-06,2.401743148564584e-07,1.4107684752468716e-06,1.2923869416142188e-06
9.850521496041184e-09,-4.6822813753733475e-06,3.405968343549876e-06,2.3944615345375884e-07,1.4099912265936765e-06,1.2833381181126413e-06
9.60867339117135e-09,-4.682281141712353e-06,3.4064190892120803e-06,2.3872969619850723e-07,1.4092241111684896e-06,1.274406220660639e-06
9.370651364659628e-09,-4.682280907790615e-06,3.4068651705496943e-06,2.3802478288335117e-07,1.4084670503892966e-06,1.265590367408465e-06
9.136430769518571e-09,-4.68228067405615e-06,3.4073066101701825e-06,2.3733125496626556e-07,1.4077199644736543e-06,1.2568896744246998e-06
8.90598679583285e-09,-4.682280440537386e-06,3.407743431752504e-06,2.3664895601464739e-07,1.4069827739734265e-06,1.248303256764839e-06
8.67929445101992e-09,-4.682280206702855e-06,3.4081756583778913e-06,2.3597773159428925e-07,1.406255399236449e-06,1.2398302274443408e-06
8.45632863288099e-09,-4.682279972998364e-06,3.408603313522148e-06,2.3531742793711647e-07,1.40553776117746e-06,1.2314696984378258e-06
8.237064048037795e-09,-4.682279739006748e-06,3.409026420231571e-06,2.3466789493878396e-07,1.4048297803869629e-06,1.2232207795966063e-06
8.02147524306575e-09,-4.682279505548572e-06,3.4094450020155205e-06,2.3402898227289842e-07,1.4041313759956474e-06,1.2150825800225916e-06
7.809536624355602e-09,-4.682279271994502e-06,3.4098590825898104e-06,2.3340054183351313e-07,1.403442469758089e-06,1.207054207457666e-06
7.601222432775097e-09,-4.682279038165197e-06,3.410268685180965e-06,2.3278242840125384e-07,1.4027629811297856e-06,1.199134768366948e-06
7.396506747577864e-09,-4.682278804092603e-06,3.4106738331658483e-06,2.3217449631265587e-07,1.4020928301890801e-06,1.1913233681608463e-06
7.195363508469596e-09,-4.682278570611959e-06,3.41107455033262e-06,2.3157660290185477e-07,1.4014319375499018e-06,1.183619110834228e-06
6.997766480208101e-09,-4.682278336711903e-06,3.4114708598751775e-06,2.3098860750138393e-07,1.400780223564903e-06,1.176021099812966e-06
6.8036892930326266e-09,-4.682278103145405e-06,3.4118627858268663e-06,2.3041036999888854e-07,1.4001376090682796e-06,1.1685284376208754e-06
6.613105410211141e-09,-4.682277869392747e-06,3.412250351633934e-06,2.2984175283552037e-07,1.3995040136027859e-06,1.1611402256299095e-06
6.425988139989277e-09,-4.682277635671977e-06,3.4126335814786866e-06,2.292826186744765e-07,1.398879357217308e-06,1.1538555647818098e-06
6.242310645934082e-09,-4.682277401966325e-06,3.413012498488313e-06,2.2873283339859691e-07,1.3982635598107804e-06,1.1466735550052303e-06
6.062045927103281e-09,-4.682277168134578e-06,3.4133871269302543e-06,2.2819226333481167e-07,1.3976565416632962e-06,1.1395932960484142e-06
5.88516683753536e-09,-4.68227693443127e-06,3.4137574904315887e-06,2.276607770304956e-07,1.3970582238465877e-06,1.1326138867436644e-06
5.711646070465654e-09,-4.682276700715118e-06,3.414123613369597e-06,2.2713824392119895e-07,1.3964685258434408e-06,1.125734425742871e-06
1.0876334546208789e-08,-4.682274396152292e-06,3.414586343369622e-06,2.2661163820414302e-07,1.3963729242107083e-06,1.1189506285250106e-06
1.561938465710759e-08,-4.682272423746375e-06,3.4150398374251613e-06,2.2609445158998053e-07,1.3962591018470006e-06,1.112265160244713e-06
1.9960633152494053e-08,-4.6822707682498644e-06,3.415484280157841e-06,2.2558653031243597e-07,1.3961280169720265e-06,1.1056771114493513e-06
2.391931717125078e-08,-4.6822694148766506e-06,3.4159198526840225e-06,2.2508772204846194e-07,1.3959805922765353e-06,1.0991855725895432e-06
2.751408470543159e-08,-4.682268349818596e-06,3.4163467322354353e-06,2.2459787824971224e-07,1.39581771644158e-06,1.092789634740789e-06
3.0763005122690274e-08,-4.682267559780475e-06,3.4167650931698474e-06,2.241168515890281e-07,1.3956402448838313e-06,1.0864883886736624e-06
3.3683579573752696e-08,-4.682267031893907e-06,3.417175105646688e-06,2.2364449806986523e-07,1.3954490012981986e-06,1.0802809257003434e-06
3.629275134303926e-08,-4.682266753628679e-06,3.4175769363399053e-06,2.2318067502789433e-07,1.3952447783655917e-06,1.0741663376052321e-06
3.8606916137483065e-08,-4.682266713011891e-06,3.417970749461218e-06,2.2272524213020303e-07,1.3950283380561698e-06,1.0681437168669843e-06
4.0641932316102564e-08,-4.682266898745411e-06,3.418356704881205e-06,2.222780614863191e-07,1.3948004135132646e-06,1.0622121560062524e-06
4.241313106350021e-08,-4.682267299356986e-06,3.418734959353112e-06,2.2183899764821409e-07,1.3945617102048265e-06,1.0563707484322222e-06
4.3935326464839294e-08,-4.682267904556582e-06,3.419105667151127e-06,2.2140791661110627e-07,1.394312907249377e-06,1.05061858827608e-06
4.5222825554065666e-08,-4.6822687041007275e-06,3.4194689790536564e-06,2.2098468681265933e-07,1.394054656994245e-06,1.0449547706546787e-06
4.628943829431514e-08,-4.682269687888599e-06,3.419825042688932e-06,2.2056917868889524e-07,1.3937875868028578e-06,1.039378391046036e-06
4.7148487453110587e-08,-4.682270846718812e-06,3.420174003099747e-06,2.2016126411908467e-07,1.393512298653229e-06,1.033888546108118e-06
4.781281846567282e-08,-4.682272171535291e-06,3.4205160016554667e-06,2.1976081775802e-07,1.3932293730064374e-06,1.02848433373434e-06
4.8294809148969907e-08,-4.682273653636481e-06,3.420851177711029e-06,2.1936771592578918e-07,1.3929393667663021e-06,1.0231648525678445e-06
4.8606379466922145e-08,-4.682275284275023e-06,3.421179667267995e-06,2.1898183638573222e-07,1.392642814061879e-06,1.017929202542724e-06
4.875900109426175e-08,-4.682277055593166e-06,3.4215016037370146e-06,2.1860305956569388e-07,1.3923402297239605e-06,1.012776484939528e-06
4.876370699094417e-08,-4.682278959900612e-06,3.421817118140319e-06,2.1823126633757217e-07,1.3920321064409518e-06,1.0077058024268919e-06
4.863110091667943e-08,-4.682280989446544e-06,3.422126338599059e-06,2.1786634079288085e-07,1.3917189180365873e-06,1.0027162588117265e-06
4.837136679079467e-08,-4.682283137152311e-06,3.42242939067054e-06,2.1750816835537311e-07,1.3914011202626105e-06,9.978069594833044e-07
4.7994278042034416e-08,-4.68228539569663e-06,3.4227263971132104e-06,2.1715663567001594e-07,1.3910791488538e-06,9.92977011857342e-07
4.75092069069903e-08,-4.682287759010104e-06,3.4230174788291124e-06,2.1681163182424136e-07,1.3907534233876474e-06,9.882255242102577e-07
4.692513358167187e-08,-4.682290220346215e-06,3.423302754138539e-06,2.1647304679363336e-07,1.390424345455323e-06,9.835516074832817e-07
4.6250655326369075e-08,-4.682292773865129e-06,3.423582338821856e-06,2.161407725521517e-07,1.3900923012000037e-06,9.789543734228232e-07
4.549399553446486e-08,-4.682295412883786e-06,3.423856346136437e-06,2.1581470340520138e-07,1.3897576597355065e-06,9.74432937133975e-07
4.4663012662936767e-08,-4.682298132466896e-06,3.4241248868530196e-06,2.1549473376918508e-07,1.3894207758092621e-06,9.699864139996458e-07
4.376520910043527e-08,-4.682300926655349e-06,3.424388070685744e-06,2.1518076083604312e-07,1.3890819883159152e-06,9.656139228863145e-07
4.280773999649646e-08,-4.682303790110725e-06,3.424646004060774e-06,2.148726826858741e-07,1.3887416233488296e-06,9.613145842566503e-07
4.179742196107354e-08,-4.682306717464499e-06,3.424898791760221e-06,2.1457039917511346e-07,1.3883999923397465e-06,9.570875210576836e-07
4.0740741688753625e-08,-4.682309704446416e-06,3.425146536209416e-06,2.1427381182551186e-07,1.3880573934594792e-06,9.529318582350755e-07
3.9643864519233404e-08,-4.682312745772319e-06,3.4253893379034593e-06,2.1398282293596083e-07,1.3877141125242876e-06,9.488467238155835e-07
3.8512642926135654e-08,-4.682315836665634e-06,3.425627295672333e-06,2.1369733769191354e-07,1.3873704227619683e-06,9.448312477413138e-07
3.73526248440831e-08,-4.682318973670917e-06,3.4258605057267914e-06,2.1341726072369905e-07,1.3870265863712794e-06,9.40884563007704e-07
3.616906202610739e-08,-4.682322151331308e-06,3.4260890625781542e-06,2.1314249921513951e-07,1.3866828518187073e-06,9.370058050806413e-07
3.496691822435223e-08,-4.682325366624887e-06,3.426313058850753e-06,2.1287296134925074e-07,1.386339459015483e-06,9.331941126458624e-07
3.375087729788602e-08,-4.682328614825107e-06,3.426532585390248e-06,2.1260855730743323e-07,1.3859966358234536e-06,9.294486269983205e-07
3.2525351285682426e-08,-4.682331892282211e-06,3.426747731277253e-06,2.1234919793720955e-07,1.3856545994799565e-06,9.257684923752507e-07
3.1294488288337505e-08,-4.68233519581291e-06,3.4269585840052153e-06,2.1209479597347211e-07,1.3853135577890142e-06,9.221528563031066e-07
3.006218040053307e-08,-4.682338521177172e-06,3.427165228861344e-06,2.1184526437314785e-07,1.3849737094868736e-06,9.186008695420456e-07
2.8832071375263683e-08,-4.682341865426302e-06,3.427367749610566e-06,2.1160051897973243e-07,1.3846352426946183e-06,9.151116859887746e-07
2.7607564337974763e-08,-4.682345225364857e-06,3.4275662281972468e-06,2.1136047497058017e-07,1.3842983370416275e-06,9.116844631622736e-07
2.6391829378269278e-08,-4.682348597804661e-06,3.4277607451315377e-06,2.111250501875716e-07,1.3839631630248523e-06,9.08318361815205e-07
2.518781095759706e-08,-4.682351979379665e-06,3.427951379321445e-06,2.1089416347178392e-07,1.3836298840319452e-06,9.05012546613924e-07
2.3998235340514557e-08,-4.682355367299635e-06,3.428138207751691e-06,2.1066773421939623e-07,1.3832986540087701e-06,9.017661855556071e-07
2.28256178463137e-08,-4.6823587587968115e-06,3.4283213067872285e-06,2.1044568349191824e-07,1.3829696193571251e-06,8.985784506621327e-07
2.1672270002244565e-08,-4.682362151248785e-06,3.428500750175254e-06,2.102279336831212e-07,1.382642918497488e-06,8.954485179106885e-07
2.05403066738254e-08,-4.682365541714639e-06,3.428676611034167e-06,2.1001440796392848e-07,1.382318682734947e-06,8.923755670256016e-07
1.9431652982174258e-08,-4.682368928227048e-06,3.4288489602348143e-06,2.0980503105957307e-07,1.3819970366948727e-06,8.893587820611972e-07
1.8348051216913567e-08,-4.6823723076103074e-06,3.429017867863497e-06,2.095997281393728e-07,1.3816780973897723e-06,8.863973511519973e-07
1.7291067553702338e-08,-4.682375678002925e-06,3.4291834026299298e-06,2.0939842581593407e-07,1.3813619755615954e-06,8.834904667070012e-07
1.626209874921724e-08,-4.682379037457963e-06,3.4293456313198138e-06,2.09201052256174e-07,1.3810487756900623e-06,8.806373255900934e-07
1.5262378681091327e-08,-4.682382383444082e-06,3.4295046199698386e-06,2.090075364041625e-07,1.38073859454175e-06,8.778371293143283e-07
1.4292984759757747e-08,-4.6823857140079815e-06,3.429660432864841e-06,2.088178076480604e-07,1.3804315247032224e-06,8.750890835145713e-07
1.3480670120414358e-08,-4.682389033560556e-06,4.404808945567683e-06,1.8951830968136913e-07,9.848012763710759e-07,8.723948631170802e-07
1.267303088255647e-08,-4.6823923314423745e-06,5.3152570056835915e-06,1.7149080527835508e-07,6.154080640691246e-07,8.697508898474923e-07
1.1874416299087581e-08,-4.682395605801587e-06,6.163321424901729e-06,1.5468980564772673e-07,2.7131240659467547e-07,8.671564164912617e-07
1.1088687665964918e-08,-4.6823988540925186e-06,6.951276599456908e-06,1.3907065601043556e-07,-4.840796912863716e-08,8.646106983306856e-07
1.0319248551816484e-08,-4.682402074139837e-06,7.681355363857227e-06,1.2458951725142267e-07,-3.446584743584245e-07,8.621129940184403e-07
9.569073813752058e-09,-4.682405264417678e-06,8.35574982389296e-06,1.11203349865361e-07,-6.183279971566203e-07,8.596625643140765e-07
8.840737406600018e-09,-4.682408423131976e-06,8.976612169693306e-06,9.886989753364363e-08,-8.7028923255006e-07,8.572586744566234e-07
8.136438885238347e-09,-4.682411548271523e-06,9.546055475632504e-06,8.754767277675981e-08,-1.1013990079046795e-06,8.549005921657984e-07
7.458028925049743e-09,-4.682414638553131e-06,1.0066154483594563e-05,7.719594024280653e-08,-1.3124986007891928e-06,8.525875894458323e-07
6.807033554016612e-09,-4.6824176921491825e-06,1.0538946371731352e-05,6.777470296272411e-08,-1.5044140507552848e-06,8.503189420440297e-07
6.184677350352096e-09,-4.682420707854515e-06,1.0966431502800227e-05,5.92446853564978e-08,-1.6779564644996e-06,8.480939303388224e-07
5.5919056152584385e-09,-4.682423684132354e-06,1.1350574163833008e-05,5.156732120736235e-08,-1.8339223151862467e-06,8.45911838284985e-07
5.029405435546937e-09,-4.682426620170647e-06,1.16933032862684e-05,4.47047380566598e-08,-1.973093735656086e-06,8.437719553010047e-07
4.497625793777554e-09,-4.6824295148626924e-06,1.1996513152165166e-05,3.861974368275757e-08,-2.096238805199057e-06,8.416735747980684e-07
3.996796647651479e-09,-4.682432366760812e-06,1.2262064089525118e-05,3.3275813110946244e-08,-2.20411183178302e-06,8.396159960119987e-07
3.5269471402077904e-09,-4.682435175260847e-06,1.2491783149726783e-05,2.863707404607553e-08,-2.2974536272068175e-06,8.375985227543588e-07
3.0879227736840796e-09,-4.682437939105825e-06,1.2687464772029237e-05,2.46682946148266e-08,-2.376991777396086e-06,8.356204647170893e-07
2.6794017488852246e-09,-4.682440658013369e-06,1.2850871436301724e-05,2.133487075415466e-08,-2.4434409068822476e-06,8.336811367926415e-07
2.3009104593166864e-09,-4.6824433306670305e-06,1.2983734302157801e-05,1.860281335794768e-08,-2.4975029389374284e-06,8.317798602259977e-07
1.9518380192166563e-09,-4.682445957002059e-06,1.3087753834495847e-05,1.643873529391169e-08,-2.5398673491908476e-06,8.299159616156418e-07
1.631450108446449e-09,-4.682448535908012e-06,1.3164600413907467e-05,1.4809841178198926e-08,-2.5712114139396533e-06,8.280887741211028e-07
1.3389018395487634e-09,-4.682451067750289e-06,1.3215914941858015e-05,1.3683913136279279e-08,-2.592200455553506e-06,8.262976373243637e-07
1.0732500399306156e-09,-4.682453551262872e-06,1.324330942687778e-05,1.3029302098870142e-08,-2.6034880807674903e-06,8.245418972022842e-07
8.334645729078573e-10,-4.68245598649653e-06,1.3248367561390359e-05,1.2814914308642507e-08,-2.6057164143756726e-06,8.228209064043414e-07
6.184390421062788e-10,-4.682458373144977e-06,1.3232645287678312e-05,1.3010200365939096e-08,-2.5995163299354154e-06,8.211340245997537e-07
4.2700072225192625e-10,-4.682460710869114e-06,1.319767135045954e-05,1.3585145593034248e-08,-2.585507673392811e-06,8.194806185609164e-07
2.5791980558022536e-10,-4.6824629997430095e-06,1.314494784216624e-05,1.4510258386936112e-08,-2.5642994843694656e-06,8.178600623578612e-07
1.0991792688086072e-10,-4.682465239632883e-06,1.3075950731575468e-05,1.5756559892112234e-08,-2.5364902113118355e-06,8.162717371224901e-07
-1.8323929670284003e-11,-4.682467430735026e-06,1.299213038565944e-05,1.729557466069135e-08,-2.502667923175508e-06,8.147150320340487e-07
-1.2815823474662467e-10,-4.6824695728567906e-06,1.2894912082225212e-05,1.909931897008804e-08,-2.4634105170941066e-06,8.131893438751791e-07
-2.2096429361591343e-10,-4.6824716661802325e-06,1.2785696506597808e-05,2.1140292682844918e-08,-2.419285920327542e-06,8.116940771291936e-07
-2.9814228559245577e-10,-4.6824737113132435e-06,1.2665860246083023e-05,2.3391468765023715e-08,-2.3708522909144127e-06,8.102286444936739e-07
-3.6110788339465036e-10,-4.682475708127627e-06,1.2536756266546823e-05,2.582628401645158e-08,-2.318658210710377e-06,8.087924670748725e-07
-4.112874849007542e-10,-4.682477657308805e-06,1.2399714383778535e-05,2.8418629236917616e-08,-2.2632428774931928e-06,8.073849740269897e-07
-4.50113959351167e-10,-4.682479558463479e-06,1.225604172725429e-05,3.1142842603594235e-08,-2.205136292170794e-06,8.060056033849264e-07
-4.790230622341867e-10,-4.682481412838798e-06,1.2107023187947647e-05,3.3973696601213775e-08,-2.1448594407687534e-06,8.046538013149737e-07
-4.994502235747178e-10,-4.682483220509766e-06,1.1953921864725262e-05,3.688639327136619e-08,-2.0829244760487928e-06,8.033290235304069e-07
-5.128280789312933e-10,-4.682484982241384e-06,1.1797979495896205e-05,3.9856553570535576e-08,-2.019834891655339e-06,8.020307342368398e-07
-5.205842980626613e-10,-4.682486698297537e-06,1.1640416885800458e-05,4.2860209941057355e-08,-1.9560856959007404e-06,8.007584067984077e-07
-5.241400898385506e-10,-4.682488369685767e-06,1.1482434320528285e-05,4.587379732145396e-08,-1.892163579878881e-06,7.995115238488331e-07
-5.233657155493801e-10,-4.668747019215424e-06,1.1324823031192608e-05,4.88817651476818e-08,-1.8283893872807926e-06,7.982895778607953e-07
-5.225664787667151e-10,-4.667058492273952e-06,1.116948120644706e-05,5.184687938678316e-08,-1.765532771133579e-06,7.970920698747662e-07
-5.217756091630906e-10,-4.667368694835561e-06,1.1017061629930402e-05,5.4756305912291627e-08,-1.7038584496728576e-06,7.959185113665452e-07
-5.209953227455916e-10,-4.667672682899355e-06,1.0866745113342072e-05,5.7626071122939185e-08,-1.643034336743203e-06,7.947684230368455e-07
-5.202010658892232e-10,-4.667970580405157e-06,1.0714009875559503e-05,6.054475317935849e-08,-1.5812271453975036e-06,7.93641324174963e-07
-5.193642696552146e-10,-4.668262508842572e-06,1.0553596172328002e-05,6.361525002340958e-08,-1.5163043817609391e-06,7.925366907103385e-07
-5.184573902496375e-10,-4.668548587558873e-06,1.0380428802134429e-05,6.69365552237265e-08,-1.4462083660655668e-06,7.914539069325271e-07
-5.17453814673591e-10,-4.6688289332064235e-06,1.018961320992522e-05,7.060370876607807e-08,-1.368954646284123e-06,7.903922187231724e-07
-5.163279144396688e-10,-4.669103659550965e-06,9.976431725459584e-06,7.470774742184171e-08,-1.2826304656316059e-06,7.893506930884982e-07
-5.150549978825215e-10,-4.669372878113883e-06,9.736339937702129e-06,7.93356705827758e-08,-1.1853932822190007e-06,7.883281773170613e-07
-5.136112747550746e-10,-4.66963669769221e-06,9.464963192598457e-06,8.457040447587047e-08,-1.075469338478886e-06,7.873232647988469e-07
-5.119738710828936e-10,-4.669895225373995e-06,9.158093211629907e-06,9.049078053384709e-08,-9.511522781087975e-07,7.863342617463858e-07
-5.101207900375162e-10,-4.670148565401077e-06,8.811684826110881e-06,9.717151327605776e-08,-8.108018083612595e-07,7.853591575102193e-07
-5.080308969049371e-10,-4.67039681977897e-06,8.421852820293129e-06,1.046831870346683e-07,-6.528424057306384e-07,7.843955988633907e-07
-5.056839140270973e-10,-4.670640088995923e-06,7.984868877937386e-06,1.1309224898096874e-07,-4.757620628849013e-07,7.834408648271549e-07
-5.030603891788423e-10,-4.670878470062752e-06,7.497158629740453e-06,1.2246100679424537e-07,-2.78111075331559e-07,7.824918467008474e-07
-5.001417037998529e-10,-4.671112059261108e-06,6.9552987940882225e-06,1.3284763053631485e-07,-5.8500865514451657e-08,7.81545029188089e-07
-4.969100403856092e-10,-4.671340950066133e-06,6.356014408860203e-06,1.4430616140290975e-07,1.8439715697438778e-07,7.805964736601517e-07
-4.933483597086732e-10,-4.671565233996639e-06,5.696176146165036e-06,1.5688652413843413e-07,4.5185270156177397e-07,7.79641806026744e-07
-4.894404114209918e-10,-4.671785000631216e-06,4.972797709904861e-06,1.7063454445201623e-07,7.450776698796743e-07,7.786762042459593e-07
-4.85170720080268e-10,-4.672000338152838e-06,4.183033311580486e-06,1.855919724393035e-07,1.0652271983885228e-06,7.776943903583717e-07
-4.805245411856456e-10,-4.672211331895317e-06,3.3241752136067886e-06,2.0179650712980433e-07,1.4134006716618723e-06,7.766906227570484e-07
-4.754878643993251e-10,-4.672418066242636e-06,2.3936513467480537e-06,2.1928182771530778e-07,1.7906427078838743e-06,7.75658693009463e-07
-4.724433231858363e-10,-4.67262062311727e-06,2.4145236822490904e-06,2.179740503551961e-07,1.7821046934768173e-06,7.745918745733933e-07
-4.690975611372188e-10,-4.672819083587987e-06,2.434978568648069e-06,2.1651274125812695e-07,1.7737392837489761e-06,7.734830600763141e-07
-4.654392054884819e-10,-4.6730135252752466e-06,2.45502435496902e-06,2.148768656907768e-07,1.7655432738691905e-06,7.723246294961524e-07
-4.6145713955106453e-10,-4.673204024710834e-06,2.4746692232802036e-06,2.1304401845890797e-07,1.7575135417897178e-06,7.711084965342524e-07
-4.571405296121335e-10,-4.673390656574093e-06,2.493921191462272e-06,2.1099042890340117e-07,1.7496470450692528e-06,7.698261130562559e-07
-4.5247877109770887e-10,-4.673573493318851e-06,2.5127881181342143e-06,2.0869097455603947e-07,1.7419408215886267e-06,7.684684759060635e-07
-4.474615738942764e-10,-4.673752607040945e-06,2.531277703471422e-06,2.0611919612755114e-07,1.7343919847503429e-06,7.670261344414388e-07
-4.420788853946785e-10,-4.673928067232784e-06,2.5493974946934855e-06,2.0324731849087233e-07,1.7269977242331847e-06,7.65489200900669e-07
-4.3632092401571534e-10,-4.674099942064056e-06,2.5671548877905254e-06,2.000462694439556e-07,1.7197553026771381e-06,7.63847360921881e-07
-4.3017820001889193e-10,-4.674268298732835e-06,2.584557129997973e-06,1.964857116842424e-07,1.7126620559114513e-06,7.620898863244118e-07
-4.2364147021676473e-10,-4.6744332020058585e-06,2.601611324575092e-06,1.9253406834384e-07,1.705715389222015e-06,7.60205649014292e-07
-4.167017979353939e-10,-4.6745947163310594e-06,2.618324432745685e-06,1.881585562962624e-07,1.6989127762306074e-06,7.581831354448222e-07
-4.093504865666001e-10,-4.674752904151923e-06,2.6347032765397806e-06,1.8332522201668845e-07,1.6922517577085237e-06,7.56010463589024e-07
-4.0157914996364155e-10,-4.674907826294091e-06,2.6507545406073073e-06,1.7799897833039725e-07,1.6857299386303918e-06,7.536754004394449e-07
-3.933796740628929e-10,-4.675059542870254e-06,2.66648477677076e-06,1.7214364571312328e-07,1.6793449879146488e-06,7.511653797716296e-07
-3.8474421344217335e-10,-4.67520811223675e-06,2.681900405473269e-06,1.6572199392447734e-07,1.6730946360421256e-06,7.484675221280374e-07
-3.7566521652855894e-10,-4.675353591741261e-06,2.6970077188508548e-06,1.5869578774919466e-07,1.6669766720253783e-06,7.455686554542058e-07
-3.6613540785345443e-10,-4.675496037374968e-06,2.711812883480117e-06,1.5102583218327463e-07,1.6609889431185798e-06,7.424553359430817e-07
-3.5614781034456593e-10,-4.675635503772454e-06,2.7263219418107883e-06,1.4267202250509985e-07,1.6551293517993686e-06,7.391138704475318e-07
-3.4569571896607326e-10,-4.6757720445540925e-06,2.7405408165084714e-06,1.335933927922498e-07,1.6493958549254534e-06,7.355303394479679e-07
-3.3477272230977534e-10,-4.675905712377831e-06,2.754475310725898e-06,1.2374816854613477e-07,1.6437864614509866e-06,7.316906205195628e-07
-3.2337269742203943e-10,-4.676036558203161e-06,2.7681311123957562e-06,1.130938195386793e-07,1.6382992307725015e-06,7.275804125488658e-07
-3.1148979980029365e-10,-4.676164632875087e-06,2.781513795176324e-06,1.015871144353613e-07,1.6329322703624605e-06,7.231852606581835e-07
-2.9911848697284336e-10,-4.676289984779907e-06,2.7946288217477494e-06,8.918417541825179e-08,1.6276837334081274e-06,7.184905815740453e-07
-2.862535170679447e-10,-4.67641266205138e-06,2.8074815450053593e-06,7.584053558461584e-08,1.6225518182662954e-06,7.134816895230228e-07
-2.728899202943179e-10,-4.676532712307052e-06,2.820077210592009e-06,6.151119634551059e-08,1.6175347668622693e-06,7.081438216557032e-07
-2.5902301947493347e-10,-4.676650181150455e-06,2.832420960616267e-06,4.6150684158251926e-08,1.6126308606226162e-06,7.024621659547858e-07
-2.446484404679102e-10,-4.676765113650024e-06,2.8445178324018425e-06,2.971311158874866e-08,1.607838421052022e-06,6.964218867284362e-07
-2.2976208389690603e-10,-4.6768775537249055e-06,2.85637276404843e-06,1.2152234043972948e-08,1.603155807100153e-06,6.900081527820624e-07
-2.1436017080896295e-10,-4.676987544894383e-06,2.8679905939999596e-06,-6.578487500374384e-09,1.5985814122507757e-06,6.832061637165767e-07
-1.9843919624876613e-10,-4.677095129379976e-06,2.879376064246681e-06,-2.6525829545349018e-08,1.5941136639808062e-06,6.760011778642475e-07
-1.8199594338565154e-10,-4.677200348258883e-06,2.8905338224319417e-06,-4.773674245291323e-08,1.5897510224278056e-06,6.683785397249371e-07
-1.6502750818135096e-10,-4.677303241787578e-06,2.901468422594224e-06,-7.025829260325184e-08,1.5854919765684426e-06,6.603237069027534e-07
-1.4753126202362805e-10,-4.6774038504554146e-06,2.912184327829621e-06,-9.413760055527377e-08,1.5813350453766611e-06,6.518222782361798e-07
-1.2950487361904523e-10,-4.6775022120723956e-06,2.9226859123071106e-06,-1.1942178031735073e-07,1.5772787731947906e-06,6.428600203600184e-07
-1.1094630791418834e-10,-4.677598365288836e-06,2.9329774619604426e-06,-1.4615787972826814e-07,1.5733217294337687e-06,6.334228958771612e-07
-9.185380720230195e-11,-4.677692347087505e-06,2.943063177951168e-06,-1.7439281961693764e-07,1.5694625073887386e-06,6.234970891433751e-07
-7.22259222119921e-11,-4.677784193829567e-06,2.9529471764999563e-06,-2.0417333451641956e-07,1.5656997228543023e-06,6.130690338562069e-07
-5.2061476415633576e-11,-4.677873941497873e-06,2.9626334922436517e-06,-2.3554591282283886e-07,1.5620320099496114e-06,6.021254394920268e-07
-3.135961056551898e-11,-4.677961624784021e-06,2.9721260783985525e-06,-2.685567375094082e-07,1.5584580230578702e-06,5.906533169381661e-07
-1.0119703133850671e-11,-4.678047278042417e-06,2.9814288100459067e-06,-3.032516273955684e-07,1.5549764316327858e-06,5.786400048883292e-07
-1.0141205916701185e-11,-4.678130929191997e-06,2.9905457679592615e-06,-3.396694124196494e-07,1.5513065026072957e-06,5.660731890369896e-07
-1.016228866705142e-11,-4.678212902807908e-06,2.9994803834136442e-06,-3.778613767357651e-07,1.5477181468212637e-06,5.529409446793452e-07
-1.0182940901959853e-11,-4.67829323223535e-06,3.008236303652152e-06,-4.178718987580238e-07,1.5442099328879264e-06,5.392317435022233e-07
-1.0203180990518144e-11,-4.678371950258962e-06,3.016817102754643e-06,-4.5974476637202544e-07,1.5407804530632148e-06,5.249344830171104e-07
-1.0223023651714717e-11,-4.67844908957662e-06,3.025226282590586e-06,-5.03523120868539e-07,1.5374283238573657e-06,5.100385101245071e-07
-1.0242469075674887e-11,-4.67852468094144e-06,3.03346727604354e-06,-5.492494035417194e-07,1.5341521830770753e-06,4.94533644039906e-07
-1.0261525879226201e-11,-4.67859875596905e-06,3.0415434462592915e-06,-5.969653025093688e-07,1.5309506910728078e-06,4.784101977626069e-07
-1.0280192954476603e-11,-4.678671344702165e-06,3.0494580901826804e-06,-6.467117001993345e-07,1.5278225285880367e-06,4.61658999641674e-07
-1.0298490779519028e-11,-4.678742477303134e-06,3.057214438113689e-06,-6.985286235004451e-07,1.524766395878054e-06,4.442714142480132e-07
-1.0316432663966168e-11,-4.6788121820739455e-06,3.064815656036096e-06,-7.52455192248108e-07,1.5217810141201242e-06,4.262393623166323e-07
-1.0334012414368875e-11,-4.678880488303821e-06,3.072264846466787e-06,-8.085295711516106e-07,1.5188651218923244e-06,4.0755533930113023e-07
-1.0351234316207748e-11,-4.678947423942588e-06,3.079565050394376e-06,-8.667889226095939e-07,1.516017475001876e-06,3.8821243410860047e-07
-1.0368118128286842e-11,-4.679013016173122e-06,3.086719246896771e-06,-9.272693591924614e-07,1.5132368482124522e-06,3.682043464467541e-07
-1.0384663676873556e-11,-4.679077291809951e-06,3.0937303564987988e-06,-9.90005899455463e-07,1.5105220315233062e-06,3.475254036020614e-07
-1.0400883385650992e-11,-4.679140277182273e-06,3.1006012409497305e-06,-1.0550324233076903e-06,1.5078718311649988e-06,3.2617057607991485e-07
-1.0416771095236551e-11,-4.679201998007943e-06,3.1073347044174957e-06,-1.1223816303786744e-06,1.5052850693097955e-06,3.0413549242600847e-07
-1.0432347114516502e-11,-4.679262479921796e-06,3.1139334957231442e-06,-1.1920849974968118e-06,1.502760581400119e-06,2.8141645317341505e-07
-1.044760972945205e-11,-4.679321747700683e-06,3.1204003077195373e-06,-1.2641727400535682e-06,1.500297218393371e-06,2.5801044362393806e-07
-1.0462570109415484e-11,-4.679379825175616e-06,3.126737780556958e-06,-1.3386737725905293e-06,1.4978938449072932e-06,2.339151465045619e-07
-1.0477219325228036e-11,-4.679436736512838e-06,3.132948500733296e-06,-1.4156156729391736e-06,1.4955493373781346e-06,2.0912895254224154e-07
-1.0491586472954993e-11,-4.6794925051017795e-06,3.1390350032420184e-06,-1.4950246452504145e-06,1.4932625867107182e-06,1.8365097052521313e-07
-1.0505667771265965e-11,-4.679547153266122e-06,3.1449997726571044e-06,-1.57692548713198e-06,1.4910324948262221e-06,1.5748103687858932e-07
-1.0519466812940406e-11,-4.679600703910028e-06,3.150845243662678e-06,-1.6613415555645432e-06,1.4888579755910521e-06,1.3061972296399707e-07
-1.0532985466977721e-11,-4.679653178963846e-06,3.1565738020150882e-06,-1.748294737591817e-06,1.486737953733229e-06,1.0306834296209163e-07
-1.0546237494544362e-11,-4.6797046000074395e-06,3.162187786260859e-06,-1.8378054186791766e-06,1.4846713662188206e-06,7.482895977054166e-08
-1.0559222607493317e-11,-4.679754987739346e-06,3.167689487565965e-06,-1.9298924570675026e-06,1.4826571594518795e-06,4.5904389611395866e-08
-1.0571951417709314e-11,-4.679804362883609e-06,3.1730811517924595e-06,-2.024573154574296e-06,1.480694290779914e-06,1.6298206666194537e-08
-1.0584423872679945e-11,-4.679852746039823e-06,3.178364979312285e-06,-2.121863233278991e-06,1.4787817275367873e-06,-1.3985254481593063e-08
-1.0596647306472418e-11,-4.6799001570602794e-06,3.183543127196132e-06,-2.221776810875999e-06,1.476918445486712e-06,-4.494089658454784e-08
-1.0608633472128521e-11,-4.679946614719116e-06,3.1886177090627122e-06,-2.3243263805796584e-06,1.475103431978788e-06,-7.656285827418194e-08
-1.0620365845080446e-11,-4.679992138959795e-06,3.1935907958001547e-06,-2.4295227879205837e-06,1.4733356817297798e-06,-1.0884451549040143e-07
-1.0631872181952431e-11,-4.68003674803503e-06,3.1984644179021692e-06,-2.5373752145364058e-06,1.4716141983298192e-06,-1.4177848103745861e-07
-1.0643148303529326e-11,-4.680080460043062e-06,3.2032405641910663e-06,-2.647891159409001e-06,1.4699379955445407e-06,-1.7535660765098575e-07
-1.0654194800191909e-11,-4.680123293332769e-06,3.2079211846151047e-06,-2.761076423432403e-06,1.4683060946776351e-06,-2.0956999088461075e-07
-1.0665028760610431e-11,-4.68016526527244e-06,3.2125081894490305e-06,-2.8769350950909344e-06,1.466717525809255e-06,-2.4440897292638276e-07
-1.0675642077684191e-11,-4.680206392593116e-06,3.2170034508131913e-06,-2.995469538135736e-06,1.4651713273877372e-06,-2.798631482054287e-07
-1.0686045652554921e-11,-4.68024669312941e-06,3.2214088035999446e-06,-3.1166803804825552e-06,1.463666545106028e-06,-3.159213691651351e-07
-1.0696236546118626e-11,-4.6802861827566765e-06,3.2257260462682025e-06,-3.2405665041087277e-06,1.462202233739522e-06,-3.525717528967594e-07
-1.0706222176831021e-11,-4.680324878055629e-06,3.2299569409205707e-06,-3.3671250371706123e-06,1.4607774550516346e-06,-3.898016896881618e-07
-1.071601729561756e-11,-4.680362794897895e-06,3.2341032143943846e-06,-3.496351347675339e-06,1.4593912796866462e-06,-4.275978519749954e-07
-1.072560681331845e-11,-4.680399948389835e-06,3.23816655907672e-06,-3.6282390381517614e-06,1.4580427848456e-06,-4.6594620352781413e-07
-1.0735015530627385e-11,-4.680436354579904e-06,3.2421486337772404e-06,-3.762779942652875e-06,1.4567310572622038e-06,-5.048320108318632e-07
-1.0744222938375033e-11,-4.68047202754735e-06,3.2460510633751333e-06,-3.899964123092109e-06,1.4554551901041712e-06,-5.442398541615675e-07
-1.075326234232175e-11,-4.680506982594977e-06,3.2498754412772167e-06,-4.039779870353583e-06,1.45421428456317e-06,-5.841536403480874e-07
-1.0762105154544234e-11,-4.680541233702497e-06,3.253623328503332e-06,-4.1822137040700735e-06,1.453007450939855e-06,-6.245566159354678e-07
-1.077077912485592e-11,-4.6805747952973245e-06,3.2572962548422183e-06,-4.327250375065563e-06,1.451833805463458e-06,-6.654313813220945e-07
-1.0779280650414487e-11,-4.680607680780521e-06,3.260895719270123e-06,-4.474872868907966e-06,1.450692473225329e-06,-7.067599056376766e-07
-1.078760266083118e-11,-4.680639903983189e-06,3.2644231911598906e-06,-4.6250624109051765e-06,1.4495825876796913e-06,-7.485235425777891e-07
-1.0795770972199197e-11,-4.680671477961127e-06,3.267880110541624e-06,-4.777798472322352e-06,1.4485032898128138e-06,-7.907030463078045e-07
-1.0803772816101128e-11,-4.680702415997116e-06,3.271267888041259e-06,-4.933058778597607e-06,1.4474537290128633e-06,-8.332785891154182e-07
-1.0811612433828189e-11,-4.680732730361296e-06,3.27458790677004e-06,-5.090819317557695e-06,1.446433062604155e-06,-8.762297791880777e-07
-1.0819296479735864e-11,-4.680762433759351e-06,3.277841521926337e-06,-5.251054350409269e-06,1.4454404568882785e-06,-9.195356785153008e-07
-1.0826827263375007e-11,-4.68079153852693e-06,3.28103006162071e-06,-5.413736422952171e-06,1.444475085075095e-06,-9.631748228726643e-07
-1.083420004115464e-11,-4.680820056417551e-06,3.2841548271523765e-06,-5.578836378902155e-06,1.4435361309330631e-06,-1.0071252407649548e-06
-1.0841433939927732e-11,-4.680847999463917e-06,3.287217093914203e-06,-5.7463233727695184e-06,1.4426227867874016e-06,-1.0513644745620067e-06
-1.0848527011986336e-11,-4.680875378701562e-06,3.2902181119245297e-06,-5.91616488706761e-06,1.4417342520922593e-06,-1.0958696005659461e-06
-1.0855469161761011e-11,-4.6809022058238045e-06,3.2931591063531515e-06,-6.0883267470788464e-06,1.4408697365151576e-06,-1.1406172507298915e-06
-1.0862274068991228e-11,-4.680928491808593e-06,3.2960412776502282e-06,-6.262773139062414e-06,1.440028459607247e-06,-1.185583634640328e-06
-1.0868944461246907e-11,-4.680954247200341e-06,3.2988658024166256e-06,-6.439466629794246e-06,1.4392096496882501e-06,-1.2307445621656123e-06
-1.0875484054054191e-11,-4.680979483030716e-06,3.30163383340937e-06,-6.618368184885765e-06,1.4384125437088951e-06,-1.2760754652301765e-06
-1.0881887820033308e-11,-4.681004209616818e-06,3.3043465003634597e-06,-6.799437191321447e-06,1.43763638897297e-06,-1.3215514221283614e-06
-1.0888167839549577e-11,-4.681028436378638e-06,3.307004910708845e-06,-6.982631477664951e-06,1.4368804439667645e-06,-1.3671471804921107e-06
-1.0894319285870554e-11,-4.681052174477367e-06,3.3096101496232213e-06,-7.167907339372247e-06,1.4361439751189673e-06,-1.412837181285597e-06
-1.0900350571347053e-11,-4.6810754328244915e-06,3.312163280147147e-06,-7.355219560663068e-06,1.4354262608200378e-06,-1.4585955829941678e-06
-1.0906260007774476e-11,-4.6810982216486775e-06,3.3146653450464278e-06,-7.544521439834055e-06,1.434726588746574e-06,-1.504396286493271e-06
-1.0912047571083579e-11,-4.681120549671081e-06,3.3171173651410943e-06,-7.735764816681322e-06,1.4340442572742897e-06,-1.5502129591263611e-06
-1.091772262159331e-11,-4.68114242636704e-06,3.319520341773877e-06,-7.928900097813592e-06,1.4333785767061465e-06,-1.5960190602399627e-06
-1.0923288196037618e-11,-4.681163861000054e-06,3.3218752553079177e-06,-8.123876284407844e-06,1.4327288664799161e-06,-1.6417878660942368e-06
-1.0928736915603317e-11,-4.681184862308097e-06,3.324183067292433e-06,-8.320641001519242e-06,1.4320944596658561e-06,-1.6874924950094664e-06
-1.0934079678536578e-11,-4.681205439243214e-06,3.3264447195066796e-06,-8.519140526502914e-06,1.4314746978750183e-06,-1.7331059333313256e-06
-1.093931120822717e-11,-4.681225599426015e-06,3.328661135656258e-06,-8.719319819989232e-06,1.430868936853482e-06,-1.7786010604108343e-06
-1.0944444325573823e-11,-4.6812453520710774e-06,3.330833219980484e-06,-8.921122556081936e-06,1.4302765426681908e-06,-1.8239506743614483e-06
-1.0949469747979779e-11,-4.681264704665285e-06,3.3329618595707307e-06,-9.124491154110575e-06,1.4296968928851558e-06,-1.8691275175941271e-06
-1.095439844527406e-11,-4.681283665573725e-06,3.335047922950869e-06,-9.329366811493157e-06,1.4291293779279713e-06,-1.9141043027409566e-06
-1.095922945630692e-11,-4.6813022426801444e-06,3.337092261484334e-06,-9.535689535932693e-06,1.428573400438269e-06,-1.958853738315105e-06
-1.0963959571173377e-11,-4.681320443480519e-06,3.3390957099009783e-06,-9.743398179723129e-06,1.428028375077782e-06,-2.0033485534132087e-06
-1.0968601361366142e-11,-4.681338275830066e-06,3.3410590863564794e-06,-9.952430473611222e-06,1.427493730281797e-06,-2.047561524471662e-06
-1.0973145123945633e-11,-4.681355746822427e-06,3.3429831915470902e-06,-1.0162723060991457e-05,1.4269689053045194e-06,-2.0914654994138926e-06
-1.0977596866883719e-11,-4.681372863510196e-06,3.3448688117000604e-06,-1.0374211534876546e-05,1.4264533523755024e-06,-2.1350334235323485e-06
-1.098196274708114e-11,-4.68138963337769e-06,3.346716715853692e-06,-1.058683047231438e-05,1.4259465381496966e-06,-2.1782383645794523e-06
-1.0986239241881952e-11,-4.6814060632253026e-06,3.3485276587701617e-06,-1.0800513471580577e-05,1.4254479417798373e-06,-2.221053537567129e-06
-1.0990430674743863e-11,-4.681422159656808e-06,3.3503023794051674e-06,-1.1015193188371796e-05,1.424957055105673e-06,-2.2634523286642673e-06
-1.0994534597496576e-11,-4.681437929398675e-06,3.352041602281493e-06,-1.1230801373997471e-05,1.4244733831641228e-06,-2.3054083210648264e-06
-1.09985662469107e-11,-4.681453379294677e-06,3.3537460373432523e-06,-1.144726891212826e-05,1.4239964450272028e-06,-2.346895317802834e-06
-1.100251103484162e-11,-4.681468515144077e-06,3.3554163801306737e-06,-1.1664525858097962e-05,1.4235257734704967e-06,-2.3878873661355703e-06
-1.1006374678323698e-11,-4.681483343696642e-06,3.357053312848583e-06,-1.188250147554098e-05,1.4230609145923704e-06,-2.428358781316125e-06
-1.1010163751504075e-11,-4.681497871026402e-06,3.358657503739466e-06,-1.2101124277248536e-05,1.4226014277029742e-06,-2.4682841691863487e-06
-1.1013881607196496e-11,-4.681512103399486e-06,3.3602296071180768e-06,-1.232032206258327e-05,1.4221468862230083e-06,-2.5076384492971535e-06
-1.1017518922553645e-11,-4.68152604623115e-06,3.361770265291858e-06,-1.2540021958002416e-05,1.4216968777509986e-06,-2.546396877723508e-06
-1.1021082246899497e-11,-4.681539705639596e-06,3.363280107062023e-06,-1.2760150455693622e-05,1.4212510035030445e-06,-2.584535068311231e-06
-1.1024578996900347e-11,-4.681553087099564e-06,3.3647597485253816e-06,-1.298063345409815e-05,1.4208088776800511e-06,-2.622029014936877e-06
-1.102800517484968e-11,-4.681566196184662e-06,3.3662097937353617e-06,-1.3201396298100973e-05,1.4203701292210938e-06,-2.658855112407585e-06
-1.1031362825428255e-11,-4.681579038519425e-06,3.3676308345757723e-06,-1.342236381822172e-05,1.4199344014925165e-06,-2.6949901771388904e-06
-1.1034650928744736e-11,-4.681591619302865e-06,3.369023451294832e-06,-1.364346037235909e-05,1.4195013510442567e-06,-2.7304114678186577e-06
-1.1037872945387112e-11,-4.681603943791575e-06,3.370388212507437e-06,-1.386460988453771e-05,1.4190706473115246e-06,-2.7650967042530218e-06
-1.1041032633664003e-11,-4.681616016859219e-06,3.371725675092576e-06,-1.40857358879848e-05,1.4186419754024217e-06,-2.7990240874058156e-06
-1.1044130240249403e-11,-4.681627843685444e-06,3.37303638512366e-06,-1.4306761562655767e-05,1.4182150337330113e-06,-2.8321723176338903e-06
-1.1047163906187535e-11,-4.681639429512412e-06,3.374320877400917e-06,-1.4527609778754998e-05,1.4177895347712154e-06,-2.8645206129779407e-06
-1.1050137699786644e-11,-4.681650779192684e-06,3.375579676355146e-06,-1.4748203136037795e-05,1.417365203693378e-06,-2.896048726912106e-06
-1.1053051892642905e-11,-4.681661897290815e-06,3.3768132962090875e-06,-1.4968464005221713e-05,1.416941781111926e-06,-2.926736964775172e-06
-1.1055905623447196e-11,-4.681672787720167e-06,3.378022240040613e-06,-1.5188314567732617e-05,1.4165190190255905e-06,-2.956566200298929e-06
-1.1058704134685042e-11,-4.681683456095126e-06,3.379207001639645e-06,-1.5407676857560092e-05,1.416096684131552e-06,-2.9855178925528306e-06
-1.1061445720746563e-11,-4.68169390635386e-06,3.380368064514831e-06,-1.562647280122553e-05,1.4156745569318147e-06,-3.0135740993637524e-06
-1.1064138262947476e-11,-4.681704143140275e-06,3.381505902872369e-06,-1.5844624259082462e-05,1.415252431152639e-06,-3.040717492886749e-06
-1.1066771891417227e-11,-4.681714170357165e-06,3.382620980901883e-06,-1.6062053065173566e-05,1.4148301127248406e-06,-3.0669313737325636e-06
-1.106934974865078e-11,-4.681723992441642e-06,3.383713754111404e-06,-1.6278681067198785e-05,1.4144074223080881e-06,-3.0921996833465106e-06
-1.1071880606505023e-11,-4.681733613029133e-06,3.3847846684415253e-06,-1.649443016837069e-05,1.4139841921912812e-06,-3.116507017747396e-06
-1.1074357791580063e-11,-4.681743036918193e-06,3.3858341614746607e-06,-1.6709222365495235e-05,1.4135602668010329e-06,-3.139838638712913e-06
-1.1076789738917491e-11,-4.6817522673004786e-06,3.3868626612156026e-06,-1.6922979790827127e-05,1.413135504874997e-06,-3.1621804851177162e-06
-1.107916731422622e-11,-4.681761308735499e-06,3.387870587274176e-06,-1.713562475070565e-05,1.4127097767843757e-06,-3.1835191842298274e-06
-1.1081501901216143e-11,-4.681770164393063e-06,3.3888583516379133e-06,-1.7347079764967606e-05,1.4122829652319377e-06,-3.2038420608699044e-06
-1.1083788629486057e-11,-4.681778838526915e-06,3.389826357119624e-06,-1.7557267606582264e-05,1.4118549654810762e-06,-3.2231371475280385e-06
-1.1086027537474308e-11,-4.681787334441108e-06,3.3907749991999725e-06,-1.776611134128639e-05,1.4114256835785333e-06,-3.2413931917605356e-06
-1.1088222096597441e-11,-4.681795655412478e-06,3.3917046648834876e-06,-1.7973534364665674e-05,1.4109950384615892e-06,-3.2585996652658976e-06
-1.1090379744961782e-11,-4.681803805608535e-06,3.39261573388223e-06,-1.81794604435661e-05,1.4105629595480198e-06,-3.2747467708652427e-06
-1.1092488151978151e-11,-4.681811788023122e-06,3.393508578387438e-06,-1.8383813751287996e-05,1.4101293865262757e-06,-3.2898254482198925e-06
-1.1094554269057428e-11,-4.681819606069485e-06,3.3943835626756264e-06,-1.858651890722105e-05,1.4096942722495306e-06,-3.3038273804232105e-06
-1.1096581241181994e-11,-4.68182726300299e-06,3.395241043682272e-06,-1.8787501014258795e-05,1.4092575794525407e-06,-3.316744998705093e-06
-1.1098566805349719e-11,-4.681834762034869e-06,3.3960813717285113e-06,-1.8986685696102143e-05,1.4088192813817911e-06,-3.3285714873723707e-06
-1.1100506029282346e-11,-4.681842106434862e-06,3.3969048896334666e-06,-1.9183999133230614e-05,1.4083793607951662e-06,-3.3393007867369403e-06
-1.1102416913549194e-11,-4.681849299350592e-06,3.3977119338289184e-06,-1.9379368101649133e-05,1.4079378105614563e-06,-3.3489275967655297e-06
-1.1104280144104423e-11,-4.681856343782063e-06,3.3985028336852964e-06,-1.9572720007082884e-05,1.407494633657139e-06,-3.357447378883732e-06
-1.1106114146588497e-11,-4.681863242803054e-06,3.399277912431233e-06,-1.976398292061548e-05,1.4070498427410503e-06,-3.364856358307389e-06
-1.1107909831897832e-11,-4.68186999885128e-06,3.4000374859619677e-06,-1.9953085615659416e-05,1.4066034592941768e-06,-3.3711515235984233e-06
-1.1109667414436539e-11,-4.681876615250444e-06,3.4007818646645752e-06,-2.0139957602372955e-05,1.406155513055881e-06,-3.3763306288574293e-06
-1.1111388869496758e-11,-4.681883094636131e-06,3.4015113522886477e-06,-2.0324529161299892e-05,1.405706042110477e-06,-3.380392191392146e-06
-1.1113076825466547e-11,-4.681889439992589e-06,3.4022262470133025e-06,-2.050673137889671e-05,1.4052550935422505e-06,-3.383335491745117e-06
-1.1114731983428524e-11,-4.681895653270509e-06,3.402926840400981e-06,-2.0686496179617976e-05,1.4048027225321737e-06,-3.385160571417673e-06
-1.1116354895541665e-11,-4.681901737949027e-06,3.403613418645042e-06,-2.086375636055535e-05,1.4043489917798882e-06,-3.3858682303995766e-06
-1.1117942729677015e-11,-4.681907696413564e-06,3.404286261611353e-06,-2.1038445623189913e-05,1.4038939698980792e-06,-3.3854600240881082e-06
-1.1119501671419562e-11,-4.6819135305723145e-06,3.404945644509211e-06,-2.121049860547762e-05,1.4034377336447034e-06,-3.3839382596520026e-06
-1.1121025947195325e-11,-4.681919243729556e-06,3.405591836463304e-06,-2.137985091482292e-05,1.4029803662932353e-06,-3.3813059910769834e-06
-1.1122520806518184e-11,-4.681924837730663e-06,3.4062251010544807e-06,-2.154643915716657e-05,1.4025219582986773e-06,-3.3775670149191197e-06
-1.11239898714444e-11,-4.6819303151842025e-06,3.406845696955989e-06,-2.1710200970070288e-05,1.4020626040985404e-06,-3.372725863268689e-06
-1.1125424574595354e-11,-4.681935678485055e-06,3.407453877434945e-06,-2.187107505002821e-05,1.4016024051479093e-06,-3.3667877986847297e-06
-1.1126832300199753e-11,-4.681940929682465e-06,3.4080498911548305e-06,-2.202900118521846e-05,1.4011414676399304e-06,-3.359758806465039e-06
-1.112821297437243e-11,-4.68194607122595e-06,3.408633980932236e-06,-2.2183920281482365e-05,1.4006799036795335e-06,-3.3516455873047537e-06
-1.1129564933318063e-11,-4.6819511052148594e-06,3.4092063853029296e-06,-2.233577439307757e-05,1.4002178288596286e-06,-3.34245554885859e-06
-1.1130890091747204e-11,-4.681956034080322e-06,3.4097673383866666e-06,-2.2484506748990375e-05,1.3997553642277125e-06,-3.3321967975598233e-06
-1.1132188708829035e-11,-4.681960859550915e-06,3.4103170690693938e-06,-2.2630061780358138e-05,1.3992926344319498e-06,-3.320878128093926e-06
-1.1133461491874297e-11,-4.681965583633371e-06,3.410855801717073e-06,-2.277238514833592e-05,1.3988297674296214e-06,-3.308509015162031e-06
-1.1134706337492952e-11,-4.6819702088601e-06,3.411383756196255e-06,-2.2911423769520534e-05,1.3983668955407968e-06,-3.2950996012475968e-06
-1.1135928966099759e-11,-4.681974736689826e-06,3.4119011482577443e-06,-2.304712583959827e-05,1.3979041532157894e-06,-3.280660686978245e-06
-1.1137127820826669e-11,-4.681979169363836e-06,3.4124081890171364e-06,-2.317944086132251e-05,1.3974416781530535e-06,-3.2652037187258727e-06
-1.1138300807114813e-11,-4.6819835083945015e-06,3.41290508555136e-06,-2.330831966627405e-05,1.3969796101235553e-06,-3.2487407770880545e-06
-1.1139450257732336e-11,-4.681987756226258e-06,3.4133920408512005e-06,-2.343371443984109e-05,1.3965180910316246e-06,-3.2312845637526386e-06
-1.1140577852116554e-11,-4.68199191447938e-06,3.4138692537128187e-06,-2.3555578742424478e-05,1.3960572657831704e-06,-3.212848389049341e-06
-1.1141681862601196e-11,-4.681995984953443e-06,3.414336918903097e-06,-2.3673867533307475e-05,1.39559727925582e-06,-3.1934461580996464e-06
-1.1142763125160674e-11,-4.681999969148502e-06,3.414795227232009e-06,-2.3788537191083795e-05,1.3951382774786312e-06,-3.173092356904284e-06
-1.1143824252564425e-11,-4.682003869190577e-06,3.415244366166096e-06,-2.389954553508492e-05,1.3946804091843639e-06,-3.151802037688222e-06
-1.1144865369535068e-11,-4.682007686372788e-06,3.4156845185191754e-06,-2.4006851845586084e-05,1.394223821340725e-06,-3.12959080445386e-06
-1.114588262444889e-11,-4.682011422492485e-06,3.4161158646299907e-06,-2.411041688212496e-05,1.3937686625423882e-06,-3.1064747975141784e-06
-1.114688181693443e-11,-4.682015079437806e-06,3.416538580274331e-06,-2.4210202904928882e-05,1.3933150826038067e-06,-3.082470677512417e-06
-1.1147859263688023e-11,-4.682018658294239e-06,3.4169528382655434e-06,-2.4306173688792628e-05,1.3928632280324406e-06,-3.0575956099483205e-06
-1.1148816615426463e-11,-4.682022161247086e-06,3.4173588077757906e-06,-2.4398294544394662e-05,1.3924132474456195e-06,-3.0318672482749235e-06
-1.1149758234244684e-11,-4.682025589276999e-06,3.41775665435151e-06,-2.4486532332952013e-05,1.3919652884175128e-06,-3.005303717564383e-06
-1.1150677798094937e-11,-4.682028943852921e-06,3.418146540595489e-06,-2.4570855481763408e-05,1.3915194964329295e-06,-2.9779235965986396e-06
-1.1151580137839053e-11,-4.682032226973117e-06,3.418528625546646e-06,-2.4651234001084543e-05,1.3910760160610937e-06,-2.9497459017086924e-06
-1.1152464875227775e-11,-4.682035439370217e-06,3.4189030657786164e-06,-2.4727639496451618e-05,1.3906349897811088e-06,-2.920790067560796e-06
-1.1153331049487069e-11,-4.682038583045182e-06,3.419270013543654e-06,-2.480004518378022e-05,1.390196559418579e-06,-2.8910759304336566e-06
-1.1154182155413458e-11,-4.682041659330434e-06,3.419629619153082e-06,-2.486842590124477e-05,1.3897608645811037e-06,-2.860623709240558e-06
-1.1155013439738187e-11,-4.682044669276826e-06,3.419982028906998e-06,-2.4932758121934948e-05,1.389328043370116e-06,-2.8294539873563606e-06
-1.115582788493097e-11,-4.682047614421771e-06,3.4203273871842843e-06,-2.4993019965513014e-05,1.3888982288096818e-06,-2.797587693396729e-06
-1.1156627521908526e-11,-4.682050495618302e-06,3.4206658351150995e-06,-2.5049191207983742e-05,1.3884715542657495e-06,-2.7650460827051552e-06
-1.1157410511656327e-11,-4.682053314606757e-06,3.4209975103732785e-06,-2.5101253291908412e-05,1.3880481486574314e-06,-2.7318507183472863e-06
-1.1158179094175903e-11,-4.682056072651946e-06,3.421322548676375e-06,-2.5149189335619627e-05,1.3876281389815842e-06,-2.6980234510991455e-06
-1.1158931022524611e-11,-4.682058770985241e-06,3.4216410828525634e-06,-2.5192984140659728e-05,1.3872116477818525e-06,-2.6635864007537352e-06
-1.115966814979156e-11,-4.68206141063996e-06,3.421953242915008e-06,-2.5232624199774413e-05,1.386798794177841e-06,-2.6285619356582164e-06
-1.1160389431738483e-11,-4.682063992700261e-06,3.4222591564537525e-06,-2.526809770401806e-05,1.3863896948223642e-06,-2.592972653819283e-06
-1.1161097955156336e-11,-4.682066518476559e-06,3.4225589480689106e-06,-2.529939454730563e-05,1.3859844631462487e-06,-2.5568413627872986e-06
-1.116179164306548e-11,-4.682068989069614e-06,3.4228527405033667e-06,-2.5326506332407823e-05,1.3855832071484058e-06,-2.5201910593114463e-06
-1.1162471113290721e-11,-4.682071405419841e-06,3.4231406536794097e-06,-2.5349426375280888e-05,1.3851860317195487e-06,-2.483044909924695e-06
-1.1163138026558605e-11,-4.6820737690620465e-06,3.423422805022767e-06,-2.5368149706953955e-05,1.3847930377640338e-06,-2.4454262306267036e-06
-1.1163790609553274e-11,-4.682076080297608e-06,3.4236993101351316e-06,-2.5382673078636028e-05,1.384404321967458e-06,-2.4073584668096135e-06
-1.1164430193009739e-11,-4.682078340969147e-06,3.423970281570005e-06,-2.5392994960827754e-05,1.3840199763323857e-06,-2.368865173787478e-06
-1.1165057129287288e-11,-4.682080551770396e-06,3.4242358303309747e-06,-2.539911554642998e-05,1.3836400888686356e-06,-2.3299699955771507e-06
-1.1165672071354929e-11,-4.682082713498306e-06,3.4244960644503603e-06,-2.5401036749189456e-05,1.3832647429746397e-06,-2.290696646003668e-06
-1.1166273428914547e-11,-4.682084827616467e-06,3.424751090521934e-06,-2.539876220403176e-05,1.382894017281585e-06,-2.2510688882374383e-06
-1.1166863788129169e-11,-4.682086894455787e-06,3.4250010129147555e-06,-2.5392297265284992e-05,1.3825279858656284e-06,-2.211110515060062e-06
-1.1167441627673471e-11,-4.682088915592838e-06,3.4252459333558054e-06,-2.5381649004570222e-05,1.382166718561525e-06,-2.170845328748445e-06
-1.1168008599380974e-11,-4.682090891369456e-06,3.425485951872265e-06,-2.536682620602754e-05,1.3818102806517163e-06,-2.130297121777782e-06
-1.1168563929547103e-11,-4.68209282305949e-06,3.4257211667284754e-06,-2.5347839365649868e-05,1.38145873118869e-06,-2.0894896570803776e-06
-1.1169107241311285e-11,-4.6820947113374524e-06,3.4259516738181934e-06,-2.532470068262314e-05,1.381112126164439e-06,-2.0484466482559577e-06
-1.1169640775532424e-11,-4.6820965572779654e-06,3.4261775673821588e-06,-2.5297424056772795e-05,1.3807705154239197e-06,-2.007191741072575e-06
-1.1170163530116521e-11,-4.682098361596104e-06,3.426398939732479e-06,-2.5266025079681897e-05,1.3804339448521798e-06,-1.9657484937463e-06
-1.1170675345437116e-11,-4.68210012543265e-06,3.4266158811498734e-06,-2.5230521028806953e-05,1.3801024555466455e-06,-1.924140358088252e-06
-1.117117765234199e-11,-4.682101848797878e-06,3.4268284801995478e-06,-2.5190930859262194e-05,1.3797760828283082e-06,-1.8823906609084026e-06
-1.117166902494585e-11,-4.682103533244222e-06,3.42703682376106e-06,-2.5147275194049577e-05,1.3794548583215608e-06,-1.8405225854956543e-06
-1.117215101599137e-11,-4.682105179210006e-06,3.427240996999044e-06,-2.509957631484387e-05,1.3791388080761313e-06,-1.7985591537433087e-06
-1.1172622986255784e-11,-4.682106787774604e-06,3.4274410834541368e-06,-2.504785815166758e-05,1.3788279526981377e-06,-1.7565232071642518e-06
-8.873290188376418e-12,-4.682108359129269e-06,2.445261008820641e-06,-2.4972608499901634e-05,1.7930575893414803e-06,-1.7144373448481563e-06
-5.9838409912013564e-12,-4.682109899868641e-06,2.465100404856644e-06,-2.491332097147312e-05,1.7844705012610565e-06,-1.672324089181411e-06
-4.216905800820875e-12,-4.6821113612080385e-06,1.7103397389031007e-06,-2.4834690112292714e-05,2.1027540490201247e-06,-1.6302055535929307e-06
-2.721079697257655e-12,-4.682112788897404e-06,1.0713857407610802e-06,-2.475445515706291e-05,2.3721763566452885e-06,-1.5881037296111397e-06
-1.4878188939313401e-12,-4.6821141832280415e-06,5.44588821338287e-07,-2.4672575532008807e-05,2.5942757268963393e-06,-1.546040300787784e-06
-5.086655708001901e-13,-4.682115545195755e-06,1.263360991035235e-07,-2.4589012951783707e-05,2.7705752943246844e-06,-1.504036670299842e-06
2.2475112105150234e-13,-4.682116874956682e-06,-1.869482273539574e-07,-2.450373141441566e-05,2.902582849538037e-06,-1.4621139443100807e-06
7.20714646983441e-13,-4.682118173278703e-06,-3.988025054760313e-07,-2.4416697190227064e-05,2.991790663266691e-06,-1.420292916364955e-06
9.874194139415732e-13,-4.682119441101939e-06,-5.127272555445028e-07,-2.4327878811053892e-05,3.039675310349004e-06,-1.3785940534925572e-06
1.1029812008409942e-12,-4.682120684331122e-06,-5.353565402273967e-07,-2.4237183960543767e-05,3.0490348147633235e-06,-1.3370374801793218e-06
6.566765564891068e-13,-4.682121897050772e-06,-4.5110196713609977e-07,-2.4144963812866788e-05,3.0132916430046213e-06,-1.2956429667455823e-06
-3.289747600033467e-13,-4.682123084123122e-06,-2.6424730425122723e-07,-2.4051175743240968e-05,2.934253762462832e-06,-1.2544299128148418e-06
-1.8317897894570706e-12,-4.682124249766083e-06,2.0987335623964715e-08,-2.3955779828439593e-05,2.8137024924952546e-06,-1.2134173355151904e-06
-3.829922500728455e-12,-4.68212539851584e-06,4.004454703122217e-07,-2.3858738823487623e-05,2.6533924947649978e-06,-1.1726238567985102e-06
-6.3018633288780706e-12,-4.682126534247949e-06,8.700342306497696e-07,-2.3760018139137632e-05,2.455051761015827e-06,-1.1320676905376542e-06
-9.226438340109029e-12,-4.682127660549526e-06,1.4257243450136462e-06,-2.3659585817901186e-05,2.2203816000697385e-06,-1.0917666313687453e-06
-1.2582809808803228e-11,-4.682128780723844e-06,2.0635501309848907e-06,-2.3557412510074972e-05,1.9510566229126384e-06,-1.0517380428569396e-06
-1.6350474424339182e-11,-4.68212989816632e-06,2.7796094894451595e-06,-2.345347144875885e-05,1.6487247273265632e-06,-1.0119988470187416e-06
-2.050926442701107e-11,-4.682131016121229e-06,3.570063899367532e-06,-2.334773842230763e-05,1.315007081789871e-06,-9.725655139033138e-07
-2.503934644822492e-11,-4.682132137209977e-06,4.4311384194869325e-06,-2.324019175087451e-05,9.51498108823469e-07,-9.334540519786917e-07
-2.9921221882629203e-11,-4.682133264141094e-06,5.359121689300706e-06,-2.313081225571809e-05,5.597654682253142e-07,-8.946799980045247e-07
-3.272517111438306e-11,-4.6821343992307195e-06,5.320683847276111e-06,-2.2999104068405807e-05,5.758452251584435e-07,-8.562583618789296e-07
-3.576423653052354e-11,-4.68213554502525e-06,5.283014756770156e-06,-2.2864360528554368e-05,5.916049550191119e-07,-8.182037565900737e-07
-3.9031522190355087e-11,-4.682136704298248e-06,5.246099042989127e-06,-2.2726639514405887e-05,6.070511291262776e-07,-7.805302561435917e-07
-4.2520115757427206e-11,-4.682137879316209e-06,5.209921638197134e-06,-2.25860000324119e-05,6.221900795775709e-07,-7.432514316773736e-07
-4.622309563633227e-11,-4.682139072856386e-06,5.174467776027078e-06,-2.2442502186369034e-05,6.370280013127935e-07,-7.063803451749868e-07
-5.01335299791141e-11,-4.682140287553639e-06,5.13972298597206e-06,-2.229620714611066e-05,6.515709540152591e-07,-6.699295430125865e-07
-5.424448381279876e-11,-4.682141525787487e-06,5.105673086661176e-06,-2.214717711375599e-05,6.658248686709243e-07,-6.339110512683025e-07
-5.854902132978029e-11,-4.682142789325963e-06,5.072304180119735e-06,-2.199547529262382e-05,6.797955460091896e-07,-5.983363705389627e-07
-6.304020737527182e-11,-4.682144080048016e-06,5.039602646602554e-06,-2.1841165852371363e-05,6.93488663650745e-07,-5.632164712772301e-07
-6.771111421850958e-11,-4.682145400251609e-06,5.00755513897817e-06,-2.168431389513244e-05,7.069097761470626e-07,-5.28561790925915e-07
-7.255482292205355e-11,-4.6821467516174035e-06,4.9761485760339335e-06,-2.1524985421211497e-05,7.200643185129008e-07,-4.943822302924952e-07
-7.756442819383993e-11,-4.682148135120283e-06,4.945370139631712e-06,-2.1363247291891068e-05,7.32957609646053e-07,-4.6068715105467065e-07
-8.273303933901449e-11,-4.682149553365173e-06,4.91520726702425e-06,-2.119916719534787e-05,7.45594855195967e-07,-4.2748537398406215e-07
-8.805378731418119e-11,-4.6821510068089505e-06,4.885647646901721e-06,-2.1032813609682327e-05,7.579811479094075e-07,-3.9478517732957547e-07
-9.351982337552927e-11,-4.682152497238109e-06,4.856679214435073e-06,-2.0864255763283537e-05,7.701214738611488e-07,-3.625942966890876e-07
-9.912432981152451e-11,-4.6821540256525536e-06,4.828290145618553e-06,-2.0693563600745392e-05,7.820207112256106e-07,-3.30919923410134e-07
-1.0486051088442307e-10,-4.682155593000894e-06,4.800468853674901e-06,-2.052080774067805e-05,7.936836361648903e-07,-2.9976870692493696e-07
-1.1072161317036943e-10,-4.682157200331966e-06,4.773203982539551e-06,-2.0346059440624824e-05,8.051149226067648e-07,-2.691467541017003e-07
-1.1670091414133859e-10,-4.682158848527548e-06,4.746484404436917e-06,-2.0169390554096567e-05,8.163191468627505e-07,-2.39059631374952e-07
-1.2279173237374955e-10,-4.682160538247479e-06,4.720299212793216e-06,-1.999087349326806e-05,8.273007884250556e-07,-2.095123670562848e-07
-1.2898742988890935e-10,-4.682162269832544e-06,4.694637720275704e-06,-1.98105811869006e-05,8.380642327730674e-07,-1.8050945366939245e-07
-1.3528141449183327e-10,-4.682164044145519e-06,4.669489453017998e-06,-1.9628587040817984e-05,8.486137744576435e-07,-1.520548506979564e-07
-1.4166714385057775e-10,-4.68216586146953e-06,4.644844146637948e-06,-1.9444964895051888e-05,8.589536171349882e-07,-1.241519901299329e-07
-1.4813813026208234e-10,-4.68216772182987e-06,4.62069174167403e-06,-1.9259788984206872e-05,8.690878786422385e-07,-9.680377802930213e-08
-1.5468793847575895e-10,-4.6821696257369086e-06,4.597022379702797e-06,-1.9073133893495532e-05,8.790205910277067e-07,-7.001260212731374e-08
-1.613101950633881e-10,-4.682171573534518e-06,4.573826400493856e-06,-1.888507451677205e-05,8.887557031866963e-07,-4.378033553663422e-08
-1.6799858714913522e-10,-4.682173565285567e-06,4.551094336227519e-06,-1.8695686014232664e-05,8.98297082898213e-07,-1.8108343048493466e-08
-1.7474686667229746e-10,-4.682175600593179e-06,4.528816908894859e-06,-1.8505043768228804e-05,9.076485186660298e-07,7.0025123793447384e-09
-1.8154885769465396e-10,-4.68217767960354e-06,4.5069850253701e-06,-1.8313223340634492e-05,9.168137215679069e-07,3.155186278074302e-08
-1.8839845154419091e-10,-4.682179802225155e-06,4.4855897751960455e-06,-1.812030042788229e-05,9.257963284326989e-07,5.553982712155211e-08
-1.9528961396366914e-10,-4.682181967790402e-06,4.464622425292956e-06,-1.792635081821975e-05,9.345999014267798e-07,7.896700478041776e-08
-2.0221638964735566e-10,-4.682184176411699e-06,4.444074418222617e-06,-1.773145034674531e-05,9.432279317939985e-07,1.0183446563300764e-07
-2.091729026277429e-10,-4.682186427379681e-06,4.423937366890082e-06,-1.753567484988922e-05,9.516838409991545e-07,1.2414374239655652e-07
-2.1615335545138804e-10,-4.682188720526982e-06,4.404203052126713e-06,-1.7339100122225795e-05,9.59970981214767e-07,1.4589682069675001e-07
-2.2315204490311333e-10,-4.682191054877588e-06,4.384863418994127e-06,-1.71418018703992e-05,9.680926396576982e-07,1.6709612966019997e-07
-2.301633463707832e-10,-4.682193429985123e-06,4.365910574586942e-06,-1.6943855669047587e-05,9.760520363744495e-07,1.877445315441758e-07
-2.371817326415067e-10,-4.682195845290932e-06,4.347336782314732e-06,-1.674533691306352e-05,9.83852330306375e-07,2.078453115311094e-07
-2.442017641192052e-10,-4.682198300339626e-06,4.329134461663527e-06,-1.6546320775960597e-05,9.914966169300752e-07,2.2740216651351172e-07
-2.512180992538838e-10,-4.682200794107483e-06,4.311296183373564e-06,-1.6346882161689786e-05,9.98987932504792e-07,2.4641919399856306e-07
-2.5822550002472563e-10,-4.682203325480555e-06,4.293814665890172e-06,-1.614709565878722e-05,1.006329252754635e-06,2.6490088020780753e-07
-2.6521881831129616e-10,-4.682205893861825e-06,4.276682774822359e-06,-1.594703549907394e-05,1.0135234975455796e-06,2.828520884821691e-07
-2.7219301836721643e-10,-4.6822084982444825e-06,4.259893517145074e-06,-1.574677550647456e-05,1.0205735287057804e-06,3.002780466148725e-07
-2.7914316133307165e-10,-4.682211137543964e-06,4.2434400405418295e-06,-1.554638905616114e-05,1.0274821550153403e-06,3.171843342919546e-07
-2.8606442587322253e-10,-4.6822138112952164e-06,4.227315629118039e-06,-1.5345949027257685e-05,1.034252130278975e-06,3.3357687041826765e-07
-2.929520885824265e-10,-4.6822165175656845e-06,4.211513701827887e-06,-1.5145527757209946e-05,1.0408861567776862e-06,3.494618997400365e-07
-2.998015442563269e-10,-4.682219255863555e-06,4.1960278086370825e-06,-1.4945196999041918e-05,1.0473868851090624e-06,3.648459792081202e-07
-3.0660829963972884e-10,-4.6822220251024e-06,4.180851629462839e-06,-1.4745027873949283e-05,1.0537569155584739e-06,3.797359649613873e-07
-3.1336797445065224e-10,-4.682224823692093e-06,4.165978969346084e-06,-1.4545090828111785e-05,1.0599988000501455e-06,3.9413899802642306e-07
-3.2007630947765343e-10,-4.682227650283494e-06,4.151403758469409e-06,-1.4345455587840234e-05,1.0661150428564795e-06,4.08062490076218e-07
-3.267291641759324e-10,-4.682230504212906e-06,4.1371200472785656e-06,-1.4146191116610882e-05,1.0721081003554451e-06,4.215141097014677e-07
-3.3332250863440665e-10,-4.682233383723187e-06,4.123122006441424e-06,-1.394736556943529e-05,1.0779803841627638e-06,4.3450176745800473e-07
-3.398524527545441e-10,-4.682236287849036e-06,4.109403922547973e-06,-1.3749046250782904e-05,1.0837342607909287e-06,4.470336018865781e-07
-3.4631521227880014e-10,-4.682239215348621e-06,4.095960195979386e-06,-1.3551299571504403e-05,1.0893720531548154e-06,4.5911796465049957e-07
-3.527071378425906e-10,-4.682242164183341e-06,4.082785339805224e-06,-1.335419100586612e-05,1.094896041437072e-06,4.7076340583809673e-07
-3.5902470583074575e-10,-4.68224513373373e-06,4.069873976493217e-06,-1.3157785050582816e-05,1.1003084624537766e-06,4.819786592461046e-07
-3.6526451389515475e-10,-4.682248122046986e-06,4.057220836586906e-06,-1.2962145181074935e-05,1.1056115129459362e-06,4.927726273950035e-07
-3.7142329738271427e-10,-4.682251128266361e-06,4.0448207556035896e-06,-1.2767333812943867e-05,1.1108073496144378e-06,5.031543668375718e-07
-3.774979138471449e-10,-4.682254150306496e-06,4.0326686719872795e-06,-1.2573412260005572e-05,1.1158980898559216e-06,5.131330736165859e-07
-3.834853537661628e-10,-4.682257187363754e-06,4.020759626217889e-06,-1.2380440695321759e-05,1.120885810855993e-06,5.227180677042754e-07
-3.8938274424356585e-10,-4.682260237915726e-06,4.009088757370463e-06,-1.2188478111564956e-05,1.1257725521746921e-06,5.319187786014102e-07
-3.9518733799676175e-10,-4.6822633000362466e-06,3.997651301480613e-06,-1.1997582283492997e-05,1.1305603171555838e-06,5.407447310526351e-07
-4.0089652334746174e-10,-4.682266372561289e-06,3.986442591104884e-06,-1.180780972898023e-05,1.1352510710204394e-06,5.492055296481119e-07
-4.065078250866916e-10,-4.682269454316218e-06,3.975458050688432e-06,-1.1619215674267542e-05,1.139846744578938e-06,5.57310844727071e-07
-4.120188991501208e-10,-4.682272543383709e-06,3.964693197117674e-06,-1.1431854015326654e-05,1.1443492325984208e-06,5.650703979586947e-07
-4.174275379692557e-10,-4.682275638520541e-06,3.954143636542243e-06,-1.12457772858857e-05,1.1487603948976197e-06,5.724939479139221e-07
-4.22731668343658e-10,-4.682278738160138e-06,3.943805063613518e-06,-1.106103662068089e-05,1.1530820575187e-06,5.795912763697152e-07
-4.2792935509681866e-10,-4.682281840953233e-06,3.933673257835297e-06,-1.0877681724481297e-05,1.1573160129248327e-06,5.863721734619249e-07
-4.330187983543488e-10,-4.682284945248574e-06,3.9237440843513345e-06,-1.0695760837671979e-05,1.1614640210293286e-06,5.928464252919094e-07
-4.379983307642973e-10,-4.682288049815579e-06,3.914013490546344e-06,-1.051532070794332e-05,1.165527809226692e-06,5.990237994914042e-07
-4.428664295677387e-10,-4.68229115331481e-06,3.904477504501129e-06,-1.0336406558094589e-05,1.1695090727929445e-06,6.049140320970921e-07
-4.4762169992199886e-10,-4.682294253923039e-06,3.895132234210005e-06,-1.0159062058833487e-05,1.173409476349643e-06,6.10526815697606e-07
-4.5226288316072247e-10,-4.682297350549372e-06,3.885973865527655e-06,-9.983329299910391e-06,1.177230653536103e-06,6.158717846419138e-07
-4.567888628583054e-10,-4.682300441534046e-06,3.876998660539216e-06,-9.809248765249377e-06,1.1809742067874298e-06,6.209585052367655e-07
-4.611986516077258e-10,-4.682303525516264e-06,3.868202955548107e-06,-9.636859307635153e-06,1.1846417096267475e-06,6.257964613054982e-07
-4.6549140127364033e-10,-4.6823066009152355e-06,3.859583161018985e-06,-9.466198123399999e-06,1.1882347059602458e-06,6.303950446513325e-07
-4.696663979301652e-10,-4.682309666642188e-06,3.851135758507214e-06,-9.29730073454921e-06,1.1917547101745263e-06,6.347635417758577e-07
-4.737230590684345e-10,-4.682312721352546e-06,3.842857300346461e-06,-9.130200962226773e-06,1.1952032090701535e-06,6.389111243332153e-07
-4.776609368518861e-10,-4.682315763700939e-06,3.834744407294732e-06,-8.964930912171468e-06,1.1985816607564477e-06,6.428468380120076e-07
-4.814797216079217e-10,-4.682318792411275e-06,3.826793768157277e-06,-8.801520955065952e-06,1.201891495848747e-06,6.465795921568348e-07
-4.851792270389052e-10,-4.682321805806849e-06,3.819002137798929e-06,-8.63999971132671e-06,1.2051341181121349e-06,6.501181507721978e-07
-4.887594021930549e-10,-4.68232480300964e-06,3.8113663364384627e-06,-8.480394036116075e-06,1.2083109029419331e-06,6.53471122410333e-07
-4.92220331547741e-10,-4.682327782637684e-06,3.8038832474499723e-06,-8.322729005797512e-06,1.2114232006931246e-06,6.566469516038064e-07
-4.955622198877421e-10,-4.682330743431217e-06,3.7965498163115547e-06,-8.167027910164085e-06,1.2144723361144018e-06,6.596539104731261e-07
-4.987854032337506e-10,-4.6823336843712264e-06,3.7893630497564197e-06,-8.013312239448848e-06,1.2174596060982022e-06,6.625000908835912e-07
-5.018903506996545e-10,-4.682336604446635e-06,3.7823200148617194e-06,-7.861601679661948e-06,1.220386283691022e-06,6.651933968838384e-07
-5.048776489801561e-10,-4.682339502608184e-06,3.7754178370192574e-06,-7.711914106706427e-06,1.2232536167564363e-06,6.677415377094714e-07
-5.100689862127637e-10,-4.682342376841118e-06,4.76002718619136e-06,-7.583981965856114e-06,8.089616999686367e-07,6.701519753033276e-07
-5.149478158620781e-10,-4.68234522673778e-06,5.685342537612535e-06,-7.456921156946545e-06,4.196232675785062e-07,6.724320586516341e-07
-5.195220528805553e-10,-4.682348050393412e-06,6.552869076248012e-06,-7.3307741059652175e-06,5.4604132262235596e-08,6.745888756517129e-07
-5.237996787927708e-10,-4.682350846345313e-06,7.3641231370410505e-06,-7.205581647575425e-06,-2.867345232365521e-07,6.76629297017869e-07
-5.277887277721755e-10,-4.682353612694381e-06,8.120631480576905e-06,-7.081383017665507e-06,-6.050358423619309e-07,6.785599721580434e-07
-5.314972890695827e-10,-4.682356348186602e-06,8.823930567101432e-06,-6.9582158441262875e-06,-9.00946990774722e-07,6.80387323555137e-07
-5.349335015341005e-10,-4.682359051132288e-06,9.475565828859512e-06,-6.836116143184747e-06,-1.1751188514162645e-06,6.82117545531009e-07
-5.381055443018887e-10,-4.682361720472106e-06,1.0077090945245028e-05,-6.715118316742536e-06,-1.4282057205261643e-06,6.837566002773222e-07
-5.410216400993122e-10,-4.682364354762228e-06,1.0630067114535368e-05,-6.595255152607323e-06,-1.660865003520489e-06,6.85310215996352e-07
-5.436900495627893e-10,-4.682366953060495e-06,1.113606233227043e-05,-6.47655782706228e-06,-1.873756912465453e-06,6.867838854159651e-07
-5.461190612935904e-10,-4.682369514179365e-06,1.1596650670397697e-05,-6.359055908886082e-06,-2.0675441650142807e-06,6.881828638738986e-07
-5.483170001519678e-10,-4.682372037014474e-06,1.201341156240815e-05,-6.242777368043504e-06,-2.242891685289462e-06,6.895121701653581e-07
-5.502922091949365e-10,-4.682374520539997e-06,1.2387929094521145e-05,-6.12774858760375e-06,-2.400466307680389e-06,6.907765853762293e-07
-5.520530606581265e-10,-4.682376964310472e-06,1.2721791302603807e-05,-6.013994374668099e-06,-2.5409364833942155e-06,6.919806534109508e-07
-5.536079374024186e-10,-4.682379367466703e-06,1.3016589481361204e-05,-5.901537977079585e-06,-2.664971991191956e-06,6.931286827272216e-07
-5.549652389467555e-10,-4.682381729238513e-06,1.3273917498486821e-05,-5.790401104693825e-06,-2.7732436517096353e-06,6.942247479592673e-07
-5.561333803342672e-10,-4.682384048995788e-06,1.349537112504597e-05,-5.680603949327137e-06,-2.8664230473711305e-06,6.952726916390058e-07
-5.571207736945962e-10,-4.682386325875704e-06,1.368254737420398e-05,-5.572165212041981e-06,-2.945182246957054e-06,6.962761269297105e-07
-5.579358462624635e-10,-4.682388560046736e-06,1.3837043856909412e-05,-5.465102131330691e-06,-3.0101935363593447e-06,6.972384408735108e-07
-5.585870173988985e-10,-4.6823907508168e-06,1.3960458152111274e-05,-5.359430515195332e-06,-3.0621291559723352e-06,6.981627988181268e-07
-5.590827057501111e-10,-4.682392897569535e-06,1.4054387195326387e-05,-5.255164777345962e-06,-3.1016610454834397e-06,6.990521481362566e-07
-5.594313245510833e-10,-4.6823950004774995e-06,1.4120426682557896e-05,-5.152317975630036e-06,-3.129460595889963e-06,6.999092227910045e-07
-5.596412774754374e-10,-4.682397059244119e-06,1.4160170497472223e-05,-5.050901855912822e-06,-3.1461984102136577e-06,7.007365491924731e-07
-5.597209556152735e-10,-4.68239907376379e-06,1.4175210159854851e-05,-4.9509268976341295e-06,-3.1525440735638063e-06,7.015364518318505e-07
-5.596787347279684e-10,-4.682401043779776e-06,1.4167134295009124e-05,-4.85240236426114e-06,-3.1491659324090715e-06,7.023110597762367e-07
-5.595229744508982e-10,-4.682402969508292e-06,1.4137528131250713e-05,-4.755336358304302e-06,-3.1367308848408295e-06,7.030623133991104e-07
-5.592620138849398e-10,-4.682404850813131e-06,1.4087973021480004e-05,-4.659735879008957e-06,-3.1159041813636362e-06,7.037919709167109e-07
-5.58904167799493e-10,-4.682406688085434e-06,1.402004599304065e-05,-4.565606884832178e-06,-3.0873492379603366e-06,7.045016176443603e-07
-5.584577251850905e-10,-4.6824084812605855e-06,1.3935319330014337e-05,-4.4729543598165604e-06,-3.051727461381841e-06,7.051926734070515e-07
-5.579309501928749e-10,-4.682410230570302e-06,1.383536018373108e-05,-4.381782384527138e-06,-3.009698087628038e-06,7.058664008659331e-07
-5.573320817570873e-10,-4.682411936518238e-06,1.3721730219592787e-05,-4.292094211773372e-06,-2.961918034904037e-06,7.065239151770798e-07
-5.566693211901173e-10,-4.68241359931621e-06,1.3595985298043563e-05,-4.203892346005935e-06,-2.9090417707119847e-06,7.07166193858438e-07
-5.559508409908625e-10,-4.682415219284036e-06,1.3459675191269817e-05,-4.117178627831474e-06,-2.8517211945793466e-06,7.077940864485312e-07
-5.551847809797813e-10,-4.682416797066881e-06,1.331434334160772e-05,-4.031954322757092e-06,-2.790605537367878e-06,7.084083247203227e-07
-5.543792456266058e-10,-4.682418332904758e-06,1.3161526659617274e-05,-3.948220215052571e-06,-2.7263412775391972e-06,7.090095342412002e-07
-5.53542303830861e-10,-4.682419827772614e-06,1.3002755364422775e-05,-3.865976707285329e-06,-2.659572075132034e-06,7.095982448365756e-07
-5.526819888955382e-10,-4.682421281631408e-06,1.2839552869354283e-05,-3.7852239228634314e-06,-2.5909387244710574e-06,7.10174903454366e-07
-5.51806296980546e-10,-4.682422695687957e-06,1.2673435713309298e-05,-3.7059618162494107e-06,-2.5210791265205168e-06,7.107398853779873e-07
-5.509231920782522e-10,-4.682424070536384e-06,1.2505913543400798e-05,-3.628190286514902e-06,-2.450628281677282e-06,7.112935071740621e-07
-5.500405939364622e-10,-4.682425406364706e-06,1.2338489147272679e-05,-3.551909296789398e-06,-2.380218303780829e-06,7.118360398899194e-07
-5.491663949710783e-10,-4.682426704741943e-06,1.21726585358043e-05,-3.477118999491955e-06,-2.3104784559619266e-06,7.123677216126915e-07
-5.48307097718923e-10,-4.682427965578808e-06,1.2009655387926863e-05,-3.4038147807035665e-06,-2.241927657422388e-06,7.128887727464626e-07
-5.474637686634609e-10,-4.682429190742725e-06,1.1849681504031005e-05,-3.3319720575623195e-06,-2.1746507952349615e-06,7.133994053181316e-07
-5.466361124352337e-10,-4.682430380353564e-06,1.1692680848433505e-05,-3.2615616902349445e-06,-2.108624304351831e-06,7.13899828062318e-07
-5.458238367126398e-10,-4.6824315355652615e-06,1.1538598416303113e-05,-3.1925551208967423e-06,-2.0438250534676185e-06,7.143902449660842e-07
-5.450266580331466e-10,-4.682432657025808e-06,1.1387380215657418e-05,-3.124924360074756e-06,-1.9802303368430253e-06,7.148708559628415e-07
-5.44244299057553e-10,-4.682433745646222e-06,1.1238973248064039e-05,-3.058641977209822e-06,-1.9178178667306048e-06,7.153418571683042e-07
-5.434764846060567e-10,-4.682434802066056e-06,1.1093325489313474e-05,-2.993681088110046e-06,-1.8565657653122216e-06,7.158034408388835e-07
-5.427229430574502e-10,-4.682435826946904e-06,1.0950385874962254e-05,-2.9300153446247593e-06,-1.7964525578380866e-06,7.162557950525212e-07
-5.419834135192889e-10,-4.6824368211804255e-06,1.0810104278832581e-05,-2.867618924207485e-06,-1.7374571646432473e-06,7.166991046662832e-07
-5.412576378767026e-10,-4.682437785892524e-06,1.067243149853355e-05,-2.8064665194789378e-06,-1.6795588942934467e-06,7.171335500118692e-07
-5.40545355539615e-10,-4.6824387209078754e-06,1.0537319238035376e-05,-2.7465333267908605e-06,-1.622737436422803e-06,7.175593088801659e-07
-5.398463207759942e-10,-4.682439627232377e-06,1.0404720089906454e-05,-2.6877950374544302e-06,-1.5669728546376483e-06,7.179765545644985e-07
-5.391602880201417e-10,-4.68244050571334e-06,1.0274587520783247e-05,-2.630227827858455e-06,-1.512245579743085e-06,7.183854574288424e-07
-5.384870177797451e-10,-4.682441357317515e-06,1.0146875853738629e-05,-2.5738083492545566e-06,-1.4585364029442416e-06,7.187861840751847e-07
-5.378262706267592e-10,-4.682442181999451e-06,1.0021540253628207e-05,-2.518513717986455e-06,-1.405826469413696e-06,7.191788981345726e-07
-5.37177814708971e-10,-4.68244298065902e-06,9.898536711175204e-06,-2.4643215068295076e-06,-1.3540972716168658e-06,7.195637599618308e-07
-5.365414272852781e-10,-4.682443754242976e-06,9.777822028495622e-06,-2.411209736108231e-06,-1.3033306431855965e-06,7.199409263302641e-07
-5.359168804784465e-10,-4.682444502914104e-06,9.659353803461351e-06,-2.359156864147715e-06,-1.2535087524438613e-06,7.203105511116983e-07
-5.353039534478063e-10,-4.682445227302221e-06,9.543090415686299e-06,-2.308141778391193e-06,-1.2046140963780263e-06,7.206727850266959e-07
-5.347024365182474e-10,-4.6824459281032576e-06,9.428991011497194e-06,-2.2581437879609235e-06,-1.1566294945033486e-06,7.210277759082493e-07
-5.341121137317533e-10,-4.682446605601896e-06,9.31701549109237e-06,-2.2091426138876343e-06,-1.1095380833754405e-06,7.213756689099781e-07
-5.335327795359685e-10,-4.682447261138579e-06,9.207124493459395e-06,-2.161118382337582e-06,-1.0633233099979952e-06,7.217166053681582e-07
-5.329642281975639e-10,-4.68244789428639e-06,9.0992793833072e-06,-2.1140516145089692e-06,-1.017968926962542e-06,7.220507246752564e-07
-5.324062618562722e-10,-4.682448505909721e-06,8.993442238023611e-06,-2.0679232214133584e-06,-9.734589862031797e-07,7.223781631974622e-07
-5.318586863302717e-10,-4.682449096683496e-06,8.889575834971995e-06,-2.0227144933280415e-06,-9.297778340986487e-07,7.226990541081909e-07
-5.313213053469908e-10,-4.682449666844468e-06,8.78764363765176e-06,-1.9784070942444237e-06,-8.869101055137191e-07,7.230135288591373e-07
-5.307939311213141e-10,-4.6824502171984215e-06,8.687609782658073e-06,-1.93498305420701e-06,-8.448407186585278e-07,7.233217154316899e-07
-5.302763780079274e-10,-4.682450747857544e-06,8.589439069337175e-06,-1.8924247606532027e-06,-8.035548703277157e-07,7.236237395443244e-07
-5.29768463697992e-10,-4.682451259421753e-06,8.493096946609633e-06,-1.8507149524176533e-06,-7.630380301487083e-07,7.239197244999547e-07
-5.292700090887821e-10,-4.682451752239969e-06,8.398549499829912e-06,-1.8098367128484517e-06,-7.232759359513201e-07,7.242097911026924e-07
-5.287808400746021e-10,-4.682452227243604e-06,8.305763441455398e-06,-1.769773462479244e-06,-6.842545887682069e-07,7.244940572970295e-07
-5.283007847238694e-10,-4.682452684271219e-06,8.21470609755849e-06,-1.7305089522564725e-06,-6.459602480905282e-07,7.247726393613573e-07
-5.278296716962393e-10,-4.682453123996471e-06,8.125345397829459e-06,-1.6920272569886768e-06,-6.083794270096083e-07,7.250456511308089e-07
-5.273673364508928e-10,-4.682453546967729e-06,8.037649864328057e-06,-1.6543127693509256e-06,-5.714988875513788e-07,7.253132036087137e-07
-5.269136182689534e-10,-4.682453953468784e-06,7.951588599537924e-06,-1.6173501927790292e-06,-5.353056361874889e-07,7.255754059241658e-07
-5.264683523017523e-10,-4.682454343635384e-06,7.867131276192371e-06,-1.5811245364731959e-06,-4.997869192107454e-07,7.258323653875569e-07
-5.260313853478512e-10,-4.682454718204087e-06,7.784248127861672e-06,-1.5456211074040975e-06,-4.649302184703231e-07,7.260841866718032e-07
-5.256025631016978e-10,-4.682455077297348e-06,7.702909937904295e-06,-1.5108255065377924e-06,-4.3072324713634394e-07,7.263309724090954e-07
-5.251817336273698e-10,-4.682455421435781e-06,7.62308802882534e-06,-1.476723621396927e-06,-3.9715394516266876e-07,7.26572823260306e-07
-5.247687479221898e-10,-4.682455750762263e-06,7.544754252889706e-06,-1.4433016206203455e-06,-3.6421047538711696e-07,7.268098381925639e-07
-5.243634625217231e-10,-4.682456066325447e-06,7.467880982914942e-06,-1.4105459496329416e-06,-3.318812192436776e-07,7.270421134523007e-07
-5.239657337968502e-10,-4.6824563675216176e-06,7.392441101933558e-06,-1.378443322651772e-06,-3.0015477293325095e-07,7.27269744175097e-07
-5.235754178506995e-10,-4.682456655280406e-06,7.318407993857569e-06,-1.3469807205763768e-06,-2.6901994329037964e-07,7.274928228036183e-07
-5.231923815027839e-10,-4.68245692969673e-06,7.245755534206852e-06,-1.3161453818846916e-06,-2.3846574397791596e-07,7.277114407390922e-07
-5.228164903456948e-10,-4.682457191009518e-06,7.174458081859532e-06,-1.2859248009674705e-06,-2.0848139182653701e-07,7.279256871478228e-07
-5.224476055868569e-10,-4.682457440134533e-06,7.1044904697041634e-06,-1.2563067215777354e-06,-1.79056302838084e-07,7.281356492942754e-07
-5.220856051202649e-10,-4.682457676598385e-06,7.035827995306646e-06,-1.2272791305022776e-06,-1.5018008873843571e-07,7.283414128325222e-07
-5.21730354733773e-10,-4.682457901162902e-06,6.96844641367532e-06,-1.1988302553409937e-06,-1.2184255333651773e-07,7.285430616674734e-07
-5.213817312330113e-10,-4.682458113817445e-06,6.902321927329112e-06,-1.170948557734312e-06,-9.403368892554741e-08,7.28740678218561e-07
-5.210396099859307e-10,-4.682458315094625e-06,6.8374311798869524e-06,-1.14362273025437e-06,-6.674367294022909e-08,7.289343429756717e-07
-5.207038730735344e-10,-4.682458505106281e-06,6.773751245682861e-06,-1.1168416895214315e-06,-3.9962864249838636e-08,7.291241349709951e-07
-5.203744010059039e-10,-4.6824586841082696e-06,6.7112596236020975e-06,-1.0905945742053005e-06,-1.3681800288019884e-08,7.29310131737401e-07
-5.200510773412034e-10,-4.682458852558229e-06,6.649934229030428e-06,-1.0648707393630009e-06,1.2108806678749377e-08,7.294924089753858e-07
-5.197337852468379e-10,-4.682459010689477e-06,6.58975338519453e-06,-1.0396597521087318e-06,3.741807247262704e-08,7.29671041233093e-07
-5.194224140496507e-10,-4.682459158582309e-06,6.5306958174612225e-06,-1.0149513873948537e-06,6.225494430901062e-08,7.298461012679438e-07
-5.19116856374968e-10,-4.682459296756574e-06,6.472740643452129e-06,-9.907356246810557e-07,8.662820380022738e-08,7.300176604907363e-07
-5.188170015405793e-10,-4.682459425124796e-06,6.415867368489796e-06,-9.670026420500178e-07,1.1054647006380941e-07,7.301857888962683e-07
-5.185227431883727e-10,-4.682459543705561e-06,6.360055876592381e-06,-9.437428150970378e-07,1.3401820274109554e-07,7.303505552715076e-07
-5.182339772222585e-10,-4.682459653349869e-06,6.305286424089341e-06,-9.209467099354803e-07,1.570517049658654e-07,7.30512026612744e-07
-5.179506041527392e-10,-4.682459754008163e-06,6.251539633036056e-06,-8.986050809761941e-07,1.7965512600136572e-07,7.306702688611125e-07
-5.176725213900873e-10,-4.682459846013005e-06,6.198796483198387e-06,-8.76708867485682e-07,2.0183646455769398e-07,7.308253466389246e-07
-5.173996304130299e-10,-4.682459929551923e-06,6.147038308127455e-06,-8.552491894781506e-07,2.2360357093148422e-07,7.309773230831485e-07
-5.171318367495441e-10,-4.682460004415693e-06,6.096246785608495e-06,-8.342173424973347e-07,2.4496415021979177e-07,7.311262601923592e-07
-5.16869043059205e-10,-4.682460071218246e-06,6.046403933968268e-06,-8.136047978384216e-07,2.65925764805803e-07,7.31272219048789e-07
-5.166111573971784e-10,-4.682460130249711e-06,5.99749210294552e-06,-7.934031954425099e-07,2.864958371551409e-07,7.314152587358733e-07
-5.163580904856376e-10,-4.682460181297555e-06,5.949493970377247e-06,-7.736043422311616e-07,3.0668165214828974e-07,7.315554381007348e-07
-5.161097469548322e-10,-4.682460224960297e-06,5.902392534719616e-06,-7.542002084425612e-07,3.264903596761878e-07,7.316928137002773e-07
-5.158660435627422e-10,-4.6824602614045965e-06,5.856171109370938e-06,-7.351829248558507e-07,3.4592897727857116e-07,7.318274422575614e-07
-5.156268943340905e-10,-4.682460290501538e-06,5.810813316293017e-06,-7.165447782391201e-07,3.6500439248264826e-07,7.31959378302598e-07
-5.15392213355073e-10,-4.682460312614943e-06,5.766303081686119e-06,-6.982782101280623e-07,3.83723365185523e-07,7.320886760042058e-07
-5.151619170316295e-10,-4.6824603280193815e-06,5.722624629701086e-06,-6.803758122739702e-07,4.020925300031326e-07,7.322153875185763e-07
-5.149359241379028e-10,-4.682460336786165e-06,5.679762476341881e-06,-6.628303235350183e-07,4.201183985260408e-07,7.323395650570683e-07
-5.147141548773727e-10,-4.682460339001009e-06,5.637701424353422e-06,-6.456346293210692e-07,4.378073619056539e-07,7.324612592625057e-07
-5.144965273107241e-10,-4.682460334869354e-06,5.596426558607423e-06,-6.287817545991855e-07,4.551656926257201e-07,7.325805195006313e-07
-5.142829695545095e-10,-4.682460324374989e-06,5.5559232401180205e-06,-6.122648653368377e-07,4.721995470410147e-07,7.326973946372567e-07
-5.14073402824812e-10,-4.682460308035314e-06,5.516177101764669e-06,-5.960772625066268e-07,4.889149671356976e-07,7.328119322749954e-07
-5.138677527832923e-10,-4.682460285592295e-06,5.477174042311567e-06,-5.802123813090497e-07,5.053178832396459e-07,7.329241793222638e-07
-5.136659478675369e-10,-4.682460257503466e-06,5.4389002226272905e-06,-5.646637878417653e-07,5.214141153541545e-07,7.330341811883659e-07
-5.134679168353703e-10,-4.682460223845811e-06,5.40134205981616e-06,-5.49425175879872e-07,5.372093757325772e-07,7.331419832406744e-07
-5.132735868621661e-10,-4.68246018480406e-06,5.364486222788409e-06,-5.344903654325575e-07,5.527092707825397e-07,7.332476291670546e-07
-5.130828908884309e-10,-4.682460140485284e-06,5.328319627746904e-06,-5.198532999674752e-07,5.679193027471682e-07,7.333511621277294e-07
-5.128957607202903e-10,-4.6824600909971716e-06,5.2928294338435016e-06,-5.055080427469465e-07,5.82844871909414e-07,7.334526243944554e-07
-5.12712129765061e-10,-4.682460036321495e-06,5.258003038310203e-06,-4.914487764948366e-07,5.9749127837103e-07,7.335520574060518e-07
-5.125319335503163e-10,-4.682459976958296e-06,5.223828072350537e-06,-4.776697992886713e-07,6.118637237674385e-07,7.336495016296162e-07
-5.123551091281281e-10,-4.682459912836741e-06,5.190292395860271e-06,-4.6416552278322534e-07,6.259673134694945e-07,7.337449967409478e-07
-5.121815865345478e-10,-4.682459843650194e-06,5.157384094915448e-06,-4.509304705451354e-07,6.398070579206117e-07,7.338385821657857e-07
-5.12011313869561e-10,-4.682459770043928e-06,5.125091476095687e-06,-4.3795927516627066e-07,6.533878746621986e-07,7.339302956226428e-07
-5.118442278377356e-10,-4.682459692140554e-06,5.0934030632879506e-06,-4.25246675932213e-07,6.667145900221375e-07,7.34020174677129e-07
-5.116802641249068e-10,-4.682459609614636e-06,5.0623075939865085e-06,-4.127875173789221e-07,6.797919405822509e-07,7.341082560341841e-07
-5.115193682245614e-10,-4.6824595231618005e-06,5.031794013912281e-06,-4.005767464061093e-07,6.926245751769985e-07,7.341945755242058e-07
-5.113614865598801e-10,-4.682459432372169e-06,5.001851474349368e-06,-3.886094113890159e-07,7.0521705615061e-07,7.342791685055145e-07
-5.112065566210382e-10,-4.68245933731016e-06,4.972469327420125e-06,-3.7688065862565636e-07,7.175738613622621e-07,7.343620695451606e-07
-5.110545252848314e-10,-4.682459238659125e-06,4.943637124116987e-06,-3.653857316706458e-07,7.296993853131106e-07,7.344433121691395e-07
-5.109053400356913e-10,-4.682459136042294e-06,4.9153446077749995e-06,-3.541199690036896e-07,7.415979411408582e-07,7.345229300142402e-07
-5.10758946390648e-10,-4.682459029917419e-06,4.887581714035867e-06,-3.4307880136501457e-07,7.532737616667784e-07,7.346009550794635e-07
-5.106152940555604e-10,-4.6824589201038646e-06,4.860338564516818e-06,-3.322577517553288e-07,7.647310011778481e-07,7.346774194468565e-07
-5.10474327838049e-10,-4.682458806871203e-06,4.83360546432134e-06,-3.216524309948967e-07,7.759737368449826e-07,7.347523543655936e-07
-5.103360056003382e-10,-4.682458690007766e-06,4.807372898873545e-06,-3.1125853838963885e-07,7.870059699992096e-07,7.348257905017756e-07
-5.102002679053601e-10,-4.682458570035932e-06,4.781631530284354e-06,-3.0107185895554295e-07,7.978316276979607e-07,7.348977574110823e-07
-5.100670733733122e-10,-4.682458446427341e-06,4.7563721938654425e-06,-2.910882614202284e-07,8.084545640904104e-07,7.349682849543037e-07
-5.099363736699322e-10,-4.682458319634526e-06,4.731585895532013e-06,-2.813036965575851e-07,8.188785616500201e-07,7.350374015626298e-07
-5.097973727528754e-10,-4.682458190007084e-06,4.705225737036645e-06,-2.716737072923504e-07,8.299645858926563e-07,7.351051397850537e-07
-5.095971544695333e-10,-4.682458057237564e-06,4.667256037224379e-06,-2.61996968532584e-07,8.459338446612666e-07,7.351717224109107e-07
-5.09274882660595e-10,-4.682457920819218e-06,4.60613914566987e-06,-2.520511863566558e-07,8.716393189616889e-07,7.352382376762678e-07
-5.087728673782072e-10,-4.682457779994799e-06,4.510934988638459e-06,-2.416426802737999e-07,9.116826746674379e-07,7.353074075243614e-07
-5.080365351037848e-10,-4.682457634081597e-06,4.371293639041978e-06,-2.3061309152490874e-07,9.704174173824786e-07,7.35384257294963e-07
-5.07014403109383e-10,-4.682457480861473e-06,4.177451097964045e-06,-2.1884519034717048e-07,1.0519507037250348e-06,7.35476688743171e-07
-5.056580727680045e-10,-4.6824573188016905e-06,3.9202278405621744e-06,-2.0626784117708262e-07,1.160143993758712e-06,7.355959566650281e-07
-5.03922227202225e-10,-4.682457145283443e-06,3.5910297193610507e-06,-1.9286016556404e-07,1.2986127169319333e-06,7.357570551668524e-07
-5.017646609944779e-10,-4.6824569581858115e-06,3.18185082992296e-06,-1.7865495644839656e-07,1.4707251137420723e-06,7.359790137860711e-07
-4.9914628601079e-10,-4.682456754290825e-06,2.685277979978392e-06,-1.637413796978553e-07,1.6796004051850567e-06,7.362851072662876e-07
-4.960311861662352e-10,-4.682456530665049e-06,2.094496422081143e-06,-1.4826701767325813e-07,1.9281064301033177e-06,7.367029798186431e-07
-4.923866311389552e-10,-4.682456284306182e-06,1.403296534512424e-06,-1.324392850624118e-07,2.218856882409043e-06,7.372646875063475e-07
-4.881831222514672e-10,-4.68245601197707e-06,6.060811577245011e-07,-1.1652626687527878e-07,2.5542082700018823e-06,7.380066609570269e-07
-4.833944399947829e-10,-4.6824557094487375e-06,-3.0212668587582726e-07,-1.008570106233842e-07,2.936256708450334e-06,7.38969589654847e-07
-4.805691286962622e-10,-4.682455373759832e-06,-2.2734121134076135e-07,-1.0766495860107487e-07,2.904807466820637e-06,7.401981810924693e-07
-4.773279445763379e-10,-4.682455000568641e-06,-1.5405144608284187e-07,-1.1789433187195421e-07,2.8739902285903176e-06,7.41741045896906e-07
-4.736552001199725e-10,-4.682454585495251e-06,-8.222747621287701e-08,-1.3211561501408658e-07,2.8437928703666822e-06,7.43650226801013e-07
-4.695369473656827e-10,-4.682454123830831e-06,-1.1839985367984397e-08,-1.509437998922179e-07,2.814203537575779e-06,7.459808490854924e-07
-4.6496102553477116e-10,-4.682453610734962e-06,5.713975532625511e-08,-1.7503638292724442e-07,2.7852106365005364e-06,7.487906651631038e-07
-4.599171112391493e-10,-4.682453041220761e-06,1.247399014804513e-07,-2.050910448420366e-07,2.756802818473261e-06,7.521395420778577e-07
-4.54396781516192e-10,-4.682452410365852e-06,1.9098804441420463e-07,-2.418430475225762e-07,2.728968971812321e-06,7.560888974580275e-07
-4.4839354914820294e-10,-4.682451713533328e-06,2.55911224456457e-07,-2.860623761940465e-07,2.701698205709858e-06,7.607010887612443e-07
-4.4190291589415857e-10,-4.6824509452858625e-06,3.1953594074507125e-07,-3.3855066010754416e-07,2.6749798375705515e-06,7.660387605350783e-07
-4.3492241755873e-10,-4.682450100658615e-06,3.818881622954106e-07,-4.00137901158303e-07,2.6488033810795057e-06,7.721641542969149e-07
-4.274516415198655e-10,-4.682449174884828e-06,4.429933390661526e-07,-4.716790371917893e-07,2.623158531096473e-06,7.79138389164923e-07
-4.1949228069013533e-10,-4.682448163598555e-06,5.028764118928488e-07,-5.540503669760805e-07,2.598035152098934e-06,7.870207161235041e-07
-4.110481518228847e-10,-4.6824470617017225e-06,5.615618229445624e-07,-6.481458613764373e-07,2.573423263372494e-06,7.958677542839962e-07
-4.0212521098823066e-10,-4.682445864582758e-06,6.190735249405193e-07,-7.548733874884268e-07,2.54931302814725e-06,8.057327137533252e-07
-3.9273158572134753e-10,-4.682444568368145e-06,6.754349922639617e-07,-8.751508644923573e-07,2.525694739905266e-06,8.166646120985502e-07
-3.8287757218235243e-10,-4.682443168955922e-06,7.306692297261706e-07,-1.0099023762090242e-06,2.5025588111161627e-06,8.287074897882516e-07
-3.725756523969295e-10,-4.6824416618713204e-06,7.847987817935005e-07,-1.1600542600076978e-06,2.479895763017553e-06,8.418996322700499e-07
-3.618404897435605e-10,-4.6824400437609455e-06,8.378457418133649e-07,-1.3265311927164893e-06,2.457696215533027e-06,8.562728029560577e-07
-3.5068892867253393e-10,-4.682438311336789e-06,8.89831761988423e-07,-1.51025228563651e-06,2.4359508764686063e-06,8.718514951727859e-07
-3.391399759727841e-10,-4.6824364609601025e-06,9.407780606807133e-07,-1.712127217081519e-06,2.4146505355657394e-06,8.886522075854127e-07
-3.272147963683779e-10,-4.682434490534398e-06,9.90705432192495e-07,-1.93305240810518e-06,2.3937860579888326e-06,9.066827487642098e-07
-3.1493667958479286e-10,-4.6824323970975875e-06,1.0396342556166879e-06,-2.1739072609558467e-06,2.373348377209774e-06,9.259415780020643e-07
-3.023310210231099e-10,-4.682430178411036e-06,1.0875845012906187e-06,-2.4355504764681093e-06,2.353328492099515e-06,9.464171868769372e-07
-2.8942528631018527e-10,-4.68242783284073e-06,1.1345757408922344e-06,-2.718816458828792e-06,2.333717465864049e-06,9.680875250629856e-07
-2.762489712983544e-10,-4.682425359375714e-06,1.1806271544889292e-06,-3.0245118221502885e-06,2.3145064226206615e-06,9.90919478286845e-07
-2.628335585502258e-10,-4.682422756552711e-06,1.2257575390442626e-06,-3.3534120120628756e-06,2.2956865499116846e-06,1.0148684002011163e-06
-2.492124718088756e-10,-4.6824200242259664e-06,1.2699853148682873e-06,-3.7062580495424473e-06,2.2772491014976777e-06,1.0398777035501287e-06
-2.3542102061778283e-10,-4.682417162332765e-06,1.3133285336470246e-06,-4.0837534046342e-06,2.259185399300057e-06,1.0658785134234863e-06
-2.2149633510649642e-10,-4.682414170632475e-06,1.3558048868981636e-06,-4.486561017058668e-06,2.241486842375719e-06,1.0927893883272425e-06
-2.0747730933600514e-10,-4.682411050627863e-06,1.3974317112585933e-06,-4.9153004599253516e-06,2.2241449109752463e-06,1.1205161060828954e-06
-1.9340452622436218e-10,-4.682407803610675e-06,1.4382259980819302e-06,-5.370545262541134e-06,2.2071511778893656e-06,1.148951525790038e-06
-1.7932019522803366e-10,-4.682404430730059e-06,1.4782043974311631e-06,-5.852820390537145e-06,2.190497317910989e-06,1.1779755191670425e-06
-1.6526805869541539e-10,-4.682400935262355e-06,1.5173832276152486e-06,-6.362599898524078e-06,2.1741751209278355e-06,1.2074549785912178e-06
-1.5129332526910525e-10,-4.6823973197218885e-06,1.5557784792716828e-06,-6.9003047487257096e-06,2.158176504590517e-06,1.23724390035175e-06
-1.3744257241688293e-10,-4.682393587769651e-06,1.593405824888653e-06,-7.466300804916435e-06,2.1424935294962346e-06,1.2671835443054925e-06
-1.2376366671141105e-10,-4.6823897430866295e-06,1.6302806218907909e-06,-8.060897006991911e-06,2.1271184149502456e-06,1.2971026703016202e-06
-1.1030566663303253e-10,-4.682385790227943e-06,1.6664179211162959e-06,-8.684343722287036e-06,2.1120435562795656e-06,1.3268178511288297e-06
-9.711872847857311e-11,-4.682381734468612e-06,1.7018324730596789e-06,-9.336831279525423e-06,2.0972615418035716e-06,1.3561338607083263e-06
-8.425400868526953e-11,-4.6823775816174414e-06,1.7365387319518334e-06,-1.0018488684956333e-05,2.082765173201197e-06,1.384844137326175e-06
-7.176355842740842e-11,-4.682373337396188e-06,1.770550863713268e-06,-1.0729382524009657e-05,2.0685474841568934e-06,1.4127313198406906e-06
-5.970022435045768e-11,-4.682369008664079e-06,1.8038827512522405e-06,-1.1469516040364408e-05,2.054601758413797e-06,1.4395678541691089e-06
-4.8117544851425194e-11,-4.682364602808964e-06,1.836547999035867e-06,-1.2238828403088826e-05,2.0409215512915137e-06,1.4651166696111855e-06
-3.706963809748301e-11,-4.682360127760357e-06,1.8685599401972546e-06,-1.3037194151638052e-05,2.0275007082303744e-06,1.489131920546269e-06
-2.6611091916152517e-11,-4.682355591754492e-06,1.8999316411224186e-06,-1.3864422820152666e-05,2.0143333857286734e-06,1.5113597911012535e-06
-1.6796860701546117e-11,-4.682351003952685e-06,1.930675905630477e-06,-1.4720258740503027e-05,2.0014140691938525e-06,1.5315393603816236e-06
-7.682147189251544e-12,-4.682346373822397e-06,1.9608052828284514e-06,-1.5604381018417207e-05,1.98873759214945e-06,1.5494035222495376e-06
-7.751267328943685e-12,-4.682341706378567e-06,1.9903323548783944e-06,-1.6516402572510842e-05,1.9762574610189818e-06,1.5646799439831685e-06
-7.819005012621504e-12,-4.682337127291283e-06,2.019268883559907e-06,-1.7455874008718136e-05,1.9640220714110853e-06,1.5770921310689348e-06
-7.885387835434356e-12,-4.682332635099139e-06,2.0476266799199913e-06,-1.8422280308305058e-05,1.9520267429586964e-06,1.5863604445228015e-06
-7.950442896485702e-12,-4.6823282282434935e-06,2.075417318083959e-06,-1.9415042817002036e-05,1.9402669979989495e-06,1.5922032196341398e-06
-8.014196762129651e-12,-4.682323904688855e-06,2.1026521413988273e-06,-2.04335200439177e-05,1.9287385660428003e-06,1.5943379022912648e-06
-8.076675358520406e-12,-4.682319662997169e-06,2.1293422660495513e-06,-2.147700861643897e-05,1.9174373828357576e-06,1.5924822144541813e-06
-3.1433566137740885e-12,-4.682315506568502e-06,1.1908954982208211e-06,-2.252555792006293e-05,2.313430876862521e-06,1.5863553924639656e-06
-2.0870464182958696e-12,-4.6823113877179705e-06,7.397048680310088e-07,-2.3607232859108883e-05,2.503796221407383e-06,1.57567922181475e-06
-1.4994303395436194e-12,-4.68230735145729e-06,6.277904698622337e-07,-2.4718208084752828e-05,2.550981959756131e-06,1.560179469321974e-06
-3.164137138242072e-12,-4.682303387021044e-06,9.442688955324285e-07,-2.5859317537079788e-05,2.417381948224507e-06,1.5395870077040864e-06
-7.127683336203897e-12,-4.682299509462429e-06,1.69798388195322e-06,-2.7029743493931892e-05,2.0992711681014686e-06,1.5136390723105168e-06
-1.0707517598495998e-11,-4.682295733582691e-06,1.7327670802558096e-06,-2.8205442089573552e-05,2.0845655175332357e-06,1.4820805369973977e-06
-1.567464889567391e-11,-4.682292074202932e-06,1.7668546125591966e-06,-2.939960141362261e-05,2.070167265540599e-06,1.4446649954872602e-06
-2.2076012732170306e-11,-4.68228854721988e-06,1.8002603930548407e-06,-3.0611074244049116e-05,2.056075319934541e-06,1.4011560875777701e-06
-2.995714048669178e-11,-4.682285169114436e-06,1.8329980559732636e-06,-3.183866611880819e-05,2.042289041919017e-06,1.3513286555157727e-06
-3.9362061620779334e-11,-4.682281955966558e-06,1.8650809638967409e-06,-3.308113753752046e-05,2.0288082291396423e-06,1.2949699076202465e-06
-5.033320324192772e-11,-4.682278924470615e-06,1.8965222117984e-06,-3.433720625696654e-05,2.015633096741045e-06,1.2318805543719758e-06
-6.291129950771066e-11,-4.682276091558474e-06,1.927334632836747e-06,-3.560554967606543e-05,2.002764255790891e-06,1.161875908490552e-06
-7.713529601294753e-11,-4.682273474474529e-06,1.9575308036968052e-06,-3.6884807302121516e-05,1.9902026885285126e-06,1.0847869476525717e-06
-9.30422609407147e-11,-4.682271090129392e-06,1.9871230489886176e-06,-3.817358329467607e-05,1.977949718162352e-06,1.0004613316422759e-06
-1.1066730093864021e-10,-4.682268956275266e-06,2.016123447228531e-06,-3.947044908130153e-05,1.9660069819867355e-06,9.087643724983369e-07
-1.3004347495570618e-10,-4.682267090039669e-06,2.044543835936963e-06,-4.077394603623435e-05,1.9543763956971614e-06,8.095799501487816e-07
-1.5120171521887423e-10,-4.682265509144052e-06,2.0723958143944905e-06,-4.208258821995935e-05,1.943060119675609e-06,7.028113724308775e-07
-1.741707487928687e-10,-4.682264231263116e-06,2.0996907511128045e-06,-4.339486517186286e-05,1.93206052039765e-06,5.883821732300527e-07
-1.9897702760949526e-10,-4.68226327407579e-06,2.126439787305674e-06,-4.470924474840511e-05,1.9213801302851685e-06,4.662368449769942e-07
-2.256446502564046e-10,-4.682262655134047e-06,2.152653840834047e-06,-4.60241760072561e-05,1.9110216063246786e-06,3.3634150484372344e-07
-2.5419530438223477e-10,-4.682262391891235e-06,2.1783436108871687e-06,-4.733809212229574e-05,1.900987687141191e-06,1.9868448619397774e-07
-2.846481998337763e-10,-4.6822625022128015e-06,2.203519583129236e-06,-4.864941333114388e-05,1.8912811465150303e-06,5.327685818143613e-08
-3.170200065617952e-10,-4.682263003095188e-06,2.228192033829691e-06,-4.995654990678216e-05,1.8819047490735723e-06,-9.984713468524655e-08
-3.5132480460173087e-10,-4.682263912134267e-06,2.2523710330695872e-06,-5.1257905145829505e-05,1.8728612007806677e-06,-2.606297110329168e-07
-3.8757402715942853e-10,-4.682265246025531e-06,2.2760664500392987e-06,-5.25518783719169e-05,1.8641531019404837e-06,-4.289892747697425e-07
-4.2577641698765624e-10,-4.68226702200268e-06,2.2992879566852197e-06,-5.383686794428031e-05,1.8557828996563982e-06,-6.048202207682917e-07
-4.65937981802011e-10,-4.682269256723558e-06,2.322045030522397e-06,-5.5111274267908116e-05,1.8477528380510646e-06,-7.87992825806862e-07
-5.080619530487904e-10,-4.682271966536995e-06,2.3443469610231784e-06,-5.6373502800136206e-05,1.8400649081656006e-06,-9.783532281343364e-07
-5.521487579942144e-10,-4.682275167671903e-06,2.36620285065779e-06,-5.76219670465849e-05,1.8327208027972934e-06,-1.1757234925222393e-06
-5.981959765189614e-10,-4.682278875896293e-06,2.3876216202349016e-06,-5.8855091542441336e-05,1.8257218664129405e-06,-1.3799017662024737e-06
-6.461983306516313e-10,-4.682283106577282e-06,2.4086120120801425e-06,-6.0071314813979926e-05,1.8190690511311014e-06,-1.5906625221241338e-06
-6.961476477770938e-10,-4.6822878749316e-06,2.429182593383527e-06,-6.12690923135489e-05,1.8127628680595752e-06,-1.8077568924576311e-06
-7.480328503767639e-10,-4.682293195704636e-06,2.449341760475891e-06,-6.244689932291549e-05,1.8068033479776714e-06,-2.0309130894526432e-06
-8.018399496054398e-10,-4.682299082708607e-06,2.4690977419959133e-06,-6.360323382197241e-05,1.8011899971446447e-06,-2.2598369151001173e-06
-8.575520180630509e-10,-4.682305550300515e-06,2.488458601748711e-06,-6.47366193163665e-05,1.7959217577349272e-06,-2.4942123574610883e-06
-9.151492114228131e-10,-4.682312611210565e-06,2.507432241702609e-06,-6.584560761838683e-05,1.79099697196338e-06,-2.7337022723302462e-06
-9.74608751132844e-10,-4.682320278324641e-06,2.5260264060489385e-06,-6.692878157844833e-05,1.7864133478058002e-06,-2.9779491506572765e-06
-1.0359049292392715e-09,-4.682328564032594e-06,2.5442486847850506e-06,-6.798475776017621e-05,1.7821679286323484e-06,-3.2265759653146657e-06
-1.0990091358854397e-09,-4.6823374793846836e-06,2.5621065156157536e-06,-6.90121890566487e-05,1.778257064869429e-06,-3.4791871013474836e-06
-1.1638898637198047e-09,-4.682347035988855e-06,2.579607187084703e-06,-7.00097672415809e-05,1.7746763909539008e-06,-3.735369360427757e-06
-1.2305127231421405e-09,-4.682357243779696e-06,2.5967578421845884e-06,-7.097622545400657e-05,1.7714208028721256e-06,-3.99469304259454e-06
-1.2988404857950585e-09,-4.682368112181742e-06,2.6135654821171067e-06,-7.191034060657659e-05,1.7684844441222942e-06,-4.256713098174019e-06
-1.3688330881485256e-09,-4.68237965069925e-06,2.630036966433368e-06,-7.281093572069386e-05,1.7658606932982483e-06,-4.520970348658535e-06
-1.4404476897522656e-09,-4.682391867387633e-06,2.6461790184539157e-06,-7.367688217882588e-05,1.7635421544884697e-06,-4.786992772048201e-06
-1.5136387086837302e-09,-4.682404769723298e-06,2.661998226542707e-06,-7.450710189199626e-05,1.7615206582480273e-06,-5.054296848658152e-06
-1.5883578662529482e-09,-4.682418364958846e-06,2.6775010478122973e-06,-7.530056937901376e-05,1.7597872581064996e-06,-5.322388964199647e-06
-1.664554224647284e-09,-4.68243265867252e-06,2.6926938102242074e-06,-7.605631375377468e-05,1.758332239573634e-06,-5.59076686418152e-06
-1.742174268373283e-09,-4.6824476561813255e-06,2.7075827149637663e-06,-7.677342061386705e-05,1.7571451308876466e-06,-5.858921157133802e-06
-1.8211619278632095e-09,-4.682463362109433e-06,2.722173838728157e-06,-7.745103383436145e-05,1.7562147174021924e-06,-6.126336859007044e-06
-1.9014586965660786e-09,-4.682479780067615e-06,2.736473137214531e-06,-7.808835725324413e-05,1.7555290623195533e-06,-6.392494976499064e-06
-1.983003643103063e-09,-4.6824969125227086e-06,2.750486446863311e-06,-7.868465625204547e-05,1.7550755337440354e-06,-6.656874121953919e-06
-2.06573353416988e-09,-4.6825147618931456e-06,2.7642194875601287e-06,-7.923925922833242e-05,1.7548408312776516e-06,-6.9189521549619355e-06
-2.1495828911799125e-09,-4.682533328913835e-06,2.777677864758286e-06,-7.975155895073965e-05,1.7548110241406296e-06,-7.178207845762121e-06
-2.2344840843213573e-09,-4.682552613688683e-06,2.7908670718618043e-06,-8.022101380031373e-05,1.7549715877363906e-06,-7.434122553757662e-06
-2.3203674212830585e-09,-4.682572615639666e-06,2.80379249172923e-06,-8.06471488911761e-05,1.755307446997642e-06,-7.686181913942068e-06
-2.4071612438226034e-09,-4.6825933331878085e-06,2.816459400752627e-06,-8.102955706661919e-05,1.755803026652169e-06,-7.933877528363273e-06
-2.494792015034194e-09,-4.682614764106905e-06,2.8288729686842806e-06,-8.136789977119024e-05,1.7564422990372216e-06,-8.176708653008302e-06
-2.5831844583916116e-09,-4.682636904592742e-06,2.8410382625157927e-06,-8.166190779099208e-05,1.7572088421330413e-06,-8.4141838749045e-06
-2.6722616356646276e-09,-4.682659750866778e-06,2.8529602471531795e-06,-8.191138186430937e-05,1.7580858983975228e-06,-8.6458227738582e-06
-2.7619450609483765e-09,-4.6826832971132525e-06,2.864643789242389e-06,-8.21161931553447e-05,1.759056434613166e-06,-8.871157560240832e-06
-2.8521548545324016e-09,-4.682707537633107e-06,2.876093657829075e-06,-8.227628359184092e-05,1.7601032088715769e-06,-9.089734684353468e-06
-2.9428098352906434e-09,-4.682732464795959e-06,2.8873145263965074e-06,-8.239166606092815e-05,1.7612088372087978e-06,-9.301116408280191e-06
-3.0338276445529666e-09,-4.6827580710479585e-06,2.8983109743461854e-06,-8.246242446230683e-05,1.762355861986187e-06,-9.504882336122149e-06
-3.125124914433989e-09,-4.682784347492864e-06,2.9090874908670957e-06,-8.248871361798995e-05,1.7635268250349246e-06,-9.700630893231236e-06
-3.2166173629457418e-09,-4.682811284274915e-06,2.919648473858911e-06,-8.247075903272021e-05,1.76470433983126e-06,-9.887980750210427e-06
-3.3082199679788632e-09,-4.682838870684249e-06,2.9299982345903456e-06,-8.240885650672717e-05,1.7658711627978545e-06,-1.0066572183062776e-05
-3.3998470695419946e-09,-4.6828670951496015e-06,2.9401409972072304e-06,-8.230337159605077e-05,1.7670102714801619e-06,-1.0236068364770637e-05
-3.4914125870645513e-09,-4.682895945427996e-06,2.9500809013538696e-06,-8.215473892276258e-05,1.7681049343933259e-06,-1.0396156580353091e-05
-3.58283008824817e-09,-4.682925408014352e-06,2.959822004559351e-06,-8.196346132753493e-05,1.769138786728739e-06,-1.0546549360599939e-05
-3.6740129968229547e-09,-4.682955468322639e-06,2.9693682831385625e-06,-8.173010887099766e-05,1.770095902480216e-06,-1.0686985526724501e-05
-3.76487474070792e-09,-4.682986112283828e-06,2.9787236329518144e-06,-8.145531767833116e-05,1.770960865868454e-06,-1.0817231143492716e-05
-3.855328891682601e-09,-4.683017322932477e-06,2.9878918727496445e-06,-8.113978862765077e-05,1.7717188407360651e-06,-1.0937080370448214e-05
-3.945289349479339e-09,-4.683049084340345e-06,2.996876744599372e-06,-8.078428588096117e-05,1.7723556382902744e-06,-1.1046356211052434e-05
-4.034670499576107e-09,-4.683081379037338e-06,3.0056819161236604e-06,-8.038963526345438e-05,1.7728577794007015e-06,-1.1144911151385964e-05
-4.123387358328495e-09,-4.683114188399961e-06,3.014310981258854e-06,-7.995672248282403e-05,1.773212556263164e-06,-1.1232627686023673e-05
-4.211355783804926e-09,-4.683147493943502e-06,3.022767461905399e-06,-7.948649119792223e-05,1.7734080911461367e-06,-1.1309418725851857e-05
-4.298492591490331e-09,-4.6831812755985705e-06,3.0310548098564993e-06,-7.897994093342829e-05,1.7734333894180386e-06,-1.1375227885093578e-05
-4.384715762510139e-09,-4.683215513253554e-06,3.039176408028601e-06,-7.843812484552514e-05,1.7732783855561316e-06,-1.1430029644377833e-05
-4.469944591502228e-09,-4.6832501860753555e-06,3.0471355709146906e-06,-7.78621473366962e-05,1.7729339894581455e-06,-1.1473829386258418e-05
-4.554099870488313e-09,-4.683285272196253e-06,3.0549355477263414e-06,-7.725316152763617e-05,1.772392124676107e-06,-1.150666330372358e-05
-4.6371040340354345e-09,-4.683320749275528e-06,3.062579521887299e-06,-7.661236658805236e-05,1.7716457608281133e-06,-1.152859817699191e-05
-4.71888135983503e-09,-4.68335659488495e-06,3.070070613586608e-06,-7.594100492635611e-05,1.7706889403154645e-06,-1.1539731021383896e-05
-4.799358117844735e-09,-4.6833927852838e-06,3.0774118805241138e-06,-7.52403592499022e-05,1.769516801552684e-06,-1.1540188602702625e-05
-4.878462700266466e-09,-4.683429296775308e-06,3.084606319004158e-06,-7.451174949488753e-05,1.7681255906781726e-06,-1.1530126824203505e-05
-4.956125877989527e-09,-4.683466105281222e-06,3.0916568653715943e-06,-7.375652963490233e-05,1.7665126725463862e-06,-1.1509729982544153e-05
-5.032280857055846e-09,-4.683503186007844e-06,3.098566398213983e-06,-7.297608437013196e-05,1.7646765310382178e-06,-1.1479209899569994e-05
-5.106863494563486e-09,-4.683540514235909e-06,3.105337736964157e-06,-7.217182571352982e-05,1.762616765443006e-06,-1.1438804927381966e-05
-5.179812434494427e-09,-4.683578063970307e-06,3.111973645655847e-06,-7.134518946807715e-05,1.7603340781971468e-06,-1.138877883366703e-05
-5.251069290216008e-09,-4.683615810215109e-06,3.1184768333095478e-06,-7.049763161478043e-05,1.757830256922057e-06,-1.1329419570885521e-05
-5.320578734286028e-09,-4.683653726389871e-06,3.1248499539218433e-06,-6.96306246131832e-05,1.7551081498428185e-06,-1.126103793247984e-05
-5.388288692083832e-09,-4.6836917869969e-06,3.1310956087726183e-06,-6.874565362671548e-05,1.752171635909897e-06,-1.1183966104139281e-05
-5.454150451668332e-09,-4.6837299651027e-06,3.137216347860346e-06,-6.784421268331681e-05,1.7490255855344715e-06,-1.1098556114409615e-05
-5.5181188045104215e-09,-4.683768234956583e-06,3.1432146687627876e-06,-6.69278007772175e-05,1.7456758184756054e-06,-1.1005178192557363e-05
-5.580152180578424e-09,-4.683806569473608e-06,3.149093020427378e-06,-6.599791793008531e-05,1.7421290568168493e-06,-1.0904219041460662e-05
-5.6402127497402566e-09,-4.683844942571591e-06,3.154853801890425e-06,-6.505606121797724e-05,1.7383928668233507e-06,-1.0796080033839136e-05
-5.698266559288156e-09,-4.683883328313523e-06,3.1604993641706258e-06,-6.4103720777641e-05,1.7344756028261755e-06,-1.0681175339594584e-05
-5.754283623557971e-09,-4.683921699248379e-06,3.1660320122501796e-06,-6.314237580704309e-05,1.7303863424928764e-06,-1.0559929994920529e-05
-5.808238034149672e-09,-4.683960030099955e-06,3.1714540045147263e-06,-6.217349057111493e-05,1.7261348183376303e-06,-1.0432777924490754e-05
-5.860108045353337e-09,-4.683998294202346e-06,3.1767675538111447e-06,-6.11985104284821e-05,1.7217313456667535e-06,-1.0300159923000003e-05
-5.909876194177005e-09,-4.684036466507973e-06,3.1819748288041955e-06,-6.021885789227736e-05,1.7171867496098232e-06,-1.0162521611807644e-05
-5.95752930678165e-09,-4.684074520695906e-06,3.187077954874591e-06,-5.923592874335612e-05,1.7125122850066686e-06,-1.0020311378553332e-05
-6.003058672005459e-09,-4.684112432019752e-06,3.192079015335675e-06,-5.825108820690574e-05,1.7077195598772727e-06,-9.873978314010674e-06
-6.046460029366665e-09,-4.684150175818707e-06,3.196980051352979e-06,-5.7265667213209664e-05,1.7028204517956955e-06,-9.72397015492218e-06
-6.08773362921933e-09,-4.684187726978216e-06,3.201783063387332e-06,-5.6280958756222285e-05,1.6978270298739724e-06,-9.570731248996744e-06
-6.126884327248749e-09,-4.684225062604697e-06,3.2064900118095738e-06,-5.529821436871731e-05,1.6927514688908318e-06,-9.414700549771788e-06
-6.163921576824844e-09,-4.684262158965621e-06,3.21110281852701e-06,-5.4318640729663794e-05,1.6876059709534463e-06,-9.256309657896458e-06
-6.1988595048178346e-09,-4.6842989930218766e-06,3.215623365609457e-06,-5.334339642536817e-05,1.6824026851834797e-06,-9.095980918175264e-06
-6.231716889429982e-09,-4.684335543164846e-06,3.220053498361506e-06,-5.237358887826018e-05,1.677153627714496e-06,-8.934125585819907e-06
-6.262517217488093e-09,-4.684371787575104e-06,3.2243950252933568e-06,-5.141027146430575e-05,1.6718706084911069e-06,-8.77114207419107e-06
-6.2912886737772414e-09,-4.684407705532105e-06,3.2286497189187733e-06,-5.045444084058546e-05,1.6665651539080767e-06,-8.607414295312668e-06
-6.318064150517776e-09,-4.68444327769492e-06,3.2328193154767293e-06,-4.9507034496250026e-05,1.661248442331043e-06,-8.443310105662508e-06
-6.342881245091194e-09,-4.6844784843480815e-06,3.23690551625831e-06,-4.856892855438645e-05,1.655931236094668e-06,-8.279179867883542e-06
-6.365782229803831e-09,-4.684513307465524e-06,3.240909990042994e-06,-4.7640935835786155e-05,1.6506238211591846e-06,-8.115355139656624e-06
-6.3868140620195016e-09,-4.684547729507357e-06,3.244834371310716e-06,-4.67238042142579e-05,1.645335950969727e-06,-7.952147500365183e-06
-6.406028347657007e-09,-4.68458173434006e-06,3.2486802614645457e-06,-4.581821527691934e-05,1.6400768000873463e-06,-7.789847526959247e-06
-6.423481308502183e-09,-4.684615306359459e-06,3.252449230417326e-06,-4.4924783313114986e-05,1.634854915544592e-06,-7.628723925569155e-06
-6.43923375444154e-09,-4.684648431123027e-06,3.2561428171948725e-06,-4.404405465427602e-05,1.6296781844269473e-06,-7.46902283178903e-06
-6.453351032387696e-09,-4.684681095937469e-06,3.2597625286607167e-06,-4.317650738170837e-05,1.6245538017799574e-06,-7.3109672857362594e-06
-6.4659030256103475e-09,-4.684713288207982e-06,3.2633098423504434e-06,-4.232255143017585e-05,1.619488246779747e-06,-7.154756890713235e-06
-6.476964045955692e-09,-4.684744996625558e-06,3.2667862067927453e-06,-4.1482529101821994e-05,1.614487268959406e-06,-7.000567663339901e-06
-6.486612827469012e-09,-4.68477621140094e-06,3.2701930408949515e-06,-4.065671601874158e-05,1.6095558798790082e-06,-6.8485520818323455e-06
-6.494932492397341e-09,-4.684806924275591e-06,3.2735317350092417e-06,-3.984532253263142e-05,1.6046983526078783e-06,-6.698839338658523e-06
-6.502010441504312e-09,-4.684837127735321e-06,3.2768036519808132e-06,-3.9048495614168896e-05,1.599918231095307e-06,-6.551535805106666e-06
-6.507938386236689e-09,-4.684866815659498e-06,3.28001012743337e-06,-3.8266321247986765e-05,1.5952183461072012e-06,-6.406725710056164e-06
-6.512812216831845e-09,-4.684895983188654e-06,3.2831524695746365e-06,-3.7498827351118394e-05,1.5906008399719994e-06,-6.264472042498776e-06
-6.516732022195541e-09,-4.684924626988655e-06,3.286231961761838e-06,-3.674598724455676e-05,1.5860672010492987e-06,-6.124817679142403e-06
-6.522040525790942e-09,-4.684952741284109e-06,4.2448669517968165e-06,-3.60267101955328e-05,1.1941305029936813e-06,-5.987786786240654e-06
-6.525947790877638e-09,-4.684980330360387e-06,4.946793962946074e-06,-3.5316787365754415e-05,9.063497083331705e-07,-5.853386274264659e-06
-6.528678388799151e-09,-4.685007393514102e-06,5.433210350598628e-06,-3.4616873475459424e-05,7.060169199279156e-07,-5.7216077847232194e-06
-6.530459546134328e-09,-4.685033932539989e-06,5.745790384906957e-06,-3.392759797431028e-05,5.762320427448147e-07,-5.592429714571843e-06
-6.531521043498875e-09,-4.685059949960342e-06,5.926672424034819e-06,-3.3249571370567206e-05,4.999075439048839e-07,-5.465819545528885e-06
-6.532095139986193e-09,-4.685085450946189e-06,6.018448992135279e-06,-3.258339231484056e-05,4.597721381320812e-07,-5.341736428199967e-06
-6.532416562146259e-09,-4.6851104414184964e-06,6.064160114129831e-06,-3.1929655474017395e-05,4.383732683613173e-07,-5.220134028005128e-06
-6.5326829129112805e-09,-4.685134930078755e-06,6.100037773206021e-06,-3.128881601562697e-05,4.210188836462614e-07,-5.1009635986255265e-06
-6.532909932485782e-09,-4.685158926443311e-06,6.1333401278568956e-06,-3.0660756408319025e-05,4.04764891862299e-07,-4.984176542066827e-06
-6.532975704869932e-09,-4.68518243989013e-06,6.163576912920002e-06,-3.004521029119451e-05,3.898089516157177e-07,-4.869725191817188e-06
-6.532734289683075e-09,-4.685205478225439e-06,6.1901533895004676e-06,-2.944191436022837e-05,3.7639110373495056e-07,-4.757562834303587e-06
-6.532040208390723e-09,-4.685228047426056e-06,6.212487943746457e-06,-2.8850610603387374e-05,3.6474608887136585e-07,-4.647643690262754e-06
-6.530748502667782e-09,-4.6852501511161155e-06,6.230011833153838e-06,-2.827104619505783e-05,3.5510345005505134e-07,-4.539922896256198e-06
-6.528714683720968e-09,-4.6852717913713855e-06,6.242168934706998e-06,-2.7702973393582914e-05,3.4768763422505767e-07,-4.434356485685632e-06
-6.525794771808663e-09,-4.685292967836206e-06,6.24841549842856e-06,-2.7146149441132324e-05,3.4271809212396227e-07,-4.330901371806798e-06
-6.526476297356181e-09,-4.685313672908675e-06,6.245727504665994e-06,-2.6600286844864325e-05,3.414195121100501e-07,-4.229515328843225e-06
-6.52331235015162e-09,-4.6853339728734424e-06,6.237565472694498e-06,-2.6065231766411617e-05,3.423885213166463e-07,-4.130156976427407e-06
-6.5193181664483384e-09,-4.6853538221387385e-06,6.221692369893968e-06,-2.55407213688628e-05,3.465308966304324e-07,-4.032785761139199e-06
-6.514404784108427e-09,-4.685373218811461e-06,6.197587707694832e-06,-2.5026531374425957e-05,3.5405674226295335e-07,-3.937361941043398e-06
-6.508483563175394e-09,-4.6853921606259264e-06,6.1647427248195366e-06,-2.452244202225296e-05,3.6517142904642326e-07,-3.843846568364562e-06
-6.501466185295395e-09,-4.685410643992358e-06,6.122660140550112e-06,-2.402823797875023e-05,3.8007569348660666e-07,-3.7522014751653465e-06
-6.493264651968615e-09,-4.685428664077277e-06,6.0708539131779055e-06,-2.3543708247667875e-05,3.989657357200507e-07,-3.6623892563047987e-06
-6.483791287877586e-09,-4.685446215639982e-06,6.008849002214433e-06,-2.306864608596233e-05,4.2203331578037207e-07,-3.5743732549223738e-06
-6.472958713683787e-09,-4.6854632912439855e-06,5.936181131253678e-06,-2.2602848918216073e-05,4.494658495925619e-07,-3.488117546950551e-06
-6.460679883533123e-09,-4.685479883364821e-06,5.852396555498168e-06,-2.2146118252056728e-05,4.814465030721814e-07,-3.4035869274315044e-06
-6.446868039171503e-09,-4.685495983351704e-06,5.757051829970772e-06,-2.1698259598905494e-05,5.181542859466939e-07,-3.320746895223984e-06
-6.4314367442729225e-09,-4.685511581446508e-06,5.64971358016782e-06,-2.1259082393393453e-05,5.597641441240472e-07,-3.2395636388759162e-06
-6.414299886767375e-09,-4.685526666669174e-06,5.529958276911396e-06,-2.0828399914110245e-05,6.064470512815068e-07,-3.1600040234962047e-06
-6.395371617987571e-09,-4.685541228191969e-06,5.3973720127731716e-06,-2.040602920823865e-05,6.583700991549615e-07,-3.082035576932618e-06
-6.374566426548366e-09,-4.685555253313502e-06,5.251550280855296e-06,-1.9991791015856083e-05,7.156965870178486e-07,-3.0056264763105383e-06
-6.351799094686924e-09,-4.685568729356579e-06,5.092097755839664e-06,-1.958550969479127e-05,7.785861101119003e-07,-2.930745535404329e-06
-6.326984676954226e-09,-4.685581641631577e-06,4.918628078369639e-06,-1.9187013151143007e-05,8.471946471683479e-07,-2.857362191592403e-06
-6.300038562611239e-09,-4.685593975329672e-06,4.730763641041799e-06,-1.879613276602412e-05,9.216746467672651e-07,-2.7854464934506355e-06
-6.270876410855752e-09,-4.685605714817744e-06,4.528135376779676e-06,-1.8412703326635246e-05,1.002175113045165e-06,-2.714969088567837e-06
-6.239414175979476e-09,-4.685616843873398e-06,4.310382550190101e-06,-1.803656295789361e-05,1.0888416900659503e-06,-2.645901211971838e-06
-6.2055681092884855e-09,-4.685627344747699e-06,4.0771525503406976e-06,-1.766755305750337e-05,1.1818167456935304e-06,-2.5782146733620904e-06
-6.169254735917613e-09,-4.685637199859051e-06,3.828100686499683e-06,-1.7305518227584205e-05,1.2812394539717117e-06,-2.511881846923516e-06
-6.1303908795345895e-09,-4.6856463901876885e-06,3.562889986459412e-06,-1.695030621218387e-05,1.3872458771493886e-06,-2.4468756587811527e-06
-6.088893647793752e-09,-4.685654896643994e-06,3.2811909954818725e-06,-1.6601767834346536e-05,1.4999690465095742e-06,-2.3831695769250193e-06
-6.044680410590971e-09,-4.685662699252135e-06,2.982681579775347e-06,-1.6259756933403036e-05,1.6195390420348515e-06,-2.320737599913752e-06
-5.997668847617869e-09,-4.685669776986508e-06,2.667046731266107e-06,-1.5924130306368704e-05,1.7460830717823012e-06,-2.259554246161094e-06
-5.9477768905899054e-09,-4.685676108263811e-06,2.3339783739456575e-06,-1.5594747645899384e-05,1.8797255497050213e-06,-2.199594544082813e-06
-5.894922737494865e-09,-4.685681671203957e-06,1.9831751726836742e-06,-1.5271471484242466e-05,2.0205881730218818e-06,-2.140834021133381e-06
-5.839024900831565e-09,-4.685686443230229e-06,1.6143423432784751e-06,-1.4954167135744383e-05,2.168789998901931e-06,-2.08324869467453e-06
-5.780002115231192e-09,-4.685690400787302e-06,1.2271914692003633e-06,-1.4642702640024119e-05,2.3244475193172365e-06,-2.0268150612339854e-06
-5.7177734148992e-09,-4.685693519968841e-06,8.214403125317941e-07,-1.4336948709476346e-05,2.4876747363310503e-06,-1.9715100877070687e-06
-5.652258070406357e-09,-4.685695776270035e-06,3.968126359376693e-07,-1.4036778672444523e-05,2.65858323535481e-06,-1.9173112016978977e-06
-5.583375656600989e-09,-4.685697144893824e-06,-4.696198105781817e-08,-1.3742068422722056e-05,2.837282258513636e-06,-1.8641962823879192e-06
-5.511045971944514e-09,-4.6856975999456e-06,-5.101483193951319e-07,-1.3452696367610027e-05,3.0238787764819906e-06,-1.8121436509326167e-06
-5.435189093618161e-09,-4.6856971152267665e-06,-9.930056955484014e-07,-1.3168543376418749e-05,3.2184775597105423e-06,-1.7611320625235284e-06
-5.355725352770674e-09,-4.685695664022309e-06,-1.4957881375899102e-06,-1.2889492732743998e-05,3.421181249154233e-06,-1.7111406970347414e-06
-5.2725753255955446e-09,-4.685693219114851e-06,-2.0187445556660506e-06,-1.261543008274619e-05,3.6320904255451824e-06,-1.662149150946139e-06
-5.185659843032695e-09,-4.685689752938862e-06,-2.562118913179357e-06,-1.2346243390756924e-05,3.851303678334717e-06,-1.6141374285727492e-06
-5.094899993917311e-09,-4.685685237407695e-06,-3.1261503954805573e-06,-1.2081822890111395e-05,4.07891767386373e-06,-1.5670859345986175e-06
-5.00021711456256e-09,-4.685679643644637e-06,-3.711073574074848e-06,-1.1822061038865622e-05,4.3150272222179975e-06,-1.520975465028594e-06
-4.901532764403526e-09,-4.685672941981798e-06,-4.3171185738851054e-06,-1.1566852473515175e-05,4.559725344063094e-06,-1.4757872004993533e-06
-4.798768780114067e-09,-4.685665103333509e-06,-4.944511232640307e-06,-1.1316093966599541e-05,4.813103335810612e-06,-1.4315026976475102e-06
-4.691847220666497e-09,-4.6856560980247356e-06,-5.593473263023271e-06,-1.1069684381641846e-05,5.07525083474843e-06,-1.3881038825316601e-06
-4.5806903773409426e-09,-4.685645894480647e-06,-6.264222410618454e-06,-1.0827524632418344e-05,5.346255883141602e-06,-1.345573042083772e-06
-4.465220785754445e-09,-4.685634462524852e-06,-6.9569726110178405e-06,-1.0589517640673525e-05,5.626204991356322e-06,-1.3038928181973344e-06
-4.345361210777928e-09,-4.685621770327361e-06,-7.671934143600164e-06,-1.035556829550046e-05,5.915183200469208e-06,-1.2630461992342669e-06
-4.221034663951737e-09,-4.685607786730286e-06,-8.40931378637105e-06,-1.0125583413720306e-05,6.213274144243495e-06,-1.223016514279598e-06
-4.092164358954657e-09,-4.685592478844038e-06,-9.169314963980036e-06,-9.899471700594826e-06,6.520560109727835e-06,-1.1837874258973738e-06
-3.961098438880155e-09,-4.685575812399408e-06,-8.917186287956713e-06,-9.69763084179825e-06,6.4175088773252936e-06,-1.1453429703226299e-06
-3.825314786434335e-09,-4.685557756666649e-06,-8.670100176116273e-06,-9.499837912039161e-06,6.31652576809825e-06,-1.107667411898039e-06
-3.6847369127985968e-09,-4.685538277388607e-06,-8.427955778128655e-06,-9.306012536889521e-06,6.217569791952421e-06,-1.070745373640015e-06
-3.5392885162863525e-09,-4.685517340318882e-06,-8.190654259635685e-06,-9.11607596725736e-06,6.120600790499023e-06,-1.0345617866203003e-06
-3.388893486665722e-09,-4.685494910556373e-06,-7.958098763571098e-06,-8.929951050073695e-06,6.025579419764125e-06,-9.991018831104076e-07
-3.233475898271646e-09,-4.685470952544962e-06,-7.73019436904557e-06,-8.747562192762336e-06,5.932467133725218e-06,-9.643511906975213e-07
-3.072960017946877e-09,-4.685445431420324e-06,-7.50684805506125e-06,-8.568835336036535e-06,5.841226172077138e-06,-9.302955267612018e-07
-2.90727028988909e-09,-4.685418310716309e-06,-7.287968659727939e-06,-8.393697920589403e-06,5.751819538831097e-06,-8.969209919786598e-07
-2.73633134044024e-09,-4.685389554033767e-06,-7.073466844953332e-06,-8.222078859779799e-06,5.664210992759677e-06,-8.642139655508623e-07
-2.5600679936462644e-09,-4.685359125951173e-06,-6.863255059797764e-06,-8.053908507877295e-06,5.578365029246171e-06,-8.321610986800378e-07
-2.3784052326926428e-09,-4.6853269882490835e-06,-6.657247502989576e-06,-7.889118633858437e-06,5.494246865207737e-06,-8.007493096292637e-07
-2.191268242131038e-09,-4.685293104857549e-06,-6.455360090637431e-06,-7.727642392538558e-06,5.411822427455191e-06,-7.699657786987543e-07
-1.998582365477608e-09,-4.685257437913495e-06,-6.257510420238192e-06,-7.569414295481622e-06,5.331058337283674e-06,-7.397979423140055e-07
-1.8002731192484418e-09,-4.685219950031089e-06,-6.063617737120874e-06,-7.414370187128216e-06,5.251921895483988e-06,-7.102334883073976e-07
-1.5962662142770114e-09,-4.685180602767852e-06,-5.873602901834444e-06,-7.262447216038656e-06,5.174381068922555e-06,-6.812603508112395e-07
-1.3864875155807857e-09,-4.685139358479701e-06,-5.687388357120373e-06,-7.1135838094668405e-06,5.098404480529813e-06,-6.528667054838631e-07
-1.1708630619361029e-09,-4.685096177675301e-06,-5.5048980974558534e-06,-6.9677196491554185e-06,5.023961393149934e-06,-6.250409639863302e-07
-9.493190724536993e-10,-4.685051022040723e-06,-5.326057637688963e-06,-6.82479564446653e-06,4.951021696607346e-06,-5.977717706518183e-07
-7.217819128978179e-10,-4.685003852848285e-06,-5.150793981371464e-06,-6.684753911063695e-06,4.879555898553162e-06,-5.710479961296442e-07
-4.881781346478057e-10,-4.6849546303899265e-06,-4.979035593607086e-06,-6.547537744264746e-06,4.809535108029527e-06,-5.448587344987551e-07
-2.4843442967903e-10,-4.684903315024752e-06,-4.810712368606611e-06,-6.413091596613631e-06,4.740931025266216e-06,-5.191932972170549e-07
-2.4776865023546646e-12,-4.68484986709775e-06,-4.64575560345801e-06,-6.281361054786192e-06,4.67371593143692e-06,-4.940412102348847e-07
-2.8563242785403134e-12,-4.684794247557392e-06,-4.4840976841922846e-06,-6.1515853948785644e-06,4.607740864472458e-06,-4.6939223857908473e-07
-3.227382320828228e-12,-4.684739735637814e-06,-4.325672918586263e-06,-6.024397918255645e-06,4.543097240147586e-06,-4.4523629365934694e-07
-3.591006846311027e-12,-4.684686309279204e-06,-4.170416643954997e-06,-5.899746596127366e-06,4.4797588629702855e-06,-4.2156351751145625e-07
-3.9473613332330734e-12,-4.684633946898899e-06,-4.018265490765739e-06,-5.777580435241975e-06,4.417700070234901e-06,-3.983642493443612e-07
-4.296571134302854e-12,-4.6845826268355754e-06,-3.869157356784881e-06,-5.657849455458211e-06,4.356895722378764e-06,-3.756290214046463e-07
-4.6387888793095165e-12,-4.684532328663011e-06,-3.723031381427363e-06,-5.540504672202525e-06,4.297321191825511e-06,-3.533485557569248e-07
-4.974151028753181e-12,-4.684483031741919e-06,-3.57982792189804e-06,-5.425498072487063e-06,4.238952353315244e-06,-3.315137600095416e-07
-5.302812038685956e-12,-4.684434715778379e-06,-3.439488528017884e-06,-5.312782599365365e-06,4.181765573311159e-06,-3.101157234843369e-07
-5.624884708165521e-12,-4.684387361417394e-06,-3.3019559184523574e-06,-5.202312130059872e-06,4.125737700817849e-06,-2.891457139137855e-07
-5.940501323332144e-12,-4.6843409496784924e-06,-3.1671739581113163e-06,-5.094041458974439e-06,4.07084605770397e-06,-2.685951741103704e-07
-6.2498223974291755e-12,-4.684295461489744e-06,-3.0350876336252995e-06,-4.987926278264394e-06,4.017068428896625e-06,-2.4845571783104474e-07
-6.552932696383532e-12,-4.684250878233577e-06,-2.905643032445847e-06,-4.8839231607381216e-06,3.964383053443746e-06,-2.2871912622456265e-07
-6.8499792588874695e-12,-4.684207182197797e-06,-2.778787320407762e-06,-4.7819895410933525e-06,3.912768615525421e-06,-2.0937734594414074e-07
-7.1410870175657745e-12,-4.684164355326487e-06,-2.6544687199505098e-06,-4.682083699706984e-06,3.8622042353459565e-06,-1.9042248395720884e-07
-7.42635856407832e-12,-4.684122380482119e-06,-2.5326364890546394e-06,-4.584164744981659e-06,3.812669460822271e-06,-1.718468054637774e-07
-7.705924944556664e-12,-4.684081240215424e-06,-2.4132408999943394e-06,-4.4881925971356725e-06,3.7641442586790476e-06,-1.5364273053805788e-07
-7.979884275005367e-12,-4.684040917962119e-06,-2.29623322033024e-06,-4.394127971881887e-06,3.7166090065615104e-06,-1.3580283101987167e-07
-8.248376087978856e-12,-4.6840013978051635e-06,-2.181565691771055e-06,-4.301932364106671e-06,3.670044484427693e-06,-1.1831982737831204e-07
-8.511479073120891e-12,-4.683962663137026e-06,-2.06919151162182e-06,-4.211568033103191e-06,3.624431866660548e-06,-1.0118658563090942e-07
-8.769328368331684e-12,-4.6839246986381925e-06,-1.959064813039261e-06,-4.122997987582689e-06,3.579752714269889e-06,-8.439611484566511e-08
-9.022005711926501e-12,-4.683887488476196e-06,-1.8511406466316039e-06,-4.036185967466126e-06,3.535988967321527e-06,-6.794156400471375e-08
-9.269632149890777e-12,-4.683851018298816e-06,-1.7453749615298409e-06,-3.951096433780499e-06,3.4931229372785215e-06,-5.181621922878959e-08
-9.512303581063327e-12,-4.683815272432242e-06,-1.6417245884321995e-06,-3.8676945515607744e-06,3.4511372993793697e-06,-3.601350094620207e-08
-9.750112992034151e-12,-4.683780237041451e-06,-1.5401472213252767e-06,-3.785946176082509e-06,3.4100150856950633e-06,-2.052696150588247e-08
-9.983161152498297e-12,-4.683745897708968e-06,-1.440601399847247e-06,-3.7058178389834695e-06,3.369739677860734e-06,-5.35028229084196e-09
-1.0211557057112755e-11,-4.683712240374094e-06,-1.3430464934534384e-06,-3.627276735495518e-06,3.3302948004171166e-06,9.5227288353125e-09
-1.0435375586350514e-11,-4.683679251303218e-06,-1.2474426838692128e-06,-3.550290710566277e-06,3.291664513539288e-06,2.409813974879209e-08
-1.0654711009539766e-11,-4.683646917234928e-06,-1.153750949103675e-06,-3.4748282454249124e-06,3.2538332063528964e-06,3.838189709095143e-08
-1.0869656327193025e-11,-4.683615225418277e-06,-1.061933047896057e-06,-3.4008584461463353e-06,3.2167855908872034e-06,5.237982815564162e-08
-1.108030212275174e-11,-4.683584162832512e-06,-9.71951503740844e-07,-3.3283510296619184e-06,3.1805066954247397e-06,6.609764366473279e-08
-1.1286736104662885e-11,-4.683553716625411e-06,-8.837695897068893e-07,-3.257276312767823e-06,3.144981857882903e-06,7.954093990526833e-08
-1.1489028726804244e-11,-4.683523874764851e-06,-7.973513129062026e-07,-3.187605198912905e-06,3.1101967198679457e-06,9.271520092212521e-08
-1.1687283503766418e-11,-4.683494625185912e-06,-7.126614009189628e-07,-3.1193091679842394e-06,3.0761372206312356e-06,1.0562580087721245e-07
-1.1881572083554234e-11,-4.683465956021369e-06,-6.296652864992017e-07,-3.0523602637611897e-06,3.0427895909209785e-06,1.1827800638090989e-07
-1.207196489039087e-11,-4.683437855196677e-06,-5.483290935360138e-07,-2.9867310819246107e-06,3.0101403476600654e-06,1.306769783794187e-07
-1.2258548804932303e-11,-4.683410311770605e-06,-4.6861962387200563e-07,-2.9223947603975276e-06,2.978176287832419e-06,1.4282777426416436e-07
-1.2441394781033086e-11,-4.683383314506185e-06,-3.905043432767965e-07,-2.8593249687976613e-06,2.9468844832827606e-06,1.5473535014772645e-07
-1.2620589106161647e-11,-4.6833568525308284e-06,-3.139513680825809e-07,-2.7974958958915538e-06,2.9162522743174335e-06,1.664045627511895e-07
-1.279620028186045e-11,-4.683330915158498e-06,-2.389294517480396e-07,-2.7368822411565468e-06,2.886267265423841e-06,1.77840171402524e-07
-1.296828944219752e-11,-4.683305492066102e-06,-1.6540797345699042e-07,-2.677459203123114e-06,2.8569173195145826e-06,1.8904683984067163e-07
-1.3136934622031951e-11,-4.683280572389783e-06,-9.335692471349752e-08,-2.6192024697156156e-06,2.8281905526220584e-06,2.0002913843596732e-07
-1.3302209322554677e-11,-4.68325614672343e-06,-2.2746896769019458e-08,-2.5620882104804415e-06,2.800075329122134e-06,2.107915457721914e-07
-1.3464177221267628e-11,-4.6832322045088015e-06,4.645093060682838e-08,-2.506093063374071e-06,2.7725602567922297e-06,2.213384504228916e-07
-1.3622902982982621e-11,-4.6832087370436495e-06,1.1426480145121105e-07,-2.4511941287675976e-06,2.7456341817108765e-06,2.3167415294977456e-07
-1.3778457933614791e-11,-4.683185733669648e-06,1.8072239452394964e-07,-2.3973689573450347e-06,2.7192861836163015e-06,2.4180286773454023e-07
-1.3930890797645255e-11,-4.683163186125854e-06,2.4585083542776313e-07,-2.344595544107861e-06,2.6935055713684323e-06,2.517287242278741e-07
-1.4080280171476116e-11,-4.683141084570744e-06,3.0967670758367227e-07,-2.292852316717433e-06,2.668281877919295e-06,2.6145576914210536e-07
-1.4226675880569957e-11,-4.6831194204570884e-06,3.7222606164147536e-07,-2.2421181285003515e-06,2.6436048563680386e-06,2.7098796789448363e-07
-1.4370142592103992e-11,-4.68309818476137e-06,4.3352442851270243e-07,-2.1923722493444066e-06,2.6194644752823674e-06,2.803292060504456e-07
-1.4510740575373988e-11,-4.683077369092585e-06,4.935968276428738e-07,-2.1435943579268047e-06,2.595850914455157e-06,2.8948329104444355e-07
-1.464852100596045e-11,-4.683056965171155e-06,5.524677782044164e-07,-2.095764533165243e-06,2.5727545606231038e-06,2.984539538452589e-07
-1.4783555661999785e-11,-4.68303696450543e-06,6.101613094639856e-07,-2.0488632462241036e-06,2.5501660033224034e-06,3.072448505380512e-07
-1.49158861406853e-11,-4.683017359306342e-06,6.667009693637816e-07,-2.0028713524096427e-06,2.528076030828554e-06,3.158595631847629e-07
-1.5045556405951945e-11,-4.682998141775467e-06,7.221098354559322e-07,-1.9577700849525496e-06,2.50647562640882e-06,3.2430160198903844e-07
-1.5172647213389092e-11,-4.682979303703925e-06,7.764105234090103e-07,-1.913541044904747e-06,2.485355964113467e-06,3.325744066562233e-07
-1.5297185316120873e-11,-4.682960837672575e-06,8.296251967318342e-07,-1.8701661966983298e-06,2.464708404869696e-06,3.406813471427557e-07
-1.541923949500438e-11,-4.682942736253747e-06,8.817755757220443e-07,-1.8276278590415728e-06,2.4445244930235525e-06,3.486257258488347e-07
-1.5538837983640274e-11,-4.682924992444099e-06,9.328829461560726e-07,-1.7859086982574378e-06,2.424795952421255e-06,3.564107782567828e-07
-1.5656056328608124e-11,-4.682907598480627e-06,9.829681684328322e-07,-1.744991721622084e-06,2.405514682946531e-06,3.640396748739198e-07
-1.5770926039274622e-11,-4.682890548115414e-06,1.0320516852407393e-06,-1.7048602708144114e-06,2.386672757301664e-06,3.715155218709275e-07
-1.588349069564758e-11,-4.682873833633817e-06,1.0801535305159437e-06,-1.6654980145884492e-06,2.3682624167407658e-06,3.7884136316349837e-07
-1.599381944529905e-11,-4.682857449027523e-06,1.1272933378301493e-06,-1.6268889428890396e-06,2.3502760680921464e-06,3.860201804678349e-07
-1.6101930639757513e-11,-4.682841387442619e-06,1.173490348185449e-06,-1.5890173609675317e-06,2.332706280785666e-06,3.9305489568761384e-07
-1.6207878436468986e-11,-4.682825642320246e-06,1.2187634171388264e-06,-1.5518678803888486e-06,2.315545783092293e-06,3.999483714413212e-07
-1.6311703868921058e-11,-4.682810207365326e-06,1.2631310233882693e-06,-1.5154254174770597e-06,2.2987874592663667e-06,4.0670341256104995e-07
-1.6413458511889772e-11,-4.682795076448478e-06,1.3066112764503805e-06,-1.47967518321224e-06,2.282424345871003e-06,4.133227663977883e-07
-1.651317268877975e-11,-4.682780243759274e-06,1.3492219228486053e-06,-1.4446026802327552e-06,2.2664496294420567e-06,4.1980912520839065e-07
-1.6610894508662747e-11,-4.682765702766068e-06,1.3909803550643301e-06,-1.4101936951746202e-06,2.2508566426010113e-06,4.2616512634984913e-07
-1.6706663201783604e-11,-4.6827514477218966e-06,1.431903617313501e-06,-1.376434294119485e-06,2.235638861950073e-06,4.323933535560398e-07
-1.6800511813073248e-11,-4.682737473422658e-06,1.4720084126720949e-06,-1.343310816044222e-06,2.220789904827113e-06,4.384963380201752e-07
-1.6892479092490414e-11,-4.6827237736600985e-06,1.5113111106760681e-06,-1.3108098694901656e-06,2.2063035260950784e-06,4.4447655931072856e-07
-1.6982618767135186e-11,-4.6827103434479974e-06,1.549827753297795e-06,-1.278918325790659e-06,2.1921736160175484e-06,4.5033644662042084e-07
-1.7070948460219838e-11,-4.682697177140372e-06,1.5875740615082345e-06,-1.2476233124096353e-06,2.178394196986767e-06,4.5607837921029286e-07
-1.7157504196790493e-11,-4.68268426912639e-06,1.6245654420931957e-06,-1.2169122122753988e-06,2.164959421031863e-06,4.6170468807503904e-07
-1.7242338535504856e-11,-4.682671615079873e-06,1.6608169933870078e-06,-1.186772653899561e-06,2.1518635676466772e-06,4.6721765622053963e-07
-1.732546765831816e-11,-4.682659209068869e-06,1.696343511992472e-06,-1.1571925103777664e-06,2.1391010401721433e-06,4.7261951991285964e-07
-1.740694211033392e-11,-4.68264704658099e-06,1.7311594984733428e-06,-1.1281598923952119e-06,2.1266663640729595e-06,4.779124696774323e-07
-1.7486787154402334e-11,-4.682635122521111e-06,1.7652791635567812e-06,-1.0996631444518192e-06,2.114554184443622e-06,4.83098650687629e-07
-1.7565024885833942e-11,-4.6826234322112874e-06,1.7987164334702052e-06,-1.0716908403102553e-06,2.102759263119794e-06,4.881801641525274e-07
-1.764170926426402e-11,-4.682611971540989e-06,1.831484956316408e-06,-1.044231778665994e-06,2.09127647676502e-06,4.931590677332342e-07
-1.7716849483324015e-11,-4.682600735212012e-06,1.8635981065779496e-06,-1.017274977818188e-06,2.080100814328168e-06,4.980373767363629e-07
-1.7790485954926518e-11,-4.6825897186238915e-06,1.8950689919302678e-06,-9.908096728940471e-07,2.069227374742856e-06,5.028170645581163e-07
-1.7862662634862415e-11,-4.682578918155622e-06,1.9259104579357573e-06,-9.648253112968699e-07,2.0586513645358047e-06,5.075000635446989e-07
-1.7933382303711676e-11,-4.682568328504399e-06,1.9561350925711463e-06,-9.39311546932827e-07,2.0483680960206503e-06,5.120882659915033e-07
-1.8002693674352677e-11,-4.682557946265678e-06,1.9857552327373934e-06,-9.142582392117092e-07,2.0383729847085355e-06,5.165835243373984e-07
-1.8070619061409004e-11,-4.682547766955772e-06,2.0147829681539294e-06,-8.89655447162692e-07,2.0286615475201304e-06,5.209876528022933e-07
-1.813718042668635e-11,-4.682537786222822e-06,2.043230146732075e-06,-8.654934255485087e-07,2.019229400781674e-06,5.253024268875271e-07
-1.8202411440504064e-11,-4.6825280007778486e-06,2.0711083794792546e-06,-8.417626222008662e-07,2.0100722575475192e-06,5.295295851244663e-07
-1.8266336606085604e-11,-4.682518406289378e-06,2.0984290458465814e-06,-8.184536743566654e-07,2.001185926095334e-06,5.336708290467382e-07
-1.8328987328433926e-11,-4.6825089990720145e-06,2.1252032966025188e-06,-7.95557403883998e-07,1.9925663083037765e-06,5.377278242726887e-07
-1.839038635416104e-11,-4.682499775208512e-06,2.1514420601039267e-06,-7.730648147285919e-07,1.9842093970361743e-06,5.417022009772204e-07
-1.845055214555011e-11,-4.6824907315862976e-06,2.17715604618578e-06,-7.509670903602585e-07,1.976111274511252e-06,5.455955542803649e-07
-1.850951794397053e-11,-4.682481863803952e-06,2.2023557504908434e-06,-7.292555881107174e-07,1.968268110429264e-06,5.494094451909584e-07
-1.856729786713974e-11,-4.682473168498628e-06,2.227051458630901e-06,-7.079218381743564e-07,1.9606761606120364e-06,5.531454012172634e-07
-1.862392574855253e-11,-4.682464642611603e-06,2.251253250199544e-06,-6.869575402775303e-07,1.953331764460356e-06,5.568049165890044e-07
-1.8679421230230565e-11,-4.682456282563565e-06,2.2749710038556966e-06,-6.663545586825205e-07,1.9462313437371185e-06,5.603894529234898e-07
-1.8733810315305577e-11,-4.682448084919599e-06,2.298214400217001e-06,-6.461049215213702e-07,1.939371400820091e-06,5.639004398917452e-07
-1.8787102502138583e-11,-4.682440046525212e-06,2.320992926374914e-06,-6.262008169100698e-07,1.9327485168579486e-06,5.673392758568814e-07
-1.8839338871842594e-11,-4.682432164349359e-06,2.343315879375224e-06,-6.066345897288841e-07,1.926359350168746e-06,5.707073278185764e-07
-1.8890524763927847e-11,-4.682424435022629e-06,2.3651923711542568e-06,-5.873987395128955e-07,1.920200634389452e-06,5.740059325510499e-07
-1.8940687695137345e-11,-4.682416855503605e-06,2.3866313308110447e-06,-5.684859175653972e-07,1.9142691774928393e-06,5.77236396769587e-07
-1.8989848325051343e-11,-4.682409422950925e-06,2.4076415088990033e-06,-5.498889238492442e-07,1.9085618598528805e-06,5.80399997463601e-07
-1.903801826917398e-11,-4.6824021347049065e-06,2.4282314808851403e-06,-5.316007055435353e-07,1.9030756324445874e-06,5.83497982340718e-07
-1.9085228955867828e-11,-4.6823949870833124e-06,2.4484096507597663e-06,-5.136143533798518e-07,1.8978075161722753e-06,5.865315710202574e-07
-1.913149599208044e-11,-4.6823879779936435e-06,2.468184254813739e-06,-4.959231005320143e-07,1.8927545992107093e-06,5.895019538119849e-07
-1.917683914246439e-11,-4.68238110438648e-06,2.4875633644564214e-06,-4.785203190633416e-07,1.8879140367909046e-06,5.9241029393655e-07
-1.9221272440049866e-11,-4.682374363611605e-06,2.5065548896723553e-06,-4.613995181502757e-07,1.8832830486796094e-06,5.952577267205701e-07
-1.9264822007259426e-11,-4.682367752738642e-06,2.525166581922088e-06,-4.4455434175089075e-07,1.8788589188957117e-06,5.980453600684691e-07
-1.9307498991197157e-11,-4.6823612697742926e-06,2.5434060373922146e-06,-4.2797856782771704e-07,1.8746389939178757e-06,6.007742752673889e-07
-1.9349323192289623e-11,-4.682354911764067e-06,2.5612807015704544e-06,-4.1166610324069503e-07,1.8706206806571106e-06,6.034455269871756e-07
-1.9390299641640303e-11,-4.682348676071364e-06,2.5787978697360585e-06,-3.9561098530147126e-07,1.866801445912536e-06,6.0606014355794e-07
-1.9430467334277136e-11,-4.682342560329955e-06,2.595964691940517e-06,-3.7980737777657444e-07,1.8631788149606476e-06,6.08619127552915e-07
-1.9469836233333e-11,-4.682336562121446e-06,2.612788175126181e-06,-3.6424956888899953e-07,1.859750370287262e-06,6.111234556496736e-07
-1.9508402179839e-11,-4.682330679404499e-06,2.6292751860544947e-06,-3.4893197176227946e-07,1.8565137501880598e-06,6.135740789631954e-07
-1.9546210261027967e-11,-4.6823249093434436e-06,2.645432453965496e-06,-3.338491197575323e-07,1.8534666476575173e-06,6.159719238507687e-07
-1.95832514676493e-11,-4.682319250511449e-06,2.661266574116917e-06,-3.1899566702855887e-07,1.8506068090714133e-06,6.183178910793247e-07
-1.9619559521281483e-11,-4.682313699686162e-06,2.676784009169415e-06,-3.0436638607933637e-07,1.8479320335207183e-06,6.206128570744308e-07
-1.965514153817647e-11,-4.682308255697173e-06,2.6919910925463575e-06,-2.8995616698684987e-07,1.8454401708687284e-06,6.228576733374245e-07
-1.9690004337865635e-11,-4.682302915611437e-06,2.706894031758404e-06,-2.757600146255192e-07,1.8431291210632694e-06,6.250531671670483e-07
-1.9724179274747358e-11,-4.682297677561111e-06,2.721498909409333e-06,-2.6177304900025537e-07,1.840996833208644e-06,6.272001415484322e-07
-1.9757668207956256e-11,-4.682292539795014e-06,2.7358116870471203e-06,-2.479905034700909e-07,1.839041303894244e-06,6.292993748200195e-07
-1.9790481711070808e-11,-4.682287499948148e-06,2.7498382063574973e-06,-2.3440772197261044e-07,1.8372605766403265e-06,6.313516217560294e-07
-1.982264236179579e-11,-4.68228255607869e-06,2.7635841925719585e-06,-2.2102016124438524e-07,1.8356527409023058e-06,6.333576127337938e-07
-1.985415537218159e-11,-4.682277706560394e-06,2.7770552559917333e-06,-2.078233868241607e-07,1.834215930457475e-06,6.353180543443716e-07
-1.9885044553501083e-11,-4.6822729495086205e-06,2.790256895692629e-06,-1.9481307294182275e-07,1.8329483228212914e-06,6.372336290039695e-07
-1.9915315191685553e-11,-4.6822682828362705e-06,2.803194499693764e-06,-1.8198500340656717e-07,1.831848138205694e-06,6.391049956200791e-07
-1.9944981294312436e-11,-4.682263704821886e-06,2.8158733487594293e-06,-1.693350680541772e-07,1.8309136384522627e-06,6.409327886755331e-07
-1.9974048233831287e-11,-4.68225921346756e-06,2.8282986180906782e-06,-1.5685926463439233e-07,1.830143125947168e-06,6.427176191444451e-07
-2.0002534575790864e-11,-4.682254807652597e-06,2.8404753792579913e-06,-1.4455369592432205e-07,1.8295349431267867e-06,6.444600732154449e-07
-2.00304552681056e-11,-4.682250484795224e-06,2.85240860221351e-06,-1.32414570727636e-07,1.8290874711419836e-06,6.461607139015054e-07
-2.0057813832985272e-11,-4.682246243806466e-06,2.8641031578068253e-06,-1.2043820398558158e-07,1.8287991290384687e-06,6.478200790137856e-07
-2.0084621782557813e-11,-4.682242083126891e-06,2.8755638196734863e-06,-1.0862101488959548e-07,1.8286683723881135e-06,6.494386824938938e-07
-2.0110906693225726e-11,-4.682238001075627e-06,2.8867952655210664e-06,-9.695952754743109e-08,1.8286936933939155e-06,6.510170136644873e-07
-2.0136653558230447e-11,-4.682233996028643e-06,2.8978020792564905e-06,-8.545037053906375e-08,1.8288736195169799e-06,6.525555368406958e-07
-2.0161891446220766e-11,-4.682230066241761e-06,2.90858875379174e-06,-7.4090278026907e-08,1.829206712113039e-06,6.540546913023668e-07
-2.018662010228247e-11,-4.682226210213938e-06,2.9191596919573657e-06,-6.287608797944901e-08,1.8296915661080705e-06,6.555148914328388e-07
-2.0210855288761013e-11,-4.682222426871245e-06,2.929519208560098e-06,-5.180474483578431e-08,1.8303268093477924e-06,6.569365253866823e-07
-2.0234607328844865e-11,-4.682218714235458e-06,2.9396715315910746e-06,-4.087329706311753e-08,1.8311111011240211e-06,6.583199557280682e-07
-2.0257886699831418e-11,-4.682215071332208e-06,2.9496208054924472e-06,-3.007889926618096e-08,1.8320431319743296e-06,6.596655184870884e-07
-2.0280701583866515e-11,-4.6822114967134804e-06,2.9593710909787444e-06,-1.941881351949941e-08,1.8331216224165746e-06,6.609735231875101e-07
-2.0303052440622063e-11,-4.682207989033496e-06,2.9689263677980144e-06,-8.890408701252277e-09,1.8343453225473203e-06,6.622442516810417e-07
-2.032496181773211e-11,-4.682204546626814e-06,2.978290536049723e-06,1.5088388405982037e-09,1.835713010968056e-06,6.63477958757958e-07
-2.0346430982592234e-11,-4.682201168507799e-06,2.987467417909101e-06,1.1781343178883637e-08,1.8372234940384083e-06,6.646748700931908e-07
-2.0367468794189656e-11,-4.682197853079467e-06,2.99646075920171e-06,2.1929408363146343e-08,1.8388756051111396e-06,6.658351830789984e-07
-2.038808872512415e-11,-4.682194599493072e-06,3.0052742304428455e-06,3.195522608817244e-08,1.8406682041774092e-06,6.669590653261695e-07
-2.0408301305337686e-11,-4.682191406279145e-06,3.0139114292908414e-06,4.186087558297235e-08,1.8426001763202758e-06,6.68046654414223e-07
-2.0428095712632838e-11,-4.682188272300603e-06,3.0223758814880376e-06,5.164832227851448e-08,1.844670431433683e-06,6.690980565313888e-07
-2.044750316835873e-11,-4.682185196150338e-06,3.0306710414521563e-06,6.131941414399258e-08,1.8468779037081279e-06,6.70113346557882e-07
-2.046651810618976e-11,-4.6821821767601566e-06,3.038800295030243e-06,7.087588102069265e-08,1.8492215504848828e-06,6.710925664560819e-07
-2.0485160266789102e-11,-4.682179213183983e-06,3.0467669605226017e-06,8.031933151336956e-08,1.8517003515161504e-06,6.720357244656276e-07
-2.0503427023372102e-11,-4.682176304414392e-06,3.054574289711692e-06,8.965125265718233e-08,1.8543133087863955e-06,6.729427944095286e-07
-2.0521321881689337e-11,-4.682173448744393e-06,3.06222546928824e-06,9.887300503271185e-08,1.857059445161873e-06,6.738137144174203e-07
-2.0538865169410885e-11,-4.682170645695918e-06,3.069723622100618e-06,1.079858208785832e-07,1.8599378039925225e-06,6.746483857598343e-07
-2.055605924783204e-11,-4.682167893945449e-06,3.0770718091209744e-06,1.1699080120488557e-07,1.8629474480234399e-06,6.754466718490045e-07
-2.057290206752549e-11,-4.682165192628961e-06,3.0842730290540214e-06,1.258889123514797e-07,1.8660874596325438e-06,6.762083964347623e-07
-2.0589407668509713e-11,-4.682162540712563e-06,3.091330221850324e-06,1.3468098276835208e-07,1.8693569388937707e-06,6.769333427996327e-07
-2.060559188180011e-11,-4.6821599372071915e-06,3.098246267571478e-06,1.4336769857472073e-07,1.872755004021174e-06,6.776212520935104e-07
-2.062144583563429e-11,-4.682157380926409e-06,3.1050239890721545e-06,1.519496004504089e-07,1.8762807896645717e-06,6.782718215295544e-07
-2.0636989690947468e-11,-4.682154871110333e-06,3.1116661530689287e-06,1.6042707797370736e-07,1.8799334466571557e-06,6.788847029964221e-07
-2.065220819841737e-11,-4.682152406718651e-06,3.118175470821552e-06,1.6880036651274603e-07,1.8837121413519729e-06,6.794595008655863e-07
-2.066714105117083e-11,-4.6821499870078755e-06,3.1245545988934927e-06,1.7706953978700026e-07,1.8876160549306535e-06,6.799957712141983e-07
-2.0681758473453002e-11,-4.682147611178227e-06,3.130806141355035e-06,1.852345084239944e-07,1.8916443826011076e-06,6.804930181335959e-07
-2.0696091314133007e-11,-4.682145278176772e-06,3.1369326496955247e-06,1.932950101893386e-07,1.8957963329218731e-06,6.809506930354409e-07
-2.0710137920112788e-11,-4.682142986908319e-06,3.1429366249100246e-06,2.0125060643401098e-07,1.9000711270457843e-06,6.81368191931678e-07
-2.072390232934043e-11,-4.682140736736238e-06,3.1488205176616475e-06,2.0910067509994687e-07,1.9044679977693609e-06,6.817448525757288e-07
-2.0737390949312835e-11,-4.682138527021457e-06,3.154586729373914e-06,2.1684440305949812e-07,1.9089861894781798e-06,6.820799528804404e-07
-2.0750612264670597e-11,-4.682136356838169e-06,3.160237613392352e-06,2.244807793430639e-07,1.9136249565396698e-06,6.823727069490556e-07
-2.0763570101214964e-11,-4.682134225806037e-06,3.1657754768322554e-06,2.3200858792264073e-07,1.918383563174755e-06,6.826222636596942e-07
-2.0776265741175685e-11,-4.6821321320530655e-06,3.1712025796372012e-06,2.394263983859387e-07,1.9232612826321515e-06,6.828277028906171e-07
-2.0788702821367375e-11,-4.6821300758290805e-06,3.1765211372629075e-06,2.4673255738766e-07,1.9282573961770352e-06,6.829880320785549e-07
-2.0800897303180713e-11,-4.682128055734282e-06,3.181733320601392e-06,2.539251795456618e-07,1.933371192371153e-06,6.831021834709261e-07
-2.081284661193898e-11,-4.682126071481091e-06,3.1868412569465477e-06,2.6100213733791865e-07,1.9386019661135398e-06,6.83169009768237e-07
-2.0824562837363745e-11,-4.682124122067381e-06,3.1918470314572954e-06,2.679610511105119e-07,1.9439490187342144e-06,6.831872816816148e-07
-2.0836036594680297e-11,-4.682122207195377e-06,3.1967526874542863e-06,2.7479927664311497e-07,1.949411655721715e-06,6.831556819653853e-07
-2.084728324478404e-11,-4.682120325803996e-06,3.2015602271510567e-06,2.815138938247163e-07,1.954989187052719e-06,6.83072803141145e-07
-2.0858305375006373e-11,-4.682118477481924e-06,3.206271612810159e-06,2.881016945521738e-07,1.960680925870206e-06,6.829371416136051e-07
-2.0869105062101623e-11,-4.68211666158042e-06,3.21088876756559e-06,2.94559169074463e-07,1.9664861875293855e-06,6.827470934795341e-07
-2.0879691569123567e-11,-4.6821148769902135e-06,3.2154135757910085e-06,3.0088249189283256e-07,1.9724042890165927e-06,6.82500949670563e-07
-2.089006168899573e-11,-4.682113123864576e-06,3.2198478847475253e-06,3.0706750610664697e-07,1.9784345473256126e-06,6.821968902078184e-07
-2.0900229408308293e-11,-4.682111400849796e-06,3.224193504339332e-06,3.131097083143402e-07,1.9845762796572057e-06,6.818329785675761e-07
-2.091019004086961e-11,-4.682109707495677e-06,3.228452208332665e-06,3.190042320710795e-07,1.9908288012784848e-06,6.814071563799848e-07
-2.09199495653703e-11,-4.682108043605123e-06,3.23262573501522e-06,3.2474582823780154e-07,1.997191425134376e-06,6.809172362126626e-07
-2.0929521125698874e-11,-4.682106408197053e-06,3.2367157879413044e-06,3.303288485498972e-07,2.0036634606038506e-06,6.803608958530874e-07
-2.093889671255946e-11,-4.6821048007832455e-06,3.2407240364661677e-06,3.3574722363477714e-07,2.010244212578825e-06,6.797356702595298e-07
-2.0948091729944655e-11,-4.682103220684887e-06,3.2446521169667386e-06,3.409944433609079e-07,2.016932979946315e-06,6.790389450385402e-07
-2.095709722597405e-11,-4.682101667481025e-06,3.248501632438231e-06,3.460635333010631e-07,2.0237290546447864e-06,6.782679481460865e-07
-2.0965916502502226e-11,-4.682100140966592e-06,3.252274154157104e-06,3.509470317506885e-07,2.030631720743058e-06,6.774197414776687e-07
-2.0974559976672084e-11,-4.68209864034265e-06,3.255971222651887e-06,3.5563696474786156e-07,2.0376402526657252e-06,6.764912124306814e-07
-2.0983039102677756e-11,-4.682097164716396e-06,3.259594346167441e-06,3.601248189838256e-07,2.044753914301557e-06,6.75479064467583e-07
-2.0991344779203294e-11,-4.682095714127041e-06,3.263145003917876e-06,3.644015144914815e-07,2.0519719572879067e-06,6.74379807040685e-07
-2.099948254750994e-11,-4.68209428780249e-06,3.2666246456216025e-06,3.6845737533547366e-07,2.0592936198745147e-06,6.731897457667459e-07
-2.1007463282023484e-11,-4.682092885409845e-06,3.270034690856623e-06,3.722820959724029e-07,2.066718125386604e-06,6.719049708252203e-07
-2.1015278990808082e-11,-4.682091506342204e-06,3.2733765320238324e-06,3.758647114968256e-07,2.074244680419088e-06,6.705213463279441e-07
-2.1022941184938663e-11,-4.682090149976036e-06,3.2766515332483994e-06,3.791935607818148e-07,2.081872473658753e-06,6.69034497329609e-07
-2.1030446170335358e-11,-4.6820888163123134e-06,3.27986103108376e-06,3.8225624961952443e-07,2.089600673632655e-06,6.674397968937526e-07
-2.103780400510095e-11,-4.682087504635995e-06,3.2830063358406658e-06,3.850396126405078e-07,2.0974284275268358e-06,6.657323532975261e-07
-2.104501373456359e-11,-4.6820862144660695e-06,3.2860887312765203e-06,3.875296704590706e-07,2.1053548588983e-06,6.639069948772511e-07
-2.10520849831746e-11,-4.682084945449001e-06,3.2891094752291463e-06,3.8971158781782577e-07,2.113379065955976e-06,6.619582552070394e-07
-2.1059007349561517e-11,-4.682083696926285e-06,3.2920698012829897e-06,3.915696270693097e-07,2.121500119238e-06,6.598803571949574e-07
-2.106578960691249e-11,-4.682082468664661e-06,3.2949709173754512e-06,3.930870998812377e-07,2.1297170601650416e-06,6.576671962632607e-07
-2.107244335675643e-11,-4.682081260485142e-06,3.2978140075611798e-06,3.9424631550006644e-07,2.1380288981295292e-06,6.55312322446168e-07
-2.1078954960304056e-11,-4.682080071756437e-06,3.300600232884337e-06,3.9502852746024114e-07,2.146434608022021e-06,6.528089214329292e-07
-2.1085341520423413e-11,-4.682078901874525e-06,3.3033307305140576e-06,3.954138766297059e-07,2.154933128441074e-06,6.501497954721211e-07
-2.1091605168102514e-11,-4.682077750685309e-06,3.3060066146125516e-06,3.9538133159087287e-07,2.1635233587894177e-06,6.473273415836616e-07
-2.1097744420359074e-11,-4.682076618296774e-06,3.3086289776686037e-06,3.949086235815018e-07,2.172204156257381e-06,6.443335311863676e-07
-2.1103752019104232e-11,-4.682075503429734e-06,3.311198890499872e-06,3.939721828788578e-07,2.1809743331636738e-06,6.411598854233994e-07
-2.1109641551973398e-11,-4.682074406236675e-06,3.3137174015496978e-06,3.925470667461784e-07,2.1898326543360746e-06,6.377974517089674e-07
-2.111541400974118e-11,-4.682073326741341e-06,3.3161855393333056e-06,3.9060688515868824e-07,2.1987778334582338e-06,6.342367779713293e-07
-2.1121067056029114e-11,-4.68207226387437e-06,3.3186043107428187e-06,3.8812372564143166e-07,2.2078085298553603e-06,6.304678860076175e-07
-2.112661890752865e-11,-4.682071217552342e-06,3.3209747033533536e-06,3.850680688922522e-07,2.2169233446970546e-06,6.264802431733463e-07
-2.113205261915403e-11,-4.682070187679557e-06,3.323297684803716e-06,3.8140870484885675e-07,2.2261208181611837e-06,6.222627324343443e-07
-2.1137379731640712e-11,-4.6820691737305756e-06,3.3255742035040033e-06,3.7711264065124685e-07,2.2353994244952803e-06,6.178036215305239e-07
-2.1142597047994025e-11,-4.682068174984037e-06,3.327805188492383e-06,3.7214500749392423e-07,2.2447575688889936e-06,6.130905298914547e-07
-2.11477055867984e-11,-4.682067191941555e-06,3.3299915505437667e-06,3.6646896159391067e-07,2.2541935825615284e-06,6.081103947470355e-07
-2.1152712646780264e-11,-4.6820662236742835e-06,3.332134181811081e-06,3.600455776092458e-07,2.2637057184978722e-06,6.02849435239787e-07
-2.1157629123586996e-11,-4.682065269982345e-06,3.3342339574434523e-06,3.5283374172441363e-07,2.2732921464616554e-06,5.972931141224055e-07
-2.1162447001657135e-11,-4.68206433095496e-06,3.336291733858021e-06,3.447900356319356e-07,2.282950948379244e-06,5.914260986781854e-07
-2.1167157504256736e-11,-4.682063405788393e-06,3.3383083516022847e-06,3.358686179604484e-07,2.2926801126934264e-06,5.852322197818223e-07
-2.1171782311974817e-11,-4.6820624947106786e-06,3.34028463357178e-06,3.2602109826427917e-07,2.302477529296496e-06,5.786944283789654e-07
-2.117632569966675e-11,-4.682061597053019e-06,3.3422213866448295e-06,3.151964063500808e-07,2.3123409831865963e-06,5.717947504947355e-07
-2.1180751026756836e-11,-4.682060712744412e-06,3.344119401228305e-06,3.03340656718482e-07,2.322268149043472e-06,5.645142407989643e-07
-2.118510230445417e-11,-4.6820598410399765e-06,3.345979452273054e-06,2.903970042349671e-07,2.332256584118087e-06,5.56832932951807e-07
-2.118936593323103e-11,-4.682058982325703e-06,3.3478022988372053e-06,2.7630549968973104e-07,2.3423037219219457e-06,5.487297891166892e-07
-2.1193537380104212e-11,-4.682058136162566e-06,3.3495886849591667e-06,2.610029308136082e-07,2.3524068652624556e-06,5.401826473083518e-07
-2.11976352290024e-11,-4.682057302237228e-06,3.351339340350194e-06,2.4442266729079684e-07,2.3625631787023484e-06,5.311681662983964e-07
-2.12016510799937e-11,-4.682056480156455e-06,3.3530549791254612e-06,2.2649449156072178e-07,2.3727696807988174e-06,5.216617685779723e-07
-2.1205586541896312e-11,-4.682055670066555e-06,3.354736301972543e-06,2.0714442939785306e-07,2.3830232359540805e-06,5.11637581877177e-07
-2.1209436634244597e-11,-4.682054871498207e-06,3.356383994890793e-06,1.8629457183177417e-07,2.3933205461792184e-06,5.010683782974956e-07
-2.121321756308489e-11,-4.682054084198417e-06,3.3579987306697957e-06,1.6386289229328963e-07,2.4036581421676024e-06,4.899255116401372e-07
-2.121692187520509e-11,-4.682053308099074e-06,3.359581168272231e-06,1.3976305876452255e-07,2.414032373842707e-06,4.781788532633419e-07
-2.1220532870305363e-11,-4.6820525424883344e-06,3.3611319538351995e-06,1.1390424115504765e-07,2.4244394009076735e-06,4.6579672519189344e-07
-2.1224099276747003e-11,-4.68205178767177e-06,3.36265172033215e-06,8.619091334895405e-08,2.4348751825465914e-06,4.527458341703331e-07
-2.1227577287759214e-11,-4.682051043237154e-06,3.364141088190151e-06,5.6522650699983465e-08,2.445335467273251e-06,4.389912011365205e-07
-2.123099970199487e-11,-4.682050309242008e-06,3.3656006649572373e-06,2.4793927082579115e-08,2.455815781900381e-06,4.244960916666315e-07
-2.123433720954597e-11,-4.6820495847670515e-06,3.3670310468303077e-06,-9.106095717605563e-09,2.466311420057882e-06,4.092219452544482e-07
-2.1237613168041565e-11,-4.682048870195481e-06,3.3684328179284444e-06,-4.52937765037812e-08,2.4768174302496092e-06,3.931283030085692e-07
-2.1240828119707293e-11,-4.682048165456447e-06,3.369806550156246e-06,-8.389120649876389e-08,2.4873286045780427e-06,3.761727357659687e-07
-2.1243980521731055e-11,-4.682047470007575e-06,3.371152804411391e-06,-1.2502642117571838e-07,2.4978394651010455e-06,3.583107722610592e-07
-2.1247062275163283e-11,-4.6820467839444335e-06,3.3724721303215225e-06,-1.6883360809209818e-07,2.5083442515764045e-06,3.394958270449489e-07
-2.1250085093903105e-11,-4.6820461065789e-06,3.373765066494737e-06,-2.1545331738811937e-07,2.5188369076173655e-06,3.1967913026433e-07
-2.125304761910523e-11,-4.682045438461339e-06,3.3750321401192038e-06,-2.650326610719782e-07,2.529311067550716e-06,2.988096583840267e-07
-2.125595494807455e-11,-4.682044778784434e-06,3.3762738689784724e-06,-3.1772551286017694e-07,2.5397600415436054e-06,2.7683406690794785e-07
-2.125879684087641e-11,-4.682044127693282e-06,3.3774907600639626e-06,-3.7369269447312194e-07,2.550176801823229e-06,2.536966263751665e-07
-2.1261592682734913e-11,-4.682043485132948e-06,3.378683309727483e-06,-4.3310215671266665e-07,2.5605539680326065e-06,2.2933916171441066e-07
-2.126431970304996e-11,-4.682042850605836e-06,3.3798520053371927e-06,-4.961291395564284e-07,2.5708837916703897e-06,2.037009955675522e-07
-2.1266998248064558e-11,-4.682042224144671e-06,3.3809973234347532e-06,-5.62956327034046e-07,2.5811581419427287e-06,1.7671889808013465e-07
-2.126963172372333e-11,-4.682041605482447e-06,3.3821197318589175e-06,-6.337739725714882e-07,2.591368489939341e-06,1.483270414657869e-07
-2.1272194095959663e-11,-4.6820409941655e-06,3.38321968869058e-06,-7.087800103465371e-07,2.601505893382024e-06,1.1845696389648212e-07
-2.1274712727329015e-11,-4.682040390450164e-06,3.3842976428478767e-06,-7.88180135558005e-07,2.6115609816888207e-06,8.703754038712648e-08
-2.1277184244233955e-11,-4.682039794300176e-06,3.385354034663384e-06,-8.721878586046851e-07,2.621523940597536e-06,5.3994965254160925e-08
-2.1279606745939814e-11,-4.682039205321844e-06,3.386389295291035e-06,-9.610245216277186e-07,2.6313844973269423e-06,1.925274462159588e-08
-2.12819863895489e-11,-4.682038623502282e-06,3.3874038475331234e-06,-1.0549192786376126e-06,2.641131905970383e-06,-1.726829719525328e-08
-2.1284302219939174e-11,-4.682038048984216e-06,3.3883981049434574e-06,-1.1541090336747942e-06,2.650754933683798e-06,-5.564999767814096e-08
-2.1286586042560002e-11,-4.682037480916852e-06,3.3893724741698708e-06,-1.2588383287880433e-06,2.6602418460652964e-06,-9.597681888592793e-08
-2.128882288468667e-11,-4.682036919662239e-06,3.3903273524288003e-06,-1.3693591785001373e-06,2.6695803956085533e-06,-1.383357934148608e-07
-2.1291005901103408e-11,-4.682036364849427e-06,3.3912631299807625e-06,-1.4859308468749138e-06,2.6787578087579343e-06,-1.828164509855981e-07
-2.129314922311038e-11,-4.682035816347744e-06,3.3921801884602405e-06,-1.6088195600803245e-06,2.6877607754406808e-06,-2.295107217989688e-07
-2.129524468908926e-11,-4.68203527430494e-06,3.3930789021938537e-06,-1.7382981478971607e-06,2.6965754393969596e-06,-2.7851281907521444e-07
-2.1297309239107566e-11,-4.682034738314336e-06,3.3939596386314706e-06,-1.8746456116199281e-06,2.705187389887151e-06,-3.2991909480927537e-07
-2.1299322717595986e-11,-4.682034208557042e-06,3.394822756703814e-06,-2.018146609912179e-06,2.7135816549706505e-06,-3.838278691862263e-07
-2.1301304392475293e-11,-4.682033684502755e-06,3.3956686091456324e-06,-2.1690908582864185e-06,2.721742696703141e-06,-4.4033923201929383e-07
-2.1303250552215588e-11,-4.682033166152379e-06,3.396497541080318e-06,-2.327772437878719e-06,2.7296544089149596e-06,-4.995548128242869e-07
-2.1305145789880206e-11,-4.682032653823133e-06,3.39730989114056e-06,-2.494489006967713e-06,2.737300116758731e-06,-5.615775201410755e-07
-2.1307003356189126e-11,-4.6820321468662265e-06,3.3981059905207593e-06,-2.669540915237979e-06,2.7446625788485027e-06,-6.265112469657411e-07
-2.1308828072049943e-11,-4.682031645502769e-06,3.3988861643201687e-06,-2.8532302092414737e-06,2.7517239923199684e-06,-6.944605428762892e-07
-2.131061795238855e-11,-4.682031149292937e-06,3.3996507315452973e-06,-3.0458595370506297e-06,2.7584660013703784e-06,-7.655302506314642e-07
-2.1312372237452597e-11,-4.682030658423826e-06,3.400400003802378e-06,-3.2477309404457827e-06,2.764869708268495e-06,-8.398251072704399e-07
-2.1314089243348123e-11,-4.682030172761418e-06,3.4011342873118393e-06,-3.459144541298238e-06,2.7709156886734244e-06,-9.174493097966523e-07
-2.1315768971117025e-11,-4.682029692023592e-06,3.4018538816284107e-06,-3.6803971183742457e-06,2.7765840103914843e-06,-9.985060451126995e-07
-2.1317413985851842e-11,-4.682029216354016e-06,3.402559080889889e-06,-3.911780579111791e-06,2.7818542557376367e-06,-1.0830969866765565e-06
-2.131904119192822e-11,-4.682028745359845e-06,3.4032501725936335e-06,-4.153580329700865e-06,2.7867055487331635e-06,-1.1713217564913137e-06
-2.132061351886281e-11,-4.682028279056151e-06,3.403927439308607e-06,-4.406073547575055e-06,2.7911165863173206e-06,-1.2632773564529863e-06
-2.132216723085781e-11,-4.682027817661505e-06,3.404591157369167e-06,-4.669527368082824e-06,2.7950656734099276e-06,-1.3590575718874402e-06
-2.132369500239471e-11,-4.68202736080323e-06,3.405241597338741e-06,-4.94419698822505e-06,2.7985307638094267e-06,-1.4587523477760257e-06
-2.132517752153358e-11,-4.68202690822703e-06,3.405879025099727e-06,-5.230323705777537e-06,2.8014895037935288e-06,-1.562447144997346e-06
-2.1326646107225373e-11,-4.68202646001272e-06,3.4065037011379873e-06,-5.528132901903133e-06,2.803919282290889e-06,-1.6702222790553902e-06
-2.132807530062571e-11,-4.682026016371779e-06,3.4071158799997975e-06,-5.837831988680743e-06,2.805797284091963e-06,-1.7821522460679404e-06
-2.132947183634675e-11,-4.682025576655451e-06,3.4077158118206897e-06,-6.159608333319658e-06,2.807100547917041e-06,-1.8983050435092323e-06
-2.133084867473048e-11,-4.682025141021623e-06,3.4083037419043906e-06,-6.4936271812636485e-06,2.8078060284290432e-06,-2.0187414919795653e-06
-2.1332194873430968e-11,-4.682024709716305e-06,3.4088799097025918e-06,-6.840029604053032e-06,2.807890663460931e-06,-2.1435145624149576e-06
-2.133352379137825e-11,-4.682024282197581e-06,3.409444551130383e-06,-7.1989304839351646e-06,2.8073314426934135e-06,-2.27266872056068e-06
-2.133480523390445e-11,-4.682023858352164e-06,3.409997895847321e-06,-7.570416572526852e-06,2.8061054819775603e-06,-2.406239292788652e-06
-2.133608084392268e-11,-4.682023438195347e-06,3.4105401704912592e-06,-7.95454463574115e-06,2.8041900985041206e-06,-2.544251862445769e-06
-2.1337325098199846e-11,-4.682023022167064e-06,3.411071596212903e-06,-8.351339720838791e-06,2.801562890236981e-06,-2.6867217064752852e-06
-2.1338539998329762e-11,-4.682022609633533e-06,3.4115923899088315e-06,-8.760793563700894e-06,2.798201815790966e-06,-2.833653277557018e-06
-2.1339732007399852e-11,-4.682022200744059e-06,3.4121027645188003e-06,-9.182863162635225e-06,2.794085275996068e-06,-2.9850397431183246e-06
-2.1340906465970553e-11,-4.682021795063566e-06,3.412602927919035e-06,-9.617469545805542e-06,2.7891921965444753e-06,-3.1408625849073024e-06
-2.134204559780434e-11,-4.682021392518684e-06,3.4130930851029287e-06,-1.0064496750047523e-05,2.783502109545087e-06,-3.3010912706467168e-06
-2.1343161981948238e-11,-4.682020993974171e-06,3.413573435709163e-06,-1.0523791034052999e-05,2.7769952355502703e-06,-3.465682999739256e-06
-2.134426891984453e-11,-4.6820205983764805e-06,3.4140441755306717e-06,-1.0995160338801e-05,2.769652562876875e-06,-3.6345825317948614e-06
-2.1345342885199344e-11,-4.6820202061425405e-06,3.4145054970907266e-06,-1.1478374019216527e-05,2.7614559253699347e-06,-3.8077221008388575e-06
-2.134640271532094e-11,-4.682019817158193e-06,3.4149575890831957e-06,-1.197316284550271e-05,2.7523880772073854e-06,-3.985021419725091e-06
-2.134743234236317e-11,-4.682019431396349e-06,3.4154006359784614e-06,-1.2479219294241363e-05,2.742432763552351e-06,-4.1663877754478965e-06
-2.134845635651285e-11,-4.6820190485991215e-06,3.41583481834339e-06,-1.2996198121823527e-05,2.731574787753823e-06,-4.351716217240289e-06
-2.1349442848745305e-11,-4.6820186684892155e-06,3.4162603136943893e-06,-1.352371722642716e-05,2.719800072153637e-06,-4.540889838749007e-06
-2.1350423033137344e-11,-4.682018291525473e-06,3.41667729563188e-06,-1.406135879121457e-05,2.7070957147791735e-06,-4.733780147652831e-06
-2.135137416396635e-11,-4.682017917543752e-06,3.4170859345845958e-06,-1.4608670698868544e-05,2.6934500391808935e-06,-4.930247525138954e-06
-2.13523088800536e-11,-4.6820175461142895e-06,3.4174863973255508e-06,-1.5165168206031912e-05,2.678852637775518e-06,-5.130141766730333e-06
-2.1353223157614602e-11,-4.68201717746286e-06,3.4178788474467298e-06,-1.573033585988695e-05,2.663294408611556e-06,-5.3333027020354425e-06
-2.1354122983417098e-11,-4.682016811457568e-06,3.418263445036191e-06,-1.6303629636335457e-05,2.6467675847244693e-06,-5.539560883789317e-06
-2.1355006163289466e-11,-4.682016448157583e-06,3.418640347197566e-06,-1.6884479276353796e-05,2.629265756199413e-06,-5.748738340384997e-06
-2.1355869645346013e-11,-4.682016087247406e-06,3.419009707906583e-06,-1.7472290797430293e-05,2.6107838850004675e-06,-5.960649383596546e-06
-2.13567176903144e-11,-4.682015728852728e-06,3.419371678207421e-06,-1.8066449145445905e-05,2.5913183118932595e-06,-6.1751014608355296e-06
-2.1357539365055324e-11,-4.682015373225965e-06,3.419726405467321e-06,-1.866632096890163e-05,2.570866756834803e-06,-6.391896045154822e-06
-2.1358357045124023e-11,-4.682015019979975e-06,3.4200740345800635e-06,-1.927125747108358e-05,2.5494283111894944e-06,-6.610829549663247e-06
-2.1359153236084653e-11,-4.682014669102931e-06,3.4204147080735812e-06,-1.9880597323401434e-05,2.5270034232526296e-06,-6.831694260647318e-06
-2.135993208017956e-11,-4.682014320879328e-06,3.4207485645193685e-06,-2.049366960159753e-05,2.5035938777960904e-06,-7.054279276452234e-06
-2.1360686757328483e-11,-4.682013974583216e-06,3.4210757402107666e-06,-2.1109796716959883e-05,2.4792027686127227e-06,-7.278371444239572e-06
-2.1361447102808342e-11,-4.682013630652057e-06,3.4213963689685813e-06,-2.172829731656008e-05,2.4538344653186962e-06,-7.503756286308947e-06
-2.1362184818896798e-11,-4.682013288709498e-06,3.421710582070686e-06,-2.2348489124982254e-05,2.427494574965492e-06,-7.730218905880697e-06
-2.1362891400857725e-11,-4.682012949068368e-06,3.4220185071792655e-06,-2.2969691702341316e-05,2.4001898990061277e-06,-7.95754486602524e-06
-2.1363599090775848e-11,-4.682012611413324e-06,3.4223202705841176e-06,-2.359122909816207e-05,2.3719283851438318e-06,-8.185521034259026e-06
-2.1364289654207125e-11,-4.68201227607972e-06,3.422615995176995e-06,-2.4212432380580322e-05,2.342719076588759e-06,-8.41393638738092e-06
-2.1364970622820505e-11,-4.682011942798076e-06,3.4229058020701864e-06,-2.4832642026654865e-05,2.312572056925677e-06,-8.642582770179146e-06
-2.1365631208063448e-11,-4.682011611248791e-06,3.423189809234052e-06,-2.545121015602697e-05,2.2814983933749896e-06,-8.871255604747553e-06
-2.1366283817636893e-11,-4.682011281590325e-06,3.423468132836108e-06,-2.6067502599489557e-05,2.2495100770801944e-06,-9.09975454713604e-06
-2.1366925021580158e-11,-4.682010954031712e-06,3.423740886743914e-06,-2.6680900797692117e-05,2.2166199624097076e-06,-9.327884087296768e-06
-2.13675452406528e-11,-4.682010628159061e-06,3.424008181969122e-06,-2.7290803511995778e-05,2.1828417050752856e-06,-9.555454092034739e-06
-2.136815946834684e-11,-4.682010304478187e-06,3.424270127921893e-06,-2.7896628361578328e-05,2.148189699479947e-06,-9.782280291045926e-06
-2.1368748764490685e-11,-4.682009982464676e-06,3.4245268316045363e-06,-2.8497813172023212e-05,2.1126790161939305e-06,-1.0008184702101815e-05
-2.1369342045751416e-11,-4.68200966189353e-06,3.424778397440959e-06,-2.9093817143608194e-05,2.0763253399542237e-06,-1.0232996000514997e-05
-2.1369921119811954e-11,-4.6820093431910906e-06,3.4250249288355896e-06,-2.9684121840070865e-05,2.0391449074868682e-06,-1.0456549830776447e-05
-2.1370480089212187e-11,-4.682009026359502e-06,3.425266526065571e-06,-3.0268232004401133e-05,2.0011544475493776e-06,-1.067868906361189e-05
-2.137104132849158e-11,-4.682008711037845e-06,3.4255032879734444e-06,-3.084567620643498e-05,1.9623711216008655e-06,-1.0899263999442548e-05
-2.1371582481640557e-11,-4.682008397431847e-06,3.4257353113403086e-06,-3.1416007331575057e-05,1.9228124658874274e-06,-1.1118132522316376e-05
-2.137210572243169e-11,-4.682008085458704e-06,3.4259626908188605e-06,-3.1978802914746115e-05,1.8824963362993296e-06,-1.133516020476789e-05
-2.1372635386111876e-11,-4.682007774917655e-06,3.4261855189236993e-06,-3.253366533801494e-05,1.8414408542757597e-06,-1.1550220368949332e-05
-2.1373148164595427e-11,-4.6820074659861984e-06,3.4264038871101763e-06,-3.3080221890320484e-05,1.7996643555438753e-06,-1.1763194105740249e-05
-2.1373633819100987e-11,-4.682007158399911e-06,3.4266178846167755e-06,-3.361812470829903e-05,1.7571853409427643e-06,-1.1973970255263228e-05
-2.1374126181944712e-11,-4.682006852384758e-06,3.426827598766144e-06,-3.41470506035334e-05,1.7140224298423757e-06,-1.218244535278866e-05
-2.1374614600404576e-11,-4.682006547669435e-06,3.4270331151538596e-06,-3.466670078977109e-05,1.6701943159284277e-06,-1.2388523542804152e-05
-2.137507967433685e-11,-4.682006244529146e-06,3.4272345179047254e-06,-3.5176800518548866e-05,1.6257197255441632e-06,-1.259211646380195e-05
-2.1375538569455562e-11,-4.6820059427385145e-06,3.427431888958736e-06,-3.567709863332688e-05,1.580617378817893e-06,-1.2793143109710293e-05
-2.137598504200159e-11,-4.682005642391019e-06,3.427625309139206e-06,-3.616736705267962e-05,1.534905952657019e-06,-1.2991529666025703e-05
-2.13764255663845e-11,-4.682005343293513e-06,3.4278148576495837e-06,-3.66474001920913e-05,1.4886040473605662e-06,-1.3187209330194122e-05
-2.13768802087204e-11,-4.682005045520877e-06,3.4280006118760098e-06,-3.711701433234968e-05,1.441730154966326e-06,-1.3380122112771449e-05
-2.1377287369764448e-11,-4.682004749143262e-06,3.4281826476442447e-06,-3.757604694319765e-05,1.394302629755952e-06,-1.3570214626885211e-05
-2.137770403007587e-11,-4.682004453709402e-06,3.428361039128889e-06,-3.802435597212396e-05,1.3463396626006516e-06,-1.375743986454017e-05
-2.1378123657051807e-11,-4.6820041597304335e-06,3.4285358592023706e-06,-3.8461819100180196e-05,1.2978592556433675e-06,-1.3941756965568748e-05
-2.137851235550851e-11,-4.682003867015729e-06,3.4287071795986403e-06,-3.888833298181055e-05,1.2488792006446661e-06,-1.4123130978921016e-05
-2.1378903540347597e-11,-4.6820035751951345e-06,3.4288750700601668e-06,-3.9303812460478736e-05,1.1994170591326774e-06,-1.4301532619388895e-05
-2.1379287044437577e-11,-4.682003284812542e-06,3.429039599537104e-06,-3.970818978118622e-05,1.1494901442149276e-06,-1.447693802047233e-05
-2.1379661287521276e-11,-4.682002995389763e-06,3.429200834947383e-06,-4.01014137943308e-05,1.099115504867296e-06,-1.4649328487536993e-05
-2.1380034849562008e-11,-4.682002707024289e-06,3.429358842255322e-06,-4.048344915756662e-05,1.0483099115587576e-06,-1.4818690248487764e-05
-2.1380393828637506e-11,-4.682002419735689e-06,3.429513685674359e-06,-4.085427554599107e-05,9.970898440687786e-07,-1.4985014208008872e-05
-2.1380755468364485e-11,-4.682002133375692e-06,3.4296654289239003e-06,-4.121388686355273e-05,9.454714806647937e-07,-1.5148295702497867e-05
-2.1381101392005006e-11,-4.68200184838849e-06,3.4298141341032207e-06,-4.156229047089072e-05,8.934706890247806e-07,-1.530853425927393e-05
-2.138144106065086e-11,-4.6820015643859925e-06,3.429959861529209e-06,-4.1899506420057466e-05,8.411030185615332e-07,-1.546573335965809e-05
-2.138177173678477e-11,-4.682001281313873e-06,3.430102671034656e-06,-4.2225566711223836e-05,7.883836940306849e-07,-1.5619900206993852e-05
-2.1382095867425213e-11,-4.682000999216578e-06,3.4302426207056096e-06,-4.254051456204084e-05,7.353276104015943e-07,-1.5771045500260544e-05
-2.1382418624128246e-11,-4.6820007179392174e-06,3.4303797679721285e-06,-4.28444036983176e-05,6.819493290466943e-07,-1.5919183214264714e-05
-2.1382724658363787e-11,-4.6820004379200235e-06,3.430514168898511e-06,-4.31372976667929e-05,6.282630747635078e-07,-1.6064330385035614e-05
-2.1383040451336637e-11,-4.682000158608486e-06,3.430645878692205e-06,-4.341926916567009e-05,5.742827342122661e-07,-1.6206506904046946e-05
-2.1383339128170266e-11,-4.6819998804312785e-06,3.4307749507440924e-06,-4.369039940168658e-05,5.200218550265981e-07,-1.6345735316934908e-05
-2.138363073645228e-11,-4.681999602723849e-06,3.4309014378372278e-06,-4.395077746838843e-05,4.6549364551411836e-07,-1.6482040632652353e-05
-2.1383923216305566e-11,-4.6819993262631356e-06,3.43102539175325e-06,-4.420049974994016e-05,4.1071097563377736e-07,-1.661545013673061e-05
-2.1384199168634987e-11,-4.681999050625786e-06,3.4311468632279725e-06,-4.4439669345251696e-05,3.5568637835489317e-07,-1.674599321514401e-05
-2.1384489377544445e-11,-4.681998775541792e-06,3.431265901767462e-06,-4.4668395520637936e-05,3.004320517795089e-07,-1.687370118269842e-05
-2.138474973259401e-11,-4.681998501206781e-06,3.431382555939158e-06,-4.488679318301762e-05,2.4495986177132717e-07,-1.6998607121425618e-05
-2.1385010284087166e-11,-4.681998227989634e-06,3.431496873838394e-06,-4.5094982378758235e-05,1.8928134527165913e-07,-1.712074572479244e-05
-2.1385287349283143e-11,-4.681997955417301e-06,3.4316089018418134e-06,-4.529308781428137e-05,1.3340771384433908e-07,-1.724015314955653e-05
-2.1385527554712236e-11,-4.6819976837398574e-06,3.431718686155678e-06,-4.548123840264732e-05,7.734985769953768e-08,-1.7356866875421304e-05
-2.1385776452545632e-11,-4.681997412695499e-06,3.4318262712356243e-06,-4.565956682945753e-05,2.111835041142893e-08,-1.7470925570894295e-05
-2.1386038122637006e-11,-4.681997142390163e-06,3.4319317011231537e-06,-4.582820914307101e-05,-3.527654648894368e-08,-1.7582368966236943e-05
-2.1386270525437564e-11,-4.681996872844129e-06,3.4320350190076593e-06,-4.598730436535981e-05,-9.182487852527836e-08,-1.7691237734227568e-05
-2.1386506198367203e-11,-4.681996604205373e-06,3.4321362670395387e-06,-4.613699412544617e-05,-1.485169929336977e-07,-1.779757337476841e-05
-2.1386745159407994e-11,-4.681996336137872e-06,3.4322354867643923e-06,-4.6277422309538004e-05,-2.0534353285550871e-07,-1.7901418109165495e-05
-2.138697409106612e-11,-4.681996068509261e-06,3.4323327184159813e-06,-4.640873473652135e-05,-2.622954319462313e-07,-1.8002814777988823e-05
-2.1387185523929512e-11,-4.6819958015414545e-06,3.432428002207364e-06,-4.65310788452104e-05,-3.193639086446025e-07,-1.810180674538579e-05
-2.138740834974872e-11,-4.681995535439552e-06,3.4325213767644928e-06,-4.6644603408686884e-05,-3.765404595325743e-07,-1.8198437810125218e-05
-2.1387619812448163e-11,-4.681995269917952e-06,3.432612880581797e-06,-4.6749458256855106e-05,-4.3381685415935154e-07,-1.8292752120485555e-05
-2.1387837552166038e-11,-4.681995005088719e-06,3.4327025506412e-06,-4.684579402375499e-05,-4.911851280405079e-07,-1.8384794095457365e-05
-2.138803290629274e-11,-4.681994740788817e-06,3.432790423891527e-06,-4.693376190464517e-05,-5.486375771766568e-07,-1.8474608350886332e-05
-2.138823744351312e-11,-4.681994477186096e-06,3.432876536383263e-06,-4.70135134357344e-05,-6.06166751364742e-07,-1.8562239629127226e-05
-2.1388426415990887e-11,-4.681994214014046e-06,3.4329609232691377e-06,-4.708520028057468e-05,-6.637654480922031e-07,-1.8647732735692372e-05
-2.1388615552704506e-11,-4.681993951471185e-06,3.433043618672716e-06,-4.7148974038214414e-05,-7.21426706111872e-07,-1.873113247769015e-05
-2.1388815580713397e-11,-4.681993689639139e-06,3.4331246568483864e-06,-4.720498605901238e-05,-7.791437996829976e-07,-1.881248360789801e-05
-2.138900026876563e-11,-4.68199342805931e-06,3.43320407077429e-06,-4.7253387276216667e-05,-8.369102318477816e-07,-1.8891830772859908e-05
-2.138918320836902e-11,-4.681993167283063e-06,3.4332818928941925e-06,-4.7294328050089295e-05,-8.947197285405032e-07,-1.896921846348174e-05
-2.1389350287985902e-11,-4.681992906872509e-06,3.433358155459324e-06,-4.7327958022022806e-05,-9.525662324607259e-07,-1.9044690970692185e-05
-2.1389534221697215e-11,-4.681992647320753e-06,3.4334328892903834e-06,-4.735442598020312e-05,-1.010443896738348e-06,-1.9118292344003893e-05
-2.138970000564125e-11,-4.681992388117586e-06,3.433506124848808e-06,-4.7373879735486514e-05,-1.0683470793687996e-06,-1.9190066352309078e-05
-2.1389870116642873e-11,-4.6819921294820625e-06,3.4335778921319846e-06,-4.7386466009378076e-05,-1.1262703369196689e-06,-1.926005644924079e-05
-2.139002715382364e-11,-4.681991871135198e-06,3.4336482206745e-06,-4.7392330327339134e-05,-1.1842084189797648e-06,-1.9328305740005275e-05
-2.1390187535700225e-11,-4.681991613338007e-06,3.4337171393589415e-06,-4.73916169249733e-05,-1.2421562622612217e-06,-1.939485695269676e-05
-2.1390336919055663e-11,-4.681991356091294e-06,3.4337846764832843e-06,-4.73844686593197e-05,-1.3001089849167152e-06,-1.9459752410264587e-05
-2.1390494601218952e-11,-4.681991099080554e-06,3.4338508593660567e-06,-4.73710269308041e-05,-1.3580618810648049e-06,-1.952303400547785e-05
-2.1390653171413603e-11,-4.681990842767166e-06,3.4339157148844785e-06,-4.735143160985315e-05,-1.4160104150724e-06,-1.958474317959536e-05
-2.1390805918991576e-11,-4.681990586903215e-06,3.433979269930557e-06,-4.732582097350062e-05,-1.4739502166421389e-06,-1.9644920900758157e-05
-2.1390949255225804e-11,-4.68199033131899e-06,3.4340415505399393e-06,-4.7294331646323446e-05,-1.5318770753446476e-06,-1.970360764646195e-05
-2.139107304438673e-11,-4.681990076195144e-06,3.434102582028041e-06,-4.7257098547817115e-05,-1.5897869352062988e-06,-1.976084338690389e-05
-2.1391228971343612e-11,-4.681989821677192e-06,3.4341623896254037e-06,-4.721425484765366e-05,-1.6476758901087892e-06,-1.9816667570494294e-05
-2.1391370538113593e-11,-4.68198956742969e-06,3.4342209976893386e-06,-4.716593192316003e-05,-1.7055401785017921e-06,-1.9871119110450788e-05
-2.1391496125535218e-11,-4.681989313522057e-06,3.4342784300859592e-06,-4.711225932490121e-05,-1.7633761787331427e-06,-1.9924236374140253e-05
-2.1391620257868297e-11,-4.681989060012492e-06,3.4343347101071562e-06,-4.7053364745149806e-05,-1.8211804042888006e-06,-1.9976057172684413e-05
-2.1391761771455906e-11,-4.681988806986635e-06,3.434389861061054e-06,-4.698937399235088e-05,-1.878949499435267e-06,-2.0026618752494467e-05
-2.1391867269181013e-11,-4.681988554496753e-06,3.4344439057669447e-06,-4.69204109683624e-05,-1.936680234244446e-06,-2.0075957788082444e-05
-2.1392006799738525e-11,-4.681988302114108e-06,3.4344968660740355e-06,-4.684659765035854e-05,-1.994369500548313e-06,-2.0124110376357484e-05
-2.139211931804719e-11,-4.681988050185866e-06,3.4345487638074213e-06,-4.6768054076729866e-05,-2.052014307706196e-06,-2.017111203139391e-05
-2.1392221946732535e-11,-4.681987798520822e-06,3.4345996200599026e-06,-4.668489833575899e-05,-2.109611778170855e-06,-2.0216997680351227e-05
-2.1392355061758997e-11,-4.681987547162679e-06,3.4346494559941944e-06,-4.659724655840418e-05,-2.16715914374148e-06,-2.02618016615451e-05
-2.139246355154037e-11,-4.681987296431947e-06,3.4346982915694477e-06,-4.650521291241509e-05,-2.224653741331e-06,-2.0305557721352624e-05
-2.1392582857339554e-11,-4.681987045884483e-06,3.434746146884187e-06,-4.6408909601444635e-05,-2.2820930091774205e-06,-2.0348299014517647e-05
-2.139267425182141e-11,-4.681986795575691e-06,3.4347930418249226e-06,-4.630844686449386e-05,-2.3394744833882753e-06,-2.0390058101819308e-05
-2.139278139738781e-11,-4.6819865456195165e-06,3.43483899535677e-06,-4.620393297968663e-05,-2.39679579383973e-06,-2.0430866952708783e-05
-2.1392897843165492e-11,-4.68198629616679e-06,3.4348840262455195e-06,-4.609547426926573e-05,-2.454054661012439e-06,-2.0470756945253777e-05
-2.1392992253097585e-11,-4.681986046692602e-06,3.4349281533095718e-06,-4.598317510525494e-05,-2.5112488924596336e-06,-2.0509758867415287e-05
-2.1393102115668223e-11,-4.681985797874065e-06,3.434971394162561e-06,-4.5867137921782495e-05,-2.568376379296039e-06,-2.0547902920877794e-05
-2.1393191482161263e-11,-4.6819855489258315e-06,3.4350137667832746e-06,-4.5747463221853515e-05,-2.6254350931100305e-06,-2.058521872222892e-05
-2.1393284785078223e-11,-4.681985300591165e-06,3.4350552885440323e-06,-4.5624249593004056e-05,-2.6824230827994877e-06,-2.0621735307039396e-05
-2.139337988217677e-11,-4.681985052544695e-06,3.435095976709624e-06,-4.5497593719513686e-05,-2.739338471553348e-06,-2.0657481134456636e-05
-2.1393477145327508e-11,-4.6819848046241e-06,3.4351358475294698e-06,-4.536759039761543e-05,-2.796179453625016e-06,-2.0692484089536145e-05
-2.1393575432564006e-11,-4.681984556914896e-06,3.435174917347753e-06,-4.523433255281531e-05,-2.8529442917024644e-06,-2.0726771489361583e-05
-2.1393659793651227e-11,-4.68198430970616e-06,3.435213202504282e-06,-4.5097911256323667e-05,-2.909631314313069e-06,-2.0760370087166426e-05
-2.1393748115920705e-11,-4.6819840626267606e-06,3.4352507185208555e-06,-4.495841574437302e-05,-2.9662389123749567e-06,-2.079330607813486e-05
-2.1393823442979684e-11,-4.681983815885215e-06,3.4352874807912498e-06,-4.481593343764698e-05,-3.0227655373373422e-06,-2.0825605104328306e-05
-2.1393909770254525e-11,-4.681983569253915e-06,3.4353235042433095e-06,-4.467054996082019e-05,-3.079209698280037e-06,-2.085729226065288e-05
-2.1393992333025174e-11,-4.681983323049498e-06,3.4353588038856627e-06,-4.452234916431872e-05,-3.1355699595749987e-06,-2.088839210059081e-05
-2.1394072633643903e-11,-4.6819830770972645e-06,3.4353933940729737e-06,-4.437141314574735e-05,-3.191844938284222e-06,-2.091892864325035e-05
-2.139414536433815e-11,-4.681982831411656e-06,3.435427288967406e-06,-4.421782227231612e-05,-3.2480333020502692e-06,-2.094892537843109e-05
-2.139422485975264e-11,-4.6819825856988226e-06,3.4354605024779867e-06,-4.4061655204155014e-05,-3.3041337667300722e-06,-2.0978405274423238e-05
-2.1394306236520012e-11,-4.68198234042304e-06,3.435493048423488e-06,-4.390298891563023e-05,-3.36014509429934e-06,-2.1007390783697442e-05
-2.1394384815940967e-11,-4.68198209545712e-06,3.4355249400857255e-06,-4.374189872143446e-05,-3.4160660909165708e-06,-2.1035903850065675e-05
-2.1394435165262622e-11,-4.681981850618421e-06,3.4355561904711404e-06,-4.357845829912443e-05,-3.471895604334818e-06,-2.1063965915606222e-05
-2.139451907128713e-11,-4.681981605967986e-06,3.4355868125200073e-06,-4.341273971365682e-05,-3.5276325225346594e-06,-2.1091597927727386e-05
-2.1394595829490663e-11,-4.681981361670802e-06,3.4356168187468603e-06,-4.324481344148013e-05,-3.5832757715800574e-06,-2.111882034577326e-05
-2.1394662370999926e-11,-4.6819811174538574e-06,3.435646221219783e-06,-4.307474839662496e-05,-3.638824313640735e-06,-2.1145653148836884e-05
-2.139472803613373e-11,-4.681980873527952e-06,3.4356750321425608e-06,-4.29026119536856e-05,-3.6942771455141273e-06,-2.1172115842213338e-05
-2.1394792051860603e-11,-4.6819806295803575e-06,3.435703263526121e-06,-4.27284699744654e-05,-3.7496332966824605e-06,-2.1198227464491256e-05
-2.139484578034559e-11,-4.681980385752376e-06,3.4357309267801234e-06,-4.255238683095843e-05,-3.804891827640448e-06,-2.1224006596156962e-05
-2.1394913086829313e-11,-4.681980142279673e-06,3.4357580335809353e-06,-4.237442543254994e-05,-3.860051828562955e-06,-2.1249471364715343e-05
-2.1394978247974166e-11,-4.681979899025801e-06,3.4357845947722505e-06,-4.219464724955309e-05,-3.915112417278828e-06,-2.1274639453418913e-05
-2.1395025932456977e-11,-4.6819796559285326e-06,3.435810621021067e-06,-4.201311233852209e-05,-3.9700727382438755e-06,-2.1299528108165008e-05
-2.1395094657428e-11,-4.681979412990537e-06,3.435836123647854e-06,-4.182987936756523e-05,-4.0249319608060926e-06,-2.1324154144392997e-05
-2.139514646426548e-11,-4.6819791702171655e-06,3.4358611126165375e-06,-4.1645005640214775e-05,-4.079689277928902e-06,-2.1348533954148013e-05
-2.139521577827905e-11,-4.681978927893337e-06,3.4358855984839583e-06,-4.145854712251634e-05,-4.134343904754707e-06,-2.1372683513741427e-05
-2.139526780446626e-11,-4.681978685580778e-06,3.435909590994056e-06,-4.127055846390117e-05,-4.188895077466926e-06,-2.1396618390661953e-05
-2.139532069062923e-11,-4.681978443285663e-06,3.4359331004989784e-06,-4.108109302449757e-05,-4.243342051853541e-06,-2.1420353750125877e-05
-2.1395368701091837e-11,-4.681978201373642e-06,3.4359561363520603e-06,-4.089020289933384e-05,-4.297684102141382e-06,-2.1443904362820814e-05
-2.139541975910541e-11,-4.681977959286069e-06,3.43597870806859e-06,-4.0697938940320676e-05,-4.351920519955209e-06,-2.1467284611553146e-05
-2.1395472258403903e-11,-4.681977717481017e-06,3.4360008247113017e-06,-4.050435078278552e-05,-4.406050612978479e-06,-2.1490508497867595e-05
-2.139551725536622e-11,-4.68197747589049e-06,3.436022495547877e-06,-4.0309486867010896e-05,-4.460073703961042e-06,-2.151358964905553e-05
-2.1395572120623718e-11,-4.681977234384256e-06,3.4360437295452075e-06,-4.011339446310343e-05,-4.513989129928065e-06,-2.153654132546847e-05
-2.13956159687931e-11,-4.681976993199502e-06,3.436064535605477e-06,-3.991611969319832e-05,-4.567796240806098e-06,-2.1559376425999747e-05
-2.1395655621855402e-11,-4.681976751923954e-06,3.4360849220973586e-06,-3.9717707555662206e-05,-4.621494398486277e-06,-2.158210749609196e-05
-2.139571434693801e-11,-4.681976510883977e-06,3.436104897328712e-06,-3.951820194629846e-05,-4.675082976095713e-06,-2.1604746732927203e-05
-2.1395743729837265e-11,-4.681976270238973e-06,3.4361244694440754e-06,-3.931764568210594e-05,-4.728561356970474e-06,-2.162730599287936e-05
-2.1395792064790937e-11,-4.681976029516198e-06,3.436143646630419e-06,-3.911608052226225e-05,-4.7819289338784135e-06,-2.1649796797772994e-05
-2.139583086272092e-11,-4.6819757887859425e-06,3.4361624371473387e-06,-3.8913547191660484e-05,-4.835185108151751e-06,-2.1672230340295576e-05
-2.1395869392196845e-11,-4.681975548165292e-06,3.4361808482044905e-06,-3.871008540033809e-05,-4.888329288625409e-06,-2.1694617491422075e-05
-2.1395937544197784e-11,-4.6819753078210076e-06,3.4361988876860206e-06,-3.850573386701372e-05,-4.941360891359404e-06,-2.17169688057995e-05
-2.1395963269965984e-11,-4.681975067589879e-06,3.4362165628506675e-06,-3.830053033840496e-05,-4.9942793385841e-06,-2.1739294527880803e-05
-2.1396007778592308e-11,-4.681974827568973e-06,3.4362338809929656e-06,-3.80945116105448e-05,-5.047084058061793e-06,-2.17616045978368e-05
-2.1396043141201296e-11,-4.6819745876747715e-06,3.4362508495766346e-06,-3.788771354976472e-05,-5.099774482337275e-06,-2.1783908657801096e-05
-2.1396074492677594e-11,-4.681974347598737e-06,3.436267475225706e-06,-3.768017111234576e-05,-5.152350048196592e-06,-2.1806216056977123e-05
-2.1396119508504597e-11,-4.68197410794762e-06,3.4362837651665287e-06,-3.747191836394735e-05,-5.204810196049392e-06,-2.1828535857688712e-05
-2.139614412608981e-11,-4.6819738681041434e-06,3.4362997258051266e-06,-3.72629884997024e-05,-5.25715436913792e-06,-2.1850876841208812e-05
-2.1396193001475895e-11,-4.681973628683273e-06,3.4363153635423564e-06,-3.705341386331313e-05,-5.309382013037341e-06,-2.187324751278314e-05
-2.1396217622982214e-11,-4.6819733892338185e-06,3.436330684931453e-06,-3.684322596548085e-05,-5.361492575378185e-06,-2.1895656107014784e-05
-2.1396253564790376e-11,-4.681973149915499e-06,3.43634569681416e-06,-3.6632455503445764e-05,-5.413485504853995e-06,-2.1918110593678864e-05
-2.139627853081067e-11,-4.681972910608904e-06,3.436360405025826e-06,-3.642113237808456e-05,-5.465360251256071e-06,-2.1940618681969178e-05
-2.139632543489404e-11,-4.6819726716040445e-06,3.436374815547702e-06,-3.620928571311713e-05,-5.5171162643700905e-06,-2.1963187826992898e-05
-2.1396353568737213e-11,-4.681972432709815e-06,3.436388934125509e-06,-3.5996943871427074e-05,-5.568752993872044e-06,-2.1985825233448207e-05
-2.139637061391855e-11,-4.68197219371182e-06,3.4364027673699016e-06,-3.5784134473602164e-05,-5.620269889113031e-06,-2.200853786138348e-05
-2.139642416360688e-11,-4.681971955073923e-06,3.436416320198856e-06,-3.557088441458794e-05,-5.6716663979674635e-06,-2.2031332430610416e-05
-2.1396447236716547e-11,-4.681971716469166e-06,3.436429598498792e-06,-3.535721988022988e-05,-5.7229419674227645e-06,-2.2054215425824883e-05
-2.139648311510731e-11,-4.6819714779116065e-06,3.4364426081384838e-06,-3.5143166363149695e-05,-5.774096042288742e-06,-2.2077193100811876e-05
-2.1396500669717908e-11,-4.681971239261228e-06,3.4364553538716306e-06,-3.4928748681397045e-05,-5.8251280650241015e-06,-2.210027148319165e-05
-2.1396527809927793e-11,-4.681971000909666e-06,3.4364678413003365e-06,-3.4713990990328946e-05,-5.876037475972309e-06,-2.2123456379304683e-05
-2.1396569758255955e-11,-4.6819707627866995e-06,3.4364800756725974e-06,-3.449891680259379e-05,-5.926823712563604e-06,-2.214675337773659e-05
-2.139659021243247e-11,-4.681970524482515e-06,3.436492062022881e-06,-3.428354899967767e-05,-5.977486208732119e-06,-2.2170167854633306e-05
-2.139660938361648e-11,-4.681970286201898e-06,3.4365038051848177e-06,-3.406790984866879e-05,-6.028024395158702e-06,-2.219370497694841e-05
-2.139664038270544e-11,-4.681970047974379e-06,3.4365153097977064e-06,-3.385202101746746e-05,-6.07843769854231e-06,-2.221736970716156e-05
-2.139666411074479e-11,-4.681969810214653e-06,3.4365265811504667e-06,-3.363590358733169e-05,-6.128725541891408e-06,-2.2241166807247508e-05
-2.139669421596484e-11,-4.681969572276584e-06,3.436537623408312e-06,-3.341957806908645e-05,-6.178887343635793e-06,-2.2265100842756157e-05
-2.139670700293263e-11,-4.681969334243716e-06,3.4365484415580536e-06,-3.320306441578015e-05,-6.228922517695919e-06,-2.2289176185699052e-05
-2.139673039727426e-11,-4.681969096464074e-06,3.4365590399670025e-06,-3.298638203656256e-05,-6.278830473295568e-06,-2.2313397020017256e-05
-2.1396764818663184e-11,-4.681968859046022e-06,3.4365694228886893e-06,-3.276954981045148e-05,-6.328610614503832e-06,-2.2337767343940498e-05
-2.1396773313423465e-11,-4.681968621424579e-06,3.4365795947528862e-06,-3.255258609732395e-05,-6.3782623403808054e-06,-2.2362290974247664e-05
-2.139680803839036e-11,-4.681968383691757e-06,3.436589559609219e-06,-3.233550875445868e-05,-6.4277850444918585e-06,-2.238697154938924e-05
-2.1396829461342836e-11,-4.681968146274431e-06,3.4365993216057813e-06,-3.2118335145972884e-05,-6.477178114734127e-06,-2.2411812533414686e-05
-2.1396829930631222e-11,-4.681967908685833e-06,3.4366088852734415e-06,-3.1901082156367e-05,-6.526440933572422e-06,-2.243681721923374e-05
-2.1396863061032682e-11,-4.6819676712953125e-06,3.436618253889436e-06,-3.168376620196002e-05,-6.575572877088586e-06,-2.2461988731641693e-05
-2.1396881056333977e-11,-4.681967434073367e-06,3.4366274317444606e-06,-3.146640324387911e-05,-6.62457331569616e-06,-2.2487330030830454e-05
-2.139690743950274e-11,-4.681967197111228e-06,3.4366364227474257e-06,-3.124900879794058e-05,-6.673441613557511e-06,-2.251284391589963e-05
-2.1396922627662134e-11,-4.6819669599619045e-06,3.436645230519079e-06,-3.1031597947195415e-05,-6.72217712839646e-06,-2.2538533026938146e-05
-2.139695607607473e-11,-4.681966722936051e-06,3.436653858571728e-06,-3.081418535258746e-05,-6.770779211574599e-06,-2.2564399849159797e-05
-2.139696085546494e-11,-4.681966486017703e-06,3.4366623108222805e-06,-3.059678526416664e-05,-6.819247207834504e-06,-2.2590446715345716e-05
-2.1396991545036666e-11,-4.6819662488557224e-06,3.436670590478285e-06,-3.0379411530969938e-05,-6.867580455258126e-06,-2.2616675808411763e-05
-2.139700309550356e-11,-4.681966011927317e-06,3.4366787010481337e-06,-3.0162077612012666e-05,-6.915778285259798e-06,-2.2643089164975042e-05
-2.1397018197453162e-11,-4.681965774776038e-06,3.436686646144393e-06,-2.9944796586502476e-05,-6.963840022412761e-06,-2.2669688677657652e-05
-2.1397038643561316e-11,-4.681965538263129e-06,3.436694428745098e-06,-2.972758116360935e-05,-7.011764984400577e-06,-2.269647609773725e-05
-2.1397049053190975e-11,-4.6819653012741156e-06,3.4367020523944225e-06,-2.9510443691569417e-05,-7.059552481788117e-06,-2.2723453037700632e-05
-2.1397078741824622e-11,-4.681965064643979e-06,3.4367095198112847e-06,-2.9293396168676178e-05,-7.107201818139525e-06,-2.275062097433836e-05
-2.1397080217929918e-11,-4.681964827993735e-06,3.436716834462503e-06,-2.9076450251163123e-05,-7.154712290198588e-06,-2.2777981250826482e-05
-2.139710337777334e-11,-4.681964591263853e-06,3.4367239998413595e-06,-2.8859617263528742e-05,-7.20208318726423e-06,-2.2805535078877527e-05
-2.1397125254766953e-11,-4.6819643548194005e-06,3.436731018133337e-06,-2.8642908206419193e-05,-7.249313791509713e-06,-2.2833283541543814e-05
-2.1397132123525457e-11,-4.681964118373021e-06,3.436737892671083e-06,-2.842633376606513e-05,-7.296403377940938e-06,-2.2861227595798694e-05
-2.1397154649851094e-11,-4.6819638818976465e-06,3.4367446260840544e-06,-2.82099043223864e-05,-7.3433512143825964e-06,-2.2889368073827175e-05
-2.1397162634201746e-11,-4.681963645371367e-06,3.4367512217355916e-06,-2.7993629957762764e-05,-7.390156561193627e-06,-2.291770568650921e-05
-2.1397171417585857e-11,-4.6819634091070675e-06,3.4367576819452354e-06,-2.777752046502754e-05,-7.436818671739079e-06,-2.2946241024252355e-05
-2.1397200094133174e-11,-4.6819631730437e-06,3.436764009218865e-06,-2.7561585355683235e-05,-7.4833367918280265e-06,-2.2974974559975472e-05
-2.1397205409590246e-11,-4.681962936808422e-06,3.4367702068755356e-06,-2.7345833866673912e-05,-7.529710160116008e-06,-2.3003906651051615e-05
-2.1397220374400505e-11,-4.681962700453147e-06,3.436776277039306e-06,-2.713027496926699e-05,-7.5759380079940085e-06,-2.3033037540751277e-05
-2.1397234401964258e-11,-4.681962464185289e-06,3.436782222579203e-06,-2.6914917376380722e-05,-7.622019559463536e-06,-2.3062367360962438e-05
-2.139725077504154e-11,-4.681962228111457e-06,3.4367880453102334e-06,-2.6699769549134506e-05,-7.66795403117131e-06,-2.3091896133064828e-05
-2.1397263314704194e-11,-4.681961991823412e-06,3.4367937483309633e-06,-2.6484839705064544e-05,-7.713740632596577e-06,-2.312162377085816e-05
-2.1397263888602e-11,-4.6819617557553845e-06,3.436799333948605e-06,-2.6270135823008826e-05,-7.759378566217663e-06,-2.31515500816723e-05
-2.1397273434799312e-11,-4.681961519766941e-06,3.4368048044297912e-06,-2.6055665652988114e-05,-7.804867026776423e-06,-2.318167476817138e-05
-2.1397295418151e-11,-4.681961283857489e-06,3.4368101621475422e-06,-2.5841436720757873e-05,-7.850205202131711e-06,-2.3211997430046866e-05
-2.139730930495592e-11,-4.681961048047967e-06,3.4368154093382852e-06,-2.5627456333914487e-05,-7.895392273030392e-06,-2.324251756591882e-05
-2.1397314325553883e-11,-4.6819608122791126e-06,3.436820547706009e-06,-2.541373159033298e-05,-7.940427412829784e-06,-2.3273234574848528e-05
-2.139733081121129e-11,-4.681960576469638e-06,3.4368255801524794e-06,-2.520026938282992e-05,-7.985309787983335e-06,-2.330414775729609e-05
-2.13973376811727e-11,-4.681960340610002e-06,3.436830508311167e-06,-2.4987076405047636e-05,-8.030038557915759e-06,-2.33352563177294e-05
-2.139734168704387e-11,-4.681960104802602e-06,3.4368353346014335e-06,-2.4774159158781695e-05,-8.074612874856453e-06,-2.3366559364915585e-05
-2.1397347325542877e-11,-4.681959868817186e-06,3.4368400608300803e-06,-2.4561523958643814e-05,-8.119031884269725e-06,-2.339805591433572e-05
-2.1397351664286307e-11,-4.681959633253661e-06,3.436844689276905e-06,-2.434917693772403e-05,-8.16329472466742e-06,-2.342974488898972e-05
-2.139737488380544e-11,-4.681959397281875e-06,3.436849221673787e-06,-2.413712405347486e-05,-8.207400527629734e-06,-2.3461625120811876e-05
-2.139736665589962e-11,-4.681959161489247e-06,3.436853659995182e-06,-2.392537109370653e-05,-8.25134841799255e-06,-2.349369535211412e-05
-2.1397386119889288e-11,-4.681958926233223e-06,3.4368580059498468e-06,-2.3713923680361735e-05,-8.29513751385437e-06,-2.3525954236848883e-05
-2.1397405751356898e-11,-4.68195869058568e-06,3.436862261906399e-06,-2.350278727595491e-05,-8.338766926798349e-06,-2.3558400341872003e-05
-2.1397410981038684e-11,-4.681958455279962e-06,3.436866428949279e-06,-2.3291967187680088e-05,-8.382235761399637e-06,-2.359103214769206e-05
-2.139741281422206e-11,-4.681958219723186e-06,3.4368705093545372e-06,-2.3081468573628135e-05,-8.42554311623148e-06,-2.3623848050621457e-05
-2.139742107522363e-11,-4.681957984144131e-06,3.436874504916649e-06,-2.287129644600641e-05,-8.468688082990948e-06,-2.365684636256823e-05
-2.1397439259677323e-11,-4.681957748669358e-06,3.4368784169940496e-06,-2.266145567668987e-05,-8.511669747178919e-06,-2.3690025313436892e-05
-2.139745033285552e-11,-4.6819575131193806e-06,3.436882247262176e-06,-2.2451951002550163e-05,-8.554487187732302e-06,-2.3723383051183942e-05
-2.139744662972729e-11,-4.681957277624345e-06,3.4368859974710287e-06,-2.224278702734298e-05,-8.597139477808146e-06,-2.3756917643386036e-05
-2.1397460728181222e-11,-4.681957042089172e-06,3.4368896693370795e-06,-2.2033968229479652e-05,-8.63962568413829e-06,-2.379062707844735e-05
-2.1397462573550406e-11,-4.681956806812982e-06,3.4368932644063393e-06,-2.1825498963248376e-05,-8.681944867279187e-06,-2.3824509265766094e-05
-2.139746637234675e-11,-4.681956571518735e-06,3.4368967838672943e-06,-2.161738346536453e-05,-8.724096081931055e-06,-2.3858562037136183e-05
-2.139748192541079e-11,-4.68195633620014e-06,3.4369002296918603e-06,-2.1409625857413184e-05,-8.76607837679911e-06,-2.3892783147912928e-05
-2.139748348056817e-11,-4.6819561010768845e-06,3.436903603121231e-06,-2.120223014995692e-05,-8.807890794975195e-06,-2.3927170277498776e-05
-2.1397498143084686e-11,-4.681955865699128e-06,3.436906905390099e-06,-2.0995200247309784e-05,-8.849532373549193e-06,-2.3961721030411883e-05
-2.1397491922891152e-11,-4.681955630304818e-06,3.4369101384404955e-06,-2.0788539950423875e-05,-8.89100214419883e-06,-2.3996432936799575e-05
-2.1397498608028918e-11,-4.681955395151697e-06,3.4369133032572055e-06,-2.058225296121923e-05,-8.93229913287047e-06,-2.403130345363183e-05
-2.139751383609024e-11,-4.681955159998366e-06,3.43691640132718e-06,-2.0376342885692417e-05,-8.973422360160765e-06,-2.4066329965395176e-05
-2.1397516231426578e-11,-4.6819549247251345e-06,3.4369194340629808e-06,-2.0170813237358265e-05,-9.014370841302753e-06,-2.4101509784578393e-05
-2.139752370643076e-11,-4.68195468959825e-06,3.4369224030877523e-06,-1.9965667441024608e-05,-9.055143586269951e-06,-2.4136840152546804e-05
-2.139753865052906e-11,-4.68195445448877e-06,3.4369253086822245e-06,-1.9760908836122944e-05,-9.09573959961675e-06,-2.4172318240583098e-05
-2.1397533940645765e-11,-4.6819542192322195e-06,3.4369281532626086e-06,-1.9556540679484004e-05,-9.136157881255546e-06,-2.420794114974856e-05
-2.1397546357591123e-11,-4.681953984182145e-06,3.4369309373484354e-06,-1.935256614922356e-05,-9.176397425783702e-06,-2.4243705912562255e-05
-2.139753845218376e-11,-4.68195374916724e-06,3.4369336623346534e-06,-1.9148988347184873e-05,-9.216457223038615e-06,-2.427960949269573e-05
-2.1397551311677286e-11,-4.681953513942014e-06,3.436936329486193e-06,-1.894581030182529e-05,-9.256336258153242e-06,-2.4315648786138735e-05
-2.1397569988533375e-11,-4.681953278977931e-06,3.43693893982579e-06,-1.8743034972213076e-05,-9.296033511465892e-06,-2.435182062190697e-05
-2.1397567704731328e-11,-4.681953043969443e-06,3.4369414942985576e-06,-1.854066524958169e-05,-9.335547958783887e-06,-2.4388121762055968e-05
-2.1397562221183207e-11,-4.681952809037321e-06,3.436943994326449e-06,-1.8338703961770698e-05,-9.374878571515398e-06,-2.4424548902777437e-05
-2.1397553087850366e-11,-4.68195257400324e-06,3.436946441219634e-06,-1.813715387344781e-05,-9.414024316620879e-06,-2.4461098674538025e-05
-2.139757486652731e-11,-4.681952339074669e-06,3.4369488352965465e-06,-1.793601769088285e-05,-9.45298415682122e-06,-2.4497767643036877e-05
-2.1397565675271392e-11,-4.681952104092275e-06,3.436951177986296e-06,-1.773529806461229e-05,-9.491757050757338e-06,-2.4534552309094617e-05
-2.1397586395535232e-11,-4.6819518689633294e-06,3.436953470411918e-06,-1.7534997590327425e-05,-9.530341952899965e-06,-2.457144910969418e-05
-2.1397583429505852e-11,-4.681951634077646e-06,3.4369557137390685e-06,-1.733511881242709e-05,-9.568737814014558e-06,-2.4608454418466494e-05
-2.139758340376747e-11,-4.681951399280138e-06,3.436957908763784e-06,-1.7135664226682203e-05,-9.606943580779643e-06,-2.4645564545635018e-05
-2.1397581650961536e-11,-4.681951164446572e-06,3.4369600565520434e-06,-1.6936636281679043e-05,-9.644958196348883e-06,-2.468277573877897e-05
-2.1397603151971452e-11,-4.6819509297662264e-06,3.436962157812465e-06,-1.6738037381594817e-05,-9.682780599955529e-06,-2.4720084183527235e-05
-2.1397589049696103e-11,-4.681950694561795e-06,3.4369642136530505e-06,-1.6539869888529124e-05,-9.72040972781449e-06,-2.4757486003280792e-05
-2.139760847545443e-11,-4.681950459783777e-06,3.436966224948067e-06,-1.634213612494647e-05,-9.757844512386808e-06,-2.4794977260336816e-05
-2.1397593508183064e-11,-4.681950224801995e-06,3.4369681926707337e-06,-1.614483837467543e-05,-9.795083882865364e-06,-2.483255395602744e-05
-2.1397612670463067e-11,-4.681949990028213e-06,3.4369701175034783e-06,-1.5947978885462202e-05,-9.832126765514893e-06,-2.4870212030483852e-05
-2.139761990330398e-11,-4.681949755092035e-06,3.4369720006163913e-06,-1.5751559871968172e-05,-9.868972083345846e-06,-2.4907947364412626e-05
-2.1397623172557863e-11,-4.681949520395969e-06,3.4369738423334325e-06,-1.555558351621404e-05,-9.905618756475216e-06,-2.4945755777846718e-05
-2.1397632546135894e-11,-4.681949285459271e-06,3.4369756439811726e-06,-1.5360051970688416e-05,-9.94206570218897e-06,-2.498363303175529e-05
-2.1397625031296935e-11,-4.681949050574085e-06,3.4369774060151973e-06,-1.5164967359458068e-05,-9.978311834935122e-06,-2.502157482732207e-05
-2.1397632996351935e-11,-4.681948815948708e-06,3.4369791295805825e-06,-1.4970331780055294e-05,-1.001435606687189e-05,-2.5059576807374737e-05
-2.1397632296491098e-11,-4.681948581486854e-06,3.436980815262393e-06,-1.477614730558733e-05,-1.0050197307312604e-05,-2.509763455567717e-05
-2.1397632946523225e-11,-4.681948346750721e-06,3.4369824636524795e-06,-1.4582415986179658e-05,-1.0085834463440374e-05,-2.5135743598095166e-05
-2.1397638496087195e-11,-4.68194811183736e-06,3.436984075501309e-06,-1.4389139850086238e-05,-1.0121266439829343e-05,-2.517389940229115e-05
-2.1397629611224308e-11,-4.6819478772247966e-06,3.436985651922422e-06,-1.419632090668709e-05,-1.0156492139416092e-05,-2.521209737800167e-05
-2.139763856715643e-11,-4.68194764253618e-06,3.436987193226605e-06,-1.400396114704342e-05,-1.0191510462618421e-05,-2.5250332878203196e-05
-2.139765819365961e-11,-4.681947407869929e-06,3.4369887003534825e-06,-1.3812062545784992e-05,-1.0226320308195766e-05,-2.528860119797409e-05
-2.1397653991335456e-11,-4.681947173374563e-06,3.436990173690541e-06,-1.3620627061887297e-05,-1.0260920572964695e-05,-2.5326897576326494e-05
-2.1397656608177404e-11,-4.681946938549029e-06,3.436991614221463e-06,-1.342965664133607e-05,-1.029531015215974e-05,-2.536521719476302e-05
-2.1397655710069866e-11,-4.681946703994883e-06,3.436993022471204e-06,-1.3239153217682426e-05,-1.032948793927378e-05,-2.5403555179469465e-05
-2.139764866074616e-11,-4.681946469287882e-06,3.436994399071926e-06,-1.3049118713486129e-05,-1.0363452826453576e-05,-2.5441906600093516e-05
-2.13976456599442e-11,-4.681946234734228e-06,3.4369957446994782e-06,-1.2859555042536053e-05,-1.0397203704409547e-05,-2.548026647006399e-05
-2.139765674658538e-11,-4.681945999865575e-06,3.4369970598567703e-06,-1.2670464108739948e-05,-1.0430739462741919e-05,-2.5518629748145103e-05
-2.139765727882023e-11,-4.681945765390243e-06,3.4369983453050552e-06,-1.24818478107874e-05,-1.0464058989788032e-05,-2.5556991337367898e-05
-2.1397660283365383e-11,-4.681945530904315e-06,3.436999601732909e-06,-1.2293708040928558e-05,-1.0497161172844415e-05,-2.5595346085973913e-05
-2.1397664195932153e-11,-4.681945296407562e-06,3.4370008294745733e-06,-1.2106046686972543e-05,-1.0530044898506773e-05,-2.5633688786846217e-05
-2.1397666555783525e-11,-4.681945061709229e-06,3.4370020295374923e-06,-1.1918865633175656e-05,-1.0562709052399373e-05,-2.5672014178980433e-05
-2.1397674725204084e-11,-4.681944826921601e-06,3.437003201983753e-06,-1.1732166761795637e-05,-1.0595152519508102e-05,-2.571031694663818e-05
-2.1397660726391584e-11,-4.68194459247469e-06,3.437004347571461e-06,-1.154595195375787e-05,-1.0627374184319262e-05,-2.5748591720693258e-05
-2.139767258664122e-11,-4.68194435760871e-06,3.4370054666858566e-06,-1.1360223089765528e-05,-1.0659372931048527e-05,-2.5786833077438095e-05
-2.139767960501982e-11,-4.681944123222454e-06,3.4370065602622354e-06,-1.1174982052298045e-05,-1.069114764298176e-05,-2.5825035540165863e-05
-2.139767473204845e-11,-4.681943888779762e-06,3.437007628517358e-06,-1.0990230723834713e-05,-1.0722697203959936e-05,-2.5863193578629227e-05
-2.139768278441928e-11,-4.681943654124753e-06,3.4370086720815587e-06,-1.0805970992072751e-05,-1.0754020497227278e-05,-2.590130160988688e-05
-2.1397670531981547e-11,-4.681943419541185e-06,3.437009690940985e-06,-1.0622204746929705e-05,-1.0785116406159847e-05,-2.5939353997748436e-05
-2.1397681409682512e-11,-4.681943185083407e-06,3.4370106860100275e-06,-1.0438933882985934e-05,-1.0815983814390425e-05,-2.597734505387077e-05
-2.1397672043411345e-11,-4.681942950570782e-06,3.437011657680438e-06,-1.0256160301927099e-05,-1.0846621605669751e-05,-2.6015269037438816e-05
-2.1397682651627575e-11,-4.68194271599608e-06,3.437012606560338e-06,-1.0073885910545766e-05,-1.0877028664144074e-05,-2.6053120155970513e-05
-2.1397681465790554e-11,-4.681942481435357e-06,3.4370135331211576e-06,-9.892112622850837e-06,-1.0907203874362084e-05,-2.609089256488656e-05
-2.1397666288070393e-11,-4.681942247257182e-06,3.437014437891583e-06,-9.710842362287986e-06,-1.0937146121802259e-05,-2.612858036792673e-05
-2.1397690508098004e-11,-4.681942012531175e-06,3.4370153208001717e-06,-9.530077059408186e-06,-1.0966854291998592e-05,-2.6166177618537713e-05
-2.1397685920603428e-11,-4.6819417780747885e-06,3.437016182634872e-06,-9.349818655864542e-06,-1.0996327271949158e-05,-2.6203678318402003e-05
-2.139769299856783e-11,-4.681941543539479e-06,3.4370170237967767e-06,-9.170069102080786e-06,-1.1025563949276506e-05,-2.624107641901999e-05
-2.1397688939590197e-11,-4.681941309437228e-06,3.4370178446581973e-06,-8.99083036158118e-06,-1.105456321269952e-05,-2.627836582162669e-05
-2.1397680413750896e-11,-4.681941074904561e-06,3.4370186457590204e-06,-8.812104407326753e-06,-1.1083323951957088e-05,-2.631554037705298e-05
-2.1397681040684188e-11,-4.681940840663551e-06,3.4370194272689687e-06,-8.633893225934178e-06,-1.1111845058411767e-05,-2.6352593886891312e-05
-2.1397704703154655e-11,-4.6819406063986e-06,3.437020189697711e-06,-8.456198816898586e-06,-1.1140125424425291e-05,-2.6389520102760177e-05
-2.139768969695005e-11,-4.681940372060936e-06,3.437020933515536e-06,-8.279023193148707e-06,-1.1168163944101049e-05,-2.6426312727997236e-05
-2.139768441058381e-11,-4.68194013747139e-06,3.4370216591026225e-06,-8.102368381268894e-06,-1.1195959513068944e-05,-2.6462965416354764e-05
-2.139768538796022e-11,-4.681939903167539e-06,3.437022366781927e-06,-7.92623642338652e-06,-1.1223511028693589e-05,-2.6499471773789893e-05
-2.139768812123265e-11,-4.681939669063424e-06,3.437023056868435e-06,-7.750629376172769e-06,-1.1250817390178376e-05,-2.653582535788178e-05
-2.1397694753593063e-11,-4.681939434443209e-06,3.4370237297751324e-06,-7.5755493122859125e-06,-1.1277877498641799e-05,-2.6572019678664218e-05
-2.139770433427694e-11,-4.681939200272551e-06,3.4370243856262366e-06,-7.4009983205934e-06,-1.1304690257332578e-05,-2.6608048199014258e-05
-2.139769361820505e-11,-4.681938965808524e-06,3.437025025283633e-06,-7.226978507171004e-06,-1.1331254571685137e-05,-2.6643904334513387e-05
-2.139769160065218e-11,-4.681938731111794e-06,3.437025648538035e-06,-7.053491993970593e-06,-1.1357569349201679e-05,-2.6679581454377383e-05
-2.139768830789966e-11,-4.681938496957762e-06,3.437026255778131e-06,-6.880540922372844e-06,-1.1383633500159919e-05,-2.6715072881803227e-05
-2.1397700643967356e-11,-4.68193826226506e-06,3.4370268476338677e-06,-6.708127449856545e-06,-1.1409445936933104e-05,-2.675037189398301e-05
-2.13976842377348e-11,-4.68193802814357e-06,3.4370274242755676e-06,-6.5362537533293085e-06,-1.1435005574905915e-05,-2.6785471722797778e-05
-2.139769809108468e-11,-4.681937793770112e-06,3.437027985966996e-06,-6.364922028461392e-06,-1.1460311332078973e-05,-2.6820365555761264e-05
-2.139771393143267e-11,-4.681937559181737e-06,3.4370285326004863e-06,-6.194134489574707e-06,-1.1485362128971679e-05,-2.6855046535131674e-05
-2.1397692971409957e-11,-4.681937324878153e-06,3.437029065003347e-06,-6.023893371086125e-06,-1.1510156889593666e-05,-2.6889507760270942e-05
-2.1397673147926863e-11,-4.681937090508821e-06,3.437029583221544e-06,-5.8542009260641415e-06,-1.1534694540591318e-05,-2.692374228604876e-05
-2.1397710736298626e-11,-4.6819368562341986e-06,3.4370300878729173e-06,-5.685059428893453e-06,-1.155897401208042e-05,-2.6957743124952015e-05
-2.1397705157654875e-11,-4.681936621909925e-06,3.4370305789035652e-06,-5.516471173276537e-06,-1.1582994237243731e-05,-2.699150324687661e-05
-2.1397685687765653e-11,-4.681936387497875e-06,3.4370310566806014e-06,-5.348438473454904e-06,-1.160675415293463e-05,-2.7025015579946255e-05
-2.139770048876307e-11,-4.6819361531281275e-06,3.437031521334446e-06,-5.180963665652394e-06,-1.1630252699219179e-05,-2.7058273010429206e-05
-2.139769725042849e-11,-4.681935918772209e-06,3.437031973539533e-06,-5.0140491059657526e-06,-1.1653488820056125e-05,-2.709126838415381e-05
-2.1397682668612113e-11,-4.681935684452275e-06,3.437032412796682e-06,-4.847697171696885e-06,-1.1676461462859744e-05,-2.7123994506786023e-05
-2.1397695683103698e-11,-4.681935450244577e-06,3.4370328400471048e-06,-4.681910262130039e-06,-1.16991695790272e-05,-2.7156444143760065e-05
-2.1397690927871935e-11,-4.681935215784387e-06,3.4370332553301916e-06,-4.516690797421561e-06,-1.1721612124146715e-05,-2.7188610022013112e-05
-2.139769440132545e-11,-4.681934981423519e-06,3.437033658776762e-06,-4.352041220709339e-06,-1.1743788057435517e-05,-2.722048482963836e-05
-2.1397701157121293e-11,-4.681934747042797e-06,3.4370340509465148e-06,-4.187963994893143e-06,-1.176569634264882e-05,-2.725206121705076e-05
-2.1397683537339455e-11,-4.681934512900174e-06,3.4370344316401345e-06,-4.02446160696451e-06,-1.1787335947469234e-05,-2.7283331797514376e-05
-2.1397697364818668e-11,-4.681934278319746e-06,3.43703480152664e-06,-3.861536564231968e-06,-1.1808705844589201e-05,-2.7314289148030568e-05
-2.1397678171097384e-11,-4.681934044104368e-06,3.4370351605901646e-06,-3.6991913975407146e-06,-1.182980501030935e-05,-2.7344925809379607e-05
-2.1397698568253688e-11,-4.681933809879067e-06,3.4370355087013013e-06,-3.537428658830094e-06,-1.1850632426217708e-05,-2.7375234287883163e-05
-2.1397694378976095e-11,-4.681933575381394e-06,3.437035846551829e-06,-3.3762509223548694e-06,-1.1871187078565211e-05,-2.740520705468268e-05
-2.1397683712621295e-11,-4.6819333412693655e-06,3.4370361741871155e-06,-3.2156607852403324e-06,-1.1891467958113023e-05,-2.7434836548265093e-05
-2.1397693971079105e-11,-4.681933107192436e-06,3.4370364916641422e-06,-3.0556608668161585e-06,-1.1911474060750126e-05,-2.7464115173824484e-05
-2.1397677685519262e-11,-4.681932872798891e-06,3.4370367996004473e-06,-2.8962538076172146e-06,-1.1931204387521054e-05,-2.749303530464985e-05
-2.139769874739018e-11,-4.681932638668132e-06,3.4370370978705246e-06,-2.7374422710489106e-06,-1.195065794463978e-05,-2.752158928265246e-05
-2.1397686370485676e-11,-4.681932404328634e-06,3.4370373868979402e-06,-2.579228943387175e-06,-1.1969833743184406e-05,-2.754976942004504e-05
-2.139768585984518e-11,-4.681932170108405e-06,3.4370376668355886e-06,-2.421616531669058e-06,-1.1988730800013093e-05,-2.7577567998883872e-05
-2.139770636783605e-11,-4.681931936030226e-06,3.437037937684554e-06,-2.264607765913162e-06,-1.20073481373963e-05,-2.7604977272956104e-05
-2.1397668878425576e-11,-4.681931701554711e-06,3.4370381997290515e-06,-2.108205397010224e-06,-1.2025684783197207e-05,-2.7631989468154492e-05
-2.1397694597562385e-11,-4.6819314675398115e-06,3.4370384527805197e-06,-1.952412199498692e-06,-1.2043739770642703e-05,-2.765859678394842e-05
-2.1397678349901793e-11,-4.681931233355486e-06,3.437038697444086e-06,-1.7972309677899405e-06,-1.2061512139190782e-05,-2.768479139373087e-05
-2.1397682280520622e-11,-4.681930999095811e-06,3.437038933989439e-06,-1.6426645183887439e-06,-1.207900093420439e-05,-2.7710565446095163e-05
-2.1397692023642713e-11,-4.681930765035043e-06,3.4370391621182037e-06,-1.4887156897822441e-06,-1.2096205206625317e-05,-2.7735911065861918e-05
-2.139768745481349e-11,-4.681930530806586e-06,3.4370393821124557e-06,-1.3353873407746178e-06,-1.2113124014063586e-05,-2.7760820354828456e-05
-2.1397691378041735e-11,-4.681930296771948e-06,3.4370395943618145e-06,-1.1826823512642484e-06,-1.2129756419923167e-05,-2.7785285393531286e-05
-2.1397683823933107e-11,-4.681930062432055e-06,3.4370397988175537e-06,-1.0306036223547278e-06,-1.2146101494269327e-05,-2.7809298241107304e-05
-2.139767116898055e-11,-4.681929828211805e-06,3.437039996025089e-06,-8.791540759107994e-07,-1.216215831350944e-05,-2.783285093751426e-05
-2.1397696712643407e-11,-4.6819295938773806e-06,3.4370401858156583e-06,-7.283366532260646e-07,-1.2177925960635872e-05,-2.7855935504294036e-05
-2.1397677709801162e-11,-4.681929359724154e-06,3.437040368458556e-06,-5.781543163552752e-07,-1.2193403525142688e-05,-2.7878543945016734e-05
-2.1397675569582857e-11,-4.681929125457294e-06,3.4370405441172967e-06,-4.286100466710301e-07,-1.220859010336567e-05,-2.7900668248042348e-05
-2.1397686783866218e-11,-4.681928891212642e-06,3.4370407123186197e-06,-2.7970684541889675e-07,-1.2223484798697424e-05,-2.7922300385382798e-05
-2.1397671815764526e-11,-4.6819286569719235e-06,3.43704087402113e-06,-1.3144773227413417e-07,-1.2238086721302879e-05,-2.794343231674036e-05
-2.1397684069208673e-11,-4.681928422770666e-06,3.4370410290784183e-06,1.6164253770143974e-08,-1.2252394988369099e-05,-2.796405598817539e-05
-2.1397674470449632e-11,-4.681928188760867e-06,3.4370411774604535e-06,1.6312605506908701e-07,-1.2266408724563237e-05,-2.798416333500682e-05
-2.139769191184807e-11,-4.681927954360364e-06,3.437041319797338e-06,3.094345968804278e-07,-1.2280127061623146e-05,-2.8003746282256183e-05
-2.1397683191395637e-11,-4.681927720369095e-06,3.437041455742163e-06,4.550867858101467e-07,-1.2293549138808428e-05,-2.8022796746257512e-05
-2.1397673049765502e-11,-4.681927486236706e-06,3.4370415853286613e-06,6.000795113668093e-07,-1.2306674102733859e-05,-2.8041306636392003e-05
-2.1397675848951968e-11,-4.681927252194002e-06,3.437041708688917e-06,7.444096464056257e-07,-1.2319501107827395e-05,-2.8059267855809697e-05
-2.139767828605361e-11,-4.681927017917077e-06,3.437041826168118e-06,8.880740477945984e-07,-1.2332029316038719e-05,-2.80766723030948e-05
-2.13976906468385e-11,-4.68192678369514e-06,3.4370419378978853e-06,1.0310695558593943e-06,-1.2344257897477634e-05,-2.809351187347307e-05
-2.1397665110538554e-11,-4.681926549565254e-06,3.437042044021169e-06,1.173392995382549e-06,-1.2356186029775662e-05,-2.810977846121263e-05
-2.1397677615541705e-11,-4.6819263155264164e-06,3.437042144507233e-06,1.315041176491647e-06,-1.2367812898724458e-05,-2.8125463959152197e-05
-2.1397671977740087e-11,-4.681926081274269e-06,3.4370422395280813e-06,1.456010894548288e-06,-1.2379137698331281e-05,-2.8140560262559028e-05
-2.1397673355085466e-11,-4.681925847200601e-06,3.4370423292613037e-06,1.5962989315913678e-06,-1.2390159630839856e-05,-2.815505926864326e-05
-2.1397657526279438e-11,-4.681925612821161e-06,3.4370424139882845e-06,1.7359020557819805e-06,-1.2400877906820543e-05,-2.8168952879652636e-05
-2.1397672629820154e-11,-4.68192537848613e-06,3.4370424935636735e-06,1.8748170226246408e-06,-1.2411291745309132e-05,-2.8182233003136176e-05
-2.1397660949120507e-11,-4.681925144317335e-06,3.4370425680199452e-06,2.0130405749672897e-06,-1.2421400373917866e-05,-2.819489155456709e-05
-2.1397672085289916e-11,-4.681924910160431e-06,3.437042637464005e-06,2.150569444666629e-06,-1.2431203028523195e-05,-2.8206920458480758e-05
-2.1397655435898542e-11,-4.681924675956207e-06,3.43704270229255e-06,2.2874003524770844e-06,-1.2440698954507832e-05,-2.8218311650015165e-05
-2.1397670503479197e-11,-4.681924441808468e-06,3.437042762201792e-06,2.42353000793979e-06,-1.2449887405400726e-05,-2.8229057077006438e-05
-2.1397668744215033e-11,-4.681924207581246e-06,3.4370428174730273e-06,2.558955111825066e-06,-1.2458767644271804e-05,-2.823914870145992e-05
-2.1397651341274674e-11,-4.681923973394522e-06,3.4370428682029236e-06,2.6936723559103714e-06,-1.2467338942802133e-05,-2.824857850118772e-05
-2.1397651039361505e-11,-4.681923739410692e-06,3.437042914755433e-06,2.8276784226472343e-06,-1.2475600582185992e-05,-2.8257338471709987e-05
-2.1397655335730563e-11,-4.681923505123541e-06,3.4370429565195567e-06,2.9609699877147736e-06,-1.2483551852520245e-05,-2.8265420627892486e-05
-2.139766106114716e-11,-4.681923271024735e-06,3.4370429940691795e-06,3.0935437195755745e-06,-1.249119205356069e-05,-2.8272817006083792e-05
-2.1397668923857938e-11,-4.6819230368326666e-06,3.4370430274965987e-06,3.2253962802528695e-06,-1.2498520494500012e-05,-2.827951966566958e-05
-2.1397660078063492e-11,-4.681922802527315e-06,3.437043056681806e-06,3.43121072922934e-06,-1.2112253537286e-05,-2.769915201245698e-05
-2.1397672343086018e-11,-4.68192256850988e-06,3.437043082134713e-06,3.6333489971572523e-06,-1.1733962158481686e-05,-2.7130391632621487e-05
-2.1397646141036443e-11,-4.6819223342451745e-06,3.43704310363293e-06,3.831881886658144e-06,-1.1363489695026317e-05,-2.6573006382774447e-05
-2.1397656697833006e-11,-4.68192210008397e-06,3.4370431214602683e-06,4.026878770370054e-06,-1.1000682602688267e-05,-2.602676876279577e-05
-2.1397638548888292e-11,-4.681921865918542e-06,3.4370431352307794e-06,4.218407619480602e-06,-1.0645390393795452e-05,-2.5491455822006222e-05
-2.1397667201793967e-11,-4.681921631935062e-06,3.4370431451685862e-06,4.406535031038778e-06,-1.0297465576485347e-05,-2.4966849069405975e-05
-2.139764894499581e-11,-4.681921397813526e-06,3.437043151641301e-06,4.5913262571541315e-06,-9.956763594128526e-06,-2.4452734383094368e-05
-2.139764765453853e-11,-4.6819211634771834e-06,3.437043154598412e-06,4.772845230754243e-06,-9.62314276693787e-06,-2.3948901923963976e-05
-2.1397660980352414e-11,-4.681920929343307e-06,3.437043154047687e-06,4.951154591675262e-06,-9.296464234514602e-06,-2.3455146049047783e-05
-2.1397644261518087e-11,-4.681920695086327e-06,3.4370431501693785e-06,5.126315714528813e-06,-8.976591899039601e-06,-2.297126522887703e-05
-2.1397640256166636e-11,-4.68192046089529e-06,3.4370431426232107e-06,5.298388732461038e-06,-8.663392370275764e-06,-2.2497061964034098e-05
-2.1397646860198095e-11,-4.681920226929232e-06,3.437043132019153e-06,5.467432562465971e-06,-8.356734911507142e-06,-2.20323427053137e-05
-2.1397659203090506e-11,-4.681919992717359e-06,3.4370431181481154e-06,5.633504930698911e-06,-8.056491386095604e-06,-2.1576917774230936e-05
-2.1397653601445616e-11,-4.681919758510646e-06,3.4370431009943256e-06,5.796662394792153e-06,-7.762536205494697e-06,-2.1130601285860853e-05
-2.1397629995401348e-11,-4.681919524444513e-06,3.4370430809429093e-06,5.956960368835281e-06,-7.4747462785888126e-06,-2.0693211072788232e-05
-2.139763996080415e-11,-4.681919290130278e-06,3.437043057599421e-06,6.114453145690923e-06,-7.193000961136458e-06,-2.026456861148598e-05
-2.139762857509744e-11,-4.681919055888269e-06,3.437043031326393e-06,6.269193919310468e-06,-6.917182007531094e-06,-1.9844498948096765e-05
-2.1397627773645905e-11,-4.681918821782862e-06,3.437043002254675e-06,6.4212348076049215e-06,-6.647173521791769e-06,-1.943283062810044e-05
-2.139763496695481e-11,-4.6819185876823196e-06,3.437042970464392e-06,6.570626873317341e-06,-6.382861911773391e-06,-1.9029395626161873e-05
-2.1397638468131224e-11,-4.681918353438221e-06,3.437042935791479e-06,6.7174201458944735e-06,-6.1241358418782125e-06,-1.8634029277394333e-05
-2.1397641555940364e-11,-4.681918119336093e-06,3.437042898592201e-06,6.861663641693042e-06,-5.870886188598365e-06,-1.8246570209774686e-05
-2.139764020912023e-11,-4.681917885082414e-06,3.4370428583033387e-06,7.003405384852174e-06,-5.623005995877983e-06,-1.7866860279195413e-05
-2.1397637799174537e-11,-4.681917650946046e-06,3.4370428157755864e-06,7.142692426167412e-06,-5.380390432223952e-06,-1.749474450385046e-05
-2.1397636633191453e-11,-4.681917416732298e-06,3.4370427703388087e-06,7.279570864740296e-06,-5.142936747344784e-06,-1.7130071002132217e-05
-2.1397631055058435e-11,-4.681917182648551e-06,3.437042722505427e-06,7.414085864964974e-06,-4.910544231280561e-06,-1.6772690929765138e-05
-2.139764603585141e-11,-4.681916948550931e-06,3.437042672092001e-06,7.5462816770675665e-06,-4.683114173151257e-06,-1.6422458419007232e-05
-2.1397617338984757e-11,-4.681916714398725e-06,3.437042619313115e-06,7.676201654536847e-06,-4.460549821098518e-06,-1.607923051980827e-05
-2.139762727729042e-11,-4.681916480292695e-06,3.4370425642605127e-06,7.803888271777012e-06,-4.242756343240553e-06,-1.5742867141148423e-05
-2.13976419555594e-11,-4.68191624605316e-06,3.437042506780255e-06,7.92938314320371e-06,-4.0296407891821095e-06,-1.5413230993542626e-05
-2.1397618049011372e-11,-4.681916011941518e-06,3.4370424470086476e-06,8.052727039342475e-06,-3.821112052329373e-06,-1.5090187533293546e-05
-2.139762879797524e-11,-4.681915777843042e-06,3.4370423848178348e-06,8.173959904592481e-06,-3.617080832759975e-06,-1.4773604907743752e-05
-2.1397637971228628e-11,-4.6819155435706065e-06,3.4370423206005473e-06,8.293120873769051e-06,-3.4174596014599658e-06,-1.4463353900971964e-05
-2.139762235183996e-11,-4.681915309499919e-06,3.4370422542192596e-06,8.410248287424936e-06,-3.2221625644636366e-06,-1.415930788170976e-05
-2.139760936581521e-11,-4.6819150752436335e-06,3.4370421856898583e-06,8.52537970961405e-06,-3.0311056283117303e-06,-1.3861342750841941e-05
-2.1397627108940645e-11,-4.681914841153759e-06,3.4370421150271155e-06,8.638551941769423e-06,-2.8442063660994614e-06,-1.3569336891668567e-05
-2.1397613478826022e-11,-4.681914607061423e-06,3.4370420422457655e-06,8.749801038801644e-06,-2.661383983684133e-06,-1.3283171119570267e-05
-2.139763637427066e-11,-4.6819143729833265e-06,3.4370419674411663e-06,8.859162325752337e-06,-2.4825592875442034e-06,-1.3002728633241728e-05
-2.139762532729502e-11,-4.6819141386869e-06,3.437041891135102e-06,8.966670409673751e-06,-2.3076546522983553e-06,-1.2727894968215018e-05
-2.139761660702391e-11,-4.681913904606601e-06,3.4370418125723863e-06,9.072359195616095e-06,-2.1365939893139453e-06,-1.2458557948606537e-05
-2.1397612737731485e-11,-4.6819136704705665e-06,3.4370417324838846e-06,9.176261900838593e-06,-1.9693027160440818e-06,-1.2194607642416717e-05
-2.13976165146674e-11,-4.681913436236002e-06,3.4370416503938406e-06,9.278411068687402e-06,-1.8057077260793644e-06,-1.1935936315844367e-05
-2.139761113362057e-11,-4.681913202149955e-06,3.4370415666284655e-06,9.3788385816964e-06,-1.6457373593592428e-06,-1.1682438389960246e-05
-2.139762487697471e-11,-4.6819129681434735e-06,3.4370414809102817e-06,9.477575675354114e-06,-1.4893213728829667e-06,-1.143401039750555e-05
-2.139760009985424e-11,-4.68191273395531e-06,3.4370413936694004e-06,9.574652951537562e-06,-1.3363909128430175e-06,-1.1190550940689591e-05
-2.1397601737861013e-11,-4.681912499851904e-06,3.437041304236769e-06,9.670100390169724e-06,-1.1868784865156532e-06,-1.0951960649251135e-05
-2.1397612625976386e-11,-4.681912265938985e-06,3.4370412135859085e-06,9.76394736331955e-06,-1.040717934977226e-06,-1.0718142140296145e-05
-2.1397588282167048e-11,-4.68191203168774e-06,3.4370411213153396e-06,9.856222645305087e-06,-8.97844406743316e-07,-1.0488999979065261e-05
-2.1397613982443784e-11,-4.681911797631951e-06,3.4370410273748186e-06,9.946954427792686e-06,-7.581943311928124e-07,-1.0264440638938091e-05
-2.139761021841322e-11,-4.681911563606492e-06,3.437040931761273e-06,1.0036170328345824e-05,-6.217053925956367e-07,-1.0044372464323995e-05
-2.1397596752079612e-11,-4.681911329503474e-06,3.4370408344377225e-06,1.0123897405191214e-05,-4.883165057988912e-07,-9.828705632179027e-06
-2.139758128960611e-11,-4.681911095377042e-06,3.4370407358403074e-06,1.0210162165323569e-05,-3.5796779128848915e-07,-9.617352116395555e-06
-2.1397603978157742e-11,-4.681910861123388e-06,3.437040635662499e-06,1.029499057827248e-05,-2.306005503062938e-07,-9.410225651067775e-06
-2.1397583709650974e-11,-4.6819106268936e-06,3.4370405340716625e-06,1.0378408086316587e-05,-1.0615724241670496e-07,-9.207241695714016e-06
-2.1397593343306106e-11,-4.681910392867063e-06,3.4370404311520785e-06,1.0460439614031635e-05,1.5418538848849412e-08,-9.008317400554521e-06
-2.139759562704093e-11,-4.6819101587055935e-06,3.437040327054097e-06,1.0541109580058946e-05,1.3418208791185627e-07,-8.813371573024384e-06
-2.1397589069985567e-11,-4.681909924679763e-06,3.4370402216728686e-06,1.0620441906653453e-05,2.5018761000342054e-07,-8.622324644008909e-06
-2.139759930540963e-11,-4.681909690684502e-06,3.437040114576593e-06,1.0698460030452977e-05,3.6348824238338194e-07,-8.435098636160644e-06
-2.1397599865312665e-11,-4.681909456552908e-06,3.4370400064871803e-06,1.0775186911027064e-05,4.741360763990394e-07,-8.251617131383752e-06
-2.1397604466976244e-11,-4.681909222390114e-06,3.4370398968873134e-06,1.0850645042423388e-05,5.821821779895755e-07,-8.071805240039218e-06
-2.1397581645376642e-11,-4.681908988277994e-06,3.4370397861197455e-06,1.092485646093946e-05,6.876766081349469e-07,-7.89558957042762e-06
-2.1397586784701354e-11,-4.681908754265418e-06,3.4370396742099198e-06,1.0997842754781633e-05,7.906684440680805e-07,-7.72289819825801e-06
-2.1397590443829444e-11,-4.681908520103504e-06,3.4370395612253926e-06,1.1069625074612346e-05,8.912057972118879e-07,-7.553660638184603e-06
-2.1397581791293687e-11,-4.681908285955917e-06,3.437039447055056e-06,1.1140224139656442e-05,9.893358339473694e-07,-7.387807814385876e-06
-2.1397580981389727e-11,-4.6819080518625105e-06,3.437039331556219e-06,1.120966024969169e-05,1.085104794077985e-06,-7.225272032198403e-06
-2.1397578564538424e-11,-4.6819078177852596e-06,3.4370392151783584e-06,1.1277953290599976e-05,1.1785580096826216e-06,-7.065986951443756e-06
-2.1397567118614203e-11,-4.6819075836360905e-06,3.4370390975526404e-06,1.1345122745247594e-05,1.2697399225183258e-06,-6.909887558395396e-06
-2.1397573224053918e-11,-4.681907349592918e-06,3.4370389788902033e-06,1.141118769959157e-05,1.3586941026859061e-06,-6.756910139480292e-06
-2.13975811686515e-11,-4.6819071154555365e-06,3.4370388588956484e-06,1.1476166852227654e-05,1.4454632659285931e-06,-6.6069922557576735e-06
-2.1397571621914466e-11,-4.68190688121231e-06,3.4370387380736648e-06,1.1540078522273015e-05,1.5300892905698508e-06,-6.4600727166900455e-06
-2.1397573372450963e-11,-4.681906647076808e-06,3.4370386159358743e-06,1.160294065502845e-05,1.612613234312445e-06,-6.316091555718287e-06
-2.139758063051589e-11,-4.681906413125181e-06,3.437038492978805e-06,1.1664770833080707e-05,1.6930753508015484e-06,-6.174990005628609e-06
-2.1397567886679636e-11,-4.681906178854221e-06,3.437038369135151e-06,1.1725586280521408e-05,1.7715151057993075e-06,-6.036710474488469e-06
-2.1397562446447423e-11,-4.681905944698659e-06,3.4370382442862727e-06,1.1785403872050972e-05,1.8479711928389658e-06,-5.901196522179272e-06
-2.139756197573813e-11,-4.681905710562715e-06,3.437038118278521e-06,1.1844240139417976e-05,1.9224815485945043e-06,-5.768392837581285e-06
-2.139756570445197e-11,-4.681905476300527e-06,3.4370379913115067e-06,1.1902111278302635e-05,1.995083368507016e-06,-5.638245215411632e-06
-2.1397580475032695e-11,-4.681905242295495e-06,3.4370378638473333e-06,1.1959033155755346e-05,2.0658131210996312e-06,-5.510700534852522e-06
-2.1397570609300345e-11,-4.681905008294995e-06,3.437037735481961e-06,1.2015021316858134e-05,2.134706562771236e-06,-5.385706737124753e-06
-2.1397559847440154e-11,-4.6819047740188335e-06,3.437037605898821e-06,1.2070090990275816e-05,2.201798752458338e-06,-5.263212804823699e-06
-2.1397548375510993e-11,-4.681904539979102e-06,3.437037475761766e-06,1.212425709624969e-05,2.2671240649854812e-06,-5.143168741310822e-06
-2.1397547675866348e-11,-4.6819043058769746e-06,3.4370373449431176e-06,1.217753425159361e-05,2.3307162050887506e-06,-5.025525548856159e-06
-2.1397565638419078e-11,-4.681904071955137e-06,3.4370372132508413e-06,1.222993677657744e-05,2.3926082208563943e-06,-4.910235210833142e-06
-2.1397555406809828e-11,-4.681903837737243e-06,3.4370370807164587e-06,1.2281478701477432e-05,2.4528325169890383e-06,-4.797250669972112e-06
-2.1397551069196156e-11,-4.6819036035152015e-06,3.437036947473217e-06,1.2332173770684123e-05,2.51142086732438e-06,-4.686525810763305e-06
-2.139756222879106e-11,-4.68190336928122e-06,3.4370368132618377e-06,1.2382035450807032e-05,2.568404427986385e-06,-4.578015439750405e-06
-2.1397556423401275e-11,-4.6819031351758416e-06,3.4370366785785482e-06,1.2431076934671517e-05,2.62381374918833e-06,-4.471675267267385e-06
-2.1397569719642442e-11,-4.681902901103192e-06,3.4370365427485625e-06,1.247931114842428e-05,2.677678788104452e-06,-4.367461889799858e-06
-2.1397555186395696e-11,-4.68190266698133e-06,3.437036406124518e-06,1.2526750755419192e-05,2.7300289201109304e-06,-4.265332771499867e-06
-2.1397543697712247e-11,-4.681902432934913e-06,3.437036268964095e-06,1.2573408162545644e-05,2.7808929506305868e-06,-4.165246227296643e-06
-2.1397537506247038e-11,-4.6819021987160755e-06,3.4370361312626943e-06,1.2619295525446639e-05,2.8302991268804097e-06,-4.067161406132237e-06
-2.1397545727418126e-11,-4.68190196466937e-06,3.437035992538386e-06,1.266442475395895e-05,2.8782751486546007e-06,-3.971038273572673e-06
-2.1397546763281867e-11,-4.681901730630118e-06,3.4370358534519702e-06,1.270880751599896e-05,2.9248481795031074e-06,-3.876837596015032e-06
-2.1397546209961753e-11,-4.681901496538594e-06,3.4370357135479513e-06,1.2752455243668936e-05,2.9700448573897723e-06,-3.7845209247141293e-06
-2.1397546532104693e-11,-4.6819012625650275e-06,3.4370355731496615e-06,1.2795379137809013e-05,3.0138913054822906e-06,-3.6940505794761324e-06
-2.1397527112228465e-11,-4.6819010283897045e-06,3.4370354318438894e-06,1.2837590172993232e-05,3.0564131418250315e-06,-3.6053896342117863e-06
-2.1397549996797463e-11,-4.681900794244729e-06,3.4370352900900428e-06,1.2879099101304367e-05,3.097635490385738e-06,-3.518501900893708e-06
-2.139754383533694e-11,-4.681900560166813e-06,3.4370351478204374e-06,1.2919916458107128e-05,3.137582990159358e-06,-3.433351915567584e-06
-2.1397540971771254e-11,-4.68190032583432e-06,3.4370350047729593e-06,1.296005256571195e-05,3.1762798054167786e-06,-3.34990492341968e-06
-2.1397533091030706e-11,-4.681900091800055e-06,3.43703486149939e-06,1.2999517537704919e-05,3.2137496348780323e-06,-3.2681268646353913e-06
-2.1397544959006932e-11,-4.681899857810837e-06,3.4370347173267403e-06,1.3038321284054824e-05,3.250015721239403e-06,-3.1879843607990136e-06
-2.1397542354783288e-11,-4.681899623691219e-06,3.4370345728976973e-06,1.3076473514887998e-05,3.2851008600413075e-06,-3.1094447010159684e-06
-2.1397515441688005e-11,-4.6818993895892844e-06,3.437034427646106e-06,1.3113983744152068e-05,3.3190274091884683e-06,-3.032475828423603e-06
-2.139754612740108e-11,-4.6818991555104225e-06,3.4370342818138776e-06,1.3150861293945886e-05,3.351817297283509e-06,-2.9570463275069016e-06
-2.139753390209144e-11,-4.68189892147909e-06,3.4370341355701884e-06,1.318711529984865e-05,3.383492032175659e-06,-2.883125411108888e-06
-2.1397516857731995e-11,-4.6818986873643224e-06,3.437033988904049e-06,1.3222754712363222e-05,3.4140727094470297e-06,-2.810682907302241e-06
-2.1397541742406226e-11,-4.681898453449013e-06,3.4370338414607056e-06,1.325778830235627e-05,3.4435800209960103e-06,-2.7396892482593235e-06
-2.1397519365029997e-11,-4.681898219053033e-06,3.4370336938354155e-06,1.3292224664500012e-05,3.47203426297535e-06,-2.6701154570960422e-06
-2.1397511148407653e-11,-4.681897985051213e-06,3.4370335455155562e-06,1.3326072221158022e-05,3.499455343091884e-06,-2.601933136741884e-06
-2.139752541297276e-11,-4.681897751038139e-06,3.4370333966911953e-06,1.3359339225049816e-05,3.5258627895854404e-06,-2.5351144577829624e-06
-2.1397508596147036e-11,-4.681897516830919e-06,3.4370332474490595e-06,1.3392033764024848e-05,3.5512757577514044e-06,-2.469632147637365e-06
-2.1397520401236892e-11,-4.681897282721661e-06,3.4370330976995653e-06,1.3424163763171974e-05,3.575713037989825e-06,-2.405459478731285e-06
-2.1397516177032622e-11,-4.68189704863989e-06,3.437032947628058e-06,1.3455736989593441e-05,3.599193062772059e-06,-2.3425702587568177e-06
-2.1397504625255297e-11,-4.681896814462181e-06,3.4370327968470976e-06,1.3486761054514364e-05,3.6217339145858025e-06,-2.280938818598294e-06
-2.1397511835390364e-11,-4.681896580438481e-06,3.437032645649724e-06,1.3517243417723635e-05,3.643353331465376e-06,-2.220540002978665e-06
-2.1397506347199853e-11,-4.681896346287658e-06,3.437032494403428e-06,1.35471913896834e-05,3.6640687152767624e-06,-2.16134915916298e-06
-2.1397496282500355e-11,-4.681896112105613e-06,3.4370323426423767e-06,1.357661213419362e-05,3.6838971380389428e-06,-2.103342128381926e-06
-2.1397503976935977e-11,-4.6818958779259165e-06,3.4370321907009833e-06,1.3605512674498336e-05,3.7028553480370386e-06,-2.0464952338136774e-06
-2.1397521541393755e-11,-4.68189564380546e-06,3.4370320383534713e-06,1.3633899891398316e-05,3.720959777267758e-06,-1.9907852733674394e-06
-2.1397521613764117e-11,-4.681895409863481e-06,3.4370318856030708e-06,1.3661780530911643e-05,3.738226546733752e-06,-1.9361895083036815e-06
-2.139751245415208e-11,-4.681895175743856e-06,3.437031732300994e-06,1.3689161204273728e-05,3.754671473243737e-06,-1.8826856548241942e-06
-2.1397505797771375e-11,-4.681894941559446e-06,3.4370315785437688e-06,1.371604839171211e-05,3.7703100752272754e-06,-1.8302518746074541e-06
-2.1397491956801547e-11,-4.681894707450703e-06,3.4370314245011423e-06,1.3742448444777962e-05,3.7851575792503937e-06,-1.778866766592974e-06
-2.1397518190034086e-11,-4.681894473246515e-06,3.4370312703956207e-06,1.3768367589565753e-05,3.7992289252821985e-06,-1.7285093572391026e-06
-2.1397503461163432e-11,-4.681894239322017e-06,3.437031115634025e-06,1.3793811929377826e-05,3.8125387723431398e-06,-1.6791590925849413e-06
-2.139749430661215e-11,-4.6818940050489875e-06,3.4370309605229407e-06,1.381878744694487e-05,3.825101504881835e-06,-1.630795830284489e-06
-2.1397493976644306e-11,-4.681893770913684e-06,3.437030804914954e-06,1.3843300006757405e-05,3.83693123734087e-06,-1.5833998298366988e-06
-2.1397525377786987e-11,-4.681893536974745e-06,3.437030649203929e-06,1.386735535817446e-05,3.8480418202144365e-06,-1.5369517463682263e-06
-2.1397488255170174e-11,-4.6818933028180675e-06,3.4370304930842085e-06,1.3890959137533001e-05,3.858446845113736e-06,-1.491432621529606e-06
-2.139751428538063e-11,-4.681893068703484e-06,3.437030336432457e-06,1.3914116871256587e-05,3.868159649631126e-06,-1.4468238761677924e-06
-2.1397504749036713e-11,-4.681892834721587e-06,3.4370301798734195e-06,1.3936833976521546e-05,3.8771933228981785e-06,-1.4031073031374642e-06
-2.139749867430689e-11,-4.681892600578113e-06,3.437030022743172e-06,1.395911576525378e-05,3.8855607104429005e-06,-1.3602650585580247e-06
-2.139750161117941e-11,-4.681892366314758e-06,3.4370298652152663e-06,1.3980967445572102e-05,3.893274419095525e-06,-1.3182796564567833e-06
-2.1397489234043096e-11,-4.681892132382374e-06,3.437029707533993e-06,1.4002394123786644e-05,3.900346821020005e-06,-1.277133959637378e-06
-2.1397491015471277e-11,-4.68189189822451e-06,3.437029549537608e-06,1.4023400807507522e-05,3.906790059528808e-06,-1.2368111742951893e-06
-2.1397484132365904e-11,-4.681891664087181e-06,3.4370293915963386e-06,1.4043992406533027e-05,3.912616052999909e-06,-1.1972948421902843e-06
-2.139748860124243e-11,-4.681891430051008e-06,3.4370292331544284e-06,1.406417373662441e-05,3.917836499296874e-06,-1.158568834374658e-06
-2.139748334950062e-11,-4.681891195953309e-06,3.437029074652514e-06,1.4083949519283863e-05,3.922462880605253e-06,-1.120617344530893e-06
-2.139750414262309e-11,-4.6818909620523314e-06,3.4370289157596592e-06,1.4103324385418277e-05,3.92650646744674e-06,-1.0834248822553255e-06
-2.139748045997961e-11,-4.681890728001266e-06,3.4370287567922037e-06,1.4122302877004592e-05,3.92997832272106e-06,-1.0469762670073252e-06
-2.1397471790328943e-11,-4.681890493892305e-06,3.4370285976666765e-06,1.4140889448311073e-05,3.9328893061815675e-06,-1.0112566220030785e-06
-2.139747216545684e-11,-4.68189025974333e-06,3.437028437680396e-06,1.4159088469005948e-05,3.935250078543061e-06,-9.762513679428334e-07
-2.1397493262212527e-11,-4.68189002577574e-06,3.437028277832277e-06,1.4176904224823573e-05,3.9370711049165246e-06,-9.419462170156974e-07
-2.1397465729445522e-11,-4.6818897916224844e-06,3.437028117471436e-06,1.4194340919562842e-05,3.9383626592847306e-06,-9.083271673485229e-07
-2.139747599087683e-11,-4.68188955757785e-06,3.4370279569353917e-06,1.4211402677640721e-05,3.939134827971664e-06,-8.753804965943819e-07
-2.1397470768089484e-11,-4.681889323572649e-06,3.4370277961996854e-06,1.4228093544869437e-05,3.939397513569946e-06,-8.430927577692266e-07
-2.1397488317727126e-11,-4.681889089614748e-06,3.4370276352173028e-06,1.424441749089897e-05,3.939160438150065e-06,-8.114507718966692e-07
-2.1397478516114432e-11,-4.681888855554737e-06,3.437027474078709e-06,1.4260378410216284e-05,3.938433147715143e-06,-7.804416240666912e-07
-2.139747626352498e-11,-4.681888621427496e-06,3.4370273126812015e-06,1.4275980124143746e-05,3.937225014848122e-06,-7.500526579400465e-07
-2.139746855211443e-11,-4.681888387253113e-06,3.4370271510877533e-06,1.429122638239345e-05,3.93554524249693e-06,-7.202714693089705e-07
-2.1397465562854187e-11,-4.6818881530921645e-06,3.4370269891568928e-06,1.4306120864732571e-05,3.9334028671941245e-06,-6.91085903182848e-07
-2.1397446493443102e-11,-4.681887919082222e-06,3.437026827218097e-06,1.432066718220464e-05,3.930806763338177e-06,-6.624840469325904e-07
-2.139744364037319e-11,-4.681887684957526e-06,3.4370266648782237e-06,1.4334868879016916e-05,3.927765644265548e-06,-6.344542266268998e-07
-2.1397469924629172e-11,-4.681887450812651e-06,3.437026502398374e-06,1.434872943365065e-05,3.924288067794845e-06,-6.069850012868728e-07
-2.1397460069449085e-11,-4.681887216612439e-06,3.4370263398150492e-06,1.4362252259971305e-05,3.920382437611142e-06,-5.800651594998204e-07
-2.1397468345049475e-11,-4.681886982539721e-06,3.4370261769581175e-06,1.4375440710448235e-05,3.9160570074605234e-06,-5.536837132020281e-07
-2.139745769245438e-11,-4.681886748372133e-06,3.437026014394564e-06,1.4388298074489358e-05,3.911319883429518e-06,-5.278298947644119e-07
-2.1397461203865525e-11,-4.6818865143310146e-06,3.4370258511001084e-06,1.440082758277103e-05,3.906179027008631e-06,-5.024931515524435e-07
-2.1397447013954642e-11,-4.68188628021762e-06,3.4370256878824203e-06,1.4413032406682974e-05,3.900642258010113e-06,-4.776631423456705e-07
-2.1397450299360176e-11,-4.681886046283581e-06,3.4370255244905622e-06,1.4424915660215657e-05,3.894717257534366e-06,-4.533297323694826e-07
-2.139743994015681e-11,-4.681885812091158e-06,3.4370253610883975e-06,1.4436480401847677e-05,3.8884115703083346e-06,-4.29482989548102e-07
-2.1397433864026138e-11,-4.681885577879113e-06,3.437025197424922e-06,1.444772963421273e-05,3.881732607984952e-06,-4.061131809796366e-07
-2.1397441326118123e-11,-4.681885343785998e-06,3.437025033835443e-06,1.4458666307319257e-05,3.87468765084316e-06,-3.8321076769027603e-07
-2.139743257816116e-11,-4.681885109795986e-06,3.437024869832711e-06,1.4469293317662278e-05,3.867283851718804e-06,-3.607664019142452e-07
-2.1397448016965955e-11,-4.681884875640639e-06,3.4370247055108206e-06,1.447961351133204e-05,3.8595282372779055e-06,-3.387709226806725e-07
-2.139743118536839e-11,-4.681884641495307e-06,3.437024540957476e-06,1.4489629684236065e-05,3.851427710590991e-06,-3.1721535234414907e-07
-2.1397434607041418e-11,-4.681884407377406e-06,3.4370243766674596e-06,1.4499344581877126e-05,3.842989054651115e-06,-2.960908928932322e-07
-2.139743923094835e-11,-4.681884173203257e-06,3.4370242117427095e-06,1.4508760903350048e-05,3.834218933650615e-06,-2.7538892209243023e-07
-2.1397451159269395e-11,-4.681883939019129e-06,3.437024047324692e-06,1.4517881300786633e-05,3.825123895662978e-06,-2.5510099017928955e-07
-2.1397459051550418e-11,-4.681883704942881e-06,3.4370238824800855e-06,1.4526708379688717e-05,3.8157103751825e-06,-2.3521881642270317e-07
-2.1397433094878508e-11,-4.681883470760607e-06,3.4370237175616246e-06,1.4535244701259656e-05,3.8059846952232746e-06,-2.1573428559795568e-07
-2.1397432663978833e-11,-4.6818832367539396e-06,3.437023552416723e-06,1.4543492782737407e-05,3.795953068811068e-06,-1.9663944518341627e-07
-2.1397441470086385e-11,-4.681883002587992e-06,3.4370233869909788e-06,1.4551455099392946e-05,3.7856216022272424e-06,-1.7792650116944398e-07
-2.139743296432547e-11,-4.681882768495648e-06,3.437023221458728e-06,1.4559134083309021e-05,3.7749962965596008e-06,-1.5958781581019146e-07
-2.1397431893226805e-11,-4.6818825344417255e-06,3.4370230559888565e-06,1.4566532126821867e-05,3.764083049697316e-06,-1.4161590376558227e-07
-2.1397428847973814e-11,-4.681882300468998e-06,3.4370228904035296e-06,1.457365158185507e-05,3.752887658450764e-06,-1.24003429769843e-07
-2.139742894618064e-11,-4.681882066377157e-06,3.4370227244300684e-06,1.4580494761584923e-05,3.7414158207997237e-06,-1.0674320516205841e-07
-2.1397421419850896e-11,-4.681881832185841e-06,3.4370225584856203e-06,1.4587063941106566e-05,3.7296731371111438e-06,-8.982818483306273e-08
-2.1397436078274642e-11,-4.681881598079937e-06,3.4370223924223804e-06,1.4593361357433994e-05,3.717665113015323e-06,-7.32514646719263e-08
-2.1397424649540663e-11,-4.68188136392334e-06,3.437022226197027e-06,1.4599389212053581e-05,3.7053971602351016e-06,-5.7006279012445264e-08
-2.1397418719065073e-11,-4.6818811297416625e-06,3.4370220600637916e-06,1.4605149670813068e-05,3.6928745991081446e-06,-4.108599708043088e-08
-2.1397420365070792e-11,-4.68188089574468e-06,3.4370218938308974e-06,1.4610644864476687e-05,3.680102660196772e-06,-2.5484120606731643e-08
-2.139741926299876e-11,-4.6818806614306765e-06,3.4370217274084546e-06,1.4615876890390495e-05,3.667086486050431e-06,-1.019428188434037e-08
-2.1397420151223772e-11,-4.681880427357788e-06,3.4370215606718866e-06,1.4620847812038307e-05,3.6538311327287824e-06,4.789760061863428e-09
-2.139741721622347e-11,-4.68188019329009e-06,3.437021393890561e-06,1.4625559661151119e-05,3.640341571633564e-06,1.94741209461676e-08
-2.1397409187022795e-11,-4.681879959196207e-06,3.4370212269630443e-06,1.4630014437596093e-05,3.626622691319649e-06,3.38647946914673e-08
-2.1397425420849403e-11,-4.681879725162676e-06,3.437021059883486e-06,1.4634214110042712e-05,3.612679298563628e-06,4.796765459499828e-08
-2.1397415462327493e-11,-4.6818794910576095e-06,3.4370208928709526e-06,1.4638160617628106e-05,3.598516120462821e-06,6.178845704758238e-08
-2.1397414178705174e-11,-4.681879256894939e-06,3.437020725942882e-06,1.4641855869401962e-05,3.584137805729389e-06,7.53328433654944e-08
-2.1397402382120392e-11,-4.6818790228579185e-06,3.4370205586133634e-06,1.4645301746213905e-05,3.569548926511787e-06,8.860634151130322e-08
-2.13973946034165e-11,-4.681878788763765e-06,3.437020391437105e-06,1.4648500100380438e-05,3.554753979272528e-06,1.0161436934127851e-07
-2.139739571949607e-11,-4.681878554734409e-06,3.4370202238693087e-06,1.4651452756906201e-05,3.539757386755371e-06,1.1436223635398458e-07
-2.139740019410706e-11,-4.681878320729098e-06,3.4370200565898706e-06,1.4654161513817036e-05,3.5245634994632867e-06,1.268551456886843e-07
-2.1397399973452598e-11,-4.681878086582903e-06,3.4370198887437487e-06,1.4656628143603292e-05,3.5091765961650173e-06,1.390981964290481e-07
-2.1397374993346106e-11,-4.681877852449639e-06,3.4370197209796748e-06,1.465885439266472e-05,3.493600886458973e-06,1.5109638540726478e-07
-2.139739479978151e-11,-4.6818776183419005e-06,3.4370195528858563e-06,1.4660841982420704e-05,3.4778405114098967e-06,1.6285461039593335e-07
-2.1397396813295405e-11,-4.681877384289728e-06,3.4370193850190436e-06,1.4662592610642524e-05,3.4618995450112153e-06,1.7437767030234737e-07
-2.1397413810430536e-11,-4.6818771502218645e-06,3.4370192173248825e-06,1.4664107950565202e-05,3.445781995560688e-06,1.8567026858243432e-07
-2.139739262932843e-11,-4.681876916200805e-06,3.437019049196472e-06,1.4665389652774872e-05,3.4294918067185885e-06,1.9673701423994976e-07
-2.139740634123801e-11,-4.6818766820977365e-06,3.437018881151074e-06,1.4666439344986759e-05,3.4130328585311754e-06,2.0758242426897117e-07
-2.139736882214779e-11,-4.681876447825945e-06,3.4370187131598198e-06,1.4667258633155388e-05,3.396408969290327e-06,2.182109255412724e-07
-2.1397385480209582e-11,-4.681876213621473e-06,3.437018544905898e-06,1.4667849101141539e-05,3.3796238962100837e-06,2.286268562496129e-07
-2.1397373951480714e-11,-4.681875979450859e-06,3.4370183767292357e-06,1.4668212312488605e-05,3.3626813369271733e-06,2.388344674342938e-07
-2.139740262015361e-11,-4.681875745300829e-06,3.4370182080875187e-06,1.4668349809645439e-05,3.3455849300786855e-06,2.4883792584198287e-07
-2.1397393920880882e-11,-4.6818755113472875e-06,3.4370180397689185e-06,1.4668263115520678e-05,3.32833825689453e-06,2.5864131420326424e-07
-2.139738949459652e-11,-4.681875277223851e-06,3.4370178712037673e-06,1.4667953733371721e-05,3.3109448420648185e-06,2.6824863406371366e-07
-2.1397377542067973e-11,-4.681875043099718e-06,3.437017702316168e-06,1.4667423146804737e-05,3.2934081549420135e-06,2.776638067830911e-07
-2.1397368950116823e-11,-4.681874809023521e-06,3.437017533734721e-06,1.4666672822106141e-05,3.275731610416957e-06,2.8689067514516314e-07
-2.1397377083665742e-11,-4.68187457493262e-06,3.4370173650886556e-06,1.466570420646624e-05,3.2579185703326904e-06,2.9593300527284225e-07
-2.1397364008687492e-11,-4.681874340755056e-06,3.4370171963854423e-06,1.4664518729422523e-05,3.2399723436197457e-06,3.047944879882055e-07
-2.1397387240719154e-11,-4.681874106813699e-06,3.4370170275662927e-06,1.4663117804525016e-05,3.2218961881748523e-06,3.134787401725112e-07
-2.1397387386419083e-11,-4.681873872676468e-06,3.4370168586391747e-06,1.4661502826560709e-05,3.203693311534014e-06,3.2198930623725886e-07
-2.1397369363602775e-11,-4.681873638544694e-06,3.437016689762512e-06,1.4659675175661404e-05,3.185366871474452e-06,3.3032966009481587e-07
-2.1397382868635046e-11,-4.681873404522203e-06,3.437016520569617e-06,1.4657636214861224e-05,3.166919977485658e-06,3.3850320588007337e-07
-2.1397374848090234e-11,-4.681873170258353e-06,3.43701635152759e-06,1.4655387292650125e-05,3.1483556908422356e-06,3.465132798655772e-07
-2.1397379263099994e-11,-4.681872936148514e-06,3.4370161823216387e-06,1.4652929741641634e-05,3.1296770267584466e-06,3.5436315104438966e-07
-2.1397371806840477e-11,-4.681872701956132e-06,3.437016013112407e-06,1.465026487979411e-05,3.1108869537862475e-06,3.6205602396116563e-07
-2.1397375348987153e-11,-4.681872467797674e-06,3.4370158437962176e-06,1.4647394010632783e-05,3.0919883960166565e-06,3.695950382680552e-07
-2.1397355254839448e-11,-4.681872233573857e-06,3.4370156743151824e-06,1.4644318423804865e-05,3.072984232774444e-06,3.769832712504642e-07
-2.139735344988308e-11,-4.681871999487993e-06,3.437015505287694e-06,1.4641039395301614e-05,3.053877300109985e-06,3.8422373829889446e-07
-2.1397344598171175e-11,-4.681871765418533e-06,3.4370153355463825e-06,1.4637558187569351e-05,3.034670391455007e-06,3.913193949628611e-07
-2.1397361168090116e-11,-4.681871531479876e-06,3.4370151662153662e-06,1.463387605028662e-05,3.015366258049295e-06,3.982731372006864e-07
-2.1397369329660834e-11,-4.681871297309769e-06,3.4370149966944057e-06,1.4629994220031127e-05,2.995967610515856e-06,4.050878035166852e-07
-2.1397387927317888e-11,-4.681871063118143e-06,3.437014827242907e-06,1.4625913921834058e-05,2.976477118708239e-06,4.117661751831985e-07
-2.1397364925600318e-11,-4.681870829056704e-06,3.4370146578757478e-06,1.462163636818088e-05,2.9568974128823508e-06,4.1831097818349015e-07
-2.1397361662322428e-11,-4.681870595001125e-06,3.437014488243558e-06,1.4617162759677476e-05,2.9372310840407983e-06,4.247248839333925e-07
-2.139735663084234e-11,-4.681870360969529e-06,3.437014318704677e-06,1.4612494285827314e-05,2.9174806855721925e-06,4.3101051030825736e-07
-2.1397349392049628e-11,-4.6818701269315154e-06,3.4370141491310816e-06,1.460763212558655e-05,2.8976487328617143e-06,4.3717042266991226e-07
-2.1397361688402938e-11,-4.681869892842168e-06,3.4370139791206652e-06,1.4602577445254617e-05,2.8777377045557235e-06,4.432071354209782e-07
-2.1397345536608747e-11,-4.68186965878226e-06,3.4370138092338653e-06,1.4597331403137162e-05,2.8577500429355795e-06,4.491231128097682e-07
-2.1397357915676774e-11,-4.681869424749763e-06,3.437013639564032e-06,1.4591895145771293e-05,2.837688154443281e-06,4.5492076898580996e-07
-2.1397337741457216e-11,-4.681869190629083e-06,3.437013469787223e-06,1.4586269809701932e-05,2.8175544111238792e-06,4.6060247080315425e-07
-2.1397346814054757e-11,-4.68186895653351e-06,3.437013299755526e-06,1.4580456522258987e-05,2.7973511501545e-06,4.6617053718199275e-07
-2.139732193164932e-11,-4.681868722317042e-06,3.4370131299200548e-06,1.4547817337077257e-05,2.6754814237524737e-06,4.3595858942794594e-07
-2.139734545500046e-11,-4.681868488276878e-06,3.437012960143185e-06,1.4542109592513516e-05,2.6571743130362937e-06,4.420195292182894e-07
-2.1397331472845288e-11,-4.681868254275676e-06,3.4370127898891343e-06,1.4536207587880434e-05,2.6387641054573764e-06,4.4795924865221274e-07
-2.1397336613985785e-11,-4.681868020165934e-06,3.437012619695602e-06,1.4530112608605085e-05,2.6202538144615056e-06,4.5378017237052696e-07
-2.1397338662593798e-11,-4.681867786170486e-06,3.4370124494542723e-06,1.4523825926236553e-05,2.6016464054708447e-06,4.594846759422151e-07
-2.1397333104265625e-11,-4.681867552101315e-06,3.4370122794891023e-06,1.45173488016656e-05,2.582944797195805e-06,4.6507508797385437e-07
-2.139732932824086e-11,-4.6818673181073905e-06,3.4370121092201897e-06,1.4510682483459314e-05,2.5641518630228376e-06,4.7055369038717006e-07
-2.139732666510775e-11,-4.681867084032312e-06,3.437011939112783e-06,1.4503828208527263e-05,2.545270430375174e-06,4.759227190851726e-07
-2.1397337561757068e-11,-4.681866849876959e-06,3.4370117687217405e-06,1.4496787203231714e-05,2.5263032833149205e-06,4.811843658395309e-07
-2.139732506873882e-11,-4.681866615922378e-06,3.437011598541683e-06,1.4489560682166392e-05,2.507253161843957e-06,4.863407779297513e-07
-2.139732678481641e-11,-4.681866381647726e-06,3.4370114281653144e-06,1.4482149850487951e-05,2.488122763540656e-06,4.913940602248489e-07
-2.139732544965513e-11,-4.681866147568329e-06,3.4370112577848022e-06,1.447455590180656e-05,2.4689147439573437e-06,4.963462753221166e-07
-2.1397337104228734e-11,-4.681865913553487e-06,3.4370110874430706e-06,1.4466780020517366e-05,2.4496317179866125e-06,5.011994444908212e-07
-2.139732839436377e-11,-4.681865679319982e-06,3.4370109167511146e-06,1.4458823380246188e-05,2.4302762591787144e-06,5.05955548588138e-07
-2.1397333346368944e-11,-4.681865445068244e-06,3.437010746685708e-06,1.445068714606997e-05,2.4108509018654933e-06,5.106165288640522e-07
-2.139733689963247e-11,-4.6818652109536784e-06,3.4370105760107875e-06,1.4442372472962462e-05,2.391358141722792e-06,5.151842879328119e-07
-2.13973152590971e-11,-4.6818649769513485e-06,3.4370104057473963e-06,1.4433880507015483e-05,2.3718004355046774e-06,5.196606901337484e-07
-2.139731643637555e-11,-4.681864742946089e-06,3.437010235092892e-06,1.4425212385549934e-05,2.352180202718211e-06,5.24047562474965e-07
-2.1397293558207947e-11,-4.681864508943853e-06,3.4370100646899066e-06,1.4416369237115803e-05,2.332499825746537e-06,5.283466956325361e-07
-2.139732544937235e-11,-4.6818642748753965e-06,3.4370098941636578e-06,1.4407352182047286e-05,2.312761650581737e-06,5.325598444501081e-07
-2.1397334556724858e-11,-4.681864040940201e-06,3.437009723612243e-06,1.439816233190767e-05,2.2929679878066743e-06,5.366887284662534e-07
-2.1397293526547347e-11,-4.68186380683301e-06,3.43700955303564e-06,1.4388800790710588e-05,2.273121112669184e-06,5.407350331079633e-07
-2.1397312694062625e-11,-4.681863572846194e-06,3.4370093824035593e-06,1.4379268654586949e-05,2.2532232662171752e-06,5.447004096906412e-07
-2.13973167705303e-11,-4.681863338589598e-06,3.4370092116172777e-06,1.4369567011895961e-05,2.233276655012162e-06,5.485864769169119e-07
-2.139730405815707e-11,-4.681863104532611e-06,3.437009040854619e-06,1.4359696943669239e-05,2.213283453359026e-06,5.52394821070899e-07
-2.1397304738366136e-11,-4.681862870479211e-06,3.4370088700988916e-06,1.434965952394385e-05,2.193245801749e-06,5.561269963790574e-07
-2.1397307673121786e-11,-4.681862636375107e-06,3.4370086990600883e-06,1.433945581898518e-05,2.1731658095890375e-06,5.597845263701925e-07
-2.1397310918767866e-11,-4.681862402383566e-06,3.437008528509917e-06,1.4329086889063283e-05,2.1530455536982312e-06,5.633689037644332e-07
-2.1397308155856933e-11,-4.681862168308299e-06,3.4370083579334147e-06,1.4318553787120613e-05,2.13288708061523e-06,5.668815918055069e-07
-2.1397311006301217e-11,-4.681861934265638e-06,3.43700818686721e-06,1.4307857559993283e-05,2.1126924057998214e-06,5.703240239831761e-07
-2.1397297280168108e-11,-4.681861699989462e-06,3.4370080162361534e-06,1.4296999247855946e-05,2.0924635153012902e-06,5.736976056430677e-07
-2.1397308827144092e-11,-4.681861465826016e-06,3.43700784547075e-06,1.4285979884998957e-05,2.07220236496871e-06,5.770037138756424e-07
-2.1397299875363127e-11,-4.681861231617325e-06,3.4370076745397666e-06,1.4274800499495308e-05,2.051910882257639e-06,5.802436977660029e-07
-2.139728103382347e-11,-4.6818609976408896e-06,3.437007503518833e-06,1.4263462112867563e-05,2.031590965606495e-06,5.834188799482006e-07
-2.1397294615027035e-11,-4.681860763598445e-06,3.437007332800498e-06,1.4251965742197281e-05,2.0112444858234556e-06,5.865305566607492e-07
-2.1397301940796462e-11,-4.681860529444345e-06,3.437007162061479e-06,1.424031239790458e-05,1.990873285874407e-06,5.895799976911125e-07
-2.1397284088098636e-11,-4.681860295276915e-06,3.437006991048501e-06,1.4228503085524487e-05,1.9704791819064174e-06,5.925684478467466e-07
-2.1397280850707434e-11,-4.681860061235348e-06,3.4370068198038e-06,1.4216538805706944e-05,1.9500639627871648e-06,5.954971270106121e-07
-2.139729840542365e-11,-4.6818598271432215e-06,3.437006648881037e-06,1.4204420552329431e-05,1.9296293917303805e-06,5.983672304464916e-07
-2.1397276935935472e-11,-4.681859592981869e-06,3.4370064777221896e-06,1.4192149315716615e-05,1.9091772059584454e-06,6.011799296594029e-07
-2.1397268626483e-11,-4.68185935905337e-06,3.437006306708398e-06,1.4179726080975013e-05,1.8887091173043317e-06,6.039363729784673e-07
-2.139730069297063e-11,-4.681859124895808e-06,3.437006135798825e-06,1.416715182788198e-05,1.8682268124969716e-06,6.066376851683412e-07
-2.1397292670573792e-11,-4.681858890960735e-06,3.4370059644809744e-06,1.4154427531662854e-05,1.847731953974844e-06,6.092849690945352e-07
-2.1397281746586896e-11,-4.681858656759828e-06,3.437005793461457e-06,1.4141554163879152e-05,1.8272261797142214e-06,6.118793050572924e-07
-2.139726935262636e-11,-4.681858422682348e-06,3.437005622603262e-06,1.4128532690430158e-05,1.8067111041572674e-06,6.14421752179359e-07
-2.139726201665912e-11,-4.681858188518394e-06,3.4370054512856816e-06,1.4115364073329284e-05,1.7861883182736104e-06,6.169133481284346e-07
-2.1397277464347627e-11,-4.681857954373079e-06,3.437005280081994e-06,1.410204927025999e-05,1.765659389562071e-06,6.193551100608558e-07
-2.13972653413473e-11,-4.681857720226524e-06,3.4370051090061995e-06,1.408858923535293e-05,1.7451258637671788e-06,6.217480345383318e-07
-2.139727008278139e-11,-4.681857486107592e-06,3.437004937589878e-06,1.4074984918186759e-05,1.7245892635512453e-06,6.240930982495898e-07
-2.139727393079514e-11,-4.6818572519327595e-06,3.437004766699253e-06,1.4061237264565294e-05,1.7040510897641648e-06,6.263912584822192e-07
-2.139727755196944e-11,-4.681857017923696e-06,3.43700459538421e-06,1.4047347216184442e-05,1.6835128218476296e-06,6.286434533169588e-07
-2.1397272714309295e-11,-4.681856783880262e-06,3.4370044243715123e-06,1.4033315711187319e-05,1.6629759180450057e-06,6.308506019885226e-07
-2.139726699131885e-11,-4.6818565498971085e-06,3.437004253162645e-06,1.4019143684497308e-05,1.6424418153128812e-06,6.330136054129503e-07
-2.1397266757581975e-11,-4.681856315635805e-06,3.437004081775308e-06,1.4004832066374785e-05,1.6219119299767821e-06,6.351333463263933e-07
-2.1397261039603444e-11,-4.681856081595706e-06,3.4370039107334156e-06,1.3990381784637558e-05,1.6013876583383223e-06,6.372106903120571e-07
-2.13972508428842e-11,-4.6818558475870655e-06,3.437003739762602e-06,1.3975793763328596e-05,1.5808703766700108e-06,6.392464849953041e-07
-2.1397268145883442e-11,-4.681855613519211e-06,3.4370035685179595e-06,1.3961068923160133e-05,1.5603614414459623e-06,6.412415616257134e-07
-2.1397261337368263e-11,-4.68185537939398e-06,3.4370033972144364e-06,1.3946208181513657e-05,1.5398621895049604e-06,6.431967341333923e-07
-2.1397247809090963e-11,-4.681855145174159e-06,3.4370032256858964e-06,1.3931212452661965e-05,1.5193739393497685e-06,6.451128010163558e-07
-2.139725381442112e-11,-4.681854910938751e-06,3.437003054637764e-06,1.3916235008287636e-05,1.4994517601691914e-06,6.469894423936264e-07
-2.1397261738418127e-11,-4.681854676944703e-06,3.437002883534065e-06,1.3901586183933105e-05,1.4812188995771964e-06,6.488114770707504e-07
-2.1397254225995246e-11,-4.681854442785739e-06,3.437002712381657e-06,1.388725855010249e-05,1.4646406130234213e-06,6.505593675823796e-07
-2.1397237551996822e-11,-4.681854208668938e-06,3.4370025409219477e-06,1.387324481630194e-05,1.449682811096405e-06,6.522139953499828e-07
-2.1397264356533258e-11,-4.681853974382234e-06,3.4370023696929537e-06,1.3859537827264841e-05,1.4363120461002953e-06,6.53756655574837e-07
-2.139724882845901e-11,-4.681853740078176e-06,3.437002198344849e-06,1.384613055706759e-05,1.4244954989767908e-06,6.551690515758974e-07
-2.139726228858308e-11,-4.6818535057223745e-06,3.437002026960662e-06,1.3833016107686294e-05,1.4142009675922814e-06,6.56433290154624e-07
-2.139724412079562e-11,-4.68185327185317e-06,3.437001855528989e-06,1.3820187702779458e-05,1.405396853560903e-06,6.575318757663196e-07
-2.139726688916345e-11,-4.681853037776752e-06,3.4370016844501955e-06,1.3807638684801395e-05,1.3980521508161805e-06,6.584477054408791e-07
-2.1397232087392032e-11,-4.681852803554537e-06,3.437001513088422e-06,1.3795362510006184e-05,1.3921364339918679e-06,6.591640642031174e-07
-2.139724315298381e-11,-4.681852569442878e-06,3.437001341617327e-06,1.378335274533901e-05,1.3876198463187777e-06,6.596646196604431e-07
-2.139724100618039e-11,-4.681852335282199e-06,3.4370011703616323e-06,1.3771603064772405e-05,1.384473088217247e-06,6.59933417978313e-07
-2.139725486837563e-11,-4.681852101303418e-06,3.437000998891907e-06,1.3760107245753492e-05,1.3826674074820866e-06,6.599548774964525e-07
-2.1397249549595243e-11,-4.681851867297668e-06,3.4370008272558586e-06,1.3748859164096947e-05,1.3821745867214476e-06,6.597137863696491e-07
-2.1397224264053964e-11,-4.681851633348821e-06,3.4370006559819253e-06,1.3737852793096776e-05,1.3829669340656445e-06,6.59195295545589e-07
-2.139723255893792e-11,-4.681851398974709e-06,3.4370004849204927e-06,1.3727082198419267e-05,1.3850172717578952e-06,6.583849165166734e-07
-2.139722806954498e-11,-4.681851164982891e-06,3.4370003136138944e-06,1.3716541533884115e-05,1.3882989270678443e-06,6.572685149917444e-07
-2.1397251798059714e-11,-4.681850931106849e-06,3.4370001419893233e-06,1.3706225040354169e-05,1.3927857210678997e-06,6.558323075099231e-07
-2.1397225312057297e-11,-4.681850697023505e-06,3.4369999705138263e-06,1.369612704151656e-05,1.398451959505123e-06,6.54062857721366e-07
-2.1397247296614514e-11,-4.681850462881847e-06,3.436999798854009e-06,1.3686241940552008e-05,1.4052724232186327e-06,6.519470705863539e-07
-2.1397214718172602e-11,-4.681850228775043e-06,3.4369996274987397e-06,1.3676564216582078e-05,1.41322235853964e-06,6.494721892944342e-07
-2.1397228241660077e-11,-4.681849994844702e-06,3.4369994558665817e-06,1.3667088424114037e-05,1.422277467899668e-06,6.466257909345522e-07
-2.139722133943231e-11,-4.6818497607045475e-06,3.436999284374749e-06,1.3657809186379508e-05,1.4324139014934697e-06,6.433957829701131e-07
-2.139722144231182e-11,-4.681849526473333e-06,3.4369991129290774e-06,1.364872119622261e-05,1.443608247439684e-06,6.397703985760346e-07
-2.13972207941131e-11,-4.681849292362672e-06,3.4369989412902076e-06,1.3639819210326776e-05,1.4558375238982608e-06,6.357381923644063e-07
-2.1397218942065616e-11,-4.681849058195679e-06,3.436998769805422e-06,1.3631098048659626e-05,1.469079170025608e-06,6.31288038302825e-07
-2.1397229952849063e-11,-4.681848824109378e-06,3.4369985984139087e-06,1.3622552590920217e-05,1.483311038092021e-06,6.264091236914387e-07
-2.1397229233276676e-11,-4.6818485903690735e-06,3.4369984267288e-06,1.3614177773319388e-05,1.4985113849086848e-06,6.21090947164554e-07
-2.1397224617700414e-11,-4.6818483562854335e-06,3.4369982555756775e-06,1.3605968587469503e-05,1.5146588644516195e-06,6.153233143330206e-07
-2.139721962617954e-11,-4.681848122121517e-06,3.4369980841996166e-06,1.3597920077386835e-05,1.5317325190007399e-06,6.090963340094669e-07
-2.1397244048494485e-11,-4.681847888126768e-06,3.436997912555759e-06,1.3590027336160867e-05,1.5497117725340154e-06,6.024004151829571e-07
-2.13972111196348e-11,-4.681847653845773e-06,3.436997740852095e-06,1.3582285505177122e-05,1.568576422549991e-06,5.952262628001496e-07
-2.1397208785017177e-11,-4.681847419739808e-06,3.436997569127244e-06,1.3574689771008514e-05,1.5883066328860374e-06,5.875648747399361e-07
-2.139720350462876e-11,-4.68184718587808e-06,3.436997397506761e-06,1.356723536286182e-05,1.6088829262763922e-06,5.794075383440092e-07
-2.1397187114278643e-11,-4.681846951802507e-06,3.4369972260049676e-06,1.3559917551467426e-05,1.630286177975319e-06,5.707458268363968e-07
-2.1397207154174215e-11,-4.6818467176028306e-06,3.436997054372016e-06,1.3552731646081719e-05,1.6524976076628937e-06,5.615715964091261e-07
-2.1397202729190696e-11,-4.6818464831477835e-06,3.4369968829106203e-06,1.3545672992821717e-05,1.6754987738453132e-06,5.518769825584969e-07
-2.1397209122255808e-11,-4.681846249115494e-06,3.43699671146595e-06,1.353873697277769e-05,1.6992715665378445e-06,5.416543963658321e-07
-2.1397183874224514e-11,-4.681846015014947e-06,3.4369965398374595e-06,1.353191899912654e-05,1.7237982003328703e-06,5.308965225823633e-07
-2.1397197519385213e-11,-4.6818457809148086e-06,3.436996367940633e-06,1.3525214518242025e-05,1.749061209435107e-06,5.195963151605677e-07
-2.139721161896656e-11,-4.681845546817456e-06,3.4369961963382923e-06,1.3518619003366456e-05,1.775043439681885e-06,5.077469948949647e-07
-2.139718678083994e-11,-4.681845312852593e-06,3.4369960248086372e-06,1.3512127956498067e-05,1.8017280436477644e-06,4.953420457861287e-07
-2.139717440311945e-11,-4.681845078836362e-06,3.436995853001526e-06,1.3505736905171346e-05,1.8290984743336138e-06,4.823752124594318e-07
-2.1397183010446778e-11,-4.681844844653902e-06,3.4369956812762346e-06,1.3499441400791681e-05,1.857138478494859e-06,4.688404967233533e-07
-2.1397186569829582e-11,-4.681844610732441e-06,3.436995509660573e-06,1.3493237017636152e-05,1.8858320923324403e-06,4.5473215479392115e-07
-2.1397201935323664e-11,-4.681844376674078e-06,3.4369953380714728e-06,1.3487119350744079e-05,1.91516363405085e-06,4.400446940195687e-07
-2.139717679681684e-11,-4.681844142543794e-06,3.4369951665312272e-06,1.3481084014473723e-05,1.945117700440728e-06,4.247728705219051e-07
-2.1397200197715138e-11,-4.6818439084950885e-06,3.4369949947055985e-06,1.3475126641392044e-05,1.9756791591281225e-06,4.089116853932067e-07
-2.1397174882172984e-11,-4.6818436744209775e-06,3.436994822970318e-06,1.3469242879832197e-05,2.0068331452576973e-06,3.924563829755794e-07
-2.1397176122505223e-11,-4.6818434402261364e-06,3.4369946513627872e-06,1.3463428394892712e-05,2.0385650550395626e-06,3.7540244655884033e-07
-2.139718580532551e-11,-4.681843206140581e-06,3.4369944797802764e-06,1.3457678863663524e-05,2.0708605410308386e-06,3.5774559699274786e-07
-2.1397187121721104e-11,-4.6818429719192916e-06,3.436994308212996e-06,1.3451989976891291e-05,2.103705507493525e-06,3.394817886624449e-07
-2.1397175576356e-11,-4.681842737938969e-06,3.436994136553494e-06,1.344635743642587e-05,2.137086104746253e-06,3.2060720740678926e-07
-2.1397200758220963e-11,-4.6818425036932595e-06,3.436993964789937e-06,1.3440776953777003e-05,2.17098872478584e-06,3.0111826793709875e-07
-2.1397184660935496e-11,-4.681842269757198e-06,3.4369937930809502e-06,1.343524425022533e-05,2.205399996506394e-06,2.8101161003462344e-07
-2.1397165546597236e-11,-4.681842035412243e-06,3.4369936215717006e-06,1.3429755054046821e-05,2.2403067814388362e-06,2.6028409694074516e-07
-2.1397169185403803e-11,-4.681841801148578e-06,3.436993449889149e-06,1.3424305101178892e-05,2.275696168813883e-06,2.389328124148679e-07
-2.1397168838318052e-11,-4.681841566960638e-06,3.436993278241525e-06,1.3418890132222789e-05,2.3115554710829863e-06,2.169550573205007e-07
-2.1397186629905364e-11,-4.6818413329463e-06,3.436993106457357e-06,1.341350589344277e-05,2.347872219619692e-06,1.943483478211384e-07
-2.139717524959862e-11,-4.681841098822215e-06,3.4369929348196974e-06,1.3408148134323616e-05,2.3846341609448837e-06,1.7111041257695796e-07
-2.1397155466718412e-11,-4.681840864625297e-06,3.4369927632594093e-06,1.3402812607681617e-05,2.4218292521054807e-06,1.4723919005252244e-07
-2.139716537104093e-11,-4.681840630493676e-06,3.4369925917564413e-06,1.339749506799925e-05,2.4594456568094773e-06,1.2273282513060625e-07
-2.139718333327973e-11,-4.681840396529834e-06,3.4369924201189754e-06,1.3392191270759014e-05,2.497471740905256e-06,9.758966791870764e-08
-2.1397147058674764e-11,-4.681840162324891e-06,3.4369922484169606e-06,1.338689697244342e-05,2.5358960693735705e-06,7.180827064042767e-08
-2.139717031990469e-11,-4.6818399282471505e-06,3.4369920769347177e-06,1.3381607928536583e-05,2.5747074016750265e-06,4.538738402724143e-08
-2.139716064657998e-11,-4.681839694225334e-06,3.436991905477059e-06,1.3376319893413186e-05,2.613894688443699e-06,1.8325956208283133e-08
-2.1397164244054088e-11,-4.681839460021212e-06,3.4369917337941525e-06,1.3371028619783353e-05,2.6534470678754382e-06,-9.376869732144712e-09
-2.1397161197211323e-11,-4.681839226020169e-06,3.436991561924838e-06,1.3365729858026502e-05,2.6933538616963705e-06,-3.772175980688931e-08
-2.1397165065063882e-11,-4.681838991609417e-06,3.4369913903427965e-06,1.3360419354859072e-05,2.733604571759374e-06,-6.6709190596979e-08
-2.1397160473549495e-11,-4.681838757666847e-06,3.4369912184768884e-06,1.335509285366757e-05,2.7741888771332186e-06,-9.633945144433116e-08
-2.1397157373003186e-11,-4.681838523688189e-06,3.4369910466017663e-06,1.3349746093620388e-05,2.8150966299982003e-06,-1.2661264756035556e-07
-2.139713126134849e-11,-4.681838289602891e-06,3.436990874807605e-06,1.3344374808890631e-05,2.856317852561815e-06,-1.5752870213538812e-07
-2.1397149377081692e-11,-4.681838055454122e-06,3.4369907031015704e-06,1.3338974727878952e-05,2.8978427340229858e-06,-1.890873590309779e-07
-2.1397145243120488e-11,-4.6818378213984855e-06,3.4369905312814537e-06,1.3333541573879673e-05,2.939661627029765e-06,-2.2128818516686859e-07
-2.1397161215162206e-11,-4.681837587186286e-06,3.4369903596792465e-06,1.3328071063859531e-05,2.981765044851725e-06,-2.5413057240837044e-07
-2.139712932090893e-11,-4.681837353043457e-06,3.436990188043302e-06,1.3322558907569486e-05,3.024143658226246e-06,-2.876137411468343e-07
-2.1397166328807283e-11,-4.681837118832592e-06,3.436990016174319e-06,1.3317000808432885e-05,3.066788292215186e-06,-3.217367416041592e-07
-2.139714271879102e-11,-4.681836884505924e-06,3.4369898444341123e-06,1.3311392461769107e-05,3.109689923644434e-06,-3.56498456330794e-07
-2.1397139803413424e-11,-4.6818366504575515e-06,3.4369896726826324e-06,1.3305729555681718e-05,3.1528396777038526e-06,-3.918976036751879e-07
-2.1397126486291143e-11,-4.681836416509455e-06,3.4369895010834465e-06,1.3300007769948245e-05,3.1962288255915236e-06,-4.2793273881073804e-07
-2.1397139528830148e-11,-4.681836182257633e-06,3.4369893294872117e-06,1.3294222776686294e-05,3.2398487816618623e-06,-4.64602256788906e-07
-2.1397137658420113e-11,-4.681835948370664e-06,3.436989157842776e-06,1.328837023857719e-05,3.2836911002476084e-06,-5.01904394898447e-07
-2.1397132826716872e-11,-4.681835714435842e-06,3.4369889859347276e-06,1.328244581053129e-05,3.3277474739042814e-06,-5.398372347470671e-07
-2.1397141878552638e-11,-4.681835480347883e-06,3.43698881438485e-06,1.3276445136912437e-05,3.3720097298227728e-06,-5.783987051480059e-07
-2.1397135299914347e-11,-4.681835246353428e-06,3.4369886426788816e-06,1.3270363855090637e-05,3.4164698284068774e-06,-6.175865833690463e-07
-2.139713887838073e-11,-4.681835012334369e-06,3.436988470967408e-06,1.3264197591556285e-05,3.4611198594707758e-06,-6.573984989627695e-07
-2.1397136655145185e-11,-4.6818347782540256e-06,3.4369882990503005e-06,1.3257941963918557e-05,3.5059520408720772e-06,-6.978319346824975e-07
-2.1397149154909403e-11,-4.681834544053769e-06,3.4369881275393314e-06,1.325159258079437e-05,3.5509587156738005e-06,-7.388842298684713e-07
-2.1397112456128123e-11,-4.681834309665197e-06,3.4369879560425382e-06,1.3245145040365092e-05,3.5961323500974173e-06,-7.805525818356279e-07
-2.1397094613015123e-11,-4.681834075528239e-06,3.4369877841085333e-06,1.3238594932041856e-05,3.6414655305529976e-06,-8.228340492320304e-07
-2.1397133240387944e-11,-4.68183384149097e-06,3.4369876125171617e-06,1.3231937834578186e-05,3.686950962147339e-06,-8.657255530103028e-07
-2.1397118248256453e-11,-4.681833607656544e-06,3.4369874406597587e-06,1.3225169318179394e-05,3.732581466477414e-06,-9.092238799525984e-07
-2.139712919155182e-11,-4.681833373539229e-06,3.4369872689562153e-06,1.3218284942615214e-05,3.7783499784731608e-06,-9.533256847245018e-07
-2.1397106636548108e-11,-4.681833139458833e-06,3.436987097115874e-06,1.3211280258218967e-05,3.824249545537069e-06,-9.980274906799534e-07
-2.139711096931508e-11,-4.681832905214501e-06,3.4369869251548124e-06,1.3204150806553713e-05,3.870273324983724e-06,-1.0433256947184663e-06
-2.139709852587471e-11,-4.681832671100476e-06,3.436986753396729e-06,1.3196892118302797e-05,3.91641458185405e-06,-1.0892165672296183e-06
-2.1397109557463627e-11,-4.681832437088321e-06,3.436986581684854e-06,1.318949971593439e-05,3.962666686812838e-06,-1.1356962553126982e-06
-2.1397112851540508e-11,-4.681832203097527e-06,3.4369864099184772e-06,1.3181969111814092e-05,4.009023114747075e-06,-1.1827607854412403e-06
-2.1397103928777465e-11,-4.681831969158167e-06,3.4369862377977668e-06,1.3174295809870263e-05,4.0554774428300056e-06,-1.2304060650173396e-06
-2.139711753217632e-11,-4.68183173503545e-06,3.43698606588959e-06,1.3166475304150722e-05,4.1020233479745435e-06,-1.2786278847031153e-06
-2.1397123696300023e-11,-4.6818315009992585e-06,3.4369858939973625e-06,1.315850308048808e-05,4.148654605577341e-06,-1.3274219204468773e-06
-2.139710916234015e-11,-4.681831266810404e-06,3.4369857222385558e-06,1.3150374616277672e-05,4.195365087631411e-06,-1.3767837371468536e-06
-2.139712073477982e-11,-4.681831032731422e-06,3.4369855506987266e-06,1.314208537925632e-05,4.2421487610122114e-06,-1.4267087882626172e-06
-2.1397110871878982e-11,-4.681830798721247e-06,3.436985378865036e-06,1.3133630830388895e-05,4.28899968550007e-06,-1.477192420866602e-06
-2.1397097711189695e-11,-4.681830564529282e-06,3.4369852069604763e-06,1.3125006421314802e-05,4.335912012683831e-06,-1.528229875699608e-06
-2.1397100507419737e-11,-4.68183033029661e-06,3.436985035162812e-06,1.3116207596346363e-05,4.382879983622448e-06,-1.5798162902794352e-06
-2.139711717566499e-11,-4.681830096367172e-06,3.436984863596114e-06,1.3107229792468826e-05,4.429897927783335e-06,-1.6319467013156177e-06
-2.1397089990548804e-11,-4.681829862036283e-06,3.4369846920642773e-06,1.309806843934034e-05,4.476960261071723e-06,-1.6846160463192373e-06
-2.1397092900929448e-11,-4.681829628095711e-06,3.4369845199035823e-06,1.3088718958736847e-05,4.524061484359615e-06,-1.7378191659621645e-06
-2.1397108959178527e-11,-4.681829393984378e-06,3.436984348013034e-06,1.3079176766772513e-05,4.5711961823269745e-06,-1.791550806380757e-06
-2.139710466867085e-11,-4.681829159829716e-06,3.4369841765513575e-06,1.3069437272789507e-05,4.618359021629873e-06,-1.8458056214518278e-06
-2.139712445879571e-11,-4.681828925625759e-06,3.436984004684087e-06,1.3059495879913093e-05,4.6655447496792485e-06,-1.9005781746800202e-06
-2.1397085071186756e-11,-4.681828691503212e-06,3.4369838330019876e-06,1.3049347985828788e-05,4.7127481928853435e-06,-1.9558629415570355e-06
-2.1397080748158223e-11,-4.681828457574783e-06,3.4369836611781164e-06,1.3038988982005193e-05,4.759964255360151e-06,-2.0116543112547203e-06
-2.1397076538694557e-11,-4.681828223650693e-06,3.4369834892384758e-06,1.3028414255470347e-05,4.8071879181055555e-06,-2.0679465896504256e-06
-2.1397097055594812e-11,-4.681827989554922e-06,3.4369833173272586e-06,1.3017619188811714e-05,4.854414236896967e-06,-2.1247340005205007e-06
-2.1397091233149928e-11,-4.681827755593353e-06,3.436983145421859e-06,1.3006599160065153e-05,4.901638341457598e-06,-2.1820106883158512e-06
-2.139708498980271e-11,-4.681827521426042e-06,3.4369829735865867e-06,1.2995349542825953e-05,4.948855434181704e-06,-2.2397707201325795e-06
-2.1397092749563144e-11,-4.6818272873926084e-06,3.4369828016527728e-06,1.2983865707803105e-05,4.996060788469245e-06,-2.2980080873218197e-06
-2.1397098084939936e-11,-4.681827053086877e-06,3.4369826298445595e-06,1.2972143021820118e-05,5.043249747823835e-06,-2.3567167083763053e-06
-2.1397083940358247e-11,-4.681826818954675e-06,3.4369824581129103e-06,1.296017684948034e-05,5.090417725047823e-06,-2.4158904305679646e-06
-2.1397092200732633e-11,-4.681826584868738e-06,3.436982286319372e-06,1.2947962553388993e-05,5.137560199959402e-06,-2.475523032279377e-06
-2.1397070181626215e-11,-4.681826350909983e-06,3.4369821147895164e-06,1.2935495492931926e-05,5.184672719239947e-06,-2.5356082248078904e-06
-2.1397080877902494e-11,-4.68182611688628e-06,3.436981943258781e-06,1.2922771028050362e-05,5.231750895469515e-06,-2.596139654419539e-06
-2.1397049554156592e-11,-4.68182588271429e-06,3.436981771254668e-06,1.2909784515799201e-05,5.2787904046982276e-06,-2.6571109049580604e-06
-2.1397070901045525e-11,-4.681825648605555e-06,3.436981599538592e-06,1.289653131389973e-05,5.325786986730756e-06,-2.7185154992326858e-06
-2.1397073777484624e-11,-4.681825414670573e-06,3.4369814278725803e-06,1.2883006778963259e-05,5.372736443266716e-06,-2.7803469013496002e-06
-2.139705873168693e-11,-4.681825180500233e-06,3.436981256059576e-06,1.2869206268711553e-05,5.419634637172064e-06,-2.8425985188491247e-06
-2.1397070768139424e-11,-4.681824946341472e-06,3.4369810842336548e-06,1.2855125141865811e-05,5.466477491826856e-06,-2.9052637047041254e-06
-2.1397090721570766e-11,-4.681824712274517e-06,3.436980912418994e-06,1.2840758757258482e-05,5.5132609894460205e-06,-2.968335759040852e-06
-2.13970860198502e-11,-4.6818244780152244e-06,3.4369807405100704e-06,1.282610247649779e-05,5.559981170052415e-06,-3.0318079315814322e-06
-2.1397061513127484e-11,-4.681824244197532e-06,3.436980568547799e-06,1.2811151662746477e-05,5.606634131476813e-06,-3.0956734233369693e-06
-2.1397041396580322e-11,-4.681824010214838e-06,3.436980396767915e-06,1.2795901682942259e-05,5.65321602758155e-06,-3.1599253890500216e-06
-2.1397072076858254e-11,-4.681823776144805e-06,3.4369802249421142e-06,1.2780347906243492e-05,5.699723067441742e-06,-3.2245569382770804e-06
-2.1397060316562393e-11,-4.681823542000416e-06,3.436980053361433e-06,1.276448570569451e-05,5.746151514630563e-06,-3.2895611381086155e-06
-2.139705317610091e-11,-4.681823307870751e-06,3.436979881215391e-06,1.274831045911378e-05,5.7924976866294584e-06,-3.3549310153895227e-06
-2.1397069034239458e-11,-4.681823073635695e-06,3.436979709702935e-06,1.2731817547983709e-05,5.838757953343192e-06,-3.4206595576350556e-06
-2.139706684334179e-11,-4.681822839563885e-06,3.4369795378979e-06,1.2715002360337177e-05,5.884928736614154e-06,-3.486739715820269e-06
-2.139703411787626e-11,-4.681822605443342e-06,3.4369793662841535e-06,1.2697860288537108e-05,5.931006509466002e-06,-3.5531644059482005e-06
-2.139705299396615e-11,-4.681822371173551e-06,3.4369791942719916e-06,1.2680386732052017e-05,5.9769877950975236e-06,-3.6199265112148147e-06
-2.1397039451077448e-11,-4.681822137559784e-06,3.436979022553552e-06,1.2662577096456809e-05,6.022869165987519e-06,-3.687018883826995e-06
-2.1397029521653775e-11,-4.681821903334355e-06,3.436978850643553e-06,1.2644426795320139e-05,6.068647243679694e-06,-3.7544343464596995e-06
-2.1397051471661344e-11,-4.6818216691595695e-06,3.4369786787616023e-06,1.2625931249205216e-05,6.114318697852852e-06,-3.822165694906638e-06
-2.13970433481212e-11,-4.681821435152997e-06,3.4369785069830737e-06,1.2607085887335128e-05,6.1598802443779935e-06,-3.8902056993431424e-06
-2.139703535676058e-11,-4.681821201073953e-06,3.4369783353118624e-06,1.2587886147481821e-05,6.205328646865699e-06,-3.958547106421712e-06
-2.139704698729248e-11,-4.68182096696506e-06,3.4369781633476833e-06,1.2568327476743235e-05,6.250660713772604e-06,-4.027182641117764e-06
-2.139705960854266e-11,-4.6818207330292814e-06,3.436977991863754e-06,1.254840533165434e-05,6.295873299199366e-06,-4.096105008547625e-06
-2.139705125794439e-11,-4.681820498782571e-06,3.4369778199001453e-06,1.2528115179963465e-05,6.340963301502898e-06,-4.165306895689375e-06
-2.1397038833402207e-11,-4.6818202646600585e-06,3.436977647983365e-06,1.2507452498855957e-05,6.3859276626441e-06,-4.234780973270232e-06
-2.1397027714967757e-11,-4.681820030492342e-06,3.436977475914212e-06,1.2486412777618701e-05,6.430763367771525e-06,-4.304519897820463e-06
-2.1397043891854705e-11,-4.681819796336782e-06,3.43697730430347e-06,1.2464991517862158e-05,6.4754674443748385e-06,-4.3745163130750425e-06
-2.1397029330150794e-11,-4.68181956221507e-06,3.4369771324131775e-06,1.2443184231744002e-05,6.5200369620142025e-06,-4.444762851486329e-06
-2.1397003828718167e-11,-4.681819328235504e-06,3.4369769605643744e-06,1.242098644607695e-05,6.564469031196167e-06,-4.515252136846978e-06
-2.1397031822068423e-11,-4.68181909403595e-06,3.436976788824098e-06,1.2398393699886256e-05,6.608760803207136e-06,-4.585976784845039e-06
-2.1397015732316646e-11,-4.681818859836151e-06,3.4369766172356036e-06,1.2375401546186068e-05,6.652909469294584e-06,-4.656929406422399e-06
-2.1397026620977686e-11,-4.6818186260009176e-06,3.4369764454815046e-06,1.2352005552423504e-05,6.696912260049489e-06,-4.72810260759436e-06
-2.1397028015965864e-11,-4.681818391733603e-06,3.4369762737312403e-06,1.2328201300589685e-05,6.740766445274491e-06,-4.799488992669288e-06
-2.1397028775498913e-11,-4.681818157848536e-06,3.4369761017026823e-06,1.2303984387996871e-05,6.7844693328251e-06,-4.871081165025777e-06
-2.139702059757725e-11,-4.681817923820761e-06,3.4369759299280217e-06,1.2279350427944602e-05,6.8280182682974385e-06,-4.942871728930636e-06
-2.1397005196820206e-11,-4.681817689714223e-06,3.436975758280623e-06,1.2254295049830701e-05,6.8714106347160006e-06,-5.014853291759333e-06
-2.139701454568499e-11,-4.681817455824695e-06,3.4369755867187613e-06,1.2228813899040263e-05,6.914643852013225e-06,-5.087018464689892e-06
-2.1397003829350647e-11,-4.681817221899437e-06,3.436975414652784e-06,1.2202902639499152e-05,6.957715375988667e-06,-5.15935986503436e-06
-2.1397021604451406e-11,-4.6818169876690685e-06,3.436975242808731e-06,1.2176556951786626e-05,7.0006226984894e-06,-5.2318701177237276e-06
-2.1396995380175388e-11,-4.681816753505571e-06,3.436975070627437e-06,1.2149772534356568e-05,7.0433633465426635e-06,-5.304541856376524e-06
-2.1397024040329206e-11,-4.681816519666877e-06,3.436974898740568e-06,1.2122545104536686e-05,7.085934881634208e-06,-5.377367725588656e-06
-2.139700717550682e-11,-4.681816285432758e-06,3.4369747270002094e-06,1.2094870399527718e-05,7.1283349001176935e-06,-5.450340381974231e-06
-2.1397029248820315e-11,-4.681816051430679e-06,3.436974555232534e-06,1.206674417418297e-05,7.170561031944877e-06,-5.52345249576152e-06
-2.1397001479704664e-11,-4.681815817439873e-06,3.4369743833236075e-06,1.203816220467205e-05,7.212610940408861e-06,-5.59669675270808e-06
-2.139701637258786e-11,-4.68181558323915e-06,3.436974211150233e-06,1.2009120287370643e-05,7.254482322102467e-06,-5.670065854905673e-06
-2.1396997493714785e-11,-4.681815349260545e-06,3.436974039548346e-06,1.1979614238527446e-05,7.29617290564841e-06,-5.743552522972959e-06
-2.1397004455198775e-11,-4.681815115129255e-06,3.4369738678461563e-06,1.1949639896040505e-05,7.337680452094827e-06,-5.817149496846522e-06
-2.1396992290628694e-11,-4.6818148811431036e-06,3.436973696114853e-06,1.191919311956825e-05,7.379002754429543e-06,-5.890849537612752e-06
-2.139701238006488e-11,-4.681814647101545e-06,3.43697352423174e-06,1.188826979030743e-05,7.4201376364559765e-06,-5.964645429381336e-06
-2.1396984790484385e-11,-4.681814412939422e-06,3.4369733524300058e-06,1.185686581254744e-05,7.461082953306608e-06,-6.038529979271386e-06
-2.1396996248319833e-11,-4.6818141791746985e-06,3.436973180782827e-06,1.1824977112893147e-05,7.501836590346641e-06,-6.112496020298024e-06
-2.1397000861220664e-11,-4.681813944952838e-06,3.4369730089428224e-06,1.1792599641708178e-05,7.5423964635209485e-06,-6.186536412052383e-06
-2.1396998929042355e-11,-4.68181371103751e-06,3.4369728372810886e-06,1.1759729371893672e-05,7.582760517959346e-06,-6.260644042200422e-06
-2.1396984366259296e-11,-4.681813476888052e-06,3.436972665318978e-06,1.1726362300664642e-05,7.622926728746818e-06,-6.334811827079659e-06
-2.1396990856178443e-11,-4.681813242677603e-06,3.436972493491004e-06,1.1692494450105067e-05,7.662893099570424e-06,-6.409032714807809e-06
-2.1397006452395506e-11,-4.681813008683148e-06,3.4369723217808244e-06,1.1658121866612787e-05,7.702657663350738e-06,-6.483299684380722e-06
-2.1396989854900183e-11,-4.681812774737592e-06,3.436972149931076e-06,1.1623240621232568e-05,7.742218480902652e-06,-6.557605748808762e-06
-2.1396981768042353e-11,-4.681812540751789e-06,3.4369719780546676e-06,1.1587846811210398e-05,7.78157364119904e-06,-6.63194395500579e-06
-2.139698425048488e-11,-4.681812306283327e-06,3.436971806250123e-06,1.1551936558883283e-05,7.820721260829532e-06,-6.706307385843069e-06
-2.1396996358615475e-11,-4.681812072194663e-06,3.4369716345538305e-06,1.151550601234535e-05,7.859659484271131e-06,-6.780689160898684e-06
-2.1397000590452283e-11,-4.68181183802207e-06,3.4369714624534365e-06,1.147855134733524e-05,7.898386482306138e-06,-6.855082438469801e-06
-2.1396981528192332e-11,-4.6818116038913875e-06,3.436971290880881e-06,1.1441068764682599e-05,7.936900453090738e-06,-6.929480415142465e-06
-2.139698769044917e-11,-4.681811369875439e-06,3.4369711189167716e-06,1.1403054493194627e-05,7.975199620711732e-06,-7.0038763287892065e-06
-2.139696940822144e-11,-4.681811135914434e-06,3.436970946928738e-06,1.1364504788989973e-05,8.013282235942844e-06,-7.078263458319238e-06
-2.1397002444677786e-11,-4.681810901787407e-06,3.4369707751770695e-06,1.1325415934721555e-05,8.051146575127584e-06,-7.152635125773995e-06
-2.1396969222996122e-11,-4.6818106675999234e-06,3.436970603234137e-06,1.1285784242574162e-05,8.088790940033521e-06,-7.226984696438174e-06
-2.1396952629962563e-11,-4.681810433484817e-06,3.436970431637506e-06,1.1245606050933784e-05,8.126213657997995e-06,-7.301305580935264e-06
-2.139694646624358e-11,-4.681810199268397e-06,3.4369702598588542e-06,1.1204877728051358e-05,8.16341308138689e-06,-7.3755912355467435e-06
-2.1396983134377402e-11,-4.681809965170902e-06,3.436970088036465e-06,1.1163595670155358e-05,8.20038758694238e-06,-7.449835163863539e-06
-2.139696748876706e-11,-4.681809730957306e-06,3.436969916031905e-06,1.1121756302339997e-05,8.237135576365782e-06,-7.524030916661119e-06
-2.1396977841554237e-11,-4.681809496817532e-06,3.4369697440334297e-06,1.107935607923134e-05,8.273655475137958e-06,-7.598172094730572e-06
-2.1396978228966013e-11,-4.6818092627164464e-06,3.4369695723975706e-06,1.1036391483988118e-05,8.309945733081355e-06,-7.672252347643475e-06
-2.139696092406233e-11,-4.6818090286042106e-06,3.4369694008468765e-06,1.0992859029967039e-05,8.346004823506533e-06,-7.746265376971549e-06
-2.139697049611392e-11,-4.681808794416848e-06,3.4369692289198465e-06,1.094875526005667e-05,8.38183124334399e-06,-7.820204935218062e-06
-2.1396952239634886e-11,-4.681808560333722e-06,3.4369690572052845e-06,1.0904076747010491e-05,8.417423512526605e-06,-7.894064828204817e-06
-2.1396943620656653e-11,-4.681808326164743e-06,3.4369688853040327e-06,1.085882009366894e-05,8.452780174253319e-06,-7.967838914933364e-06
-2.139696394281963e-11,-4.681808092008181e-06,3.4369687137490496e-06,1.0812981933736566e-05,8.487899794177281e-06,-8.041521109541784e-06
-2.13969574535054e-11,-4.68180785791548e-06,3.4369685418339526e-06,1.076655893056078e-05,8.522780960856873e-06,-8.115105380832827e-06
-2.139692563972152e-11,-4.681807623802382e-06,3.4369683697190016e-06,1.071954777890822e-05,8.557422285020202e-06,-8.188585754230695e-06
-2.139698813043921e-11,-4.681807389595839e-06,3.4369681975740614e-06,1.0671945203743486e-05,8.59182239925976e-06,-8.261956311822667e-06
-2.139695392309334e-11,-4.681807155366292e-06,3.4369680259119278e-06,1.062374796111733e-05,8.625979958330824e-06,-8.335211193746879e-06
-2.1396960969921925e-11,-4.681806921491133e-06,3.4369678540392277e-06,1.0574952838055616e-05,8.659893638457554e-06,-8.40834459899724e-06
-2.1396978638609604e-11,-4.681806687434523e-06,3.436967682014398e-06,1.0525556652670368e-05,8.693562137506465e-06,-8.4813507852569e-06
-2.139694378766479e-11,-4.681806453229593e-06,3.4369675104249102e-06,1.047555625538099e-05,8.726984174459069e-06,-8.554224070494184e-06
-2.139694627088655e-11,-4.681806219239131e-06,3.4369673385115954e-06,1.0424948525916654e-05,8.760158489286986e-06,-8.626958833698132e-06
-2.139695888990521e-11,-4.681805985253282e-06,3.4369671668196983e-06,1.0373730377868244e-05,8.793083842951931e-06,-8.699549515003385e-06
-2.1396936455046916e-11,-4.681805751188852e-06,3.436966994952978e-06,1.03218987545805e-05,8.825759017266942e-06,-8.77199061678654e-06
-2.1396948433034e-11,-4.6818055169016224e-06,3.4369668230122586e-06,1.0269450631927597e-05,8.858182814070647e-06,-8.844276704165742e-06
-2.1396940460441738e-11,-4.681805282975642e-06,3.4369666514249367e-06,1.0216383016869824e-05,8.890354055678304e-06,-8.916402405888873e-06
-2.139695230308757e-11,-4.681805048720248e-06,3.436966479541638e-06,1.016269294867486e-05,8.922271584625042e-06,-8.98836241422252e-06
-2.1396913779925358e-11,-4.681804814640293e-06,3.4369663077264004e-06,1.0108377497807524e-05,8.953934263381392e-06,-9.060151486631192e-06
-2.139692481277655e-11,-4.68180458046885e-06,3.4369661357934356e-06,1.00534337664849e-05,8.985340973742635e-06,-9.131764445499763e-06
-2.1396961117648482e-11,-4.681804346573695e-06,3.4369659639836362e-06,9.997858889897573e-06,9.016490617737817e-06,-9.20319617875798e-06
-2.1396920386400447e-11,-4.6818041125050225e-06,3.4369657920928677e-06,9.941650033545098e-06,9.04738211618646e-06,-9.274441640893527e-06
-2.1396916198289848e-11,-4.681803878535014e-06,3.436965620166856e-06,9.884804395789504e-06,9.07801440953816e-06,-9.3454958532851e-06
-2.139694829438355e-11,-4.681803644516024e-06,3.4369654481396337e-06,9.82731920641201e-06,9.108386457102362e-06,-9.416353904133022e-06
-2.139694602943353e-11,-4.681803410606233e-06,3.4369652761148307e-06,9.769191727279155e-06,9.138497237096955e-06,-9.487010950096818e-06
-2.1396923452476548e-11,-4.681803176303328e-06,3.436965104235756e-06,9.710419251454613e-06,9.16834574634294e-06,-9.557462214990696e-06
-2.1396918036776023e-11,-4.681802942177531e-06,3.436964932728394e-06,9.650999104087381e-06,9.19793100064608e-06,-9.627702992531362e-06
-2.139690916323207e-11,-4.681802708037077e-06,3.4369647607779053e-06,9.590928642411764e-06,9.227252034019744e-06,-9.697728644561656e-06
-2.1396913950922186e-11,-4.681802474104888e-06,3.4369645886406823e-06,9.53020525408205e-06,9.256307898601635e-06,-9.767534602882418e-06
-2.139692061615264e-11,-4.681802239707433e-06,3.4369644167455025e-06,9.46882635994807e-06,9.285097664591336e-06,-9.837116369141466e-06
-2.1396938179992406e-11,-4.6818020056715965e-06,3.436964244862605e-06,9.406789410724503e-06,9.313620420451558e-06,-9.906469514902991e-06
-2.139692836676286e-11,-4.6818017716753025e-06,3.4369640727536336e-06,9.344091889877493e-06,9.341875272401577e-06,-9.975589682813287e-06
-2.1396919813868107e-11,-4.681801537381123e-06,3.4369639013088207e-06,9.28073131129315e-06,9.36986134395928e-06,-1.0044472585754202e-05
-2.139692785975729e-11,-4.681801303410622e-06,3.4369637294090054e-06,9.21670522016573e-06,9.39757777668363e-06,-1.0113114008244798e-05
-2.1396934069571666e-11,-4.6818010691966855e-06,3.436963557415162e-06,9.152011192886627e-06,9.425023729237903e-06,-1.0181509806385839e-05
-2.1396914096538218e-11,-4.681800835194776e-06,3.436963385602177e-06,9.08664683715539e-06,9.452198377660314e-06,-1.0249655907623873e-05
-2.1396925673619476e-11,-4.681800601063856e-06,3.436963213712735e-06,9.020609790758463e-06,9.479100914677072e-06,-1.0317548312055734e-05
-2.1396913555848314e-11,-4.6818003670462e-06,3.4369630419110893e-06,8.953897722457373e-06,9.505730550639107e-06,-1.038518309154037e-05
-2.139689990359001e-11,-4.681800132679478e-06,3.4369628700856957e-06,8.886508331433629e-06,9.532086512349435e-06,-1.0452556390614777e-05
-2.1396899112668535e-11,-4.681799898737567e-06,3.4369626982781973e-06,8.818439347621761e-06,9.55816804333374e-06,-1.051966442627195e-05
-2.1396906296737124e-11,-4.68179966476255e-06,3.4369625265567227e-06,8.749688530266053e-06,9.583974403757125e-06,-1.058650348898784e-05
-2.1396899859011106e-11,-4.6817994308160956e-06,3.4369623548263703e-06,8.680253669363821e-06,9.609504870306151e-06,-1.0653069941805427e-05
-2.1396894009390906e-11,-4.681799196783889e-06,3.4369621829027454e-06,8.610132584333151e-06,9.63475873586964e-06,-1.071936022080655e-05
-2.1396911429549243e-11,-4.681798962703071e-06,3.436962010908325e-06,8.539323124234938e-06,9.659735309552567e-06,-1.0785370836236016e-05
-2.1396911133324472e-11,-4.6817987288059885e-06,3.4369618388505517e-06,8.467823167217775e-06,9.684433916474811e-06,-1.0851098371072195e-05
-2.1396892183839538e-11,-4.6817984944136185e-06,3.436961667142507e-06,8.395630621295114e-06,9.708853897805873e-06,-1.0916539482303756e-05
-2.139690323598037e-11,-4.681798260459866e-06,3.4369614953239817e-06,8.322743422124807e-06,9.732994610390162e-06,-1.09816909001109e-05
-2.1396878822786903e-11,-4.6817980266619554e-06,3.4369613235536926e-06,8.249159535451612e-06,9.756855427066182e-06,-1.1046549429100461e-05
-2.139688039155805e-11,-4.6817977924337845e-06,3.4369611515618527e-06,8.174876954886733e-06,9.780435736118382e-06,-1.1111111947209575e-05
-2.1396904488743356e-11,-4.68179755841355e-06,3.4369609796463254e-06,8.099893701130674e-06,9.803734941131408e-06,-1.1175375406413442e-05
-2.1396888831564242e-11,-4.681797324236452e-06,3.4369608077906406e-06,8.024207824526742e-06,9.826752461142783e-06,-1.1239336832614305e-05
-2.1396903231791356e-11,-4.681797090331566e-06,3.4369606360948086e-06,7.947817401730392e-06,9.849487730441663e-06,-1.1302993325724706e-05
-2.1396877170923935e-11,-4.681796856305018e-06,3.4369604644605683e-06,7.870720537485563e-06,9.87194019849947e-06,-1.1366342059237293e-05
-2.1396921443314875e-11,-4.681796622254668e-06,3.436960292310229e-06,7.792915362959361e-06,9.894109329768644e-06,-1.14293802810991e-05
-2.1396889046060566e-11,-4.681796388063139e-06,3.436960120415707e-06,7.714400036297166e-06,9.91599460343979e-06,-1.1492105312476434e-05
-2.139687818400856e-11,-4.681796153843357e-06,3.4369599487114766e-06,7.635172742622629e-06,9.937595513788618e-06,-1.1554514548754079e-05
-2.1396889997688463e-11,-4.681795919531381e-06,3.4369597770386607e-06,7.555231691595178e-06,9.958911569475132e-06,-1.161660545932711e-05
-2.139689140521252e-11,-4.681795685535246e-06,3.436959605250611e-06,7.47457511985251e-06,9.979942293696264e-06,-1.1678375587198462e-05
-2.139690165045349e-11,-4.681795451653677e-06,3.4369594335588257e-06,7.393201289678339e-06,1.000068722449814e-05,-1.1739822548631965e-05
-2.1396874845506644e-11,-4.681795217568147e-06,3.4369592619523096e-06,7.311108487226017e-06,1.0021145914089126e-05,-1.1800944034012772e-05
-2.1396878686675655e-11,-4.681794983364368e-06,3.436959090338831e-06,7.228295024405928e-06,1.0041317928465124e-05,-1.1861737806612235e-05
-2.1396885022843168e-11,-4.6817947493843125e-06,3.4369589184390436e-06,7.144759236998096e-06,1.0061202848492051e-05,-1.1922201703781399e-05
-2.1396878112883428e-11,-4.681794515228307e-06,3.4369587464950564e-06,7.060499484652199e-06,1.0080800268573556e-05,-1.19823336353828e-05
-2.139688190103591e-11,-4.681794281284076e-06,3.4369585747633962e-06,6.975514150776538e-06,1.0100109797115942e-05,-1.2042131584859063e-05
-2.1396855902501843e-11,-4.6817940469580625e-06,3.4369584030441646e-06,6.889801641982935e-06,1.011913105667387e-05,-1.2101593608386353e-05
-2.1396832104049914e-11,-4.6817938131377e-06,3.43695823157051e-06,6.803360387753648e-06,1.0137863682923416e-05,-1.2160717834610701e-05
-2.1396867672551236e-11,-4.681793579244689e-06,3.4369580596531046e-06,6.716188839331163e-06,1.0156307325772292e-05,-1.2219502465466779e-05
-2.139687341809475e-11,-4.681793345229797e-06,3.436957887868331e-06,6.628285470273312e-06,1.017446164815941e-05,-1.227794577455421e-05
-2.1396841075673097e-11,-4.681793110931859e-06,3.4369577157670895e-06,6.539648776120187e-06,1.0192326326852857e-05,-1.2336046108400445e-05
-2.139687313602064e-11,-4.681792876808589e-06,3.436957544198159e-06,6.450277273394953e-06,1.0209901051513152e-05,-1.2393801884961957e-05
-2.1396887656016417e-11,-4.681792642517418e-06,3.4369573722974892e-06,6.3601694982715755e-06,1.022718552536632e-05,-1.2451211594165473e-05
-2.139686698590613e-11,-4.681792408554672e-06,3.4369572004240933e-06,6.269324008240156e-06,1.0244179464489182e-05,-1.2508273797810834e-05
-2.1396868529385016e-11,-4.681792174378859e-06,3.4369570286137354e-06,6.177739379997516e-06,1.0260882598121598e-05,-1.2564987128544028e-05
-2.139684269151418e-11,-4.681791940235283e-06,3.4369568568953253e-06,6.085414209558206e-06,1.0277294668236277e-05,-1.2621350290467824e-05
-2.1396870690096976e-11,-4.6817917061302e-06,3.436956685142031e-06,5.992347112254521e-06,1.029341543001754e-05,-1.2677362058128682e-05
-2.139686494458129e-11,-4.681791472075531e-06,3.436956513568627e-06,5.898536721071149e-06,1.0309244650889893e-05,-1.2733021277307793e-05
-2.1396844228391287e-11,-4.681791238014976e-06,3.4369563418160246e-06,5.803981686645188e-06,1.032478211119803e-05,-1.278832686325859e-05
-2.1396851771013084e-11,-4.681791003790049e-06,3.436956169915747e-06,5.708680678154317e-06,1.0340027603728046e-05,-1.2843277802011269e-05
-2.1396821433389597e-11,-4.681790769753655e-06,3.4369559979945656e-06,5.612632380319195e-06,1.035498093346459e-05,-1.2897873148887858e-05
-2.1396849588332012e-11,-4.681790535506988e-06,3.436955826110526e-06,5.515835494624709e-06,1.03696419183125e-05,-1.2952112028793654e-05
-2.1396835850969994e-11,-4.681790301360239e-06,3.436955654114587e-06,5.418288738209745e-06,1.0384010387820052e-05,-1.3005993635440058e-05
-2.139684503778436e-11,-4.6817900674268795e-06,3.4369554825717197e-06,5.319990844089243e-06,1.039808618371325e-05,-1.3059517232218884e-05
-2.1396833643915904e-11,-4.681789833271411e-06,3.436955310612721e-06,5.220940559266811e-06,1.041186916009013e-05,-1.3112682149801493e-05
-2.139684097551398e-11,-4.6817895994527026e-06,3.4369551386210166e-06,5.121136644734727e-06,1.042535918267828e-05,-1.3165487788275975e-05
-2.1396848335163598e-11,-4.681789365091297e-06,3.436954966886043e-06,5.0205778760290605e-06,1.0438556129126293e-05,-1.3217933614774041e-05
-2.139685745758795e-11,-4.681789130949803e-06,3.436954795156442e-06,4.9192630411202284e-06,1.0451459889038445e-05,-1.3270019163915121e-05
-2.1396814426607642e-11,-4.6817888969019395e-06,3.436954623046107e-06,4.8171909407460785e-06,1.0464070363371029e-05,-1.3321744038194933e-05
-2.1396834858233738e-11,-4.681788662709044e-06,3.4369544512769488e-06,4.714360386968608e-06,1.0476387464862554e-05,-1.3373107905987077e-05
-2.1396822697849075e-11,-4.681788428799507e-06,3.436954279560038e-06,4.610770204062115e-06,1.0488411117381497e-05,-1.342411050300021e-05
-2.1396841904527684e-11,-4.681788194665065e-06,3.436954107451172e-06,4.506419226181759e-06,1.0500141256523047e-05,-1.3474751630224127e-05
-2.1396832632189794e-11,-4.681787960468124e-06,3.4369539355994937e-06,4.401306298362746e-06,1.0511577828956854e-05,-1.3525031154984471e-05
-2.1396853601049642e-11,-4.681787726230716e-06,3.436953763604954e-06,4.295430274188869e-06,1.0522720792538042e-05,-1.3574949009624346e-05
-2.1396840648723278e-11,-4.681787492242655e-06,3.4369535919190504e-06,4.188790017679877e-06,1.053357011617538e-05,-1.3624505191740233e-05
-2.139681822925018e-11,-4.681787257958761e-06,3.436953419751895e-06,4.081384399627755e-06,1.0544125779775773e-05,-1.3673699763099524e-05
-2.139680082497414e-11,-4.681787023786804e-06,3.436953247851167e-06,3.973212299484093e-06,1.0554387774306706e-05,-1.3722532850001344e-05
-2.1396819087063946e-11,-4.681786789645289e-06,3.4369530759864474e-06,3.864272602695554e-06,1.0564356101137055e-05,-1.377100464254102e-05
-2.1396839987187525e-11,-4.681786555813943e-06,3.436952904065938e-06,3.7545642019251184e-06,1.0574030772488116e-05,-1.3819115393957831e-05
-2.1396850241810784e-11,-4.68178632166646e-06,3.4369527322551085e-06,3.6440859960528942e-06,1.058341181135034e-05,-1.386686542088481e-05
-2.139682490837377e-11,-4.681786087573415e-06,3.4369525602699784e-06,3.532836887844632e-06,1.0592499251073933e-05,-1.391425510232177e-05
-2.139684132922911e-11,-4.681785853363508e-06,3.436952388252172e-06,3.420815785061964e-06,1.0601293135334168e-05,-1.3961284879371643e-05
-2.1396811046617353e-11,-4.68178561927972e-06,3.4369522164884964e-06,3.308021599130129e-06,1.0609793517944039e-05,-1.4007955255420875e-05
-2.1396811168325958e-11,-4.681785385125367e-06,3.4369520447708775e-06,3.1944532445828665e-06,1.061800046340243e-05,-1.4054266794585125e-05
-2.1396792573661957e-11,-4.681785151000986e-06,3.4369518727467385e-06,3.0801096380632094e-06,1.062591404590186e-05,-1.4100220122347628e-05
-2.1396838376007974e-11,-4.681784916859551e-06,3.436951700626278e-06,2.9649896984345166e-06,1.0633534349890522e-05,-1.4145815924851442e-05
-2.1396819729410863e-11,-4.6817846828000395e-06,3.4369515290687284e-06,2.8490923447820695e-06,1.0640861469315958e-05,-1.4191054947941864e-05
-2.1396814585881036e-11,-4.681784448781233e-06,3.4369513572625996e-06,2.732416497190221e-06,1.0647895508485477e-05,-1.4235937997541135e-05
-2.1396798096352413e-11,-4.681784214765672e-06,3.4369511852786757e-06,2.6149610747440054e-06,1.0654636580955936e-05,-1.4280465938621487e-05
-2.1396821440899185e-11,-4.681783980603752e-06,3.436951013322871e-06,2.496724995529136e-06,1.0661084810081909e-05,-1.4324639695288397e-05
-2.1396838967508655e-11,-4.681783746359256e-06,3.436950841515263e-06,2.3777071759658683e-06,1.06672403286063e-05,-1.436846024994793e-05
-2.139680952995751e-11,-4.681783512461315e-06,3.436950669536187e-06,2.2579065289216226e-06,1.0673103278875446e-05,-1.4411928642696103e-05
-2.1396773954304608e-11,-4.681783278353072e-06,3.4369504978322376e-06,2.137321965376329e-06,1.0678673812339519e-05,-1.4455045971985028e-05
-2.1396825526654346e-11,-4.6817830442040855e-06,3.4369503259521468e-06,2.0159523907586774e-06,1.0683952089739871e-05,-1.4497813392319187e-05
-2.1396816189797418e-11,-4.68178281015914e-06,3.4369501543252e-06,1.893796706056351e-06,1.0688938280824559e-05,-1.4540232116004043e-05
-2.1396818257800273e-11,-4.681782576050275e-06,3.4369499827203095e-06,1.7708538071498917e-06,1.0693632564563427e-05,-1.4582303410883947e-05
-2.1396817088804617e-11,-4.68178234189952e-06,3.436949810537535e-06,1.6471225827032703e-06,1.0698035128620773e-05,-1.4624028601285832e-05
-2.1396803538197257e-11,-4.681782107786774e-06,3.4369496387664597e-06,1.5226019141639034e-06,1.0702146169355337e-05,-1.4665409066242859e-05
-2.1396792227258495e-11,-4.681781873883058e-06,3.436949467063885e-06,1.3972906755405905e-06,1.0705965891896635e-05,-1.4706446240410335e-05
-2.139678359156355e-11,-4.6817816397607e-06,3.4369492951692696e-06,1.2711877314051294e-06,1.0709494510242109e-05,-1.474714161234488e-05
-2.1396783870039702e-11,-4.681781405613429e-06,3.4369491233340254e-06,1.1442919375584392e-06,1.0712732246348119e-05,-1.4787496725475867e-05
-2.139677330505472e-11,-4.681781171488416e-06,3.436948951343358e-06,1.0166021381439853e-06,1.0715679330900186e-05,-1.4827513176675998e-05
-2.1396805853537294e-11,-4.681780937633592e-06,3.4369487790960274e-06,8.881171668690271e-07,1.0718336002799485e-05,-1.4867192615733957e-05
-2.139678138088419e-11,-4.681780703650263e-06,3.43694860748248e-06,7.588358452282684e-07,1.0720702508767358e-05,-1.490653674578462e-05
-2.1396802468977865e-11,-4.681780469692564e-06,3.4369484356527335e-06,6.287569821707725e-07,1.0722779104053064e-05,-1.4945547322073919e-05
-2.1396790396187085e-11,-4.681780235750133e-06,3.436948263634965e-06,4.978793717685112e-07,1.0724566051372132e-05,-1.498422615177844e-05
-2.139678261310874e-11,-4.681780001555395e-06,3.4369480918695616e-06,3.662017951037445e-07,1.0726063621787614e-05,-1.5022575093866639e-05
-2.1396770477027248e-11,-4.681779767586919e-06,3.4369479199273134e-06,2.337230167162915e-07,1.0727272093468007e-05,-1.5060596058321685e-05
-2.1396776127051276e-11,-4.681779533439133e-06,3.436947747948735e-06,1.0044178504764163e-07,1.0728191752568511e-05,-1.5098291006085938e-05
-2.1396755688545232e-11,-4.681779299333386e-06,3.436947576206262e-06,-3.3643168114168507e-08,1.072882289275223e-05,-1.51356619478536e-05
-2.139677928768704e-11,-4.681779065443267e-06,3.436947404395176e-06,-1.6853312996602473e-07,1.0729165814766921e-05,-1.5172710944764578e-05
-2.1396775505933885e-11,-4.681778831573335e-06,3.4369472326254537e-06,-3.0422940602359064e-07,1.0729220826764162e-05,-1.5209440107363664e-05
-2.1396770003682997e-11,-4.681778597429354e-06,3.436947060981696e-06,-4.407333206764221e-07,1.072898824410508e-05,-1.524585159479562e-05
-2.1396776544949368e-11,-4.6817783633774745e-06,3.4369468889466922e-06,-5.780462208517132e-07,1.0728468389214636e-05,-1.528194761524925e-05
-2.1396783633107752e-11,-4.681778129226736e-06,3.4369467166618543e-06,-7.161694735717882e-07,1.0727661591255485e-05,-1.531773042506925e-05
-2.1396771840038517e-11,-4.681777895352887e-06,3.4369465447393674e-06,-8.551044693958024e-07,1.072656818598228e-05,-1.5353202328617392e-05
-2.1396745352542413e-11,-4.681777661145023e-06,3.436946373075006e-06,-9.94852621087465e-07,1.0725188516407786e-05,-1.5388365677162327e-05
-2.139679227746286e-11,-4.681777427110057e-06,3.436946201344238e-06,-1.1354153666126585e-06,1.0723522931498392e-05,-1.5423222869282014e-05
-2.1396771215248043e-11,-4.681777193151373e-06,3.436946029629991e-06,-1.2767941691394194e-06,1.072157178702758e-05,-1.545777635061395e-05
-2.1396756543874083e-11,-4.68177695918062e-06,3.4369458577936215e-06,-1.4189905173710107e-06,1.0719335444972243e-05,-1.549202861227307e-05
-2.1396789119038615e-11,-4.681776725050988e-06,3.4369456859393156e-06,-1.5620059272112562e-06,1.0716814273311473e-05,-1.5525982191656672e-05
-2.1396731336303272e-11,-4.681776491001182e-06,3.4369455142012116e-06,-1.7058419433188542e-06,1.0714008646220837e-05,-1.5559639671556224e-05
-2.139676745959119e-11,-4.681776256968475e-06,3.4369453424023674e-06,-1.8505001384412398e-06,1.0710918943829526e-05,-1.5593003679588394e-05
-2.1396760034675478e-11,-4.681776022906691e-06,3.436945170668561e-06,-1.9959821155240085e-06,1.0707545551915037e-05,-1.5626076888652992e-05
-2.1396759668606194e-11,-4.681775788849192e-06,3.4369449988811354e-06,-2.1422895088211394e-06,1.0703888862090533e-05,-1.5658862015142746e-05
-2.139673501305992e-11,-4.681775554682168e-06,3.4369448269058965e-06,-2.2894239838949953e-06,1.0699949271471777e-05,-1.569136182013679e-05
-2.1396744510733667e-11,-4.681775320521636e-06,3.436944655182881e-06,-2.4373872389485852e-06,1.069572718228855e-05,-1.5723579107638168e-05
-2.139674369688603e-11,-4.681775086579526e-06,3.436944483277121e-06,-2.5861810062688646e-06,1.0691223002405069e-05,-1.5755516725198353e-05
-2.139676781176503e-11,-4.681774852630933e-06,3.4369443112503444e-06,-2.7358070534479646e-06,1.068643714477183e-05,-1.5787177563500897e-05
-2.1396757350127756e-11,-4.6817746184782965e-06,3.4369441393801173e-06,-2.886267181828886e-06,1.0681370027078646e-05,-1.5818564554807125e-05
-2.1396743224044317e-11,-4.681774384279148e-06,3.4369439675063677e-06,-3.0375632318345787e-06,1.0676022072087728e-05,-1.5849680674413295e-05
-2.139676457481696e-11,-4.681774150238768e-06,3.436943795765076e-06,-3.1896970800813466e-06,1.0670393707175715e-05,-1.588052893855504e-05
-2.1396758601971884e-11,-4.681773916042645e-06,3.4369436240880964e-06,-3.342670642487479e-06,1.0664485364410011e-05,-1.5911112405531495e-05
-2.1396733702208543e-11,-4.681773681708973e-06,3.4369434521724836e-06,-3.496485873940184e-06,1.0658297480236516e-05,-1.5941434174359123e-05
-2.1396725936468e-11,-4.681773447659517e-06,3.436943280307148e-06,-3.651144770516031e-06,1.0651830495243734e-05,-1.597149738491049e-05
-2.1396755446004315e-11,-4.681773213556834e-06,3.436943108292751e-06,-3.806649370813218e-06,1.0645084854329288e-05,-1.6001305217484077e-05
-2.1396734969198774e-11,-4.6817729796100595e-06,3.436942936554822e-06,-3.963001753731122e-06,1.0638061006346041e-05,-1.6030860891707908e-05
-2.1396737368784115e-11,-4.681772745657698e-06,3.4369427648168275e-06,-4.120204044021425e-06,1.0630759404011903e-05,-1.6060167668329787e-05
-2.1396735355033894e-11,-4.681772511221825e-06,3.436942592674447e-06,-4.278258409623561e-06,1.06231805036045e-05,-1.6089228846094806e-05
-2.139673736092068e-11,-4.681772277546974e-06,3.4369424207411053e-06,-4.437167065883585e-06,1.0615324765058348e-05,-1.6118047763535552e-05
-2.13967542547527e-11,-4.681772043199844e-06,3.4369422491771895e-06,-4.596932272667562e-06,1.0607192651645642e-05,-1.6146627797681504e-05
-2.1396712080258818e-11,-4.681771809105755e-06,3.4369420771770885e-06,-4.7575563385804545e-06,1.0598784629872186e-05,-1.61749723641839e-05
-2.1396755469800776e-11,-4.681771575072967e-06,3.4369419049917287e-06,-4.919041621632218e-06,1.0590101169442698e-05,-1.6203084916385942e-05
-2.1396727278998133e-11,-4.681771341038303e-06,3.436941733193628e-06,-5.0813905282386165e-06,1.0581142742504476e-05,-1.6230968945752997e-05
-2.1396731963320264e-11,-4.681771106677746e-06,3.436941561443462e-06,-5.244605515885759e-06,1.0571909824584137e-05,-1.625862798109544e-05
-2.1396724266625312e-11,-4.68177087262395e-06,3.4369413897281156e-06,-5.408689093796235e-06,1.0562402893179037e-05,-1.628606558874907e-05
-2.1396718894271533e-11,-4.681770638266925e-06,3.4369412179587646e-06,-5.5736438245944325e-06,1.0552622428707904e-05,-1.6313285371076282e-05
-2.139674684585348e-11,-4.681770404072389e-06,3.436941046182027e-06,-5.739472322752248e-06,1.054256891334509e-05,-1.634029096781225e-05
-2.1396716239412086e-11,-4.681770170095117e-06,3.436940874097814e-06,-5.90617725936303e-06,1.0532242831756102e-05,-1.6367086054802005e-05
-2.1396706402901485e-11,-4.6817699359336206e-06,3.4369407022996385e-06,-6.0737613599211275e-06,1.0521644670091474e-05,-1.639367434334821e-05
-2.1396713488059827e-11,-4.681769701826489e-06,3.436940530394251e-06,-6.2422274072084905e-06,1.0510774916410026e-05,-1.642005958104381e-05
-2.1396725072826983e-11,-4.681769467907432e-06,3.4369403582846494e-06,-6.411578240517496e-06,1.0499634060436018e-05,-1.6446245550634033e-05
-2.1396712794609417e-11,-4.681769233765477e-06,3.4369401864734545e-06,-6.581816759314684e-06,1.048822259287219e-05,-1.6472236069752753e-05
-2.139674034332988e-11,-4.681768999560115e-06,3.4369400147098383e-06,-6.752945921020323e-06,1.0476541005850796e-05,-1.6498034991269394e-05
-2.1396726803389133e-11,-4.681768765474156e-06,3.436939842919395e-06,-6.924968744228047e-06,1.046458979235074e-05,-1.652364620203994e-05
-2.139672787888641e-11,-4.681768531395663e-06,3.4369396709677578e-06,-7.097888308704858e-06,1.0452369446266967e-05,-1.6549073623656346e-05
-2.1396694058379712e-11,-4.681768297439193e-06,3.4369394990780794e-06,-7.271707756723392e-06,1.043988046185535e-05,-1.6574321211308532e-05
-2.1396707082316643e-11,-4.681768063212784e-06,3.436939327069675e-06,-7.446430293617029e-06,1.0427123333822903e-05,-1.6599392953839916e-05
-2.139671644727265e-11,-4.68176782927669e-06,3.4369391554525006e-06,-7.622059188557053e-06,1.0414098557168173e-05,-1.6624292873830658e-05
-2.1396705009345793e-11,-4.681767595425847e-06,3.4369389838155124e-06,-7.798597774996741e-06,1.040080662680656e-05,-1.6649025026085e-05
-2.139670289993687e-11,-4.681767361133381e-06,3.4369388118823326e-06,-7.976049454335085e-06,1.038724803750786e-05,-1.667359349907454e-05
-2.1396685229888046e-11,-4.681767126986683e-06,3.43693863978613e-06,-8.154417692253083e-06,1.0373423283452174e-05,-1.669800241341167e-05
-2.1396678963172204e-11,-4.681766892916088e-06,3.4369384680088658e-06,-8.333706022821538e-06,1.0359332858181346e-05,-1.672225592168305e-05
-2.139671141885509e-11,-4.6817666587090045e-06,3.4369382960288187e-06,-8.513918048612092e-06,1.0344977254598953e-05,-1.6746358208810435e-05
-2.139669334129984e-11,-4.681766424722588e-06,3.4369381239997195e-06,-8.695057440697224e-06,1.0330356964290305e-05,-1.6770313490773895e-05
-2.1396682317813166e-11,-4.681766190914569e-06,3.4369379518508537e-06,-8.877127939427405e-06,1.031547247759183e-05,-1.679412601520858e-05
-2.1396681377679797e-11,-4.6817659567449345e-06,3.43693778045339e-06,-9.060133356651532e-06,1.03003242832927e-05,-1.681780006048877e-05
-2.1396677499040616e-11,-4.681765722708891e-06,3.436937608470829e-06,-9.244077574384697e-06,1.028491286855851e-05,-1.6841339936060953e-05
-2.1396687860661512e-11,-4.681765488454464e-06,3.436937436426981e-06,-9.428964546029387e-06,1.026923871861903e-05,-1.686474998116705e-05
-2.1396681410410477e-11,-4.68176525443726e-06,3.436937264610611e-06,-9.614798298484932e-06,1.0253302316060433e-05,-1.6888034565052594e-05
-2.1396691764236415e-11,-4.681765020365445e-06,3.4369370929110716e-06,-9.801582930815236e-06,1.0237104141533066e-05,-1.6911198087147133e-05
-2.1396681241641424e-11,-4.6817647863452055e-06,3.436936921306765e-06,-9.989322615136949e-06,1.0220644672502448e-05,-1.6934244975856875e-05
-2.1396674671332784e-11,-4.681764552031185e-06,3.4369367491419325e-06,-1.0178021597396624e-05,1.0203924383741932e-05,-1.6957179688439767e-05
-2.139667681085189e-11,-4.6817643176781785e-06,3.4369365776918104e-06,-1.0367684197925825e-05,1.0186943747041289e-05,-1.6980006710922233e-05
-2.139666343384184e-11,-4.681764083769484e-06,3.436936405928447e-06,-1.0558314812329325e-05,1.0169703230165837e-05,-1.700273055744693e-05
-2.1396686058779614e-11,-4.681763849791791e-06,3.4369362340901802e-06,-1.074991790993076e-05,1.0152203297793229e-05,-1.7025355770244977e-05
-2.1396684076256692e-11,-4.681763615694013e-06,3.436936062260124e-06,-1.0942498035549004e-05,1.0134444409861982e-05,-1.7047886918289816e-05
-2.13966702013787e-11,-4.6817633814737445e-06,3.436935890625381e-06,-1.113605980949818e-05,1.0116427022799658e-05,-1.7070328598365797e-05
-2.1396708298951275e-11,-4.681763147351742e-06,3.4369357187672618e-06,-1.1330607927587633e-05,1.0098151588017132e-05,-1.709268543351387e-05
-2.1396691877947092e-11,-4.6817629132260395e-06,3.436935546909855e-06,-1.1526147159789689e-05,1.0079618552442876e-05,-1.711496207269852e-05
-2.1396687142035692e-11,-4.681762679141383e-06,3.4369353751577313e-06,-1.1722682353792338e-05,1.0060828357516839e-05,-1.713716319075224e-05
-2.1396667812406023e-11,-4.681762445067571e-06,3.4369352033159335e-06,-1.1920218430003261e-05,1.0041781439613693e-05,-1.7159293487265336e-05
-2.1396658065848832e-11,-4.681762210811133e-06,3.436935031257244e-06,-1.211876038576865e-05,1.0022478229480801e-05,-1.7181357686905092e-05
-2.1396663996310928e-11,-4.681761976673867e-06,3.436934859181626e-06,-1.2318313291598476e-05,1.0002919151731679e-05,-1.720336053829168e-05
-2.1396661026909116e-11,-4.681761742619927e-06,3.436934687176334e-06,-1.2518882293164858e-05,9.98310462483904e-06,-1.722530681348468e-05
-2.1396678473456576e-11,-4.681761508628301e-06,3.4369345156588773e-06,-1.2720472609969818e-05,9.963035060503374e-06,-1.7247201307372464e-05
-2.1396683110917265e-11,-4.6817612744276345e-06,3.4369343438549665e-06,-1.2923089533679942e-05,9.942710863791695e-06,-1.7269048837366883e-05
-2.1396652562325915e-11,-4.6817610404110845e-06,3.436934172161209e-06,-1.3126738429236594e-05,9.922132432464508e-06,-1.7290854242348552e-05
-2.13966772702608e-11,-4.681760806316611e-06,3.436934000201056e-06,-1.3331424732635477e-05,9.901300156920256e-06,-1.731262238204236e-05
-2.139664463064982e-11,-4.681760572443146e-06,3.4369338281703023e-06,-1.353715395003845e-05,9.8802144193835e-06,-1.733435813686481e-05
-2.13966688082797e-11,-4.681760338590181e-06,3.4369336563864924e-06,-1.374393165688534e-05,9.85887559420327e-06,-1.7356066405675827e-05
-2.1396655807822295e-11,-4.681760104373863e-06,3.4369334843545807e-06,-1.3951763496228624e-05,9.83728404717305e-06,-1.7377752107333068e-05
-2.1396630313544554e-11,-4.681759870314547e-06,3.436933312734176e-06,-1.4160655177512168e-05,9.81544013517691e-06,-1.7399420177375136e-05
-2.139665652427178e-11,-4.681759635997514e-06,3.436933140957589e-06,-1.4370612475683055e-05,9.793344205898048e-06,-1.742107556839628e-05
-2.139664575827663e-11,-4.681759402108645e-06,3.4369329689537767e-06,-1.458164122697273e-05,9.770996597603693e-06,-1.744272324918598e-05
-2.1396672412884676e-11,-4.681759168175592e-06,3.4369327968218198e-06,-1.4793747329341096e-05,9.748397638694074e-06,-1.7464368203521598e-05
-2.139668947918355e-11,-4.68175893400115e-06,3.436932624934989e-06,-1.5006936738812754e-05,9.725547646758724e-06,-1.7486015428322606e-05
-2.1396644021811463e-11,-4.6817586997250805e-06,3.4369324531064656e-06,-1.522121546736761e-05,9.702446929305057e-06,-1.7507669933983695e-05
-2.139665412928873e-11,-4.681758465779688e-06,3.4369322812064704e-06,-1.543658958027632e-05,9.679095782863247e-06,-1.7529336741807352e-05
-2.1396643678689507e-11,-4.68175823178071e-06,3.4369321093927327e-06,-1.565306519299165e-05,9.655494492271523e-06,-1.7551020883740228e-05
-2.1396654369721098e-11,-4.681757997751771e-06,3.436931937433921e-06,-1.5870648467706814e-05,9.631643330724726e-06,-1.7572727400277568e-05
-2.1396615023480122e-11,-4.68175776347659e-06,3.436931765784831e-06,-1.6089345609691705e-05,9.607542559219196e-06,-1.7594461339380785e-05
-2.13966352657543e-11,-4.681757529357961e-06,3.436931593881158e-06,-1.630916286518349e-05,9.583192426400112e-06,-1.76162277551174e-05
-2.1396637823369374e-11,-4.681757295306934e-06,3.4369314218432662e-06,-1.6530106514170137e-05,9.558593167465137e-06,-1.763803170612066e-05
-2.139663037336449e-11,-4.681757061285047e-06,3.43693125004399e-06,-1.675218286861408e-05,9.533745004608503e-06,-1.7659878252841723e-05
-2.1396628986213185e-11,-4.6817568271702155e-06,3.436931078056806e-06,-1.6975398266790053e-05,9.508648146250774e-06,-1.7681772457521927e-05
-2.1396621884342702e-11,-4.6817565930970515e-06,3.4369309062645425e-06,-1.719975906784501e-05,9.483302786365786e-06,-1.770371938068171e-05
-2.1396633185214806e-11,-4.681756358874073e-06,3.436930734339131e-06,-1.7425271645802915e-05,9.457709104438978e-06,-1.772572408023245e-05
-2.1396644229648325e-11,-4.68175612503137e-06,3.4369305625733466e-06,-1.7651942384679746e-05,9.431867264912294e-06,-1.7747791608576017e-05
-2.1396619136598278e-11,-4.681755890799803e-06,3.436930390893173e-06,-1.787977767126705e-05,9.405777416601284e-06,-1.7769927010675794e-05
-2.139661635041163e-11,-4.681755656936729e-06,3.436930218712345e-06,-1.8108783888803674e-05,9.379439692597965e-06,-1.7792135321961117e-05
-2.139660157045625e-11,-4.681755422871673e-06,3.436930046940689e-06,-1.8338967408982118e-05,9.352854209368744e-06,-1.781442156471909e-05
-2.1396610132026633e-11,-4.681755188591158e-06,3.436929875100528e-06,-1.8570334584066006e-05,9.326021066636442e-06,-1.7836790747081522e-05
-2.139662970794844e-11,-4.681754954600282e-06,3.436929703401471e-06,-1.8802891739229486e-05,9.2989403469015e-06,-1.7859247858348117e-05
-2.1396616790279604e-11,-4.681754720393523e-06,3.4369295315180663e-06,-1.903664516278729e-05,9.271612114692554e-06,-1.7881797867612623e-05
-2.139663865369192e-11,-4.681754486341204e-06,3.436929359821028e-06,-1.927160109686885e-05,9.24403641661501e-06,-1.7904445719169272e-05
-2.1396638383440658e-11,-4.681754252139235e-06,3.436929187995333e-06,-1.9507765726871157e-05,9.216213280393437e-06,-1.7927196330181363e-05
-2.1396602838251086e-11,-4.6817540180115735e-06,3.4369290159031205e-06,-1.9745145170467578e-05,9.188142714649512e-06,-1.7950054586184876e-05
-2.1396599116505126e-11,-4.6817537840152905e-06,3.436928843918733e-06,-1.9983745467060685e-05,9.159824708360773e-06,-1.79730253380215e-05
-2.1396620062374833e-11,-4.681753549818384e-06,3.436928672064569e-06,-2.022357256334939e-05,9.131259230374872e-06,-1.7996113397536558e-05
-2.1396586022118534e-11,-4.6817533159246575e-06,3.436928500231439e-06,-2.0464632301560536e-05,9.102446228882182e-06,-1.8019323533290797e-05
-2.1396614842461694e-11,-4.681753081655851e-06,3.436928328428703e-06,-2.070693040512704e-05,9.07338563131865e-06,-1.8042660465717085e-05
-2.1396637580281287e-11,-4.681752847536108e-06,3.436928156398058e-06,-2.0950472463255775e-05,9.044077343241656e-06,-1.8066128863206885e-05
-2.1396593421729715e-11,-4.681752613424178e-06,3.436927984469843e-06,-2.1195263915717462e-05,9.014521248253667e-06,-1.8089733336017958e-05
-2.1396635903722886e-11,-4.681752379428767e-06,3.43692781279147e-06,-2.1441310034528063e-05,8.984717207287487e-06,-1.8113478431666986e-05
-2.1396627051051047e-11,-4.681752145056445e-06,3.436927640903882e-06,-2.168861590785045e-05,8.95466505875196e-06,-1.8137368628809504e-05
-2.1396607807496533e-11,-4.681751911202913e-06,3.4369274689263713e-06,-2.1937186419677364e-05,8.924364617040068e-06,-1.8161408331327983e-05
-2.1396616684396375e-11,-4.681751677084004e-06,3.436927297270196e-06,-2.2187026229847354e-05,8.893815672938292e-06,-1.8185601862211812e-05
-2.1396615901318406e-11,-4.681751442990108e-06,3.4369271255233453e-06,-2.2438139752839534e-05,8.863017992322057e-06,-1.820995345668782e-05
-2.1396596652185175e-11,-4.681751208907266e-06,3.436926953678999e-06,-2.269053113390375e-05,8.831971316717749e-06,-1.8234467254878983e-05
-2.1396580207212038e-11,-4.681750974769374e-06,3.436926782127676e-06,-2.294420422707814e-05,8.80067536190102e-06,-1.8259147294712935e-05
-2.1396592969549006e-11,-4.681750740762254e-06,3.436926610392609e-06,-2.319916256698948e-05,8.769129818097964e-06,-1.8283997503206768e-05
-2.1396588931344552e-11,-4.6817505064892475e-06,3.4369264384803118e-06,-2.3455409343318012e-05,8.737334348812401e-06,-1.8309021689375563e-05
-2.1396601917121952e-11,-4.681750272642095e-06,3.4369262665860577e-06,-2.3712947372708795e-05,8.705288591151956e-06,-1.8334223534226547e-05
-2.139660396455782e-11,-4.68175003851714e-06,3.4369260943480307e-06,-2.3971779066353155e-05,8.672992154835749e-06,-1.8359606581252917e-05
-2.1396603096925194e-11,-4.68174980445349e-06,3.436925922228081e-06,-2.4231906399013454e-05,8.640444622090248e-06,-1.8385174227704737e-05
-2.1396618115925567e-11,-4.681749570210385e-06,3.436925750626453e-06,-2.44933308758274e-05,8.607645546983091e-06,-1.8410929712598657e-05
-2.1396603549057235e-11,-4.68174933614924e-06,3.436925579044351e-06,-2.4756053494227346e-05,8.574594455318916e-06,-1.8436876107142286e-05
-2.1396587957935103e-11,-4.68174910196862e-06,3.436925407374703e-06,-2.5020074706969893e-05,8.541290844035631e-06,-1.8463016301314495e-05
-2.1396553538415963e-11,-4.681748868212524e-06,3.4369252354686945e-06,-2.5285394382389813e-05,8.507734181204335e-06,-1.8489352993595914e-05
-2.1396580012596945e-11,-4.681748634014146e-06,3.436925063594061e-06,-2.555201176165647e-05,8.473923905071697e-06,-1.8515888675897784e-05
-2.1396602880794623e-11,-4.681748399873855e-06,3.4369248916318835e-06,-2.5819925412144394e-05,8.439859424219451e-06,-1.8542625620905497e-05
-2.1396599432946332e-11,-4.6817481657860005e-06,3.4369247198934157e-06,-2.6089133182691313e-05,8.405540117064723e-06,-1.8569565867687453e-05
-2.139658756170198e-11,-4.6817479317537966e-06,3.436924547942353e-06,-2.6359632151528595e-05,8.370965332186065e-06,-1.8596711205374896e-05
-2.1396574120294183e-11,-4.681747697476994e-06,3.4369243761258598e-06,-2.6631418572990534e-05,8.336134387039682e-06,-1.8624063158340564e-05
-2.139657333033647e-11,-4.681747463349041e-06,3.4369242041496934e-06,-2.6904487824556678e-05,8.301046568750369e-06,-1.8651622967671963e-05
-2.139660610960535e-11,-4.6817472290584196e-06,3.4369240322539943e-06,-2.7178834343902134e-05,8.265701133750572e-06,-1.8679391574254492e-05
-2.1396574397743366e-11,-4.68174699504491e-06,3.436923860544843e-06,-2.7454451570277744e-05,8.230097307051711e-06,-1.870736959992555e-05
-2.139658140351458e-11,-4.681746761084174e-06,3.4369236891606346e-06,-2.7731331877452575e-05,8.194234283090615e-06,-1.8735557326463713e-05
-2.1396578321230166e-11,-4.68174652692521e-06,3.43692351729276e-06,-2.8009466504102887e-05,8.158111225791829e-06,-1.876395467535509e-05
-2.139657147236326e-11,-4.681746292542405e-06,3.4369233456609203e-06,-2.8288845482979832e-05,8.121727267228322e-06,-1.8792561185575154e-05
-2.1396566904702606e-11,-4.681746058588857e-06,3.436923173669165e-06,-2.856945756252769e-05,8.08508150974462e-06,-1.882137599027422e-05
-2.1396579853527328e-11,-4.681745824524663e-06,3.436923001870753e-06,-2.8851290127280787e-05,8.048173024575854e-06,-1.885039779189478e-05
-2.139657193318742e-11,-4.681745590440315e-06,3.4369228299991133e-06,-2.9134329113375478e-05,8.011000853027213e-06,-1.887962483677535e-05
-2.1396567688547104e-11,-4.681745356125874e-06,3.4369226578440107e-06,-2.9418558918510993e-05,7.97356400663338e-06,-1.8909054887631022e-05
-2.1396569954160238e-11,-4.681745122303151e-06,3.436922486176111e-06,-2.970396230935677e-05,7.935861467130645e-06,-1.8938685195548274e-05
-2.13965739826113e-11,-4.681744888242063e-06,3.4369223140255786e-06,-2.999052032141027e-05,7.897892188364882e-06,-1.8968512469773325e-05
-2.139658533126314e-11,-4.681744654024343e-06,3.4369221424495404e-06,-3.0278212157189417e-05,7.85965509484814e-06,-1.8998532845640756e-05
-2.1396546901704437e-11,-4.6817444199553345e-06,3.4369219706384718e-06,-3.056701507743074e-05,7.821149084978038e-06,-1.9028741852613233e-05
-2.139655580757826e-11,-4.681744185923366e-06,3.436921798653947e-06,-3.0856904286181123e-05,7.782373030066186e-06,-1.9059134378865652e-05
-2.139653521349564e-11,-4.6817439519572754e-06,3.436921626758462e-06,-3.114785281255903e-05,7.743325775899196e-06,-1.9089704635328093e-05
-2.1396597233884276e-11,-4.681743717856365e-06,3.4369214552408463e-06,-3.143983138452199e-05,7.704006144584225e-06,-1.912044611718911e-05
-2.139658445695951e-11,-4.681743483734531e-06,3.43692128367795e-06,-3.1732808298082316e-05,7.664412935110782e-06,-1.915135156449701e-05
-2.1396544560412545e-11,-4.681743249440005e-06,3.4369211114350985e-06,-3.20267492823038e-05,7.624544925092166e-06,-1.9182412919860654e-05
-2.1396574337828047e-11,-4.681743015483709e-06,3.4369209399305135e-06,-3.232161735108688e-05,7.5844008723403865e-06,-1.921362128567848e-05
-2.139654426954421e-11,-4.681742781459383e-06,3.436920768074037e-06,-3.261737265806238e-05,7.543979517058515e-06,-1.9244966877245792e-05
-2.1396538594513796e-11,-4.68174254730672e-06,3.4369205963629437e-06,-3.2913972337718454e-05,7.5032795839082836e-06,-1.927643897636169e-05
-2.139654128385522e-11,-4.681742313229282e-06,3.4369204245476924e-06,-3.321137034153158e-05,7.462299783709781e-06,-1.9308025880564495e-05
-2.1396561115973827e-11,-4.681742079205176e-06,3.436920252665203e-06,-3.3509517269878664e-05,7.4210388166677796e-06,-1.9339714852200674e-05
-2.1396533795797655e-11,-4.681741845201905e-06,3.4369200808685595e-06,-3.380836019306891e-05,7.379495374577983e-06,-1.9371492063663502e-05
-2.1396549462603763e-11,-4.681741611301389e-06,3.436919908894369e-06,-3.4107842466935715e-05,7.337668144448805e-06,-1.9403342541840708e-05
-2.139655445602228e-11,-4.681741377125837e-06,3.4369197371069227e-06,-3.4407903543210355e-05,7.295555811255814e-06,-1.9435250109259227e-05
-2.1396520481542586e-11,-4.681741143211247e-06,3.4369195652742322e-06,-3.4708478768127445e-05,7.2531570618479395e-06,-1.946719732370341e-05
-2.139652456939423e-11,-4.6817409092069145e-06,3.436919393532647e-06,-3.500949917758862e-05,7.210470589027232e-06,-1.949916541568219e-05
-2.1396528413719803e-11,-4.681740675106975e-06,3.43691922163921e-06,-3.5310891284443614e-05,7.167495095496695e-06,-1.953113422289868e-05
-2.139654321565788e-11,-4.681740440993632e-06,3.4369190496698816e-06,-3.561257685744471e-05,7.124229298599193e-06,-1.956308212340137e-05
-2.139653830769286e-11,-4.681740207143885e-06,3.436918877628845e-06,-3.5914472694094955e-05,7.080671935354691e-06,-1.959498596627899e-05
-2.1396537679985192e-11,-4.681739972771819e-06,3.4369187057581327e-06,-3.621649038605785e-05,7.0368217678027975e-06,-1.9626820999649234e-05
-2.1396521380666078e-11,-4.681739738764412e-06,3.436918534126259e-06,-3.6518536079904085e-05,6.99267758905307e-06,-1.9658560798217235e-05
-2.1396524456314678e-11,-4.68173950461631e-06,3.436918362262657e-06,-3.682051022831038e-05,6.948238229335294e-06,-1.9690177187017743e-05
-2.139652332914594e-11,-4.6817392705351e-06,3.436918190436978e-06,-3.712230733826073e-05,6.903502562486933e-06,-1.9721640164643758e-05
-2.139653765250215e-11,-4.681739036303875e-06,3.436918018514884e-06,-3.742381571469572e-05,6.8584695139046485e-06,-1.975291782432418e-05
-2.139652715125393e-11,-4.681738802213077e-06,3.4369178466141995e-06,-3.7724917194835896e-05,6.813138067753362e-06,-1.9783976274043853e-05
-2.139649104609837e-11,-4.6817385681237114e-06,3.436917674880923e-06,-3.802548688394854e-05,6.767507274723482e-06,-1.9814779554804044e-05
-2.1396536901792005e-11,-4.681738333889578e-06,3.436917503209396e-06,-3.83253928858963e-05,6.72157626207795e-06,-1.9845289558202872e-05
-2.1396511413998388e-11,-4.681738099857384e-06,3.4369173313830723e-06,-3.862449603068827e-05,6.675344242179678e-06,-1.9875465943599427e-05
-2.1396507312886574e-11,-4.681737865773568e-06,3.436917159698891e-06,-3.892264960114288e-05,6.628810522614938e-06,-1.9905266054695063e-05
-2.139651843389257e-11,-4.6817376317285155e-06,3.436916987897877e-06,-3.921969906321443e-05,6.581974517107761e-06,-1.9934644836183984e-05
-2.1396528155981042e-11,-4.681737397574059e-06,3.4369168159992246e-06,-3.951548179310019e-05,6.534835756163737e-06,-1.9963554751417006e-05
-2.1396518065689393e-11,-4.681737163421334e-06,3.436916644008429e-06,-3.980982681222985e-05,6.4873938997608e-06,-1.9991945700412192e-05
-2.139652625961833e-11,-4.681736929504213e-06,3.4369164721582957e-06,-4.010255452469757e-05,6.439648749325316e-06,-2.0019764940058174e-05
-2.1396531583905782e-11,-4.68173669521414e-06,3.4369163005609327e-06,-4.039347646324282e-05,6.391600261227773e-06,-2.004695700613551e-05
-2.1396532767962397e-11,-4.68173646116168e-06,3.4369161288815094e-06,-4.0682395046111256e-05,6.34324856097935e-06,-2.007346363914039e-05
-2.139650022299717e-11,-4.68173622713391e-06,3.4369159571180534e-06,-4.096910334390777e-05,6.294593957296655e-06,-2.0099223712578747e-05
-2.1396497697752333e-11,-4.681735993073783e-06,3.4369157852780255e-06,-4.1253384861881486e-05,6.245636958192657e-06,-2.0124173167366394e-05
-2.1396478966143777e-11,-4.681735759176182e-06,3.4369156134748453e-06,-4.1535013342416996e-05,6.196378286491698e-06,-2.014824495043418e-05
-2.1396503001470503e-11,-4.681735525005524e-06,3.4369154417218005e-06,-4.181375258628824e-05,6.146818896808667e-06,-2.0171368961146284e-05
-2.139649562218964e-11,-4.681735291003168e-06,3.4369152695208963e-06,-4.208935629966969e-05,6.096959993145752e-06,-2.0193472004227083e-05
-2.1396492101372706e-11,-4.681735056915838e-06,3.436915098033252e-06,-4.2361567970679355e-05,6.046803046593406e-06,-2.0214477752652255e-05
-2.139650923692536e-11,-4.6817348228086275e-06,3.4369149262972643e-06,-4.263012077612002e-05,5.996349814974107e-06,-2.0234306719379953e-05
-2.139648460099323e-11,-4.681734588860323e-06,3.436914754329044e-06,-4.289473752863252e-05,5.945602361029169e-06,-2.0252876242432286e-05
-2.1396513959697756e-11,-4.681734354638444e-06,3.436914582462761e-06,-4.315513066204078e-05,5.894563073346419e-06,-2.027010048056551e-05
-2.1396500913150638e-11,-4.681734120634364e-06,3.4369144106655223e-06,-4.3411002265324614e-05,5.84323468645527e-06,-2.0285890425579505e-05
-2.1396493006629552e-11,-4.6817338864792105e-06,3.436914238496194e-06,-4.366204416510929e-05,5.791620301615789e-06,-2.030015392861603e-05
-2.1396487433655055e-11,-4.681733652401312e-06,3.4369140666492784e-06,-4.390793806977265e-05,5.739723407940969e-06,-2.0312795745108534e-05
-2.139648472830323e-11,-4.681733418275791e-06,3.436913894754781e-06,-4.414835576617663e-05,5.6875479046292425e-06,-2.0323717599479908e-05
-2.1396509092098728e-11,-4.681733184165287e-06,3.4369137230155066e-06,-4.4382959393559486e-05,5.635098121989826e-06,-2.033281826831148e-05
-2.139648371813494e-11,-4.681732950008036e-06,3.436913551290452e-06,-4.46114017804887e-05,5.582378843737955e-06,-2.033999368893587e-05
-2.1396476567040976e-11,-4.681732715825327e-06,3.4369133794118435e-06,-4.4833326863970477e-05,5.529395328554748e-06,-2.0345137089942746e-05
-2.1396494726490447e-11,-4.681732482138154e-06,3.436913207518417e-06,-4.5048370189827495e-05,5.476153331737427e-06,-2.0348139149148495e-05
-2.1396494270422413e-11,-4.681732248046913e-06,3.4369130356101784e-06,-4.5256159499341227e-05,5.4226591266137405e-06,-2.0348888176767822e-05
-2.1396487471456666e-11,-4.681732013787852e-06,3.436912863533693e-06,-4.545631540848685e-05,5.368919524839389e-06,-2.0347270330170863e-05
-2.1396487008789608e-11,-4.68173177973263e-06,3.4369126918035023e-06,-4.5648452182092253e-05,5.314941897091171e-06,-2.034316985568796e-05
-2.139647313139487e-11,-4.68173154562777e-06,3.4369125198582263e-06,-4.583217860780625e-05,5.260734192129568e-06,-2.0336469364387055e-05
-2.1396469567331965e-11,-4.681731311404397e-06,3.4369123480553506e-06,-4.600709897065298e-05,5.206304954612621e-06,-2.0327050136813707e-05
-2.139647119134266e-11,-4.681731077524272e-06,3.4369121757868304e-06,-4.617281413361284e-05,5.15166334237558e-06,-2.031479246446543e-05
-2.1396482137591986e-11,-4.6817308433682905e-06,3.436912004292265e-06,-4.6328922721343005e-05,5.096819141344694e-06,-2.0299576020631167e-05
-2.1396461342015002e-11,-4.681730609066183e-06,3.436911832510175e-06,-4.6475022409813505e-05,5.041782779625278e-06,-2.0281280266327437e-05
-2.139645909530716e-11,-4.681730374894582e-06,3.4369116603536287e-06,-4.661071131841688e-05,4.9865653390851975e-06,-2.0259784889402164e-05
-2.1396471262858738e-11,-4.6817301408336685e-06,3.4369114883968432e-06,-4.673558950610571e-05,4.9311785642808576e-06,-2.023497027397509e-05
-2.1396464489703927e-11,-4.681729906709077e-06,3.4369113165239073e-06,-4.684926055901287e-05,4.8756348698983756e-06,-2.0206718002740626e-05
-2.1396469158763327e-11,-4.681729672801506e-06,3.436911144920144e-06,-4.695133327566012e-05,4.8199473448990476e-06,-2.0174911386318177e-05
-2.1396461322476166e-11,-4.681729438579758e-06,3.4369109729930352e-06,-4.7041423431214935e-05,4.764129754083577e-06,-2.013943602094089e-05
-2.139649065449481e-11,-4.681729204380765e-06,3.4369108010819002e-06,-4.7119155619906935e-05,4.708196535729137e-06,-2.0100180369625246e-05
-2.1396464443369654e-11,-4.681728970461915e-06,3.436910629347131e-06,-4.7184165158284646e-05,4.6521627970302845e-06,-2.0057036363171996e-05
-2.1396493993722003e-11,-4.681728736280694e-06,3.4369104574257025e-06,-4.723610004365034e-05,4.5960443053940116e-06,-2.0009900019110937e-05
-2.1396462527927642e-11,-4.681728502262122e-06,3.436910285299982e-06,-4.7274622947578045e-05,4.539857475866436e-06,-1.9958672071914313e-05
-2.139646188991345e-11,-4.681728268466064e-06,3.4369101133961897e-06,-4.729941323041473e-05,4.483619355263558e-06,-1.9903258610676465e-05
-2.139646040347989e-11,-4.681728034316493e-06,3.4369099419551288e-06,-4.7310168960999515e-05,4.427347601659869e-06,-1.984357171800082e-05
-2.1396467750643485e-11,-4.681727800274298e-06,3.4369097700708553e-06,-4.730660892217215e-05,4.371060461365058e-06,-1.9779530105681124e-05
-2.139646606155551e-11,-4.681727566183805e-06,3.4369095984746975e-06,-4.72884745782007e-05,4.3147767396453216e-06,-1.9711059738253628e-05
-2.139645166544232e-11,-4.681727332288874e-06,3.436909426529167e-06,-4.725553199124999e-05,4.25851576975831e-06,-1.9638094440506638e-05
-2.1396460579198712e-11,-4.681727097967546e-06,3.4369092546497564e-06,-4.7207573658247055e-05,4.202297376284288e-06,-1.9560576479857553e-05
-2.1396449669719523e-11,-4.681726863819469e-06,3.4369090827513565e-06,-4.714442024915871e-05,4.146141836129015e-06,-1.94784571187264e-05
-2.1396441634981348e-11,-4.6817266296093465e-06,3.4369089112039853e-06,-4.706592222614201e-05,4.0900698338088734e-06,-1.939169712869022e-05
-2.139645427382619e-11,-4.681726395675723e-06,3.4369087393399856e-06,-4.697196132269566e-05,4.034102416506668e-06,-1.9300267258799406e-05
-2.1396453641899874e-11,-4.681726161396613e-06,3.4369085678722202e-06,-4.686245185938633e-05,3.978260942129399e-06,-1.920414865516957e-05
-2.1396420575960393e-11,-4.681725927299468e-06,3.4369083957719847e-06,-4.673734188260531e-05,3.922567027695178e-06,-1.9103333221398848e-05
-2.1396432522939005e-11,-4.681725693060925e-06,3.436908224095535e-06,-4.659661410548345e-05,3.867042492776007e-06,-1.8997823917063117e-05
-2.139644498565973e-11,-4.6817254592241e-06,3.4369080519220273e-06,-4.644028663753023e-05,3.8117093023918416e-06,-1.888763498858508e-05
-2.1396436196920497e-11,-4.68172522519227e-06,3.4369078801711535e-06,-4.626841348934169e-05,3.7565895072364525e-06,-1.877279212870282e-05
-2.139642187058203e-11,-4.681724990816802e-06,3.436907708054905e-06,-4.608108484649272e-05,3.7017051827265667e-06,-1.8653332560637878e-05
-2.139643687989277e-11,-4.6817247570085e-06,3.4369075362172825e-06,-4.587842710084558e-05,3.647078367075824e-06,-1.8529305045825146e-05
-2.1396423742695365e-11,-4.681724522805902e-06,3.436907364543535e-06,-4.566060263771988e-05,3.5927309994098545e-06,-1.8400769812428877e-05
-2.1396438059601207e-11,-4.681724288729707e-06,3.4369071926617728e-06,-4.542780938125623e-05,3.5386848572842237e-06,-1.8267798406532212e-05
-2.13964480384412e-11,-4.681724054866393e-06,3.436907020782833e-06,-4.518028009830582e-05,3.4849614950832327e-06,-1.8130473464362694e-05
-2.1396450056500175e-11,-4.6817238208472235e-06,3.4369068486224578e-06,-4.49182814655095e-05,3.431582183264801e-06,-1.7988888409550517e-05
-2.1396433615325467e-11,-4.681723586565917e-06,3.436906676719174e-06,-4.464211291544216e-05,3.378567849124648e-06,-1.7843147078167257e-05
-2.1396420712342857e-11,-4.681723352630753e-06,3.4369065047576747e-06,-4.4352105268261954e-05,3.325939020005992e-06,-1.7693363274043132e-05
-2.1396428239164047e-11,-4.681723118462632e-06,3.4369063332954854e-06,-4.404861916474034e-05,3.2737157676747335e-06,-1.753966026069098e-05
-2.1396410949026114e-11,-4.68172288449293e-06,3.4369061610658004e-06,-4.3732043325098237e-05,3.2219176566910134e-06,-1.7382170195332522e-05
-2.1396416650356983e-11,-4.6817226505803635e-06,3.436905989407312e-06,-4.340279264308461e-05,3.170563694560514e-06,-1.7221033510119996e-05
-2.1396428241375088e-11,-4.681722416669057e-06,3.436905817484903e-06,-4.306130614693952e-05,3.1196722864580157e-06,-1.7056398249434973e-05
-2.1396434135856055e-11,-4.681722182407459e-06,3.436905645952384e-06,-4.270804484056383e-05,3.0692611924004003e-06,-1.688841936913447e-05
-2.1396394755594242e-11,-4.681721948511687e-06,3.43690547376016e-06,-4.2343489456981304e-05,3.0193474897657405e-06,-1.671725800497477e-05
-2.139645959940107e-11,-4.68172171462505e-06,3.4369053021215827e-06,-4.196813814318876e-05,2.9699475376928976e-06,-1.654308072031583e-05
-2.139641314226802e-11,-4.6817214806073595e-06,3.4369051302228343e-06,-4.158250409926514e-05,2.9210769475558296e-06,-1.6366058737325143e-05
-2.1396427907916465e-11,-4.681721246523205e-06,3.436904958278067e-06,-4.118711319993895e-05,2.8727505568832225e-06,-1.6186367162921906e-05
-2.1396385476117692e-11,-4.681721012621958e-06,3.436904786228858e-06,-4.078250161582256e-05,2.824982406743977e-06,-1.600418421416612e-05
-2.139642871919331e-11,-4.681720778411401e-06,3.4369046142659697e-06,-4.0369213461292e-05,2.777785724635346e-06,-1.58196904509057e-05
-2.1396417783035157e-11,-4.681720544252128e-06,3.436904442398717e-06,-3.9947798481668604e-05,2.7311729103444125e-06,-1.563306802313393e-05
-2.1396434306440326e-11,-4.68172030985452e-06,3.4369042706084192e-06,-3.951880980723616e-05,2.685155527128374e-06,-1.544449993726223e-05
-2.139641373671801e-11,-4.681720075902805e-06,3.4369040987666274e-06,-3.908280178086581e-05,2.6397442949002832e-06,-1.5254169348718839e-05
-2.1396409180076024e-11,-4.681719841921781e-06,3.436903926999154e-06,-3.864032788300765e-05,2.5949490890250654e-06,-1.5062258884162567e-05
-2.139641506794172e-11,-4.681719607740909e-06,3.436903755002946e-06,-3.81919387581568e-05,2.550778941780212e-06,-1.4868949997627424e-05
-2.1396393726989557e-11,-4.681719373430772e-06,3.4369035831630086e-06,-3.773818035844808e-05,2.507242046977387e-06,-1.4674422364969697e-05
-2.1396390287566062e-11,-4.681719139477167e-06,3.436903411427236e-06,-3.7279592213038936e-05,2.464345768310394e-06,-1.4478853318657445e-05
-2.1396411628675678e-11,-4.6817189053225415e-06,3.4369032395335394e-06,-3.681670582161556e-05,2.422096650197907e-06,-1.4282417323943316e-05
-2.139639489025421e-11,-4.681718670919762e-06,3.4369030677402614e-06,-3.635004318934138e-05,2.380500431079362e-06,-1.408528550086142e-05
-2.1396383213567033e-11,-4.681718436848301e-06,3.436902895826664e-06,-3.588011549392234e-05,2.3395620599376165e-06,-1.3887625189550386e-05
-2.139638380232599e-11,-4.681718202545743e-06,3.436902724259856e-06,-3.540742188945155e-05,2.2992857136649703e-06,-1.3689599560970359e-05
-2.1396404507824806e-11,-4.6817179685772135e-06,3.4369025523830914e-06,-3.493244844958726e-05,2.2596748180653525e-06,-1.3491367272916713e-05
-2.1396382264584518e-11,-4.681717734500969e-06,3.4369023802740035e-06,-3.445566724384654e-05,2.220732068634743e-06,-1.3293082169665293e-05
-2.1396404541433116e-11,-4.6817175002101005e-06,3.436902208695807e-06,-3.397753554401711e-05,2.182459453916142e-06,-1.309489302504086e-05
-2.13964132811079e-11,-4.68171726618568e-06,3.4369020372062756e-06,-3.349849515724601e-05,2.144858280096752e-06,-1.2896943326966038e-05
-2.13964046474903e-11,-4.681717031952935e-06,3.43690186550066e-06,-3.301897188069745e-05,2.1079291960009718e-06,-1.2699371102435912e-05
-2.1396391339748897e-11,-4.681716797937387e-06,3.4369016935483863e-06,-3.2539375071896184e-05,2.0716722191347957e-06,-1.2502308779754229e-05
-2.1396373709335782e-11,-4.681716563905444e-06,3.436901521871134e-06,-3.206009732487518e-05,2.0360867622889775e-06,-1.2305883087143058e-05
-2.1396374251595442e-11,-4.681716329870185e-06,3.4369013500240063e-06,-3.158151425146146e-05,2.001171660565626e-06,-1.2110214984783755e-05
-2.1396410926865884e-11,-4.681716095413567e-06,3.4369011780145447e-06,-3.1103984354710546e-05,1.9669251987554122e-06,-1.1915419628290942e-05
-2.139639235153991e-11,-4.681715861402233e-06,3.4369010062090894e-06,-3.062784898871634e-05,1.9333451382916366e-06,-1.1721606360607937e-05
-2.1396376184951986e-11,-4.6817156273707265e-06,3.436900834475515e-06,-3.0153432400355495e-05,1.9004287447976909e-06,-1.1528878730741718e-05
-2.1396387760743618e-11,-4.681715393391361e-06,3.436900662858569e-06,-2.968104184030972e-05,1.8681728149511945e-06,-1.1337334536006612e-05
-2.1396384704302963e-11,-4.6817151593279805e-06,3.4369004909731167e-06,-2.9210967740590655e-05,1.8365737033239216e-06,-1.1147065885792336e-05
-2.1396364720674187e-11,-4.681714925427231e-06,3.4369003190692124e-06,-2.874348395201661e-05,1.8056273488367695e-06,-1.0958159285232606e-05
-2.1396355855074197e-11,-4.6817146915242825e-06,3.4369001472437455e-06,-2.8278848027097667e-05,1.7753293000351465e-06,-1.0770695734860889e-05
-2.1396364366153996e-11,-4.681714457388933e-06,3.4368999755109113e-06,-2.7817301553546868e-05,1.7456747412595843e-06,-1.058475084610056e-05
-2.139637525614094e-11,-4.681714223451249e-06,3.4368998033693147e-06,-2.7359070522652442e-05,1.7166585164745346e-06,-1.0400394968467827e-05
-2.139636496181638e-11,-4.681713989497645e-06,3.4368996316710073e-06,-2.6904365732178092e-05,1.688275153794597e-06,-1.021769332895933e-05
-2.1396392025188913e-11,-4.681713755329668e-06,3.4368994601397022e-06,-2.6453383216019555e-05,1.6605188882656195e-06,-1.0036706179155655e-05
-2.139636718151161e-11,-4.681713521282135e-06,3.4368992882810638e-06,-2.6006304695954697e-05,1.6333836849615935e-06,-9.857488951151098e-06
-2.1396368581002895e-11,-4.681713287121499e-06,3.436899116476474e-06,-2.5563298050935124e-05,1.6068632602913486e-06,-9.68009241760511e-06
-2.1396362927067753e-11,-4.681713052784845e-06,3.436898944367177e-06,-2.5124517801365816e-05,1.5809511028507396e-06,-9.504562858219103e-06
-2.1396331847154905e-11,-4.681712818782157e-06,3.4368987723707394e-06,-2.469010560126736e-05,1.555640493296502e-06,-9.330942228031212e-06
-2.139636316027288e-11,-4.681712584545671e-06,3.4368986007925265e-06,-2.4260190737432557e-05,1.5309245243103032e-06,-9.159268327653979e-06
-2.1396339069267014e-11,-4.681712350402146e-06,3.4368984288529193e-06,-2.3834890631247666e-05,1.5067961182902905e-06,-8.989574975399356e-06
-2.139635792162867e-11,-4.681712116649216e-06,3.4368982568522364e-06,-2.341431134073554e-05,1.4832480453202608e-06,-8.82189217890414e-06
-2.1396362970140162e-11,-4.6817118825157144e-06,3.436898084996662e-06,-2.29985480609336e-05,1.4602729394248525e-06,-8.656246305450907e-06
-2.1396361051754692e-11,-4.681711648296778e-06,3.4368979132775744e-06,-2.2587685618387475e-05,1.4378633153659943e-06,-8.492660251095424e-06
-2.1396351643803352e-11,-4.681711414371328e-06,3.436897741348416e-06,-2.218179896042668e-05,1.4160115829864357e-06,-8.331153608281443e-06
-2.1396339840984624e-11,-4.68171118041554e-06,3.436897569438174e-06,-2.178095363611359e-05,1.3947100620112455e-06,-8.171742829014607e-06
-2.1396364535814727e-11,-4.681710946409638e-06,3.436897397702022e-06,-2.1385206266201194e-05,1.3739509952706727e-06,-8.014441386010213e-06
-2.139634226193001e-11,-4.681710712459743e-06,3.436897225819967e-06,-2.099460500587441e-05,1.353726561995859e-06,-7.859259930593607e-06
-2.139636318241377e-11,-4.681710478223413e-06,3.436897054168165e-06,-2.0609189991282088e-05,1.3340288897788042e-06,-7.706206444841316e-06
-2.139632664552962e-11,-4.681710244288817e-06,3.436896882420236e-06,-2.0228993778408543e-05,1.3148500657898247e-06,-7.55528639111319e-06
-2.139632580071176e-11,-4.6817100099731e-06,3.4368967105166306e-06,-1.9854041763737373e-05,1.296182147537042e-06,-7.406502855936329e-06
-2.1396364250866063e-11,-4.681709775849931e-06,3.4368965388018272e-06,-1.948435259547834e-05,1.2780171737195238e-06,-7.259856690586092e-06
-2.139635114829617e-11,-4.681709541874679e-06,3.436896366797137e-06,-1.9119938568585066e-05,1.2603471724123704e-06,-7.11534664532503e-06
-2.1396318845107166e-11,-4.68170930761202e-06,3.436896194721605e-06,-1.876080600689405e-05,1.2431641709171536e-06,-6.972969499492376e-06
-2.1396316536988242e-11,-4.68170907355467e-06,3.436896023039824e-06,-1.8406955628832454e-05,1.226460203711036e-06,-6.8327201871387816e-06
-2.139634485543817e-11,-4.681708839315202e-06,3.4368958510918547e-06,-1.80583829012464e-05,1.2102273204722015e-06,-6.694591916818579e-06
-2.1396343562292892e-11,-4.681708605456408e-06,3.436895679164253e-06,-1.771507837768622e-05,1.1944575925648527e-06,-6.558576287163183e-06
-2.1396332050885945e-11,-4.681708371467904e-06,3.436895507563008e-06,-1.7377028021148525e-05,1.1791431204504924e-06,-6.424663397111625e-06
-2.1396332685776e-11,-4.681708137075961e-06,3.436895335728988e-06,-1.704421351482786e-05,1.1642760398363123e-06,-6.2928419517973345e-06
-2.1396328455661745e-11,-4.681707903110288e-06,3.4368951638104195e-06,-1.671661255832444e-05,1.1498485269631523e-06,-6.163099363591611e-06
-2.1396350043104625e-11,-4.681707669043448e-06,3.4368949921346843e-06,-1.6394199150640216e-05,1.1358528044068974e-06,-6.0354218472629715e-06
-2.1396328169097607e-11,-4.6817074352208625e-06,3.436894820152645e-06,-1.6076943857631802e-05,1.1222811459014592e-06,-5.9097945131519785e-06
-2.1396324618850357e-11,-4.6817072011556615e-06,3.4368946482604035e-06,-1.5764814069915475e-05,1.1091258804991044e-06,-5.786201453296197e-06
-2.1396326001644025e-11,-4.681706967015707e-06,3.4368944767059147e-06,-1.5457774245784193e-05,1.096379397240732e-06,-5.664625824488173e-06
-2.1396315884661446e-11,-4.681706732752469e-06,3.436894304541931e-06,-1.5155786142578198e-05,1.0840341485875526e-06,-5.545049927475436e-06
-2.1396309585012402e-11,-4.6817064987964025e-06,3.4368941324489537e-06,-1.4858809035954277e-05,1.0720826542378755e-06,-5.427455281442071e-06
-2.1396333681015266e-11,-4.681706264736185e-06,3.436893960692798e-06,-1.4566799929496004e-05,1.060517503615047e-06,-5.31182269427147e-06
-2.13963012878847e-11,-4.681706030721386e-06,3.4368937887729082e-06,-1.4279713749558044e-05,1.049331359569684e-06,-5.198132329936408e-06
-2.1396301362140508e-11,-4.681705796657012e-06,3.4368936170059154e-06,-1.3997503533227055e-05,1.038516960309018e-06,-5.086363771878466e-06
-2.1396311247265373e-11,-4.681705562628565e-06,3.4368934449167e-06,-1.3720120604736253e-05,1.0280671220860114e-06,-4.976496082390664e-06
-2.139632200606398e-11,-4.681705328673235e-06,3.436893273017928e-06,-1.3447514740999804e-05,1.0179747410315213e-06,-4.868507859321724e-06
-2.1396321778415547e-11,-4.681705094763903e-06,3.4368931012020834e-06,-1.3179634328709499e-05,1.0082327950835695e-06,-4.7623772891721125e-06
-2.139631872930856e-11,-4.6817048604631e-06,3.436892929364329e-06,-1.2916426513770883e-05,9.988343456702877e-07,-4.658082197539453e-06
-2.1396300955008272e-11,-4.6817046263809e-06,3.436892757206873e-06,-1.2657837338748986e-05,9.89772539170788e-07,-4.55560009583083e-06
-2.139631001177184e-11,-4.681704392475153e-06,3.436892585585388e-06,-1.2403811876206198e-05,9.810406076786788e-07,-4.454908225824063e-06
-2.1396320874635163e-11,-4.681704158288089e-06,3.436892413988608e-06,-1.2154294349716678e-05,9.726318706606541e-07,-4.355983601050984e-06
-2.1396313622835684e-11,-4.681703924367473e-06,3.436892242171145e-06,-1.190922825254929e-05,9.645397356159008e-07,-4.25880304654314e-06
-2.139630245247906e-11,-4.6817036903875574e-06,3.436892070391243e-06,-1.1668556453360905e-05,9.56757698515168e-07,-4.163343234511341e-06
-2.1396302173195968e-11,-4.681703456178556e-06,3.4368918984592703e-06,-1.1432221300890536e-05,9.492793447619764e-07,-4.069580719456221e-06
-2.1396303409055806e-11,-4.681703222110671e-06,3.4368917264255607e-06,-1.1200164718439368e-05,9.420983493679948e-07,-3.9774919696983435e-06
-2.1396278022938544e-11,-4.681702988133973e-06,3.4368915542958882e-06,-1.0972328292577662e-05,9.352084773209484e-07,-3.887053397576066e-06
-2.139629433044368e-11,-4.681702753984796e-06,3.4368913826600262e-06,-1.0748653357965848e-05,9.286035837062025e-07,-3.798241387756029e-06
-2.1396292890777735e-11,-4.681702519652648e-06,3.4368912105189277e-06,-1.0529081074515098e-05,9.222776142377047e-07,-3.7110323224072766e-06
-2.139631651516059e-11,-4.681702285752199e-06,3.4368910385144734e-06,-1.031355250132823e-05,9.162246044948549e-07,-3.625402606375393e-06
-2.1396299693065918e-11,-4.681702051354316e-06,3.436890866921508e-06,-1.0102008662535986e-05,9.104386800353618e-07,-3.5413286894978395e-06
-2.1396270865419764e-11,-4.681701817417706e-06,3.4368906951278676e-06,-9.894390613577391e-06,9.049140572020027e-07,-3.458787087503731e-06
-2.1396283661124736e-11,-4.681701583420773e-06,3.436890523258796e-06,-9.690639496599947e-06,8.996450411867738e-07,-3.3777544010540485e-06
-2.1396308175430325e-11,-4.681701349362696e-06,3.436890351681886e-06,-9.490696597636139e-06,8.946260263536456e-07,-3.2982073344209967e-06
-2.1396274199211118e-11,-4.681701115452876e-06,3.4368901796853273e-06,-9.294503395453295e-06,8.898514965855852e-07,-3.220122712085727e-06
-2.13962701339131e-11,-4.681700881235739e-06,3.436890007863487e-06,-9.10200160995936e-06,8.85316023610642e-07,-3.1434774933376596e-06
-2.139630308871901e-11,-4.68170064727219e-06,3.436889835970429e-06,-8.913133243614224e-06,8.810142669412942e-07,-3.06824878701259e-06
-2.139627870782649e-11,-4.68170041288091e-06,3.436889664053752e-06,-8.727840622508032e-06,8.769409734998233e-07,-2.9944138645377236e-06
-2.1396300901743566e-11,-4.681700178813865e-06,3.4368894922815335e-06,-8.546066433664684e-06,8.730909766087703e-07,-2.921950171949741e-06
-2.139629199621754e-11,-4.6816999447778645e-06,3.436889320331927e-06,-8.367753757793455e-06,8.694591956978185e-07,-2.850835339775717e-06
-2.1396272885623555e-11,-4.681699710536356e-06,3.436889148227859e-06,-8.19284609982015e-06,8.660406347373964e-07,-2.7810471941630293e-06
-2.139626560071566e-11,-4.681699476791991e-06,3.436888976268592e-06,-8.021287419085184e-06,8.628303824989364e-07,-2.712563765372492e-06
-2.1396288490685696e-11,-4.681699242494755e-06,3.4368888044473546e-06,-7.853022154323634e-06,8.598236110491764e-07,-2.6453632957164015e-06
-2.139629060692415e-11,-4.681699008557987e-06,3.436888632570331e-06,-7.687995245647669e-06,8.570155751812077e-07,-2.5794242476908534e-06
-2.1396282328768034e-11,-4.681698774361263e-06,3.4368884610076407e-06,-7.526152159193505e-06,8.544016114829752e-07,-2.514725309665593e-06
-2.139627476234296e-11,-4.681698540518821e-06,3.4368882890807475e-06,-7.367438903330703e-06,8.519771375722842e-07,-2.4512454027395933e-06
-2.1396271175349867e-11,-4.681698306337862e-06,3.4368881174868954e-06,-7.211802048091059e-06,8.497376509276409e-07,-2.3889636851819103e-06
-2.1396290140294183e-11,-4.681698072240119e-06,3.4368879457657308e-06,-7.05918873904642e-06,8.476787282256022e-07,-2.327859557316624e-06
-2.139626632541288e-11,-4.68169783816307e-06,3.43688777380835e-06,-6.909546712518749e-06,8.457960243034414e-07,-2.267912666296767e-06
-2.1396256729102992e-11,-4.681697604157229e-06,3.436887601997991e-06,-6.7628243070154245e-06,8.440852710402737e-07,-2.209102908408008e-06
-2.13962705207655e-11,-4.681697370061446e-06,3.436887430166896e-06,-6.618970474775577e-06,8.425422768487966e-07,-2.1514104329266536e-06
-2.1396278561860662e-11,-4.68169713604819e-06,3.436887258458769e-06,-6.4779347894306325e-06,8.411629248972159e-07,-2.094815644506604e-06
-2.1396253881246902e-11,-4.681696902045061e-06,3.4368870862505172e-06,-6.339667456107348e-06,8.399431731248708e-07,-2.0392992051777347e-06
-2.1396255154893743e-11,-4.681696667934348e-06,3.436886914686168e-06,-6.2041193167568856e-06,8.3887905224732e-07,-1.9848420358169296e-06
-2.1396248741642923e-11,-4.68169643383987e-06,3.4368867429072926e-06,-6.07124185681616e-06,8.379666657285856e-07,-1.931425318007687e-06
-2.139627033728862e-11,-4.681696199780067e-06,3.4368865711200815e-06,-5.940987208760552e-06,8.372021881592022e-07,-1.8790304940956232e-06
-2.1396261471828505e-11,-4.681695965546826e-06,3.436886399085629e-06,-5.813308155656633e-06,8.365818640245637e-07,-1.8276392688260452e-06
-2.1396241495733945e-11,-4.6816957313849785e-06,3.436886227509456e-06,-5.68815813604713e-06,8.361020076719782e-07,-1.7772336085390234e-06
-2.1396244835309948e-11,-4.681695497220189e-06,3.436886055431779e-06,-5.565491242174597e-06,8.357590014284811e-07,-1.727795742307378e-06
-2.1396256086039488e-11,-4.681695263173107e-06,3.4368858838897135e-06,-5.445262223978199e-06,8.355492946935912e-07,-1.6793081604656232e-06
-2.1396254319800214e-11,-4.681695028927065e-06,3.436885712065686e-06,-5.327426487428381e-06,8.354694034865363e-07,-1.6317536149152819e-06
-2.13962479594239e-11,-4.681694794864891e-06,3.4368855400212217e-06,-5.211940095081987e-06,8.35515909027256e-07,-1.5851151180979268e-06
-2.1396245768149678e-11,-4.6816945606560585e-06,3.4368853684700626e-06,-5.098759764416921e-06,8.356854564405607e-07,-1.5393759418016992e-06
-2.1396251433866202e-11,-4.681694326472879e-06,3.4368851969198746e-06,-4.987842866721919e-06,8.359747548012274e-07,-1.4945196163008825e-06
-2.139623897498504e-11,-4.681694092558392e-06,3.4368850248529964e-06,-4.879147423876904e-06,8.363805751633519e-07,-1.4505299289681352e-06
-2.1396252032443503e-11,-4.681693858442568e-06,3.436884852840632e-06,-4.772632106798674e-06,8.368997497710485e-07,-1.4073909225814044e-06
-2.1396249898491157e-11,-4.681693624106506e-06,3.436884681256875e-06,-4.668256230555915e-06,8.37529171484246e-07,-1.365086893270023e-06
-2.13962507020184e-11,-4.681693390213761e-06,3.4368845092645272e-06,-4.565979752259773e-06,8.382657925557016e-07,-1.323602389765312e-06
-2.1396236304140104e-11,-4.681693156270974e-06,3.436884337567409e-06,-4.4657632660678575e-06,8.391066237393498e-07,-1.2829222103752412e-06
-2.139623452963709e-11,-4.681692921970524e-06,3.4368841657147752e-06,-4.36756799918742e-06,8.400487333552752e-07,-1.2430314013468537e-06
-2.139623369132562e-11,-4.6816926877732045e-06,3.4368839937461136e-06,-4.271355806990383e-06,8.410892461742788e-07,-1.203915254673588e-06
-2.1396224137385164e-11,-4.681692453905398e-06,3.4368838217585944e-06,-4.1770891669071e-06,8.422253428037753e-07,-1.1655593058193354e-06
-2.1396236705904558e-11,-4.681692219772969e-06,3.436883650229863e-06,-4.084731175428757e-06,8.434542584890953e-07,-1.1279493312482037e-06
-2.1396213517417138e-11,-4.681691985348828e-06,3.436883478319831e-06,-3.9942455396696625e-06,8.447732824490668e-07,-1.0910713457044857e-06
-2.1396230587009174e-11,-4.681691751397258e-06,3.436883306441454e-06,-3.905596573148412e-06,8.461797570884497e-07,-1.0549116008804035e-06
-2.1396228097825823e-11,-4.681691517182236e-06,3.4368831343457424e-06,-3.818749189459596e-06,8.476710762666672e-07,-1.0194565810584998e-06
-2.1396216028335264e-11,-4.681691283169665e-06,3.4368829624250304e-06,-3.7336688960565574e-06,8.49244685752294e-07,-9.84693001834893e-07
-2.1396238185245943e-11,-4.681691049047346e-06,3.4368827909023536e-06,-3.6503217870349295e-06,8.508980811760702e-07,-9.506078066776051e-07
-2.1396226506248973e-11,-4.68169081519564e-06,3.4368826189237334e-06,-3.5686745381366306e-06,8.526288080447678e-07,-9.171881646506137e-07
-2.1396222935235725e-11,-4.681690580790737e-06,3.436882447001595e-06,-3.4886943984231907e-06,8.544344601833998e-07,-8.844214673330065e-07
-2.1396212552665297e-11,-4.681690347021816e-06,3.4368822751135607e-06,-3.4103491848356457e-06,8.563126794680591e-07,-8.522953262932304e-07
-2.1396190017297723e-11,-4.681690112848516e-06,3.436882103270335e-06,-3.333607273090708e-06,8.582611547694584e-07,-8.207975699249853e-07
-2.1396219274047722e-11,-4.6816898786803304e-06,3.436881931165552e-06,-3.258437594572135e-06,8.602776212555646e-07,-7.899162407271776e-07
-2.1396206787041815e-11,-4.681689644676389e-06,3.4368817593523573e-06,-3.1848096243403173e-06,8.623598590888033e-07,-7.596395927226836e-07
-2.1396229322647584e-11,-4.681689410799734e-06,3.4368815875101297e-06,-3.1126933784677335e-06,8.645056937226888e-07,-7.299560880721749e-07
-2.1396206856197965e-11,-4.681689176621544e-06,3.436881415458646e-06,-3.042059403269789e-06,8.667129937663624e-07,-7.008543941875642e-07
-2.1396206072899898e-11,-4.681688942578694e-06,3.436881243469336e-06,-2.9728787711969755e-06,8.689796715310249e-07,-6.723233817336114e-07
-2.139620644869548e-11,-4.681688708301036e-06,3.436881071728013e-06,-2.9051230713979787e-06,8.713036811997847e-07,-6.443521202980787e-07
-2.13961996862054e-11,-4.681688474217239e-06,3.43688089970393e-06,-2.8387644035024205e-06,8.736830187756054e-07,-6.169298770039635e-07
-2.13962020650168e-11,-4.6816882399438e-06,3.4368807278930147e-06,-2.7737753691831543e-06,8.761157212607694e-07,-5.900461120408735e-07
-2.1396209074089634e-11,-4.681688005808514e-06,3.436880556089084e-06,-2.710129067049241e-06,8.785998654980717e-07,-5.636904770829681e-07
-2.1396181905589144e-11,-4.68168777192192e-06,3.43688038447273e-06,-2.6477990830980195e-06,8.811335678897791e-07,-5.378528117640242e-07
-2.139619326778025e-11,-4.6816875378069696e-06,3.4368802127709155e-06,-2.5867594846088807e-06,8.837149839014886e-07,-5.125231411794492e-07
-2.1396203408526886e-11,-4.6816873035245825e-06,3.4368800407378014e-06,-2.5269848131488465e-06,8.863423068963811e-07,-4.876916722225596e-07
-2.1396199037767188e-11,-4.681687069612695e-06,3.4368798690218503e-06,-2.4684500768010157e-06,8.890137671724379e-07,-4.63348792002532e-07
-2.1396189472693158e-11,-4.681686835276628e-06,3.43687969684455e-06,-2.4111307429481005e-06,8.917276324047793e-07,-4.3948506365332986e-07
-2.1396198973711995e-11,-4.681686601217112e-06,3.436879525243798e-06,-2.3550027313890424e-06,8.944822059759868e-07,-4.160912249181821e-07
-2.1396190491194895e-11,-4.6816863670605245e-06,3.4368793535314734e-06,-2.3000424074556175e-06,8.972758268442469e-07,-3.931581839585102e-07
-2.1396208709366264e-11,-4.68168613271213e-06,3.4368791818871123e-06,-2.2462265750180373e-06,9.001068687288893e-07,-3.7067701763309727e-07
-2.139619367829196e-11,-4.681685898752682e-06,3.4368790103210487e-06,-2.193532468491327e-06,9.029737395448527e-07,-3.486389684172376e-07
-2.139619223101809e-11,-4.681685664569797e-06,3.436878838489106e-06,-2.1419377466180762e-06,9.058748811268533e-07,-3.2703544173821804e-07
-2.1396203892857817e-11,-4.681685430482591e-06,3.43687866667539e-06,-2.091420486584251e-06,9.088087676950115e-07,-3.058580028944603e-07
-2.139617773919995e-11,-4.681685196499118e-06,3.436878495206024e-06,-2.0419591750263837e-06,9.117739062755076e-07,-2.8509837497387535e-07
-2.139618393059511e-11,-4.681684962326829e-06,3.4368783233799806e-06,-1.9935327037016916e-06,9.1476883563285e-07,-2.6474843593953813e-07
-2.1396196560870286e-11,-4.681684728285602e-06,3.4368781514690116e-06,-1.946120360051187e-06,9.177921256800556e-07,-2.4480021596517335e-07
-2.1396186181154448e-11,-4.681684494126324e-06,3.4368779795349593e-06,-1.8997018230918365e-06,9.208423770163373e-07,-2.252458949926756e-07
-2.1396180683074063e-11,-4.681684260210347e-06,3.4368778077634267e-06,-1.8542571555339769e-06,9.239182203945316e-07,-2.0607780015085846e-07
-2.139620755777178e-11,-4.68168402605172e-06,3.43687763594984e-06,-1.8097667975640627e-06,9.270183163073543e-07,-1.872884028966455e-07
-2.1396188941422916e-11,-4.681683792019537e-06,3.4368774639286257e-06,-1.766211559961276e-06,9.301413540801306e-07,-1.688703173775067e-07
-2.1396176494092488e-11,-4.681683557920906e-06,3.436877291930089e-06,-1.7235726196566307e-06,9.332860518170095e-07,-1.508162970730445e-07
-2.1396160688288507e-11,-4.681683323879973e-06,3.4368771198254618e-06,-1.6818315105181145e-06,9.364511553739925e-07,-1.3311923246354726e-07
-2.1396180880584033e-11,-4.681683089590798e-06,3.4368769478918435e-06,-1.640970119464909e-06,9.396354382574452e-07,-1.1577214958670813e-07
-2.1396172676915818e-11,-4.681682855530962e-06,3.436876776015494e-06,-1.6009706789178603e-06,9.428377011227493e-07,-9.876820626288428e-08
-2.1396186217533897e-11,-4.681682621493587e-06,3.4368766041265483e-06,-1.5618157628026802e-06,9.460567710517834e-07,-8.210069098488356e-08
-2.139615116898538e-11,-4.681682387282556e-06,3.436876432071483e-06,-1.523488277890194e-06,9.492915011157576e-07,-6.576301972609399e-08
-2.1396185520556072e-11,-4.68168215314937e-06,3.4368762604660912e-06,-1.4859714597995398e-06,9.525407700221914e-07,-4.974873410862366e-08
-2.1396147326763488e-11,-4.681681918978532e-06,3.4368760886377474e-06,-1.4492488664478435e-06,9.558034817245878e-07,-3.4051499460427604e-08
-2.1396150118029166e-11,-4.681681685157991e-06,3.4368759167947337e-06,-1.413304372721146e-06,9.59078564896805e-07,-1.866510159567187e-08
-2.1396161442175286e-11,-4.681681450951813e-06,3.436875744649405e-06,-1.3781221645902171e-06,9.623649722729827e-07,-3.5834458710594497e-09
-2.139617526618849e-11,-4.6816812168766385e-06,3.4368755730041304e-06,-1.3436867337814802e-06,9.656616801800248e-07,1.1199445922783826e-08
-2.1396159317139255e-11,-4.681680982953455e-06,3.4368754014060342e-06,-1.3099828720038473e-06,9.68967688747493e-07,2.5689437032339383e-08
-2.139616359147487e-11,-4.6816807489656545e-06,3.4368752293037302e-06,-1.276995665286579e-06,9.722820211295699e-07,3.9892278266940944e-08
-2.1396155547868628e-11,-4.681680514868945e-06,3.4368750575554543e-06,-1.2447104898714556e-06,9.756037222352384e-07,5.381360977512165e-08
-2.139614681342423e-11,-4.681680280802e-06,3.4368748856578684e-06,-1.2131130058844986e-06,9.789318600856893e-07,6.745896329280089e-08
-2.1396149182488695e-11,-4.681680046648167e-06,3.4368747135909107e-06,-1.1821891517848559e-06,9.82265523827187e-07,8.08337638918724e-08
-2.1396168395303698e-11,-4.681679812730628e-06,3.4368745413084622e-06,-1.151925141034126e-06,9.856038240719366e-07,9.39433317010424e-08
-2.139614347708376e-11,-4.6816795787206e-06,3.43687436953789e-06,-1.1223074548799067e-06,9.88945892302195e-07,1.0679288462585888e-07
-2.1396149579257298e-11,-4.681679344771747e-06,3.4368741976369357e-06,-1.0933228394692077e-06,9.922908807002614e-07,1.1938753959770573e-07
-2.1396148046568948e-11,-4.681679110421772e-06,3.436874025643561e-06,-1.0649582999642684e-06,9.956379616679488e-07,1.3173231468321262e-07
-2.1396163749971555e-11,-4.681678876340748e-06,3.436873853716459e-06,-1.03720109554655e-06,9.989863275134605e-07,1.4383213074957896e-07
-2.1396158574393898e-11,-4.681678642293973e-06,3.4368736816730276e-06,-1.01003873553095e-06,1.002335189779175e-06,1.556918133241864e-07
-2.1396148724559e-11,-4.681678408015096e-06,3.4368735095932073e-06,-9.83458973481618e-07,1.0056837790742362e-06,1.6731609437094324e-07
-2.139615793454132e-11,-4.681678174064436e-06,3.436873337748799e-06,-9.57449804547416e-07,1.0090313453078697e-06,1.7870961417765764e-07
-2.1396134558513147e-11,-4.681677939886275e-06,3.4368731657117555e-06,-9.319994595777334e-07,1.0123771563440936e-06,1.898769229936014e-07
-2.1396132562989922e-11,-4.681677705752065e-06,3.4368729937089533e-06,-9.070964012367022e-07,1.015720498428455e-06,2.0082248261156978e-07
-2.1396147769875175e-11,-4.681677471741607e-06,3.436872821587513e-06,-8.827293190071922e-07,1.0190606754152006e-06,2.115506680332042e-07
-2.1396133563528663e-11,-4.6816772375151094e-06,3.4368726498480247e-06,-8.588871257491138e-07,1.0223970085556361e-06,2.220657691898293e-07
-2.1396148325884877e-11,-4.681677003563733e-06,3.4368724780838202e-06,-8.35558953480569e-07,1.0257288368025616e-06,2.3237199246900093e-07
-2.1396131829069474e-11,-4.681676769407258e-06,3.4368723059112074e-06,-8.127341483818441e-07,1.0290555152472778e-06,2.424734624630939e-07
-2.139612872935849e-11,-4.6816765351165955e-06,3.4368721340996488e-06,-7.904022685749604e-07,1.0323764159782705e-06,2.523742230795215e-07
-2.1396139804586467e-11,-4.681676301263073e-06,3.4368719620534904e-06,-7.685530783505113e-07,1.0356909272086345e-06,2.6207823981667856e-07
-2.13961343295978e-11,-4.68167606719917e-06,3.4368717903496637e-06,-7.471765443929021e-07,1.0389984528788153e-06,2.715894003190436e-07
-2.1396149298746817e-11,-4.681675833012713e-06,3.4368716184492005e-06,-7.262628333378548e-07,1.0422984129367629e-06,2.8091151679190903e-07
-2.1396121045898845e-11,-4.681675598926431e-06,3.4368714464761495e-06,-7.058023067764026e-07,1.0455902426379619e-06,2.9004832647321375e-07
-2.139611910341365e-11,-4.681675364937159e-06,3.4368712746387046e-06,-6.85785517702174e-07,1.048873392184604e-06,2.9900349385398146e-07
-2.1396118711218712e-11,-4.681675131097622e-06,3.436871103120915e-06,-6.662032078468526e-07,1.0521473265729265e-06,3.0778061176078065e-07
-2.13961325479805e-11,-4.681674897024745e-06,3.436870931360128e-06,-6.470463024621283e-07,1.0554115258577497e-06,3.163832026879813e-07
-2.1396135224873874e-11,-4.6816746626050104e-06,3.436870759052333e-06,-6.283059084323145e-07,1.0586654839485744e-06,3.2481472013001726e-07
-2.139612943907237e-11,-4.68167442852216e-06,3.4368705872321156e-06,-6.099733097224317e-07,1.0619087087474856e-06,3.330785498026219e-07
-2.1396085157741876e-11,-4.681674194453044e-06,3.4368704152000273e-06,-5.920399646026459e-07,1.065140722162158e-06,3.4117801153019935e-07
-2.13961096000986e-11,-4.6816739603795e-06,3.4368702433755857e-06,-5.744975014294197e-07,1.0683610596726014e-06,3.491163597176607e-07
-2.1396112095375288e-11,-4.681673726330818e-06,3.4368700712742663e-06,-5.573377169801765e-07,1.0715692699560237e-06,3.568967845439088e-07
-2.139610878430834e-11,-4.681673492061975e-06,3.436869899037846e-06,-5.405525719013803e-07,1.0747649147836065e-06,3.6452241468187513e-07
-2.1396105320104052e-11,-4.6816732582865536e-06,3.436869727510963e-06,-5.241341882660457e-07,1.0779475687373096e-06,3.7199631632706814e-07
-2.13961202778218e-11,-4.681673024265628e-06,3.4368695556160495e-06,-5.080748454659083e-07,1.0811168190576391e-06,3.7932149613965425e-07
-2.1396099761658733e-11,-4.681672790220477e-06,3.4368693838657304e-06,-4.92366978657112e-07,1.0842722653604526e-06,3.865009014942558e-07
-2.1396106307887147e-11,-4.6816725560920746e-06,3.436869212116434e-06,-4.770031743193133e-07,1.087413519468683e-06,3.935374215901626e-07
-2.139611922367612e-11,-4.681672322101536e-06,3.436869040479595e-06,-4.61976169145456e-07,1.0905402049881979e-06,4.004338893387085e-07
-2.1396108997075947e-11,-4.681672087825537e-06,3.4368688685053054e-06,-4.4727884437963303e-07,1.0936519572756945e-06,4.07193081391014e-07
-2.1396105842439257e-11,-4.681671853589845e-06,3.436868696848415e-06,-4.329042265942378e-07,1.0967484234235267e-06,4.138177202196567e-07
-2.139609343371907e-11,-4.681671619766644e-06,3.4368685252280972e-06,-4.188454814727163e-07,1.099829261504651e-06,4.2031047439621163e-07
-2.1396086641294176e-11,-4.681671385570727e-06,3.4368683533573432e-06,-4.050959134764946e-07,1.102894140991131e-06,4.2667396042311833e-07
-2.139610554409034e-11,-4.681671151545285e-06,3.4368681816972946e-06,-3.9164896229226706e-07,1.1059427420151393e-06,4.329107426781629e-07
-2.1396105582384354e-11,-4.681670917307801e-06,3.436868009966336e-06,-3.7849819961234483e-07,1.1089747554899475e-06,4.390233351908253e-07
-2.1396091882302575e-11,-4.681670683115318e-06,3.4368678382561234e-06,-3.656373275803416e-07,1.11198988295163e-06,4.450142028357673e-07
-2.1396109329207103e-11,-4.681670449055407e-06,3.4368676661986206e-06,-3.5306017657072695e-07,1.114987836250281e-06,4.5088576149935913e-07
-2.139608989955948e-11,-4.681670214998563e-06,3.4368674946428384e-06,-3.4076070052588743e-07,1.1179683369784133e-06,4.5664037957847087e-07
-2.139608230048353e-11,-4.681669980964202e-06,3.4368673226850505e-06,-3.2873297784430286e-07,1.1209311172984246e-06,4.622803786466077e-07
-2.1396092833653977e-11,-4.6816697467912835e-06,3.4368671510238186e-06,-3.1697120516329455e-07,1.1238759188831022e-06,4.6780803473065207e-07
-2.139611307729778e-11,-4.681669512602559e-06,3.4368669795773845e-06,-3.0546969913538314e-07,1.1268024927538658e-06,4.732255785884234e-07
-2.1396085360512818e-11,-4.681669278693865e-06,3.4368668077861292e-06,-2.942228902110345e-07,1.1297105998501777e-06,4.785351973462427e-07
-2.1396086786908795e-11,-4.681669044476781e-06,3.4368666358261484e-06,-2.8322532330479533e-07,1.1326000101140445e-06,4.837390344156676e-07
-2.139606323662666e-11,-4.681668810288819e-06,3.436866464016728e-06,-2.72471654353596e-07,1.135470502389831e-06,4.888391915751516e-07
-2.1396080766700185e-11,-4.681668576186717e-06,3.4368662921351053e-06,-2.6195664798528493e-07,1.1383218648366863e-06,4.938377283594173e-07
-2.139607207279259e-11,-4.6816683422337025e-06,3.4368661205094086e-06,-2.51675176075334e-07,1.1411538937940325e-06,4.98736664113364e-07
-2.1396087536938683e-11,-4.681668108346579e-06,3.4368659487550996e-06,-2.4162221463821296e-07,1.1439663951012494e-06,5.035379780753288e-07
-2.1396086475938862e-11,-4.681667874362243e-06,3.4368657770909645e-06,-2.3179284293921078e-07,1.1467591821135851e-06,5.082436105150618e-07
-2.1396085748811783e-11,-4.681667640315029e-06,3.4368656053582036e-06,-2.221822411629646e-07,1.1495320771480416e-06,5.128554630667881e-07
-2.139609281134294e-11,-4.681667406478962e-06,3.436865433414268e-06,-2.1278568797096796e-07,1.1522849104789665e-06,5.173753998671815e-07
-2.1396082821886358e-11,-4.681667172343346e-06,3.436865261388156e-06,-2.0359855883623416e-07,1.1550175203111626e-06,5.218052484157812e-07
-2.1396068765665058e-11,-4.681666938131412e-06,3.4368650896232443e-06,-1.946163233787609e-07,1.1577297526354675e-06,5.261467996860103e-07
-2.13960523384569e-11,-4.681666704239047e-06,3.4368649176853667e-06,-1.8583454647575095e-07,1.1604214613102863e-06,5.304018092909112e-07
-2.1396059065807302e-11,-4.681666470007413e-06,3.4368647457017397e-06,-1.7724888148924964e-07,1.163092507768413e-06,5.345719985378423e-07
-2.1396064338114678e-11,-4.681666235852333e-06,3.436864573845955e-06,-1.6885507315272574e-07,1.1657427606288904e-06,5.386590539288835e-07
-2.1396062235766094e-11,-4.681666001816055e-06,3.436864401822649e-06,-1.606489532411975e-07,1.1683720962009407e-06,5.426646290482063e-07
-2.1396043349378953e-11,-4.6816657678657435e-06,3.4368642301035783e-06,-1.5262643979407675e-07,1.1709803976244069e-06,5.465903447008487e-07
-2.139606136271183e-11,-4.681665533678721e-06,3.4368640583012527e-06,-1.4478353400654382e-07,1.1735675551104425e-06,5.504377894400654e-07
-2.1396075706759505e-11,-4.68166529953704e-06,3.4368638864669516e-06,-1.371163213397669e-07,1.1761334661305967e-06,5.542085205110183e-07
-2.1396058549921896e-11,-4.681665065455638e-06,3.436863714463032e-06,-1.2962096741307902e-07,1.1786780343469171e-06,5.579040640450569e-07
-2.13960679727152e-11,-4.6816648314491125e-06,3.4368635427390775e-06,-1.2229371667170525e-07,1.181201170564745e-06,5.615259163087158e-07
-2.1396031644743458e-11,-4.681664597009819e-06,3.436863370863786e-06,-1.1513089283085482e-07,1.1837027918525595e-06,5.650755435094271e-07
-2.1396052291306484e-11,-4.681664363097417e-06,3.4368631988925476e-06,-1.081288948789135e-07,1.1861828219233938e-06,5.685543830167556e-07
-2.1396040585751362e-11,-4.681664129099363e-06,3.43686302727739e-06,-1.0128419630028848e-07,1.1886411904164417e-06,5.719638437787314e-07
-2.139605354099862e-11,-4.681663894751866e-06,3.4368628554861975e-06,-9.459334452029569e-08,1.1910778334924991e-06,5.753053065716481e-07
-2.139605399443723e-11,-4.681663660815516e-06,3.436862683429974e-06,-8.805295890675663e-08,1.1934926931140531e-06,5.785801247772149e-07
-2.1396034517470856e-11,-4.681663426674029e-06,3.4368625116552254e-06,-8.165972921568434e-08,1.195885717210075e-06,5.817896252707309e-07
-2.1396053247944113e-11,-4.681663192637807e-06,3.436862339994497e-06,-7.541041381492689e-08,1.1982568598037376e-06,5.84935108282303e-07
-2.1396029860556494e-11,-4.6816629583996895e-06,3.436862168305254e-06,-6.930183890701031e-08,1.200606080263014e-06,5.880178483405345e-07
-2.139604598306827e-11,-4.6816627244417746e-06,3.4368619967732334e-06,-6.333089775198e-08,1.2029333438861442e-06,5.910390946055888e-07
-2.1396039730619548e-11,-4.681662490256623e-06,3.4368618248707025e-06,-5.749454766979877e-08,1.20523862125588e-06,5.94000071812873e-07
-2.1396044261903983e-11,-4.681662256421933e-06,3.4368616529316667e-06,-5.178981004034603e-08,1.207521888551951e-06,5.969019796901713e-07
-2.139605440154364e-11,-4.681662022368026e-06,3.4368614810451693e-06,-4.6213769082170066e-08,1.2097831270766177e-06,5.997459948727745e-07
-2.1396042299373503e-11,-4.681661788121261e-06,3.436861309087131e-06,-4.076356996510975e-08,1.2120223233927929e-06,6.025332702651003e-07
-2.139602393238412e-11,-4.681661553962322e-06,3.436861137074176e-06,-3.543641781109233e-08,1.2142394690744592e-06,6.052649357623339e-07
-2.1396036796383662e-11,-4.6816613198711916e-06,3.436860965196085e-06,-3.022957647288621e-08,1.216434560830914e-06,6.079420990553377e-07
-2.1396020771935735e-11,-4.681661085663491e-06,3.4368607933975944e-06,-2.5140368312056255e-08,1.2186076001027981e-06,6.105658460469841e-07
-2.139603239512582e-11,-4.681660851678835e-06,3.4368606216005233e-06,-2.016617086829501e-08,1.220758593338776e-06,6.131372403803032e-07
-2.139604104395284e-11,-4.681660617524594e-06,3.4368604498005923e-06,-1.530441819168752e-08,1.2228875515560039e-06,6.1565732510382e-07
-2.1396029553247843e-11,-4.681660383749469e-06,3.436860277774516e-06,-1.0552598289198248e-08,1.2249944904710963e-06,6.181271224772598e-07
-2.1396045369620416e-11,-4.681660149358949e-06,3.43686010605778e-06,-5.908252458536856e-09,1.2270794301280278e-06,6.205476344989026e-07
-2.139604552895273e-11,-4.6816599153453505e-06,3.436859934061179e-06,-1.3689734007785578e-09,1.2291423952533128e-06,6.229198428778228e-07
-2.1396032271273603e-11,-4.681659681492693e-06,3.4368597624657208e-06,3.0675936694150797e-09,1.2311834146909226e-06,6.25244710199626e-07
-2.1396031042728633e-11,-4.6816594473513115e-06,3.436859590447141e-06,7.4037547985535226e-09,1.2332025218090707e-06,6.275231798431738e-07
-2.139602217002956e-11,-4.681659213275599e-06,3.436859418514418e-06,1.1641765962051926e-08,1.2351997540572107e-06,6.297561763969202e-07
-2.1396036818867122e-11,-4.6816589790813354e-06,3.4368592465387352e-06,1.5783835506720346e-08,1.2371751526993187e-06,6.319446059364618e-07
-2.1396038560992743e-11,-4.681658744909281e-06,3.436859074810698e-06,1.9832124816900787e-08,1.2391287631753635e-06,6.340893567461812e-07
-2.1396015534642905e-11,-4.681658510873393e-06,3.436858903025533e-06,2.3788748203444166e-08,1.2410606351028263e-06,6.361912993192471e-07
-2.1396020330184866e-11,-4.6816582767550895e-06,3.4368587313420967e-06,2.7655775901312967e-08,1.2429708215899616e-06,6.382512868294521e-07
-2.139600882620736e-11,-4.681658042709495e-06,3.4368585595919344e-06,3.1435232515269946e-08,1.2448593794979593e-06,6.402701554642837e-07
-2.1396022985783486e-11,-4.681657808624106e-06,3.436858387988571e-06,3.5129100128504634e-08,1.2467263697117735e-06,6.422487249800279e-07
-2.139601263266454e-11,-4.681657574708352e-06,3.4368582161671824e-06,3.8739317525475086e-08,1.2485718564152261e-06,6.441877985074822e-07
-2.139601403364066e-11,-4.681657340644026e-06,3.4368580444784113e-06,4.2267782190313045e-08,1.2503959073359263e-06,6.460881637176858e-07
-2.1396002765184015e-11,-4.6816571064879075e-06,3.436857872511591e-06,4.5716350306820946e-08,1.2521985937716124e-06,6.479505918227171e-07
-2.1396021620309442e-11,-4.681656872622326e-06,3.436857700597779e-06,4.908683809074411e-08,1.2539799902867948e-06,6.497758393242938e-07
-2.1396022750248867e-11,-4.68165663862754e-06,3.436857528431537e-06,5.2381023011013766e-08,1.2557401746667807e-06,6.515646475974353e-07
-2.1395993022604745e-11,-4.68165640455933e-06,3.436857356821569e-06,5.56006431236151e-08,1.2574792279301442e-06,6.53317743029243e-07
-2.1396002634382684e-11,-4.681656170472646e-06,3.4368571848164197e-06,5.8747399069988924e-08,1.2591972345535867e-06,6.550358377960502e-07
-2.1396004539873397e-11,-4.6816559363322426e-06,3.4368570131036128e-06,6.182295474316559e-08,1.2608942817910565e-06,6.567196295025996e-07
-2.1396000142745808e-11,-4.681655702325772e-06,3.4368568408653176e-06,6.482893750981093e-08,1.2625704598996967e-06,6.58369802375532e-07
-2.1396013189485298e-11,-4.681655468291315e-06,3.4368566693856786e-06,6.776693898738333e-08,1.264225862046818e-06,6.599870268470506e-07
-2.1395988507869505e-11,-4.681655234407065e-06,3.4368564972176143e-06,7.063851715355556e-08,1.265860584634507e-06,6.615719597492054e-07
-2.139599296887832e-11,-4.6816550003917e-06,3.4368563254103522e-06,7.344519479190661e-08,1.2674747264434327e-06,6.631252453130973e-07
-2.139599018395571e-11,-4.681654766091977e-06,3.4368561534890295e-06,7.618846160134197e-08,1.269068389172127e-06,6.64647514363962e-07
-2.1395988070570025e-11,-4.681654531905573e-06,3.4368559817098754e-06,7.886977397405333e-08,1.2706416770177215e-06,6.661393857367039e-07
-2.139600398416591e-11,-4.681654297743547e-06,3.436855809826371e-06,8.149055766005163e-08,1.2721946971196008e-06,6.676014655264906e-07
-2.1395990618964302e-11,-4.681654063753319e-06,3.4368556379565344e-06,8.405220587978916e-08,1.2737275586323035e-06,6.690343479491788e-07
-2.139598723174623e-11,-4.681653829436762e-06,3.436855466106936e-06,8.655608110051737e-08,1.2752403737133355e-06,6.70438615313556e-07
-2.139599888758801e-11,-4.681653595638513e-06,3.4368552942048747e-06,8.900351625753278e-08,1.2767332566451815e-06,6.718148385486922e-07
-2.139599432308509e-11,-4.681653361494141e-06,3.4368551223577657e-06,9.139581431008606e-08,1.2782063240806606e-06,6.731635767598525e-07
-2.1395995558885405e-11,-4.6816531273051855e-06,3.4368549506679714e-06,9.373424935160887e-08,1.279659694820229e-06,6.744853785607622e-07
-2.1395968786589646e-11,-4.681652893147607e-06,3.4368547789386215e-06,9.602006716482327e-08,1.2810934903353234e-06,6.757807811576712e-07
-2.139598872274453e-11,-4.681652659225325e-06,3.4368546072040204e-06,9.825448577685349e-08,1.2825078337677504e-06,6.770503109322198e-07
-2.139599204342092e-11,-4.681652425281455e-06,3.4368544354770935e-06,1.0043869601433999e-07,1.2839028505386813e-06,6.782944842741047e-07
-2.139596856520291e-11,-4.681652191181503e-06,3.43685426340283e-06,1.0257386205854925e-07,1.2852786681912256e-06,6.795138069704551e-07
-2.139599669774806e-11,-4.6816519570461155e-06,3.4368540915479974e-06,1.0466112188946483e-07,1.2866354161914786e-06,6.807087747331883e-07
-2.139596989544038e-11,-4.681651722994238e-06,3.436853919471034e-06,1.0670158772987594e-07,1.2879732258065481e-06,6.818798736430957e-07
-2.1395978982823185e-11,-4.681651488846401e-06,3.4368537475548664e-06,1.0869634748866797e-07,1.2892922302439803e-06,6.830275797890197e-07
-2.1395985692263982e-11,-4.681651254814071e-06,3.4368535759189362e-06,1.1064646409468975e-07,1.2905925646981107e-06,6.841523599062316e-07
-2.139596453781317e-11,-4.681651020464406e-06,3.436853403957039e-06,1.1255297594084102e-07,1.2918743656253277e-06,6.852546714596979e-07
-2.1395978537504518e-11,-4.681650786576324e-06,3.436853232144714e-06,1.1441689877145598e-07,1.2931377719960536e-06,6.863349628383651e-07
-2.1395960957249554e-11,-4.681650552651665e-06,3.4368530605457256e-06,1.1623922479411981e-07,1.2943829235324276e-06,6.873936732163836e-07
-2.139598779718106e-11,-4.681650318507784e-06,3.4368528889389393e-06,1.1802092390091874e-07,1.2956099620313022e-06,6.884312334135275e-07
-2.1395956086518956e-11,-4.681650084509603e-06,3.436852716735269e-06,1.197629437794607e-07,1.2968190308654026e-06,6.894480654788615e-07
-2.1395966464695375e-11,-4.681649850623273e-06,3.4368525448788817e-06,1.2146621013492092e-07,1.298010274683705e-06,6.904445829960507e-07
-2.1395954295798704e-11,-4.6816496167723295e-06,3.436852373175645e-06,1.2313162791128645e-07,1.2991838394593586e-06,6.914211913609145e-07
-2.1395976614674335e-11,-4.681649382529587e-06,3.436852201299306e-06,1.247600811803353e-07,1.3003398727853453e-06,6.923782879757149e-07
-2.1395969594564808e-11,-4.681649148627714e-06,3.436852029678305e-06,1.263524335857255e-07,1.3014785233111839e-06,6.93316262110378e-07
-2.1395967666536267e-11,-4.681648914622899e-06,3.4368518579078574e-06,1.2790952889810744e-07,1.3025999414806733e-06,6.942354954298497e-07
-2.1395966623443345e-11,-4.6816486804980306e-06,3.436851685914569e-06,1.2943219168125697e-07,1.3037042784107716e-06,6.951363621328697e-07
-2.139596275813093e-11,-4.681648446069501e-06,3.436851514019035e-06,1.3092122707003095e-07,1.3047916864322355e-06,6.960192285078848e-07
-2.1395966022114082e-11,-4.681648212176817e-06,3.436851342217688e-06,1.3237742154752582e-07,1.305862319163181e-06,6.968844540710251e-07
-2.1395947857125444e-11,-4.681647978080085e-06,3.4368511706678226e-06,1.3380154305609738e-07,1.3069163311433817e-06,6.977323909277249e-07
-2.1395968647382028e-11,-4.681647743899662e-06,3.436850998836189e-06,1.3519434288474083e-07,1.3079538781526963e-06,6.985633838282306e-07
-2.1395937015116414e-11,-4.681647509845649e-06,3.4368508269219515e-06,1.3655655311558023e-07,1.3089751165342595e-06,6.99377771444362e-07
-2.1395952049302612e-11,-4.681647275612653e-06,3.4368506548971854e-06,1.378888895104457e-07,1.309980204050455e-06,7.001758849539719e-07
-2.1395959450349614e-11,-4.681647041591012e-06,3.4368504832276157e-06,1.391920512888309e-07,1.3109692988483688e-06,7.009580491789251e-07
-2.139596066325827e-11,-4.681646807473959e-06,3.4368503113113015e-06,1.4046672046175914e-07,1.3119425602989926e-06,7.017245828071444e-07
-2.139594692217298e-11,-4.6816465731595264e-06,3.4368501393246586e-06,1.4171356371916088e-07,1.3129001481185525e-06,7.024757975599387e-07
-2.1395930480407915e-11,-4.681646339239894e-06,3.4368499672330806e-06,1.4293323120863201e-07,1.3138422231065315e-06,7.032119993577405e-07
-2.1395945328039216e-11,-4.681646105421746e-06,3.4368497955725686e-06,1.4412635875587757e-07,1.3147689464519894e-06,7.039334879037671e-07
-2.1395952958663454e-11,-4.68164587123186e-06,3.4368496236613625e-06,1.4529356653244443e-07,1.3156804801802584e-06,7.046405569060679e-07
-2.1395954844328873e-11,-4.681645637331089e-06,3.4368494517986942e-06,1.4643545927776796e-07,1.3165769866617726e-06,7.053334944661022e-07
-2.1395933804173443e-11,-4.681645403157964e-06,3.4368492795674693e-06,1.4755262863063826e-07,1.3174586292951364e-06,7.060125824958666e-07
-2.139592866596739e-11,-4.681645168942795e-06,3.436849107565091e-06,1.4864565068671075e-07,1.3183255710387683e-06,7.066780976060793e-07
-2.1395930259902344e-11,-4.681644934903281e-06,3.4368489360359882e-06,1.4971508866304264e-07,1.3191779761911554e-06,7.073303107175952e-07
-2.1395931528097066e-11,-4.681644701059197e-06,3.436848763857542e-06,1.5076149200991245e-07,1.320016009246968e-06,7.079694874222313e-07
-2.1395917149069896e-11,-4.681644466869403e-06,3.436848591830738e-06,1.517853969659334e-07,1.3208398344440513e-06,7.085958882048096e-07
-2.139592971159147e-11,-4.68164423286526e-06,3.4368484200380447e-06,1.527873271131649e-07,1.3216496171086494e-06,7.092097679435553e-07
-2.1395943968203597e-11,-4.681643998771334e-06,3.4368482479880344e-06,1.537677923779113e-07,1.322445522356856e-06,7.098113769093001e-07
-2.13959394806455e-11,-4.681643764662351e-06,3.4368480760945985e-06,1.547272918062798e-07,1.3232277155027597e-06,7.104009599883194e-07
-2.139592225195669e-11,-4.681643530653305e-06,3.4368479045249406e-06,1.5566631101066844e-07,1.3239963623330217e-06,7.109787572652055e-07
-2.139590674546343e-11,-4.681643296667088e-06,3.436847732694118e-06,1.565853246122561e-07,1.3247516286685556e-06,7.115450042449068e-07
-2.139590938322905e-11,-4.681643062602589e-06,3.436847560604406e-06,1.5748479479771226e-07,1.3254936801269133e-06,7.120999315474189e-07
-2.1395924596433312e-11,-4.6816428283351186e-06,3.4368473888018516e-06,1.583651735396451e-07,1.326222682612883e-06,7.12643765324114e-07
-2.1395914445291016e-11,-4.68164259439443e-06,3.4368472170886847e-06,1.5922690093126464e-07,1.32693880192528e-06,7.131767268969218e-07
-2.1395898768817064e-11,-4.6816423604264e-06,3.4368470448814007e-06,1.600704061855855e-07,1.3276422039785535e-06,7.136990335909947e-07
-2.139591515653487e-11,-4.681642126298706e-06,3.4368468732580405e-06,1.6089610907871632e-07,1.3283330542138475e-06,7.142108981795927e-07
-2.139589532711146e-11,-4.681641892503927e-06,3.4368467017057036e-06,1.61704417285324e-07,1.3290115180810417e-06,7.147125291338903e-07
-2.139592893175314e-11,-4.681641658091626e-06,3.4368465300869686e-06,1.62495730153394e-07,1.329677761376418e-06,7.152041311503223e-07
-2.1395888204603247e-11,-4.681641424110806e-06,3.436846358146536e-06,1.6327043581764715e-07,1.3303319488582496e-06,7.156859041513919e-07
-2.1395921940162278e-11,-4.681641189915923e-06,3.4368461862658408e-06,1.640289137530574e-07,1.3309742456203986e-06,7.161580448399748e-07
-2.1395895818798462e-11,-4.68164095583509e-06,3.4368460144870555e-06,1.6477153288746806e-07,1.3316048158497423e-06,7.166207454503239e-07
-2.1395938013684494e-11,-4.68164072142317e-06,3.4368458426585532e-06,1.6549865404408633e-07,1.3322238240833687e-06,7.170741946084873e-07
-2.1395918972152885e-11,-4.681640487498583e-06,3.436845670783954e-06,1.6621062860921323e-07,1.3328314339673726e-06,7.175185770269972e-07
-2.139589299954997e-11,-4.6816402531202935e-06,3.4368454989803233e-06,1.6690779930940108e-07,1.3334278087868628e-06,7.179540739212052e-07
-2.1395913746408543e-11,-4.681640019224725e-06,3.4368453273328713e-06,1.6759049976736454e-07,1.3340131114677221e-06,7.183808627594803e-07
-2.1395892199432828e-11,-4.681639785091436e-06,3.4368451553824645e-06,1.682590563893588e-07,1.334587504407974e-06,7.187991175685183e-07
-2.1395887549198473e-11,-4.681639551263281e-06,3.4368449838108613e-06,1.6891378614473455e-07,1.3351511491880206e-06,7.19209008766811e-07
-2.1395904885791683e-11,-4.681639316898863e-06,3.436844812028631e-06,1.695549985643396e-07,1.3357042072659517e-06,7.196107037197547e-07
-2.1395907762140084e-11,-4.681639082797965e-06,3.4368446399434178e-06,1.7018299640665175e-07,1.3362468391132386e-06,7.200043660180036e-07
-2.1395889148987042e-11,-4.681638848633986e-06,3.436844468209537e-06,1.7079807288222207e-07,1.3367792044703847e-06,7.203901560880983e-07
-2.1395890079332428e-11,-4.6816386147478775e-06,3.4368442965558e-06,1.71400514984344e-07,1.337301462524313e-06,7.207682311369473e-07
-2.1395893888545274e-11,-4.681638380632031e-06,3.436844124496026e-06,1.7199060248985308e-07,1.3378137717082259e-06,7.211387456236744e-07
-2.1395896295147983e-11,-4.68163814657849e-06,3.4368439527264418e-06,1.7256860784810348e-07,1.3383162892137897e-06,7.215018504824615e-07
-2.1395881413892624e-11,-4.681637912433891e-06,3.436843780706118e-06,1.7313479695812613e-07,1.338809172141611e-06,7.218576939274601e-07
-2.1395890144048477e-11,-4.681637678470057e-06,3.436843609208854e-06,1.7368942872453724e-07,1.3392925761017348e-06,7.222064207311464e-07
-2.1395890572209505e-11,-4.681637444080842e-06,3.4368434374596744e-06,1.7423275539060727e-07,1.3397666559409284e-06,7.225481734733224e-07
-2.1395889862197727e-11,-4.681637210017568e-06,3.436843265882733e-06,1.7476502331541614e-07,1.340231565639655e-06,7.228830913476225e-07
-2.1395892921196076e-11,-4.68163697605268e-06,3.436843094016874e-06,1.752864719746526e-07,1.3406874580052586e-06,7.232113110219412e-07
-2.139588460425098e-11,-4.6816367418363616e-06,3.436842922401585e-06,1.7579733595901628e-07,1.3411344848878022e-06,7.235329664163808e-07
-2.1395893603484285e-11,-4.68163650791999e-06,3.4368427504666852e-06,1.7629784275377128e-07,1.341572797221107e-06,7.238481887310154e-07
-2.1395888995074647e-11,-4.681636273555193e-06,3.436842578432066e-06,1.7678821484816915e-07,1.342002544413703e-06,7.241571064458837e-07
-2.1395854861497266e-11,-4.68163603955612e-06,3.436842406353676e-06,1.7726866906931682e-07,1.3424238748645194e-06,7.244598455430357e-07
-2.139587486854351e-11,-4.681635805110225e-06,3.436842234409575e-06,1.77739416471154e-07,1.3428369359444796e-06,7.247565297840888e-07
-2.1395872994172445e-11,-4.681635571096522e-06,3.4368420627094627e-06,1.7820066366671913e-07,1.3432418734317785e-06,7.250472798775581e-07
-2.1395871826794332e-11,-4.681635337088881e-06,3.4368418907207166e-06,1.7865261082975019e-07,1.3436388321558055e-06,7.253322147556162e-07
-2.139587405604079e-11,-4.68163510307449e-06,3.436841718941199e-06,1.790954543592187e-07,1.34402795533756e-06,7.256114505471322e-07
-1.0721702420959477e-11,-4.681634889946389e-06,4.365294012475338e-06,7.209124536508868e-08,1.0104415557068644e-06,7.258848839638319e-07
-1.0678226725328811e-11,-4.681634487425846e-06,4.346724790467232e-06,7.466523896389623e-08,1.0174947829321023e-06,7.261530603315833e-07
-1.0635625157243454e-11,-4.6816340878495654e-06,4.328526948398512e-06,7.718771218275966e-08,1.0244070099054242e-06,7.26415872777391e-07
-1.28522378767874e-11,-4.68163369164536e-06,5.275463529901362e-06,-3.197929956547464e-08,6.841514521295488e-07,7.26673167261376e-07
-1.4752651748585064e-11,-4.68163329884889e-06,6.087321921790856e-06,-1.255238900240417e-07,3.924766844465976e-07,7.269253416028837e-07
-1.636037545651065e-11,-4.6816329089847314e-06,6.774146848467811e-06,-2.0460820327154844e-07,1.457697105697602e-07,7.271724968329543e-07
-1.769860016695423e-11,-4.681632522625524e-06,7.345838308705698e-06,-2.7037764510646897e-07,-5.9530405111842447e-08,7.274147321669812e-07
-1.879014088928577e-11,-4.681632138818362e-06,7.812154011502267e-06,-3.2396116236681395e-07,-2.269334130691207e-07,7.276521445890489e-07
-1.9657556633925102e-11,-4.681631758357388e-06,8.182711815649777e-06,-3.6647152657488296e-07,-3.5989875748786745e-07,7.278848287693468e-07
-2.032300649162785e-11,-4.681631380753088e-06,8.466992074325161e-06,-3.990056040129694e-07,-4.618364195468368e-07,7.281128781472806e-07
-2.0808368234363146e-11,-4.6816310061327515e-06,8.674339987863477e-06,-4.2264462608931664e-07,-5.361077645629673e-07,7.283363834055633e-07
-2.1135238023059222e-11,-4.681630634070182e-06,8.813967891476741e-06,-4.384544567566385e-07,-5.860263646401022e-07,7.285554341639413e-07
-2.1324795440445138e-11,-4.681630265006907e-06,8.894957499803764e-06,-4.474858486393714e-07,-6.148588076958879e-07,7.287701174810027e-07
-2.1398084670243264e-11,-4.68162989843582e-06,8.92626214547511e-06,-4.50774703951398e-07,-6.258255015650892e-07,7.289805191037965e-07
-2.13757139518456e-11,-4.681629534766077e-06,8.916708940043944e-06,-4.4934232342389084e-07,-6.221014527498703e-07,7.291867226080003e-07
-2.1278098223048464e-11,-4.6816291735399175e-06,8.875000930550893e-06,-4.441956543303662e-07,-6.068170423001751e-07,7.29388810175662e-07
-2.0621065360280538e-11,-4.681628836168726e-06,8.793820408642331e-06,-4.344877272694574e-07,-5.773412401397518e-07,7.295869008664385e-07
-2.0470809346808716e-11,-4.68162847329453e-06,8.729626642354964e-06,-4.2516150571891973e-07,-5.490364582510154e-07,7.29780994565169e-07
-2.0271863677703374e-11,-4.681628113137722e-06,8.644648594991409e-06,-4.148310713046446e-07,-5.175963999841242e-07,7.299712089312265e-07
-2.0067749534103172e-11,-4.68162775552255e-06,8.557447917199961e-06,-4.04480765827793e-07,-4.860811307997095e-07,7.30157619238106e-07
-1.985639243181605e-11,-4.681627400396919e-06,8.467157797296485e-06,-3.9377816118831143e-07,-4.534575697817143e-07,7.303403022845068e-07
-1.9585006769078868e-11,-4.6816270476845735e-06,8.351224630462585e-06,-3.801133676328874e-07,-4.1161310037847686e-07,7.305193269846342e-07
-1.919192555844224e-11,-4.681626697416736e-06,8.183300969034664e-06,-3.6043763700528037e-07,-3.5107044941298893e-07,7.306947097388251e-07
-1.861747381354148e-11,-4.681626349410142e-06,7.937890481259204e-06,-3.3180099402782757e-07,-2.626584649510853e-07,7.308663642886695e-07
-1.78038911756009e-11,-4.681626003838424e-06,7.5903323460340205e-06,-2.913505597096908e-07,-1.3750647724894298e-07,7.310340557775872e-07
-1.669542133893363e-11,-4.681625660180866e-06,7.116786238851275e-06,-2.3632892874830718e-07,3.296113879428654e-08,7.311973594189473e-07
-1.523809505134583e-11,-4.681625319082702e-06,6.4942178642310875e-06,-1.6407260167584827e-07,2.570302089657085e-07,7.31355620996178e-07
-1.337989584356386e-11,-4.681624979735719e-06,5.7003850212968565e-06,-7.201047007516882e-08,5.4270182336082e-07,7.315079224283882e-07
-1.1070510338852157e-11,-4.681624642821846e-06,4.71382416982166e-06,4.233765212502398e-08,8.976972246280072e-07,7.316530480577357e-07
-1.1010757665468947e-11,-4.681624307985963e-06,4.688284133795045e-06,4.545931840341289e-08,9.07006753145186e-07,7.317891388139241e-07
-1.0952162977858893e-11,-4.681623974934408e-06,4.6632548933300104e-06,4.849604427615743e-08,9.161306026493008e-07,7.319145486462884e-07
-1.08947453385237e-11,-4.681623644026825e-06,4.6387262332160425e-06,5.1442482366948185e-08,9.25072644967027e-07,7.320270012354447e-07
-1.083846869433958e-11,-4.681623314898136e-06,4.614688141805943e-06,5.429213721624613e-08,9.338367024791401e-07,7.321238225134209e-07
-1.078332288536712e-11,-4.681622987669631e-06,4.5911308076455285e-06,5.703731298976856e-08,9.424265507105474e-07,7.322019233720543e-07
-1.0729291964826351e-11,-4.68162266249071e-06,4.568044615382665e-06,5.966906684911191e-08,9.508459209039781e-07,7.322577830652671e-07
-1.0676331033180897e-11,-4.681622338852511e-06,4.545420142545289e-06,6.217717042701028e-08,9.590985021302427e-07,7.322874365526141e-07
-1.062440927849718e-11,-4.681622017147456e-06,4.523248154368716e-06,6.455007763086577e-08,9.671879432009552e-07,7.322864628420161e-07
-1.0573547086194793e-11,-4.681621697037438e-06,4.5015196019814895e-06,6.677489499979914e-08,9.751178548280005e-07,7.322499764133563e-07
-1.0523703699138438e-11,-4.681621378757198e-06,4.480225615385693e-06,6.883736338597779e-08,9.828918113768574e-07,7.321726210567864e-07
-1.0474853418966102e-11,-4.6816210619468476e-06,4.459357504575997e-06,7.072183996901324e-08,9.905133518070103e-07,7.320485647379855e-07
-1.0427008893627567e-11,-4.681620747222705e-06,4.4389067512163445e-06,7.24112891521495e-08,9.979859821731107e-07,7.318714976552928e-07
-1.0380070498543478e-11,-4.68162043383854e-06,4.418865008558182e-06,7.388727612298618e-08,1.0053131755456819e-06,7.316346318095099e-07
-1.0334105428835231e-11,-4.681620122271241e-06,4.399224096254018e-06,7.512996663145767e-08,1.0124983742384598e-06,7.313307019753474e-07
-1.0289034706129401e-11,-4.681619812108254e-06,4.37997599784832e-06,7.611813098665941e-08,1.0195449895292228e-06,7.309519693790294e-07
-1.0244884695233553e-11,-4.681619503583415e-06,4.361112856989216e-06,7.682915071821685e-08,1.0264564036864283e-06,7.304902264167243e-07
-1.0201621340223034e-11,-4.6816191963833205e-06,4.342626974597773e-06,7.72390335643257e-08,1.0332359697141464e-06,7.299368032742164e-07
-1.0159216899417628e-11,-4.6816188907645335e-06,4.3245108057343614e-06,7.732242657241876e-08,1.0398870118245167e-06,7.292825764062022e-07
-1.0117634620038078e-11,-4.681618586394426e-06,4.306756955878079e-06,7.705263930286437e-08,1.046412826567113e-06,7.285179779592554e-07
-1.007691156706333e-11,-4.6816182835034185e-06,4.289358178832662e-06,7.640166381302057e-08,1.0528166823481226e-06,7.276330073042196e-07
-1.0037013136002286e-11,-4.681617982155366e-06,4.272307372918689e-06,7.534020352307524e-08,1.059101819561079e-06,7.266172436232965e-07
-9.997903570087643e-12,-4.68161768181456e-06,4.255597578810893e-06,7.383770297006741e-08,1.0652714508236425e-06,7.254598593575519e-07
-9.959568215982948e-12,-4.681617383000493e-06,4.239221976516349e-06,7.186237978235965e-08,1.0713287608426084e-06,7.241496363189514e-07
-9.921968897222406e-12,-4.681617085286776e-06,4.223173881514077e-06,6.938126098397702e-08,1.0772769063290991e-06,7.226749812056439e-07
-9.88516805580367e-12,-4.68161678906882e-06,4.207446744446129e-06,6.636021974304234e-08,1.0831190151022749e-06,7.210239437540208e-07
-9.849114958420579e-12,-4.681616494107419e-06,4.192034146146418e-06,6.276401922563703e-08,1.0888581861549801e-06,7.1918423496015e-07
-9.813752082316165e-12,-4.681616200418391e-06,4.176929795318318e-06,5.855635189775208e-08,1.0944974890488782e-06,7.171432471330848e-07
-9.779104572648143e-12,-4.6816159078162945e-06,4.1621275276434206e-06,5.369988626573339e-08,1.1000399631722298e-06,7.148880740036726e-07
-9.74512756673165e-12,-4.681615616369925e-06,4.1476213008593874e-06,4.815631406081657e-08,1.1054886169487578e-06,7.124055320684791e-07
-9.711849213353725e-12,-4.68161532622254e-06,4.133405194401991e-06,4.188639775673666e-08,1.1108464278409733e-06,7.096821837933394e-07
-9.679246590681071e-12,-4.681615037102893e-06,4.119473406153462e-06,3.485002308333183e-08,1.1161163401170322e-06,7.067043595123844e-07
-9.647286898113065e-12,-4.681614748828058e-06,4.1058202495606916e-06,2.700624887562225e-08,1.1213012650249428e-06,7.03458181630786e-07
-9.615959823187875e-12,-4.6816144617066856e-06,4.0924401521845684e-06,1.831336180786807e-08,1.1264040795151246e-06,6.999295889107572e-07
-9.585279474313229e-12,-4.681614175857052e-06,4.0793276525354985e-06,8.728929684338719e-09,1.1314276256264326e-06,6.961043614653237e-07
-9.555193729232052e-12,-4.681613891112564e-06,4.066477398936793e-06,-1.790139607781975e-09,1.1363747081558327e-06,6.919681460712705e-07
-9.52570196980891e-12,-4.681613607154329e-06,4.053884145893145e-06,-1.3287545917845484e-08,1.1412480948607252e-06,6.875064823980392e-07
-9.49681733228054e-12,-4.681613324195698e-06,4.041542754057948e-06,-2.580753521429642e-08,1.1460505145172567e-06,6.827048285982235e-07
-9.468505414172629e-12,-4.681613042173641e-06,4.029448185911894e-06,-3.9394844184475835e-08,1.1507846561906287e-06,6.775485887299494e-07
-9.44078679017148e-12,-4.681612761286063e-06,4.017595505133851e-06,-5.40946381730889e-08,1.155453167421807e-06,6.720231390135041e-07
-9.413564545291971e-12,-4.681612481432682e-06,4.0059798741369024e-06,-6.995245400564944e-08,1.1600586535735986e-06,6.661138557533108e-07
-9.386931484723642e-12,-4.681612202200116e-06,3.994596551858105e-06,-8.701413892614926e-08,1.1646036762132626e-06,6.598061416639491e-07
-9.360828666529208e-12,-4.6816119241015294e-06,3.983440891657862e-06,-1.0532579008983366e-07,1.16909075145933e-06,6.530854545276462e-07
-9.33520691963747e-12,-4.681611646546965e-06,3.97250834068148e-06,-1.2493369416700268e-07,1.1735223495430533e-06,6.459373334092759e-07
-9.310143099478792e-12,-4.681611370061971e-06,3.961794436839449e-06,-1.458842663916995e-07,1.1779008924324847e-06,6.38347427244459e-07
-9.285578119963924e-12,-4.681611094436896e-06,3.951294807517515e-06,-1.682239903875565e-07,1.1822287532528994e-06,6.30301521470897e-07
-9.261471842127548e-12,-4.681610819843817e-06,3.941005166507552e-06,-1.919993562172817e-07,1.186508254788749e-06,6.217855667274931e-07
-9.237871320962278e-12,-4.681610545849959e-06,3.9309213144953e-06,-2.1725680076362001e-07,1.1907416679395992e-06,6.12785704306074e-07
-9.214743203838778e-12,-4.6816102728651275e-06,3.921039135662299e-06,-2.44042647666219e-07,1.1949312106805756e-06,6.032882946701052e-07
-9.19207611361267e-12,-4.681610000510487e-06,3.911354595965897e-06,-2.724030450380542e-07,1.199079046567936e-06,5.932799438223401e-07
-9.169855358114787e-12,-4.6816097289262355e-06,3.90186374366929e-06,-3.023839082888791e-07,1.2031872831789907e-06,5.827475296308511e-07
-9.148077498450745e-12,-4.68160945815623e-06,3.892562704450951e-06,-3.340308599510742e-07,1.2072579715851674e-06,5.716782284326069e-07
-9.126754054861318e-12,-4.681609188157472e-06,3.883447681979976e-06,-3.6738917006060755e-07,1.2112931049687936e-06,5.600595407072415e-07
-9.105841275953228e-12,-4.681608918678873e-06,3.874514956237701e-06,-4.025036992025347e-07,1.2152946163623368e-06,5.47879316570416e-07
-9.085326975435151e-12,-4.6816086500978256e-06,3.865760881053728e-06,-4.3941884033525117e-07,1.2192643789416902e-06,5.351257803096116e-07
-9.065274774381604e-12,-4.681608381943925e-06,3.857181883663742e-06,-4.781784621690581e-07,1.2232042044134175e-06,5.217875557803492e-07
-9.045567629851366e-12,-4.6816081148071815e-06,3.8487744620961325e-06,-5.188258535439336e-07,1.2271158416133864e-06,5.078536896513537e-07
-9.026294723017818e-12,-4.681607848350403e-06,3.840535184850591e-06,-5.614036674742364e-07,1.2310009757115392e-06,4.933136747191057e-07
-9.007405268951704e-12,-4.681607582111187e-06,3.832460689571316e-06,-6.059538675248778e-07,1.234861227116913e-06,4.78157473041989e-07
-8.988887304761648e-12,-4.681607316777238e-06,3.824547680418519e-06,-6.525176746315872e-07,1.2386981505376188e-06,4.6237553785319336e-07
-8.970734016112025e-12,-4.681607052151179e-06,3.816792927509528e-06,-7.011355144762876e-07,1.2425132349680764e-06,4.459588350434058e-07
-8.952928074139839e-12,-4.681606788080054e-06,3.809193265941007e-06,-7.518469656396342e-07,1.2463079015468233e-06,4.288988634361383e-07
-8.935480319942732e-12,-4.681606524401695e-06,3.801745593866345e-06,-8.046907113062604e-07,1.2500835039075118e-06,4.1118767563205133e-07
-8.918405340199965e-12,-4.681606261574379e-06,3.7944468714919257e-06,-8.597044884165204e-07,1.2538413269817842e-06,3.928178963275148e-07
-8.901652807971223e-12,-4.681605999146108e-06,3.7872941198588525e-06,-9.169250403709439e-07,1.257582586589446e-06,3.7378274091073373e-07
-8.885249071207992e-12,-4.681605737237198e-06,3.7802844189919963e-06,-9.763880712890037e-07,1.2613084289325619e-06,3.540760334750085e-07
-8.869178619889374e-12,-4.6816054761143e-06,3.7734149084786863e-06,-1.038128199268688e-06,1.265019929617537e-06,3.3369222268093797e-07
-8.853402328580353e-12,-4.681605215323979e-06,3.7666827841228398e-06,-1.1021789140869619e-06,1.2687180947365155e-06,3.1262639834027677e-07
-8.837977041118074e-12,-4.681604955352426e-06,3.7600852991629763e-06,-1.1685725322357015e-06,1.2724038585585175e-06,2.9087430576546183e-07
-8.822826731017665e-12,-4.681604695501979e-06,3.7536197598312414e-06,-1.2373401571756747e-06,1.2760780851670654e-06,2.684323603134419e-07
-8.807984844089129e-12,-4.681604436519537e-06,3.747283527716834e-06,-1.3085116392574572e-06,1.2797415671915534e-06,2.4529765982008156e-07
-8.793454493316184e-12,-4.681604177831935e-06,3.7410740161070267e-06,-1.3821155365305299e-06,1.2833950264441873e-06,2.2146799703456598e-07
-8.7792193872397e-12,-4.681603919624886e-06,3.734988691583597e-06,-1.4581790774397588e-06,1.2870391132833571e-06,1.9694187091583529e-07
-8.765276250606383e-12,-4.681603661776168e-06,3.7290250696490686e-06,-1.5367281261864095e-06,1.2906744074340614e-06,1.717184963608303e-07
-8.751601526215461e-12,-4.681603404708991e-06,3.7231807164506577e-06,-1.6177871469789443e-06,1.2943014178065617e-06,1.457978136274286e-07
-8.7381647754269e-12,-4.681603148090681e-06,3.717453246328662e-06,-1.701379172391644e-06,1.297920582777715e-06,1.1918049670267536e-07
-8.725048187210637e-12,-4.681602891784689e-06,3.7118403216612954e-06,-1.7875257721673213e-06,1.301532270995243e-06,9.186796015833788e-08
-8.712159293280052e-12,-4.681602635915667e-06,3.706339652208725e-06,-1.8762470217979958e-06,1.305136781253073e-06,6.386236511828124e-08
-8.69954864230242e-12,-4.681602380710521e-06,3.7009489926314815e-06,-1.967561476323614e-06,1.3087343434205525e-06,3.51666246429882e-08
-8.687183660755575e-12,-4.681602125645452e-06,3.6956661423774432e-06,-2.0614861423544185e-06,1.3123251190425345e-06,5.784407754051181e-09
-8.675047079182685e-12,-4.681601871140672e-06,3.6904889452557236e-06,-2.158036453757054e-06,1.3159092020778926e-06,-2.427985709643515e-08
-8.663192436783373e-12,-4.6816016169282305e-06,3.685415288230934e-06,-2.257226246785562e-06,1.3194866198184923e-06,-5.5020980887956325e-08
-8.651564025949585e-12,-4.681601363281444e-06,3.6804431006120207e-06,-2.3590677387651016e-06,1.323057333364644e-06,-8.643301244955766e-08
-8.64013217756383e-12,-4.68160111026767e-06,3.6755703533748573e-06,-2.463571508107923e-06,1.3266212389340672e-06,-1.1850923858479304e-07
-8.628957575718476e-12,-4.681600857169829e-06,3.6707950573848823e-06,-2.5707464746624255e-06,1.3301781691961331e-06,-1.512421847379046e-07
-8.617998910177176e-12,-4.681600604580083e-06,3.6661152635736327e-06,-2.680599881616525e-06,1.3337278940556374e-06,-1.846236177139094e-07
-8.607272099656848e-12,-4.681600352592179e-06,3.6615290622791005e-06,-2.7931372809537304e-06,1.3372701218131413e-06,-2.1864454856521567e-07
-8.596730330065289e-12,-4.681600100924131e-06,3.6570345807562204e-06,-2.90836251813208e-06,1.3408045008974144e-06,-2.5329523578354926e-07
-8.586433603015835e-12,-4.681599849383503e-06,3.652629985517836e-06,-3.0262777198716946e-06,1.344330620546063e-06,-2.8856519187805333e-07
-8.576340496696622e-12,-4.6815995982668745e-06,3.6483134783840425e-06,-3.1468832823864203e-06,1.3478480129626666e-06,-3.244431879272299e-07
-8.566430986044522e-12,-4.6815993473033924e-06,3.644083298212794e-06,-3.270177862057974e-06,1.3513561545182388e-06,-3.6091726130889073e-07
-8.556713699121237e-12,-4.681599096928156e-06,3.639937717546472e-06,-3.3961583675533726e-06,1.3548544675725134e-06,-3.9797472377704626e-07
-8.54719988062949e-12,-4.681598846685246e-06,3.6358750448900536e-06,-3.5248199511652114e-06,1.358342321744631e-06,-4.356021693583899e-07
-8.5378828281099e-12,-4.681598596838717e-06,3.631893622392178e-06,-3.6561560068132826e-06,1.3618190358939075e-06,-4.737854853296303e-07
-8.528744934275553e-12,-4.68159834726447e-06,3.6279918244552356e-06,-3.790158163494279e-06,1.3652838801169277e-06,-5.125098619597153e-07
-8.519813180869353e-12,-4.681598098254347e-06,3.624168058599812e-06,-3.926816283727507e-06,1.3687360770200792e-06,-5.517598046112653e-07
-8.511035087084935e-12,-4.68159784922461e-06,3.6204207646078482e-06,-4.0661184641100245e-06,1.3721748040080708e-06,-5.915191457309831e-07
-8.502429302746e-12,-4.68159760076984e-06,3.6167484128343134e-06,-4.2080510340954196e-06,1.3755991955750614e-06,-6.317710582000846e-07
-8.493993921226165e-12,-4.681597352434086e-06,3.6131495047128415e-06,-4.352598559102469e-06,1.379008344636039e-06,-6.724980697671949e-07
-8.485753738950668e-12,-4.681597104404791e-06,3.609622570789916e-06,-4.499743843956856e-06,1.382401305047016e-06,-7.136820773424591e-07
-8.477672147362442e-12,-4.681596856691236e-06,3.6061661720402455e-06,-4.649467936665964e-06,1.3857770933761988e-06,-7.553043628182121e-07
-8.469723789444758e-12,-4.681596609269703e-06,3.6027788978896044e-06,-4.801750136301495e-06,1.3891346912906919e-06,-7.973456097361842e-07
-8.461978111113456e-12,-4.681596362148117e-06,3.5994593656964075e-06,-4.9565679993277736e-06,1.3924730479843092e-06,-8.39785919732664e-07
-8.454337627846923e-12,-4.681596115051725e-06,3.596206220192692e-06,-5.113897348705619e-06,1.3957910817421489e-06,-8.82604830773891e-07
-8.446882613447922e-12,-4.681595868271926e-06,3.593018134272794e-06,-5.273712284106427e-06,1.3990876824834564e-06,-9.257813359049213e-07
-8.439577495848814e-12,-4.681595621785309e-06,3.589893806795985e-06,-5.435985193680592e-06,1.4023617141199404e-06,-9.692939014572595e-07
-8.432401713430556e-12,-4.681595376018079e-06,3.5868319614693777e-06,-5.600686765936912e-06,1.4056120172378534e-06,-1.0131204873103992e-06
-8.425388751584619e-12,-4.681595129814715e-06,3.5838313501199592e-06,-5.767786004730661e-06,1.4088374102526716e-06,-1.0572385672505084e-06
-8.418484310889801e-12,-4.681594884283018e-06,3.580890747185166e-06,-5.937250243585508e-06,1.4120366929445066e-06,-1.1016251496344108e-06
-8.41173470005765e-12,-4.681594638795518e-06,3.5780089525137667e-06,-6.1090451620138325e-06,1.4152086482376769e-06,-1.1462567984282862e-06
-8.405131878088424e-12,-4.681594393605877e-06,3.575184790488536e-06,-6.283134803835463e-06,1.41835204446413e-06,-1.1911096558422907e-06
-8.398657921792878e-12,-4.681594148394101e-06,3.5724171078102258e-06,-6.459481594608213e-06,1.421465638126502e-06,-1.2361594639659927e-06
-8.392315379266778e-12,-4.681593903695018e-06,3.5697047755313547e-06,-6.638046362167077e-06,1.424548175864861e-06,-1.2813815878054467e-06
-8.386098653808935e-12,-4.681593659048952e-06,3.5670466863021816e-06,-6.818788356941341e-06,1.4275983968531367e-06,-1.3267510383619143e-06
-8.379995829353036e-12,-4.681593414841012e-06,3.5644417552080365e-06,-7.001665274159107e-06,1.4306150353629849e-06,-1.372242496390578e-06
-8.374015356224598e-12,-4.6815931706184406e-06,3.5618889193056072e-06,-7.186633275829755e-06,1.4335968230383093e-06,-1.4178303358817124e-06
-8.368148298828101e-12,-4.681592926685522e-06,3.5593871365619417e-06,-7.3736470162791265e-06,1.4365424910853826e-06,-1.4634886485826707e-06
-8.362410470567269e-12,-4.681592682961873e-06,3.556935385848439e-06,-7.5626596641319955e-06,1.4394507727057774e-06,-1.5091912687002984e-06
-8.356765575840408e-12,-4.681592439687735e-06,3.5545326666168074e-06,-7.753622931177925e-06,1.4423204054818639e-06,-1.5549117969788261e-06
-8.351288229330934e-12,-4.681592196321566e-06,3.5521779978321122e-06,-7.94648709701826e-06,1.4451501334990079e-06,-1.6006236259018777e-06
-8.345872220879522e-12,-4.6815919530694e-06,3.549870418880865e-06,-8.14120103659973e-06,1.4479387091606485e-06,-1.6462999654356974e-06
-8.340577237875068e-12,-4.681591709883536e-06,3.5476089882283204e-06,-8.337712249968468e-06,1.4506848962301776e-06,-1.6919138671903123e-06
-8.335392660367355e-12,-4.681591467023949e-06,3.5453927828087113e-06,-8.535966889470538e-06,1.4533874715523882e-06,-1.7374382511203293e-06
-8.330321109496033e-12,-4.681591224371609e-06,3.54322089770327e-06,-8.735909791393347e-06,1.4560452276032134e-06,-1.7828459299358936e-06
-8.325323760885355e-12,-4.681590981979067e-06,3.541092447052058e-06,-8.937484505386606e-06,1.4586569734634143e-06,-1.8281096356230698e-06
-8.3204365811064e-12,-4.681590739848767e-06,3.539006561527554e-06,-9.140633326991933e-06,1.4612215382707825e-06,-1.8732020442156179e-06
-8.315654450706154e-12,-4.681590497645138e-06,3.5369623906929686e-06,-9.345297329284252e-06,1.4637377724680559e-06,-1.9180958018435277e-06
-8.31097144436943e-12,-4.6815902556850516e-06,3.5349590992832216e-06,-9.551416394957303e-06,1.466204549924534e-06,-1.962763550906448e-06
-8.306383726624485e-12,-4.681590013910166e-06,3.532995870161826e-06,-9.758929251406748e-06,1.4686207699191763e-06,-2.007177954581782e-06
-8.301853499623e-12,-4.6815897722624065e-06,3.5310719020167703e-06,-9.967773503370778e-06,1.470985358659072e-06,-2.0513117232201617e-06
-8.297463682995538e-12,-4.681589530552951e-06,3.529186409890737e-06,-1.0177885668457314e-05,1.4732972718734336e-06,-2.095137638770271e-06
-8.293131537282573e-12,-4.681589289194754e-06,3.5273386237867607e-06,-1.038920121111688e-05,1.475555495595758e-06,-2.1386285815490167e-06
-8.28888075356438e-12,-4.681589047950924e-06,3.5255277901006607e-06,-1.0601654580501269e-05,1.4777590486458664e-06,-2.1817575533063287e-06
-8.28471741536011e-12,-4.681588806964067e-06,3.5237531695509224e-06,-1.0815179244769493e-05,1.479906983734115e-06,-2.224497704245127e-06
-8.28065678577672e-12,-4.681588566172238e-06,3.522014038342376e-06,-1.1029707728502343e-05,1.481998389311774e-06,-2.266822355836321e-06
-8.276687025666468e-12,-4.681588325204014e-06,3.520309685738913e-06,-1.1245171650227994e-05,1.4840323911110727e-06,-2.308705026756307e-06
-8.272764243629269e-12,-4.681588084392179e-06,3.51863941660789e-06,-1.146150175917044e-05,1.4860081531245105e-06,-2.350119456035028e-06
-8.268932693771825e-12,-4.681587843911419e-06,3.517002549110614e-06,-1.1678627974329386e-05,1.4879248794976716e-06,-2.3910396275501804e-06
-8.265170403033118e-12,-4.681587603286452e-06,3.5153984156653864e-06,-1.1896479421561767e-05,1.489781815910672e-06,-2.4314397933418154e-06
-8.26149314506812e-12,-4.681587363072909e-06,3.5138263612094695e-06,-1.2114984473327782e-05,1.4915782498107264e-06,-2.4712944971212085e-06
-8.257887281079532e-12,-4.681587122822002e-06,3.5122857444342604e-06,-1.2334070787215664e-05,1.4933135128939154e-06,-2.510578596586262e-06
-8.254344135152902e-12,-4.681586882766914e-06,3.5107759366960657e-06,-1.2553665345021614e-05,1.4949869809372516e-06,-2.5492672866389453e-06
-8.250894705431716e-12,-4.681586643011713e-06,3.5092963212491036e-06,-1.2773694492384785e-05,1.4965980759955427e-06,-2.5873361213398667e-06
-8.247498253568532e-12,-4.681586403158485e-06,3.5078462948155256e-06,-1.299408397942151e-05,1.498146266116114e-06,-2.624761034669349e-06
-8.244191810437194e-12,-4.6815861636522485e-06,3.5064252656904874e-06,-1.3214758999250087e-05,1.4996310673616188e-06,-2.661518363703239e-06
-8.240907192524543e-12,-4.681585923926564e-06,3.50503265374561e-06,-1.3435644228513962e-05,1.5010520433605367e-06,-2.6975848671396707e-06
-8.237715230926165e-12,-4.6815856843001024e-06,3.5036678901926185e-06,-1.3656663869015148e-05,1.5024088072436296e-06,-2.7329377474479046e-06
-8.234594789221812e-12,-4.681585445012881e-06,3.5023304185788796e-06,-1.3877741687349215e-05,1.503701020922212e-06,-2.767554669533864e-06
-8.231517925503349e-12,-4.681585205385696e-06,3.5010196928564264e-06,-1.4098801053874183e-05,1.5049283968257134e-06,-2.80141378046039e-06
-8.228513425620252e-12,-4.681584966146063e-06,3.499735177867621e-06,-1.4319764986231299e-05,1.5060906977057657e-06,-2.834493728459689e-06
-8.225565469472586e-12,-4.681584727165024e-06,3.498476349863335e-06,-1.4540556188202883e-05,1.5071877370621742e-06,-2.866773680863362e-06
-8.222698245824732e-12,-4.681584488357411e-06,3.4972426950212763e-06,-1.4761097091123688e-05,1.5082193790917164e-06,-2.898233341310757e-06
-8.219842354789093e-12,-4.6815842494338775e-06,3.496033709670301e-06,-1.4981309894071014e-05,1.5091855401245034e-06,-2.92885296785939e-06
-8.217051365647114e-12,-4.681584010873526e-06,3.494848900588544e-06,-1.5201116605720162e-05,1.5100861870705105e-06,-2.958613388611228e-06
-8.214349771898324e-12,-4.681583771989345e-06,3.4936877842015645e-06,-1.542043908431249e-05,1.5109213390121075e-06,-2.987496017907992e-06
-8.211681452891445e-12,-4.681583533597766e-06,3.4925498865426092e-06,-1.563919907884472e-05,1.511691065993813e-06,-3.0154828717770113e-06
-8.209072285809682e-12,-4.6815832949961785e-06,3.4914347431110486e-06,-1.5857318269148043e-05,1.5123954896772646e-06,-3.0425565824889597e-06
-8.206516115133767e-12,-4.681583056699e-06,3.4903418994642303e-06,-1.6074718307077412e-05,1.5130347825559826e-06,-3.068700412171844e-06
-8.204022463687209e-12,-4.6815828185377e-06,3.489270909015582e-06,-1.629132085736777e-05,1.5136091687879628e-06,-3.093898266994021e-06
-8.201553141249225e-12,-4.681582580141798e-06,3.488221334766386e-06,-1.6507047636935998e-05,1.5141189221822125e-06,-3.1181347089602253e-06
-8.199142700484121e-12,-4.681582341903888e-06,3.4871927490628783e-06,-1.6721820455293065e-05,1.5145643672593902e-06,-3.1413949690537285e-06
-8.196793291231965e-12,-4.681582103815326e-06,3.486184731215291e-06,-1.6935561256177388e-05,1.5149458786224429e-06,-3.163664957422549e-06
-8.194482776515209e-12,-4.681581865834152e-06,3.4851968704260978e-06,-1.7148192155413484e-05,1.5152638792187366e-06,-3.184931275092213e-06
-8.192201228133741e-12,-4.681581627926589e-06,3.4842287632696236e-06,-1.7359635481657193e-05,1.5155188411330466e-06,-3.205181223333166e-06
-8.189980105970877e-12,-4.681581390153052e-06,3.4832800147032697e-06,-1.7569813816030628e-05,1.5157112845606098e-06,-3.2244028136665636e-06
-8.187810988185175e-12,-4.681581152303967e-06,3.482350237646112e-06,-1.7778650031202074e-05,1.5158417761092485e-06,-3.2425847756635004e-06
-8.185674213605347e-12,-4.681580914410607e-06,3.4814390531397887e-06,-1.7986067329799732e-05,1.5159109293779771e-06,-3.2597165658544552e-06
-8.183591946443072e-12,-4.681580676919119e-06,3.48054608820422e-06,-1.819198928449076e-05,1.5159194033353864e-06,-3.2757883742240004e-06
-8.181531128558354e-12,-4.6815804390666124e-06,3.479670979244411e-06,-1.8396339875062747e-05,1.5158679014743189e-06,-3.290791130872067e-06
-8.179533498455667e-12,-4.681580201534166e-06,3.478813368917985e-06,-1.8599043527725643e-05,1.5157571707686324e-06,-3.3047165124114912e-06
-8.177558827635972e-12,-4.681579964319489e-06,3.477972907316916e-06,-1.8800025152637297e-05,1.515588001013205e-06,-3.317556946922313e-06
-8.175629932659445e-12,-4.681579726823781e-06,3.4771492512817106e-06,-1.8999210180207754e-05,1.515361223255782e-06,-3.3293056173101182e-06
-8.173744388497633e-12,-4.681579489645477e-06,3.4763420652959644e-06,-1.919652460106731e-05,1.5150777088324542e-06,-3.3399564668431625e-06
-8.171886646171733e-12,-4.6815792523121205e-06,3.4755510195197476e-06,-1.9391895000372406e-05,1.5147383686367195e-06,-3.349504200762139e-06
-8.170077621282797e-12,-4.6815790150084805e-06,3.4747757911715035e-06,-1.9585248595109138e-05,1.514344151046409e-06,-3.3579442894442075e-06
-8.168296561800924e-12,-4.681578778012684e-06,3.4740160640244487e-06,-1.9776513270730593e-05,1.5138960411112092e-06,-3.365272969318848e-06
-8.166545089563874e-12,-4.681578540938494e-06,3.473271527503796e-06,-1.9965617616017898e-05,1.5133950594035053e-06,-3.3714872442416917e-06
-8.16484187712502e-12,-4.681578303956024e-06,3.4725418786108877e-06,-2.015249095871835e-05,1.5128422600025484e-06,-3.3765848857164646e-06
-8.16316606695756e-12,-4.6815780668760845e-06,3.4718268193491838e-06,-2.0337063400295422e-05,1.5122387300945782e-06,-3.3805644322565405e-06
-8.16152234659414e-12,-4.681577830025472e-06,3.4711260574351044e-06,-2.0519265850900767e-05,1.511585587343646e-06,-3.383425188177481e-06
-8.159920886233314e-12,-4.681577593180347e-06,3.4704393074301087e-06,-2.06990300621258e-05,1.5108839795492266e-06,-3.385167221917759e-06
-8.15834789661594e-12,-4.681577356493203e-06,3.469766289021428e-06,-2.087628866164067e-05,1.5101350824199796e-06,-3.385791363165965e-06
-8.156788970281475e-12,-4.681577119799676e-06,3.469106727212277e-06,-2.1050975185057628e-05,1.5093400983176806e-06,-3.385299200334982e-06
-8.15528240603527e-12,-4.681576882901333e-06,3.46846035322189e-06,-2.1223024109792847e-05,1.5085002545077532e-06,-3.383693075718556e-06
-8.153806178249285e-12,-4.6815766465174215e-06,3.4678269032608187e-06,-2.139237088548653e-05,1.5076168018736546e-06,-3.3809760819523796e-06
-8.15234768060103e-12,-4.6815764099626975e-06,3.4672061188909054e-06,-2.1558951966643416e-05,1.5066910133129982e-06,-3.377152056240878e-06
-8.150919723627592e-12,-4.681576173680624e-06,3.466597746550615e-06,-2.172270484283088e-05,1.5057241814699855e-06,-3.3722255744729327e-06
-8.14952855419241e-12,-4.681575937318349e-06,3.466001538440379e-06,-2.188356806932105e-05,1.5047176184685822e-06,-3.366201944935189e-06
-8.148162113655065e-12,-4.681575700961665e-06,3.4654172512259963e-06,-2.2041481297066835e-05,1.5036726527710308e-06,-3.3590872015118597e-06
-8.14682234380323e-12,-4.681575464617644e-06,3.4648446459613167e-06,-2.2196385301789744e-05,1.502590628760479e-06,-3.3508880955522757e-06
-8.145513245608931e-12,-4.6815752283484945e-06,3.4642834894184264e-06,-2.2348222012179518e-05,1.5014729039861105e-06,-3.3416120875719054e-06
-8.144216041248803e-12,-4.6815749919904075e-06,3.4637335524997432e-06,-2.249693453842686e-05,1.5003208484154124e-06,-3.3312673387313254e-06
-8.142957996777917e-12,-4.681574756031202e-06,3.4631946108115434e-06,-2.2642467200423098e-05,1.4991358428590176e-06,-3.3198627008927113e-06
-8.141712840454966e-12,-4.68157451983562e-06,3.4626664447044016e-06,-2.2784765552407068e-05,1.4979192757831347e-06,-3.3074077068290226e-06
-8.140506767530207e-12,-4.6815742837986066e-06,3.462148838474982e-06,-2.2923776411941965e-05,1.4966725440781821e-06,-3.2939125597045436e-06
-8.139318483163315e-12,-4.681574047589195e-06,3.4616415810063133e-06,-2.305944788289689e-05,1.4953970493401715e-06,-3.2793881213411826e-06
-8.138156755410381e-12,-4.681573811520026e-06,3.4611444646780513e-06,-2.3191729382647344e-05,1.4940941972167393e-06,-3.263845901476985e-06
-8.137019364825882e-12,-4.6815735755855045e-06,3.460657287805803e-06,-2.3320571664834702e-05,1.4927653952451672e-06,-3.2472980445405573e-06
-8.135896643902073e-12,-4.681573339534661e-06,3.460179850861479e-06,-2.344592684334707e-05,1.4914120523057845e-06,-3.229757317952036e-06
-8.134803631007651e-12,-4.681573103659905e-06,3.4597119592305835e-06,-2.3567748415189824e-05,1.4900355759801102e-06,-3.211237097370938e-06
-8.13373164827004e-12,-4.68157286755854e-06,3.459253421619248e-06,-2.3685991284133315e-05,1.4886373709584109e-06,-3.1917513549902023e-06
-8.132676275043655e-12,-4.6815726317678215e-06,3.458804051616619e-06,-2.3800611779364614e-05,1.4872188382736159e-06,-3.171314643958314e-06
-8.1316449366417e-12,-4.68157239587658e-06,3.4583636653261433e-06,-2.391156767957931e-05,1.4857813732496885e-06,-3.149942084112903e-06
-8.130624102394767e-12,-4.681572160331062e-06,3.457932083538326e-06,-2.401881823063402e-05,1.4843263638933052e-06,-3.1276493472008348e-06
-8.12964069553725e-12,-4.681571924430286e-06,3.4575091298079664e-06,-2.412232416664058e-05,1.4828551896636753e-06,-3.104452641113021e-06
-8.12867254833404e-12,-4.681571688713243e-06,3.4570946314215226e-06,-2.4222047728284727e-05,1.4813692201846657e-06,-3.0803686941261214e-06
-8.127718319353467e-12,-4.681571452864889e-06,3.4566884195720622e-06,-2.4317952679812433e-05,1.4798698132945154e-06,-3.0554147389777614e-06
-8.126785580348217e-12,-4.681571217115856e-06,3.456290328993573e-06,-2.4410004327792677e-05,1.4783583137227656e-06,-3.029608495796799e-06
-8.12587389143077e-12,-4.681570981755899e-06,3.4559001965635925e-06,-2.449816953666049e-05,1.4768360524843787e-06,-3.0029681555679065e-06
-8.124979469585959e-12,-4.681570746178036e-06,3.455517863050623e-06,-2.4582416745037232e-05,1.4753043446543742e-06,-2.975512362465121e-06
-8.124103019031187e-12,-4.681570510529978e-06,3.4551431728453898e-06,-2.4662715980607527e-05,1.4737644887233447e-06,-2.94726019634496e-06
-8.123245140006779e-12,-4.681570274998356e-06,3.454775972922453e-06,-2.4739038873219834e-05,1.4722177650385894e-06,-2.91823115542692e-06
-8.122401325380929e-12,-4.681570039614638e-06,3.454416113830118e-06,-2.481135867065162e-05,1.4706654343116312e-06,-2.888445137322508e-06
-8.121573421625146e-12,-4.681569804285799e-06,3.4540634480096935e-06,-2.487965024926742e-05,1.4691087367878143e-06,-2.857922421320216e-06
-8.120761387189952e-12,-4.681569568832215e-06,3.4537178325225253e-06,-2.4943890127563517e-05,1.4675488918046073e-06,-2.8266836486235233e-06
-8.119967505504833e-12,-4.681569333536128e-06,3.4533791259724813e-06,-2.5004056475604832e-05,1.4659870951865693e-06,-2.794749805281186e-06
-8.119194965956227e-12,-4.681569098208419e-06,3.453047189933303e-06,-2.5060129126460146e-05,1.4644245195850685e-06,-2.76214220119013e-06
-8.118430596882263e-12,-4.681568862983868e-06,3.452721889327402e-06,-2.511208958619405e-05,1.4628623127319907e-06,-2.728882452019597e-06
-8.117684152737111e-12,-4.681568627535392e-06,3.4524030911751186e-06,-2.5159921041527488e-05,1.4613015969533163e-06,-2.694992459088349e-06
-8.11694831052174e-12,-4.681568392256388e-06,3.4520906657278565e-06,-2.5203608367942312e-05,1.4597434675753425e-06,-2.66049439071982e-06
-8.116239662999236e-12,-4.681568156935067e-06,3.4517844850351426e-06,-2.5243138137896872e-05,1.4581889933884032e-06,-2.6254106611201257e-06
-8.115536469112047e-12,-4.681567921509551e-06,3.4514844247299274e-06,-2.527849862626611e-05,1.456639214202833e-06,-2.589763911643026e-06
-8.114844820190833e-12,-4.681567686142068e-06,3.4511903616155894e-06,-2.5309679815559502e-05,1.4550951413694661e-06,-2.5535769905977285e-06
-8.114170793099264e-12,-4.681567450999832e-06,3.4509021769030482e-06,-2.533667340213831e-05,1.4535577564536378e-06,-2.5168729332787437e-06
-8.11350895404046e-12,-4.681567215839907e-06,3.4506197523673956e-06,-2.535947279832496e-05,1.4520280110600156e-06,-2.4796749412047124e-06
-8.112856759769489e-12,-4.681566980823478e-06,3.4503429726009947e-06,-2.537807313695486e-05,1.450506825874999e-06,-2.4420063632445926e-06
-8.11222371413821e-12,-4.681566745593318e-06,3.4500717250541818e-06,-2.539247127304175e-05,1.4489950901159857e-06,-2.4038906747871115e-06
-8.111600932405928e-12,-4.681566510698901e-06,3.4498058990549503e-06,-2.5402665784332733e-05,1.4474936613514987e-06,-2.365351457264066e-06
-8.110992097063532e-12,-4.681566275466771e-06,3.4495453859318522e-06,-2.5408656974416852e-05,1.4460033648852718e-06,-2.3264123791585925e-06
-8.110391228163293e-12,-4.6815660403746205e-06,3.4492900801007103e-06,-2.5410446869727453e-05,1.4445249930061262e-06,-2.287097175091315e-06
-8.109810992298946e-12,-4.681565805134511e-06,3.449039876678132e-06,-2.54080392203193e-05,1.4430593058078503e-06,-2.2474296257877856e-06
-8.109232925210051e-12,-4.681565570177155e-06,3.448794674111858e-06,-2.540143949764806e-05,1.4416070294915723e-06,-2.2074335390728343e-06
-8.108671015918135e-12,-4.681565335030358e-06,3.448554372078745e-06,-2.539065489157269e-05,1.440168857223659e-06,-2.1671327288526925e-06
-8.108117349611865e-12,-4.681565099974663e-06,3.448318872351543e-06,-2.53756943071357e-05,1.4387454483513012e-06,-2.1265509964146567e-06
-8.107577659566312e-12,-4.68156486531681e-06,3.4480880793569788e-06,-2.5356568360455324e-05,1.4373374282703992e-06,-2.0857121103598275e-06
-8.10704972312433e-12,-4.681564630172935e-06,3.4478618987144343e-06,-2.533328937261922e-05,1.4359453890031824e-06,-2.0446397870840323e-06
-8.10653062338789e-12,-4.681564395469478e-06,3.4476402382780867e-06,-2.5305871365354565e-05,1.4345698886071954e-06,-2.0033576718346134e-06
-8.106018651306804e-12,-4.681564160225445e-06,3.4474230076630493e-06,-2.527433005281236e-05,1.4332114512128215e-06,-1.961889319600784e-06
-8.105522135033894e-12,-4.681563925276927e-06,3.4472101180120625e-06,-2.5238682834684013e-05,1.4318705672618137e-06,-1.9202581761149046e-06
-8.105033724080899e-12,-4.681563690453233e-06,3.447001482716693e-06,-2.5198948787763584e-05,1.4305476936658643e-06,-1.8784875590342567e-06
-8.104554780636005e-12,-4.681563455661038e-06,3.4467970169276094e-06,-2.5155148655511643e-05,1.4292432541036243e-06,-1.8366006398236036e-06
-8.104085124474574e-12,-4.681563220553874e-06,3.446596636801156e-06,-2.510730484050573e-05,1.4279576386501753e-06,-1.794620425478165e-06
-8.10362435600783e-12,-4.681562985500555e-06,3.4464002609889773e-06,-2.5055441390895564e-05,1.4266912048036296e-06,-1.7525697408919059e-06
-8.10317391136772e-12,-4.681562750848835e-06,3.446207809115682e-06,-2.4999583990633086e-05,1.4254442775123054e-06,-1.7104712104903191e-06
-8.102732392375437e-12,-4.681562515973853e-06,3.4460192027520053e-06,-2.4939759945150475e-05,1.4242171490963025e-06,-1.668347241556306e-06
-8.102298572206993e-12,-4.681562281120334e-06,3.445834365079935e-06,-2.487599817036896e-05,1.4230100801701106e-06,-1.626220007153563e-06
-8.101873738432967e-12,-4.681562046442469e-06,3.4456532208256763e-06,-2.4808329176267438e-05,1.4218233003463127e-06,-1.5841114294524696e-06
-8.101457282684965e-12,-4.6815618115960984e-06,3.4454756961564637e-06,-2.4736785053226716e-05,1.420657007545109e-06,-1.5420431626847318e-06
-8.101050540026031e-12,-4.681561576798429e-06,3.4453017181903744e-06,-2.4661399455820214e-05,1.4195113697585385e-06,-1.5000365784121361e-06
-8.100651202224025e-12,-4.681561341964629e-06,3.4451312163317684e-06,-2.4582207587381796e-05,1.418386525130176e-06,-1.4581127490224367e-06
-8.100259660558249e-12,-4.68156110701938e-06,3.44496412116561e-06,-2.449924618024382e-05,1.4172825821355264e-06,-1.4162924325262814e-06
-8.09987570653786e-12,-4.681560872196155e-06,3.4448003642739958e-06,-2.441255348008291e-05,1.4161996208033167e-06,-1.374596058377615e-06
-6.97257075497786e-12,-4.68156063769851e-06,2.963206684185392e-06,-2.4265833402451124e-05,1.5956883672610647e-06,-1.3330435803516916e-06
-7.280575948795317e-12,-4.681560422853347e-06,3.0284978226795324e-06,-2.4179457345828316e-05,1.5701012298630843e-06,-1.291655002589426e-06
-1.0075372360738315e-11,-4.681560209644771e-06,3.6570883963346097e-06,-2.4155388882488953e-05,1.3332839035705772e-06,-1.2504496835055021e-06
-1.2510780348622945e-11,-4.681560013129141e-06,3.6526818567434006e-06,-2.4053685184372393e-05,1.3338809157657806e-06,-1.209446274517968e-06
-1.6067679749545344e-11,-4.681559848161691e-06,3.6483634444011976e-06,-2.3948473531474315e-05,1.3344682012967716e-06,-1.1686635197351685e-06
-2.0720982862379195e-11,-4.681559728482343e-06,3.6441313962722804e-06,-2.3839800658452688e-05,1.3350467347603318e-06,-1.1281195874171502e-06
-2.6445423144025377e-11,-4.681559667544802e-06,3.6399839859322687e-06,-2.3727714663207467e-05,1.335617414659548e-06,-1.0878322249768615e-06
-3.3215569256267963e-11,-4.68155967822041e-06,3.63591951979045e-06,-2.3612264983454884e-05,1.3361810648995595e-06,-1.0478187483498235e-06
-4.1005833098332085e-11,-4.681559772794127e-06,3.631936339643029e-06,-2.3493502371192253e-05,1.336738437407901e-06,-1.008096030857267e-06
-4.9790489080996616e-11,-4.681559963045716e-06,3.6280328190512717e-06,-2.3371478867495913e-05,1.33729021531961e-06,-9.686804932315286e-07
-5.95436867344212e-11,-4.681560259825601e-06,3.6242073657567328e-06,-2.3246247774432513e-05,1.3378370141491017e-06,-9.295880935200331e-07
-7.023945477639406e-11,-4.681560673879099e-06,3.6204584179507044e-06,-2.3117863629634928e-05,1.3383793850736792e-06,-8.908343189425489e-07
-8.185172921194887e-11,-4.681561214793103e-06,3.61678444532094e-06,-2.2986382178657637e-05,1.3389178173656037e-06,-8.52434175670276e-07
-9.435434626094551e-11,-4.6815618926270666e-06,3.6131839479923587e-06,-2.285186034400152e-05,1.3394527405520016e-06,-8.144021826329358e-07
-1.0772108263055343e-10,-4.6815627159647194e-06,3.6096554574534837e-06,-2.2714356198357413e-05,1.3399845273225541e-06,-7.767523619570609e-07
-1.2192563974086538e-10,-4.681563693183323e-06,3.6061975328207968e-06,-2.2573928932742735e-05,1.340513495556234e-06,-7.394982336959647e-07
-1.3694167814741074e-10,-4.681564832635031e-06,3.602808762998523e-06,-2.2430638826747446e-05,1.3410399111549742e-06,-7.026528082872314e-07
-1.5274282004019142e-10,-4.6815661409493755e-06,3.5994877655071796e-06,-2.228454721711475e-05,1.3415639907611786e-06,-6.662285809739377e-07
-1.6930267013582084e-10,-4.681567625515995e-06,3.5962331837994104e-06,-2.213571646576664e-05,1.342085903311219e-06,-6.302375270584966e-07
-1.8659481634910805e-10,-4.681569292502604e-06,3.593043690782317e-06,-2.1984209925720028e-05,1.3426057735854083e-06,-5.9469109599776e-07
-2.0459285527176945e-10,-4.681571148080544e-06,3.5899179841556467e-06,-2.183009190966745e-05,1.3431236845764824e-06,-5.596002086483378e-07
-2.232704025386562e-10,-4.681573197224557e-06,3.586854787569764e-06,-2.167342765522704e-05,1.343639679035121e-06,-5.249752522984443e-07
-2.4260110001197945e-10,-4.681575445564029e-06,3.5838528514066777e-06,-2.1514283289859474e-05,1.3441537628198895e-06,-4.908260783885335e-07
-2.625586403005338e-10,-4.681577897344719e-06,3.580910950422812e-06,-2.1352725796340053e-05,1.3446659069248463e-06,-4.5716200015217704e-07
-2.8311676274664877e-10,-4.681580556655678e-06,3.5780278841335807e-06,-2.1188822976232322e-05,1.3451760498748604e-06,-4.239917902256884e-07
-3.0424928666100527e-10,-4.681583427114214e-06,3.57520247537879e-06,-2.1022643413694803e-05,1.3456841003100823e-06,-3.9132367983635985e-07
-3.2593011487209847e-10,-4.681586512234457e-06,3.5724335707884372e-06,-2.0854256439287747e-05,1.3461899391020035e-06,-3.591653578206888e-07
-3.481332333040344e-10,-4.681589814773276e-06,3.569720040889312e-06,-2.068373209111527e-05,1.3466934216135347e-06,-3.275239704891682e-07
-3.7083274402011805e-10,-4.681593337289224e-06,3.567060777926003e-06,-2.0511141077966e-05,1.3471943801155583e-06,-2.9640612255617783e-07
-3.9400287830123737e-10,-4.68159708172522e-06,3.5644546967751816e-06,-2.0336554739122957e-05,1.3476926257265252e-06,-2.658178769562018e-07
-4.176179895099482e-10,-4.681601049872938e-06,3.561900733981888e-06,-2.0160045007282145e-05,1.34818795093054e-06,-2.357647580392712e-07
-4.4165258956240494e-10,-4.6816052434567175e-06,3.559397846576818e-06,-1.9981684366475057e-05,1.3486801313283393e-06,-2.0625175216260225e-07
-4.660813399573986e-10,-4.6816096629274815e-06,3.5569450133969212e-06,-1.9801545814543186e-05,1.3491689278839896e-06,-1.7728331132147193e-07
-4.908790823435719e-10,-4.681614309150519e-06,3.5545412335120145e-06,-1.9619702820394398e-05,1.3496540890757766e-06,-1.488633562440481e-07
-5.16020836009902e-10,-4.68161918212006e-06,3.552185525432953e-06,-1.9436229284145975e-05,1.3501353526795774e-06,-1.2099527986614575e-07
-5.414818265174861e-10,-4.681624282368449e-06,3.5498769278139346e-06,-1.9251199494936113e-05,1.350612447469802e-06,-9.368195227006996e-08
-5.672374762530097e-10,-4.681629609049156e-06,3.547614498789928e-06,-1.9064688089068534e-05,1.3510850952902247e-06,-6.692572480643527e-08
-5.932634426419434e-10,-4.681635161573546e-06,3.545397315020445e-06,-1.8876770009267313e-05,1.351553012686814e-06,-4.072843613628646e-08
-6.195355968727536e-10,-4.681640938951587e-06,3.5432244710451928e-06,-1.8687520459601834e-05,1.3520159131760161e-06,-1.509141759844504e-08
-6.460300889539712e-10,-4.681646939874919e-06,3.5410950804805178e-06,-1.8497014863964463e-05,1.3524735078869474e-06,9.984499567006779e-09
-6.727232726983059e-10,-4.681653162832156e-06,3.539008274436643e-06,-1.8305328822993887e-05,1.3529255078442222e-06,3.449897823382923e-08
-6.995918292413713e-10,-4.681659605895332e-06,3.536963200707009e-06,-1.811253806900012e-05,1.3533716255418598e-06,5.845216721376764e-08
-7.266126765978367e-10,-4.681666267053781e-06,3.534959025631441e-06,-1.7918718423887024e-05,1.3538115756914538e-06,8.184469358550889e-08
-7.537630392720775e-10,-4.681673143939893e-06,3.5329949296530506e-06,-1.7723945753633197e-05,1.3542450774293905e-06,1.0467765464198654e-07
-7.810204435661013e-10,-4.6816802338704815e-06,3.5310701126851674e-06,-1.7528295924216134e-05,1.354671855007323e-06,1.269526087239992e-07
-8.083627153880317e-10,-4.681687534026834e-06,3.5291837884110643e-06,-1.7331844757314356e-05,1.3550916391752242e-06,1.486715659063788e-07
-8.35768024697004e-10,-4.681695041165439e-06,3.527335186677279e-06,-1.713466798467728e-05,1.3555041686778551e-06,1.6983697814812157e-07
-8.632148630016984e-10,-4.681702752324018e-06,3.525523553754744e-06,-1.6936841205381606e-05,1.3559091906338346e-06,1.904517301433622e-07
-8.906820507349711e-10,-4.681710663605639e-06,3.5237481499041885e-06,-1.6738439836759517e-05,1.3563064622017628e-06,2.1051912756155777e-07
-9.181487867863523e-10,-4.681718771453715e-06,3.522008250628306e-06,-1.653953907376455e-05,1.3566957512810604e-06,2.3004288677610797e-07
-9.455946313115157e-10,-4.681727072000106e-06,3.5203031455445696e-06,-1.6340213840787918e-05,1.357076837303768e-06,2.490271235607768e-07
-9.729994900127283e-10,-4.681735560898392e-06,3.518632138802268e-06,-1.614053874669451e-05,1.3574495119925535e-06,2.674763414270411e-07
-1.000343673311314e-09,-4.68174423388654e-06,3.5169945493610516e-06,-1.5940588040525026e-05,1.357813579958837e-06,2.853954193820481e-07
-1.027607879334685e-09,-4.681753086442564e-06,3.5153897077155187e-06,-1.5740435565421748e-05,1.3581688599124461e-06,3.027896001826924e-07
-1.05477320625965e-09,-4.681762114072455e-06,3.51381695969224e-06,-1.5540154713664525e-05,1.358515184423767e-06,3.1966447720192067e-07
-1.0818211523068608e-09,-4.68177131188979e-06,3.512275663318379e-06,-1.5339818380929627e-05,1.3588524010789607e-06,3.360259819490222e-07
-1.1087336384602195e-09,-4.681780675001105e-06,3.510765189113251e-06,-1.5139498922991077e-05,1.3591803727183566e-06,3.518803704753695e-07
-1.1354930074916823e-09,-4.681790198079048e-06,3.509284920835844e-06,-1.493926810787005e-05,1.3594989775395221e-06,3.672342106509732e-07
-1.1620820414936142e-09,-4.68179987624792e-06,3.507834254341014e-06,-1.4739197074312597e-05,1.3598081098073763e-06,3.820943678303727e-07
-1.1884839382124817e-09,-4.6818097038767426e-06,3.5064125978079037e-06,-1.4539356284272104e-05,1.360107679397126e-06,3.9646799136677513e-07
-1.2146823815564175e-09,-4.681819676017562e-06,3.5050193711337583e-06,-1.4339815480942906e-05,1.36039761284119e-06,4.10362500731578e-07
-1.2406614757074137e-09,-4.681829786368234e-06,3.503654005148396e-06,-1.414064364424037e-05,1.3606778526859994e-06,4.2378557105099285e-07
-1.2664057954015411e-09,-4.68184003002474e-06,3.5023159429403213e-06,-1.3941908946169976e-05,1.3609483579206356e-06,4.3674511858806095e-07
-1.2919003855405516e-09,-4.681850400933305e-06,3.5010046384485765e-06,-1.3743678707639657e-05,1.3612091039354334e-06,4.4924928664009817e-07
-1.3171307626787374e-09,-4.68186089355307e-06,3.499719556959382e-06,-1.3546019357492624e-05,1.3614600822065835e-06,4.6130643120199006e-07
-1.3420829199366206e-09,-4.681871501344769e-06,3.4984601733005937e-06,-1.3348996387099266e-05,1.3617013004660342e-06,4.729251053058582e-07
-1.3667433265172945e-09,-4.681882218936842e-06,3.497225973934251e-06,-1.3152674310944266e-05,1.3619327820995532e-06,4.841140453548316e-07
-1.3910989568293543e-09,-4.681893040005028e-06,3.4960164549232285e-06,-1.2957116622661806e-05,1.3621545663154656e-06,4.948821554514365e-07
-1.41513725068755e-09,-4.681903958832937e-06,3.494831122593658e-06,-1.2762385756954977e-05,1.362366707666436e-06,5.052384934841703e-07
-1.4388461808618262e-09,-4.68191496887626e-06,3.493669493785639e-06,-1.2568543046519117e-05,1.3625692753370292e-06,5.151922555591131e-07
-1.4622141978668976e-09,-4.681926064167414e-06,3.492531094192048e-06,-1.2375648684072241e-05,1.3627623537400453e-06,5.247527611835754e-07
-1.4852302518569865e-09,-4.6819372386405405e-06,3.491415458791018e-06,-1.2183761682276054e-05,1.3629460411533538e-06,5.339294394792869e-07
-1.507883838286992e-09,-4.68194848619536e-06,3.490322132724171e-06,-1.1992939836321406e-05,1.3631204496574122e-06,5.427318136799495e-07
-1.5301649112320394e-09,-4.681959800502779e-06,3.4892506697031854e-06,-1.1803239685070582e-05,1.3632857042549988e-06,5.511694859861448e-07
-1.5520639801806516e-09,-4.6819711751486886e-06,3.4882006324935615e-06,-1.1614716475419145e-05,1.3634419429204034e-06,5.592521246033965e-07
-1.5735720838332312e-09,-4.6819826042132704e-06,3.4871715922338083e-06,-1.1427424126324751e-05,1.3635893158137152e-06,5.669894479803921e-07
-1.594680702943853e-09,-4.68199408135061e-06,3.486163129679577e-06,-1.1241415192835964e-05,1.3637279843762053e-06,5.743912113552453e-07
-1.6153819342759406e-09,-4.682005600704562e-06,3.485174832434493e-06,-1.1056740833118666e-05,1.3638581211540192e-06,5.814671924409204e-07
-1.6356683328532394e-09,-4.682017155646696e-06,3.484206297919391e-06,-1.0873450774039161e-05,1.3639799087558197e-06,5.882271774584503e-07
-1.6555330038506177e-09,-4.682028740392298e-06,3.4832571308716294e-06,-1.0691593280522076e-05,1.3640935393526323e-06,5.946809474863364e-07
-1.6749695621775432e-09,-4.682040348552034e-06,3.482326943637357e-06,-1.0511215123131863e-05,1.364199214242725e-06,6.008382654500381e-07
-1.6939721531058107e-09,-4.682051973980092e-06,3.4814153566090705e-06,-1.0332361549540109e-05,1.3642971426708376e-06,6.067088623789972e-07
-1.7125354550513068e-09,-4.682063611328104e-06,3.480521997844391e-06,-1.015507625388341e-05,1.3643875413731773e-06,6.123024245323183e-07
-1.7306546592319716e-09,-4.682075253978914e-06,3.4796465026133243e-06,-9.979401351783382e-06,1.3644706341378794e-06,6.176285813996185e-07
-1.7483254852107765e-09,-4.682086896100347e-06,3.478788513667903e-06,-9.805377351480899e-06,1.3645466505378772e-06,6.22696892518372e-07
-1.7655441686165428e-09,-4.682098531788138e-06,3.477947681194631e-06,-9.63304313085449e-06,1.3646158253216215e-06,6.275168360346506e-07
-1.7823074827899912e-09,-4.682110155729013e-06,3.4771236619269135e-06,-9.46243591232935e-06,1.3646783982133566e-06,6.320977966042414e-07
-1.7986126827908859e-09,-4.682121761555887e-06,3.476316119586233e-06,-9.293591241672089e-06,1.3647346125660192e-06,6.364490548307233e-07
-1.8144575903032024e-09,-4.6821333440651346e-06,3.4755247243584045e-06,-9.126542967229595e-06,1.364784714783204e-06,6.405797751934893e-07
-1.829840491668377e-09,-4.6821448973685205e-06,3.474749153869663e-06,-8.961323219834033e-06,1.3648289537145112e-06,6.444989968306706e-07
-1.8447602417288097e-09,-4.682156416601217e-06,3.473989091262676e-06,-8.797962396371548e-06,1.364867580093212e-06,6.482156219535381e-07
-1.859216151896583e-09,-4.682167896202701e-06,3.4732442266370338e-06,-8.636489142129761e-06,1.3649008454505161e-06,6.51738407503301e-07
-1.873208083819425e-09,-4.682179330374122e-06,3.4725142554298946e-06,-8.476930338252269e-06,1.3649290015187398e-06,6.550759551757692e-07
-1.886736354721622e-09,-4.682190714120886e-06,3.471798880189498e-06,-8.319311086861667e-06,1.364952300028066e-06,6.582367022457189e-07
-1.8998018396883625e-09,-4.682202042845696e-06,3.4710978090823736e-06,-8.16365470306598e-06,1.364970991363299e-06,6.612289135758689e-07
-1.912405851270505e-09,-4.682213311290344e-06,3.470410755528723e-06,-8.009982702080079e-06,1.3649853242641288e-06,6.640606739391761e-07
-1.9245502269831936e-09,-4.682224514623212e-06,3.469737439992101e-06,-7.858314795450954e-06,1.3649955451660717e-06,6.667398803483184e-07
-1.936237292461665e-09,-4.68223564809434e-06,3.4690775874415855e-06,-7.708668883841281e-06,1.36500189781106e-06,6.692742349472125e-07
-1.9474698396470232e-09,-4.682246707150184e-06,3.468430927632322e-06,-7.561061054142842e-06,1.365004622785779e-06,6.716712384344538e-07
-1.958251141229282e-09,-4.682257687387715e-06,3.4677971981254243e-06,-7.415505577922251e-06,1.365003955831946e-06,6.739381848860302e-07
-1.968584937526583e-09,-4.682268584487913e-06,3.467176139777455e-06,-7.272014912198104e-06,1.3650001289176464e-06,6.760821554698782e-07
-1.9784754548637163e-09,-4.682279394569695e-06,3.4665674992713647e-06,-7.130599703215768e-06,1.364993368732366e-06,6.78110013836951e-07
-1.987927344991988e-09,-4.68229011273448e-06,3.465971027711257e-06,-6.991268789667022e-06,1.3649838968972951e-06,6.800284022508327e-07
-1.996945755841824e-09,-4.682300735895389e-06,3.4653864823636865e-06,-6.8540292123490144e-06,1.36497192848796e-06,6.818437369789383e-07
-2.005536249240776e-09,-4.682311259679659e-06,3.464813624718127e-06,-6.718886221602771e-06,1.364957672634273e-06,6.83562205351188e-07
-2.013704825017731e-09,-4.6823216809194415e-06,3.4642522200619904e-06,-6.585843290857908e-06,1.3649413321722514e-06,6.85189763081632e-07
-2.0214579691109815e-09,-4.682331996206817e-06,3.4637020401238686e-06,-6.4549021300663546e-06,1.3649231025337856e-06,6.86732131977886e-07
-2.028802539727809e-09,-4.6823422020349465e-06,3.4631628606586745e-06,-6.326062703021823e-06,1.3649031719363873e-06,6.88194798373738e-07
-2.035745841965683e-09,-4.682352295119871e-06,3.462634461565787e-06,-6.199323246788722e-06,1.3648817211730384e-06,6.895830116576645e-07
-2.0422955943543076e-09,-4.682362272463182e-06,3.4621166267032718e-06,-6.074680293351503e-06,1.3648589234468353e-06,6.909017844390326e-07
-2.0484599297669506e-09,-4.682372131434963e-06,3.4616091452504783e-06,-5.952128694594683e-06,1.3648349435935351e-06,6.921558917850981e-07
-2.0542473545588686e-09,-4.682381869290604e-06,3.4611118096144484e-06,-5.831661648948189e-06,1.364809938616692e-06,6.933498720815438e-07
-2.0596668161118703e-09,-4.6823914834767855e-06,3.460624417914359e-06,-5.713270732473612e-06,1.3647840570289862e-06,6.94488028336468e-07
-2.064727602079199e-09,-4.682400971871375e-06,3.4601467697804467e-06,-5.5969459307275895e-06,1.3647574393927246e-06,6.955744293742206e-07
-2.0694394064360116e-09,-4.682410332006578e-06,3.4596786716878716e-06,-5.482675674622019e-06,1.3647302176839455e-06,6.966129124857095e-07
-2.0738123076444345e-09,-4.682419562175791e-06,3.4592199322022886e-06,-5.370446880725136e-06,1.3647025153006124e-06,6.976070856070383e-07
-2.0778567090131443e-09,-4.682428660000668e-06,3.4587703642200828e-06,-5.2602449898972735e-06,1.3646744476023692e-06,6.985603313997982e-07
-2.081583409409132e-09,-4.682437624147753e-06,3.458329783250297e-06,-5.152054015030444e-06,1.3646461214012655e-06,6.994758099430153e-07
-2.0850035489871736e-09,-4.682446453194665e-06,3.457898011007121e-06,-5.045856586789512e-06,1.3646176349267106e-06,7.003564635903978e-07
-2.0881286024887237e-09,-4.6824551458591445e-06,3.4574748704331087e-06,-4.941634005459605e-06,1.3645890786584375e-06,7.01205022299176e-07
-2.0909703812138965e-09,-4.682463701122933e-06,3.4570601894019877e-06,-4.839366295680091e-06,1.3645605347941764e-06,7.020240077933515e-07
-2.0935410609492216e-09,-4.682472117617231e-06,3.4566537982559143e-06,-4.739032262399808e-06,1.3645320779439318e-06,7.028157407107101e-07
-2.0958530993853698e-09,-4.682480394838791e-06,3.456255531533912e-06,-4.640609553493624e-06,1.3645037747396916e-06,7.035823455291387e-07
-2.1002305264112463e-09,-4.682488531232974e-06,4.443045050155079e-06,-4.659587110882227e-06,9.955123078687777e-07,7.043254886557601e-07
-2.1040349330458056e-09,-4.682496527252977e-06,5.300504124995952e-06,-4.6652938489448845e-06,6.7486288960614e-07,7.050472250628887e-07
-2.107305185955718e-09,-4.682504382441191e-06,6.037405101354207e-06,-4.658730840671315e-06,3.9927644925644367e-07,7.057491341030942e-07
-2.110080069291953e-09,-4.682512096192716e-06,6.662503890369351e-06,-4.640896353971837e-06,1.6548012475715872e-07,7.064326306421551e-07
-2.1123982782249085e-09,-4.682519668309236e-06,7.184537650128642e-06,-4.612785660887238e-06,-2.979187919992522e-08,7.07098972511863e-07
-2.114298415621e-09,-4.682527098494689e-06,7.612222646470985e-06,-4.575390869297536e-06,-1.8979749932577986e-07,7.077492697946274e-07
-2.115819000462416e-09,-4.682534387289423e-06,7.954252308359578e-06,-4.5297007804601395e-06,-3.1778609425504205e-07,7.083844950517532e-07
-2.1169984389213686e-09,-4.682541535348443e-06,8.219295486912921e-06,-4.476700777150718e-06,-4.1699780088276816e-07,7.090054925523991e-07
-2.1178750010276236e-09,-4.682548543241791e-06,8.41599492719435e-06,-4.417372736965369e-06,-4.906629692286293e-07,7.096129896258226e-07
-2.1184868645053855e-09,-4.682555411692685e-06,8.552965964755265e-06,-4.352694979220175e-06,-5.420016811341165e-07,7.102076067090052e-07
-2.1188720765700694e-09,-4.68256214205585e-06,8.63879545717187e-06,-4.283642241338173e-06,-5.742233561526517e-07,7.107898691844551e-07
-2.119068532868562e-09,-4.682568735307741e-06,8.682040960489175e-06,-4.211185687940941e-06,-5.905264480081688e-07,7.113602190791688e-07
-2.1191140128374495e-09,-4.682575193612747e-06,8.691230164991479e-06,-4.136292956749836e-06,-5.940982376844189e-07,7.119190272769561e-07
-2.119046176972647e-09,-4.6825815184233275e-06,8.674860597807405e-06,-4.05992823696402e-06,-5.881147255838534e-07,7.124666051894825e-07
-2.118902525822848e-09,-4.682587711482152e-06,8.641399607487223e-06,-3.9830523869954356e-06,-5.757406274212015e-07,7.130032195497192e-07
-2.118720448811303e-09,-4.68259377487988e-06,8.599284636274545e-06,-3.906623089336992e-06,-5.601294785350831e-07,7.135291040827811e-07
-2.1185310280897364e-09,-4.682599711511177e-06,8.555536554190174e-06,-3.831432721917124e-06,-5.439053700575577e-07,7.140444743734028e-07
-2.118340604929249e-09,-4.682605523610937e-06,8.511582317759718e-06,-3.7576196557781116e-06,-5.276016763062555e-07,7.145495402633631e-07
-2.118149305171564e-09,-4.682611213736735e-06,8.46744569261818e-06,-3.6851586439469654e-06,-5.112273306223952e-07,7.150445078969044e-07
-2.1179571913757268e-09,-4.68261678408518e-06,8.423149612066456e-06,-3.614024901633501e-06,-4.947909540190839e-07,7.155295791983349e-07
-2.1177643969297323e-09,-4.682622237067908e-06,8.378716200889188e-06,-3.5441940996801295e-06,-4.783008644343004e-07,7.160049518720519e-07
-2.11757098381418e-09,-4.682627574879964e-06,8.33416679679013e-06,-3.475642354236869e-06,-4.6176508489232104e-07,7.164708200270642e-07
-2.1173770818270457e-09,-4.682632800349839e-06,8.289521972957051e-06,-3.4083462205441916e-06,-4.451913512985575e-07,7.169273735663825e-07
-2.117182759080416e-09,-4.682637915512069e-06,8.244801560185311e-06,-3.342282683274176e-06,-4.2858712136265614e-07,7.173747986450076e-07
-2.116988114895534e-09,-4.682642922256558e-06,8.200024666065749e-06,-3.2774291497582384e-06,-4.1195958168411273e-07,7.178132779752665e-07
-2.1167932146191884e-09,-4.682647823026944e-06,8.155209697044934e-06,-3.2137634413274853e-06,-3.9531565557956126e-07,7.182429902439541e-07
-2.1165981568205634e-09,-4.682652620029992e-06,8.110374376891775e-06,-3.1512637865404366e-06,-3.7866201063577744e-07,7.186641106397115e-07
-2.1164030055093885e-09,-4.682657315178071e-06,8.065535767778878e-06,-3.0899088131895126e-06,-3.6200506603800604e-07,7.190768112971319e-07
-2.1162078409294855e-09,-4.682661910466792e-06,8.020710286773838e-06,-3.0296775406405795e-06,-3.45350999360068e-07,7.194812602559468e-07
-2.116012734608014e-09,-4.682666408053371e-06,7.975913726380387e-06,-2.9705493742819183e-06,-3.287057536483682e-07,7.198776224741126e-07
-2.1158177495488283e-09,-4.682670809534534e-06,7.931161271358432e-06,-2.9125040959763857e-06,-3.1207504395284144e-07,7.202660598139609e-07
-2.1156229515646534e-09,-4.682675117226701e-06,7.886467515856707e-06,-2.855521859176521e-06,-2.9546436387062596e-07,7.206467306813816e-07
-2.115428416119202e-09,-4.6826793328731835e-06,7.841846482163194e-06,-2.7995831810420375e-06,-2.7887899262341224e-07,7.21019790234015e-07
-2.115234204404463e-09,-4.682683458444639e-06,7.797311634225078e-06,-2.7446689363336727e-06,-2.6232399985556774e-07,7.213853907975928e-07
-2.11504035617542e-09,-4.682687495593505e-06,7.752875897408746e-06,-2.69076035041886e-06,-2.458042530391781e-07,7.217436813663575e-07
-2.1148469336877235e-09,-4.682691445845057e-06,7.708551671245429e-06,-2.6378389929435316e-06,-2.293244225631313e-07,7.220948081998239e-07
-2.114654008338067e-09,-4.682695311604921e-06,7.66435084634878e-06,-2.5858867719480082e-06,-2.1288898797912612e-07,7.224389143787007e-07
-2.114461611067543e-09,-4.6826990938856924e-06,7.620284820117645e-06,-2.5348859268726617e-06,-1.9650224320534128e-07,7.227761403877723e-07
-2.1142698050788095e-09,-4.68270279477849e-06,7.5763645077745465e-06,-2.4848190232289166e-06,-1.801683020709229e-07,7.23106623644074e-07
-2.1140786234765424e-09,-4.68270641588593e-06,7.532600360434056e-06,-2.4356689459379714e-06,-1.6389110375291353e-07,7.234304991491518e-07
-2.1138881295059645e-09,-4.682709958785789e-06,7.489002376954163e-06,-2.3874188941128264e-06,-1.4767441797063563e-07,7.23747898753565e-07
-2.1136983628739174e-09,-4.682713424701253e-06,7.445580117750861e-06,-2.3400523745080144e-06,-1.31521849706023e-07,7.240589522393589e-07
-2.113509350746129e-09,-4.682716815697063e-06,7.402342718995921e-06,-2.293553197189808e-06,-1.1543684476322353e-07,7.243637862514906e-07
-2.113321143687621e-09,-4.682720133119253e-06,7.359298902287287e-06,-2.247905468430837e-06,-9.942269369256429e-08,7.246625252831636e-07
-2.1131337796131587e-09,-4.682723377772724e-06,7.316456990954492e-06,-2.2030935861582393e-06,-8.348253705057882e-08,7.249552911901268e-07
-2.1129473014251517e-09,-4.68272655202262e-06,7.273824919791646e-06,-2.1591022342915776e-06,-6.761936997434128e-08,7.252422032045472e-07
-2.1127617204290084e-09,-4.682729657061098e-06,7.231410246627284e-06,-2.1159163779689286e-06,-5.183604596057695e-08,7.25523378684442e-07
-2.112577100567568e-09,-4.682732694024465e-06,7.1892201655819785e-06,-2.07352125766276e-06,-3.613528212286364e-08,7.257989318091644e-07
-2.1123934472316203e-09,-4.682735664285714e-06,7.147261516129665e-06,-2.031902384850103e-06,-2.0519662346331333e-08,7.26068975591703e-07
-2.1122108045232957e-09,-4.682738569630092e-06,7.105540796252691e-06,-1.9910455364614916e-06,-4.991642359188038e-09,7.263336197276297e-07
-2.11202919526735e-09,-4.682741410943959e-06,7.064064170438286e-06,-1.9509367501070463e-06,1.0446447112623042e-08,7.265929722743315e-07
-2.111848649731346e-09,-4.6827441896762255e-06,7.02283748316813e-06,-1.911562319635627e-06,2.5792395958300645e-08,7.268471391652909e-07
-2.1116691921878984e-09,-4.682746906873354e-06,6.981866266047334e-06,-1.8729087905829639e-06,4.1044111234683904e-08,7.270962240435719e-07
-2.1114908350189034e-09,-4.6827495640981515e-06,6.94115574856342e-06,-1.834962953954447e-06,5.6199613374633844e-08,7.27340328539375e-07
-2.1113136174614135e-09,-4.682752162214011e-06,6.900710868170215e-06,-1.7977118440047247e-06,7.125703232879308e-08,7.27579551992505e-07
-2.1111375594927643e-09,-4.682754702676314e-06,6.860536279120943e-06,-1.7611427332417337e-06,8.621460473828046e-08,7.27813992174017e-07
-2.1109626699808553e-09,-4.682757186428818e-06,6.8206363610605345e-06,-1.7252431259874442e-06,1.0107067009353263e-07,7.280437447033644e-07
-2.1107889824894707e-09,-4.682759615027917e-06,6.781015228933647e-06,-1.6900007566015403e-06,1.1582366743994984e-07,7.282689032426932e-07
-2.1106165135535276e-09,-4.682761989066879e-06,6.741676740068956e-06,-1.6554035842634052e-06,1.3047213240973404e-07,7.284895596495159e-07
-2.110445267752784e-09,-4.682764310243477e-06,6.702624503874842e-06,-1.6214397888643272e-06,1.45014693969491e-07,7.287058039350785e-07
-2.110275270123498e-09,-4.682766578955063e-06,6.663861889516825e-06,-1.588097767121754e-06,1.5945007114476117e-07,7.289177243476405e-07
-2.1101065219488963e-09,-4.682768796481917e-06,6.625392032377932e-06,-1.5553661278053587e-06,1.7377707087551692e-07,7.291254073586096e-07
-2.1099390493270463e-09,-4.682770964043133e-06,6.5872178446974174e-06,-1.5232336894056066e-06,1.879945839143817e-07,7.293289376764212e-07
-2.1097728700865024e-09,-4.682773082699758e-06,6.549342018890263e-06,-1.4916894752487957e-06,2.0210158344470973e-07,7.295283982465581e-07
-2.109607978136849e-09,-4.68277515301782e-06,6.511767039285362e-06,-1.4607227092782412e-06,2.1609712097312052e-07,7.297238704180797e-07
-2.1094444031296265e-09,-4.682777176277596e-06,6.474495186215656e-06,-1.4303228136118055e-06,2.2998032472895553e-07,7.29915434054666e-07
-2.109282142059781e-09,-4.682779153466233e-06,6.437528543136041e-06,-1.4004794043230766e-06,2.437503968441778e-07,7.301031672709352e-07
-2.1091212133129407e-09,-4.682781085490601e-06,6.400869004175491e-06,-1.3711822873335695e-06,2.5740661026407704e-07,7.30287146474097e-07
-2.1089616296980395e-09,-4.682782972990852e-06,6.364518280616889e-06,-1.342421455637183e-06,2.7094830737205327e-07,7.304674470578439e-07
-2.1088033595688764e-09,-4.6827848170709515e-06,6.328477906173094e-06,-1.3141870861916054e-06,2.8437489645160824e-07,7.30644142083969e-07
-2.1086464690533802e-09,-4.682786618556395e-06,6.29274924438915e-06,-1.2864695349223233e-06,2.976858503444315e-07,7.308173042113923e-07
-2.1084909274223206e-09,-4.68278837872321e-06,6.257333493466972e-06,-1.2592593359454884e-06,3.1088070397350915e-07,7.309870036700006e-07
-2.1083367301489706e-09,-4.682790097526875e-06,6.222231693508587e-06,-1.2325471953506878e-06,3.239590514965085e-07,7.311533097733473e-07
-2.108183917225255e-09,-4.682791776655876e-06,6.1874447299227155e-06,-1.2063239915340251e-06,3.3692054515614157e-07,7.313162903218998e-07
-2.1080324723510486e-09,-4.682793416766543e-06,6.1529733416546785e-06,-1.1805807678706662e-06,3.4976489271716606e-07,7.314760119500112e-07
-2.107882393977522e-09,-4.682795018397518e-06,6.118818123304294e-06,-1.1553087334920124e-06,3.6249185565256526e-07,7.316325395152843e-07
-2.1077336916279864e-09,-4.682796582416988e-06,6.084979533940721e-06,-1.1304992578456186e-06,3.751012469216471e-07,7.31785937264326e-07
-2.1075863684660795e-09,-4.6827981091205795e-06,6.051457899301467e-06,-1.1061438691409002e-06,3.8759292932815637e-07,7.319362676115032e-07
-2.1074404173239708e-09,-4.682799599958911e-06,6.018253416976197e-06,-1.0822342506854065e-06,3.9996681386653205e-07,7.320835918883516e-07
-2.1072958493827337e-09,-4.682801055436017e-06,5.98536616358167e-06,-1.0587622377762107e-06,4.122228572678162e-07,7.322279700105192e-07
-2.1071526647925848e-09,-4.6828024763845466e-06,5.952796096132047e-06,-1.0357198161456081e-06,4.243610610629664e-07,7.32369460963486e-07
-2.107010868927938e-09,-4.68280386295596e-06,5.920543057941627e-06,-1.0130991176312589e-06,4.363814694580105e-07,7.325081227470716e-07
-2.1068704394104416e-09,-4.682805216559562e-06,5.888606784353705e-06,-9.908924189549514e-07,4.4828416784698484e-07,7.32644011584397e-07
-2.1067313898912965e-09,-4.6828065374629854e-06,5.856986904414943e-06,-9.690921379478577e-07,4.6006928103109606e-07,7.3277718303212e-07
-2.1065937138627693e-09,-4.682807826529609e-06,5.825682946729436e-06,-9.476908314411144e-07,4.717369719115824e-07,7.329076915779808e-07
-2.1064574247932013e-09,-4.682809083905968e-06,5.7946943426744294e-06,-9.266811931564104e-07,4.83287439856992e-07,7.33035590196724e-07
-2.106322491981344e-09,-4.68281031090949e-06,5.764020430418288e-06,-9.060560497091919e-07,4.947209194013723e-07,7.331609311827702e-07
-2.1061889394288206e-09,-4.682811507710361e-06,5.733660459355924e-06,-8.858083601645807e-07,5.060376786259556e-07,7.332837655534714e-07
-2.1060567476227092e-09,-4.682812674952294e-06,5.703613592953733e-06,-8.659312121515998e-07,5.17238017846508e-07,7.334041437291355e-07
-2.105925917431124e-09,-4.6828138136763705e-06,5.673878912556395e-06,-8.464178204198931e-07,5.283222683266663e-07,7.335221144366848e-07
-2.1057964457358476e-09,-4.682814924054395e-06,5.644455420479156e-06,-8.272615236200804e-07,5.392907911544351e-07,7.336377261390697e-07
-2.1056683304127247e-09,-4.682816006364948e-06,5.615342043932035e-06,-8.084557820833215e-07,5.501439757022475e-07,7.337510258695449e-07
-2.105541559130014e-09,-4.682817061694672e-06,5.586537637478907e-06,-7.899941769331412e-07,5.60882238630983e-07,7.338620597035169e-07
-2.1054161359552855e-09,-4.682818090810524e-06,5.558040987992001e-06,-7.718704063106742e-07,5.715060224282848e-07,7.339708731193684e-07
-2.1052920555954423e-09,-4.682819093767458e-06,5.529850815080147e-06,-7.54078284264451e-07,5.820157946189304e-07,7.340775103878502e-07
-2.1051693031859766e-09,-4.6828200710366e-06,5.501965775963834e-06,-7.366117375307515e-07,5.924120462676605e-07,7.341820151826994e-07
-2.1050478758475558e-09,-4.682821023564756e-06,5.4743844675547415e-06,-7.194648047564538e-07,6.02695291441755e-07,7.342844299977799e-07
-2.104927765906733e-09,-4.682821951360025e-06,5.447105429857944e-06,-7.026316336124593e-07,6.128660655823838e-07,7.343847965773028e-07
-2.1048089900503717e-09,-4.682822855130516e-06,5.420127147708845e-06,-6.861064789063142e-07,6.229249249262254e-07,7.344831560546001e-07
-2.1046914953418512e-09,-4.682823735807118e-06,5.393448054091047e-06,-6.698837008058582e-07,6.328724452283023e-07,7.345795484386629e-07
-2.104575324271844e-09,-4.682824593439265e-06,5.367066532623318e-06,-6.539577630628689e-07,6.427092208737355e-07,7.346740130027117e-07
-2.1044604389298097e-09,-4.682825428205165e-06,5.340980919711984e-06,-6.383232302375059e-07,6.524358642684264e-07,7.347665884091118e-07
-2.1043468388269248e-09,-4.68282624107755e-06,5.3151895076773245e-06,-6.229747671432023e-07,6.620530045728875e-07,7.348573122375233e-07
-2.1042345265243293e-09,-4.682827032281109e-06,5.289690545601488e-06,-6.079071359600866e-07,6.715612868177763e-07,7.349462217204345e-07
-2.10412348388953e-09,-4.682827802231758e-06,5.264482243155267e-06,-5.931151947916947e-07,6.809613713215088e-07,7.350333530492791e-07
-2.1040137074053832e-09,-4.682828551579216e-06,5.2395627716590225e-06,-5.785938963327024e-07,6.902539327163444e-07,7.351187417491307e-07
-2.103905182829765e-09,-4.682829280550982e-06,5.214930267809096e-06,-5.643382854264366e-07,6.994396591676004e-07,7.352024226787149e-07
-2.10379790254614e-09,-4.682829989392026e-06,5.1905828323918284e-06,-5.503434978436312e-07,7.085192518263981e-07,7.352844299055113e-07
-2.1036918656858483e-09,-4.682830678906822e-06,5.1665185357157085e-06,-5.366047587281148e-07,7.174934237600766e-07,7.353647970110647e-07
-2.1035870621044413e-09,-4.682831349253367e-06,5.142735418446629e-06,-5.231173797102313e-07,7.263628993730284e-07,7.354435567995652e-07
-2.1034834832722054e-09,-4.68283200074425e-06,5.11923149205023e-06,-5.098767597950202e-07,7.351284138877511e-07,7.355207415060084e-07
-2.1033811185199856e-09,-4.682832633703417e-06,5.096004742622902e-06,-4.968783806992795e-07,7.437907121368153e-07,7.355963822827272e-07
-2.1032799525414977e-09,-4.682833248937558e-06,5.073053131816319e-06,-4.841178082948538e-07,7.523505487166783e-07,7.356705100875667e-07
-2.103179998179587e-09,-4.682833846731187e-06,5.050374597269847e-06,-4.715906888338777e-07,7.608086866986118e-07,7.35743155350833e-07
-2.103081221230553e-09,-4.682834426953045e-06,5.027967056106279e-06,-4.5929274872673187e-07,7.691658973384602e-07,7.358143475311957e-07
-2.1029836298849085e-09,-4.682834990294882e-06,5.005828406166485e-06,-4.4721979254363807e-07,7.774229594198308e-07,7.358841158095865e-07
-2.1028872032566646e-09,-4.682835537256722e-06,4.983956525683251e-06,-4.353677016823943e-07,7.855806587012552e-07,7.359524886173574e-07
-2.1027429576014546e-09,-4.682836068012325e-06,4.951293110776787e-06,-4.22438766015329e-07,7.977719874966267e-07,7.360195010174613e-07
-2.102309810118194e-09,-4.682836582829999e-06,4.853424184941231e-06,-4.0206413504043773e-07,8.343339667116504e-07,7.360853897618702e-07
-2.1013102325565527e-09,-4.682837080240502e-06,4.627703172312032e-06,-3.669205445425511e-07,9.186805912038913e-07,7.361512595510476e-07
-2.099480617466678e-09,-4.682837557202449e-06,4.214629527628756e-06,-3.1006958843251324e-07,1.073050218503503e-06,7.362198471409777e-07
-2.096571138320459e-09,-4.6828380088471194e-06,3.5578152615513514e-06,-2.2496065668220817e-07,1.318518227896611e-06,7.36296191582666e-07
-2.0923456988345257e-09,-4.682838429682796e-06,2.603968715922371e-06,-1.054349297532786e-07,1.6750032651448273e-06,7.363882062599678e-07
-2.089667303394929e-09,-4.6828388103998955e-06,2.6206233382123907e-06,-9.99211333861058e-08,1.6687664682757922e-06,7.36506794891475e-07
-2.086114432115274e-09,-4.682839143956263e-06,2.636944865401059e-06,-9.496955396350995e-08,1.6626562808474137e-06,7.366672049246048e-07
-2.0815803579459365e-09,-4.6828394198693e-06,2.652939959209453e-06,-9.07730156325777e-08,1.6566710154432284e-06,7.36888457501541e-07
-2.075963266850063e-09,-4.682839625790177e-06,2.6686151483046147e-06,-8.756892120461148e-08,1.6508092116907096e-06,7.3719381684697e-07
-2.069166519465327e-09,-4.682839749598491e-06,2.6839768312307995e-06,-8.56411787248281e-08,1.645069638674387e-06,7.376109151266865e-07
-2.061098788949486e-09,-4.6828397774658165e-06,2.6990312777515204e-06,-8.532148644437364e-08,1.639451292183825e-06,7.381717952625047e-07
-2.0516743917709136e-09,-4.682839694794746e-06,2.7137846328179093e-06,-8.699002471139172e-08,1.6339533875667675e-06,7.389128728953781e-07
-2.0408133571659165e-09,-4.6828394860744175e-06,2.728242918013498e-06,-9.107559386098957e-08,1.6285753500339981e-06,7.398748213582264e-07
-2.028441839627662e-09,-4.682839135079811e-06,2.7424120349698324e-06,-9.805524839720084e-08,1.6233167980125045e-06,7.411023824282685e-07
-2.0144921909440606e-09,-4.682838624911626e-06,2.7562977664961613e-06,-1.0845346021851704e-07,1.6181775253215347e-06,7.426441040176608e-07
-1.998903302736535e-09,-4.682837937848014e-06,2.7699057810545985e-06,-1.2284085884860718e-07,1.6131574777590526e-06,7.44552011997511e-07
-1.981620765977668e-09,-4.682837056401587e-06,2.7832416322539995e-06,-1.4183258042461088e-07,1.6082567274514598e-06,7.468812141482393e-07
-1.9625971152685433e-09,-4.682835961952128e-06,2.796310763976467e-06,-1.6608626274647014e-07,1.6034754425602069e-06,7.496894465338017e-07
-1.941792002685925e-09,-4.6828346362871155e-06,2.8091185095287608e-06,-1.962997252451111e-07,1.5988138560744844e-06,7.53036561140583e-07
-1.9191724796627096e-09,-4.68283306079052e-06,2.8216700977400055e-06,-2.332083606258286e-07,1.594272229306708e-06,7.569839628572412e-07
-1.8947130685592923e-09,-4.6828312165500065e-06,2.8339706516363786e-06,-2.775822787100095e-07,1.589850816062234e-06,7.615939991062155e-07
-1.8683960278898517e-09,-4.682829084717409e-06,2.8460251917146836e-06,-3.302232212379456e-07,1.5855498233040974e-06,7.669293078296226e-07
-1.8402114546290428e-09,-4.682826646991551e-06,2.8578386374883414e-06,-3.9196129237471456e-07,1.5813693716155257e-06,7.73052128532268e-07
-1.8101574606539919e-09,-4.682823884763542e-06,2.8694158115566924e-06,-4.6365151591031657e-07,1.5773094546153854e-06,7.800235838293996e-07
-1.7782402691419743e-09,-4.6828207803194626e-06,2.880761439523513e-06,-5.461702610094728e-07,1.5733698980109101e-06,7.879029341820469e-07
-1.7444743116396267e-09,-4.68281731602577e-06,2.8918801519298375e-06,-6.404115504998633e-07,1.5695503209546315e-06,7.967468158282575e-07
-1.7088823655794037e-09,-4.682813474896499e-06,2.9027764876289824e-06,-7.472832816748288e-07,1.5658500959486702e-06,8.066084637571224e-07
-1.6714955540687806e-09,-4.682809240257509e-06,2.9134548934998573e-06,-8.677033829251888e-07,1.5622683122208464e-06,8.175369300914882e-07
-1.6323534211591278e-09,-4.682804596852046e-06,2.9239197284446614e-06,-1.0025959238527173e-06,1.5588037416409904e-06,8.295763002084838e-07
-1.591503951790099e-09,-4.682799529593927e-06,2.9341752642580383e-06,-1.152887202846072e-06,1.5554548061184651e-06,8.427649156908986e-07
-1.549003565464286e-09,-4.68279402450914e-06,2.9442256858684875e-06,-1.3195018312150034e-06,1.552219550653861e-06,8.571346090347769e-07
-1.504917116827692e-09,-4.68278806862766e-06,2.9540750958606378e-06,-1.503358829981052e-06,1.5490956181126987e-06,8.727099561275455e-07
-1.4593178100957036e-09,-4.682781650477825e-06,2.9637275148021594e-06,-1.7053677607520354e-06,1.546080231270378e-06,8.895075520547857e-07
-1.4122871605324492e-09,-4.6827747593944614e-06,2.973186882140664e-06,-1.9264249020045776e-06,1.543170178083603e-06,9.075353186022431e-07
-1.363914911961466e-09,-4.682767385655413e-06,2.9824570596098315e-06,-2.167409489426417e-06,1.540361803128855e-06,9.267918444891831e-07
-1.3142989332496666e-09,-4.682759521619715e-06,2.9915418303652812e-06,-2.429180032863996e-06,1.537651005766819e-06,9.472657677470354e-07
-1.263545021649924e-09,-4.682751160639225e-06,3.0004449026603597e-06,-2.7125707251964037e-06,1.5350332442025906e-06,9.689352038593883e-07
-1.2117668585931524e-09,-4.682742297457342e-06,3.009169910432733e-06,-3.018387950463128e-06,1.5325035455952465e-06,9.917672226184584e-07
-1.1590857373393244e-09,-4.682732929029815e-06,3.0177204153332253e-06,-3.347406909231215e-06,1.5300565249270835e-06,1.015717381858214e-06
-1.105630419633458e-09,-4.682723053401274e-06,3.0260999072047523e-06,-3.7003683639773946e-06,1.5276864085888199e-06,1.040729318964475e-06
-1.0515369274421167e-09,-4.682712670419123e-06,3.0343118062574986e-06,-4.0779755219156555e-06,1.5253870669247558e-06,1.066734404250786e-06
-9.969482674038648e-10,-4.682701781835594e-06,3.0423594639719067e-06,-4.480891054937198e-06,1.5231520537772863e-06,1.0936514614684035e-06
-9.420142389457744e-10,-4.682690391037546e-06,3.0502461650293193e-06,-4.909734273982234e-06,1.5209746519490936e-06,1.121386555777442e-06
-8.868911065269255e-10,-4.682678503903253e-06,3.057975129670587e-06,-5.365078453957856e-06,1.5188479264984414e-06,1.1498328535636808e-06
-8.317413509248738e-10,-4.682666127408947e-06,3.065549511960326e-06,-5.847448324412024e-06,1.5167647853957764e-06,1.1788705541851982e-06
-7.767333640586596e-10,-4.68265327119895e-06,3.0729724033836106e-06,-6.357317726296713e-06,1.514718045020208e-06,1.2083668972006895e-06
-7.220411047078913e-10,-4.6826399468127964e-06,3.0802468338747382e-06,-6.895107439927295e-06,1.5127005025712412e-06,1.238176244886912e-06
-6.678438236385558e-10,-4.6826261674368975e-06,3.087375772668685e-06,-7.461183187579777e-06,1.5107050143671991e-06,1.2681402405292665e-06
-6.143256445783153e-10,-4.682611948780544e-06,3.0943621293189788e-06,-8.055853815499927e-06,1.5087245781755809e-06,1.2980880432852278e-06
-5.616752734374155e-10,-4.68259730847043e-06,3.1012087557517715e-06,-8.679369652881743e-06,1.5067524206705842e-06,1.3278366394315345e-06
-5.100855979729353e-10,-4.682582266023747e-06,3.10791844710375e-06,-9.331921057474225e-06,1.504782088535855e-06,1.357191228536253e-06
-4.597532989610495e-10,-4.682566843479993e-06,3.114493941742061e-06,-1.0013637138712651e-05,1.5028075423126518e-06,1.385945684064784e-06
-4.1087851056191936e-10,-4.682551065066813e-06,3.120937922606347e-06,-1.0724584668477347e-05,1.500823253238774e-06,1.4138830863589609e-06
-3.6366435742656196e-10,-4.6825349569402885e-06,3.1272530210579195e-06,-1.1464767169487983e-05,1.4988243001418367e-06,1.4407763268686028e-06
-3.1831660330016604e-10,-4.6825185473590066e-06,3.1334418145672984e-06,-1.2234124190659265e-05,1.4968064681020012e-06,1.4663887806136474e-06
-2.7504322586821726e-10,-4.682501866987493e-06,3.139506828975818e-06,-1.3032530758870903e-05,1.4947663469743697e-06,1.4904750436034218e-06
-2.340539827076345e-10,-4.6824849484064815e-06,3.145450539812641e-06,-1.3859797013480147e-05,1.4927014271731648e-06,1.512781734264162e-06
-1.9556002293352667e-10,-4.682467826047373e-06,3.1512753732423443e-06,-1.4715668013140818e-05,1.4906101950748476e-06,1.533048353608148e-06
-1.5977344433999057e-10,-4.6824505370859485e-06,3.1569837068193646e-06,-1.5599823720035806e-05,1.488492224261603e-06,1.5510082003662337e-06
-1.269068655157528e-10,-4.68243311988517e-06,3.1625778708541866e-06,-1.651187915441772e-05,1.486348262991209e-06,1.56638933905759e-06
-9.71730061985411e-11,-4.682415615792055e-06,3.1680601484057873e-06,-1.7451384714461618e-05,1.4841803168992012e-06,1.5789156152547378e-06
-7.078425838151903e-11,-4.682398067238854e-06,3.1734327771785725e-06,-1.8417826664094355e-05,1.4819917252336861e-06,1.5883077136029441e-06
-4.795225912386186e-11,-4.6823805192112665e-06,3.1786979504110745e-06,-1.9410627774478792e-05,1.4797872318300495e-06,1.5942842560092644e-06
-2.888745122534202e-11,-4.6823630177761476e-06,3.1838578168992784e-06,-2.042914812969985e-05,1.4775730462944893e-06,1.596562931560032e-06
-1.3798673107082325e-11,-4.682345612080615e-06,3.188914482842578e-06,-2.1472686075780352e-05,1.4753568986406953e-06,1.594861656751277e-06
-1.3810224467904212e-11,-4.682328332327748e-06,3.1938702968134628e-06,-2.2540476552703313e-05,1.473133084259714e-06,1.5888995580955172e-06
-1.3821544834837801e-11,-4.682311393574398e-06,3.1987269909603717e-06,-2.3631702376287704e-05,1.4709423633395063e-06,1.578398869046754e-06
-9.682265841045581e-12,-4.682294808209909e-06,2.259905690551407e-06,-2.463506739274862e-05,1.822656478107154e-06,1.5630856562012755e-06
-1.2618657183047655e-11,-4.6822785248626875e-06,2.2834413870361585e-06,-2.5772674198119912e-05,1.8134697550389222e-06,1.5426900998939737e-06
-2.0534816241550633e-11,-4.6822626003895554e-06,2.3065063675987114e-06,-2.6930863404316614e-05,1.8044854152898138e-06,1.5169495802572133e-06
-3.362119436250605e-11,-4.682247092084506e-06,2.32911004572471e-06,-2.810859166526632e-05,1.7957180469612516e-06,1.4856087179978245e-06
-5.2063759040359264e-11,-4.682232059986693e-06,2.3512616482002674e-06,-2.930476436333167e-05,1.7871838995795238e-06,1.4484208608017377e-06
-7.604361144081254e-11,-4.682217564650109e-06,2.372970216237819e-06,-3.0518237591055576e-05,1.7789008466670144e-06,1.4051492871326111e-06
-1.0573659874393816e-10,-4.682203667855131e-06,2.3942446106002145e-06,-3.174782023327068e-05,1.7708883370900214e-06,1.355568394213522e-06
-1.4131295314025899e-10,-4.682190431795546e-06,2.4150935149867e-06,-3.2992276153569886e-05,1.7631673304991584e-06,1.2994648606298774e-06
-1.8293692191055937e-10,-4.682177920805409e-06,2.4355254387606245e-06,-3.425032646892871e-05,1.7557602226371315e-06,1.2366387820582325e-06
-2.30766416022512e-10,-4.682166198830653e-06,2.455548721565611e-06,-3.552065191414469e-05,1.7486907566686182e-06,1.1669047723562908e-06
-2.849526628280335e-10,-4.682155331565358e-06,2.4751715364491283e-06,-3.680189528743428e-05,1.7419839203968387e-06,1.0900930282725505e-06
-3.456398833679881e-10,-4.68214538480735e-06,2.4944018926413724e-06,-3.809266397307936e-05,1.7356658334177768e-06,1.0060503490463153e-06
-4.1296495451151633e-10,-4.682136424596646e-06,2.5132476387750967e-06,-3.939153253201946e-05,1.7297636207241957e-06,9.146411101071102e-07
-4.870571131666974e-10,-4.682128518182231e-06,2.5317164679632492e-06,-4.069704536094496e-05,1.7243052746400122e-06,8.157481841774565e-07
-5.680376212722265e-10,-4.682121732907888e-06,2.549815917330225e-06,-4.200771940778974e-05,1.7193195062394033e-06,7.092738062053941e-07
-6.560195131482383e-10,-4.68211613549357e-06,2.5675533759580952e-06,-4.3322046942957154e-05,1.7148355858228896e-06,5.951403788793859e-07
-7.511073120388739e-10,-4.682111794048647e-06,2.584936082376247e-06,-4.4638498376731555e-05,1.7108831746664764e-06,4.7329121270268056e-07
-8.533967148419671e-10,-4.682108775591083e-06,2.6019711321973215e-06,-4.595552512021068e-05,1.707492146336379e-06,3.436911995098108e-07
-9.629744087625172e-10,-4.68210714743316e-06,2.6186654787691736e-06,-4.727156248409672e-05,1.7046924014656869e-06,2.0632741537307321e-07
-1.0799177720152038e-09,-4.682106976654338e-06,2.635025935758341e-06,-4.8585032605576465e-05,1.7025136749283098e-06,6.120964750733034e-08
-1.2042946797663113e-09,-4.6821083295015965e-06,2.6510591807707293e-06,-4.989434740639867e-05,1.7009853369986866e-06,-9.162915348762032e-08
-1.3361632691131178e-09,-4.6821112725136194e-06,2.6667717582452595e-06,-5.119791156516266e-05,1.7001361900077038e-06,-2.5213250278476654e-07
-1.4755717494732655e-09,-4.682115870809389e-06,2.6821700816116668e-06,-5.2494125508924863e-05,1.6999942600934245e-06,-4.2022009159635953e-07
-1.6225581866314286e-09,-4.6821221891644205e-06,2.6972604355559087e-06,-5.378138841135598e-05,1.7005865888843898e-06,-5.957875816368477e-07
-1.7771503828928868e-09,-4.682130291590039e-06,2.7120489799467693e-06,-5.5058101196560484e-05,1.701939021313891e-06,-7.787064848370855e-07
-1.9393656512045763e-09,-4.682140240515024e-06,2.726541750866983e-06,-5.6322669538899455e-05,1.7040759951386794e-06,-9.688241316613029e-07
-2.1092107119408466e-09,-4.6821520980231235e-06,2.7407446632236495e-06,-5.7573506858594876e-05,1.7070203316847095e-06,-1.165963725348352e-06
-2.286681571077181e-09,-4.6821659248500775e-06,2.7546635154296295e-06,-5.8809037301901916e-05,1.7107930283840817e-06,-1.3699244875452239e-06
-2.4717633432574287e-09,-4.682181779753941e-06,2.768303987062869e-06,-6.0027698704850263e-05,1.715413057053736e-06,-1.5804818915857656e-06
-2.664430200112718e-09,-4.6821997209037525e-06,2.7816716469562983e-06,-6.122794553378192e-05,1.720897165811666e-06,-1.7973879866411493e-06
-2.8646453210448245e-09,-4.682219804231721e-06,2.794771950570035e-06,-6.240825179724541e-05,1.7272596894891128e-06,-2.0203718112503873e-06
-3.072360722594256e-09,-4.682242084429271e-06,2.8076102454981606e-06,-6.356711392291826e-05,1.7345123668988748e-06,-2.2491398949262367e-06
-3.2875172985554405e-09,-4.682266613844859e-06,2.820191772069474e-06,-6.470305359811425e-05,1.7426641685479106e-06,-2.4833768486276642e-06
-3.5100447490683513e-09,-4.682293443962741e-06,2.83252166511621e-06,-6.581462056410572e-05,1.7517211349268047e-06,-2.722746042259947e-06
-3.739861522129533e-09,-4.682322623536e-06,2.844604957251017e-06,-6.690039536392755e-05,1.7616862268906088e-06,-2.966890366593574e-06
-3.976874894737226e-09,-4.682354199169028e-06,2.8564465808766027e-06,-6.795899203333794e-05,1.7725591888739453e-06,-3.215433079525454e-06
-4.2209809147204325e-09,-4.68238821522544e-06,2.868051369304915e-06,-6.898906073626838e-05,1.7843364274225882e-06,-3.467978733664119e-06
-4.472064484582152e-09,-4.682424714276207e-06,2.8794240589978727e-06,-6.998929033488136e-05,1.7970109047686437e-06,-3.7241141818110765e-06
-4.729999325385682e-09,-4.682463736016041e-06,2.890569291862877e-06,-7.095841089323714e-05,1.810572049402378e-06,-3.983409660033088e-06
-4.994648187375829e-09,-4.682505318007886e-06,2.901491617565165e-06,-7.18951961080188e-05,1.8250056835486646e-06,-4.245419941608411e-06
-5.2658627945454345e-09,-4.682549494800108e-06,2.912195493579205e-06,-7.279846566209721e-05,1.8402939695461834e-06,-4.5096855624716476e-06
-5.543484028807293e-09,-4.682596298978296e-06,2.922685289455529e-06,-7.366708749804867e-05,1.8564153759574332e-06,-4.775734110649182e-06
-5.827342043175307e-09,-4.682645759601308e-06,2.9329652862145816e-06,-7.44999800062968e-05,1.8733446619002624e-06,-5.043081578700075e-06
-6.11725636553595e-09,-4.682697903222324e-06,2.9430396802129483e-06,-7.529611412299336e-05,1.8910528833202598e-06,-5.311233773153151e-06
-6.413036084182315e-09,-4.682752753366255e-06,2.9529125833487067e-06,-7.60545153374158e-05,1.9095074200074894e-06,-5.579687776901973e-06
-6.714480099923405e-09,-4.682810331146201e-06,2.9625880257508624e-06,-7.677426559877887e-05,1.928672022577785e-06,-5.847933459603304e-06
-7.021377145247367e-09,-4.68287065360331e-06,2.9720699562877428e-06,-7.74545051265679e-05,1.948506882289884e-06,-6.11545503212395e-06
-7.333506247406976e-09,-4.682933735795566e-06,2.981362245082569e-06,-7.809443411151503e-05,1.9689687212636035e-06,-6.381732637861018e-06
-7.650636717232138e-09,-4.682999589001218e-06,2.9904686850087467e-06,-7.869331431399101e-05,1.9900109046965963e-06,-6.646243977854959e-06
-7.972528597373046e-09,-4.683068221106636e-06,2.9993929934376445e-06,-7.925047054704472e-05,2.0115835739393197e-06,-6.908465961424053e-06
-8.29893289133586e-09,-4.683139637135709e-06,3.0081388128938487e-06,-7.976529204731041e-05,2.0336338009457285e-06,-7.167876378837081e-06
-8.62959181321671e-09,-4.683213838788899e-06,3.0167097126523957e-06,-8.023723372612156e-05,2.0561057623941562e-06,-7.423955589196353e-06
-8.964239169155891e-09,-4.6832908242953336e-06,3.0251091915080085e-06,-8.066581730038777e-05,2.0789409338078825e-06,-7.676188216522787e-06
-9.30260062921748e-09,-4.6833705881540714e-06,3.0333406775837246e-06,-8.105063229968182e-05,2.1020783037097292e-06,-7.924064848838883e-06
-9.644394177136108e-09,-4.683453121445536e-06,3.0414075310781012e-06,-8.139133694531768e-05,2.1254546040057944e-06,-8.167083734212731e-06
-9.989330435682852e-09,-4.683538412618367e-06,3.0493130445997096e-06,-8.168765889919973e-05,2.1490045595730167e-06,-8.404752465033932e-06
-1.0337113133715688e-08,-4.683626445964036e-06,3.0570604443845568e-06,-8.193939588077695e-05,2.1726611524992756e-06,-8.636589647260282e-06
-1.0687439405742952e-08,-4.683717202686506e-06,3.06465289323279e-06,-8.214641614621869e-05,2.1963559014808037e-06,-8.862126544490363e-06
-1.1040000321328898e-08,-4.683810660018654e-06,3.072093490398547e-06,-8.230865883180992e-05,2.220019153980313e-06,-9.080908692907046e-06
-1.139448137422449e-08,-4.68390679205295e-06,3.0793852724579903e-06,-8.242613415457182e-05,2.2435803920148472e-06,-9.292497478459802e-06
-1.1750562895900564e-08,-4.684005568967629e-06,3.0865312159420165e-06,-8.249892347066239e-05,2.266968545511297e-06,-9.496471671456465e-06
-1.2107920533070488e-08,-4.684106958380751e-06,3.0935342370509834e-06,-8.252717918800501e-05,2.2901123157132e-06,-9.692428909404991e-06
-1.2466225949418848e-08,-4.684210923365689e-06,3.1003971948243153e-06,-8.251112453136798e-05,2.312940505143429e-06,-9.879987123692279e-06
-1.2825147056452492e-08,-4.684317424206358e-06,3.1071228901915574e-06,-8.245105315856297e-05,2.3353823511846372e-06,-1.0058785902217195e-05
-1.3184348881985247e-08,-4.684426417572842e-06,3.113714068939326e-06,-8.234732862498706e-05,2.3573678640958235e-06,-1.0228487782524092e-05
-1.3543493913459955e-08,-4.68453785681196e-06,3.120173420543476e-06,-8.22003836965078e-05,2.378828164037358e-06,-1.0388779467526337e-05
-1.3902242802349288e-08,-4.684651691654253e-06,3.126503582379699e-06,-8.201071950713923e-05,2.3996958174086693e-06,-1.0539372959351291e-05
-1.4260254922167886e-08,-4.6847678687995215e-06,3.132707137752475e-06,-8.177890456295159e-05,2.419905169944719e-06,-1.0680006605075491e-05
-1.4617189025904145e-08,-4.684886332294277e-06,3.138786618626513e-06,-8.150557359043871e-05,2.4393926726597417e-06,-1.0810446047105984e-05
-1.4972703764254197e-08,-4.685007021477383e-06,3.1447445070090805e-06,-8.119142622900961e-05,2.4580972020834726e-06,-1.0930485074918748e-05
-1.5326458488830124e-08,-4.68512987413676e-06,3.1505832347122348e-06,-8.083722556582853e-05,2.4759603686807984e-06,-1.1039946371714707e-05
-1.5678113800158286e-08,-4.685254824122473e-06,3.15630518456991e-06,-8.044379651855409e-05,2.492926813618058e-06,-1.1138682151858108e-05
-1.6027332193529765e-08,-4.6853818022889965e-06,3.161912691766001e-06,-8.001202405765072e-05,2.508944492014149e-06,-1.1226574684003807e-05
-1.6373778838172622e-08,-4.685510737028448e-06,3.1674080459264336e-06,-7.954285127926406e-05,2.5239649384900835e-06,-1.1303536696582916e-05
-1.671712212107174e-08,-4.6856415536432164e-06,3.1727934900995656e-06,-7.903727732310908e-05,2.537943516090672e-06,-1.1369511663426403e-05
-1.705703439826677e-08,-4.685774174920347e-06,3.1780712219536018e-06,-7.849635514025533e-05,2.5508396436397755e-06,-1.1424473961893757e-05
-1.739319276426904e-08,-4.68590852124042e-06,3.1832433958619368e-06,-7.792118911158756e-05,2.5626170025676593e-06,-1.146842890810035e-05
-1.7725279561964526e-08,-4.686044509879742e-06,3.188312123259619e-06,-7.731293252182547e-05,2.573243719364806e-06,-1.1501412660833504e-05
-1.8052983242544358e-08,-4.686182056198902e-06,3.193279473231886e-06,-7.667278488976974e-05,2.5826925234306243e-06,-1.1523491996322173e-05
-1.8375998950844698e-08,-4.6863210737098806e-06,3.1981474729608714e-06,-7.600198916298934e-05,2.5909408786678883e-06,-1.1534763952874939e-05
-1.869402925886438e-08,-4.686461472440361e-06,3.2029181090916733e-06,-7.530182877417477e-05,2.5979710874428443e-06,-1.153535534397086e-05
-1.9006784893369335e-08,-4.686603162047856e-06,3.2075933294713127e-06,-7.457362457381245e-05,2.6037703665166505e-06,-1.152542214178741e-05
-1.9313985276116457e-08,-4.686746049098665e-06,3.2121750421330903e-06,-7.381873163518297e-05,2.6083308924363557e-06,-1.1505148732081825e-05
-1.9615359367475096e-08,-4.6868900391319575e-06,3.216665117221467e-06,-7.303853594456202e-05,2.6116498193811535e-06,-1.147474704149407e-05
-1.991064627188555e-08,-4.6870350361279806e-06,3.221065388059447e-06,-7.223445098117618e-05,2.613729264654868e-06,-1.1434455541545984e-05
-2.0199595750042797e-08,-4.687180942080982e-06,3.225377650258237e-06,-7.14079141923531e-05,2.614576264707303e-06,-1.1384538131695783e-05
-2.0481969042058052e-08,-4.687327658989724e-06,3.2296036635016826e-06,-7.05603833759682e-05,2.614202701343834e-06,-1.132528290633273e-05
-2.0757539451193386e-08,-4.687475086297315e-06,3.233745153239832e-06,-6.9693332975072e-05,2.612625196241627e-06,-1.125700080861271e-05
-2.102609291101696e-08,-4.6876231230758644e-06,3.2378038102527853e-06,-6.880825029802204e-05,2.6098649786125077e-06,-1.118002418043245e-05
-2.1287428554552455e-08,-4.6877716685283685e-06,3.241781291160809e-06,-6.790663166755952e-05,2.605947721957972e-06,-1.1094705211373666e-05
-2.1541359276909347e-08,-4.6879206200851856e-06,3.2456792185083383e-06,-6.698997851837202e-05,2.6009033539059883e-06,-1.1001414295013198e-05
-2.1787712411962346e-08,-4.688069875416004e-06,3.2494991845351257e-06,-6.605979344469582e-05,2.5947658402749603e-06,-1.0900538300634125e-05
-2.2026330029285718e-08,-4.688219331752715e-06,3.253242747492342e-06,-6.511757621794194e-05,2.5875729429220334e-06,-1.0792478767665532e-05
-2.2257069646809464e-08,-4.688368886631286e-06,3.256911436448165e-06,-6.416481978211783e-05,2.5793659549519555e-06,-1.0677650032384796e-05
-2.2479804575621e-08,-4.688518438017847e-06,3.2605067482317485e-06,-6.320300624103324e-05,2.5701894154352155e-06,-1.0556477296999355e-05
-2.2694424347487846e-08,-4.688667883404876e-06,3.26403015038192e-06,-6.223360285094593e-05,2.5600908020707583e-06,-1.0429394648990494e-05
-2.2900835230515174e-08,-4.68881712102558e-06,3.2674830809081266e-06,-6.125805803396873e-05,2.5491202098436743e-06,-1.0296843043458845e-05
-2.309896049204851e-08,-4.688966050893111e-06,3.2708669500867536e-06,-6.027779742578247e-05,2.5373300123850466e-06,-1.0159268258921623e-05
-2.3288740831482184e-08,-4.6891145730308565e-06,3.2741831387401416e-06,-5.929421997131012e-05,2.524774512996507e-06,-1.0017118836095636e-05
-2.3470134682800066e-08,-4.689262589067911e-06,3.277432999461967e-06,-5.830869408900331e-05,2.511509584866433e-06,-9.870844014306979e-06
-2.3643118415695077e-08,-4.689410001231615e-06,3.280617859870256e-06,-5.732255391495345e-05,2.497592304318486e-06,-9.720891674228854e-06
-2.3807686699823657e-08,-4.689556714304332e-06,3.2837390199619285e-06,-5.633709564670122e-05,2.483080581637535e-06,-9.567706302171309e-06
-2.3963852671255354e-08,-4.689702634369947e-06,3.286797753551776e-06,-5.535357400184303e-05,2.4680327894212153e-06,-9.411726985554177e-06
-2.4111648074832795e-08,-4.689847669466704e-06,3.289795309175684e-06,-5.43731988118628e-05,2.452507392573362e-06,-9.253385452871836e-06
-2.4251123492645118e-08,-4.689991729873177e-06,3.2927329105757444e-06,-5.339713176706528e-05,2.4365625841891906e-06,-9.093104171430863e-06
-2.4382348429006708e-08,-4.690134728285756e-06,3.295611756061806e-06,-5.242648332959719e-05,2.4202559290628346e-06,-8.931294513588054e-06
-2.450541130689047e-08,-4.690276579607086e-06,3.2984330223426928e-06,-5.14623098402025e-05,2.403644015433742e-06,-8.768355003562452e-06
-2.4620419658601792e-08,-4.690417201984574e-06,3.301197859454367e-06,-5.050561082759364e-05,2.3867821243667866e-06,-8.604669658865607e-06
-2.472750005722879e-08,-4.690556515948848e-06,3.303907396542028e-06,-4.9557326550747644e-05,2.369723911114615e-06,-8.440606435828648e-06
-2.4826798119065965e-08,-4.690694445350796e-06,3.306562739162966e-06,-4.86183357845635e-05,2.3525211076025923e-06,-8.276515790772325e-06
-2.4918478452201564e-08,-4.690830917398955e-06,3.309164972205202e-06,-4.7689453875970015e-05,2.3352232451974837e-06,-8.112729369754156e-06
-2.500272459106434e-08,-4.690965862519744e-06,3.3117151569025e-06,-4.6771431087026715e-05,2.317877402310104e-06,-7.949558835510724e-06
-2.5079738932417666e-08,-4.691099215132671e-06,3.3142143346330323e-06,-4.5864951247222044e-05,2.30052797602232e-06,-7.787294841739677e-06
-2.514974255987963e-08,-4.691230913431561e-06,3.3166635254114383e-06,-4.49706307338429e-05,2.28321648313691e-06,-7.626206167114342e-06
-2.521297512873871e-08,-4.691360898981464e-06,3.3190637289946893e-06,-4.4089017805506395e-05,2.2659813904674394e-06,-7.466539013915828e-06
-2.526969476800037e-08,-4.691489118081079e-06,3.3214159256306755e-06,-4.322059230539625e-05,2.2488579765494773e-06,-7.308516483897432e-06
-2.532017772095115e-08,-4.691615521106208e-06,3.3237210748862722e-06,-4.2365765760405097e-05,2.2318782265029353e-06,-7.152338237126821e-06
-2.5364718401640103e-08,-4.691740063162966e-06,3.325980117789029e-06,-4.1524881894057276e-05,2.2150707609290143e-06,-6.998180342132493e-06
-2.5403628955810944e-08,-4.6918627035213164e-06,3.3281939759132714e-06,-4.0698217576860014e-05,2.1984607998512215e-06,-6.846195324418352e-06
-2.543723923241181e-08,-4.6919834062023455e-06,3.3303635538778634e-06,-3.988598423773045e-05,2.1820701639328544e-06,-6.696512419452491e-06
-2.5465896455085154e-08,-4.692102139993227e-06,3.332489737046189e-06,-3.9088329757149066e-05,2.165917311597498e-06,-6.5492380366805e-06
-2.5489965148384116e-08,-4.692218879337169e-06,3.334573393652125e-06,-3.8305340865131795e-05,2.15001741460868e-06,-6.404456439795132e-06
-2.5509826682949343e-08,-4.6923336030578e-06,3.336615373400322e-06,-3.753704606655872e-05,2.1343824710039924e-06,-6.2622306483416255e-06
-2.552587935568461e-08,-4.6924462953270226e-06,3.338616510348816e-06,-3.6783419120393254e-05,2.1190214568417257e-06,-6.1226035657377595e-06
-2.5538538049439595e-08,-4.692556945420963e-06,3.3405776209426693e-06,-3.604438309155507e-05,2.103940516320464e-06,-5.985599338926773e-06
-2.5548234020319447e-08,-4.692665548902063e-06,3.342499505549393e-06,-3.5319815004756295e-05,2.089143190919683e-06,-5.851224952549559e-06
-2.555541497806174e-08,-4.6927721060745665e-06,3.3443829496239647e-06,-3.460955111817578e-05,2.074630686730538e-06,-5.7194720644363096e-06
-2.5560544677198904e-08,-4.692876623422883e-06,3.346228721536932e-06,-3.3913392851388293e-05,2.0604021814324717e-06,-5.590319085387264e-06
-2.5564103093464814e-08,-4.6929791125769474e-06,3.3480375745427814e-06,-3.3231113381315385e-05,2.0464551708157076e-06,-5.463733508432926e-06
-2.5568406124444504e-08,-4.693079581687033e-06,4.125439248177479e-06,-3.265315652803962e-05,1.753704732855134e-06,-5.339674703404717e-06
