0.0,1.5707963267948966,0.0,0.042647120272481374,0.0,-0.35554974857002486
0.0,1.5393803986882026,0.0,0.04723000015812572,2.2265936870446386e-18,-0.35387770552337705
0.0,1.7393803986882024,0.0,0.06310532592504005,-2.5784954989333767e-17,-0.3138341478946508
0.0,1.891697236735161,0.0,0.08340896178322423,-4.5716668445090385e-17,-0.2684895180030256
0.0,1.853863285259203,0.0,0.0802260717826392,-4.531013137246038e-17,-0.26222402705008846
0.0,1.8167860109589016,0.0,0.07781274337126223,-4.080535810612719e-17,-0.2566754463790653
0.0,1.78045028032782,0.0,0.07565829670751807,-4.0296368491426375e-17,-0.2514014635018833
0.0,1.7448412625289094,0.0,0.0736566356454136,-4.3260269216035924e-17,-0.24630685822907777
0.0,1.7099444233411363,0.0,0.0717652406429189,-3.994512868404022e-17,-0.24135222362406414
0.0,1.6757455192271735,0.0,0.06996204964567285,-4.0115865440686764e-17,-0.23651651251448588
0.0,1.6422305915197453,0.0,0.06823360135298229,-4.26993829284622e-17,-0.23178675108491184
0.0,1.6093859607242345,0.0,0.06657074660440068,-4.611612032962478e-17,-0.22715421538711775
0.0,1.577198220935248,0.0,0.06496671672937962,-5.5216959254025264e-17,-0.2226127178995896
0.0,1.5456542343648438,0.0,0.06341617810504106,-5.763560075811795e-17,-0.21815773593381352
0.0,1.5147411259801924,0.0,0.061914730391429314,-6.465633183748293e-17,-0.21378591736242103
0.0,1.4844462782484933,0.0,0.06045862647226492,-6.02641172872693e-17,-0.20949477092781246
0.0,1.4547573259869817,0.0,0.05904460984198213,-5.948760331089477e-17,-0.20528245315420676
0.0,1.4256621513159433,0.0,0.057669816071899103,-5.982867990517383e-17,-0.20114760941047216
0.0,1.3971488787126638,0.0,0.0563317093047779,-6.068352802057237e-17,-0.19708924816568216
0.0,1.3692058701643002,0.0,0.05502803741115855,-5.900320118302666e-17,-0.19310663814770715
0.0,1.3418217204176985,0.0,0.053756796560531867,-5.909715287826955e-17,-0.18919922346089973
0.0,1.3149852523242072,0.0,0.05251620016400232,-5.717439193060747e-17,-0.1853665542795311
0.0,1.2886855122776004,0.0,0.05130464967304531,-5.507654954136542e-17,-0.18160823180220495
0.0,1.26291176574324,0.0,0.05012070620554362,-5.3210681260518006e-17,-0.17792386644834882
0.0,1.237653492876655,0.0,0.04896306277891354,-5.60597853560952e-17,-0.174313048223134
0.0,1.2129003842297483,0.0,0.047830517295852644,-5.4415213834172035e-17,-0.17077532801932666
0.0,1.1886423365428795,0.0,0.0467219465178254,-5.395641112350144e-17,-0.16731020849843273
0.0,1.1648694486211055,0.0,0.04563628119970069,-5.333024297940263e-17,-0.16391714315814349
0.0,1.141572017292898,0.0,0.044572482443830705,-5.028474870636131e-17,-0.16059554225679318
0.0,1.1187405334496823,0.0,0.043529519249663896,-4.8820342063072375e-17,-0.15734478440113678
0.0,1.0963656781645907,0.0,0.04250634728461668,-4.79171493740285e-17,-0.15416423275270041
0.0,1.074438318888835,0.0,0.041501889239365077,-4.477047459165625e-17,-0.15105325486612328
0.0,1.052949505724156,0.0,0.04051501805723838,-4.120530158184804e-17,-0.14801124494300247
0.0,1.0318904677698206,0.0,0.03954454647155747,-4.108472112521502e-17,-0.14503764635940192
0.0,1.0112526095426824,0.0,0.03858923098347333,-4.099739847558723e-17,-0.1421319698232261
0.0,0.9910275074688335,0.0,0.037647808489524925,-3.926519845482708e-17,-0.13929379651056165
0.0,0.9712069064454346,0.0,0.03671910497035699,-3.9573204636726056e-17,-0.13652274189093871
0.0,0.9517827164712968,0.0,0.03580229848340507,-3.817341905079555e-17,-0.13381832652820416
0.0,0.9327470093448591,0.0,0.03489749630257417,-3.4235838127452673e-17,-0.13117964246320948
0.0,0.9140920154282031,0.0,0.0340068841316526,-3.4298640930465156e-17,-0.1286046171944432
0.0,0.895810120475788,0.0,0.03313663577375209,-2.6873301127470707e-17,-0.12608866697907928
0.0,0.8778938625266111,0.0,0.03229878171146553,-2.2672267837989022e-17,-0.12362309610623967
0.0,0.8603359288585237,0.0,0.03150927065191182,-2.243785093306835e-17,-0.1211956163833548
0.0,0.8431291530034623,0.0,0.03077764574606102,-2.356464557584942e-17,-0.11879656858412688
0.0,0.826266511822373,0.0,0.030097193646593693,-2.337630583033415e-17,-0.11642620399385142
0.0,0.8097411226386392,0.0,0.029452117555249454,-2.3354455270827325e-17,-0.1140915461562314
0.0,0.7935462404288386,0.0,0.028830202402893912,-2.0944860512764612e-17,-0.11179846602364385
0.0,0.7776752550696882,0.0,0.0282253246991188,-1.726866778753147e-17,-0.10954950874433793
0.0,0.7621216886400451,0.0,0.027634866990237515,-1.4954645916207763e-17,-0.1073451703284806
0.0,0.7468791927768734,0.0,0.027057677143631526,-1.4397928467289357e-17,-0.1051850720855161
0.0,0.7319415460840858,0.0,0.026493150722034037,-1.2486336815017942e-17,-0.10306851401736865
0.0,0.7173026515932126,0.0,0.02594088402306248,-1.2656132091808727e-17,-0.10099468982725843
0.0,0.7029565342748538,0.0,0.025400550038162086,-1.0885449450755323e-17,-0.09896276521660453
0.0,0.688897338599906,0.0,0.024871854551400816,-1.0897509756079802e-17,-0.09697190585777783
0.0,0.6751193261495596,0.0,0.024354520379761456,-9.712370920335986e-18,-0.09502128734858399
0.0,0.6616168732731011,0.0,0.02384828149790146,-9.039948071297562e-18,-0.09311009872862638
0.0,0.6483844687925546,0.0,0.02335288067837049,-6.852286281505217e-18,-0.09123754367076896
0.0,0.635416711753235,0.0,0.022868068411061915,-8.133371570650405e-18,-0.0894028408162559
0.0,0.6227083092192849,0.0,0.02239360230596609,-6.10223891457484e-18,-0.08760522378477481
0.0,0.6102540741133052,0.0,0.021929246690327402,-4.7972093565700915e-18,-0.08584394105551102
0.0,0.5980489230991912,0.0,0.021474772292421836,-4.6767055077763955e-18,-0.08411825579357024
0.0,0.5860878745073101,0.0,0.02102995597012201,-4.085190680956584e-18,-0.082427445651128
0.0,0.5743660463011794,0.0,0.020594580466998077,-2.104147869157394e-18,-0.08077080255556185
0.0,0.5628786540848052,0.0,0.02016843418816611,4.867849462728831e-19,-0.07914763249013562
0.0,0.5516210091498795,0.0,0.019751310991900497,1.3308844018716863e-19,-0.0775572552700548
0.0,0.5405885165620316,0.0,0.019343009994635178,1.7911487188516917e-18,-0.0759990043155332
0.0,0.5297766732853519,0.0,0.018943335387743458,4.378691676023236e-18,-0.07447222642295205
0.0,0.5191810663444292,0.0,0.018552096264866962,2.5663800588913133e-18,-0.07297628153491433
0.0,0.508797371023144,0.0,0.018169106458795197,4.237969315546269e-18,-0.07151054250983369
0.0,0.4986213490994871,0.0,0.017794184387050473,4.4808927262731616e-18,-0.07007439489159425
0.0,0.48864884711568185,0.0,0.01742715290544206,4.93522170129991e-18,-0.06866723667974164
0.0,0.47887579468290387,0.0,0.01706783916894101,3.1206675698577457e-18,-0.06728847810061152
0.0,0.4692982028199057,0.0,0.016716074499302028,1.9501655646226762e-18,-0.0659375413797496
0.0,0.4599121623248692,0.0,0.016371694258917862,4.63811082631328e-18,-0.06461386051593673
0.0,0.4507138421798216,0.0,0.016034537730443797,4.60945180477338e-18,-0.063316881057101
0.0,0.441699487986961,0.0,0.015704448001777074,4.853518771080856e-18,-0.06204605987835512
0.0,0.43286542043625825,0.0,0.015381271856019093,5.670727533877172e-18,-0.06080086496237962
0.0,0.42420803380370403,0.0,0.015064859666077653,5.7759534219593106e-18,-0.05958077518233542
0.0,0.41572379447959273,0.0,0.014755065293605847,4.7517770509603745e-18,-0.05838528008746832
0.0,0.4074092395262401,0.0,0.014451745991994948,8.035036787393213e-18,-0.05721387969154746
0.0,0.399260975264545,0.0,0.014153123795140573,7.026339412977983e-18,-0.05606726828582759
0.0,0.39127567588882306,0.0,0.01386084507361994,7.196230885182331e-18,-0.054943655347027186
0.0,0.38345008210933973,0.0,0.013574765597166824,6.6204369026417186e-18,-0.05384258226410734
0.0,0.37578099982199586,0.0,0.013294745091305394,7.427220319289408e-18,-0.05276359914551445
0.0,0.3682652988046182,0.0,0.013020647070761983,8.06765679056508e-18,-0.05170626469652503
0.0,0.3608999114393225,0.0,0.012752338685085029,8.013752098101657e-18,-0.05067014609446062
0.0,0.3536818314604329,0.0,0.012489690575183789,8.2923113723331e-18,-0.04965481886215468
0.0,0.3466081127274393,0.0,0.012232576739657905,7.878569155807514e-18,-0.048659866740020284
0.0,0.3396758680224975,0.0,0.01198087440992795,8.180646979598414e-18,-0.04768488155705352
0.0,0.33288226787197833,0.0,0.01173446393330116,6.804173813906175e-18,-0.04672946310107254
0.0,0.3262245393915877,0.0,0.011493228663210635,6.0195783350167925e-18,-0.04579321898847864
0.0,0.31969996515458,0.0,0.011257054855954251,6.124531251874738e-18,-0.04487576453379531
0.0,0.31330588208261295,0.0,0.01102583157334089,5.510994154672005e-18,-0.04397672261922466
0.0,0.3070396803587789,0.0,0.010799450590717337,4.92967906274057e-18,-0.04309572356443636
0.0,0.3008988023623822,0.0,0.010577806309913078,5.96387887086569e-18,-0.0422324049967871
0.0,0.29488074162501454,0.0,0.010360795676680721,6.079217192542076e-18,-0.04138641172214752
0.0,0.2889830418075134,0.0,0.010148318102273098,5.237557910909565e-18,-0.04055739559649854
0.0,0.2832032956973793,0.0,0.009940275388818585,3.126284501222471e-18,-0.03974501539844154
0.0,0.27753914422624437,0.0,0.009736571658203868,2.1010733691201136e-18,-0.038948936702751416
0.0,0.2719882755069932,0.0,0.009537113284200044,7.593381002064603e-19,-0.038168831755087555
0.0,0.26654842389013883,0.0,0.009341808827591854,-2.1675392334901242e-19,-0.03740437934796564
0.0,0.2612173690390731,0.0,0.009150568974098196,6.176504995932225e-19,-0.03665526469807893
0.0,0.25599293502381115,0.0,0.008963306474890916,6.307588064644575e-19,-0.035921179325049894
0.0,0.2508729894328617,0.0,0.008779936089535286,1.2187271954272825e-19,-0.03520182093167904
0.0,0.24585544250285807,0.0,0.008600374531197844,1.0328445680042468e-18,-0.034496893285750084
0.0,0.24093824626559926,0.0,0.00842454041397397,1.5002186637419916e-18,-0.033806106103442535
0.0,0.23611939371214724,0.0,0.008252354202207074,5.863943327485218e-19,-0.03312917493439448
0.0,0.23139691797364495,0.0,0.008083738161679843,-1.3435237239041455e-18,-0.03246582104844898
0.0,0.22676889151851573,0.0,0.007918616312568351,-5.805319767463564e-20,-0.03181577132411504
0.0,0.22223342536572016,0.0,0.007756914384059858,1.2878320726400901e-18,-0.03117875813876373
0.0,0.21778866831374713,0.0,0.00759855977054362,4.0268314115349025e-19,-0.03055451926057727
0.0,0.21343280618502483,0.0,0.007443481489287129,1.1640848176720129e-19,-0.029942797742263848
0.0,0.20916406108544428,0.0,0.007291610139527339,-6.883136068090537e-19,-0.029343341816544043
0.0,0.20498069067869115,0.0,0.007142877862896744,-1.35717914676307e-18,-0.028755904793415037
0.0,0.20088098747509264,0.0,0.006997218305126618,7.09113458459439e-19,-0.028180244959189412
0.0,0.196863278134685,0.0,0.0068545665789597286,-2.117784749398749e-18,-0.02761612547730881
0.0,0.19292592278422224,0.0,0.0067148592282198685,-2.4312464769529312e-18,-0.027063314290921955
0.0,0.1890673143478428,0.0,0.0065780341929832275,-2.5656073853317118e-20,-0.02652158402722216
0.0,0.1852858778911236,0.0,0.006444030775802853,-2.0942267337836283e-18,-0.02599071190353079
0.0,0.18158006997825285,0.0,0.006312789608941269,-2.296541061653978e-18,-0.025470479635113397
0.0,0.1779483780420596,0.0,0.006184252622566143,-8.144616026532748e-19,-0.02496067334471424
0.0,0.17438931976664168,0.0,0.006058363013871614,-2.5799560175630933e-18,-0.02446108347379197
0.0,0.17090144248234282,0.0,0.005935065217084889,-4.111304715657385e-18,-0.023971504695439124
0.0,0.16748332257282858,0.0,0.005814304874323888,-3.7351804836384095e-18,-0.02349173582896291
0.0,0.16413356489402114,0.0,0.005696028807273708,-4.456106106976963e-18,-0.02302157975611192
0.0,0.1608508022046566,0.0,0.005580184989647431,-4.1338889317491766e-18,-0.022560843338922828
0.0,0.15763369460822824,0.0,0.005466722520404192,-7.379531302615901e-18,-0.022109337339166688
0.0,0.1544809290060949,0.0,0.005355591597697149,-4.847659642185251e-18,-0.021666876339372733
0.0,0.15139121856152327,0.0,0.0052467434935211275,-6.093202293185172e-18,-0.021233278665404975
0.0,0.1483633021744518,0.0,0.005140130529038887,-5.940812040780908e-18,-0.0208083663105678
0.0,0.14539594396675842,0.0,0.0050357060505597726,-9.468665399448358e-18,-0.02039196486121819
0.0,0.14248793277782304,0.0,0.0049334244061486785,-7.838362441346708e-18,-0.019983903423856766
0.0,0.13963808167017838,0.0,0.004833240922845549,-6.946955332968907e-18,-0.019584014553678673
0.0,0.1368452274450486,0.0,0.004735111884469985,-7.818461898330561e-18,-0.019192134184551353
0.0,0.13410823016757611,0.0,0.004638994509999609,-7.004899140396578e-18,-0.018808101560402888
0.0,0.13142597270154485,0.0,0.004544846932495008,-6.603620910363174e-18,-0.01843175916799091
0.0,0.12879736025340835,0.0,0.004452628178559447,-5.841091629007002e-18,-0.01806295267102886
0.0,0.1262213199254372,0.0,0.004362298148314035,-6.074197080292235e-18,-0.017701530845644346
0.0,0.12369680027780405,0.0,0.004273817595872508,-4.9854732745079236e-18,-0.017347345517147006
0.0,0.12122277089942694,0.0,0.0041871481103002515,-2.423011049058657e-18,-0.01700025149807859
0.0,0.11879822198739445,0.0,0.0041022520970425145,-4.116006480958464e-18,-0.016660106527523148
0.0,0.11642216393480437,0.0,0.004019092759808534,-5.760170974520711e-18,-0.016326771211653927
0.0,0.11409362692684402,0.0,0.003937634082896531,-8.658527922803954e-18,-0.016000108965489705
0.0,0.11181166054494908,0.0,0.0038578408139478613,-1.1159694769035247e-17,-0.015679985955842215
0.0,0.1095753333788806,0.0,0.0037796784471152826,-9.320468739772175e-18,-0.015366271045426828
0.0,0.10738373264655805,0.0,0.0037031132066387066,-9.040287375978114e-18,-0.015058835738117275
0.0,0.10523596382149823,0.0,0.003628112030809324,-1.0405413590927218e-17,-0.014757554125318944
0.0,0.10313115026770357,0.0,0.0035546425563186806,-1.156547275717651e-17,-0.014462302833440343
0.0,0.10106843288185383,0.0,0.0034826731029745,-1.427597450719772e-17,-0.014172960972440782
0.0,0.09904696974265256,0.0,0.003412172658779115,-1.5173884922368172e-17,-0.013889410085430945
0.0,0.0970659357671883,0.0,0.003343110865358085,-1.467833298157803e-17,-0.013611534099307413
0.0,0.09512452237416738,0.0,0.0032754580037282657,-1.2335499247250232e-17,-0.013339219276399155
0.0,0.09322193715388241,0.0,0.003209184980397401,-1.3499479146461961e-17,-0.013072354167104921
0.0,0.09135740354478132,0.0,0.003144263313787049,-1.3062931005669926e-17,-0.012810829563501816
0.0,0.0895301605165047,0.0,0.003080665120967999,-1.0152706203753916e-17,-0.012554538453906696
0.0,0.08773946225926352,0.0,0.003018363104703273,-9.374704806178038e-18,-0.0123033759783678
0.0,0.08598457787942768,0.0,0.002957330540785238,-9.494451663130112e-18,-0.012057239385070502
0.0,0.08426479110120388,0.0,0.002897541265665966,-8.685997039811777e-18,-0.011816027987636528
0.0,0.08257939997427978,0.0,0.002838969664367361,-9.413794628112643e-18,-0.01157964312329891
0.0,0.0809277165873149,0.0,0.002781590658666551,-9.040374444940875e-18,-0.011347988111934831
0.0,0.07930906678716153,0.0,0.002725379695550623,-8.669202672084176e-18,-0.01112096821593854
0.0,0.0777227899037021,0.0,0.002670312735930711,-8.51510051473537e-18,-0.010898490600915814
0.0,0.07616823848018915,0.0,0.002616366243610496,-7.713707182844868e-18,-0.010680464297184906
0.0,0.07464477800897834,0.0,0.0025635171745046212,-7.362865267232859e-18,-0.010466800162065927
0.0,0.07315178667254671,0.0,0.0025117429660965833,-6.161920702989138e-18,-0.010257410842942353
0.0,0.07168865508969213,0.0,0.002461021527134467,-7.127253605211591e-18,-0.01005221074107973
0.0,0.07025478606680594,0.0,0.0024113312275563254,-7.543443127169678e-18,-0.009851115976183584
0.0,0.06884959435412256,0.0,0.0023626508886380407,-6.743339594569364e-18,-0.009654044351684118
0.0,0.06747250640684337,0.0,0.002314959773363411,-6.609473947893298e-18,-0.00946091532073039
0.0,0.06612296015103733,0.0,0.0022682375770056583,-6.5574217672299725e-18,-0.009271649952879768
0.0,0.06480040475422422,0.0,0.0022224644179178366,-7.658655415678803e-18,-0.009086170901468293
0.0,0.06350430040054712,0.0,0.002177620828526499,-8.063001556559377e-18,-0.008904402371648516
0.0,0.06223411807043914,0.0,0.0021336877465253866,-8.455390465230757e-18,-0.008726270089079344
0.0,0.060989339324699424,0.0,0.0020906465062612836,-8.85089670292064e-18,-0.008551701269255545
0.0,0.05976945609288504,0.0,0.002048478830309585,-8.975149658926556e-18,-0.008380624587463392
0.0,0.05857397046593738,0.0,0.0020071668212358314,-9.989177552598152e-18,-0.008212970149349554
0.0,0.0574023944929548,0.0,0.001966692953535691,-9.03378528552424e-18,-0.008048669462088522
0.0,0.05625424998202953,0.0,0.0019270400657536745,-8.07249359140923e-18,-0.007887655406140835
0.0,0.055129068305068474,0.0,0.0018881913527716682,-7.148171853978865e-18,-0.007729862207583835
0.0,0.054026390206517554,0.0,0.0018501303582676618,-6.890698131098632e-18,-0.007575225411007725
0.0,0.052945765615911224,0.0,0.0018128409673365566,-5.3599584230591005e-18,-0.007423681852963019
0.0,0.05188675346417141,0.0,0.0017763073992740023,-6.493744966826113e-18,-0.007275169635948108
0.0,0.05084892150357952,0.0,0.001740514200514698,-7.144847749045286e-18,-0.00712962810292698
0.0,0.04983184613135051,0.0,0.0017054462377257705,-7.50055754530286e-18,-0.006986997812363687
0.0,0.04883511221673425,0.0,0.001671088691048059,-7.188028225966877e-18,-0.00684722051376562
0.0,0.047858312931575296,0.0,0.0016374270474857257,-7.013108689005623e-18,-0.006710239123722639
0.0,0.04690104958426109,0.0,0.0016044470944371581,-7.440525552834217e-18,-0.006575997702434545
0.0,0.04596293145699224,0.0,0.0015721349133662747,-7.546308809808705e-18,-0.0064444414307122284
0.0,0.045043575646305734,0.0,0.001540476873610968,-7.284873680041467e-18,-0.0063155165874490765
0.0,0.04414260690678938,0.0,0.0015094596263236285,-8.170982558714722e-18,-0.006189170527546446
0.0,0.04325965749792083,0.0,0.0014790700985440395,-9.061309507709643e-18,-0.006065351660288494
0.0,0.04239436703396987,0.0,0.0014492954873985206,-8.908520670013304e-18,-0.005944009428154846
0.0,0.04154638233690362,0.0,0.0014201232544238246,-8.458338077998935e-18,-0.005825094286062678
0.0,0.04071535729223245,0.0,0.0013915411200143017,-8.892407492805443e-18,-0.005708557681028741
0.0,0.039900952707739294,0.0,0.0013635370579869446,-8.552961676226957e-18,-0.0055943520322445945
0.0,0.039102836175034954,0.0,0.0013360992902630361,-8.338615075910574e-18,-0.0054824307115530985
0.0,0.03832068193388192,0.0,0.0013092162816651408,-8.30027433723814e-18,-0.005372748024321877
0.0,0.0375541707392313,0.0,0.001282876734824351,-8.096193118520799e-18,-0.005265259190702766
0.0,0.036802989730919396,0.0,0.001257069585196717,-8.10541049611508e-18,-0.005159920327269611
0.0,0.03606683230597084,0.0,0.0012317839961870271,-7.697580047840504e-18,-0.005056688429028415
0.0,0.03534539799345449,0.0,0.0012070093543759496,-7.479206332025607e-18,-0.004955521351790737
0.0,0.03463839233184284,0.0,0.0011827352648493374,-7.580609037453398e-18,-0.004856377794901981
0.0,0.03394552674882513,0.0,0.0011589515466288115,-7.423903924245605e-18,-0.004759217284319894
0.0,0.03326651844352238,0.0,0.0011356482281968839,-7.526048385415881e-18,-0.00466400015603387
0.0,0.032601090271059,0.0,0.0011128155431198428,-7.260979800782157e-18,-0.004570687539819527
0.0,0.03194897062944387,0.0,0.001090443925764025,-7.067807124278498e-18,-0.004479241343319834
0.0,0.03130989334871203,0.0,0.0010685240071019286,-6.975018711355955e-18,-0.004389624236448838
0.0,0.03068359758228501,0.0,0.0010470466106079718,-6.9774445659715e-18,-0.004301799636108093
0.0,0.030069827700502823,0.0,0.0010260027482431118,-6.97472061657064e-18,-0.004215731691213165
0.0,0.02946833318628645,0.0,0.0010053836165227691,-6.837691301448242e-18,-0.004131385268020323
0.0,0.02887886853288619,0.0,0.0009851805926700695,-6.92030903142255e-18,-0.004048725935749066
0.0,0.028301193143674935,0.0,0.0009653852308492582,-6.941669499308566e-18,-0.003967719952495443
0.0,0.027735071233946883,0.0,0.0009459892584811347,-6.8585778913020945e-18,-0.003888334251426967
0.0,0.02718027173467823,0.0,0.0009269845726343219,-6.772738195445154e-18,-0.0038105364272572563
0.0,0.02663656819821467,0.0,0.0009083632364950803,-6.726695489093964e-18,-0.0037342947229923413
0.0,0.026103738705843905,0.0,0.0008901174759114315,-6.668510640513564e-18,-0.0036595780169430413
0.0,0.025581565777216722,0.0,0.0008722396760096788,-6.659199696365828e-18,-0.00358635580999922
0.0,0.025069836281580524,0.0,0.0008547223778836984,-6.4879270527787896e-18,-0.003514598213159835
0.0,0.024568341350787268,0.0,0.0008375582753543313,-6.1985094936534266e-18,-0.0034442759353141288
0.0,0.02407687629404149,0.0,0.0008207402117962406,-6.108931931809692e-18,-0.0033753602712670487
0.0,0.023595240514353712,0.0,0.0008042611770329663,-5.9639522632180045e-18,-0.0033078230900075874
0.0,0.023123237426664552,0.0,0.000788114304298063,-5.961888334921758e-18,-0.0032416368232105206
0.0,0.022660674377605872,0.0,0.000772292867259031,-5.901187015224286e-18,-0.0031767744539711656
0.0,0.022207362566867703,0.0,0.0007567902771054531,-5.5875292169461554e-18,-0.0031132095057650913
0.0,0.02176311697013693,0.0,0.0007416000796973751,-5.587930677527373e-18,-0.003050916031629693
0.0,0.021327756263577566,0.0,0.0007267159527753495,-5.360391936054456e-18,-0.0029898686035641953
0.0,0.02090110274982167,0.0,0.00071213170322884,-5.324875828591316e-18,-0.0029300423021406934
0.0,0.020482982285439884,0.0,0.0006978412644210063,-5.236386555085122e-18,-0.002871412706324795
0.0,0.020073224209862767,0.0,0.0006838386935722573,-5.046400513665604e-18,-0.0028139558835011645
0.0,0.019671661275723912,0.0,0.000670118169196185,-4.977757799283478e-18,-0.0027576483796972395
0.0,0.019278129580596257,0.0,0.000656673988592884,-4.870305801814311e-18,-0.002702467210005244
0.0,0.018892468500092918,0.0,0.0006435005653908712,-4.7944347528480475e-18,-0.0026483898491947277
0.0,0.01851452062230727,0.0,0.0006305924271452981,-4.787924162506218e-18,-0.0025953942225147623
0.0,0.018144131683562673,0.0,0.0006179442129829738,-4.693830289402208e-18,-0.0025434586966791677
0.0,0.017781150505448616,0.0,0.0006055545773997917,-4.640532603456745e-18,-0.002492560816243856
0.0,0.017425428933115935,0.0,0.0005934104881948268,-4.545263404664636e-18,-0.0024426823395875697
0.0,0.0170768217748046,0.0,0.0005815111797900091,-4.505438293872782e-18,-0.0023938015193736583
0.0,0.016735186742582626,0.0,0.0005698491581336916,-4.438568534276855e-18,-0.0023458993577370178
0.0,0.016400384394269902,0.0,0.0005584193427741575,-4.406205451259015e-18,-0.0022989564558077978
0.0,0.01607227807652311,0.0,0.0005472167660604587,-4.322586540066828e-18,-0.0022529537960217084
0.0,0.015750733869058706,0.0,0.0005362365704203985,-4.2740706480411e-18,-0.0022078727347476642
0.0,0.015435620529992942,0.0,0.0005254740057454216,-4.20556875808699e-18,-0.0021636949950312374
0.0,0.015126809442272767,0.0,0.0005149244268827642,-4.123942361322667e-18,-0.0021204026594543843
0.0,0.014824174561180325,0.0,0.0005045832912265495,-4.06030280578508e-18,-0.0020779781631072897
0.0,0.014527592362885847,0.0,0.0004944461564109781,-4.005589807204005e-18,-0.0020364042866727965
0.0,0.014236941794029324,0.0,0.0004845086780961639,-3.960210404089265e-18,-0.00199566414962178
0.0,0.013952104222313263,0.0,0.0004747666078435921,-3.857763065695066e-18,-0.0019557412035175296
0.0,0.013672963388079133,0.0,0.0004652157910804134,-3.816688612070952e-18,-0.001916619225430011
0.0,0.013399405356856983,0.0,0.0004558521651411183,-3.6965450367902015e-18,-0.001878282311459604
0.0,0.013131318472859635,0.0,0.00044667175738997647,-3.62854151979037e-18,-0.0018407148703687005
0.0,0.012868593313411175,0.0,0.00043767068341076773,-3.602960125120645e-18,-0.001803901617322134
0.0,0.012611122644282694,0.0,0.0004288451452658876,-3.525083994942582e-18,-0.0017678275677367125
0.0,0.01235880137592587,0.0,0.000420191429814682,-3.525060101603837e-18,-0.0017324780312393453
0.0,0.012111526520577539,0.0,0.00041170590708849454,-3.516242300861249e-18,-0.0016978386057348075
0.0,0.011869197150224386,0.0,0.00040338502871627234,-3.40268573458086e-18,-0.0016638951715824107
0.0,0.011631714355409334,0.0,0.00039522532639471456,-3.3250660935981713e-18,-0.0016306338858833069
0.0,0.011398981204858657,0.0,0.00038722341040050515,-3.261709123584381e-18,-0.0015980411768777391
0.0,0.011170902705920202,0.0,0.0003793759681358142,-3.2225433850939743e-18,-0.0015661037384524254
0.0,0.010947385765789545,0.0,0.00037167976270642696,-3.145649736745317e-18,-0.0015348085247599078
0.0,0.01072833915351409,0.0,0.0003641316315229727,-3.101311937657302e-18,-0.0015041427449480212
0.0,0.010513673462755694,0.0,0.00035672848492673825,-3.1440426384590384e-18,-0.001474093858000497
0.0,0.010303301075298773,0.0,0.00034946730483101054,-3.0786021837034292e-18,-0.001444649567689674
0.0,0.01009713612528813,0.0,0.00034234514337626006,-2.9866650137306416e-18,-0.001415797817638989
0.0,0.009895094464180014,0.0,0.00033535912159594157,-2.9286557854386087e-18,-0.0013875267864965632
0.0,0.009697093626399351,0.0,0.0003285064280894599,-2.793275871936935e-18,-0.00135982488321823
0.0,0.009503052795677081,0.0,0.0003217843176991198,-2.7641842580096683e-18,-0.0013326807424612528
0.0,0.009312892772066041,0.0,0.0003151901101896422,-2.6087161172620694e-18,-0.0013060832200839656
0.0,0.009126535939614376,0.0,0.0003087211889280667,-2.4981388396454366e-18,-0.0012800213887542563
0.0,0.008943906234685385,0.0,0.00030237499956260505,-2.3195438584165797e-18,-0.0012544845336631707
0.0,0.008764929114911115,0.0,0.0002961490486987353,-2.04850269127895e-18,-0.001229462148342697
0.0,0.008589531528767147,0.0,0.0002900409025744087,-2.0072274963348976e-18,-0.0012049439305841453
0.0,0.008417641885756666,0.0,0.000284048185730211,-1.883113323309761e-18,-0.0011809197784601057
0.0,0.008249190027188937,0.0,0.000278168579678678,-1.9311950955752183e-18,-0.0011573797864395702
0.0,0.008084107197543322,0.0,0.00027239982157125606,-1.876914698127947e-18,-0.0011343142416028896
0.0,0.007922326016406208,0.0,0.0002667397028624719,-1.8063832760156658e-18,-0.0011117136199464894
0.0,0.007763780450969705,0.0,0.00026118606797723674,-1.893814174203917e-18,-0.0010895685827795177
0.0,0.007608405789078317,0.0,0.0002557368129767183,-1.8884796386365298e-18,-0.001067869973206181
0.0,0.007456138612816133,0.0,0.0002503898842291566,-2.008533304137069e-18,-0.0010466088126940601
0.0,0.0073069167726229406,0.0,0.0002451432770852325,-2.1024893123103253e-18,-0.0010257762977222149
0.0,0.007160679361926983,0.0,0.00023999503456064808,-2.1567459485940063e-18,-0.0010053637965086355
0.0,0.007017366692284024,0.0,0.00023494324602737143,-2.1123306486487663e-18,-0.0009853628458123998
0.0,0.006876920269016814,0.0,0.0002299860459172562,-2.044065065208652e-18,-0.0009657651478076457
0.0,0.006739282767337941,0.0,0.00022512161243822158,-2.029904264043268e-18,-0.0009465625670280599
0.0,0.006604398008953037,0.0,0.00022034816630757737,-2.0012993443925717e-18,-0.000927747127375177
0.0,0.006472210939131572,0.0,0.0002156639695012425,-1.8176965860348945e-18,-0.0009093110091918267
0.0,0.006342667604234286,0.0,0.0002110673240258246,-1.8722399179453854e-18,-0.000891246546395517
0.0,0.006215715129692457,0.0,0.0002065565707099013,-1.6517738424612566e-18,-0.000873546223668302
0.0,0.006091301698425788,0.0,0.0002021300880207572,-1.5674446173730877e-18,-0.0008562026737040879
0.0,0.005969376529693186,0.0,0.00019778629090711012,-1.6229842597001373e-18,-0.0008392086745056918
0.0,0.005849889858365743,0.0,0.00019352362966769046,-1.66710205192898e-18,-0.0008225571467347238
0.0,0.005732792914614965,0.0,0.00018934058884930233,-1.5898261523446934e-18,-0.0008062411511075678
0.0,0.005618037904006303,0.0,0.0001852356861742067,-1.6358399846278473e-18,-0.0007902538858389037
0.0,0.005505577987992052,0.0,0.00018120747149855755,-1.6362501846436778e-18,-0.0007745886841285218
0.0,0.005395367264792378,0.0,0.0001772545258023131,-1.5728253242388942e-18,-0.0007592390116903918
0.0,0.005287360750661168,0.0,0.00017337546021095395,-1.4388016787508633e-18,-0.0007441984643236411
0.0,0.0051815143615254414,0.0,0.00016956891505100983,-1.4652049200354977e-18,-0.0007294607655218419
0.0,0.005077784894990718,0.0,0.00016583355893642592,-1.370953929468468e-18,-0.0007150197641210132
0.0,0.004976130012709084,0.0,0.00016216808789107945,-1.5370603750191422e-18,-0.0007008694319830531
0.0,0.004876508223096715,0.0,0.00015857122450029258,-1.2590825414683006e-18,-0.000687003861718485
0.0,0.004778878864400324,0.0,0.0001550417170992739,-1.2510680129282281e-18,-0.0006734172644394743
0.0,0.004683202088098751,0.0,0.00015157833899053847,-1.2789453300178594e-18,-0.0006601039675513349
0.0,0.00458943884264023,0.0,0.0001481798876955996,-1.1506560628414666e-18,-0.0006470584125738238
0.0,0.00449755085750127,0.0,0.00014484518423627345,-1.1198848791415028e-18,-0.0006342751529976114
0.0,0.004407500627567463,0.0,0.0001415730724475382,-1.101950993891545e-18,-0.0006217488521723576
0.0,0.004319251397825108,0.0,0.00013836241832051581,-1.0348536632643456e-18,-0.0006094742812250408
0.0,0.004232767148358184,0.0,0.000135212109374166,-1.0355145825585695e-18,-0.0005974463170122789
0.0,0.0041480125796479516,0.0,0.00013212105405338586,-1.0415717671657922e-18,-0.0005856599401010374
0.0,0.004064953098163974,0.0,0.0001290881811575081,-9.398576788648108e-19,-0.0005741102327817233
0.0,0.003983554802244645,0.0,0.00012611243929213988,-1.1797567077127549e-18,-0.0005627923771107582
0.0,0.003903784468260032,0.0,0.0001231927963473486,-1.1881475264196972e-18,-0.0005517016529834882
0.0,0.0038256095370512396,0.0,0.00012032823899898975,-1.2003541110221294e-18,-0.0005408334362372852
0.0,0.003748998100641127,0.0,0.0001175177722343074,-1.1245904386147842e-18,-0.000530183196784247
0.0,0.003673918889210136,0.0,0.00011476041889789709,-9.840427937432006e-19,-0.0005197464967730722
0.0,0.003600341258333893,0.0,0.00011205521925923696,-1.0237352311962341e-18,-0.0005095189887816767
0.0,0.0035282351764750696,0.0,0.00010940123059988259,-9.266938986004121e-19,-0.0004994964140372414
0.0,0.003457571212724756,0.0,0.00010679752681966111,-8.48749878826148e-19,-0.0004896746006663558
0.0,0.0033883205247924103,0.0,0.00010424319805936855,-7.885700893535165e-19,-0.00048004946197468087
0.0,0.0033204548472299525,0.0,0.00010173735034186219,-8.593594968408439e-19,-0.0004706169947544652
0.0,0.003253946479898478,0.0,9.927910522762616e-05,-6.265314764185792e-19,-0.00046137327762090164
0.0,0.003188768276659676,0.0,9.686759948577285e-05,-6.272845366942536e-19,-0.00045231446937760964
0.0,0.0031248936342968287,0.0,9.450198477850667e-05,-4.762113086840762e-19,-0.0004434368074089944
0.0,0.0030622964816563176,0.0,9.218142735953008e-05,-4.215700554978609e-19,-0.0004347366061026971
0.0,0.003000951269006366,0.0,8.990510778331529e-05,-5.706126203777967e-19,-0.0004262102552981706
0.0,0.0029408329576084973,0.0,8.767222062728619e-05,-7.0422623856961e-19,-0.00041785421876441647
0.0,0.0028819170094978776,0.0,8.548197422401102e-05,-9.01754583337903e-19,-0.0004096650327033769
0.0,0.0028241793774673465,0.0,8.333359040324039e-05,-8.083073573315185e-19,-0.00040163930428269536
0.0,0.0027675964952533286,0.0,8.12263042446191e-05,-7.358577453091876e-19,-0.00039377371019393755
0.0,0.0027121452679158913,0.0,7.915936383730292e-05,-7.569692938002752e-19,-0.0003860649952374181
0.0,0.0026578030624133287,0.0,7.713203004876894e-05,-6.652205361065181e-19,-0.000378509970935625
0.0,0.002604547698362972,0.0,7.514357630171423e-05,-7.2301463267221995e-19,-0.0003711055141694544
0.0,0.002552357438988805,0.0,7.319328835679192e-05,-6.621703395158253e-19,-0.0003638485658430625
0.0,0.002501210982250052,0.0,7.128046410392008e-05,-5.170198129166434e-19,-0.0003567361295731379
0.0,0.0024510874521444007,0.0,6.940441335696997e-05,-5.802932675190312e-19,-0.000349765270403454
0.0,0.002401966390190235,0.0,6.756445765763597e-05,-5.766302956764454e-19,-0.00034293311354452677
0.0,0.002353827747072838,0.0,6.575993008141009e-05,-6.419094666649726e-19,-0.00033623684313793323
0.0,0.002306651874464247,0.0,6.399017505108105e-05,-6.999037449319074e-19,-0.00032967370104444016
0.0,0.002260419517001295,0.0,6.225454815324196e-05,-5.907940909834372e-19,-0.0003232409856563798
0.0,0.0022151118044267787,0.0,6.055241596078963e-05,-5.94087113600403e-19,-0.0003169360507342499
0.0,0.00217071024388876,0.0,5.888315585801371e-05,-5.722787506379947e-19,-0.00031075630426446614
0.0,0.0021271967123909856,0.0,5.7246155870101115e-05,-5.665645219522766e-19,-0.0003046992073423215
0.0,0.002084553449395652,0.0,5.564081449687863e-05,-4.492954907128764e-19,-0.00029876227307643494
0.0,0.0020427630495758204,0.0,5.406654054923449e-05,-3.280877566795434e-19,-0.00029294306551445664
0.0,0.002001808455709722,0.0,5.252275298866265e-05,-3.834672352563073e-19,-0.0002872391985924528
0.0,0.001961672951718936,0.0,5.100888077003645e-05,-9.298941079909701e-20,-0.0002816483351034406
0.0,0.0019223401558463539,0.0,4.952436268811771e-05,-1.7405967721980893e-21,-0.0002761681856891549
0.0,0.0018837940139692499,0.0,4.806864722541368e-05,8.701417617286365e-20,-0.00027079650785063054
0.0,0.0018460187930455596,0.0,4.664119240244558e-05,6.597920914996969e-22,-0.0002655311049800234
0.0,0.0018089990746943607,0.0,4.5241465632268226e-05,4.563206633425941e-20,-0.00026036982541262365
0.0,0.0017727197489011456,0.0,4.38689435753628e-05,1.9118288422862168e-19,-0.00025531056149737824
0.0,0.0017371660078513871,0.0,4.252311199808078e-05,1.3100322247819134e-19,-0.00025035124868716597
0.0,0.0017023233398851289,0.0,4.120346563248713e-05,2.1836032228553656e-19,-0.0002454898646486548
0.0,0.0016681775235758139,0.0,3.9909508037893886e-05,2.6748259084362293e-19,-0.00024072442838898503
0.0,0.0016347146219247736,0.0,3.86407514664905e-05,2.8503792335902337e-19,-0.00023605299940256783
0.0,0.0016019209766717961,0.0,3.739671672731223e-05,2.95878577735076e-19,-0.00023147367683337068
0.0,0.0015697832027220927,0.0,3.617693305506611e-05,3.897645341636788e-19,-0.00022698459865699538
0.0,0.0015382881826817923,0.0,3.498093797972289e-05,4.2602923956672583e-19,-0.00022258394087790656
0.0,0.00150742306150384,0.0,3.380827719751189e-05,3.3269098310924573e-19,-0.0002182699167449777
0.0,0.00147717524124208,0.0,3.265850444411726e-05,4.614767179664475e-19,-0.00021404077598196405
0.0,0.001447532375908198,0.0,3.1531181368770215e-05,4.577996474827973e-19,-0.00020989480403511542
0.0,0.0014184823664337436,0.0,3.0425877411316746e-05,5.701352883552345e-19,-0.00020583032133612684
0.0,0.0013900133557301299,0.0,2.934216967901344e-05,5.948731928839037e-19,-0.00020184568258129027
0.0,0.0013621137238504744,0.0,2.8279642826687247e-05,4.744758946516477e-19,-0.00019793927602376827
0.0,0.0013347720832464314,0.0,2.723788893690507e-05,4.578659353687486e-19,-0.00019410952278320297
0.0,0.0013079772741195334,0.0,2.621650740312351e-05,4.834109762361161e-19,-0.0001903548761682172
0.0,0.0012817183598673749,0.0,2.5215104812465688e-05,5.089091181544985e-19,-0.00018667382101335948
0.0,0.001255984622618524,0.0,2.423329483198838e-05,4.535315130958167e-19,-0.000183064873030941
0.0,0.0012307655588587579,0.0,2.3270698095085034e-05,5.486400523163855e-19,-0.00017952657817436806
0.0,0.0012060508751430448,0.0,2.232694208845112e-05,6.27131085935886e-19,-0.0001760575120180203
0.0,0.0011818304838957616,0.0,2.1401661044028182e-05,5.477449728442416e-19,-0.00017265627914643989
0.0,0.001158094499291746,0.0,2.0494495827695613e-05,5.033612596662278e-19,-0.00016932151255930563
0.0,0.0011348332332217356,0.0,1.9605093832460915e-05,5.290485027886867e-19,-0.0001660518730880772
0.0,0.0011120371913380279,0.0,1.8733108872411203e-05,5.380669573636537e-19,-0.00016284604882372544
0.0,0.001089697069179924,0.0,1.7878201077299218e-05,4.442173797222016e-19,-0.00015970275455786742
0.0,0.001067803748375579,0.0,1.7040036789189712e-05,4.127664722708297e-19,-0.00015662073123533758
0.0,0.001046348292919457,0.0,1.621828845987352e-05,4.139567970747555e-19,-0.0001535987454178068
0.0,0.0010253219455259542,0.0,1.5412634550589175e-05,4.167050766020271e-19,-0.00015063558875893956
0.0,0.0010047161240550808,0.0,1.4622759431261398e-05,5.131297444493379e-19,-0.0001477300774903968
0.0,0.0009845224180090924,0.0,1.3848353283794925e-05,5.475137004908402e-19,-0.00014488105191916197
0.0,0.0009647325850994261,0.0,1.3089112003802898e-05,5.458903014985779e-19,-0.00014208737593460603
0.0,0.0009453385478830707,0.0,1.2344737105032289e-05,5.286784801335772e-19,-0.00013934793652675763
0.0,0.0009263323904655836,0.0,1.1614935625806661e-05,5.211318564225459e-19,-0.00013666164331339311
0.0,0.0009077063552703603,0.0,1.0899420035199778e-05,4.803064419719491e-19,-0.00013402742807819542
0.0,0.0008894528398712285,0.0,1.01979081413149e-05,4.35051137572028e-19,-0.0001314442443187106
0.0,0.0008715643938904487,0.0,9.510123000548371e-06,6.615958144494034e-19,-0.00012891106680248637
0.0,0.0008540337159582307,0.0,8.83579282899357e-06,7.040695626724207e-19,-0.0001264268911336593
0.0,0.0008368536507302818,0.0,8.17465091314332e-06,6.808636845817646e-19,-0.00012399073332827322
0.0,0.0008200171859699938,0.0,7.5264355245443425e-06,8.702221414675596e-19,-0.00012160162939774534
0.0,0.000803517449684982,0.0,6.890889832843809e-06,9.19003594327586e-19,-0.00011925863494260216
0.0,0.0007873477073219706,0.0,6.267761822214081e-06,8.576801009965877e-19,-0.0001169608247533298
0.0,0.0007715013590192212,0.0,5.656804208261242e-06,9.393700533848696e-19,-0.00011470729241960002
0.0,0.0007559719369107313,0.0,5.057774355076234e-06,1.0021580672859391e-18,-0.00011249714994886575
0.0,0.0007407531024886219,0.0,4.470434196028351e-06,9.803007979858212e-19,-0.00011032952739136599
0.0,0.0007258386440141875,0.0,3.894550152965071e-06,9.15539735515395e-19,-0.00010820357247435218
0.0,0.0007112224739833068,0.0,3.3298930580291355e-06,8.951996809763465e-19,-0.00010611845024243284
0.0,0.000696898626641718,0.0,2.776238076921104e-06,9.153178171767564e-19,-0.00010407334270701884
0.0,0.000682861255550211,0.0,2.2333646323782867e-06,7.475109845656453e-19,-0.00010206744850133096
0.0,0.0006691046311977533,0.0,1.7010563296413179e-06,7.557134862655496e-19,-0.00010009998254468628
0.0,0.0006556231386631615,0.0,1.1791008822354312e-06,7.640435274086797e-19,-9.817017571159876e-05
0.0,0.0006424112753236693,0.0,6.672900396160233e-07,7.669918790106641e-19,-9.627727450908612e-05
0.0,0.0006294636486087004,0.0,1.6541951506240176e-07,7.723774335882286e-19,-9.442054076044866e-05
0.0,0.0006167749737983695,0.0,-3.2671108329914647e-07,8.260831848515145e-19,-9.259925129531055e-05
0.0,0.0006043400718675864,0.0,-8.092983240100621e-07,8.161310651822001e-19,-9.081269764641923e-05
0.0,0.000592153867370971,0.0,-1.2825350180663277e-06,9.582968676879446e-19,-8.906018575216948e-05
0.0,0.0005802113863722678,0.0,-1.746610288695929e-06,8.36062634072162e-19,-8.734103566646111e-05
0.0,0.0005685077544130771,0.0,-2.2017096353070727e-06,8.808067173873987e-19,-8.565458127332074e-05
0.0,0.0005570381945247047,0.0,-2.6480149998266146e-06,8.682994906747108e-19,-8.400017000754417e-05
0.0,0.0005457980252770893,0.0,-3.0857048302148583e-06,8.145379832289956e-19,-8.237716258238022e-05
0.0,0.0005347826588685919,0.0,-3.514954143825893e-06,8.524252823630731e-19,-8.078493272153788e-05
0.0,0.0005239875992535573,0.0,-3.9359345887852415e-06,8.655089783742449e-19,-7.922286689681172e-05
0.0,0.0005134084403067332,0.0,-4.348814505997393e-06,8.430254052497949e-19,-7.769036407209164e-05
0.0,0.0005030408640252618,0.0,-4.753758988179122e-06,8.440456548962034e-19,-7.618683545162024e-05
0.0,0.0004928806387669895,0.0,-5.150929938974703e-06,9.128808116631405e-19,-7.471170423432248e-05
0.0,0.00048292361752062617,0.0,-5.5404861323791716e-06,1.0172567691919642e-18,-7.326440537170014e-05
0.0,0.00047316573621628016,0.0,-5.922583267752966e-06,9.82651550215125e-19,-7.184438533344358e-05
0.0,0.00046360301206459605,0.0,-6.2973740272608895e-06,9.67002904314177e-19,-7.045110187450115e-05
0.0,0.0004542315419327981,0.0,-6.665008131073399e-06,8.276616250758018e-19,-6.908402381026705e-05
0.0,0.00044504750074905464,0.0,-7.0256323912785896e-06,7.521297653493386e-19,-6.774263079341093e-05
0.0,0.0004360471399441726,0.0,-7.379390765449766e-06,7.225503333289578e-19,-6.64264130972721e-05
0.0,0.00042722678591929303,0.0,-7.726424409483587e-06,7.015409482083693e-19,-6.513487140335864e-05
0.0,0.0004185828385476986,0.0,-8.06687172826778e-06,6.755266746522084e-19,-6.386751659241054e-05
0.0,0.00041011176970453384,0.0,-8.40086842795539e-06,7.066563997184609e-19,-6.262386954096122e-05
0.0,0.0004018101218287117,0.0,-8.728547563797457e-06,6.823808990895574e-19,-6.140346092101252e-05
0.0,0.0003936745065083993,0.0,-9.050039591529934e-06,6.660507252433812e-19,-6.020583100434241e-05
0.0,0.0003857016031008434,0.0,-9.365472413767931e-06,6.374392552566485e-19,-5.903052947089514e-05
0.0,0.00037788815737564176,0.0,-9.674971428237687e-06,5.422911623369242e-19,-5.7877115220888814e-05
0.0,0.0003702309801870282,0.0,-9.97865957407317e-06,5.279385389985682e-19,-5.674515619076095e-05
0.0,0.00036272694617180856,0.0,-1.0276657377900204e-05,5.072826229091132e-19,-5.563422917291167e-05
0.0,0.0003553729924744887,0.0,-1.0569082998044369e-05,5.737871602485173e-19,-5.4543919639705774e-05
0.0,0.0003481661174956988,0.0,-1.0856052270029038e-05,5.334548186997026e-19,-5.347382157005229e-05
0.0,0.0003411033796682589,0.0,-1.113767874859074e-05,6.613187770299778e-19,-5.2423537280191646e-05
0.0,0.0003341818962561694,0.0,-1.1414073751431744e-05,5.397133146485536e-19,-5.1392677258306584e-05
0.0,0.00032739884217829895,0.0,-1.1685346400659305e-05,5.299854174273217e-19,-5.038086000127065e-05
0.0,0.00032075144885431914,0.0,-1.195160366429961e-05,5.605337779393682e-19,-4.938771185609167e-05
0.0,0.00031423700307625017,0.0,-1.221295039638942e-05,5.08967825631135e-19,-4.8412866863483275e-05
0.0,0.00030785284589945894,0.0,-1.246948937703421e-05,5.561825087677655e-19,-4.745596660626757e-05
0.0,0.00030159637155856983,0.0,-1.2721321351491006e-05,5.709672407853247e-19,-4.651666005818213e-05
0.0,0.00029546502640279615,0.0,-1.2968545068498439e-05,5.592163442367292e-19,-4.5594603438792185e-05
0.0,0.000289456307854485,0.0,-1.321125731813356e-05,5.721083838677254e-19,-4.468946006883207e-05
0.0,0.00028356776338779545,0.0,-1.344955296803013e-05,4.326983457461532e-19,-4.380090023087507e-05
0.0,0.0002777969895268632,0.0,-1.3683525001901613e-05,5.08386496446898e-19,-4.2928601030225595e-05
0.0,0.00027214163086531284,0.0,-1.3913264552486528e-05,4.680176576338177e-19,-4.207224626074413e-05
0.0,0.0002665993791049225,0.0,-1.4138860939020766e-05,4.69541236096506e-19,-4.123152627270986e-05
0.0,0.0002611679721132739,0.0,-1.4360401700355921e-05,5.154907701394359e-19,-4.0406137843285444e-05
0.0,0.0002558451930003741,0.0,-1.4577972629608824e-05,4.298734321750091e-19,-3.9595784049113126e-05
0.0,0.00025062886921331957,0.0,-1.4791657806901322e-05,3.8878535229646973e-19,-3.8800174142662206e-05
0.0,0.00024551687165196506,0.0,-1.50015396322452e-05,4.6121991666564355e-19,-3.801902343092684e-05
0.0,0.000240507113795809,0.0,-1.52076988581294e-05,4.441392112207653e-19,-3.725205315431255e-05
0.0,0.00023559755085648387,0.0,-1.541021462031053e-05,4.196401420663797e-19,-3.649899037221025e-05
0.0,0.00023078617894050585,0.0,-1.5609164468918122e-05,3.8970364695574186e-19,-3.575956784662219e-05
0.0,0.00022607103423179199,0.0,-1.5804624399707824e-05,3.275207747234056e-19,-3.50335239311611e-05
0.0,0.00022145019219165285,0.0,-1.5996668882632832e-05,3.6989787128517997e-19,-3.432060246037745e-05
0.0,0.00021692176677031878,0.0,-1.6185370892452298e-05,3.4699035622391835e-19,-3.362055264272546e-05
0.0,0.00021248390964081647,0.0,-1.637080193665909e-05,3.280377897674217e-19,-3.293312895520748e-05
0.0,0.00020813480944145666,0.0,-1.6553032084002927e-05,3.097525331111775e-19,-3.225809103904125e-05
0.0,0.0002038726910375752,0.0,-1.6732129992776283e-05,3.486574404987667e-19,-3.159520359920565e-05
0.0,0.0001996958147984971,0.0,-1.6908162937476274e-05,3.1764886196390056e-19,-3.094423630563752e-05
0.0,0.00019560247588420237,0.0,-1.7081196836063627e-05,3.5258033607352315e-19,-3.0304963695153595e-05
0.0,0.00019159100355253683,0.0,-1.7251296275931477e-05,3.2759484512312243e-19,-2.9677165076827913e-05
0.0,0.00018765976047592744,0.0,-1.741852453997269e-05,4.669434504235477e-19,-2.9060624438278526e-05
0.0,0.00018380714207322365,0.0,-1.7582943632246356e-05,4.320033782590018e-19,-2.8455130354341346e-05
0.0,0.0001800315758547672,0.0,-1.7744614302133767e-05,3.6654064436953345e-19,-2.7860475898072473e-05
0.0,0.00017633152078067442,0.0,-1.790359606981559e-05,3.524317283978669e-19,-2.7276458552288877e-05
0.0,0.00017270546663166145,0.0,-1.8059947249850787e-05,4.009724985927145e-19,-2.670288012340649e-05
0.0,0.00016915193339281186,0.0,-1.8213724974467527e-05,4.1021364846020798e-19,-2.613954665809962e-05
0.0,0.00016566947064981823,0.0,-1.8364985217510492e-05,3.6356351887901787e-19,-2.5586268359763738e-05
0.0,0.00016225665699588884,0.0,-1.8513782816879668e-05,4.476839042287875e-19,-2.5042859508070292e-05
0.0,0.00015891209945293657,0.0,-1.866017149651594e-05,4.527104840148656e-19,-2.450913837954627e-05
0.0,0.00015563443290170077,0.0,-1.8804203889488075e-05,4.897099764639978e-19,-2.3984927169726543e-05
0.0,0.00015242231952596847,0.0,-1.8945931558295647e-05,4.709523406639039e-19,-2.3470051917090734e-05
0.0,0.00014927444826550753,0.0,-1.9085405016773664e-05,4.39381290870159e-19,-2.2964342428895883e-05
0.0,0.00014618953428070965,0.0,-1.9222673751600927e-05,4.552783494847375e-19,-2.2467632206531778e-05
0.0,0.00014316631842947419,0.0,-1.9357786241136048e-05,4.347821428966022e-19,-2.197975837593266e-05
0.0,0.0001402035667520005,0.0,-1.9490789977244198e-05,4.440673812327902e-19,-2.1500561615350505e-05
0.0,0.00013730006996808328,0.0,-1.962173148356396e-05,5.531217002172843e-19,-2.1029886087577645e-05
0.0,0.00013445464298244934,0.0,-1.9750656336265646e-05,5.928279283323109e-19,-2.0567579372275397e-05
0.0,0.00013166612440205057,0.0,-1.9877609182305165e-05,2.479138931742983e-19,-2.011349239957074e-05
0.0,0.00012893337606147818,0.0,-2.0002633758115915e-05,2.630219152567514e-19,-1.9667479385250937e-05
0.0,0.0001262552825589156,0.0,-2.0125772908627712e-05,2.322217130877815e-19,-1.922939776720214e-05
0.0,0.00012363075080020394,0.0,-2.0247068604781352e-05,2.4994256194686313e-19,-1.8799108143119826e-05
0.0,0.00012105870955279023,0.0,-2.036656196198139e-05,2.0961858048157658e-19,-1.837647420945306e-05
0.0,0.00011853810900931577,0.0,-2.0484293256545243e-05,2.5408226242649275e-19,-1.7961362700975248e-05
0.0,0.00011606792035835665,0.0,-2.0600301943757136e-05,2.874873898484461e-19,-1.7553643333240385e-05
0.0,0.0001136471353642555,0.0,-2.071462667441842e-05,3.656464666073132e-19,-1.7153188743233817e-05
0.0,0.00011127476595657289,0.0,-2.082730531161519e-05,3.7412555017887217e-19,-1.6759874434948536e-05
0.0,0.00010894984382566295,0.0,-2.093837494687102e-05,4.579131886676506e-19,-1.6373578722042545e-05
0.0,0.00010667142002831929,0.0,-2.104787191568456e-05,4.522231836213049e-19,-1.5994182675265536e-05
0.0,0.00010443856460026105,0.0,-2.1155831814673046e-05,6.051172595248734e-19,-1.5621570067872497e-05
0.0,0.00010225036617632486,0.0,-2.12622895153255e-05,6.399181012700646e-19,-1.5255627324429132e-05
0.0,0.00010010593161880144,0.0,-2.136727918058336e-05,6.847594448909793e-19,-1.4896243468801304e-05
0.0,9.800438565224068e-05,0.0,-2.1470834279196856e-05,7.279827131244372e-19,-1.4543310074773225e-05
0.0,9.594487050679343e-05,0.0,-2.157298760030011e-05,7.750013301574168e-19,-1.419672121570036e-05
0.0,9.392654556862926e-05,0.0,-2.167377126887082e-05,8.4005447839186695e-19,-1.3856373417606675e-05
0.0,9.194858703521922e-05,0.0,-2.1773216758411326e-05,9.153518997807441e-19,-1.352216561054623e-05
0.0,9.001018758034445e-05,0.0,-2.1871354906346564e-05,8.750292602939819e-19,-1.3193999082878533e-05
0.0,8.811055602466638e-05,0.0,-2.1968215927198556e-05,7.943790498056704e-19,-1.2871777435383442e-05
0.0,8.624891701207986e-05,0.0,-2.2063829425702503e-05,7.820546446628679e-19,-1.255540653645435e-05
0.0,8.442451069360808e-05,0.0,-2.2158224411474528e-05,8.756914199151731e-19,-1.2244794478276158e-05
0.0,8.263659241668372e-05,0.0,-2.225142931073455e-05,9.280866452102469e-19,-1.193985153411611e-05
0.0,8.08844324231635e-05,0.0,-2.234347197985857e-05,8.751059146196909e-19,-1.164049011544417e-05
0.0,7.916731554829037e-05,0.0,-2.243437971787375e-05,8.83060968861168e-19,-1.1346624730808214e-05
0.0,7.748454093170856e-05,0.0,-2.2524179279839353e-05,8.790303781992602e-19,-1.1058171945229232e-05
0.0,7.583542173027445e-05,0.0,-2.2612896887727392e-05,8.247724731061417e-19,-1.0775050339679075e-05
0.0,7.421928483688838e-05,0.0,-2.2700558243188495e-05,8.239747474256172e-19,-1.0497180472431285e-05
0.0,7.263547060700281e-05,0.0,-2.278718853992709e-05,8.143045769050633e-19,-1.0224484840640438e-05
0.0,7.108333258912055e-05,0.0,-2.287281247490892e-05,7.901356020835444e-19,-9.956887842035438e-06
0.0,6.956223726049553e-05,0.0,-2.2957454260343666e-05,7.336805218212443e-19,-9.694315737982804e-06
0.0,6.807156376898861e-05,0.0,-2.3041137634389087e-05,7.966725961217585e-19,-9.436696617212185e-06
0.0,6.661070367923222e-05,0.0,-2.312388587268597e-05,8.124560542581227e-19,-9.183960359822489e-06
0.0,6.517906072439686e-05,0.0,-2.3205721800724048e-05,8.555894387578298e-19,-8.93603860214461e-06
0.0,6.377605056388334e-05,0.0,-2.328666780176541e-05,8.880657726048109e-19,-8.692864702547327e-06
0.0,6.24011005424145e-05,0.0,-2.336674583137215e-05,8.380734453682377e-19,-8.45437370683016e-06
0.0,6.105364945932124e-05,0.0,-2.3445977424771525e-05,8.435204504539894e-19,-8.220502315551653e-06
0.0,5.973314733674135e-05,0.0,-2.3524383708660606e-05,7.413917373475835e-19,-7.99118885096189e-06
0.0,5.843905519679826e-05,0.0,-2.3601985411788223e-05,7.2610988586372855e-19,-7.766373224940855e-06
0.0,5.7170844841383995e-05,0.0,-2.3678802874369895e-05,6.415784188394927e-19,-7.545996907092535e-06
0.0,5.5927998635949225e-05,0.0,-2.3754856058389567e-05,5.814301321034998e-19,-7.330002894278599e-06
0.0,5.471000929842541e-05,0.0,-2.383016455828877e-05,5.99136261330486e-19,-7.118335678965251e-06
0.0,5.3516379692806514e-05,0.0,-2.3904747608934422e-05,6.217124759559907e-19,-6.91094122072001e-06
0.0,5.2346622625954466e-05,0.0,-2.3978624096416703e-05,6.450284673524699e-19,-6.707766915088882e-06
0.0,5.1200260648186897e-05,0.0,-2.405181256762442e-05,6.540558289764227e-19,-6.508761565599198e-06
0.0,5.0076825858745654e-05,0.0,-2.41243312390978e-05,6.056567325076586e-19,-6.313875354624266e-06
0.0,4.8975859714828215e-05,0.0,-2.4196198006546296e-05,5.995782827527341e-19,-6.123059815649442e-06
0.0,4.7896912845177225e-05,0.0,-2.426743045397691e-05,6.948371303381148e-19,-5.9362678053020835e-06
0.0,4.683954486483141e-05,0.0,-2.4338045862766025e-05,6.153036894622658e-19,-5.753453476272909e-06
0.0,4.580332419716401e-05,0.0,-2.440806121967559e-05,6.456547682029774e-19,-5.5745722506569756e-06
0.0,4.478782789707938e-05,0.0,-2.4477493227033475e-05,6.177572943202737e-19,-5.399580793100225e-06
0.0,4.3792641478147826e-05,0.0,-2.4546358310525885e-05,5.587586601548182e-19,-5.2284369855209155e-06
0.0,4.281735874410701e-05,0.0,-2.461467262815477e-05,4.813815257840714e-19,-5.061099901084989e-06
0.0,4.1861581621483985e-05,0.0,-2.4682452078361815e-05,4.576801960278874e-19,-4.897529778944516e-06
0.0,4.092491999974672e-05,0.0,-2.474971230865122e-05,3.80775365684507e-19,-4.737688000003007e-06
0.0,4.0006991569753975e-05,0.0,-2.4816468723767747e-05,3.304084968823091e-19,-4.581537062049057e-06
0.0,3.910742166783877e-05,0.0,-2.4882736494318135e-05,3.731837623246169e-19,-4.429040555278471e-06
0.0,3.8225843125185086e-05,0.0,-2.4948530564115055e-05,3.3848384154047794e-19,-4.2801631399118025e-06
0.0,3.73618961149994e-05,0.0,-2.5013865658519773e-05,3.4497415186671946e-19,-4.134870521216575e-06
0.0,3.651522800778689e-05,0.0,-2.5078756292895032e-05,3.5334342501529564e-19,-3.993129427894801e-06
0.0,3.568549322601565e-05,0.0,-2.5143216779725267e-05,2.5492998172108063e-19,-3.8549075880972175e-06
0.0,3.487235310442363e-05,0.0,-2.5207261236291213e-05,1.8721837803979705e-19,-3.720173707970153e-06
0.0,3.407547575033914e-05,0.0,-2.527090359373187e-05,1.342766203841624e-19,-3.588897448939395e-06
0.0,3.329453590909814e-05,0.0,-2.5334157603274806e-05,2.5293668801526803e-20,-3.4610494065898816e-06
0.0,3.252921483166558e-05,0.0,-2.5397036843520687e-05,5.960424631763649e-22,-3.336601088282428e-06
0.0,3.1779200143001315e-05,0.0,-2.545955472944822e-05,9.496104903411133e-20,-3.2155248923177446e-06
0.0,3.1044185716465904e-05,0.0,-2.5521724518476455e-05,1.2375374164172512e-19,-3.0977940874334183e-06
0.0,3.0323871547364234e-05,0.0,-2.5583559318969197e-05,1.4867353940413422e-19,-2.9833827912461012e-06
0.0,2.9617963631306553e-05,0.0,-2.5645072095796912e-05,1.9222449361134525e-19,-2.8722659507266987e-06
0.0,2.8926173844000045e-05,0.0,-2.5706275679617383e-05,2.305862195612661e-19,-2.7644193209407935e-06
0.0,2.8248219823384923e-05,0.0,-2.576718277227032e-05,1.475359935987731e-19,-2.659819445794289e-06
0.0,2.7583824855102126e-05,0.0,-2.5827805955391105e-05,1.2444523494764082e-19,-2.5584436386055613e-06
0.0,2.6932717758543324e-05,0.0,-2.588815769608216e-05,2.14612831219635e-19,-2.4602699618309386e-06
0.0,2.629463277689228e-05,0.0,-2.594825035491543e-05,2.345480307595189e-19,-2.3652772084902076e-06
0.0,2.5669309468680826e-05,0.0,-2.6008096192102625e-05,2.3595966249960323e-19,-2.2734448827385294e-06
0.0,2.5056492600968668e-05,0.0,-2.606770737494195e-05,2.2442024782462425e-19,-2.184753181042005e-06
0.0,2.445593204554909e-05,0.0,-2.6127095984376228e-05,1.7675414252018004e-19,-2.099182973880532e-06
0.0,2.386738267672728e-05,0.0,-2.6186274022550086e-05,2.238215111925733e-19,-2.0167157869232663e-06
0.0,2.329060427138963e-05,0.0,-2.624525341770222e-05,2.876962699109998e-19,-1.9373337827660532e-06
0.0,2.272536141085643e-05,0.0,-2.630404603310967e-05,1.9415245920653135e-19,-1.8610197439178578e-06
0.0,2.217142338484677e-05,0.0,-2.6362663672035107e-05,2.3629866979797266e-19,-1.7877570531086934e-06
0.0,2.1628564097069545e-05,0.0,-2.6421118085449364e-05,2.5367292879654084e-19,-1.7175296771224948e-06
0.0,2.1096561973717747e-05,0.0,-2.6479420977810857e-05,2.8541944242374553e-19,-1.6503221488050114e-06
0.0,2.0575199871630672e-05,0.0,-2.65375840140105e-05,2.7111979141290416e-19,-1.5861195496059458e-06
0.0,2.0064264990945524e-05,0.0,-2.659561882687146e-05,3.8394731934907455e-19,-1.5249074924680345e-06
0.0,1.956354878798134e-05,0.0,-2.6653537020874035e-05,3.7596386227565576e-19,-1.4666721045148155e-06
0.0,1.9072846889328657e-05,0.0,-2.6711350181708862e-05,3.5835071877659275e-19,-1.4114000114106825e-06
0.0,1.8591959009782403e-05,0.0,-2.6769069880889535e-05,3.3594436161449837e-19,-1.359078318355526e-06
0.0,1.812068886913436e-05,0.0,-2.682670768275198e-05,4.067878475806482e-19,-1.3096945957561473e-06
0.0,1.7658844113241652e-05,0.0,-2.6884275150010305e-05,4.2554338946766507e-19,-1.263236861393521e-06
0.0,1.720623623484358e-05,0.0,-2.6941783851866043e-05,4.74295030197476e-19,-1.2196935649284416e-06
0.0,1.6762680496618893e-05,0.0,-2.6999245368564463e-05,4.883775619000369e-19,-1.1790535712760778e-06
0.0,1.632799585644349e-05,0.0,-2.705667129839327e-05,2.8030694043567647e-19,-1.1413061444523828e-06
0.0,1.5902004892819078e-05,0.0,-2.7114073264070427e-05,3.046612258569078e-19,-1.1064409317743396e-06
0.0,1.5484533732677032e-05,0.0,-2.717146291885434e-05,3.4167034051767794e-19,-1.0744479485181632e-06
0.0,1.5075411979909877e-05,0.0,-2.7228851952431824e-05,4.40637116898858e-19,-1.0453175615088822e-06
0.0,1.4674472647243925e-05,0.0,-2.7286252098138215e-05,3.7415339218248072e-19,-1.0190404740630213e-06
0.0,1.4281552086560742e-05,0.0,-2.73436751382344e-05,4.1336718703828313e-19,-9.956077104038556e-07
0.0,1.3896489922732798e-05,0.0,-2.7401132910182982e-05,2.1795769222736344e-19,-9.750105999448468e-07
0.0,1.3519128988260532e-05,0.0,-2.7458637313756948e-05,2.4286974417054383e-19,-9.572407625028722e-07
0.0,1.3149315258969418e-05,0.0,-2.7516200315594697e-05,2.8447542896484804e-19,-9.422900932477423e-07
0.0,1.2786897791545341e-05,0.0,-2.7573833957307686e-05,2.592558587593527e-19,-9.301507469994774e-07
0.0,1.2431728660338849e-05,0.0,-2.7631550360201775e-05,2.8859201234865933e-19,-9.208151242394299e-07
0.0,1.2083662899465156e-05,0.0,-2.7689361732163397e-05,3.60116680654525e-19,-9.14275855296534e-07
0.0,1.1742558441551501e-05,0.0,-2.7747280373157834e-05,2.5040510431573873e-19,-9.10525786143297e-07
0.0,1.1408276061168798e-05,0.0,-2.7805318682614767e-05,2.674829565409472e-19,-9.095579638795866e-07
0.0,1.1080679316908839e-05,0.0,-2.7863489164537842e-05,2.3042438633685044e-19,-9.113656216473742e-07
0.0,1.075963449639875e-05,0.0,-2.792180443372421e-05,2.093654796734724e-19,-9.159421647875575e-07
0.0,1.0445010561619614e-05,0.0,-2.798027722270585e-05,9.001140713698142e-20,-9.232811555534829e-07
0.0,1.0136679095242444e-05,0.0,-2.8038920387247277e-05,8.224674918476554e-20,-9.333762998644784e-07
0.0,9.834514247762121e-06,0.0,-2.8097746912953533e-05,8.22108735177351e-20,-9.462214323246625e-07
0.0,9.53839268728381e-06,0.0,-2.815676992160055e-05,1.437043725684636e-19,-9.618105026434221e-07
0.0,9.248193548780244e-06,0.0,-2.8216002676355108e-05,1.9031365486934703e-19,-9.80137560952571e-07
0.0,8.963798383623466e-06,0.0,-2.827545859010347e-05,1.7762030483347448e-19,-1.0011967443794484e-06
0.0,8.685091112958035e-06,0.0,-2.8335151229116888e-05,2.5299778385024106e-20,-1.0249822626763382e-06
0.0,8.411957979112803e-06,0.0,-2.8395094321713144e-05,5.981418391204121e-20,-1.0514883852445834e-06
0.0,8.14428749924212e-06,0.0,-2.845530176347629e-05,1.817936439313e-19,-1.0807094262851975e-06
0.0,7.881970420667115e-06,0.0,-2.8515787622975897e-05,1.6004713779089908e-19,-1.1126397321976842e-06
0.0,7.624899676295652e-06,0.0,-2.85765661499288e-05,1.0478420324979318e-19,-1.1472736672094353e-06
0.0,7.372970339128208e-06,0.0,-2.8637651779808023e-05,1.8193828859297443e-19,-1.1846056000320393e-06
0.0,7.12607958080308e-06,0.0,-2.8699059142170884e-05,1.2115896058916608e-19,-1.224629891197658e-06
0.0,6.88412663108142e-06,0.0,-2.8760803065212358e-05,9.509948418379475e-20,-1.267340878653725e-06
0.0,6.6470127334712785e-06,0.0,-2.882289858359344e-05,6.496458276835433e-20,-1.3127328652172094e-06
0.0,6.414641106789256e-06,0.0,-2.8885360944826262e-05,4.681770737553631e-20,-1.360800104689738e-06
0.0,6.186916906421312e-06,0.0,-2.8948205615714645e-05,3.778961254258184e-20,-1.4115367900751841e-06
0.0,5.963747183620735e-06,0.0,-2.901144828940518e-05,9.359265509574146e-20,-1.4649370389522705e-06
0.0,5.74504084975723e-06,0.0,-2.9075104891106057e-05,6.246164636709178e-20,-1.5209948814562512e-06
0.0,5.530708636485893e-06,0.0,-2.913919158708099e-05,2.821928934182899e-20,-1.5797042471364284e-06
0.0,5.320663062129484e-06,0.0,-2.920372478914668e-05,2.5347944001775566e-20,-1.6410589522439474e-06
0.0,5.11481839395614e-06,0.0,-2.9268721162889495e-05,-6.730263341867128e-20,-1.705052687394231e-06
0.0,4.913090613840087e-06,0.0,-2.9334197634827433e-05,-6.101225570728124e-20,-1.7716790037861572e-06
0.0,4.715397384472289e-06,0.0,-2.9400171399127882e-05,1.900497710115241e-20,-1.8409313020857679e-06
0.0,4.52165801489535e-06,0.0,-2.9466659924769513e-05,5.3762839012585237e-20,-1.9128028186384845e-06
0.0,4.331793428548658e-06,0.0,-2.9533680962926143e-05,-3.559852811517059e-20,-1.9872866138948594e-06
0.0,4.145726129407685e-06,0.0,-2.9601252554794654e-05,1.2471034732055096e-19,-2.0643755600452523e-06
0.0,3.9633801721587565e-06,0.0,-2.9669393038423693e-05,2.031161839625449e-19,-2.144062328467205e-06
0.0,3.7846811300924434e-06,0.0,-2.973812105715215e-05,2.8511299913198177e-19,-2.2263393775891125e-06
0.0,3.6095560650213235e-06,0.0,-2.9807455565494106e-05,2.85363196606233e-19,-2.3111989414061623e-06
0.0,3.4379334976741933e-06,0.0,-2.9877415839853236e-05,2.93283007269017e-19,-2.398633016185232e-06
0.0,3.269743378544779e-06,0.0,-2.994802148385255e-05,2.574210537185145e-19,-2.488633350417175e-06
0.0,3.1049170582158985e-06,0.0,-3.001929243777199e-05,3.2008780949411583e-19,-2.5811914310637294e-06
0.0,2.9433872609352375e-06,0.0,-3.0091248986653713e-05,3.827591654312046e-19,-2.676298473683305e-06
0.0,2.785088056970938e-06,0.0,-3.016391176812978e-05,3.9706285134035143e-19,-2.7739454092954655e-06
0.0,2.6299548341618185e-06,0.0,-3.0237301781471112e-05,4.829760642206939e-19,-2.8741228735491048e-06
0.0,2.4779242732499906e-06,0.0,-3.031144039646978e-05,3.934362494039988e-19,-2.9768211952800443e-06
0.0,2.328934321023681e-06,0.0,-3.0386349360878175e-05,2.697850370107247e-19,-3.0820303848326766e-06
0.0,2.1829241653180166e-06,0.0,-3.046205081206679e-05,2.760310503539247e-19,-3.1897401232559214e-06
0.0,2.0398342110017017e-06,0.0,-3.053856728302001e-05,3.519635722367483e-19,-3.2999397505138758e-06
0.0,1.8996060534980035e-06,0.0,-3.061592171460453e-05,2.72141304966025e-19,-3.412618254959288e-06
0.0,1.7621824573070056e-06,0.0,-3.069413746328591e-05,2.6696265183429637e-19,-3.5277642618634215e-06
0.0,1.6275073311660313e-06,0.0,-3.07732383122868e-05,2.9719639883262144e-19,-3.6453660233891472e-06
0.0,1.4955257060322586e-06,0.0,-3.0853248480635655e-05,2.3332833489401263e-19,-3.7654114063713774e-06
0.0,1.3661837119305439e-06,0.0,-3.093419263338127e-05,2.3623187259040124e-19,-3.887887882644061e-06
0.0,1.2394285561427443e-06,0.0,-3.101609589386111e-05,2.494837924995715e-19,-4.012782518666353e-06
0.0,1.1152085025013953e-06,0.0,-3.1098983852194964e-05,2.5599604594149463e-19,-4.140081963816535e-06
0.0,9.934728485788685e-07,0.0,-3.118288257788631e-05,3.039635604958348e-19,-4.269772441086755e-06
0.0,8.741719068092997e-07,0.0,-3.126781863075842e-05,1.9704124051228754e-19,-4.401839736487182e-06
0.0,7.572569830190764e-07,0.0,-3.1353819072278965e-05,2.42426718540885e-19,-4.536269188297466e-06
0.0,6.426803569813643e-07,0.0,-3.144091147871651e-05,2.537854011624681e-19,-4.673045677525586e-06
0.0,5.303952626961583e-07,0.0,-3.152912395157693e-05,2.8851782583424946e-19,-4.812153618151587e-06
0.0,4.2035586966472915e-07,0.0,-3.161848513175912e-05,2.0006223806643476e-19,-4.953576945726811e-06
0.0,3.125172641412234e-07,0.0,-3.1709024212211735e-05,2.3107451834254253e-19,-5.097299109456433e-06
0.0,2.0683543084899823e-07,0.0,-3.180077095131178e-05,2.3630401278437345e-19,-5.243303061374628e-06
0.0,1.0326723356714072e-07,0.0,-3.1893755686243014e-05,2.2077590465259545e-19,-5.391571246470314e-06
0.0,0.0,0.0,-3.198800935261259e-05,1.8882805320583955e-19,-5.542085565614363e-06
0.0,-9.766108835148866e-08,0.0,-3.208356346992415e-05,5.501186547833898e-20,-5.6948274914981375e-06
0.0,-1.9513935526854894e-07,0.0,-3.218045022373543e-05,-2.9175196748140223e-20,-5.849777839516731e-06
0.0,-2.9066805618618455e-07,0.0,-3.227870240461717e-05,-3.210518272395381e-20,-6.006916945666193e-06
0.0,-3.842861832629984e-07,0.0,-3.23783534677784e-05,5.873914723667533e-20,-6.1662245807345564e-06
0.0,-4.7603194717625546e-07,0.0,-3.247943753916282e-05,-5.743252937785467e-20,-6.32767995243204e-06
0.0,-5.659427954393355e-07,0.0,-3.2581989433323696e-05,-7.029673243679076e-20,-6.4912616971682736e-06
0.0,-6.540554261028092e-07,0.0,-3.268604467085454e-05,-3.8497891939980883e-20,-6.656947870788716e-06
0.0,-7.404058035158878e-07,0.0,-3.279163949643037e-05,-1.433408442623481e-20,-6.824715939186152e-06
0.0,-8.250291727461606e-07,0.0,-3.2898810897959344e-05,-1.3450945343627358e-21,-6.994542770494272e-06
0.0,-9.07960073555605e-07,0.0,-3.300759662623383e-05,-5.1907871683864774e-20,-7.166404625935116e-06
0.0,-9.89232355674158e-07,0.0,-3.311803521447053e-05,3.007309515812204e-20,-7.340277150437489e-06
0.0,-1.068879190873267e-06,0.0,-3.3230165999737934e-05,-4.097915419367635e-21,-7.516135365316297e-06
0.0,-1.1469330886316032e-06,0.0,-3.3344029145160966e-05,2.998212586774959e-20,-7.693953658772991e-06
0.0,-1.2234259073251165e-06,0.0,-3.345966566095986e-05,4.221438332280781e-20,-7.873705777409173e-06
0.0,-1.298388868082661e-06,0.0,-3.3577117428875204e-05,7.157419801920119e-20,-8.055364818628315e-06
0.0,-1.3718525685658875e-06,0.0,-3.369642722537177e-05,5.526411511915046e-20,-8.238903221351335e-06
0.0,-1.4438469937143278e-06,0.0,-3.381763874750682e-05,1.4087255135076205e-19,-8.424292757779993e-06
0.0,-1.514401528909071e-06,0.0,-3.394079663796577e-05,1.2096348744443174e-19,-8.611504525396148e-06
0.0,-1.5835449718632525e-06,0.0,-3.4065946512207316e-05,9.096121369213737e-21,-8.800508938274108e-06
0.0,-1.6513055442297454e-06,0.0,-3.419313498671865e-05,2.9042498969189575e-20,-8.991275718996629e-06
0.0,-1.7177109036085385e-06,0.0,-3.432240970743737e-05,1.6133726069311586e-20,-9.183773889988075e-06
0.0,-1.7827881538483304e-06,0.0,-3.4453819379449995e-05,5.786977346621441e-19,-9.377971765596965e-06
0.0,-1.8465638575240081e-06,0.0,-3.4587413799244076e-05,5.879701145621958e-19,-9.573836943234812e-06
0.0,-1.9090640452680067e-06,0.0,-3.4723243885683526e-05,6.60083588860033e-19,-9.771336295625228e-06
0.0,-1.970314227228452e-06,0.0,-3.4861361714925235e-05,6.233736537310569e-19,-9.97043596133214e-06
0.0,-2.0303394035139124e-06,0.0,-3.500182055528011e-05,7.210914681773714e-19,-1.0171101337730497e-05
0.0,-2.089164074267576e-06,0.0,-3.514467490190773e-05,6.232737520187225e-19,-1.0373297070743485e-05
0.0,-2.1468122499057664e-06,0.0,-3.528998051700641e-05,6.133093630249746e-19,-1.0576987047813214e-05
0.0,-2.2033074598335852e-06,0.0,-3.543779446739441e-05,6.044706494199497e-19,-1.078213438804735e-05
0.0,-2.2586727631038764e-06,0.0,-3.558817516630983e-05,4.556666806872476e-19,-1.0988701433725663e-05
0.0,-2.3129307580682547e-06,0.0,-3.574118241526613e-05,3.128112113737469e-19,-1.1196649741119705e-05
0.0,-2.3661035906397786e-06,0.0,-3.5896877449349334e-05,3.0136680732380666e-19,-1.1405940072061866e-05
0.0,-2.418212964382004e-06,0.0,-3.605532298251513e-05,2.9344517949814907e-19,-1.1616532383474359e-05
0.0,-2.469280148275835e-06,0.0,-3.6216583256216714e-05,3.0342854140445566e-19,-1.1828385818959091e-05
0.0,-2.5193259860771183e-06,0.0,-3.638072408892083e-05,3.3840150769550964e-19,-1.204145869850016e-05
0.0,-2.568370904213102e-06,0.0,-3.6547812928621325e-05,3.5438999347942106e-19,-1.2255708508610383e-05
0.0,-2.61643492179528e-06,0.0,-3.671791890790633e-05,4.783886614787348e-19,-1.2471091892450107e-05
0.0,-2.663537656176004e-06,0.0,-3.68911128989142e-05,5.995904892315166e-19,-1.2687564638905177e-05
0.0,-2.709698333399868e-06,0.0,-3.706746757422949e-05,4.78493308071568e-19,-1.2905081671997965e-05
0.0,-2.754935794323919e-06,0.0,-3.724705746800064e-05,5.730379577754557e-19,-1.3123597040034708e-05
0.0,-2.799268503401087e-06,0.0,-3.742995903955578e-05,6.790104071018403e-19,-1.3343063903781392e-05
0.0,-2.842714555351864e-06,0.0,-3.761625074179258e-05,6.841804380041757e-19,-1.3563434524833938e-05
0.0,-2.8852916834607022e-06,0.0,-3.78060130902341e-05,5.400880547669014e-19,-1.3784660253127944e-05
0.0,-2.9270172661992046e-06,0.0,-3.799932873691417e-05,6.395155314158067e-19,-1.4006691513962697e-05
0.0,-2.967908334444345e-06,0.0,-3.819628254653869e-05,8.587810880878707e-19,-1.4229477795941131e-05
0.0,-3.0079815778367942e-06,0.0,-3.839696167669931e-05,9.793874937473532e-19,-1.4452967635037863e-05
0.0,-3.047253353677833e-06,0.0,-3.8601455660807065e-05,9.92150419136643e-19,-1.4677108602608476e-05
0.0,-3.085739690971728e-06,0.0,-3.880985649596653e-05,1.0025883157526353e-18,-1.4901847288194697e-05
0.0,-3.1234562984701494e-06,0.0,-3.9022258733181506e-05,9.852158237785694e-19,-1.5127129285382648e-05
0.0,-3.1604185707097616e-06,0.0,-3.9238759574943544e-05,1.0621615966177253e-18,-1.5352899174455272e-05
0.0,-3.1966415942295344e-06,0.0,-3.945945897204347e-05,1.1724098258550237e-18,-1.557910050601628e-05
0.0,-3.232140154410024e-06,0.0,-3.968445973076336e-05,1.159560991710243e-18,-1.580567578168578e-05
0.0,-3.2669287398067343e-06,0.0,-3.99138676206792e-05,1.129191592277712e-18,-1.6032566436655635e-05
0.0,-3.301021550353794e-06,0.0,-4.014779148984658e-05,9.765953064207166e-19,-1.6259712818414413e-05
0.0,-3.3344325016692677e-06,0.0,-4.0386343383982974e-05,9.518959011814335e-19,-1.6487054166971205e-05
0.0,-3.367175230113997e-06,0.0,-4.062963867347737e-05,9.560707307715785e-19,-1.6714528592040208e-05
0.0,-3.3992631008026677e-06,0.0,-4.0877796183785915e-05,9.516255675410214e-19,-1.6942073050169698e-05
0.0,-3.4307092107059585e-06,0.0,-4.1130938333876596e-05,9.423877704170174e-19,-1.7169623320219612e-05
0.0,-3.461526395078471e-06,0.0,-4.1389191281890636e-05,9.755571092205524e-19,-1.739711397745133e-05
0.0,-3.4917272320879445e-06,0.0,-4.165268507591056e-05,8.465041036014128e-19,-1.7624478366854103e-05
0.0,-3.521324048774934e-06,0.0,-4.192155381372138e-05,7.458009075820682e-19,-1.7851648573668203e-05
0.0,-3.5503289257970096e-06,0.0,-4.219593581095377e-05,8.531584364199223e-19,-1.807855539357498e-05
0.0,-3.5787537017837863e-06,0.0,-4.2475973775389055e-05,9.837824482410166e-19,-1.8305128300083585e-05
0.0,-3.6066099784203684e-06,0.0,-4.2761814992921416e-05,1.2215996666846452e-18,-1.8531295411251507e-05
0.0,-3.6339091262651094e-06,0.0,-4.305361152140291e-05,1.1931229722790447e-18,-1.8756983453185487e-05
0.0,-3.6606622872563787e-06,0.0,-4.335152039381408e-05,1.3007601168595845e-18,-1.8982117722279525e-05
0.0,-3.6868803815332056e-06,0.0,-4.365570383359169e-05,1.1490449923832546e-18,-1.92066220449548e-05
0.0,-3.7125741101528807e-06,0.0,-4.396632948028151e-05,9.900661871135807e-19,-1.9430418735179223e-05
0.0,-3.737753960592959e-06,0.0,-4.4283570626515226e-05,1.1123854362593368e-18,-1.9653428548572906e-05
0.0,-3.762430210231624e-06,0.0,-4.4607606469087354e-05,1.0435494429965547e-18,-1.9875570635459002e-05
0.0,-3.78661293096239e-06,0.0,-4.4938622371744875e-05,1.1465101364793782e-18,-2.0096762489098843e-05
0.0,-3.8103119936008174e-06,0.0,-4.52768101425209e-05,1.2602347204092913e-18,-2.0316919892608674e-05
0.0,-3.8335370711804325e-06,0.0,-4.56223683277215e-05,1.2536337329243678e-18,-2.0535956861074667e-05
0.0,-3.856297643364001e-06,0.0,-4.597550251929089e-05,1.1325970603629042e-18,-2.0753785581031083e-05
0.0,-3.878603000388439e-06,0.0,-4.6336425680994785e-05,1.239530952643279e-18,-2.0970316345997094e-05
0.0,-3.900462246123951e-06,0.0,-4.670535849258938e-05,1.355185980080448e-18,-2.1185457488377644e-05
0.0,-3.921884303191721e-06,0.0,-4.708252971153184e-05,1.4694413094644394e-18,-2.1399115305368958e-05
0.0,-3.9428779152435775e-06,0.0,-4.746817655867161e-05,1.4834068375238188e-18,-2.1611193983198777e-05
0.0,-3.963451651047455e-06,0.0,-4.786254512126118e-05,1.6504425455676706e-18,-2.182159551340062e-05
0.0,-3.983613908279079e-06,0.0,-4.8265890783833394e-05,1.9709641203847636e-18,-2.2030219606187524e-05
0.0,-4.0033729161571366e-06,0.0,-4.8678478680006566e-05,1.809904298751992e-18,-2.2236963597067314e-05
0.0,-4.022736740044575e-06,0.0,-4.910058417359934e-05,1.842605496753554e-18,-2.2441722347615185e-05
0.0,-4.041713283413079e-06,0.0,-4.9532493367112605e-05,1.802890213444995e-18,-2.264438814029268e-05
0.0,-4.06031029161611e-06,0.0,-4.997450363968775e-05,1.7922206128839737e-18,-2.2844850565175858e-05
0.0,-4.0785353560574135e-06,0.0,-5.0426924219093355e-05,1.8934038554581987e-18,-2.30429964016318e-05
0.0,-4.096395914948279e-06,0.0,-5.089007678635228e-05,1.958995008985824e-18,-2.3238709489448044e-05
0.0,-4.113899258566817e-06,0.0,-5.136429611950419e-05,1.7380999442199497e-18,-2.343187059361964e-05
0.0,-4.131052531345886e-06,0.0,-5.184993077550416e-05,1.6896690905342705e-18,-2.362235725883885e-05
0.0,-4.147862734201419e-06,0.0,-5.2347343815142445e-05,1.6831143269684e-18,-2.3810043654714444e-05
0.0,-4.164336729188454e-06,0.0,-5.2856913573760936e-05,1.8115194197593564e-18,-2.3994800410970983e-05
0.0,-4.180481239995325e-06,0.0,-5.3379034480097636e-05,1.872021189815887e-18,-2.417649444007487e-05
0.0,-4.1963028561890376e-06,0.0,-5.391411792908809e-05,1.9983410766159565e-18,-2.4354988750159565e-05
0.0,-4.211808036024427e-06,0.0,-5.446259320923422e-05,2.3219570209925885e-18,-2.4530142242005145e-05
0.0,-4.2270031078413425e-06,0.0,-5.502490849136838e-05,1.6559338574320892e-18,-2.4701809495068195e-05
0.0,-4.241894274263524e-06,0.0,-5.5601531883420125e-05,1.466727258851414e-18,-2.4869840536289037e-05
0.0,-4.256487613153308e-06,0.0,-5.6192952553128795e-05,1.4302279963292458e-18,-2.5034080593411418e-05
0.0,-4.270789080901363e-06,0.0,-5.6799681927694207e-05,1.3853266741885976e-18,-2.519436983199541e-05
0.0,-4.284804515017098e-06,0.0,-5.742225497447386e-05,1.4053152694567993e-18,-2.535054307141925e-05
0.0,-4.298539636225023e-06,0.0,-5.806123156844378e-05,1.5615205634653734e-18,-2.5502429482645503e-05
0.0,-4.312000050495423e-06,0.0,-5.871719795425052e-05,1.406858969425697e-18,-2.5649852262880526e-05
0.0,-4.3251912522841445e-06,0.0,-5.93907683098484e-05,1.55377423589819e-18,-2.5792628287196517e-05
0.0,-4.338118625983163e-06,0.0,-6.008258642049279e-05,1.678226783051979e-18,-2.5930567733938167e-05
0.0,-4.35078744757427e-06,0.0,-6.079332746997309e-05,1.749453485616637e-18,-2.606347368277596e-05
0.0,-4.363202888493676e-06,0.0,-6.152369996002066e-05,1.812943656718269e-18,-2.61911416834214e-05
0.0,-4.375370016270463e-06,0.0,-6.227444776910529e-05,1.820915667878162e-18,-2.631335929041082e-05
0.0,-4.387293797159765e-06,0.0,-6.304635235894669e-05,1.6380307683586284e-18,-2.6429905563610644e-05
0.0,-4.398979097790557e-06,0.0,-6.384023514300758e-05,1.7353545564212447e-18,-2.6540550530960825e-05
0.0,-4.41043068821273e-06,0.0,-6.465696002945797e-05,1.863766196980938e-18,-2.6645054608460335e-05
0.0,-4.42165324239183e-06,0.0,-6.549743615359917e-05,2.141845568539731e-18,-2.6743167977061735e-05
0.0,-4.432651341041652e-06,0.0,-6.636262081312516e-05,2.069666039750333e-18,-2.683462990861984e-05
0.0,-4.44342947324531e-06,0.0,-6.725352262531771e-05,2.0566763285724587e-18,-2.6919168040852908e-05
0.0,-4.453992038359651e-06,0.0,-6.817120492188427e-05,1.7640944597834498e-18,-2.6996497592684173e-05
0.0,-4.464343347849511e-06,0.0,-6.91167894030885e-05,1.6208833405602216e-18,-2.7066320519089573e-05
0.0,-4.4744876265406195e-06,0.0,-7.009146006982504e-05,1.4446989919292883e-18,-2.712832459580644e-05
0.0,-4.484429015164113e-06,0.0,-7.109646745773e-05,1.5039303620838923e-18,-2.718218243134952e-05
0.0,-4.494171571376059e-06,0.0,-7.213313319514358e-05,1.685640557754637e-18,-2.7227550397757995e-05
0.0,-4.5037192722910805e-06,0.0,-7.320285491267995e-05,2.0532818702098323e-18,-2.726406747398087e-05
0.0,-4.513076014664588e-06,0.0,-7.430711152982869e-05,2.109222783935497e-18,-2.729135399389336e-05
0.0,-4.522245617608663e-06,0.0,-7.54474689442339e-05,2.4176202957828475e-18,-2.7309010292171736e-05
0.0,-4.531231824013101e-06,0.0,-7.662558615828979e-05,2.4407192477673487e-18,-2.7316615234537334e-05
0.0,-4.540038301570188e-06,0.0,-7.78432218670337e-05,2.4637056901593353e-18,-2.731372463132896e-05
0.0,-4.5486686450302e-06,0.0,-7.910224154008813e-05,2.7688622337054574e-18,-2.729986951405862e-05
0.0,-4.557126377141845e-06,0.0,-8.040462502601769e-05,2.927701637813358e-18,-2.727455427331297e-05
0.0,-4.56541495002009e-06,0.0,-8.175247470652372e-05,3.0140504610832285e-18,-2.723725464111126e-05
0.0,-4.573537747103037e-06,0.0,-8.314802422351365e-05,2.6023685643078448e-18,-2.718741550832426e-05
0.0,-4.581498083603361e-06,0.0,-8.459364779897333e-05,3.3008438539660757e-18,-2.7124448565510785e-05
0.0,-4.5892992086232205e-06,0.0,-8.609187015696859e-05,3.7058035223772365e-18,-2.7047729756000166e-05
0.0,-4.5969443065526005e-06,0.0,-8.764537704583264e-05,4.094645598206352e-18,-2.6956596528161564e-05
0.0,-4.604436497967867e-06,0.0,-8.92570263431648e-05,3.969378862093648e-18,-2.6850344879713243e-05
0.0,-4.61177884097241e-06,0.0,-9.092985969878686e-05,3.638719079243484e-18,-2.6728226184981832e-05
0.0,-4.618974332839552e-06,0.0,-9.266711463977423e-05,3.734337330646182e-18,-2.658944380105951e-05
0.0,-4.626025909749619e-06,0.0,-9.447223702054344e-05,4.015833165107171e-18,-2.6433149453081447e-05
0.0,-4.632936450752098e-06,0.0,-9.634889362903658e-05,3.568839806295042e-18,-2.625843940620096e-05
0.0,-4.639708776510821e-06,0.0,-9.830098469070936e-05,3.6655756212594e-18,-2.6064350441541356e-05
0.0,-4.646345650718636e-06,0.0,-0.00010033265589179204,4.139315710055111e-18,-2.5849855670333575e-05
0.0,-4.65284978289631e-06,0.0,-0.00010244830939890837,4.851338314022235e-18,-2.5613860232176562e-05
0.0,-4.659223827737978e-06,0.0,-0.00010465261315718284,4.785364622717726e-18,-2.5355196961979553e-05
0.0,-4.665470387081547e-06,0.0,-0.00010695050748029186,5.5233774120853945e-18,-2.5072622136707843e-05
0.0,-4.671592010499293e-06,0.0,-0.00010934720760529886,5.257955531836489e-18,-2.476481146702551e-05
0.0,-4.677591197091794e-06,0.0,-0.00011184820041826479,5.3873477995144756e-18,-2.4430356567291452e-05
0.0,-4.683470394945672e-06,0.0,-0.00011445923294633506,5.637966419861958e-18,-2.40677622245331e-05
0.0,-4.689232004281709e-06,0.0,-0.00011718628941569837,5.7779726050035525e-18,-2.3675444909523048e-05
0.0,-4.694878376630882e-06,0.0,-0.00012003555260633322,6.013682799416107e-18,-2.3251733131654453e-05
0.0,-4.700411817103381e-06,0.0,-0.00012301334387177133,5.675623518854891e-18,-2.2794870454738713e-05
0.0,-4.70583458382833e-06,0.0,-0.0001261260343844428,6.066479543591188e-18,-2.230302226306663e-05
0.0,-4.711148890629589e-06,0.0,-0.00012937991787694496,6.503942200880695e-18,-2.177428773386914e-05
0.0,-4.716356906282633e-06,0.0,-0.00013278103221703443,6.8785220675141276e-18,-2.120671893452111e-05
0.0,-4.721460757219931e-06,0.0,-0.00013633491350123345,7.054003346835454e-18,-2.059834954906544e-05
0.0,-4.7264625263765555e-06,0.0,-0.00014004626192537108,6.82278759584553e-18,-1.9947236458986554e-05
0.0,-4.731364255366059e-06,0.0,-0.00014391849351463493,6.934526803202813e-18,-1.925151826567864e-05
0.0,-4.736167945338673e-06,0.0,-0.0001479531461760945,8.433984450521723e-18,-1.8509495796346698e-05
0.0,-4.740875556392786e-06,0.0,-0.00015214910314730447,7.768923276213851e-18,-1.771974061151889e-05
0.0,-4.745489010754018e-06,0.0,-0.00015650159324003766,7.781193141217437e-18,-1.688123830768137e-05
0.0,-4.750010191172168e-06,0.0,-0.00016100092796875575,6.750231121325543e-18,-1.5993573615895154e-05
0.0,-4.754440943092565e-06,0.0,-0.0001656309453134756,6.924780076097873e-18,-1.505716326684636e-05
0.0,-4.7587830752203105e-06,0.0,-0.00017036715562479676,7.211287578651466e-18,-1.4073539291556406e-05
0.0,-4.763038360145806e-06,0.0,-0.00017517463717008747,8.710870731161592e-18,-1.3045678372746951e-05
0.0,-4.7672085344267484e-06,0.0,-0.00018000581935625782,8.707942516425225e-18,-1.197836024249556e-05
0.0,-4.771295300695407e-06,0.0,-0.00018479843147777933,1.0881680640575606e-17,-1.087851833671109e-05
0.0,-4.775300326617132e-06,0.0,-0.00018947408409642733,1.3219827102559116e-17,-9.755518842394921e-06
0.0,-4.779225247359806e-06,0.0,-0.00019393816192026002,1.357112460639173e-17,-8.621273617592748e-06
0.0,-4.7830716648539055e-06,0.0,-0.00019808186577287786,1.3405780739022327e-17,-7.490068707153785e-06
0.0,-4.7868411489800775e-06,0.0,-0.00020178720985778462,1.57325776811877e-17,-6.3779923157112e-06
0.0,-4.790535239129445e-06,0.0,-0.00020493538659479147,1.839842273729195e-17,-5.301897748362348e-06
0.0,-4.7941554421468795e-06,0.0,-0.0002074180479360297,1.817380247316584e-17,-4.277952225566322e-06
0.0,-4.797703236755768e-06,0.0,-0.00020914984561292148,1.7819923112824786e-17,-3.3199838231743264e-06
0.0,-4.801180070390091e-06,0.0,-0.00021007950000037656,1.8675766389732504e-17,-2.437981547404632e-06
0.0,-4.804587362834867e-06,0.0,-0.00021019641792985856,2.1521097442880485e-17,-1.637136783433671e-06
0.0,-4.807926504304667e-06,0.0,-0.00020953089174717194,2.310644366007088e-17,-9.176831389688752e-07
0.0,-4.81119885845587e-06,0.0,-0.0002081478950726751,2.2968563442792946e-17,-2.7553772164759166e-07
0.0,-4.814405760475655e-06,0.0,-0.00020613647153637366,2.2345076987173926e-17,2.9650235783453377e-07
0.0,-4.817548519666241e-06,0.0,-0.00020359770651490495,2.3370697318938083e-17,8.073753964195679e-07
0.0,-4.820628418953858e-06,0.0,-0.00020063397982093527,2.498833226704963e-17,1.2665095921938413e-06
0.0,-4.823646715494979e-06,0.0,-0.00019734107997691468,2.7074458477665645e-17,1.6829048853214565e-06
0.0,-4.826604641035368e-06,0.0,-0.0001938035422917301,3.11136808792615e-17,2.0645832618993714e-06
0.0,-4.829503403502616e-06,0.0,-0.00019009273955002525,3.276052268454513e-17,2.4183509467348334e-06
0.0,-4.832344185705823e-06,0.0,-0.00018626691125264952,3.349460714134247e-17,2.7497777883003306e-06
0.0,-4.83512814744555e-06,0.0,-0.00018237233040563483,3.050858247316416e-17,3.063302605661134e-06
0.0,-4.837856425191806e-06,0.0,-0.0001784449884845916,3.567805313828395e-17,3.362395360203914e-06
0.0,-4.840530132478941e-06,0.0,-0.00017451239261658587,3.6856167634943855e-17,3.649731805619212e-06
0.0,-4.843150360927464e-06,0.0,-0.0001705952467774876,3.7674235811802804e-17,3.9273563141074855e-06
0.0,-4.845718179966265e-06,0.0,-0.00016670891256036422,4.0674421598520057e-17,4.19682215617194e-06
0.0,-4.848234637647198e-06,0.0,-0.00016286462057096642,3.789946932300862e-17,4.4593065647963705e-06
0.0,-4.85070076156466e-06,0.0,-0.000159070444038868,4.066310480475663e-17,4.715702087413728e-06
0.0,-4.853117557794041e-06,0.0,-0.0001553320644204875,4.5175740355784235e-17,4.966687495119519e-06
0.0,-4.855486013522575e-06,0.0,-0.0001516533641377609,4.6707567588412966e-17,5.212781954222042e-06
0.0,-4.857807095205237e-06,0.0,-0.00014803688033019027,4.572902128570341e-17,5.4543859393429015e-06
0.0,-4.860081750329654e-06,0.0,-0.00014448414934409607,4.9681555444896416e-17,5.69181187932986e-06
0.0,-4.862310907682889e-06,0.0,-0.00014099596665481274,5.3240387823787806e-17,5.925306971314766e-06
0.0,-4.86449547686045e-06,0.0,-0.00013757258207705147,5.297035260796453e-17,6.155070091282716e-06
0.0,-4.86663634990915e-06,0.0,-0.00013421384584895912,5.50212332416429e-17,6.381264287584268e-06
0.0,-4.868734400538269e-06,0.0,-0.00013091931764495088,5.527435538147253e-17,6.6040259884451485e-06
0.0,-4.8707904853084345e-06,0.0,-0.00012768834774254446,5.3220472643083073e-17,6.823471776854878e-06
0.0,-4.872805443556195e-06,0.0,-0.00012452013733299383,5.3900044260584794e-17,7.039703370826723e-06
0.0,-4.874780097494195e-06,0.0,-0.0001214137832572174,5.594696254747441e-17,7.252811278346847e-06
0.0,-4.876715253718569e-06,0.0,-0.00011836831112879608,5.421904790786319e-17,7.4628774838896394e-06
0.0,-4.878611701809294e-06,0.0,-0.0001153826998136644,5.471998930501118e-17,7.669977417860533e-06
0.0,-4.880470216260637e-06,0.0,-0.0001124558994797801,5.543779127385956e-17,7.87418140409378e-06
0.0,-4.882291555356456e-06,0.0,-0.00010958684487466722,4.8531542697015585e-17,8.075555725269105e-06
0.0,-4.884076462684353e-06,0.0,-0.00010677446505624149,4.496082884968747e-17,8.274163404088917e-06
0.0,-4.885825667186635e-06,0.0,-0.0001040176904959604,4.43818472792306e-17,8.470064783068524e-06
0.0,-4.8875398826178875e-06,0.0,-0.00010131545823430928,4.6473256942435e-17,8.663317950541758e-06
0.0,-4.889219808829561e-06,0.0,-9.866671558966724e-05,4.8423366467248445e-17,8.853979059512819e-06
0.0,-4.8908661317377e-06,0.0,-9.607042280335726e-05,5.1091762278809644e-17,9.042102563391337e-06
0.0,-4.892479523369759e-06,0.0,-9.352555489049883e-05,4.9284144704998644e-17,9.227741395784166e-06
0.0,-4.894060642065663e-06,0.0,-9.103110291060215e-05,5.177695192443731e-17,9.410947104433513e-06
0.0,-4.895610133588598e-06,0.0,-8.85860748050093e-05,4.8608784163521207e-17,9.591769956996029e-06
0.0,-4.89712863044347e-06,0.0,-8.618949591875437e-05,4.888717651001344e-17,9.770259019939743e-06
0.0,-4.898616752305832e-06,0.0,-8.384040928911018e-05,4.8713721196636113e-17,9.946462224672899e-06
0.0,-4.900075106965607e-06,0.0,-8.153787576343856e-05,4.733435081019726e-17,1.0120426417990485e-05
0.0,-4.901504289553704e-06,0.0,-7.92809739920846e-05,5.058050313756873e-17,1.0292197404901459e-05
0.0,-4.902904883605235e-06,0.0,-7.706880033101017e-05,5.405549582021719e-17,1.0461819985516113e-05
0.0,-4.904277460996476e-06,0.0,-7.490046867992333e-05,5.248279288125682e-17,1.0629337985202513e-05
0.0,-4.905622581638743e-06,0.0,-7.277511027289025e-05,5.24265862879391e-17,1.079479428246682e-05
0.0,-4.90694079536947e-06,0.0,-7.069187343686152e-05,5.2605404659138375e-17,1.0958230833114353e-05
0.0,-4.908232639619447e-06,0.0,-6.864992332777227e-05,5.2008907754561414e-17,1.1119688692994908e-05
0.0,-4.90949864225615e-06,0.0,-6.6648441651432e-05,5.058717939980239e-17,1.1279208039526957e-05
0.0,-4.910739319851219e-06,0.0,-6.468662637519955e-05,5.404246599121392e-17,1.1436828190473856e-05
0.0,-4.9119551790708e-06,0.0,-6.276369143410716e-05,5.751741866096193e-17,1.1592587623316847e-05
0.0,-4.913146715873713e-06,0.0,-6.087886643498596e-05,5.720777640207115e-17,1.1746523992685143e-05
0.0,-4.914314417492229e-06,0.0,-5.9031396360480445e-05,5.924509854915411e-17,1.1898674147827648e-05
0.0,-4.915458760023017e-06,0.0,-5.7220541273729164e-05,6.354053977804069e-17,1.20490741498903e-05
0.0,-4.9165802106722245e-06,0.0,-5.544557602615399e-05,6.17836428639789e-17,1.2197759287139605e-05
0.0,-4.917679227444204e-06,0.0,-5.3705789968802085e-05,6.033952632196656e-17,1.2344764091601654e-05
0.0,-4.918756258742332e-06,0.0,-5.200048666724063e-05,5.4594732119748356e-17,1.24901223539525e-05
0.0,-4.919811744633732e-06,0.0,-5.032898362067037e-05,5.820252801475347e-17,1.2633867139047e-05
0.0,-4.920846115937792e-06,0.0,-4.869061198659026e-05,6.092596179089591e-17,1.2776030800309595e-05
0.0,-4.921859794987028e-06,0.0,-4.7084716308903806e-05,6.089580724481233e-17,1.2916644994139009e-05
0.0,-4.922853195340755e-06,0.0,-4.551065425113251e-05,6.626465076903941e-17,1.3055740694784803e-05
0.0,-4.923826722841149e-06,0.0,-4.396779633584647e-05,6.67959275929219e-17,1.3193348206739816e-05
0.0,-4.92478077504007e-06,0.0,-4.245552568809177e-05,6.457056511136145e-17,1.3329497179741582e-05
0.0,-4.925715741086441e-06,0.0,-4.097323778237071e-05,6.15786891685838e-17,1.3464216621442333e-05
0.0,-4.926632003021652e-06,0.0,-3.952034019772653e-05,6.281195921019904e-17,1.359753491006513e-05
0.0,-4.927529934546197e-06,0.0,-3.809625237404943e-05,6.616656431232439e-17,1.3729479807878738e-05
0.0,-4.928409902690926e-06,0.0,-3.670040537615419e-05,6.576935029736869e-17,1.3860078473173773e-05
0.0,-4.929272266526553e-06,0.0,-3.5332241660300223e-05,6.397336519548292e-17,1.3989357472627375e-05
0.0,-4.9301173782296854e-06,0.0,-3.399121484681788e-05,6.149260156942274e-17,1.4117342793876078e-05
0.0,-4.930945582569548e-06,0.0,-3.267678949617643e-05,6.302389205420241e-17,1.4244059856076399e-05
0.0,-4.931757217885895e-06,0.0,-3.138844088993709e-05,6.608529393085619e-17,1.4369533522519374e-05
0.0,-4.93255261580038e-06,0.0,-3.012565481703499e-05,7.177430478988249e-17,1.4493788111635218e-05
0.0,-4.933332100866847e-06,0.0,-2.8887927362503758e-05,7.198601306354591e-17,1.4616847407775981e-05
0.0,-4.9340959909751975e-06,0.0,-2.767476470064097e-05,7.386927414069603e-17,1.47387346723868e-05
0.0,-4.934844598427114e-06,0.0,-2.6485682894723843e-05,7.33322022643957e-17,1.4859472654760797e-05
0.0,-4.935578228922679e-06,0.0,-2.5320207697835244e-05,6.859545697058282e-17,1.4979083601864184e-05
0.0,-4.9362971818721215e-06,0.0,-2.41778743589077e-05,6.920621065930172e-17,1.5097589269049535e-05
0.0,-4.937001750802604e-06,0.0,-2.305822743232011e-05,7.189626337879495e-17,1.5215010929978052e-05
0.0,-4.937692223480074e-06,0.0,-2.1960820592046404e-05,7.401572482246185e-17,1.533136938656957e-05
0.0,-4.938368881595111e-06,0.0,-2.088521644869079e-05,7.646621202404603e-17,1.544668497823094e-05
0.0,-4.9390320017293004e-06,0.0,-1.983098636985362e-05,7.979170515600088e-17,1.5560977591320344e-05
0.0,-4.939681854500271e-06,0.0,-1.8797710306381475e-05,8.181681474179929e-17,1.5674266669249958e-05
0.0,-4.940318705177029e-06,0.0,-1.7784976618617253e-05,8.469358517521971e-17,1.5786571219632678e-05
0.0,-4.940942814353358e-06,0.0,-1.6792381908645446e-05,8.441150657045729e-17,1.5897909825356294e-05
0.0,-4.941554435960058e-06,0.0,-1.581953085475787e-05,8.477985246602164e-17,1.6008300651910574e-05
0.0,-4.942153820382116e-06,0.0,-1.4866036050915403e-05,8.720833668402238e-17,1.6117761456074502e-05
0.0,-4.942741212076998e-06,0.0,-1.3931517846431745e-05,9.008987206538719e-17,1.6226309594284213e-05
0.0,-4.943316851089591e-06,0.0,-1.301560419187447e-05,9.029978002734209e-17,1.633396203161164e-05
0.0,-4.943880972174345e-06,0.0,-1.2117930485410127e-05,9.148941561499595e-17,1.644073534795368e-05
0.0,-4.944433805954716e-06,0.0,-1.1238139425366614e-05,8.498316302227802e-17,1.6546645747718607e-05
0.0,-4.944975578306587e-06,0.0,-1.0375880862240425e-05,8.443540961065204e-17,1.6651709066736882e-05
0.0,-4.945506510036378e-06,0.0,-9.530811655810942e-06,8.848542451743248e-17,1.67559407795606e-05
0.0,-4.946026818106927e-06,0.0,-8.702595535807413e-06,8.935112090864848e-17,1.6859356007207e-05
0.0,-4.946536715313826e-06,0.0,-7.890902962353923e-06,8.989504459620138e-17,1.6961969524055432e-05
0.0,-4.947036409533656e-06,0.0,-7.095410992742593e-06,8.788479982368269e-17,1.7063795765688027e-05
0.0,-4.947526104849693e-06,0.0,-6.315803147429673e-06,8.725777303690994e-17,1.7164848834870764e-05
0.0,-4.948006001268996e-06,0.0,-5.551769282026789e-06,8.819058622084336e-17,1.7265142508672477e-05
0.0,-4.948476294968639e-06,0.0,-4.803005460291424e-06,8.954022361692086e-17,1.736469024545902e-05
0.0,-4.948937177965321e-06,0.0,-4.069213828449662e-06,9.359845118285715e-17,1.7463505191179632e-05
0.0,-4.9493888382993685e-06,0.0,-3.3501024936267463e-06,9.316604672236088e-17,1.7561600185681045e-05
0.0,-4.9498314603919186e-06,0.0,-2.645385404831163e-06,9.210176229905699e-17,1.7658987768910657e-05
0.0,-4.950265225038731e-06,0.0,-1.954782236270179e-06,9.294149542418509e-17,1.775568018748042e-05
0.0,-4.950690309456549e-06,0.0,-1.2780182708874424e-06,9.189551126097738e-17,1.7851689400203867e-05
0.0,-4.951106887520386e-06,0.0,-6.148242900067957e-07,9.57511188004544e-17,1.7947027084077185e-05
0.0,-4.951515128766797e-06,0.0,3.506353957741061e-08,9.524016691396225e-17,1.8041704640746023e-05
0.0,-4.951915200470933e-06,0.0,6.719037708494874e-07,9.702474881796158e-17,1.8135733200890638e-05
0.0,-4.9523072655186395e-06,0.0,1.2959497840419916e-06,9.75326520714248e-17,1.8229123630900908e-05
0.0,-4.952691484235855e-06,0.0,1.9074498902195603e-06,9.503195959933972e-17,1.832188653792757e-05
0.0,-4.953068013805925e-06,0.0,2.506647432975346e-06,9.329572844645625e-17,1.8414032274656008e-05
0.0,-4.953437007830775e-06,0.0,3.0937808876849635e-06,9.292237481430343e-17,1.8505570945675903e-05
0.0,-4.9537986169483796e-06,0.0,3.6690839593171534e-06,9.395324448361647e-17,1.8596512411686022e-05
0.0,-4.9541529891424756e-06,0.0,4.232785677579908e-06,9.468419457080762e-17,1.868686629473977e-05
0.0,-4.9545002686789895e-06,0.0,4.785110493287836e-06,9.627253911255186e-17,1.8776641982935722e-05
0.0,-4.9548405975790065e-06,0.0,5.326278365958775e-06,9.690630783332095e-17,1.8865848636176664e-05
0.0,-4.955174115510845e-06,0.0,5.856504857627647e-06,9.242634857473142e-17,1.89544951892919e-05
0.0,-4.955500957538099e-06,0.0,6.3760012196659e-06,9.249848046085787e-17,1.9042590358531895e-05
0.0,-4.9558212583078184e-06,0.0,6.884974478712804e-06,9.313352466267497e-17,1.913014264439911e-05
0.0,-4.956135147953818e-06,0.0,7.3836275231618035e-06,9.113529501848256e-17,1.9217160337046285e-05
0.0,-4.956442754717888e-06,0.0,7.87215918387376e-06,8.789258977507057e-17,1.9303651520397966e-05
0.0,-4.956744204285169e-06,0.0,8.35076431777676e-06,9.085904271288485e-17,1.9389624076632843e-05
0.0,-4.957039619986312e-06,0.0,8.819633886691944e-06,9.308311552729513e-17,1.94750856894726e-05
0.0,-4.957329122543722e-06,0.0,9.278955034827099e-06,8.646054319629656e-17,1.9560043849760607e-05
0.0,-4.9576128298128344e-06,0.0,9.728911167158394e-06,8.774742390428893e-17,1.9644505858140177e-05
0.0,-4.957890858078444e-06,0.0,1.016968202292717e-05,8.539291485359181e-17,1.9728478829314864e-05
0.0,-4.958163320944128e-06,0.0,1.0601443749802848e-05,8.54442645530062e-17,1.981196969648918e-05
0.0,-4.958430329823433e-06,0.0,1.1024368976713552e-05,8.620235353262969e-17,1.9894985214810155e-05
0.0,-4.958691993239636e-06,0.0,1.1438626883013018e-05,8.591824862327931e-17,1.9977531964586776e-05
0.0,-4.958948418131502e-06,0.0,1.1844383268868755e-05,7.513291380550222e-17,2.005961635542546e-05
0.0,-4.959199710094544e-06,0.0,1.224180062298565e-05,7.67542914551013e-17,2.0141244629574392e-05
0.0,-4.959445971075207e-06,0.0,1.263103818888628e-05,7.811713183249033e-17,2.022242286592023e-05
0.0,-4.959687301496557e-06,0.0,1.3012252029969995e-05,7.166146883154353e-17,2.030315698262469e-05
0.0,-4.959923800613461e-06,0.0,1.3385595094016909e-05,6.89248154737784e-17,2.0383452740871436e-05
0.0,-4.9601555651847735e-06,0.0,1.3751217274694218e-05,7.065708034457997e-17,2.0463315747752485e-05
0.0,-4.9603826891783065e-06,0.0,1.4109265474394856e-05,7.018407551210376e-17,2.0542751460736743e-05
0.0,-4.960605265974037e-06,0.0,1.4459883662968318e-05,7.255775850553245e-17,2.0621765189029877e-05
0.0,-4.960823385925175e-06,0.0,1.4803212937783687e-05,7.258050186436292e-17,2.0700362098070568e-05
0.0,-4.9610371385347e-06,0.0,1.5139391580240034e-05,7.225170040303369e-17,2.077854721158431e-05
0.0,-4.961246611377914e-06,0.0,1.5468555113164943e-05,7.015064387465617e-17,2.0856325415024962e-05
0.0,-4.961451889741057e-06,0.0,1.5790836356658723e-05,6.612438592417498e-17,2.0933701459044066e-05
0.0,-4.9616530575164535e-06,0.0,1.6106365481607182e-05,6.793311117608115e-17,2.1010679960795226e-05
0.0,-4.9618501969003774e-06,0.0,1.641527006275028e-05,6.94831403341987e-17,2.1087265408180605e-05
0.0,-4.962043388834376e-06,0.0,1.6717675131861846e-05,6.968607407831747e-17,2.116346216223777e-05
0.0,-4.962232711892032e-06,0.0,1.7013703228486732e-05,6.737204241372386e-17,2.1239274459387774e-05
0.0,-4.96241824338189e-06,0.0,1.7303474449456797e-05,6.978006199182714e-17,2.1314706414016305e-05
0.0,-4.962600059208934e-06,0.0,1.758710649907299e-05,7.14069942200555e-17,2.1389762021832006e-05
0.0,-4.962778233689176e-06,0.0,1.7864714736067793e-05,7.144435098247615e-17,2.146444516167047e-05
0.0,-4.962952839845059e-06,0.0,1.8136412221788893e-05,7.495443538655251e-17,2.1538759598297422e-05
0.0,-4.963123948816723e-06,0.0,1.8402309765829365e-05,7.194093331908162e-17,2.1612708984823398e-05
0.0,-4.963291630871374e-06,0.0,1.8662515971879882e-05,7.252113195974823e-17,2.168629686453543e-05
0.0,-4.963455954357634e-06,0.0,1.8917137281027422e-05,7.108706731829458e-17,2.175952667419994e-05
0.0,-4.963616985996679e-06,0.0,1.9166278016941353e-05,7.276981598066285e-17,2.1832401745561365e-05
0.0,-4.9637747924026005e-06,0.0,1.9410040426729644e-05,7.567204883778531e-17,2.1904925308173164e-05
0.0,-4.9639294375634836e-06,0.0,1.9648524723571426e-05,7.889078830603187e-17,2.197710049045243e-05
0.0,-4.964080984962692e-06,0.0,1.9881829128350373e-05,8.347056960762383e-17,2.2048930323898623e-05
0.0,-4.964229496359782e-06,0.0,2.011004990840149e-05,8.346227435581378e-17,2.2120417742982467e-05
0.0,-4.9643750327139525e-06,0.0,2.033328141781221e-05,8.379102409791122e-17,2.2191565588337745e-05
0.0,-4.964517653379878e-06,0.0,2.0551616135503027e-05,8.322063532692603e-17,2.2262376609009404e-05
0.0,-4.964657416424686e-06,0.0,2.0765144703086158e-05,8.400157043001407e-17,2.2332853463563702e-05
0.0,-4.964794379298712e-06,0.0,2.097395596183592e-05,8.23884415732436e-17,2.2402998723030177e-05
0.0,-4.964928597922967e-06,0.0,2.117813698910409e-05,8.499524992132635e-17,2.247281487173428e-05
0.0,-4.96506012738197e-06,0.0,2.137777313429111e-05,8.419597370169329e-17,2.254230431048913e-05
0.0,-4.9651890211577305e-06,0.0,2.1572948052263802e-05,8.312047542603579e-17,2.2611469356984045e-05
0.0,-4.965315332252147e-06,0.0,2.176374373888255e-05,8.10588159311284e-17,2.268031224867103e-05
0.0,-4.965439112052182e-06,0.0,2.1950240563752832e-05,8.108068061443126e-17,2.27488351440692e-05
0.0,-4.965560411197758e-06,0.0,2.213251730342092e-05,8.188968813083181e-17,2.2817040124568814e-05
0.0,-4.965679279594607e-06,0.0,2.231065117279318e-05,8.189739847042139e-17,2.2884929195791233e-05
0.0,-4.96579576551019e-06,0.0,2.2484717857665638e-05,8.280883477103928e-17,2.2952504290336652e-05
0.0,-4.965909916748374e-06,0.0,2.2654791544699994e-05,7.948230613843773e-17,2.3019767267922785e-05
0.0,-4.966021780048121e-06,0.0,2.282094495184371e-05,7.798442538781741e-17,2.3086719918271368e-05
0.0,-4.966131401195058e-06,0.0,2.298324935830606e-05,7.854268755258453e-17,2.3153363961579964e-05
0.0,-4.9662388249517866e-06,0.0,2.3141774632868844e-05,7.817500748720278e-17,2.3219701051019867e-05
0.0,-4.966344095067589e-06,0.0,2.329658926330724e-05,7.402667110865034e-17,2.328573277345769e-05
0.0,-4.966447254861391e-06,0.0,2.3447760383257252e-05,7.190999798868998e-17,2.3351460651758997e-05
0.0,-4.966548346604024e-06,0.0,2.3595353800304375e-05,7.120353352844899e-17,2.3416886145509917e-05
0.0,-4.966647411321719e-06,0.0,2.3739434022628876e-05,7.337319085184434e-17,2.3482010652349306e-05
0.0,-4.9667444900835755e-06,0.0,2.3880064284540993e-05,7.244229983002816e-17,2.354683551024464e-05
0.0,-4.966839621994707e-06,0.0,2.401730657301526e-05,6.843022484824109e-17,2.3611361998213667e-05
0.0,-4.966932846847376e-06,0.0,2.4151221652670488e-05,6.768810257465026e-17,2.3675591337489974e-05
0.0,-4.967024201884972e-06,0.0,2.428186909041677e-05,6.887837361809968e-17,2.373952469354919e-05
0.0,-4.967113724721994e-06,0.0,2.4409307279547286e-05,6.876079871696117e-17,2.3803163176219856e-05
0.0,-4.967201452298742e-06,0.0,2.4533593463164025e-05,7.048697569570748e-17,2.386650784240348e-05
0.0,-4.967287420249702e-06,0.0,2.4654783758491702e-05,7.469743618032894e-17,2.392955969649079e-05
0.0,-4.967371663901274e-06,0.0,2.477293317774989e-05,7.740755808133466e-17,2.3992319691027807e-05
0.0,-4.9674542176907085e-06,0.0,2.488809565291106e-05,7.558513320062957e-17,2.4054788729324837e-05
0.0,-4.9675351154966085e-06,0.0,2.500032405535148e-05,7.535085136424562e-17,2.4116967665539644e-05
0.0,-4.9676143904615825e-06,0.0,2.510967021861084e-05,7.425142400803824e-17,2.417885730578768e-05
0.0,-4.967692074790175e-06,0.0,2.5216184958820307e-05,6.76390725418288e-17,2.4240458410306915e-05
0.0,-4.967768200805301e-06,0.0,2.531991809546374e-05,6.445065973216126e-17,2.4301771693069218e-05
0.0,-4.967842798897887e-06,0.0,2.5420918471694754e-05,6.77991791550581e-17,2.436279782425061e-05
0.0,-4.967915900482246e-06,0.0,2.5519233973210514e-05,6.866032410838267e-17,2.44235374303699e-05
0.0,-4.967987534712992e-06,0.0,2.561491154912393e-05,6.775825420676238e-17,2.4483991095759765e-05
0.0,-4.968057731339339e-06,0.0,2.5707997230282346e-05,6.405507053271057e-17,2.454415936342707e-05
0.0,-4.968126519212218e-06,0.0,2.579853614603193e-05,6.278061556578553e-17,2.46040427358578e-05
0.0,-4.968193926125693e-06,0.0,2.5886572546089006e-05,6.630765293918336e-17,2.4663641676821037e-05
0.0,-4.9682599800532585e-06,0.0,2.597214981508406e-05,6.403292298849736e-17,2.4722956610869408e-05
0.0,-4.968324708102878e-06,0.0,2.605531049199057e-05,6.60747635678734e-17,2.4781987925809216e-05
0.0,-4.968388136216411e-06,0.0,2.6136096286556377e-05,6.856639757769371e-17,2.484073597270046e-05
0.0,-4.968450290984684e-06,0.0,2.6214548095734926e-05,7.201151314089193e-17,2.489920106713348e-05
0.0,-4.968511197753998e-06,0.0,2.629070602100479e-05,6.890151148251145e-17,2.4957383489839614e-05
0.0,-4.968570881512147e-06,0.0,2.636460938446789e-05,6.624044595681032e-17,2.501528348777356e-05
0.0,-4.968629366761253e-06,0.0,2.6436296743282408e-05,6.74394798295848e-17,2.5072901274890568e-05
0.0,-4.96868667692144e-06,0.0,2.6505805906649183e-05,6.96161611809257e-17,2.513023703317328e-05
0.0,-4.968742836166058e-06,0.0,2.6573173950799722e-05,6.704906956466122e-17,2.5187290912909283e-05
0.0,-4.968797867189797e-06,0.0,2.6638437233096074e-05,6.849249437510738e-17,2.5244063034356425e-05
0.0,-4.968851792593991e-06,0.0,2.6701631407351846e-05,6.675095649755318e-17,2.530055348804806e-05
0.0,-4.968904634604885e-06,0.0,2.6762791438043132e-05,6.3508991074852e-17,2.535676233484854e-05
0.0,-4.968956414675796e-06,0.0,2.682195161307601e-05,6.549137053905482e-17,2.5412689608423432e-05
0.0,-4.969007154190532e-06,0.0,2.6879145559773803e-05,6.469610153561067e-17,2.5468335314323522e-05
0.0,-4.969056873906242e-06,0.0,2.6934406255757262e-05,6.440070881843259e-17,2.5523699431511392e-05
0.0,-4.9691055943806636e-06,0.0,2.6987766044820735e-05,6.553721790963842e-17,2.5578781913332775e-05
0.0,-4.969153335583346e-06,0.0,2.7039256647590315e-05,6.54303882393775e-17,2.5633582687377773e-05
0.0,-4.969200116874488e-06,0.0,2.7088909174957544e-05,6.595131723964198e-17,2.5688101657118408e-05
0.0,-4.969245957496214e-06,0.0,2.713675414084701e-05,6.631543923077084e-17,2.5742338701658783e-05
0.0,-4.969290876421263e-06,0.0,2.7182821473540563e-05,6.717268010862326e-17,2.5796293677344882e-05
0.0,-4.969334891828866e-06,0.0,2.7227140528666983e-05,6.861632835922877e-17,2.5849966417431472e-05
0.0,-4.969378022371064e-06,0.0,2.7269740099860082e-05,7.175603332629566e-17,2.5903356733608615e-05
0.0,-4.969420284785419e-06,0.0,2.731064843052709e-05,7.053749638769677e-17,2.595646441641801e-05
0.0,-4.96946169736258e-06,0.0,2.7349893225394984e-05,6.998544192890914e-17,2.6009289234947605e-05
0.0,-4.969502276727502e-06,0.0,2.7387501660502466e-05,6.642262620662394e-17,2.606183093874675e-05
0.0,-4.969542039447503e-06,0.0,2.742350039552348e-05,6.994288577209377e-17,2.6114089258270254e-05
0.0,-4.969581001939588e-06,0.0,2.745791558264894e-05,7.009588321600445e-17,2.6166063904073385e-05
0.0,-4.969619180101288e-06,0.0,2.7490772878022113e-05,6.978425594498943e-17,2.6217754569309966e-05
0.0,-4.969656589895923e-06,0.0,2.752209745117544e-05,6.755820729362598e-17,2.6269160928399955e-05
0.0,-4.969693246395424e-06,0.0,2.7551913995355635e-05,6.781477937749691e-17,2.632028263955526e-05
0.0,-4.96972916503848e-06,0.0,2.7580246736960602e-05,7.197990680032254e-17,2.63711193436417e-05
0.0,-4.969764360154115e-06,0.0,2.760711944564245e-05,7.272265554922736e-17,2.6421670665400267e-05
0.0,-4.96979884645823e-06,0.0,2.7632555442190068e-05,6.535211429757353e-17,2.647193621430747e-05
0.0,-4.969832637830046e-06,0.0,2.765657760985341e-05,6.905907821772397e-17,2.652191558451983e-05
0.0,-4.969865748577303e-06,0.0,2.7679208401226903e-05,6.931134162707698e-17,2.6571608355512247e-05
0.0,-4.969898192163366e-06,0.0,2.7700469848241415e-05,7.674668852614978e-17,2.66210140924943e-05
0.0,-4.969929981914606e-06,0.0,2.77203835702689e-05,7.83622593172011e-17,2.6670132347242893e-05
0.0,-4.969961130832315e-06,0.0,2.773897078222703e-05,7.916215505259246e-17,2.6718962658574058e-05
0.0,-4.969991651856625e-06,0.0,2.7756252304127125e-05,7.979063376991849e-17,2.6767504552120942e-05
0.0,-4.970021557586182e-06,0.0,2.777224856740241e-05,7.909701403073685e-17,2.6815757541416207e-05
0.0,-4.970050860066607e-06,0.0,2.7786979624344908e-05,8.23342944898883e-17,2.686372112853041e-05
0.0,-4.970079571727668e-06,0.0,2.7800465154433737e-05,8.119205748413085e-17,2.6911394803794427e-05
0.0,-4.970107704162965e-06,0.0,2.7812724473882992e-05,8.104058207918677e-17,2.6958778046382287e-05
0.0,-4.970135268891908e-06,0.0,2.7823776540748805e-05,7.76910019176493e-17,2.700587032572671e-05
0.0,-4.970162277385572e-06,0.0,2.783363996403316e-05,7.90311637717215e-17,2.7052671100686403e-05
0.0,-4.9701887407173536e-06,0.0,2.7842333010234214e-05,7.725080779598681e-17,2.709917982021219e-05
0.0,-4.970214669766596e-06,0.0,2.784987360978559e-05,7.933575998241698e-17,2.714539592426292e-05
0.0,-4.9702400754665196e-06,0.0,2.7856279365272027e-05,8.012812754397323e-17,2.7191318844499337e-05
0.0,-4.970264967795539e-06,0.0,2.7861567556314354e-05,7.958954347295502e-17,2.7236948002674254e-05
0.0,-4.970289357284721e-06,0.0,2.7865755147896188e-05,7.586772630238835e-17,2.728228281363012e-05
0.0,-4.970313254311016e-06,0.0,2.7868858796026058e-05,7.693657551616599e-17,2.7327322684022258e-05
0.0,-4.970336668184486e-06,0.0,2.7870894853954634e-05,7.94592991044825e-17,2.737206701292948e-05
0.0,-4.970359608655482e-06,0.0,2.787187937839202e-05,8.367462505113781e-17,2.7416515192742237e-05
0.0,-4.970382085699432e-06,0.0,2.787182813605804e-05,8.306654240800222e-17,2.7460666609273628e-05
0.0,-4.970404107824473e-06,0.0,2.7870756609122335e-05,8.147782075648442e-17,2.7504520641232034e-05
0.0,-4.97042568486733e-06,0.0,2.786868000131061e-05,7.99329736766003e-17,2.754807666213623e-05
0.0,-4.9704468253833e-06,0.0,2.7865613243344687e-05,7.78808623274948e-17,2.759133403970477e-05
0.0,-4.970467538064118e-06,0.0,2.7861570999159803e-05,7.723132489643943e-17,2.7634292136105735e-05
0.0,-4.9704878314601605e-06,0.0,2.7856567670123425e-05,7.560957317187442e-17,2.767695030842861e-05
0.0,-4.970507714241093e-06,0.0,2.7850617401918655e-05,7.369929196950928e-17,2.771930790951689e-05
0.0,-4.970527193925553e-06,0.0,2.7843734088763048e-05,7.451831513040264e-17,2.776136428719097e-05
0.0,-4.970546279489971e-06,0.0,2.783593137895977e-05,7.054219281031306e-17,2.780311878563583e-05
0.0,-4.970564978277329e-06,0.0,2.7827222680004593e-05,7.362744803429457e-17,2.7844570745151315e-05
0.0,-4.97058329814536e-06,0.0,2.781762116324884e-05,8.014700338117797e-17,2.788571950267941e-05
0.0,-4.970601246788777e-06,0.0,2.780713976889539e-05,8.188161351963631e-17,2.7926564391360155e-05
0.0,-4.9706188314775704e-06,0.0,2.779579121110571e-05,8.095929645150271e-17,2.7967104742169238e-05
0.0,-4.970636059124266e-06,0.0,2.7783587981663583e-05,8.31905796591509e-17,2.8007339883002017e-05
0.0,-4.970652937702053e-06,0.0,2.7770542355415214e-05,8.74979700732442e-17,2.8047269139506188e-05
0.0,-4.970669473257604e-06,0.0,2.775666639515419e-05,9.093651457902418e-17,2.80868918351373e-05
0.0,-4.970685673097062e-06,0.0,2.774197195384195e-05,9.016283939064644e-17,2.8126207291491773e-05
0.0,-4.970701544571594e-06,0.0,2.7726470681935263e-05,8.842899991589993e-17,2.8165214828473464e-05
0.0,-4.970717093303352e-06,0.0,2.7710174029051512e-05,9.010142544348069e-17,2.8203913765098547e-05
0.0,-4.970732326116347e-06,0.0,2.7693093249519872e-05,8.739514037114286e-17,2.8242303418829366e-05
0.0,-4.970747249279443e-06,0.0,2.7675239405378888e-05,8.848745532438268e-17,2.828038310646261e-05
0.0,-4.970761868859059e-06,0.0,2.765662337137247e-05,8.833105835187429e-17,2.831815214376849e-05
0.0,-4.970776191147815e-06,0.0,2.7637255838280563e-05,9.168216462788266e-17,2.8355609847211537e-05
0.0,-4.970790222237168e-06,0.0,2.7617147316249853e-05,9.766424440972301e-17,2.8392755531896732e-05
0.0,-4.970803967617501e-06,0.0,2.759630813978971e-05,9.707106581046551e-17,2.8429588513456858e-05
0.0,-4.970817432954162e-06,0.0,2.757474847010371e-05,9.383721001135929e-17,2.8466108108330012e-05
0.0,-4.970830624141018e-06,0.0,2.7552478298642317e-05,9.331693937778402e-17,2.8502313632455133e-05
0.0,-4.970843546576367e-06,0.0,2.7529507452209932e-05,9.652213669065604e-17,2.8538204403436902e-05
0.0,-4.970856205670421e-06,0.0,2.7505845594075102e-05,9.671440589375393e-17,2.857377973954654e-05
0.0,-4.970868606511507e-06,0.0,2.7481502229632648e-05,1.0106620757637343e-16,2.8609038959527492e-05
0.0,-4.970880754375749e-06,0.0,2.7456486707402905e-05,1.0455861470637901e-16,2.8643981384704892e-05
0.0,-4.970892653982715e-06,0.0,2.7430808224693826e-05,1.0633985119160458e-16,2.8678606336515263e-05
0.0,-4.970904311021629e-06,0.0,2.740447582804506e-05,1.0679512964696173e-16,2.8712913139781652e-05
0.0,-4.970915730092367e-06,0.0,2.7377498418446058e-05,1.1290199150367743e-16,2.874690111943853e-05
0.0,-4.970926915493903e-06,0.0,2.7349884753556448e-05,1.1402868077467516e-16,2.878056960436201e-05
0.0,-4.97093787216426e-06,0.0,2.7321643450925732e-05,1.1448284315098184e-16,2.8813917924094672e-05
0.0,-4.970948605099784e-06,0.0,2.7292782989658633e-05,1.1615289383968599e-16,2.884694541195422e-05
0.0,-4.970959118053904e-06,0.0,2.726331171529999e-05,1.1651548405552843e-16,2.8879651403118287e-05
0.0,-4.970969416111379e-06,0.0,2.7233237840723046e-05,1.1508919902950763e-16,2.891203523573471e-05
0.0,-4.9709795029330744e-06,0.0,2.7202569450570284e-05,1.086783055748308e-16,2.894409625142109e-05
0.0,-4.970989383027106e-06,0.0,2.717131450203056e-05,1.0886100196908766e-16,2.8975833794015764e-05
0.0,-4.97099906046412e-06,0.0,2.713948082916905e-05,1.0977014627360097e-16,2.900724721213138e-05
0.0,-4.971008539561217e-06,0.0,2.710707614459251e-05,1.0852435586801493e-16,2.9038335856240465e-05
0.0,-4.971017824265243e-06,0.0,2.7074108041336686e-05,1.0764072528631808e-16,2.906909908170085e-05
0.0,-4.971026918198729e-06,0.0,2.7040583997529252e-05,1.0723062085449728e-16,2.909953624714582e-05
0.0,-4.971035825146959e-06,0.0,2.7006511375945728e-05,1.03507996317824e-16,2.9129646715288996e-05
0.0,-4.9710445488533134e-06,0.0,2.6971897428006257e-05,1.0278631402624214e-16,2.9159429852952115e-05
0.0,-4.9710530932823116e-06,0.0,2.6936749296773243e-05,1.003114195390391e-16,2.9188885031287042e-05
0.0,-4.971061461805283e-06,0.0,2.6901074017062348e-05,9.880723103557914e-17,2.921801162563702e-05
0.0,-4.9710696579337506e-06,0.0,2.6864878519328278e-05,9.795310273616977e-17,2.924680901603624e-05
0.0,-4.971077685355786e-06,0.0,2.682816963144115e-05,9.973950750525315e-17,2.9275276587348605e-05
0.0,-4.971085547108152e-06,0.0,2.6790954080129756e-05,9.951406840380924e-17,2.9303413728990195e-05
0.0,-4.971093246895592e-06,0.0,2.6753238494090233e-05,1.0178448733693525e-16,2.9331219835623142e-05
0.0,-4.97110078758005e-06,0.0,2.6715029405540327e-05,1.0061433223876063e-16,2.935869430665602e-05
0.0,-4.971108172442501e-06,0.0,2.6676333251884763e-05,9.877960578400019e-17,2.9385836547076508e-05
0.0,-4.971115404572564e-06,0.0,2.663715637793567e-05,9.61104728812842e-17,2.941264596684076e-05
0.0,-4.97112248715489e-06,0.0,2.659750503824406e-05,9.325439949405379e-17,2.9439121981650557e-05
0.0,-4.971129423114373e-06,0.0,2.655738539798802e-05,9.751833661017513e-17,2.946526401245373e-05
0.0,-4.971136215439924e-06,0.0,2.6516803535859248e-05,9.70162473224529e-17,2.949107148685963e-05
0.0,-4.971142867018424e-06,0.0,2.6475765444951292e-05,9.708906509346641e-17,2.951654383675221e-05
0.0,-4.971149380592313e-06,0.0,2.6434277035313003e-05,9.838406718593723e-17,2.954168050131532e-05
0.0,-4.971155758769559e-06,0.0,2.6392344135058802e-05,1.0241574565934899e-16,2.956648092489558e-05
0.0,-4.9711620046977025e-06,0.0,2.634997249181197e-05,9.92115132515952e-17,2.9590944558861942e-05
0.0,-4.971168120374909e-06,0.0,2.630716777548016e-05,9.887742128521368e-17,2.9615070859857143e-05
0.0,-4.971174109093035e-06,0.0,2.626393557892158e-05,9.89771171713192e-17,2.9638859291685014e-05
0.0,-4.971179972691872e-06,0.0,2.6220281419388267e-05,1.010212421364157e-16,2.966230932428359e-05
0.0,-4.971185714213752e-06,0.0,2.6176210740857553e-05,1.0094834040040368e-16,2.968542043416914e-05
0.0,-4.971191336028334e-06,0.0,2.6131728915031264e-05,9.791631101540116e-17,2.97081921044917e-05
0.0,-4.97119684048099e-06,0.0,2.608684124244594e-05,9.869529352576404e-17,2.9730623825257122e-05
0.0,-4.971202229615949e-06,0.0,2.6041552955137387e-05,1.0034654887599998e-16,2.975271509377112e-05
0.0,-4.971207506369389e-06,0.0,2.5995869216862726e-05,9.509304597258624e-17,2.9774465413251554e-05
0.0,-4.971212672278481e-06,0.0,2.59497951248767e-05,9.33370569156616e-17,2.9795874294965532e-05
0.0,-4.971217729969854e-06,0.0,2.5903335711152978e-05,9.09575451068263e-17,2.981694125692494e-05
0.0,-4.9712226814395164e-06,0.0,2.5856495944160482e-05,8.835079668813716e-17,2.983766582458032e-05
0.0,-4.97122752911983e-06,0.0,2.5809280729862625e-05,9.091426131007499e-17,2.98580475301825e-05
0.0,-4.971232274853965e-06,0.0,2.5761694912938465e-05,9.248954922826766e-17,2.9878085913920513e-05
0.0,-4.971236920625981e-06,0.0,2.5713743277782028e-05,9.241961879852948e-17,2.9897780523227802e-05
0.0,-4.9712414685446126e-06,0.0,2.566543055050063e-05,9.579857692933723e-17,2.991713091342051e-05
0.0,-4.9712459206681714e-06,0.0,2.5616761399247945e-05,9.467207713867246e-17,2.9936136646892582e-05
0.0,-4.971250278455836e-06,0.0,2.5567740436000396e-05,9.555821446095339e-17,2.9954797294142764e-05
0.0,-4.9712545442748465e-06,0.0,2.5518372217223283e-05,9.359278969671682e-17,2.997311243360801e-05
0.0,-4.971258719815286e-06,0.0,2.5468661245647113e-05,9.334404307890622e-17,2.999108165099738e-05
0.0,-4.9712628069566645e-06,0.0,2.541861197026763e-05,9.130617332750319e-17,3.0008704540790825e-05
0.0,-4.9712668075095485e-06,0.0,2.536822878856625e-05,9.280596760857492e-17,3.0025980704795904e-05
0.0,-4.971270722823772e-06,0.0,2.5317516047065155e-05,9.250817944038827e-17,3.0042909753202488e-05
0.0,-4.97127455492026e-06,0.0,2.5266478042326537e-05,8.90069843613395e-17,3.0059491304249682e-05
0.0,-4.971278305364513e-06,0.0,2.5215119021618677e-05,9.343626045031991e-17,3.0075724984697668e-05
0.0,-4.97128197590824e-06,0.0,2.5163443185136447e-05,9.38575648226285e-17,3.0091610429189347e-05
0.0,-4.971285568203501e-06,0.0,2.5111454684780018e-05,9.487100277827663e-17,3.010714728095808e-05
0.0,-4.971289083334157e-06,0.0,2.5059157627707604e-05,9.486083818813317e-17,3.0122335191508515e-05
0.0,-4.971292523519324e-06,0.0,2.500655607533625e-05,9.611374903087957e-17,3.0137173820852473e-05
0.0,-4.971295889825969e-06,0.0,2.4953654044118984e-05,9.607845204393784e-17,3.015166283775879e-05
0.0,-4.97129918378184e-06,0.0,2.490045550854243e-05,9.901755572124207e-17,3.016580191926757e-05
0.0,-4.971302406798129e-06,0.0,2.4846964400016577e-05,9.775464596234897e-17,3.0179590750995485e-05
0.0,-4.971305560476769e-06,0.0,2.479318460787399e-05,9.788057485834281e-17,3.0193029027649273e-05
0.0,-4.971308646074468e-06,0.0,2.473911998114614e-05,9.778143684882493e-17,3.0206116452595507e-05
0.0,-4.971311665080346e-06,0.0,2.4684774328341406e-05,9.540140136722845e-17,3.0218852737458144e-05
0.0,-4.97131461879896e-06,0.0,2.463015141933241e-05,9.572722119658748e-17,3.023123760358957e-05
0.0,-4.971317508347053e-06,0.0,2.457525498513399e-05,9.603315187391919e-17,3.0243270780530168e-05
0.0,-4.971320335124421e-06,0.0,2.4520088719124453e-05,9.449646696005617e-17,3.0254952007271178e-05
0.0,-4.971323100462638e-06,0.0,2.4464656277156583e-05,9.50949304271681e-17,3.026628103136653e-05
0.0,-4.971325805387897e-06,0.0,2.4408961280111166e-05,9.396309794443404e-17,3.027725760961286e-05
0.0,-4.97132845142333e-06,0.0,2.435300731156552e-05,9.459666234985273e-17,3.0287881508340918e-05
0.0,-4.971331039494904e-06,0.0,2.429679792167926e-05,9.536908026046464e-17,3.0298152501778018e-05
0.0,-4.971333570784679e-06,0.0,2.424033662586205e-05,9.629034436662863e-17,3.0308070374615398e-05
0.0,-4.971336046445103e-06,0.0,2.4183626905550755e-05,1.0117399227387615e-16,3.0317634920342906e-05
0.0,-4.971338467474811e-06,0.0,2.412667220987477e-05,1.009452396709193e-16,3.0326845941512668e-05
0.0,-4.971340835339224e-06,0.0,2.406947595543398e-05,1.008230088777381e-16,3.033570325008602e-05
0.0,-4.971343150835738e-06,0.0,2.4012041527408973e-05,9.616938007822763e-17,3.0344206667266995e-05
0.0,-4.971345415200195e-06,0.0,2.3954372279116972e-05,9.748258651870819e-17,3.0352356023710472e-05
0.0,-4.9713476291959315e-06,0.0,2.3896471534898397e-05,9.611744405820748e-17,3.0360151159369527e-05
0.0,-4.971349793975546e-06,0.0,2.3838342587341306e-05,9.63912609096732e-17,3.0367591924272583e-05
0.0,-4.971351910534498e-06,0.0,2.3779988700834122e-05,9.97806024843105e-17,3.037467817677481e-05
0.0,-4.9713539795805754e-06,0.0,2.372141311089949e-05,1.0160308731124841e-16,3.038140978562591e-05
0.0,-4.9713560022905745e-06,0.0,2.3662619024638377e-05,9.804468375332705e-17,3.0387786628693365e-05
0.0,-4.971357979599238e-06,0.0,2.3603609621396184e-05,9.933568460086703e-17,3.039380859351754e-05
0.0,-4.971359912371954e-06,0.0,2.354438805254073e-05,1.0375962296777684e-16,3.0399475577353328e-05
0.0,-4.9713618015664586e-06,0.0,2.3484957444570852e-05,9.841612268318085e-17,3.040478748696196e-05
0.0,-4.971363648255703e-06,0.0,2.3425320895896773e-05,9.704661621298337e-17,3.0409744238500007e-05
0.0,-4.971365452919147e-06,0.0,2.3365481480392805e-05,1.0004964214446857e-16,3.0414345758268764e-05
0.0,-4.971367216255904e-06,0.0,2.3305442245621005e-05,1.0130668640895988e-16,3.0418591982034243e-05
0.0,-4.971368939730496e-06,0.0,2.3245206215051618e-05,9.967469461657295e-17,3.0422482855124304e-05
0.0,-4.971370623413487e-06,0.0,2.3184776387396915e-05,9.96709265206651e-17,3.0426018332803374e-05
0.0,-4.971372268499919e-06,0.0,2.3124155737610454e-05,1.032829727428674e-16,3.0429198380105897e-05
0.0,-4.971373875678641e-06,0.0,2.3063347216776e-05,1.0276513234535597e-16,3.04320229718641e-05
0.0,-4.971375446066615e-06,0.0,2.3002353753439825e-05,1.0206093827686442e-16,3.043449209247205e-05
0.0,-4.971376979523752e-06,0.0,2.2941178253277606e-05,1.0173530522873387e-16,3.0436605736385287e-05
0.0,-4.971378477934531e-06,0.0,2.287982359865041e-05,1.0064502113682564e-16,3.0438363907718323e-05
0.0,-4.971379940974283e-06,0.0,2.2818292651380144e-05,1.0029731795759699e-16,3.0439766620661027e-05
0.0,-4.9713813698715055e-06,0.0,2.27565882509733e-05,1.0179755954288511e-16,3.0440813899325916e-05
0.0,-4.971382765520188e-06,0.0,2.269471321573112e-05,9.925676309978921e-17,3.044150577726246e-05
0.0,-4.971384128258567e-06,0.0,2.26326703431937e-05,1.0066470867171487e-16,3.0441842298359148e-05
0.0,-4.971385458469506e-06,0.0,2.2570462410917132e-05,9.93459891682074e-17,3.044182351614957e-05
0.0,-4.971386757394634e-06,0.0,2.250809217591844e-05,9.876815473892419e-17,3.0441449494506312e-05
0.0,-4.9713880249834715e-06,0.0,2.2445562374897555e-05,9.857106329455319e-17,3.044072030671117e-05
0.0,-4.971389262548597e-06,0.0,2.2382875725902713e-05,9.77796582297083e-17,3.0439636036107362e-05
0.0,-4.971390470264701e-06,0.0,2.2320034927109165e-05,9.650197044383152e-17,3.0438196776724068e-05
0.0,-4.971391648809287e-06,0.0,2.225704265870658e-05,9.51914514251134e-17,3.0436402631444537e-05
0.0,-4.971392798931138e-06,0.0,2.2193901581788826e-05,9.429531448760644e-17,3.0434253713824073e-05
0.0,-4.971393921162783e-06,0.0,2.2130614339131097e-05,9.239189998111659e-17,3.0431750147035354e-05
0.0,-4.971395015845095e-06,0.0,2.206718355563403e-05,9.515017221035643e-17,3.042889206475657e-05
0.0,-4.971396083812453e-06,0.0,2.2003611838545742e-05,9.400808045147265e-17,3.0425679610352658e-05
0.0,-4.971397125081075e-06,0.0,2.1939901777905913e-05,9.183979793859317e-17,3.042211293702796e-05
0.0,-4.971398140681097e-06,0.0,2.1876055945990687e-05,8.921782611683806e-17,3.0418192208506197e-05
0.0,-4.9713991311901325e-06,0.0,2.181207689908902e-05,9.04070619361937e-17,3.0413917597614985e-05
0.0,-4.97140009668733e-06,0.0,2.1747967175948353e-05,9.02665377761876e-17,3.0409289288436867e-05
0.0,-4.971401037896778e-06,0.0,2.1683729299439984e-05,8.96591383168046e-17,3.0404307473977827e-05
0.0,-4.971401955621888e-06,0.0,2.1619365776670062e-05,9.004679638369329e-17,3.039897235797143e-05
0.0,-4.971402849996506e-06,0.0,2.1554879098091415e-05,8.925810476347098e-17,3.0393284153796347e-05
0.0,-4.971403721297598e-06,0.0,2.1490271738835802e-05,8.631469822280986e-17,3.0387243085017578e-05
0.0,-4.971404570276446e-06,0.0,2.142554615860294e-05,8.648274330559521e-17,3.0380849385219932e-05
0.0,-4.971405397180268e-06,0.0,2.1360704801660436e-05,8.731200202226198e-17,3.0374103297952495e-05
0.0,-4.971406202733344e-06,0.0,2.1295750097954075e-05,8.972559109324402e-17,3.036700507665926e-05
0.0,-4.971406987178298e-06,0.0,2.1230684461220386e-05,9.221595411231284e-17,3.0359554985248115e-05
0.0,-4.971407750900697e-06,0.0,2.1165510292539396e-05,9.484240609163743e-17,3.035175329693897e-05
0.0,-4.971408494417218e-06,0.0,2.1100229976781892e-05,9.447435555365439e-17,3.0343600295748694e-05
0.0,-4.97140921800122e-06,0.0,2.1034845885607038e-05,9.849727367976471e-17,3.033509627520048e-05
0.0,-4.97140992221242e-06,0.0,2.0969360376019074e-05,9.945899238304405e-17,3.032624153867078e-05
0.0,-4.97141060751964e-06,0.0,2.0903775791810617e-05,9.993257998984077e-17,3.0317036400221973e-05
0.0,-4.971411274117887e-06,0.0,2.0838094462896512e-05,9.960543119444784e-17,3.0307481183270112e-05
0.0,-4.97141192247009e-06,0.0,2.0772318705424868e-05,1.0212609476489248e-16,3.0297576221292677e-05
0.0,-4.971412552688352e-06,0.0,2.0706450822221142e-05,1.0134348469242609e-16,3.0287321858189396e-05
0.0,-4.971413165256818e-06,0.0,2.0640493103454274e-05,1.0093666270173609e-16,3.0276718447241413e-05
0.0,-4.971413760825927e-06,0.0,2.0574447825637487e-05,1.0288911308076183e-16,3.0265766352054985e-05
0.0,-4.971414339460939e-06,0.0,2.0508317253071572e-05,1.0217924291153021e-16,3.0254465946061867e-05
0.0,-4.971414901565624e-06,0.0,2.0442103636512622e-05,1.0526518828174495e-16,3.024281761265811e-05
0.0,-4.971415447458423e-06,0.0,2.0375809214726356e-05,1.0304521623333086e-16,3.023082174496811e-05
0.0,-4.971415977573408e-06,0.0,2.0309436214821163e-05,1.0132116753372645e-16,3.0218478746552395e-05
0.0,-4.971416491824256e-06,0.0,2.02429868496946e-05,1.0124425732701234e-16,3.0205789030214144e-05
0.0,-4.971416990761154e-06,0.0,2.017646332158613e-05,1.0003765610481965e-16,3.019275301917877e-05
0.0,-4.971417475079047e-06,0.0,2.0109867820522763e-05,9.765765791182918e-17,3.0179371146177997e-05
0.0,-4.971417944497164e-06,0.0,2.004320252409705e-05,9.995945630952915e-17,3.0165643853921726e-05
0.0,-4.971418399414965e-06,0.0,1.997646959835523e-05,9.619408786949785e-17,3.0151571595236783e-05
0.0,-4.97141884068113e-06,0.0,1.9909671197797275e-05,9.732543413119407e-17,3.0137154832178745e-05
0.0,-4.971419267738762e-06,0.0,1.98428094657099e-05,9.677436288641335e-17,3.012239403737811e-05
0.0,-4.9714196816546295e-06,0.0,1.9775886533611495e-05,9.461518932521524e-17,3.010728969247207e-05
0.0,-4.971420082057152e-06,0.0,1.9708904521363132e-05,9.204307772323074e-17,3.0091842289506202e-05
0.0,-4.9714204699712766e-06,0.0,1.9641865538389818e-05,9.090125339887983e-17,3.0076052329921363e-05
0.0,-4.971420844894512e-06,0.0,1.957477168223717e-05,9.313422159460607e-17,3.0059920325150454e-05
0.0,-4.971421207092201e-06,0.0,1.950762503990373e-05,9.316314053182407e-17,3.0043446796091044e-05
0.0,-4.971421557413288e-06,0.0,1.944042768739687e-05,9.486500886509138e-17,3.0026632273632746e-05
0.0,-4.971421895649328e-06,0.0,1.9373181690065823e-05,9.580411855776681e-17,3.0009477298032695e-05
0.0,-4.971422221956459e-06,0.0,1.9305889102268638e-05,9.452127105928904e-17,2.999198241966498e-05
0.0,-4.971422536761549e-06,0.0,1.9238551968038328e-05,9.153325672602033e-17,2.9974148198076906e-05
0.0,-4.971422840710283e-06,0.0,1.9171172320194673e-05,9.627753592441977e-17,2.9955975202655178e-05
0.0,-4.971423133125037e-06,0.0,1.910375218167648e-05,9.717701091704777e-17,2.9937464012487103e-05
0.0,-4.971423414736399e-06,0.0,1.9036293565097513e-05,9.580375253765046e-17,2.9918615216027503e-05
0.0,-4.971423685815532e-06,0.0,1.8968798472524453e-05,9.643507689874741e-17,2.9899429411390173e-05
0.0,-4.97142394649279e-06,0.0,1.890126889592096e-05,9.83385133905661e-17,2.9879907206583805e-05
0.0,-4.97142419690082e-06,0.0,1.8833706816370533e-05,9.60997178091834e-17,2.9860049218304598e-05
0.0,-4.971424437695117e-06,0.0,1.8766114206185944e-05,9.550506029895046e-17,2.9839856073282426e-05
0.0,-4.971424668478886e-06,0.0,1.8698493027021833e-05,9.286845859664698e-17,2.9819328407864495e-05
0.0,-4.971424889758832e-06,0.0,1.8630845230207798e-05,9.381781591647835e-17,2.9798466867501857e-05
0.0,-4.971425101632068e-06,0.0,1.856317275741452e-05,9.456395484759819e-17,2.9777272107207392e-05
0.0,-4.9714253040924205e-06,0.0,1.8495477540653757e-05,9.051323156343452e-17,2.9755744791264367e-05
0.0,-4.971425497838771e-06,0.0,1.842776150238938e-05,9.024721458430877e-17,2.9733885593559492e-05
0.0,-4.971425682635151e-06,0.0,1.8360026554538157e-05,8.849147392699337e-17,2.9711695196958445e-05
0.0,-4.9714258585905e-06,0.0,1.8292274600468165e-05,8.676215498707445e-17,2.968917429391647e-05
0.0,-4.971426026420922e-06,0.0,1.8224507532556303e-05,8.817272431833209e-17,2.966632358613144e-05
0.0,-4.971426185672941e-06,0.0,1.815672723507485e-05,8.756651415836917e-17,2.9643143784307947e-05
0.0,-4.971426336781119e-06,0.0,1.8088935581415932e-05,8.166493921021407e-17,2.9619635608643e-05
0.0,-4.971426479924071e-06,0.0,1.8021134436978093e-05,8.329988984858714e-17,2.9595799788645637e-05
0.0,-4.97142661519662e-06,0.0,1.7953325656168684e-05,8.509764500676516e-17,2.9571637062262608e-05
0.0,-4.971426742870073e-06,0.0,1.78855110859566e-05,8.662705382141483e-17,2.9547148177502085e-05
0.0,-4.971426862803192e-06,0.0,1.7817692561764416e-05,8.88774639743687e-17,2.9522333891004254e-05
0.0,-4.97142697557304e-06,0.0,1.7749871911354215e-05,8.683711336601764e-17,2.9497194968415994e-05
0.0,-4.971427081283359e-06,0.0,1.7682050952385057e-05,8.690952130830331e-17,2.9471732184626825e-05
0.0,-4.971427179753861e-06,0.0,1.7614231493967307e-05,9.03513279872672e-17,2.9445946323269295e-05
0.0,-4.971427271279359e-06,0.0,1.7546415335219357e-05,9.229732552331607e-17,2.941983817726021e-05
0.0,-4.971427356047483e-06,0.0,1.7478604267043955e-05,9.077911249467982e-17,2.9393408548314924e-05
0.0,-4.971427434100932e-06,0.0,1.7410800070240854e-05,9.171737663226232e-17,2.936665824703059e-05
0.0,-4.971427505508135e-06,0.0,1.7343004517727236e-05,9.138397758234101e-17,2.93395880928029e-05
0.0,-4.971427570465872e-06,0.0,1.727521937209524e-05,9.185721359341818e-17,2.9312198914145287e-05
0.0,-4.971427629344703e-06,0.0,1.720744638805445e-05,9.013976122620474e-17,2.9284491548244812e-05
0.0,-4.971427682052076e-06,0.0,1.7139687310655506e-05,9.166963118286635e-17,2.9256466840670744e-05
0.0,-4.9714277286487495e-06,0.0,1.707194387584526e-05,8.940945782304207e-17,2.9228125646151722e-05
0.0,-4.9714277693550065e-06,0.0,1.700421781091084e-05,9.022214255979485e-17,2.9199468828214917e-05
0.0,-4.971427804340028e-06,0.0,1.6936510834701706e-05,8.909763037075696e-17,2.9170497258728077e-05
0.0,-4.971427833649151e-06,0.0,1.6868824656297373e-05,9.013817026474984e-17,2.9141211818454626e-05
0.0,-4.971427857167161e-06,0.0,1.680116097678377e-05,8.585443237846877e-17,2.9111613396373672e-05
0.0,-4.971427875463202e-06,0.0,1.6733521486921774e-05,8.603189251289815e-17,2.9081702890512658e-05
0.0,-4.971427888491375e-06,0.0,1.6665907870477882e-05,8.319291761225232e-17,2.9051481206975915e-05
0.0,-4.971427896381378e-06,0.0,1.659832180155967e-05,8.442319334039544e-17,2.902094926056918e-05
0.0,-4.971427898806936e-06,0.0,1.6530764945170892e-05,8.483175339089825e-17,2.899010797461917e-05
0.0,-4.9714278963104815e-06,0.0,1.6463238958099694e-05,8.454111479290846e-17,2.8958958280585e-05
0.0,-4.971427889083446e-06,0.0,1.639574548791939e-05,8.345977073233534e-17,2.8927501118502288e-05
0.0,-4.971427876695891e-06,0.0,1.632828617387662e-05,8.301948682514915e-17,2.889573743669171e-05
0.0,-4.971427859729739e-06,0.0,1.626086264633628e-05,8.016747099506627e-17,2.886366819162023e-05
0.0,-4.971427838261353e-06,0.0,1.6193476526448444e-05,7.987712765115882e-17,2.8831294348331295e-05
0.0,-4.971427811960506e-06,0.0,1.612612942748059e-05,7.942528401636286e-17,2.879861687943178e-05
0.0,-4.9714277814621025e-06,0.0,1.6058822953707436e-05,7.999624590551113e-17,2.876563676642424e-05
0.0,-4.971427746433251e-06,0.0,1.599155869996682e-05,8.027454506771976e-17,2.873235499870771e-05
0.0,-4.971427707489178e-06,0.0,1.5924338253769126e-05,8.263624884113485e-17,2.869877257328627e-05
0.0,-4.97142766399885e-06,0.0,1.5857163193076837e-05,8.287078427693549e-17,2.866489049585154e-05
0.0,-4.971427616692256e-06,0.0,1.579003508697068e-05,8.185178659454428e-17,2.863070977983893e-05
0.0,-4.9714275649874956e-06,0.0,1.5722955496870843e-05,8.280605609178241e-17,2.8596231446399957e-05
0.0,-4.971427509640783e-06,0.0,1.565592597431658e-05,8.287907102877367e-17,2.8561456525193218e-05
0.0,-4.971427450426285e-06,0.0,1.5588948063741706e-05,8.179157589849657e-17,2.8526386053107675e-05
0.0,-4.971427387087785e-06,0.0,1.5522023299032955e-05,8.07600502097059e-17,2.849102107513693e-05
0.0,-4.9714273206064175e-06,0.0,1.5455153207082685e-05,7.850662084584485e-17,2.8455362644171075e-05
0.0,-4.971427250261514e-06,0.0,1.5388339305457363e-05,7.931615400340286e-17,2.8419411820621977e-05
0.0,-4.971427176286498e-06,0.0,1.5321583103396837e-05,7.742579082584292e-17,2.838316967232615e-05
0.0,-4.971427098681676e-06,0.0,1.5254886100704064e-05,7.835874234154856e-17,2.834663727583537e-05
0.0,-4.971427017797428e-06,0.0,1.518824978974353e-05,8.070897234649669e-17,2.8309815714362775e-05
0.0,-4.97142693327071e-06,0.0,1.5121675653331816e-05,8.186549881064049e-17,2.827270607869881e-05
0.0,-4.97142684609629e-06,0.0,1.505516516629193e-05,8.187451096731082e-17,2.8235309467488748e-05
0.0,-4.971426755236328e-06,0.0,1.4988719794343044e-05,8.094228295089546e-17,2.8197626986594345e-05
0.0,-4.971426661199708e-06,0.0,1.4922340995321791e-05,7.991620083805007e-17,2.8159659749773845e-05
0.0,-4.9714265642252605e-06,0.0,1.4856030217516892e-05,7.905921419997869e-17,2.8121408877571734e-05
0.0,-4.971426464177281e-06,0.0,1.4789788901223482e-05,7.956809642977361e-17,2.8082875498345736e-05
0.0,-4.9714263610111425e-06,0.0,1.4723618477965949e-05,7.98363432699083e-17,2.8044060747142672e-05
0.0,-4.971426254968347e-06,0.0,1.4657520370942031e-05,7.707359576539734e-17,2.8004965766794832e-05
0.0,-4.971426145985311e-06,0.0,1.4591495993912588e-05,7.860276526872938e-17,2.796559170725383e-05
0.0,-4.971426034497738e-06,0.0,1.4525546753088985e-05,7.836678192429356e-17,2.7925939725437952e-05
0.0,-4.971425920188677e-06,0.0,1.445967404535672e-05,7.898359784015837e-17,2.788601098550971e-05
0.0,-4.971425803405393e-06,0.0,1.4393879259274646e-05,7.912354549917992e-17,2.7845806658404e-05
0.0,-4.971425683564719e-06,0.0,1.4328163774741878e-05,7.956455061003722e-17,2.78053279224526e-05
0.0,-4.9714255615451185e-06,0.0,1.4262528962664772e-05,8.017092961011486e-17,2.7764575962676394e-05
0.0,-4.971425436707432e-06,0.0,1.4196976186178105e-05,7.868141051633315e-17,2.7723551971035195e-05
0.0,-4.9714253094460846e-06,0.0,1.4131506799090825e-05,7.516444644437293e-17,2.7682257146441605e-05
0.0,-4.9714251796769855e-06,0.0,1.4066122146774183e-05,7.679785370965831e-17,2.7640692694289172e-05
0.0,-4.971425047791037e-06,0.0,1.4000823565939723e-05,7.515403438307374e-17,2.7598859827271176e-05
0.0,-4.971424913455294e-06,0.0,1.3935612385083343e-05,7.738794381922169e-17,2.7556759764242668e-05
0.0,-4.971424776870857e-06,0.0,1.3870489923042023e-05,7.651784092767384e-17,2.7514393731233534e-05
0.0,-4.971424637899867e-06,0.0,1.3805457491325284e-05,7.561899475729887e-17,2.7471762960421534e-05
0.0,-4.971424496843681e-06,0.0,1.374051639189475e-05,7.728815997203243e-17,2.7428868690840082e-05
0.0,-4.971424353586127e-06,0.0,1.3675667917830272e-05,7.623232475113134e-17,2.73857121677815e-05
0.0,-4.971424208548602e-06,0.0,1.361091335477323e-05,7.575653347241883e-17,2.7342294643213335e-05
0.0,-4.971424060883019e-06,0.0,1.3546253978706066e-05,7.78900238952004e-17,2.7298617375500832e-05
0.0,-4.9714239114733216e-06,0.0,1.3481691056951514e-05,7.722651891465144e-17,2.725468162926813e-05
0.0,-4.971423760202178e-06,0.0,1.3417225848949735e-05,7.569990364118789e-17,2.7210488675148465e-05
0.0,-4.9714236072010095e-06,0.0,1.3352859604259915e-05,7.586941884109299e-17,2.7166039790755638e-05
0.0,-4.971423451867172e-06,0.0,1.3288593565335826e-05,7.571529602643394e-17,2.7121336259199067e-05
0.0,-4.971423294616581e-06,0.0,1.3224428964195171e-05,7.286249910131323e-17,2.7076379370194018e-05
0.0,-4.971423135642702e-06,0.0,1.3160367025639211e-05,7.229079692250661e-17,2.7031170419076284e-05
0.0,-4.971422974985e-06,0.0,1.3096408964699263e-05,7.400523372803815e-17,2.6985710707967914e-05
0.0,-4.971422812517235e-06,0.0,1.303255598863509e-05,7.763132611081292e-17,2.6940001543973113e-05
0.0,-4.971422648051499e-06,0.0,1.2968809295491624e-05,8.2037957267289e-17,2.6894044241218264e-05
0.0,-4.971422482238519e-06,0.0,1.2905170074321013e-05,8.124964120150972e-17,2.684784011893679e-05
0.0,-4.971422314934997e-06,0.0,1.2841639506181801e-05,8.205436586383532e-17,2.680139050223245e-05
0.0,-4.971422145697634e-06,0.0,1.2778218763028716e-05,8.441322187099063e-17,2.6754696722495664e-05
0.0,-4.9714219747366085e-06,0.0,1.2714909008267793e-05,8.590227088614125e-17,2.6707760116404305e-05
0.0,-4.9714218024369805e-06,0.0,1.265171139631227e-05,8.512606078240823e-17,2.6660582026444115e-05
0.0,-4.971421628626677e-06,0.0,1.2588627072915666e-05,8.575136675656659e-17,2.6613163800561782e-05
0.0,-4.971421453398748e-06,0.0,1.2525657174727676e-05,8.525627642742331e-17,2.6565506792747786e-05
0.0,-4.971421276898181e-06,0.0,1.2462802830959515e-05,8.24908350111177e-17,2.651761236187067e-05
0.0,-4.971421098638291e-06,0.0,1.2400065160386316e-05,8.077665630654766e-17,2.646948187269706e-05
0.0,-4.971420919042825e-06,0.0,1.2337445274455759e-05,7.912800554058121e-17,2.6421116695301852e-05
0.0,-4.97142073776493e-06,0.0,1.2274944275178631e-05,7.935474622089585e-17,2.6372518204853124e-05
0.0,-4.971420555494164e-06,0.0,1.2212563255683962e-05,8.046392119218398e-17,2.6323687781972934e-05
0.0,-4.971420371737525e-06,0.0,1.2150303300552068e-05,7.984694890081732e-17,2.6274626812834485e-05
0.0,-4.971420186851659e-06,0.0,1.2088165485703542e-05,7.966379867626044e-17,2.6225336688301686e-05
0.0,-4.971420000402502e-06,0.0,1.2026150878177197e-05,8.112919649837936e-17,2.617581880459531e-05
0.0,-4.971419813073588e-06,0.0,1.1964260535908046e-05,8.08879948355289e-17,2.612607456292519e-05
0.0,-4.971419624291724e-06,0.0,1.1902495509059538e-05,8.048052430813983e-17,2.6076105369691504e-05
0.0,-4.971419434338314e-06,0.0,1.1840856837581091e-05,8.169179519504085e-17,2.602591263617247e-05
0.0,-4.9714192434480855e-06,0.0,1.1779345553317507e-05,7.838286656559024e-17,2.5975497778475816e-05
0.0,-4.971419051121388e-06,0.0,1.1717962680453052e-05,7.749999678578235e-17,2.5924862217386085e-05
0.0,-4.971418857622326e-06,0.0,1.1656709232180807e-05,7.752071481648302e-17,2.58740073791349e-05
0.0,-4.971418663056466e-06,0.0,1.1595586214810476e-05,7.556875151829057e-17,2.5822934693749457e-05
0.0,-4.971418467730056e-06,0.0,1.1534594624215689e-05,7.607549407783392e-17,2.5771645596849737e-05
0.0,-4.971418270946293e-06,0.0,1.1473735449386682e-05,7.540970507631187e-17,2.5720141527906823e-05
0.0,-4.971418073421703e-06,0.0,1.1413009668655583e-05,7.532758733664283e-17,2.5668423931637626e-05
0.0,-4.971417874698185e-06,0.0,1.1352418252249894e-05,7.760774141323756e-17,2.5616494256672614e-05
0.0,-4.97141767485316e-06,0.0,1.1291962162181477e-05,7.766298116734944e-17,2.5564353956693793e-05
0.0,-4.971417474399816e-06,0.0,1.1231642350803272e-05,7.766135473994203e-17,2.5512004489151007e-05
0.0,-4.971417272883825e-06,0.0,1.1171459762030525e-05,7.69072534824636e-17,2.5459447316399926e-05
0.0,-4.971417070131919e-06,0.0,1.1111415330896708e-05,7.597379597770951e-17,2.540668390470977e-05
0.0,-4.971416866577444e-06,0.0,1.1051509983664554e-05,7.480445455245773e-17,2.5353715724610268e-05
0.0,-4.971416662281826e-06,0.0,1.099174463793706e-05,7.472232422463957e-17,2.530054425114145e-05
0.0,-4.971416457120628e-06,0.0,1.0932120201547264e-05,7.410275918556283e-17,2.5247170962951594e-05
0.0,-4.971416250965845e-06,0.0,1.0872637575222795e-05,7.215550061054013e-17,2.5193597343081314e-05
0.0,-4.9714160438472416e-06,0.0,1.081329764925519e-05,7.26084866804588e-17,2.5139824878588873e-05
0.0,-4.971415835993094e-06,0.0,1.075410130605342e-05,7.082638759717624e-17,2.5085855060328133e-05
0.0,-4.971415627369412e-06,0.0,1.069504941892263e-05,7.039989663748058e-17,2.5031689382983233e-05
0.0,-4.971415417916829e-06,0.0,1.0636142851953127e-05,7.1983327596736e-17,2.4977329345408623e-05
0.0,-4.971415207791859e-06,0.0,1.0577382461130597e-05,7.250231871694083e-17,2.4922776449754745e-05
0.0,-4.971414996992547e-06,0.0,1.0518769093114862e-05,7.317919315994978e-17,2.4868032202189682e-05
0.0,-4.971414785192324e-06,0.0,1.0460303585683971e-05,7.044516350226836e-17,2.4813098112482827e-05
0.0,-4.971414572610444e-06,0.0,1.04019867682893e-05,6.923531944657379e-17,2.4757975694088146e-05
0.0,-4.971414359449946e-06,0.0,1.0343819461167403e-05,6.851751768655513e-17,2.4702666463776414e-05
0.0,-4.97141414539579e-06,0.0,1.0285802476006102e-05,6.940426032526754e-17,2.464717194182258e-05
0.0,-4.971413930992643e-06,0.0,1.0227936615389419e-05,6.642785739531502e-17,2.4591493652102888e-05
0.0,-4.971413715510708e-06,0.0,1.0170222673019581e-05,6.72248315337297e-17,2.4535633121907553e-05
0.0,-4.971413499377177e-06,0.0,1.0112661433717053e-05,6.534634467373628e-17,2.4479591881649304e-05
0.0,-4.9714132832168976e-06,0.0,1.0055253674530752e-05,6.246169962892424e-17,2.4423371464800946e-05
0.0,-4.971413065743541e-06,0.0,9.998000161962457e-06,6.068199542595301e-17,2.436697340871415e-05
0.0,-4.971412847989378e-06,0.0,9.940901655297535e-06,6.018670812263926e-17,2.4310399252961054e-05
0.0,-4.971412629766678e-06,0.0,9.88395890382934e-06,5.70806140198544e-17,2.425365054077062e-05
0.0,-4.971412410384954e-06,0.0,9.827172649412732e-06,5.4131072378908257e-17,2.41967288186331e-05
0.0,-4.971412190775241e-06,0.0,9.77054362335548e-06,5.224029153953168e-17,2.4139635634988604e-05
0.0,-4.971411970688279e-06,0.0,9.714072549415826e-06,5.303541773700215e-17,2.408237254246836e-05
0.0,-4.971411749859146e-06,0.0,9.657760142359218e-06,5.372039270663804e-17,2.402494109568814e-05
0.0,-4.971411528599288e-06,0.0,9.60160710762524e-06,5.4542578710281025e-17,2.3967342851997653e-05
0.0,-4.971411306652712e-06,0.0,9.545614142770895e-06,5.594918073571845e-17,2.3909579372021798e-05
0.0,-4.9714110841849695e-06,0.0,9.48978193602732e-06,5.585499366838373e-17,2.385165221864757e-05
0.0,-4.971410861343814e-06,0.0,9.434111166521838e-06,5.63524735824397e-17,2.379356295760693e-05
0.0,-4.971410637574882e-06,0.0,9.37860250516611e-06,5.747675446229283e-17,2.3735313156880075e-05
0.0,-4.971410413955773e-06,0.0,9.323256613545954e-06,5.898090668601226e-17,2.367690438725746e-05
0.0,-4.971410189306327e-06,0.0,9.268074146030717e-06,5.94380015320316e-17,2.36183382216043e-05
0.0,-4.971409964485013e-06,0.0,9.213055746109593e-06,6.078200328121868e-17,2.3559616235630777e-05
0.0,-4.97140973914276e-06,0.0,9.15820204994429e-06,6.192890608418526e-17,2.3500740006996922e-05
0.0,-4.971409513292348e-06,0.0,9.103513684259634e-06,6.344217522425859e-17,2.3441711115944058e-05
0.0,-4.971409286675157e-06,0.0,9.048991267897871e-06,6.378052702266515e-17,2.3382531144399683e-05
0.0,-4.971409059879222e-06,0.0,8.994635410042317e-06,6.423686328266747e-17,2.3323201676817065e-05
0.0,-4.971408832837804e-06,0.0,8.940446711549617e-06,6.397881003575894e-17,2.3263724299599332e-05
0.0,-4.971408604933782e-06,0.0,8.886425764727696e-06,6.461583194682183e-17,2.3204100601238244e-05
0.0,-4.971408376952421e-06,0.0,8.832573153002716e-06,6.296185026447386e-17,2.3144332172404377e-05
0.0,-4.971408148428433e-06,0.0,8.778889451030069e-06,6.185051515979912e-17,2.3084420605249805e-05
0.0,-4.971407919710001e-06,0.0,8.725375225138482e-06,6.420778605422774e-17,2.3024367493817456e-05
0.0,-4.971407690270271e-06,0.0,8.6720310327749e-06,6.497159157790069e-17,2.2964174434304815e-05
0.0,-4.971407460654132e-06,0.0,8.618857422837562e-06,6.57253106415977e-17,2.2903843024238183e-05
0.0,-4.971407230652454e-06,0.0,8.565854935120882e-06,6.673675488130303e-17,2.284337486327065e-05
0.0,-4.971407000145804e-06,0.0,8.513024101647705e-06,6.561196679819257e-17,2.2782771552203728e-05
0.0,-4.971406769425838e-06,0.0,8.460365444892975e-06,6.462635898130279e-17,2.2722034693681207e-05
0.0,-4.971406538285781e-06,0.0,8.407879479115983e-06,6.487355616561427e-17,2.2661165891641016e-05
0.0,-4.971406307065478e-06,0.0,8.355566710582421e-06,6.4791404994737e-17,2.2600166751686437e-05
0.0,-4.971406075265377e-06,0.0,8.303427636010063e-06,6.567413618669757e-17,2.2539038880593442e-05
0.0,-4.97140584318376e-06,0.0,8.25146274401206e-06,6.7616291853232e-17,2.247778388655704e-05
0.0,-4.971405610809412e-06,0.0,8.199672514541826e-06,6.903581516258842e-17,2.2416403379215535e-05
0.0,-4.971405377752854e-06,0.0,8.148057419226103e-06,6.74092613676466e-17,2.235489896910585e-05
0.0,-4.9714051445248745e-06,0.0,8.096617920698833e-06,6.697524154533836e-17,2.2293272267975765e-05
0.0,-4.971404911223733e-06,0.0,8.045354473711382e-06,6.680145665316842e-17,2.2231524888815136e-05
0.0,-4.971404677666954e-06,0.0,7.994267523245147e-06,6.717977776080514e-17,2.2169658445519375e-05
0.0,-4.971404443622366e-06,0.0,7.943357507953258e-06,6.549765993143932e-17,2.2107674553073315e-05
0.0,-4.971404209388167e-06,0.0,7.892624855941732e-06,6.473695746071413e-17,2.2045574827166115e-05
0.0,-4.971403974739006e-06,0.0,7.842069987767066e-06,6.468820511598156e-17,2.19833608845937e-05
0.0,-4.971403739779849e-06,0.0,7.791693315548067e-06,6.288099027915504e-17,2.1921034342852847e-05
0.0,-4.971403504606866e-06,0.0,7.741495242632786e-06,6.116191227190071e-17,2.1858596820061392e-05
0.0,-4.971403269275928e-06,0.0,7.691476164042601e-06,6.031882232422917e-17,2.179604993538149e-05
0.0,-4.971403033544353e-06,0.0,7.6416364669163e-06,5.881955189850516e-17,2.1733395308235517e-05
0.0,-4.9714027977457425e-06,0.0,7.591976529399879e-06,5.95241027481224e-17,2.1670634558531606e-05
0.0,-4.971402561362517e-06,0.0,7.5424967213126505e-06,5.870909888756799e-17,2.1607769307208332e-05
0.0,-4.971402324844501e-06,0.0,7.493197404813398e-06,5.877456480867858e-17,2.1544801175075917e-05
0.0,-4.971402088009127e-06,0.0,7.444078932401963e-06,6.00035984541805e-17,2.148173178383279e-05
0.0,-4.9714018509641404e-06,0.0,7.39514164958378e-06,5.990067173657675e-17,2.1418562755302292e-05
0.0,-4.971401613871679e-06,0.0,7.346385892982504e-06,6.114769974111864e-17,2.1355295711141254e-05
0.0,-4.971401376197967e-06,0.0,7.297811990784091e-06,5.999623530839142e-17,2.1291932274422072e-05
0.0,-4.971401138791648e-06,0.0,7.2494202628478355e-06,6.174821784461324e-17,2.122847406723876e-05
0.0,-4.971400900905569e-06,0.0,7.201211021816566e-06,6.018897874096647e-17,2.116492271217283e-05
0.0,-4.9714006628677976e-06,0.0,7.153184570896227e-06,5.940718428975288e-17,2.110127983197059e-05
0.0,-4.971400424553046e-06,0.0,7.105341205521199e-06,5.752916956091827e-17,2.1037547049357574e-05
0.0,-4.971400185998148e-06,0.0,7.057681213132256e-06,5.648498902273142e-17,2.0973725986960446e-05
0.0,-4.971399947300119e-06,0.0,7.010204872510434e-06,5.797418782680152e-17,2.0909818267133538e-05
0.0,-4.9713997085687315e-06,0.0,6.96291245477623e-06,5.987466167829041e-17,2.0845825512293656e-05
0.0,-4.971399469404075e-06,0.0,6.91580422327857e-06,5.998305482777725e-17,2.078174934448813e-05
0.0,-4.971399230161684e-06,0.0,6.868880432373589e-06,5.832721577617261e-17,2.07175913855093e-05
0.0,-4.9713989908673765e-06,0.0,6.822141328090737e-06,5.973812574661149e-17,2.0653353257048925e-05
0.0,-4.971398751151584e-06,0.0,6.775587150020169e-06,6.229968115091518e-17,2.0589036579953956e-05
0.0,-4.971398511174504e-06,0.0,6.729218128426171e-06,6.174101891341619e-17,2.0524642975047095e-05
0.0,-4.971398271558778e-06,0.0,6.683034485024313e-06,6.237580450033716e-17,2.0460174062304504e-05
0.0,-4.971398031374977e-06,0.0,6.637036435534947e-06,6.277940360713008e-17,2.0395631461332883e-05
0.0,-4.971397791093387e-06,0.0,6.591224186352561e-06,6.355030758282686e-17,2.0331016791199442e-05
0.0,-4.971397550824704e-06,0.0,6.54559793565599e-06,6.323445481711274e-17,2.026633166991323e-05
0.0,-4.971397310059839e-06,0.0,6.500157874185565e-06,6.080850203191937e-17,2.020157771527689e-05
0.0,-4.971397069620804e-06,0.0,6.4549041852431316e-06,6.139575509604588e-17,2.0136756543761684e-05
0.0,-4.971396828738984e-06,0.0,6.409837043359761e-06,6.268504691413612e-17,2.007186977156827e-05
0.0,-4.971396587627799e-06,0.0,6.364956615961102e-06,6.22318417956964e-17,2.000691901356593e-05
0.0,-4.971396346451607e-06,0.0,6.320263062035105e-06,6.217859219461389e-17,1.994190588391706e-05
0.0,-4.97139610484034e-06,0.0,6.275756533131218e-06,6.281500043622765e-17,1.987683199553335e-05
0.0,-4.971395863262383e-06,0.0,6.23143717324938e-06,6.130387920320929e-17,1.9811698960559757e-05
0.0,-4.971395621543848e-06,0.0,6.187305118173869e-06,6.201663703263162e-17,1.9746508389795977e-05
0.0,-4.971395379837928e-06,0.0,6.143360496250469e-06,6.09362675073792e-17,1.9681261892947108e-05
0.0,-4.971395138013429e-06,0.0,6.099603427387265e-06,6.279678409605878e-17,1.9615961078475356e-05
0.0,-4.971394896023889e-06,0.0,6.0560340251640646e-06,6.181349319255516e-17,1.9550607553609545e-05
0.0,-4.9713946537126016e-06,0.0,6.012652394945025e-06,6.202172472721627e-17,1.948520292438719e-05
0.0,-4.971394411402297e-06,0.0,5.969458633656608e-06,6.15094568509241e-17,1.9419748795193522e-05
0.0,-4.971394168849118e-06,0.0,5.92645283223006e-06,6.107888328521802e-17,1.9354246768869002e-05
0.0,-4.971393926219386e-06,0.0,5.883635072714847e-06,6.14685738574677e-17,1.9288698447372765e-05
0.0,-4.9713936836582086e-06,0.0,5.84100542961091e-06,6.08188175983771e-17,1.92231054305733e-05
0.0,-4.971393440711871e-06,0.0,5.798563970867871e-06,6.137061397851004e-17,1.9157469316692035e-05
0.0,-4.971393197862253e-06,0.0,5.7563107566637874e-06,6.044760284963251e-17,1.9091791702671016e-05
0.0,-4.9713929547933014e-06,0.0,5.714245838961061e-06,6.032226140825654e-17,1.9026074183429077e-05
0.0,-4.9713927116775254e-06,0.0,5.672369263504842e-06,6.04079452713455e-17,1.8960318352443916e-05
0.0,-4.971392468582316e-06,0.0,5.63068106760258e-06,6.029178186687036e-17,1.8894525800905832e-05
0.0,-4.97139222517604e-06,0.0,5.58918128190038e-06,6.003755593240044e-17,1.8828698118806348e-05
0.0,-4.971391981501159e-06,0.0,5.547869929383804e-06,5.912203989942296e-17,1.8762836893656562e-05
0.0,-4.971391737967022e-06,0.0,5.506747025710943e-06,5.996375060663838e-17,1.8696943711146343e-05
0.0,-4.971391494469343e-06,0.0,5.465812579212406e-06,6.054284031067832e-17,1.8631020154847926e-05
0.0,-4.971391250692761e-06,0.0,5.4250665917794986e-06,5.994129087687156e-17,1.8565067806586246e-05
0.0,-4.971391006828138e-06,0.0,5.384509056865834e-06,6.00662469543897e-17,1.8499088245918558e-05
0.0,-4.971390762902405e-06,0.0,5.344139961485724e-06,5.835473642801653e-17,1.8433083049927976e-05
0.0,-4.971390518600889e-06,0.0,5.30395928577009e-06,5.849583404912358e-17,1.836705379396204e-05
0.0,-4.971390274573992e-06,0.0,5.263967001856247e-06,5.701806335329266e-17,1.830100205047479e-05
0.0,-4.971390030325392e-06,0.0,5.224163075997317e-06,5.712789719559986e-17,1.8234929390274903e-05
0.0,-4.971389786018601e-06,0.0,5.184547466008722e-06,5.597868871931202e-17,1.816883738134433e-05
0.0,-4.97138954160487e-06,0.0,5.145120123932719e-06,5.410783997854614e-17,1.8102727589187e-05
0.0,-4.9713892970228495e-06,0.0,5.105880993928977e-06,5.62061432460893e-17,1.8036601577308453e-05
0.0,-4.971389052532291e-06,0.0,5.066830013717864e-06,5.681662298263429e-17,1.797046090594429e-05
0.0,-4.971388807949483e-06,0.0,5.0279671142473776e-06,5.579496162391818e-17,1.7904307133361217e-05
0.0,-4.9713885631345085e-06,0.0,4.9892922191380415e-06,5.653486233625091e-17,1.783814181497148e-05
0.0,-4.9713883179955765e-06,0.0,4.9508052454600545e-06,5.527717947622187e-17,1.777196650351412e-05
0.0,-4.97138807334634e-06,0.0,4.912506103067165e-06,5.455115295507385e-17,1.770578274876703e-05
0.0,-4.971387828436753e-06,0.0,4.874394695484833e-06,5.3732804745023e-17,1.7639592098058685e-05
0.0,-4.971387583335838e-06,0.0,4.836470919910246e-06,5.3114320105484114e-17,1.757339609590733e-05
0.0,-4.971387338042139e-06,0.0,4.798734665657998e-06,5.249007746735235e-17,1.750719628350056e-05
0.0,-4.971387092777254e-06,0.0,4.761185816269522e-06,5.310135034862112e-17,1.7440994199602563e-05
0.0,-4.9713868474389145e-06,0.0,4.723824248402856e-06,5.2487116126334755e-17,1.737479137951332e-05
0.0,-4.971386602141526e-06,0.0,4.68664983194367e-06,5.1966846502681994e-17,1.7308589355984504e-05
0.0,-4.971386356946013e-06,0.0,4.649662430560381e-06,5.106984317498769e-17,1.7242389658294897e-05
0.0,-4.971386111397999e-06,0.0,4.612861901260052e-06,5.084753395997806e-17,1.7176193812982434e-05
0.0,-4.971385865693877e-06,0.0,4.5762480943884075e-06,5.138392670486232e-17,1.7110003342971628e-05
0.0,-4.971385620341607e-06,0.0,4.539820853740851e-06,5.215485480635184e-17,1.7043819768088805e-05
0.0,-4.97138537459982e-06,0.0,4.503580017561649e-06,5.3308005525030824e-17,1.6977644605067288e-05
0.0,-4.971385129036207e-06,0.0,4.4675254166565825e-06,5.241382852648928e-17,1.69114793674225e-05
0.0,-4.971384883285232e-06,0.0,4.431656875614161e-06,5.1758876749648924e-17,1.68453255648136e-05
0.0,-4.971384637427294e-06,0.0,4.395974213915867e-06,5.183340227312681e-17,1.6779184703706123e-05
0.0,-4.971384391663954e-06,0.0,4.36047724304957e-06,5.344884556748925e-17,1.671305828742231e-05
0.0,-4.971384145591297e-06,0.0,4.325165769396096e-06,5.582330635906092e-17,1.66469478153466e-05
0.0,-4.971383899512907e-06,0.0,4.290039592896978e-06,5.638358587700883e-17,1.658085478344603e-05
0.0,-4.971383653403806e-06,0.0,4.255098507054444e-06,5.626744855789513e-17,1.651478068411413e-05
0.0,-4.9713834074600355e-06,0.0,4.220342299819598e-06,5.733199781504582e-17,1.6448727006226422e-05
0.0,-4.971383161109836e-06,0.0,4.185770752926278e-06,5.953527946192753e-17,1.6382695234450003e-05
0.0,-4.971382915054127e-06,0.0,4.151383641113922e-06,6.057970844737158e-17,1.6316686850385e-05
0.0,-4.971382669147855e-06,0.0,4.117180734459013e-06,5.885961493057877e-17,1.6250703331520257e-05
0.0,-4.971382422750266e-06,0.0,4.0831617963766815e-06,5.751886734979896e-17,1.6184746151306194e-05
0.0,-4.9713821765483345e-06,0.0,4.049326584730946e-06,5.913865041675668e-17,1.6118816779755024e-05
0.0,-4.971381930097346e-06,0.0,4.015674851057531e-06,5.953973783002856e-17,1.6052916682535233e-05
0.0,-4.971381683939678e-06,0.0,3.9822063412300285e-06,5.807598400184163e-17,1.598704732170709e-05
0.0,-4.9713814373882645e-06,0.0,3.9489207953488435e-06,5.728565989912072e-17,1.5921210155112038e-05
0.0,-4.971381190703154e-06,0.0,3.915817947963268e-06,5.704952905129115e-17,1.5855406636584315e-05
0.0,-4.971380944295993e-06,0.0,3.882897527849422e-06,5.575188973718322e-17,1.5789638215583203e-05
0.0,-4.971380697436916e-06,0.0,3.850159257677184e-06,5.4977790979379355e-17,1.5723906338029165e-05
0.0,-4.971380451087888e-06,0.0,3.817602854343272e-06,5.515077248544135e-17,1.565821244500627e-05
0.0,-4.971380204396318e-06,0.0,3.785228030192466e-06,5.480611617979671e-17,1.5592557973959147e-05
0.0,-4.971379957867357e-06,0.0,3.7530344914633183e-06,5.515818119036231e-17,1.5526944357395414e-05
0.0,-4.971379710871816e-06,0.0,3.7210219385101825e-06,5.385362530339397e-17,1.5461373024252647e-05
0.0,-4.971379464249339e-06,0.0,3.6891900663583376e-06,5.331593259228557e-17,1.5395845398160182e-05
0.0,-4.971379217337907e-06,0.0,3.657538565259086e-06,5.294846544944047e-17,1.5330362899319553e-05
0.0,-4.9713789703918985e-06,0.0,3.626067119246474e-06,5.534144370215316e-17,1.526492694301263e-05
0.0,-4.971378723525445e-06,0.0,3.594775407025467e-06,5.561676628244257e-17,1.5199538940004076e-05
0.0,-4.9713784764882914e-06,0.0,3.563663102638077e-06,5.453560896312487e-17,1.5134200296600333e-05
0.0,-4.971378229550565e-06,0.0,3.532729874353151e-06,5.436504170739032e-17,1.5068912414417158e-05
0.0,-4.971377982824118e-06,0.0,3.501975385221476e-06,5.572347479886151e-17,1.5003676690632902e-05
0.0,-4.971377735772638e-06,0.0,3.4713992935198603e-06,5.53118916064547e-17,1.4938494517686664e-05
0.0,-4.971377488778083e-06,0.0,3.441001252196039e-06,5.461451803597181e-17,1.4873367283240125e-05
0.0,-4.971377241734056e-06,0.0,3.4107809090907063e-06,5.469223009303002e-17,1.480829637032327e-05
0.0,-4.971376994606344e-06,0.0,3.3807379063824063e-06,5.598006627383722e-17,1.4743283157143562e-05
0.0,-4.971376747516276e-06,0.0,3.350871882252871e-06,5.685481863340216e-17,1.4678329017165745e-05
0.0,-4.971376500307466e-06,0.0,3.3211824688886117e-06,5.664107166872557e-17,1.461343531888633e-05
0.0,-4.971376253306908e-06,0.0,3.2916692950344415e-06,5.901253832028329e-17,1.4548603425854398e-05
0.0,-4.971376006096045e-06,0.0,3.262331982773816e-06,5.831234919258893e-17,1.448383469676183e-05
0.0,-4.971375758727843e-06,0.0,3.2331701503044043e-06,5.5276520738774345e-17,1.441913048542941e-05
0.0,-4.97137551156065e-06,0.0,3.204183411271947e-06,5.320531424450822e-17,1.4354492140432124e-05
0.0,-4.9713752643835505e-06,0.0,3.1753713739930995e-06,5.365173162657671e-17,1.4289921005265708e-05
0.0,-4.971375017164794e-06,0.0,3.1467336422325916e-06,5.412762159334593e-17,1.4225418418610317e-05
0.0,-4.971374769474746e-06,0.0,3.118269815425268e-06,5.4345461474031556e-17,1.416098571388643e-05
0.0,-4.971374522271111e-06,0.0,3.089979487565875e-06,5.407306272132407e-17,1.4096624219102204e-05
0.0,-4.971374275160414e-06,0.0,3.061862249096426e-06,5.4595040446101675e-17,1.40323352571796e-05
0.0,-4.971374027780467e-06,0.0,3.033917685240871e-06,5.46886610823554e-17,1.3968120146231931e-05
0.0,-4.971373780383843e-06,0.0,3.006145377115328e-06,5.4907782204506307e-17,1.3903980198259362e-05
0.0,-4.97137353279059e-06,0.0,2.9785449008398922e-06,5.3632709381929774e-17,1.3839916720668518e-05
0.0,-4.971373285297086e-06,0.0,2.9511158289819384e-06,5.55797955011582e-17,1.3775931014856952e-05
0.0,-4.971373037790227e-06,0.0,2.9238577287797527e-06,5.5125794124161375e-17,1.3712024377656439e-05
0.0,-4.971372790328308e-06,0.0,2.896770163585828e-06,5.498860064406133e-17,1.3648198099438651e-05
0.0,-4.971372542816681e-06,0.0,2.869852693421975e-06,5.470934825951013e-17,1.3584453465898458e-05
0.0,-4.971372295339034e-06,0.0,2.843104871981719e-06,5.436659382146639e-17,1.3520791757006154e-05
0.0,-4.9713720479860254e-06,0.0,2.8165262510711932e-06,5.530027492072057e-17,1.3457214246813162e-05
0.0,-4.971371800446422e-06,0.0,2.790116376723355e-06,5.528977761867389e-17,1.3393722204284711e-05
0.0,-4.97137155278941e-06,0.0,2.7638747914184364e-06,5.537822659445244e-17,1.3330316892654515e-05
0.0,-4.971371305014685e-06,0.0,2.737801034194962e-06,5.703446648428461e-17,1.3266999569119454e-05
0.0,-4.971371057254672e-06,0.0,2.7118946386513523e-06,5.679395014886267e-17,1.3203771485616743e-05
0.0,-4.971370809757415e-06,0.0,2.6861551356104564e-06,5.673531947942545e-17,1.3140633888352074e-05
0.0,-4.9713705621457525e-06,0.0,2.6605820521203457e-06,5.729417355012097e-17,1.3077588017459625e-05
0.0,-4.971370314545688e-06,0.0,2.6351749104551227e-06,5.570426260867118e-17,1.301463510746001e-05
0.0,-4.971370066759383e-06,0.0,2.609933229558203e-06,5.61193688305556e-17,1.2951776387183964e-05
0.0,-4.971369819187134e-06,0.0,2.584856524931301e-06,5.5362308687032264e-17,1.288901307930743e-05
0.0,-4.9713695714344985e-06,0.0,2.559944307746242e-06,5.5451608587470544e-17,1.2826346400913615e-05
0.0,-4.97136932334155e-06,0.0,2.5351960854000774e-06,5.562694879243678e-17,1.276377756272277e-05
0.0,-4.9713690754456995e-06,0.0,2.510611362736338e-06,5.579479314699782e-17,1.2701307769869337e-05
0.0,-4.971368827675812e-06,0.0,2.486189639158442e-06,5.601926487215676e-17,1.2638938221603596e-05
0.0,-4.971368580088616e-06,0.0,2.4619304125154813e-06,5.669410482745459e-17,1.2576670110674088e-05
0.0,-4.97136833217314e-06,0.0,2.437833175993591e-06,5.618094308283377e-17,1.2514504623931297e-05
0.0,-4.971368084477483e-06,0.0,2.413897419337209e-06,5.590484749730986e-17,1.2452442942501139e-05
0.0,-4.971367836271406e-06,0.0,2.3901226294041686e-06,5.476708253559807e-17,1.2390486241132687e-05
0.0,-4.971367588435914e-06,0.0,2.3665082890554934e-06,5.4762748368334007e-17,1.2328635688066342e-05
0.0,-4.97136734060049e-06,0.0,2.343053878820719e-06,5.4103889485840574e-17,1.2266892445838742e-05
0.0,-4.971367092771062e-06,0.0,2.319758874677451e-06,5.469570810717965e-17,1.2205257670519488e-05
0.0,-4.97136684490844e-06,0.0,2.2966227499387437e-06,5.4262836085251676e-17,1.214373251223155e-05
0.0,-4.971366596922189e-06,0.0,2.27364497514208e-06,5.4199439849806505e-17,1.2082318114318611e-05
0.0,-4.9713663488568e-06,0.0,2.2508250170501678e-06,5.325466908014233e-17,1.2021015614288753e-05
0.0,-4.971366100788971e-06,0.0,2.228162339872187e-06,5.426409700842608e-17,1.1959826143009541e-05
0.0,-4.9713658528184885e-06,0.0,2.2056564039315214e-06,5.298898706778997e-17,1.1898750825103546e-05
0.0,-4.971365605159829e-06,0.0,2.1833066681082487e-06,5.1825424800970844e-17,1.1837790778643026e-05
0.0,-4.97136535707176e-06,0.0,2.1611125860643792e-06,5.127204342938826e-17,1.1776947115753623e-05
0.0,-4.971365108943315e-06,0.0,2.1390736111288435e-06,5.026849709526949e-17,1.171622094119187e-05
0.0,-4.971364861024308e-06,0.0,2.117189191634555e-06,4.9877826123410116e-17,1.1655613354100751e-05
0.0,-4.971364613068927e-06,0.0,2.09545877424907e-06,4.9183645945226746e-17,1.1595125446767623e-05
0.0,-4.971364364935059e-06,0.0,2.073881801865174e-06,4.7920694363780225e-17,1.1534758304790764e-05
0.0,-4.971364116850528e-06,0.0,2.052457715710303e-06,4.864512630637168e-17,1.1474513007565079e-05
0.0,-4.9713638690882164e-06,0.0,2.0311859541252946e-06,4.744108061053095e-17,1.141439062749108e-05
0.0,-4.971363620929453e-06,0.0,2.0100659523423434e-06,4.744881944929746e-17,1.1354392230627136e-05
0.0,-4.9713633729593115e-06,0.0,1.989097143151141e-06,4.7955520017749456e-17,1.1294518875967826e-05
0.0,-4.971363124856059e-06,0.0,1.9682789573429578e-06,4.6545943707406666e-17,1.1234771616429268e-05
0.0,-4.971362876872473e-06,0.0,1.9476108221563363e-06,4.542273364205073e-17,1.1175151497738888e-05
0.0,-4.971362628842362e-06,0.0,1.9270921633865107e-06,4.424760156253754e-17,1.11156595591085e-05
0.0,-4.971362380694108e-06,0.0,1.9067224038310958e-06,4.3895264352844347e-17,1.1056296832790212e-05
0.0,-4.971362132617773e-06,0.0,1.886500964067246e-06,4.3137250744207975e-17,1.0997064344652355e-05
0.0,-4.971361884622088e-06,0.0,1.866427261785516e-06,4.4378563612955934e-17,1.0937963113208042e-05
0.0,-4.971361636428742e-06,0.0,1.8465007136772437e-06,4.480356816916626e-17,1.0878994150503337e-05
0.0,-4.971361388099802e-06,0.0,1.8267207333251253e-06,4.409851244683545e-17,1.0820158461652357e-05
0.0,-4.9713611399086894e-06,0.0,1.8070867325354853e-06,4.3389933277340196e-17,1.0761457044767881e-05
0.0,-4.971360891829558e-06,0.0,1.787598120228049e-06,4.2917935450205894e-17,1.0702890891169516e-05
0.0,-4.971360643685756e-06,0.0,1.7682543037682115e-06,4.40330916478765e-17,1.0644460985002058e-05
0.0,-4.971360395591486e-06,0.0,1.7490546886339733e-06,4.337421967720616e-17,1.0586168303887745e-05
0.0,-4.971360147570102e-06,0.0,1.729998677416737e-06,4.347343408202531e-17,1.0528013818135235e-05
0.0,-4.9713598992524335e-06,0.0,1.7110856720417514e-06,4.293844164052187e-17,1.046999849094775e-05
0.0,-4.9713596511146576e-06,0.0,1.6923150717697181e-06,4.2943735062591337e-17,1.0412123278832493e-05
0.0,-4.9713594029089615e-06,0.0,1.6736862736408702e-06,4.2177040736281913e-17,1.0354389131024711e-05
0.0,-4.971359154797702e-06,0.0,1.6551986735852026e-06,4.2801271250536616e-17,1.0296796989494631e-05
0.0,-4.971358906394765e-06,0.0,1.6368516653122444e-06,4.232421316913664e-17,1.0239347789682985e-05
0.0,-4.9713586581885615e-06,0.0,1.6186446409771978e-06,4.3608364984547256e-17,1.0182042459175681e-05
0.0,-4.9713584100145e-06,0.0,1.6005769908478668e-06,4.319575163051218e-17,1.0124881919126281e-05
0.0,-4.971358161848073e-06,0.0,1.5826481037487458e-06,4.243834781396692e-17,1.0067867082861275e-05
0.0,-4.971357913659466e-06,0.0,1.5648573665059124e-06,4.261397983602869e-17,1.0010998857087451e-05
0.0,-4.971357665139709e-06,0.0,1.5472041650572448e-06,4.20927886985551e-17,9.954278140837188e-06
0.0,-4.971357417023696e-06,0.0,1.5296878830091405e-06,4.271015322875629e-17,9.897705826203972e-06
0.0,-4.9713571687975146e-06,0.0,1.5123079029687723e-06,4.2981333152547606e-17,9.8412827979677e-06
0.0,-4.971356920450546e-06,0.0,1.4950636063220512e-06,4.2187188620202024e-17,9.78500993340039e-06
0.0,-4.971356672192455e-06,0.0,1.477954372456471e-06,4.241974941192155e-17,9.728888102849046e-06
0.0,-4.97135642372259e-06,0.0,1.4609795795382592e-06,4.2826345714290564e-17,9.67291816916667e-06
0.0,-4.971356175122559e-06,0.0,1.4441386045123805e-06,4.1546792696309654e-17,9.61710098785104e-06
0.0,-4.971355926797761e-06,0.0,1.4274308236576506e-06,4.0704053376395486e-17,9.561437407114098e-06
0.0,-4.971355678443431e-06,0.0,1.4108556106993488e-06,3.993911770474991e-17,9.505928267562763e-06
0.0,-4.971355430208192e-06,0.0,1.3944123396958063e-06,4.0268394709756335e-17,9.450574402740161e-06
0.0,-4.97135518174611e-06,0.0,1.3781003824848875e-06,3.9928679453428976e-17,9.395376638598274e-06
0.0,-4.971354933268146e-06,0.0,1.3619191099052402e-06,3.948278238661026e-17,9.340335793761609e-06
0.0,-4.971354684857889e-06,0.0,1.345867892462425e-06,3.949293108375579e-17,9.28545267915251e-06
0.0,-4.971354436731201e-06,0.0,1.3299460987746073e-06,3.943204569902514e-17,9.230728098643402e-06
0.0,-4.971354188130912e-06,0.0,1.3141530972378833e-06,3.756533437578912e-17,9.176162848349033e-06
0.0,-4.97135393989103e-06,0.0,1.2984882545830046e-06,3.78918528837809e-17,9.121757716931779e-06
0.0,-4.971353691492035e-06,0.0,1.2829509373186515e-06,3.7807112334117584e-17,9.067513485393479e-06
0.0,-4.971353443055102e-06,0.0,1.2675405102881555e-06,3.829893402198634e-17,9.01343092743626e-06
0.0,-4.971353194813772e-06,0.0,1.252256338778919e-06,3.768463579209169e-17,8.959510809296e-06
0.0,-4.971352946300512e-06,0.0,1.2370977859688978e-06,3.720856135373987e-17,8.905753889173338e-06
0.0,-4.971352697950145e-06,0.0,1.2220642152580782e-06,3.725756859166682e-17,8.852160918219e-06
0.0,-4.971352449517321e-06,0.0,1.2071549894913127e-06,3.67161912375519e-17,8.798732639548476e-06
0.0,-4.971352201091536e-06,0.0,1.192369469292991e-06,3.6256723121889147e-17,8.745469789074685e-06
0.0,-4.971351952785538e-06,0.0,1.1777070163977055e-06,3.6046272979052814e-17,8.692373094619795e-06
0.0,-4.971351704561214e-06,0.0,1.1631669916518526e-06,3.4832110660877966e-17,8.639443276983817e-06
0.0,-4.971351455951828e-06,0.0,1.1487487547915823e-06,3.440061183537351e-17,8.586681048542947e-06
0.0,-4.971351207671723e-06,0.0,1.1344516652199664e-06,3.3754913231001936e-17,8.534087114692852e-06
0.0,-4.971350959263813e-06,0.0,1.1202750828951615e-06,3.332616010655602e-17,8.481662172585792e-06
0.0,-4.9713507108796154e-06,0.0,1.1062183657769085e-06,3.3740453215414996e-17,8.429406912171466e-06
0.0,-4.971350462466258e-06,0.0,1.0922808722690155e-06,3.324151159041436e-17,8.377322015308813e-06
0.0,-4.971350214124088e-06,0.0,1.0784619609973184e-06,3.38600507294964e-17,8.325408156404407e-06
0.0,-4.971349965861484e-06,0.0,1.0647609891443425e-06,3.381401081314623e-17,8.27366600195448e-06
0.0,-4.971349717528137e-06,0.0,1.0511773144477044e-06,3.367349242632912e-17,8.22209621066983e-06
0.0,-4.9713494689612185e-06,0.0,1.037710294867047e-06,3.443359868276136e-17,8.170699433628465e-06
0.0,-4.971349220614689e-06,0.0,1.024359286363594e-06,3.498592523892353e-17,8.119476314067454e-06
0.0,-4.97134897206149e-06,0.0,1.011123646785926e-06,3.4730402553959023e-17,8.068427487549438e-06
0.0,-4.971348723627827e-06,0.0,9.980027330944284e-07,3.428867512988038e-17,8.017553581435293e-06
0.0,-4.971348475456207e-06,0.0,9.84995901583333e-07,3.4877405849736005e-17,7.966855215883323e-06
0.0,-4.971348227097776e-06,0.0,9.721025097680946e-07,3.497394689637703e-17,7.91633300287781e-06
0.0,-4.971347978588524e-06,0.0,9.593219146090393e-07,3.4227700751050394e-17,7.86598754650658e-06
0.0,-4.9713477302022845e-06,0.0,9.466534730664748e-07,3.3781530647923705e-17,7.815819443155286e-06
0.0,-4.971347481802402e-06,0.0,9.340965418786429e-07,3.392705616259779e-17,7.765829281438015e-06
0.0,-4.971347233307497e-06,0.0,9.216504783388766e-07,3.478238872178571e-17,7.716017641656064e-06
0.0,-4.971346984717876e-06,0.0,9.093146400735589e-07,3.4627942699017535e-17,7.666385097005299e-06
0.0,-4.971346736192797e-06,0.0,8.970883845980289e-07,3.3677498290534763e-17,7.616932211994093e-06
0.0,-4.971346487713901e-06,0.0,8.849710695386298e-07,3.446208178337138e-17,7.567659543928245e-06
0.0,-4.9713462394839504e-06,0.0,8.729620535208851e-07,3.3848646726259556e-17,7.518567641634222e-06
0.0,-4.9713459909596505e-06,0.0,8.610606940600743e-07,3.3762020254089e-17,7.469657046541637e-06
0.0,-4.971345742300824e-06,0.0,8.492663513359936e-07,3.3851208715000536e-17,7.420928291697908e-06
0.0,-4.9713454937290285e-06,0.0,8.375783840851311e-07,3.4016837386963466e-17,7.372381902531556e-06
0.0,-4.97134524553127e-06,0.0,8.259961512659993e-07,3.459135146198863e-17,7.324018396505246e-06
0.0,-4.971344996992363e-06,0.0,8.145190136134444e-07,3.4114240811254154e-17,7.275838283101913e-06
0.0,-4.97134474861332e-06,0.0,8.0314633152923e-07,3.433176793849448e-17,7.227842063727622e-06
0.0,-4.971344500177558e-06,0.0,7.918774664142985e-07,3.4054979616746175e-17,7.180030231989116e-06
0.0,-4.971344251872329e-06,0.0,7.807117795585515e-07,3.357154626104086e-17,7.1324032734856565e-06
0.0,-4.971344003158227e-06,0.0,7.696486338061808e-07,3.396629496409257e-17,7.084961666058817e-06
0.0,-4.971343754735106e-06,0.0,7.586873918903393e-07,3.3005192813047736e-17,7.037705879015331e-06
0.0,-4.971343506233669e-06,0.0,7.478274168772251e-07,3.191481988001877e-17,6.990636374459361e-06
0.0,-4.971343257735844e-06,0.0,7.370680740534622e-07,3.185878555292586e-17,6.943753605807568e-06
0.0,-4.9713430092095684e-06,0.0,7.26408727817477e-07,3.2350386320037564e-17,6.897058018927098e-06
0.0,-4.971342760567115e-06,0.0,7.158487442330105e-07,3.1940462868344867e-17,6.850550051608222e-06
0.0,-4.971342512358637e-06,0.0,7.053874898078742e-07,3.1505715379615276e-17,6.804230133356169e-06
0.0,-4.9713422638626495e-06,0.0,6.950243318270122e-07,3.1138106738458896e-17,6.758098686043383e-06
0.0,-4.971342015402287e-06,0.0,6.847586393517095e-07,3.160107674400944e-17,6.712156123423798e-06
0.0,-4.971341766813394e-06,0.0,6.745897813322062e-07,3.131308018663066e-17,6.666402851105087e-06
0.0,-4.971341518539674e-06,0.0,6.645171276069037e-07,3.0956718400199514e-17,6.620839266840093e-06
0.0,-4.971341270059568e-06,0.0,6.545400495684924e-07,3.203491074731035e-17,6.5754657603464164e-06
0.0,-4.971341021346262e-06,0.0,6.44657919275778e-07,3.2788696497825904e-17,6.530282713320294e-06
0.0,-4.971340772816303e-06,0.0,6.348701101198156e-07,3.183730129709794e-17,6.4852904993533296e-06
0.0,-4.9713405242339795e-06,0.0,6.251759960467493e-07,3.202051528238704e-17,6.440489483974133e-06
0.0,-4.971340275486204e-06,0.0,6.155749523349717e-07,3.174748740498923e-17,6.39588002493975e-06
0.0,-4.971340027377989e-06,0.0,6.060663555951257e-07,3.11773075673145e-17,6.351462471597281e-06
0.0,-4.971339778739943e-06,0.0,5.966495836590741e-07,3.0538888106349284e-17,6.3072371658553326e-06
0.0,-4.971339530517663e-06,0.0,5.87324014469687e-07,3.057254378302557e-17,6.263204440726846e-06
0.0,-4.9713392822738594e-06,0.0,5.780890287453702e-07,3.024946890527654e-17,6.2193646222025975e-06
0.0,-4.971339033872032e-06,0.0,5.689440074265524e-07,2.9522442894927596e-17,6.175718027308308e-06
0.0,-4.971338785452866e-06,0.0,5.598883332300019e-07,2.8347403262500385e-17,6.132264965561817e-06
0.0,-4.971338536677452e-06,0.0,5.509213897606439e-07,2.777523538422205e-17,6.089005738570616e-06
0.0,-4.971338288011436e-06,0.0,5.420425622887194e-07,2.871192105879528e-17,6.045940639296336e-06
0.0,-4.9713380396341335e-06,0.0,5.332512365285387e-07,2.7545332093623902e-17,6.003069953192719e-06
0.0,-4.971337791156666e-06,0.0,5.245468016360819e-07,2.719968896008311e-17,5.960393957678264e-06
0.0,-4.971337542661513e-06,0.0,5.159286454350424e-07,2.701976121171733e-17,5.917912921844797e-06
0.0,-4.971337294020459e-06,0.0,5.07396159301807e-07,2.7081122099136863e-17,5.875627106887675e-06
0.0,-4.971337045569155e-06,0.0,4.989487356119444e-07,2.640747264284637e-17,5.833536766050281e-06
0.0,-4.971336796973588e-06,0.0,4.905857679622475e-07,2.594320306330908e-17,5.79164214456851e-06
0.0,-4.971336548594169e-06,0.0,4.823066510597129e-07,2.5839305979706813e-17,5.749943479407094e-06
0.0,-4.971336300005761e-06,0.0,4.741107820538068e-07,2.6083571643781313e-17,5.70844099980083e-06
0.0,-4.971336051564037e-06,0.0,4.6599755909317823e-07,2.5421781396717012e-17,5.667134926893764e-06
0.0,-4.971335802941867e-06,0.0,4.5796638188076616e-07,2.480733921047851e-17,5.626025473628163e-06
0.0,-4.971335554359913e-06,0.0,4.5001665200687106e-07,2.4203532511390273e-17,5.58511284529963e-06
0.0,-4.971335305877685e-06,0.0,4.421477723940393e-07,2.4127213952345404e-17,5.544397238613413e-06
0.0,-4.97133505752321e-06,0.0,4.343591484072898e-07,2.3365619242929374e-17,5.503878843002795e-06
0.0,-4.971334809073224e-06,0.0,4.266501866328646e-07,2.32128307986728e-17,5.463557839227436e-06
0.0,-4.9713345603907585e-06,0.0,4.1902029443414325e-07,2.4173375733607303e-17,5.423434400566867e-06
0.0,-4.971334312017043e-06,0.0,4.1146888217208876e-07,2.4673114446623044e-17,5.383508691946186e-06
0.0,-4.9713340634972445e-06,0.0,4.039953618729766e-07,2.4518238713157014e-17,5.343780870463412e-06
0.0,-4.9713338149327664e-06,0.0,3.9659914700635404e-07,2.398245979598102e-17,5.304251085403366e-06
0.0,-4.9713335663025536e-06,0.0,3.892796529291263e-07,2.4296846837331124e-17,5.264919477627047e-06
0.0,-4.971333317812262e-06,0.0,3.8203629621942643e-07,2.3688241234384787e-17,5.225786180709614e-06
0.0,-4.971333069257318e-06,0.0,3.7486849689705577e-07,2.450364636484258e-17,5.186851319358309e-06
0.0,-4.971332820716944e-06,0.0,3.677756754258875e-07,2.4685200485575678e-17,5.148115010994535e-06
0.0,-4.971332572220518e-06,0.0,3.607572544902207e-07,2.5171387229360405e-17,5.109577365046085e-06
0.0,-4.971332323784797e-06,0.0,3.5381265921682506e-07,2.4888927666273456e-17,5.07123848280836e-06
0.0,-4.971332075483149e-06,0.0,3.4694131584267334e-07,2.4566425638915753e-17,5.033098457527644e-06
0.0,-4.971331827090202e-06,0.0,3.4014265382436567e-07,2.4137030829819008e-17,4.995157374997838e-06
0.0,-4.971331578485201e-06,0.0,3.334161036176825e-07,2.379601113450405e-17,4.957415312561269e-06
0.0,-4.971331330077702e-06,0.0,3.2676109734372063e-07,2.348601269073364e-17,4.919872339858089e-06
0.0,-4.97133108144356e-06,0.0,3.2017707034320257e-07,2.358817432943733e-17,4.8825285188262685e-06
0.0,-4.971330832770913e-06,0.0,3.1366345940012213e-07,2.3340519986757102e-17,4.84538390327139e-06
0.0,-4.971330584417524e-06,0.0,3.0721970318583315e-07,2.290745807225013e-17,4.808438539185838e-06
0.0,-4.9713303359425535e-06,0.0,3.008452424810912e-07,2.2486854798650374e-17,4.771692464498997e-06
0.0,-4.9713300874283875e-06,0.0,2.945395208421924e-07,2.2089434881106467e-17,4.735145709743382e-06
0.0,-4.971329838650345e-06,0.0,2.883019831576793e-07,2.2096820675017513e-17,4.698798297194224e-06
0.0,-4.971329590143047e-06,0.0,2.8213207653652254e-07,2.244356898818262e-17,4.662650241285795e-06
0.0,-4.971329341859059e-06,0.0,2.7602925075220824e-07,2.304307595832212e-17,4.626701548958359e-06
0.0,-4.971329093033899e-06,0.0,2.699929579096685e-07,2.3237122024739047e-17,4.590952218853252e-06
0.0,-4.971328844771096e-06,0.0,2.640226512240446e-07,2.372946115781632e-17,4.555402242270462e-06
0.0,-4.971328596260741e-06,0.0,2.581177873521446e-07,2.3330019760021115e-17,4.520051602433093e-06
0.0,-4.971328347734234e-06,0.0,2.5227782450507116e-07,2.3527184839004138e-17,4.48490027451513e-06
0.0,-4.971328098921235e-06,0.0,2.4650222311435496e-07,2.3272392005561947e-17,4.449948226807169e-06
0.0,-4.971327850271208e-06,0.0,2.407904460539972e-07,2.2502457641400726e-17,4.415195418967816e-06
0.0,-4.9713276017702314e-06,0.0,2.3514195864046997e-07,2.2188469552144782e-17,4.380641803009009e-06
0.0,-4.971327353432069e-06,0.0,2.2955622829965098e-07,2.26676186250002e-17,4.346287323740112e-06
0.0,-4.971327104648971e-06,0.0,2.2403272512193173e-07,2.2188286124567378e-17,4.3121319177825824e-06
0.0,-4.97132685613649e-06,0.0,2.1857092108506634e-07,2.2394985006154663e-17,4.278175514000195e-06
0.0,-4.971326607540732e-06,0.0,2.1317029038723487e-07,2.2409335243926466e-17,4.244418034095775e-06
0.0,-4.971326358972575e-06,0.0,2.07830310002155e-07,2.258280462691196e-17,4.2108593913205736e-06
0.0,-4.971326110579985e-06,0.0,2.0255045945703962e-07,2.2686604157859158e-17,4.177499491806526e-06
0.0,-4.971325861849689e-06,0.0,1.9733022016646051e-07,2.2669201687551614e-17,4.144338234038906e-06
0.0,-4.9713256134487595e-06,0.0,1.9216907565439607e-07,2.1776306705067287e-17,4.111375508662026e-06
0.0,-4.971325364767217e-06,0.0,1.8706651333058377e-07,2.084883378864104e-17,4.078611198715167e-06
0.0,-4.971325116282923e-06,0.0,1.8202202149292281e-07,2.058854182661758e-17,4.046045179604822e-06
0.0,-4.971324867582987e-06,0.0,1.7703509143689428e-07,2.0260617600692395e-17,4.0136773193544915e-06
0.0,-4.97132461913498e-06,0.0,1.7210521667840778e-07,2.0120024303811185e-17,3.98150747817448e-06
0.0,-4.971324370719241e-06,0.0,1.6723189406402204e-07,2.0603000776378864e-17,3.949535508836585e-06
0.0,-4.971324122163791e-06,0.0,1.624146223276562e-07,2.0722392202373265e-17,3.917761256493698e-06
0.0,-4.971323873758287e-06,0.0,1.5765290220161362e-07,2.082680488790609e-17,3.886184559054499e-06
0.0,-4.971323625326596e-06,0.0,1.529462374157791e-07,2.1533961995328113e-17,3.85480524644793e-06
0.0,-4.971323376805599e-06,0.0,1.4829413436455557e-07,2.1831434937938774e-17,3.823623141580769e-06
0.0,-4.9713231281365716e-06,0.0,1.4369610210686177e-07,2.1263512346088167e-17,3.7926380595743472e-06
0.0,-4.971322879552687e-06,0.0,1.3915165158897822e-07,2.1457654154783597e-17,3.761849808319663e-06
0.0,-4.9713226309374e-06,0.0,1.3466029686579018e-07,2.198957992128104e-17,3.731258188033291e-06
0.0,-4.9713223824801815e-06,0.0,1.3022155421261163e-07,2.182244534948299e-17,3.7008629917708624e-06
0.0,-4.97132213363759e-06,0.0,1.2583494256927201e-07,2.1374836197016115e-17,3.6706640051217513e-06
0.0,-4.971321885106153e-06,0.0,1.2149998320705277e-07,2.0756551676603154e-17,3.640661006195198e-06
0.0,-4.9713216363771095e-06,0.0,1.1721620117197331e-07,2.0241804268294414e-17,3.6108537658007175e-06
0.0,-4.97132138760494e-06,0.0,1.1298312239821439e-07,2.065122416596113e-17,3.5812420474342288e-06
0.0,-4.971321139082024e-06,0.0,1.0880027615060842e-07,2.0008507865032344e-17,3.5518256074445808e-06
0.0,-4.971320890526418e-06,0.0,1.0466719480259192e-07,1.9884554107665746e-17,3.522604194422932e-06
0.0,-4.971320642095105e-06,0.0,1.0058341272598726e-07,1.9857210335640644e-17,3.4935775503684877e-06
0.0,-4.971320393804506e-06,0.0,9.654846717917701e-08,1.9895265655871975e-17,3.4647454094672495e-06
0.0,-4.971320145319398e-06,0.0,9.256189786301645e-08,1.9896517966861712e-17,3.4361074989385645e-06
0.0,-4.971319896587895e-06,0.0,8.862324758696761e-08,1.9342871361562223e-17,3.4076635386604228e-06
0.0,-4.971319648182301e-06,0.0,8.473206071478871e-08,1.8863340676985135e-17,3.379413241641304e-06
0.0,-4.971319399491766e-06,0.0,8.08878856070199e-08,1.842090839655592e-17,3.351356313256897e-06
0.0,-4.9713191509237965e-06,0.0,7.70902724005434e-08,1.791122478412632e-17,3.3234924522493015e-06
0.0,-4.971318902205842e-06,0.0,7.333877422982385e-08,1.7473011254612066e-17,3.29582134989436e-06
0.0,-4.971318653782975e-06,0.0,6.963294667180047e-08,1.7429058766175017e-17,3.268342690487384e-06
0.0,-4.971318405312919e-06,0.0,6.597234863406287e-08,1.7188187985221904e-17,3.2410561513709022e-06
0.0,-4.971318156599649e-06,0.0,6.235654057849532e-08,1.6790022044537493e-17,3.2139614026848694e-06
0.0,-4.971317907937651e-06,0.0,5.8785086741723856e-08,1.728586613497768e-17,3.187058107616458e-06
0.0,-4.97131765932442e-06,0.0,5.5257553469780484e-08,1.6962832347954448e-17,3.1603459224000642e-06
0.0,-4.971317410960072e-06,0.0,5.1773509662193275e-08,1.6790251653249377e-17,3.1338244963311847e-06
0.0,-4.971317162258055e-06,0.0,4.8332527549140775e-08,1.7131036114680038e-17,3.107493471738657e-06
0.0,-4.9713169136696846e-06,0.0,4.4934181692254576e-08,1.642329689073689e-17,3.0813524841234418e-06
0.0,-4.971316665052487e-06,0.0,4.1578048762571546e-08,1.624826676114899e-17,3.0554011619365786e-06
0.0,-4.97131641658616e-06,0.0,3.826370931689276e-08,1.5791861043676158e-17,3.0296391268428592e-06
0.0,-4.971316167931322e-06,0.0,3.499074557733624e-08,1.540768016113868e-17,3.0040659937347096e-06
0.0,-4.9713159194376e-06,0.0,3.175874365178531e-08,1.5178687528362998e-17,2.9786813709542312e-06
0.0,-4.971315670754717e-06,0.0,2.856729086934878e-08,1.4752914079040304e-17,2.9534848592662504e-06
0.0,-4.9713154220354945e-06,0.0,2.5415978555925e-08,1.4528427435410927e-17,2.928476053773446e-06
0.0,-4.971315173487252e-06,0.0,2.2304399924772874e-08,1.4042511565779313e-17,2.903654542070609e-06
0.0,-4.971314925100936e-06,0.0,1.9232150964692075e-08,1.3616433410205278e-17,2.8790199051189403e-06
0.0,-4.971314676449758e-06,0.0,1.6198831217180952e-08,1.2933382559743052e-17,2.8545717180925954e-06
0.0,-4.971314428143197e-06,0.0,1.320404222212069e-08,1.3215472160787984e-17,2.8303095480749736e-06
0.0,-4.971314179540105e-06,0.0,1.0247388072890708e-08,1.3272873253509427e-17,2.8062329569452985e-06
0.0,-4.971313930888015e-06,0.0,7.328476193522135e-09,1.3578237491700826e-17,2.782341499088779e-06
0.0,-4.971313682411486e-06,0.0,4.446916228477449e-09,1.3670490832671078e-17,2.7586347229925592e-06
0.0,-4.971313434004701e-06,0.0,1.6023207087812465e-09,1.3443998946469923e-17,2.735112170191004e-06
0.0,-4.9713131852514045e-06,0.0,-1.2056952810450314e-09,1.345349709865088e-17,2.711773375904079e-06
0.0,-4.9713129367282735e-06,0.0,-3.977513214802838e-09,1.3581141609043762e-17,2.688617869065103e-06
0.0,-4.971312688052421e-06,0.0,-6.713512678932523e-09,1.396097476668823e-17,2.665645171876663e-06
0.0,-4.971312439479723e-06,0.0,-9.414070262286755e-09,1.3753205633378557e-17,2.6428548003657235e-06
0.0,-4.971312191025326e-06,0.0,-1.2079559778176282e-08,1.3549991831921385e-17,2.6202462643975033e-06
0.0,-4.971311942464235e-06,0.0,-1.4710352264371546e-08,1.3924419560572754e-17,2.597819067023221e-06
0.0,-4.971311693874609e-06,0.0,-1.7306816538210613e-08,1.4082385235001973e-17,2.575572705631953e-06
0.0,-4.971311445227762e-06,0.0,-1.9869317864334663e-08,1.4401585361128525e-17,2.553506670909794e-06
0.0,-4.971311196655796e-06,0.0,-2.2398219842065595e-08,1.4221021099132448e-17,2.531620447325587e-06
0.0,-4.9713109480164795e-06,0.0,-2.4893882073936427e-08,1.4190032176613802e-17,2.50991351385256e-06
0.0,-4.971310699683027e-06,0.0,-2.7356662719207436e-08,1.3996801017749355e-17,2.4883853422891213e-06
0.0,-4.9713104509848585e-06,0.0,-2.9786916606484197e-08,1.4129223790080456e-17,2.46703539917399e-06
0.0,-4.971310202510619e-06,0.0,-3.218499612189658e-08,1.4721654151928594e-17,2.445863144398418e-06
0.0,-4.971309954089985e-06,0.0,-3.455125043194234e-08,1.441018309733375e-17,2.4248680323441676e-06
0.0,-4.971309705474604e-06,0.0,-3.6886026593711246e-08,1.4463314379419482e-17,2.4040495110786033e-06
0.0,-4.971309457083296e-06,0.0,-3.918966911079401e-08,1.4034395191137522e-17,2.3834070227571443e-06
0.0,-4.971309208608782e-06,0.0,-4.1462518934083176e-08,1.3615659300754142e-17,2.36294000365102e-06
0.0,-4.97130895989459e-06,0.0,-4.370491523812863e-08,1.3666135426906736e-17,2.3426478842444167e-06
0.0,-4.971308711295863e-06,0.0,-4.591719431091525e-08,1.3102264870887917e-17,2.322530088804266e-06
0.0,-4.97130846270796e-06,0.0,-4.809968933181711e-08,1.2546435302983727e-17,2.3025860363239316e-06
0.0,-4.971308214177405e-06,0.0,-5.0252731481822076e-08,1.2253687400232444e-17,2.2828151395795234e-06
0.0,-4.971307965911008e-06,0.0,-5.2376648722284535e-08,1.1902304812373733e-17,2.2632168059486833e-06
0.0,-4.97130771711524e-06,0.0,-5.447176701617336e-08,1.2279952692111132e-17,2.243790436841601e-06
0.0,-4.971307468892325e-06,0.0,-5.653840888477771e-08,1.2185086050783339e-17,2.2245354281173406e-06
0.0,-4.971307220133935e-06,0.0,-5.857689485100142e-08,1.1871082756347486e-17,2.2054511701532363e-06
0.0,-4.971306971473004e-06,0.0,-6.058754266220275e-08,1.1790836539931737e-17,2.1865370477061116e-06
0.0,-4.9713067231360116e-06,0.0,-6.25706671791751e-08,1.1549563570317296e-17,2.1677924397179883e-06
0.0,-4.971306474343299e-06,0.0,-6.452658070921201e-08,1.1123712768425151e-17,2.1492167202459023e-06
0.0,-4.971306225823291e-06,0.0,-6.645559345019718e-08,1.1491711603818023e-17,2.1308092571435115e-06
0.0,-4.971305977431929e-06,0.0,-6.835801293549193e-08,1.1742153996565922e-17,2.112569413434998e-06
0.0,-4.97130572885747e-06,0.0,-7.023414259064659e-08,1.1719185958811368e-17,2.094496546524029e-06
0.0,-4.971305480367842e-06,0.0,-7.208428595224577e-08,1.1637319574522144e-17,2.076590008721125e-06
0.0,-4.9713052318161884e-06,0.0,-7.39087420049741e-08,1.1725692909827496e-17,2.0588491467301672e-06
0.0,-4.971304983195379e-06,0.0,-7.570780706899362e-08,1.1590979601503392e-17,2.041273302092495e-06
0.0,-4.9713047343578415e-06,0.0,-7.748177624323325e-08,1.1724626759116655e-17,2.0238618114922175e-06
0.0,-4.971304485971265e-06,0.0,-7.923094129596567e-08,1.1620492554483605e-17,2.00661400613171e-06
0.0,-4.971304237626786e-06,0.0,-8.095559144196407e-08,1.1723340702822372e-17,1.989529212217338e-06
0.0,-4.971303988989492e-06,0.0,-8.265601323147883e-08,1.1672091949138103e-17,1.972606750917822e-06
0.0,-4.971303740066111e-06,0.0,-8.43324911053492e-08,1.175096083906127e-17,1.9558459381977097e-06
0.0,-4.971303491366365e-06,0.0,-8.598530672886778e-08,1.2048781995001537e-17,1.9392460854279916e-06
0.0,-4.971303243106536e-06,0.0,-8.761473965791691e-08,1.2166282229334366e-17,1.9228064986783384e-06
0.0,-4.971302994558963e-06,0.0,-8.922106622874453e-08,1.1645791994504238e-17,1.9065264793832328e-06
0.0,-4.971302745837531e-06,0.0,-9.080456089023041e-08,1.1638264753753636e-17,1.890405324258704e-06
0.0,-4.971302497028813e-06,0.0,-9.23654953157097e-08,1.1703322553758816e-17,1.8744423248304817e-06
0.0,-4.9713022483405105e-06,0.0,-9.39041388470607e-08,1.1518189698769759e-17,1.858636767933598e-06
0.0,-4.971301999619941e-06,0.0,-9.542075827265935e-08,1.1436812757422473e-17,1.8429879362813755e-06
0.0,-4.971301751130681e-06,0.0,-9.691561816044788e-08,1.1355378139282396e-17,1.827495107466227e-06
0.0,-4.9713015024727925e-06,0.0,-9.838898063588982e-08,1.1311179842224358e-17,1.8121575545286461e-06
0.0,-4.971301254095878e-06,0.0,-9.984110460481202e-08,1.1194820698873013e-17,1.796974546123736e-06
0.0,-4.971301005267036e-06,0.0,-1.0127224764078637e-07,1.174668101031482e-17,1.7819453462436607e-06
0.0,-4.971300756862583e-06,0.0,-1.0268266509694808e-07,1.1592996864443818e-17,1.7670692145368312e-06
0.0,-4.971300508223472e-06,0.0,-1.0407260844066372e-07,1.157141382000549e-17,1.7523454063772898e-06
0.0,-4.971300259707697e-06,0.0,-1.0544232825113187e-07,1.111000018162536e-17,1.73777317260104e-06
0.0,-4.971300011125984e-06,0.0,-1.0679207166587068e-07,1.1037567642784832e-17,1.7233517598252298e-06
0.0,-4.971299762423419e-06,0.0,-1.0812208426809671e-07,1.1462215288382637e-17,1.7090804103371324e-06
0.0,-4.971299513574486e-06,0.0,-1.0943260864343379e-07,1.143773419302481e-17,1.6949583626076231e-06
0.0,-4.971299265158166e-06,0.0,-1.1072388571218234e-07,1.1274307821038948e-17,1.680984850444636e-06
0.0,-4.9712990167028095e-06,0.0,-1.1199615406318474e-07,1.1007454662676983e-17,1.667159103853585e-06
0.0,-4.971298767805013e-06,0.0,-1.1324964895462369e-07,1.102154350894363e-17,1.6534803490373627e-06
0.0,-4.971298519371286e-06,0.0,-1.1448460442344671e-07,1.081290884936639e-17,1.6399478076746993e-06
0.0,-4.97129827068531e-06,0.0,-1.1570125195309781e-07,1.0635334064453602e-17,1.6265606981830385e-06
0.0,-4.971298022026726e-06,0.0,-1.1689982036249632e-07,1.0434822715219225e-17,1.6133182344140254e-06
0.0,-4.971297773413583e-06,0.0,-1.180805365831908e-07,9.82155456231837e-18,1.600219626902509e-06
0.0,-4.9712975245886736e-06,0.0,-1.1924362554833794e-07,9.392763949665858e-18,1.5872640824502086e-06
0.0,-4.971297276070526e-06,0.0,-1.2038930941554623e-07,9.143122833016489e-18,1.574450803834278e-06
0.0,-4.971297027628324e-06,0.0,-1.21517808344032e-07,8.987725013338543e-18,1.5617789903207856e-06
0.0,-4.971296779142933e-06,0.0,-1.2262934060564102e-07,8.695295342135564e-18,1.549247837720226e-06
0.0,-4.971296530155925e-06,0.0,-1.2372412136360395e-07,8.416252258542872e-18,1.5368565381377171e-06
0.0,-4.971296281888811e-06,0.0,-1.248023646709358e-07,8.264242394130094e-18,1.5246042802366822e-06
0.0,-4.9712960332179116e-06,0.0,-1.2586428191612604e-07,8.576135953629581e-18,1.5124902494608912e-06
0.0,-4.9712957846345176e-06,0.0,-1.2691008215620388e-07,8.558344032834996e-18,1.5005136275348613e-06
0.0,-4.971295535972784e-06,0.0,-1.2793997278287158e-07,8.499468754815835e-18,1.488673593282648e-06
0.0,-4.971295287362336e-06,0.0,-1.289541589673939e-07,8.69942429417154e-18,1.476969322058854e-06
0.0,-4.971295038915846e-06,0.0,-1.2995284310548592e-07,8.472705314195507e-18,1.465399985984551e-06
0.0,-4.97129479029611e-06,0.0,-1.3093622626060316e-07,8.269172693409476e-18,1.4539647541415712e-06
0.0,-4.971294541977363e-06,0.0,-1.3190450716473957e-07,8.163488577711601e-18,1.4426627925863836e-06
0.0,-4.971294293545883e-06,0.0,-1.3285788266251842e-07,8.182476906083772e-18,1.4314932642668286e-06
0.0,-4.971294045023528e-06,0.0,-1.3379654682301163e-07,7.855663541083018e-18,1.4204553294662034e-06
0.0,-4.971293796552726e-06,0.0,-1.347206926050763e-07,7.787991227572429e-18,1.4095481451787674e-06
0.0,-4.971293548069132e-06,0.0,-1.3563051052508504e-07,7.361731875372977e-18,1.3987708659424052e-06
0.0,-4.971293299549631e-06,0.0,-1.365261888789718e-07,7.2713498786653e-18,1.3881226433251499e-06
0.0,-4.971293051247674e-06,0.0,-1.3740791440836463e-07,6.988548174778756e-18,1.3776026262721277e-06
0.0,-4.971292802552273e-06,0.0,-1.3827587141240813e-07,6.941578353415471e-18,1.3672099610500468e-06
0.0,-4.971292554269393e-06,0.0,-1.3913024263594014e-07,6.916877287639056e-18,1.356943791372098e-06
0.0,-4.971292305694886e-06,0.0,-1.3997120882540387e-07,6.7019635284251255e-18,1.3468032585644879e-06
0.0,-4.9712920572212065e-06,0.0,-1.407989481737352e-07,6.573919657942255e-18,1.3367875014554144e-06
0.0,-4.971291808582951e-06,0.0,-1.4161363754160885e-07,6.439882084942421e-18,1.3268956564167043e-06
0.0,-4.971291560304065e-06,0.0,-1.4241545212437026e-07,6.297424195216153e-18,1.3171268574609564e-06
0.0,-4.971291311723781e-06,0.0,-1.4320456456385747e-07,6.175802297919376e-18,1.3074802367411384e-06
0.0,-4.971291063380639e-06,0.0,-1.439811459476018e-07,6.4357712957574175e-18,1.2979549238428253e-06
0.0,-4.971290814648042e-06,0.0,-1.447453652537167e-07,6.47530239096625e-18,1.2885500462976725e-06
0.0,-4.971290566284243e-06,0.0,-1.4549739012805204e-07,6.335533077090072e-18,1.2792647296389314e-06
0.0,-4.97129031769515e-06,0.0,-1.46237385551928e-07,6.2433742533560586e-18,1.2700980975263457e-06
0.0,-4.9712900693486545e-06,0.0,-1.4696551595155727e-07,6.246820010194532e-18,1.2610492717045226e-06
0.0,-4.971289820728407e-06,0.0,-1.4768194220044456e-07,6.292270325444355e-18,1.2521173719057813e-06
0.0,-4.9712895721859034e-06,0.0,-1.483868251720976e-07,6.188297663861787e-18,1.243301516419151e-06
0.0,-4.971289323736073e-06,0.0,-1.490803226314054e-07,6.3088755658394536e-18,1.2346008212715741e-06
0.0,-4.971289074954521e-06,0.0,-1.497625911220147e-07,5.997098652159903e-18,1.2260144014213996e-06
0.0,-4.9712888263939254e-06,0.0,-1.504337856332638e-07,6.078835834262616e-18,1.2175413699951056e-06
0.0,-4.971288577781079e-06,0.0,-1.5109405893404913e-07,6.3218227623936895e-18,1.2091808387175072e-06
0.0,-4.971288329320111e-06,0.0,-1.517435624610026e-07,6.225753021704783e-18,1.2009319178978825e-06
0.0,-4.971288080572135e-06,0.0,-1.5238244565235846e-07,5.842213786505582e-18,1.1927937164854813e-06
0.0,-4.971287832040316e-06,0.0,-1.5301085639204195e-07,5.666278803191812e-18,1.1847653419029924e-06
0.0,-4.971287583471567e-06,0.0,-1.5362894112069007e-07,5.212578282868564e-18,1.1768459010735011e-06
0.0,-4.9712873350315076e-06,0.0,-1.5423684405849898e-07,4.682708471011097e-18,1.1690344987412747e-06
0.0,-4.9712870863445045e-06,0.0,-1.5483470842646433e-07,4.842247909972576e-18,1.1613302396783329e-06
0.0,-4.971286837771869e-06,0.0,-1.554226748920729e-07,4.733665154774372e-18,1.1537322268386995e-06
0.0,-4.971286589243941e-06,0.0,-1.560008837897457e-07,4.8360146127678276e-18,1.1462395628155746e-06
0.0,-4.971286340548114e-06,0.0,-1.565694725673265e-07,4.8315876603379824e-18,1.1388513492029506e-06
0.0,-4.9712860919572165e-06,0.0,-1.571285783395939e-07,4.8325598296189415e-18,1.131566686734396e-06
0.0,-4.9712858432148835e-06,0.0,-1.576783352237268e-07,4.822823565437049e-18,1.1243846753524383e-06
0.0,-4.971285594460646e-06,0.0,-1.5821887766997095e-07,4.794370328897659e-18,1.1173044148469497e-06
0.0,-4.971285346023067e-06,0.0,-1.587503361317713e-07,4.590627189223515e-18,1.1103250041612482e-06
0.0,-4.971285097289413e-06,0.0,-1.5927284139564197e-07,4.609362213402057e-18,1.1034455415725178e-06
0.0,-4.97128484861477e-06,0.0,-1.5978652247173918e-07,4.5825469819200895e-18,1.0966651254967165e-06
0.0,-4.971284599842305e-06,0.0,-1.6029150626079708e-07,4.5386433650935326e-18,1.089982853850197e-06
0.0,-4.971284351490781e-06,0.0,-1.6078791810923857e-07,4.523272507877072e-18,1.0833978239941957e-06
0.0,-4.97128410299164e-06,0.0,-1.6127588303041917e-07,4.511055483351032e-18,1.0769091336785274e-06
0.0,-4.971283854274058e-06,0.0,-1.6175552348418214e-07,4.507088495712861e-18,1.0705158803199326e-06
0.0,-4.971283605522369e-06,0.0,-1.6222696082014728e-07,4.494552645522102e-18,1.0642171614045387e-06
0.0,-4.971283357012115e-06,0.0,-1.6269031483362189e-07,4.489488407341718e-18,1.0580120745294911e-06
0.0,-4.9712831084105555e-06,0.0,-1.6314570398764577e-07,4.4459920611658835e-18,1.051899717375199e-06
0.0,-4.971282859896841e-06,0.0,-1.6359324574605642e-07,4.431660879637301e-18,1.0458791881494244e-06
0.0,-4.971282611615203e-06,0.0,-1.6403305535224528e-07,4.40848826741499e-18,1.039949585032169e-06
0.0,-4.971282362878562e-06,0.0,-1.6446524749449104e-07,4.385650305202053e-18,1.0341100069528331e-06
0.0,-4.971282114267311e-06,0.0,-1.6488993464062456e-07,4.371660244680698e-18,1.0283595532016344e-06
0.0,-4.971281865621249e-06,0.0,-1.6530722892540853e-07,4.372404831609599e-18,1.0226973238043123e-06
0.0,-4.9712816170663005e-06,0.0,-1.657172404852029e-07,4.348475484528219e-18,1.0171224192029346e-06
0.0,-4.971281368508753e-06,0.0,-1.66120078346142e-07,4.324100086180604e-18,1.0116339409497895e-06
0.0,-4.9712811199589785e-06,0.0,-1.6651584998004646e-07,4.3075395226301556e-18,1.0062309911522735e-06
0.0,-4.971280871436924e-06,0.0,-1.6690466185953382e-07,4.317642796510844e-18,1.000912672889225e-06
0.0,-4.97128062299078e-06,0.0,-1.6728661868086176e-07,4.295062577793412e-18,9.956780904329677e-07
0.0,-4.971280374342418e-06,0.0,-1.6766182469619605e-07,4.271524896737974e-18,9.905263491938033e-07
0.0,-4.971280125749646e-06,0.0,-1.6803038293645497e-07,4.302572020055296e-18,9.854565553869418e-07
0.0,-4.971279877216453e-06,0.0,-1.6839239354597244e-07,4.294052071553497e-18,9.804678170455765e-07
0.0,-4.9712796288986405e-06,0.0,-1.6874795744623638e-07,4.338462387696473e-18,9.7555924303557e-07
0.0,-4.971279380101449e-06,0.0,-1.6909717322726163e-07,4.330223432437581e-18,9.707299443183242e-07
0.0,-4.971279131428101e-06,0.0,-1.6944013859088178e-07,4.317511844123953e-18,9.659790327017847e-07
0.0,-4.971278883057408e-06,0.0,-1.6977694990665795e-07,4.317704869662166e-18,9.613056220200508e-07
0.0,-4.97127863448942e-06,0.0,-1.701077028780137e-07,4.312632234010509e-18,9.567088278141876e-07
0.0,-4.971278385787338e-06,0.0,-1.7043249098792148e-07,4.159085293592157e-18,9.52187767457123e-07
0.0,-4.971278137121417e-06,0.0,-1.7075140783037142e-07,4.1509633487924704e-18,9.477415602369197e-07
0.0,-4.971277888657083e-06,0.0,-1.7106454466788105e-07,4.138895659453407e-18,9.433693270930914e-07
0.0,-4.9712776400162905e-06,0.0,-1.7137199287398371e-07,4.0885746962417805e-18,9.390701917407098e-07
0.0,-4.971277391430767e-06,0.0,-1.7167384137971752e-07,4.073741078071071e-18,9.348432795601748e-07
0.0,-4.971277142870065e-06,0.0,-1.71970179005093e-07,4.061116409455075e-18,9.306877181523323e-07
0.0,-4.971276894211489e-06,0.0,-1.7226109301580172e-07,4.064998947124259e-18,9.266026378241929e-07
0.0,-4.971276645873776e-06,0.0,-1.7254666945628406e-07,4.060357284968001e-18,9.2258717110321e-07
0.0,-4.971276397248459e-06,0.0,-1.7282699437097348e-07,4.059074420551422e-18,9.186404535560729e-07
0.0,-4.9712761485162094e-06,0.0,-1.7310215102874134e-07,4.040593308957338e-18,9.147616224009205e-07
0.0,-4.9712759001729645e-06,0.0,-1.733722231425385e-07,4.039837545521408e-18,9.109498186861623e-07
0.0,-4.971275651814666e-06,0.0,-1.736372926489535e-07,4.031712436599398e-18,9.07204185847183e-07
0.0,-4.9712754030869394e-06,0.0,-1.7389744048536755e-07,4.031976066413014e-18,9.035238699838997e-07
0.0,-4.97127515451452e-06,0.0,-1.7415274658995153e-07,4.008936772104986e-18,8.999080208599635e-07
0.0,-4.971274905822878e-06,0.0,-1.7440329012371416e-07,3.987457469293299e-18,8.963557908480473e-07
0.0,-4.971274657276374e-06,0.0,-1.7464914891538798e-07,3.977473228393488e-18,8.928663356653678e-07
0.0,-4.971274408648338e-06,0.0,-1.7489040046062975e-07,3.8981845688325225e-18,8.894388146651211e-07
0.0,-4.9712741600043965e-06,0.0,-1.7512712025668679e-07,3.8878768894570966e-18,8.860723903785118e-07
0.0,-4.971273911300419e-06,0.0,-1.7535938391182037e-07,3.885415953563636e-18,8.827662287090473e-07
0.0,-4.9712736626470516e-06,0.0,-1.7558726559099167e-07,3.8727125448512355e-18,8.795194996125452e-07
0.0,-4.971273413929696e-06,0.0,-1.7581083790484073e-07,3.855659559501545e-18,8.763313767224333e-07
0.0,-4.971273165568196e-06,0.0,-1.7603017413013265e-07,3.849099762752763e-18,8.732010370028102e-07
0.0,-4.971272917214825e-06,0.0,-1.7624534454601984e-07,3.8375297445316165e-18,8.701276618725364e-07
0.0,-4.9712726685790306e-06,0.0,-1.764564200977786e-07,3.822162240484199e-18,8.671104366917662e-07
0.0,-4.971272420033851e-06,0.0,-1.766634706204515e-07,3.8126569607776254e-18,8.641485509978653e-07
0.0,-4.971272171492758e-06,0.0,-1.7686656372862584e-07,3.794331423220782e-18,8.612411981862189e-07
0.0,-4.971271922921358e-06,0.0,-1.770657680360767e-07,3.786204630355608e-18,8.583875767453625e-07
0.0,-4.971271674254894e-06,0.0,-1.7726114993612445e-07,3.7758204477233784e-18,8.555868887581734e-07
0.0,-4.971271425678705e-06,0.0,-1.7745277537798665e-07,3.774266623887584e-18,8.528383416782316e-07
0.0,-4.971271176980579e-06,0.0,-1.7764070953371464e-07,3.762551363212924e-18,8.50141147094696e-07
0.0,-4.9712709286727844e-06,0.0,-1.7782501679819054e-07,3.7475018711085175e-18,8.47494521731505e-07
0.0,-4.9712706801281515e-06,0.0,-1.7800576034504106e-07,3.735422831815307e-18,8.448976866147081e-07
0.0,-4.971270431432888e-06,0.0,-1.781830029037889e-07,3.725359781683815e-18,8.423498685573913e-07
0.0,-4.9712701829838014e-06,0.0,-1.7835680609372255e-07,3.714930720544333e-18,8.398502988412856e-07
0.0,-4.9712699344619105e-06,0.0,-1.7852723075696082e-07,3.7043060891009515e-18,8.373982143131129e-07
0.0,-4.971269685901921e-06,0.0,-1.786943369584534e-07,3.694981009804015e-18,8.349928569821302e-07
0.0,-4.9712694373635806e-06,0.0,-1.7885818409700264e-07,3.685888743977779e-18,8.326334743254411e-07
0.0,-4.971269188632804e-06,0.0,-1.7901883035015176e-07,3.6788854574014925e-18,8.303193193990172e-07
0.0,-4.971268940080801e-06,0.0,-1.7917633356236307e-07,3.671433572569067e-18,8.280496507960664e-07
0.0,-4.971268691510463e-06,0.0,-1.79330750134795e-07,3.661301892622518e-18,8.258237328135639e-07
0.0,-4.9712684432501705e-06,0.0,-1.7948213691267923e-07,3.661440250225256e-18,8.236408360906348e-07
0.0,-4.971268194662918e-06,0.0,-1.7963054840976617e-07,3.6555877389520325e-18,8.21500236609347e-07
0.0,-4.971267946120206e-06,0.0,-1.7977603947285627e-07,3.649549404620472e-18,8.194012169853516e-07
0.0,-4.971267697418437e-06,0.0,-1.7991866350544585e-07,3.640636025465046e-18,8.173430656352116e-07
0.0,-4.971267448801292e-06,0.0,-1.8005847379999195e-07,3.6325427693309996e-18,8.1532507774785e-07
0.0,-4.971267200294043e-06,0.0,-1.80195522538714e-07,3.624541575371837e-18,8.133465543547358e-07
0.0,-4.971266951664713e-06,0.0,-1.8032986112665816e-07,3.615645570665793e-18,8.114068035094967e-07
0.0,-4.971266703193669e-06,0.0,-1.8046154030271998e-07,3.6064622384962036e-18,8.095051398993412e-07
0.0,-4.9712664547632205e-06,0.0,-1.80590609473511e-07,3.597904060227767e-18,8.076408848866906e-07
0.0,-4.971266206008235e-06,0.0,-1.8071711893380374e-07,3.588135267500702e-18,8.05813366842251e-07
0.0,-4.9712659574049125e-06,0.0,-1.8084111631381824e-07,3.579313756843567e-18,8.040219209784717e-07
0.0,-4.971265708918403e-06,0.0,-1.8096264957682354e-07,3.570510214877732e-18,8.022658897797632e-07
0.0,-4.971265460402976e-06,0.0,-1.8108176568686966e-07,3.563012352131157e-18,8.00544623099639e-07
0.0,-4.971265211973117e-06,0.0,-1.8119851094185485e-07,3.554896355001513e-18,7.988574779803052e-07
0.0,-4.971264963356588e-06,0.0,-1.813129309735247e-07,3.54665718323982e-18,7.97203819110627e-07
0.0,-4.971264714721423e-06,0.0,-1.8142507074747191e-07,3.538033075575807e-18,7.955830187844958e-07
0.0,-4.971264466106303e-06,0.0,-1.8153497445211398e-07,3.529431830851482e-18,7.939944569979735e-07
0.0,-4.971264217460982e-06,0.0,-1.8164268527664832e-07,3.521484532408575e-18,7.924375215186805e-07
0.0,-4.971263969013369e-06,0.0,-1.8174824618820724e-07,3.5133123335906076e-18,7.909116083576425e-07
0.0,-4.971263720455391e-06,0.0,-1.81851699598792e-07,3.505112086059636e-18,7.894161214639788e-07
0.0,-4.971263472098342e-06,0.0,-1.819530861440263e-07,3.496922323759125e-18,7.879504730024541e-07
0.0,-4.971263223444015e-06,0.0,-1.8205244668155765e-07,3.488192219398196e-18,7.865140836310403e-07
0.0,-4.971262975079516e-06,0.0,-1.8214982151390062e-07,3.480518441532819e-18,7.85106382500914e-07
0.0,-4.971262726344987e-06,0.0,-1.8224524950025867e-07,3.471483231027308e-18,7.837268074229876e-07
0.0,-4.971262477699013e-06,0.0,-1.8233876927776986e-07,3.463368651565242e-18,7.823748044515789e-07
0.0,-4.971262229282712e-06,0.0,-1.8243041926150396e-07,3.455185693084578e-18,7.810498291611679e-07
0.0,-4.971261980809758e-06,0.0,-1.8252023609015242e-07,3.4470325453794244e-18,7.797513458969916e-07
0.0,-4.971261732299403e-06,0.0,-1.8260825629136164e-07,3.438959775677568e-18,7.784788280526049e-07
0.0,-4.971261483674081e-06,0.0,-1.826945160596886e-07,3.4309020930941547e-18,7.772317581253903e-07
0.0,-4.957518257305941e-06,0.0,-1.8277905592280554e-07,3.4228696427172444e-18,7.760096272099885e-07
0.0,-4.955827898122893e-06,0.0,-1.8286189994764637e-07,3.4148581226515642e-18,7.748119390899187e-07
0.0,-4.956136311166483e-06,0.0,-1.829430864631691e-07,3.406865562939117e-18,7.736382041269262e-07
0.0,-4.956438551196015e-06,0.0,-1.8302264955515853e-07,3.398891657414801e-18,7.724879427990692e-07
0.0,-4.956734741754959e-06,0.0,-1.8310065517198632e-07,3.391102893962698e-18,7.7136067382484e-07
0.0,-4.957025003040194e-06,0.0,-1.83177316144638e-07,3.383271981741775e-18,7.702558732905307e-07
0.0,-4.957309454325351e-06,0.0,-1.8325313151982587e-07,3.375447405241312e-18,7.691729246627863e-07
0.0,-4.957588211782847e-06,0.0,-1.8332901401370384e-07,3.3701834094906653e-18,7.681110740191785e-07
0.0,-4.9578613889652395e-06,0.0,-1.834064093609477e-07,3.3664575037903192e-18,7.670693877212485e-07
0.0,-4.958129097960547e-06,0.0,-1.8348740644897593e-07,3.358548297070393e-18,7.660467130573743e-07
0.0,-4.958391447520143e-06,0.0,-1.835748361278876e-07,3.3505924334887084e-18,7.650416429379231e-07
0.0,-4.9586485452825055e-06,0.0,-1.8367236613461104e-07,3.3425970630697122e-18,7.640524832132983e-07
0.0,-4.95890049609459e-06,0.0,-1.8378458069596852e-07,3.3341562262889987e-18,7.63077223280981e-07
0.0,-4.9591474030057765e-06,0.0,-1.8391705946559955e-07,3.3259230202462643e-18,7.621135092460862e-07
0.0,-4.95938936668619e-06,0.0,-1.840764425830889e-07,3.3182255867870075e-18,7.611586203570399e-07
0.0,-4.959626486184164e-06,0.0,-1.8427049284650975e-07,3.312343247447651e-18,7.602094472731185e-07
0.0,-4.959858858407426e-06,0.0,-1.845081478929499e-07,3.3044570002020476e-18,7.592624744120319e-07
0.0,-4.9600865778924365e-06,0.0,-1.8479956682792074e-07,3.2948955914689065e-18,7.583137631856732e-07
0.0,-4.960309738412176e-06,0.0,-1.8515616963830627e-07,3.2887118559309496e-18,7.57358939079996e-07
0.0,-4.9605284305579976e-06,0.0,-1.855906717203287e-07,3.280167158753781e-18,7.563931800116357e-07
0.0,-4.960742743771313e-06,0.0,-1.861171099698116e-07,3.278478182103352e-18,7.554112074045583e-07
0.0,-4.960952765878628e-06,0.0,-1.867508657638118e-07,3.2692376985042656e-18,7.544072799728684e-07
0.0,-4.961158582549629e-06,0.0,-1.8750868061477762e-07,3.2595240494991676e-18,7.533751884750447e-07
0.0,-4.96136027798979e-06,0.0,-1.8840866671767313e-07,3.2497278439748384e-18,7.523082533963762e-07
0.0,-4.961557934341544e-06,0.0,-1.8947031383336195e-07,3.2393375483499755e-18,7.511993246575455e-07
0.0,-4.961751632709507e-06,0.0,-1.9071449017678406e-07,3.2411690930615965e-18,7.50040782155866e-07
0.0,-4.961941452167849e-06,0.0,-1.9216343808707684e-07,3.2302792328056566e-18,7.488245396788069e-07
0.0,-4.962127470501824e-06,0.0,-1.938407680323605e-07,3.2235983066558315e-18,7.475420488591487e-07
0.0,-4.962309763242435e-06,0.0,-1.957714448429551e-07,3.2260143909077578e-18,7.461843065301763e-07
0.0,-4.962488405232012e-06,0.0,-1.9798177372255153e-07,3.2178580058818033e-18,7.447418620253617e-07
0.0,-4.962663469398235e-06,0.0,-2.0049937893190421e-07,3.210966677220768e-18,7.432048275588956e-07
0.0,-4.962835027595695e-06,0.0,-2.033531825835451e-07,3.197142429445493e-18,7.415628887866322e-07
0.0,-4.963003149355445e-06,0.0,-2.0657337666413224e-07,3.18594418350219e-18,7.398053174625625e-07
0.0,-4.963167903725765e-06,0.0,-2.1019139494577267e-07,3.1807723301735e-18,7.379209852055097e-07
0.0,-4.963329358074582e-06,0.0,-2.142398792352047e-07,3.3037280137030353e-18,7.35898378806246e-07
0.0,-4.963487578466355e-06,0.0,-2.1875264573400088e-07,3.2938621974655763e-18,7.337256161452316e-07
0.0,-4.9636426294894366e-06,0.0,-2.237646446264059e-07,3.2724803568010963e-18,7.313904638589378e-07
0.0,-4.963794574584024e-06,0.0,-2.293119234419308e-07,3.2904353834558402e-18,7.288803559221157e-07
0.0,-4.963943475907921e-06,0.0,-2.3543158109207172e-07,3.279214334415566e-18,7.261824128545378e-07
0.0,-4.964089393810092e-06,0.0,-2.421617242384938e-07,3.2861729049920913e-18,7.232834625514521e-07
0.0,-4.96423238889004e-06,0.0,-2.4954142221792434e-07,3.274315939814211e-18,7.20170060933616e-07
0.0,-4.964372518815106e-06,0.0,-2.5761065641592556e-07,3.274700113350801e-18,7.168285153590003e-07
0.0,-4.9645098411474245e-06,0.0,-2.6641027108396155e-07,3.2646056939616403e-18,7.132449057169032e-07
0.0,-4.964644411914264e-06,0.0,-2.759819211588533e-07,3.229632193186033e-18,7.094051098658069e-07
0.0,-4.964776286703323e-06,0.0,-2.863680203042834e-07,3.24076111358824e-18,7.052948265315977e-07
0.0,-4.964905518782031e-06,0.0,-2.9761168528856083e-07,3.4565221064097296e-18,7.008996008286795e-07
0.0,-4.965032161439938e-06,0.0,-3.097566810285164e-07,3.4555711634104556e-18,6.962048495035338e-07
0.0,-4.965156266092104e-06,0.0,-3.228473635239771e-07,3.4344580933847964e-18,6.911958865668515e-07
0.0,-4.965277883704975e-06,0.0,-3.369286236804148e-07,3.231551949683776e-18,6.858579495779234e-07
0.0,-4.965397064166359e-06,0.0,-3.520458283560388e-07,3.2185518666675536e-18,6.801762259012684e-07
0.0,-4.965513855999657e-06,0.0,-3.682447607427508e-07,3.230765287913908e-18,6.741358803510387e-07
0.0,-4.965628306666804e-06,0.0,-3.8557156285652663e-07,3.221756452852757e-18,6.67722081350506e-07
0.0,-4.9657404635931785e-06,0.0,-4.040726738089472e-07,3.2006292613218578e-18,6.609200287707517e-07
0.0,-4.9658503723639905e-06,0.0,-4.237947710763341e-07,3.1705612698446912e-18,6.537149806175056e-07
0.0,-4.965958078416255e-06,0.0,-4.447847094374129e-07,3.1632856330891387e-18,6.460922812445376e-07
0.0,-4.966063624873666e-06,0.0,-4.6708945957791235e-07,3.199518928090793e-18,6.380373887898904e-07
0.0,-4.966167055456184e-06,0.0,-4.907560504699221e-07,3.161193098841489e-18,6.295359017655789e-07
0.0,-4.966268412671682e-06,0.0,-5.158315046458219e-07,3.1971054498802363e-18,6.20573586882393e-07
0.0,-4.9663677378226305e-06,0.0,-5.423627809107054e-07,3.192711359459e-18,6.111364063334863e-07
0.0,-4.966465071550897e-06,0.0,-5.703967135020921e-07,3.182113786624074e-18,6.012105447032546e-07
0.0,-4.966560453510021e-06,0.0,-5.999799510275934e-07,3.178438715546396e-18,5.907824357651933e-07
0.0,-4.966653922865742e-06,0.0,-6.311588982891606e-07,3.1557332315475377e-18,5.798387889189379e-07
0.0,-4.966745517922427e-06,0.0,-6.639796564420002e-07,3.1684903472454633e-18,5.683666150166783e-07
0.0,-4.966835276001441e-06,0.0,-6.984879645967764e-07,3.213362939264936e-18,5.56353252744688e-07
0.0,-4.966923233918895e-06,0.0,-7.347291419769294e-07,3.2192323690670326e-18,5.437863935893208e-07
0.0,-4.967009427920447e-06,0.0,-7.727480306311063e-07,3.2011956027710972e-18,5.306541067613749e-07
0.0,-4.967093892705361e-06,0.0,-8.125889383676357e-07,3.1686335012520255e-18,5.169448638706577e-07
0.0,-4.9671766637361455e-06,0.0,-8.542955834653615e-07,3.176634054683842e-18,5.026475623099211e-07
0.0,-4.96725777391956e-06,0.0,-8.979110392734567e-07,3.2263901783677757e-18,4.877515492910511e-07
0.0,-4.967337257170386e-06,0.0,-9.434776812537293e-07,3.1871460115449297e-18,4.7224664350816435e-07
0.0,-4.9674151459720206e-06,0.0,-9.910371318024818e-07,3.1535885806555565e-18,4.561231582301084e-07
0.0,-4.967491471790171e-06,0.0,-1.0406302101793996e-06,3.0975801714400422e-18,4.393719218810968e-07
0.0,-4.967566266367842e-06,0.0,-1.0922968798829303e-06,3.082359382541744e-18,4.219842988711382e-07
0.0,-4.967639559747436e-06,0.0,-1.1460761995783745e-06,3.0740918664572985e-18,4.039522099407504e-07
0.0,-4.967711382653037e-06,0.0,-1.2020062745810917e-06,3.0563280810862974e-18,3.8526815050727593e-07
0.0,-4.967781763769758e-06,0.0,-1.2601242075625553e-06,3.0677134396165494e-18,3.6592520933038285e-07
0.0,-4.967850732183928e-06,0.0,-1.320466053808318e-06,3.0609787370761073e-18,3.459170865392012e-07
0.0,-4.967918316510182e-06,0.0,-1.383066775143716e-06,3.632562553525769e-18,3.2523810898104064e-07
0.0,-4.9679845441031605e-06,0.0,-1.4479601965241118e-06,3.637143233545577e-18,3.038832472493283e-07
0.0,-4.968049442189912e-06,0.0,-1.5151789624030867e-06,3.640666742511722e-18,2.8184812990823265e-07
0.0,-4.968113037313029e-06,0.0,-1.5847544972084746e-06,3.641638908851192e-18,2.591290573148423e-07
0.0,-4.9681753555388855e-06,0.0,-1.6567169638199797e-06,3.634797667386148e-18,2.3572301509439372e-07
0.0,-4.968236422668454e-06,0.0,-1.7310952259325934e-06,3.693961367282188e-18,2.1162768568649833e-07
0.0,-4.968296263206016e-06,0.0,-1.8079168107530679e-06,3.679248077980444e-18,1.8684145994687846e-07
0.0,-4.96835490218046e-06,0.0,-1.887207873694802e-06,3.672015283013021e-18,1.613634465147884e-07
0.0,-4.968412363137266e-06,0.0,-1.968993163738859e-06,4.249449912405891e-18,1.3519348181881117e-07
0.0,-4.968468670045648e-06,0.0,-2.0532959916815666e-06,4.1918115913249965e-18,1.083321372654753e-07
0.0,-4.96852384611626e-06,0.0,-2.1401381977159906e-06,4.150975258442321e-18,8.078072698297888e-08
0.0,-4.968577913529137e-06,0.0,-2.2295401225661167e-06,4.137232800978622e-18,5.254131387183261e-08
0.0,-4.968630894692339e-06,0.0,-2.3215205793981994e-06,4.189897607475094e-18,2.361671418446137e-08
0.0,-4.9686828111578725e-06,0.0,-2.4160968268423283e-06,4.087856209443502e-18,-5.989498186627811e-09
0.0,-4.968733684239191e-06,0.0,-2.5132845443454725e-06,4.14393846285538e-18,-3.627298830884829e-08
0.0,-4.968783535110554e-06,0.0,-2.6130978085237265e-06,4.141439513037289e-18,-6.722865907161398e-08
0.0,-4.9688323837798455e-06,0.0,-2.715549070513753e-06,4.151836036120253e-18,-9.88506493406512e-08
0.0,-4.968880250891105e-06,0.0,-2.820649136654907e-06,4.122179254489203e-18,-1.3113233474907836e-07
0.0,-4.968927155320559e-06,0.0,-2.928407149060334e-06,4.122030582000854e-18,-1.6406632829420248e-07
0.0,-4.968973116933202e-06,0.0,-3.038830567631361e-06,4.0647958475866055e-18,-1.97644482696784e-07
0.0,-4.969018153982738e-06,0.0,-3.151925156401763e-06,4.7562059929624636e-18,-2.3185789345418777e-07
0.0,-4.969062285397527e-06,0.0,-3.267694966440339e-06,4.764295303345016e-18,-2.6669690296212557e-07
0.0,-4.969105529508438e-06,0.0,-3.38614232608096e-06,5.515518985813187e-18,-3.0215110558007434e-07
0.0,-4.969147903565821e-06,0.0,-3.507267826489684e-06,5.563500202695045e-18,-3.3820935362651755e-07
0.0,-4.96918942529445e-06,0.0,-3.631070315669571e-06,5.521832438601999e-18,-3.7485976438724054e-07
0.0,-4.969230111505383e-06,0.0,-3.757546887358473e-06,5.571658429755094e-18,-4.1208972809508834e-07
0.0,-4.9692699790897e-06,0.0,-3.886692876477143e-06,5.51923323506099e-18,-4.4988591729748223e-07
0.0,-4.969309044231994e-06,0.0,-4.018501852689959e-06,5.561280597603405e-18,-4.882342957659766e-07
0.0,-4.969347323131685e-06,0.0,-4.1529656176294005e-06,5.530925642160209e-18,-5.271201297095174e-07
0.0,-4.969384831650442e-06,0.0,-4.290074202564606e-06,5.5755449503326246e-18,-5.665279997926131e-07
0.0,-4.969421584689254e-06,0.0,-4.429815866958115e-06,4.735363947937355e-18,-6.064418127649252e-07
0.0,-4.969457598184703e-06,0.0,-4.572177100575321e-06,4.766883780323291e-18,-6.468448150753687e-07
0.0,-4.969492886302055e-06,0.0,-4.717142624705758e-06,4.738909633590432e-18,-6.877196073605263e-07
0.0,-4.969527463462314e-06,0.0,-4.8646953956048236e-06,4.734005088333315e-18,-7.290481586554896e-07
0.0,-4.969561344288309e-06,0.0,-5.014816610822093e-06,4.750558151050481e-18,-7.708118224226883e-07
0.0,-4.969594542441044e-06,0.0,-5.167485713420205e-06,4.671444269578178e-18,-8.129913532052281e-07
0.0,-4.9696270717303655e-06,0.0,-5.3226804017448675e-06,4.615014711162277e-18,-8.555669231414311e-07
0.0,-4.969658945442323e-06,0.0,-5.48037663708544e-06,4.544640138518797e-18,-8.985181403251317e-07
0.0,-4.969690176818428e-06,0.0,-5.640548654444147e-06,4.5774481324413086e-18,-9.418240671382063e-07
0.0,-4.969720778436622e-06,0.0,-5.803168973860391e-06,4.582635293374941e-18,-9.854632390549492e-07
0.0,-4.96975076291564e-06,0.0,-5.968208413511448e-06,4.617183812738037e-18,-1.0294136847093201e-06
0.0,-4.969780142864559e-06,0.0,-6.135636104367445e-06,4.592561901349999e-18,-1.073652946392399e-06
0.0,-4.9698089301315606e-06,0.0,-6.305419504069215e-06,4.583613354651666e-18,-1.1181581004665809e-06
0.0,-4.969837136971584e-06,0.0,-6.4775244146919066e-06,4.6018429790083515e-18,-1.162905779139776e-06
0.0,-4.969864774608991e-06,0.0,-6.651914999620436e-06,4.597227893649699e-18,-1.2078721917955335e-06
0.0,-4.969891854322009e-06,0.0,-6.82855380220129e-06,4.5175311438331994e-18,-1.2530331480162415e-06
0.0,-4.969918387520825e-06,0.0,-7.007401766392718e-06,4.497080423418214e-18,-1.298364080287135e-06
0.0,-4.969944385105994e-06,0.0,-7.188418257525981e-06,4.461021954461901e-18,-1.3438400666447967e-06
0.0,-4.969969857906705e-06,0.0,-7.371561083066563e-06,4.532461900286712e-18,-1.3894358547967006e-06
0.0,-4.969994816308087e-06,0.0,-7.556786516928121e-06,4.489167045147636e-18,-1.4351258856856342e-06
0.0,-4.970019270476883e-06,0.0,-7.744049323231327e-06,4.4888963374759245e-18,-1.480884317845158e-06
0.0,-4.9700432306897815e-06,0.0,-7.933302780728815e-06,4.527658414896127e-18,-1.526685052060372e-06
0.0,-4.970066706763829e-06,0.0,-8.12449870911755e-06,4.579851218904577e-18,-1.5725017559315358e-06
0.0,-4.970089708151019e-06,0.0,-8.317587495795246e-06,3.78431257203737e-18,-1.6183078884099325e-06
0.0,-4.970112244593091e-06,0.0,-8.512518123505e-06,3.8862259964737515e-18,-1.664076726096203e-06
0.0,-4.970134325408063e-06,0.0,-8.709238198312958e-06,3.920976846653091e-18,-1.7097813872349767e-06
0.0,-4.9701559593806146e-06,0.0,-8.907693980028503e-06,3.872386651555756e-18,-1.7553948580687144e-06
0.0,-4.970177155991997e-06,0.0,-9.107830411514194e-06,3.1629768899564503e-18,-1.800890017859281e-06
0.0,-4.970197923521553e-06,0.0,-9.309591149328002e-06,2.4248746495315407e-18,-1.8462396650197524e-06
0.0,-4.970218270785614e-06,0.0,-9.512918596252888e-06,2.3979807911279617e-18,-1.8914165419416901e-06
0.0,-4.970238206238365e-06,0.0,-9.717753932938233e-06,2.394428662933118e-18,-1.9363933611408177e-06
0.0,-4.9702577378380595e-06,0.0,-9.92403715076251e-06,2.3871417563712176e-18,-1.981142830889215e-06
0.0,-4.970276873998919e-06,0.0,-1.0131707086028202e-05,2.470110673317507e-18,-2.025637680680967e-06
0.0,-4.970295622188373e-06,0.0,-1.0340701453601637e-05,2.457252484163712e-18,-2.0698506865729313e-06
0.0,-4.970313990694659e-06,0.0,-1.0550956882440177e-05,1.895909026288019e-18,-2.113754696594866e-06
0.0,-4.970331986897872e-06,0.0,-1.0762408949898177e-05,1.8985285510800797e-18,-2.1573226562844867e-06
0.0,-4.970349618331707e-06,0.0,-1.0974992218031348e-05,1.9208091046540317e-18,-2.2005276330151307e-06
0.0,-4.97036689203778e-06,0.0,-1.1188640271455394e-05,1.83973361809195e-18,-2.2433428418361063e-06
0.0,-4.970383815054735e-06,0.0,-1.1403285751429972e-05,1.798302268390423e-18,-2.28574166892607e-06
0.0,-4.970400395001707e-06,0.0,-1.161886039549366e-05,1.848215792137386e-18,-2.32769769757214e-06
0.0,-4.970416638119658e-06,0.0,-1.1835295074323458e-05,1.893353341658409e-18,-2.3691847306240786e-06
0.0,-4.970432551338643e-06,0.0,-1.2052519828705257e-05,9.537491674417828e-19,-2.4101768154880838e-06
0.0,-4.970448141540551e-06,0.0,-1.2270463910501134e-05,9.648500755023301e-19,-2.450648266983407e-06
0.0,-4.970463414685227e-06,0.0,-1.248905581928677e-05,1.3201165843038871e-18,-2.4905736911426754e-06
0.0,-4.970478377616552e-06,0.0,-1.2708223341764417e-05,1.379825820865058e-18,-2.529928007416241e-06
0.0,-4.970493036271248e-06,0.0,-1.29278935922861e-05,1.3760017811184917e-18,-2.568686471889632e-06
0.0,-4.970507396949554e-06,0.0,-1.3147993051378414e-05,1.4114447570514437e-18,-2.6068246983360525e-06
0.0,-4.970521465437083e-06,0.0,-1.3368447605488549e-05,1.4046603237932658e-18,-2.6443186804762598e-06
0.0,-4.97053524727681e-06,0.0,-1.3589182587618524e-05,7.606030147351441e-19,-2.6811448131698465e-06
0.0,-4.970548748819899e-06,0.0,-1.381012281784836e-05,7.695221980237722e-19,-2.7172799126489443e-06
0.0,-4.970561975184136e-06,0.0,-1.4031192641971905e-05,7.612325038249513e-19,-2.752701237501358e-06
0.0,-4.970574931745056e-06,0.0,-1.4252315973907399e-05,7.99426419391474e-19,-2.787386507363831e-06
0.0,-4.9705876245176535e-06,0.0,-1.4473416335665548e-05,-6.069026685921377e-20,-2.821313923252901e-06
0.0,-4.97060005825229e-06,0.0,-1.4694416897206574e-05,2.4494826009506926e-21,-2.8544621855504273e-06
0.0,-4.970612238832376e-06,0.0,-1.4915240518073638e-05,3.095588726104611e-20,-2.8868105122388854e-06
0.0,-4.970624170729627e-06,0.0,-1.5135809788582136e-05,4.059172849698156e-20,-2.918338656234637e-06
0.0,-4.970635858952899e-06,0.0,-1.535604706867757e-05,6.78504017276987e-20,-2.9490269229154682e-06
0.0,-4.9706473082784735e-06,0.0,-1.557587453045711e-05,1.225652319769951e-19,-2.9788561864130095e-06
0.0,-4.970658523834548e-06,0.0,-1.5795214198359733e-05,1.6879330936678364e-19,-3.0078079050724895e-06
0.0,-4.970669510033628e-06,0.0,-1.601398798980038e-05,2.0940174076830762e-19,-3.0358641367459624e-06
0.0,-4.9706802712189316e-06,0.0,-1.6232117755582168e-05,1.9473993151934837e-19,-3.063007553669193e-06
0.0,-4.970690812574547e-06,0.0,-1.6449525320419503e-05,1.6557024095228271e-19,-3.0892214562144326e-06
0.0,-4.970701138097827e-06,0.0,-1.6666132523905406e-05,1.22231345991536e-19,-3.1144897856717828e-06
0.0,-4.9707112520242025e-06,0.0,-1.688186125981338e-05,1.5530032522873389e-19,-3.1387971380019663e-06
0.0,-4.970721158899787e-06,0.0,-1.7096633517175738e-05,1.8581945815190265e-19,-3.1621287745776377e-06
0.0,-4.970730862568397e-06,0.0,-1.7310371419141403e-05,1.9336016918694475e-19,-3.184470634756567e-06
0.0,-4.970740367166662e-06,0.0,-1.7522997263610128e-05,2.851824845092423e-19,-3.2058093449992404e-06
0.0,-4.970749676689606e-06,0.0,-1.7734433562534385e-05,2.6204195518774106e-19,-3.2261322304705943e-06
0.0,-4.9707587952006295e-06,0.0,-1.7944603080888244e-05,3.096298534162496e-19,-3.2454273231861795e-06
0.0,-4.9707677259086415e-06,0.0,-1.8153428876191316e-05,3.406425598034262e-19,-3.2636833707689537e-06
0.0,-4.9707764734160994e-06,0.0,-1.8360834337033514e-05,4.2782966745384666e-19,-3.2808898447203293e-06
0.0,-4.970785041037093e-06,0.0,-1.8566743221710837e-05,4.747297582649619e-19,-3.2970369478308383e-06
0.0,-4.970793432257631e-06,0.0,-1.8771079696306043e-05,4.769945362825467e-19,-3.3121156193703186e-06
0.0,-4.970801650659418e-06,0.0,-1.8973768372880306e-05,3.2155046243510947e-19,-3.3261175425679454e-06
0.0,-4.9708096996964775e-06,0.0,-1.9174734347109834e-05,6.246712219260135e-19,-3.3390351486367004e-06
0.0,-4.970817582894118e-06,0.0,-1.9373903235145243e-05,6.755257313654539e-19,-3.3508616213529463e-06
0.0,-4.970825303397463e-06,0.0,-1.95712012110261e-05,7.467188168815124e-19,-3.3615909012474324e-06
0.0,-4.970832864643876e-06,0.0,-1.976655504298524e-05,3.649739257162638e-20,-3.3712176879782967e-06
0.0,-4.9708402694047235e-06,0.0,-1.9959892129753023e-05,2.519577459073173e-20,-3.379737443092667e-06
0.0,-4.9708475214014045e-06,0.0,-2.015114053619554e-05,-4.389935974669371e-19,-3.3871463912200456e-06
0.0,-4.970854623352577e-06,0.0,-2.0340229029174788e-05,-4.429939136128989e-19,-3.3934415215294055e-06
0.0,-4.97086157815314e-06,0.0,-2.052708711174356e-05,-4.460601768540921e-19,-3.3986205874792976e-06
0.0,-4.9708683887456315e-06,0.0,-2.071164505845053e-05,-4.410943059328498e-19,-3.4026821065263265e-06
0.0,-4.970875058354877e-06,0.0,-2.08938339485359e-05,-4.0922528563998353e-19,-3.4056253591119873e-06
0.0,-4.970881589397665e-06,0.0,-2.107358570112551e-05,-4.447998914976422e-19,-3.4074503864976604e-06
0.0,-4.970887985217556e-06,0.0,-2.1250833106428043e-05,-3.5724507283101406e-19,-3.4081579888216155e-06
0.0,-4.970894247696129e-06,0.0,-2.1425509859929923e-05,-3.446938663801214e-19,-3.4077497215323685e-06
0.0,-4.9709003801385105e-06,0.0,-2.1597550594036672e-05,1.540970177779956e-19,-3.4062278914750357e-06
0.0,-4.970906384992295e-06,0.0,-2.1766890909159096e-05,1.754523967348685e-19,-3.403595552894471e-06
0.0,-4.970912265032033e-06,0.0,-2.1933467406575922e-05,6.921135285716313e-19,-3.3998565019395754e-06
0.0,-4.970918022190976e-06,0.0,-2.2097217716966483e-05,6.697360625390064e-19,-3.39501527123702e-06
0.0,-4.970923659539017e-06,0.0,-2.22580805321631e-05,6.74645932441869e-19,-3.3890771229383737e-06
0.0,-4.970929178932603e-06,0.0,-2.2415995634016863e-05,1.2905008221088788e-18,-3.3820480423640314e-06
0.0,-4.9709345830693024e-06,0.0,-2.2570903923374417e-05,1.2918285634906351e-18,-3.373934730439725e-06
0.0,-4.9709398741212804e-06,0.0,-2.2722747448388638e-05,1.2781619604548896e-18,-3.3647445948701946e-06
0.0,-4.970945054347932e-06,0.0,-2.2871469433051352e-05,1.236226685354915e-18,-3.3544857417291714e-06
0.0,-4.9709501260191015e-06,0.0,-2.301701430372762e-05,7.429944443960608e-19,-3.3431669664318117e-06
0.0,-4.9709550913061424e-06,0.0,-2.3159327716023145e-05,7.586381793530441e-19,-3.3307977433748632e-06
0.0,-4.970959952116849e-06,0.0,-2.329835658098546e-05,7.494665088203423e-19,-3.317388215049476e-06
0.0,-4.970964710943737e-06,0.0,-2.3434049090417044e-05,7.390698676235027e-19,-3.302949182375254e-06
0.0,-4.970969369654133e-06,0.0,-2.3566354741633225e-05,7.769923007829494e-19,-3.2874920919048824e-06
0.0,-4.970973930055324e-06,0.0,-2.369522436122092e-05,7.865844509477145e-19,-3.2710290240418218e-06
0.0,-4.970978394466211e-06,0.0,-2.3820610129574568e-05,7.544399459253122e-19,-3.253572681070652e-06
0.0,-4.970982764454538e-06,0.0,-2.394246560332257e-05,7.144902035611152e-19,-3.2351363731890318e-06
0.0,-4.970987042179462e-06,0.0,-2.406074573664355e-05,9.255890423671384e-19,-3.2157340056637435e-06
0.0,-4.970991229141554e-06,0.0,-2.4175406904025897e-05,9.840420547251251e-19,-3.195380064703058e-06
0.0,-4.970995327678838e-06,0.0,-2.4286406920251734e-05,9.664078259811397e-19,-3.1740896028364217e-06
0.0,-4.970999338975366e-06,0.0,-2.4393705061491123e-05,9.678934601807653e-19,-3.1518782242317267e-06
0.0,-4.9710032651795615e-06,0.0,-2.449726208339866e-05,9.580162920004406e-19,-3.1287620692631396e-06
0.0,-4.971007107966614e-06,0.0,-2.459704024120848e-05,9.553666391215823e-19,-3.1047577990095815e-06
0.0,-4.971010868982072e-06,0.0,-2.469300330672062e-05,9.531594912857334e-19,-3.079882579107874e-06
0.0,-4.971014549527416e-06,0.0,-2.478511658639761e-05,1.1623885782950483e-18,-3.0541540633352737e-06
0.0,-4.971018151895342e-06,0.0,-2.4873346937906782e-05,1.1759552970152915e-18,-3.027590376796477e-06
0.0,-4.971021677192035e-06,0.0,-2.4957662784775134e-05,1.1882912719986067e-18,-3.0002100989649523e-06
0.0,-4.971025126858839e-06,0.0,-2.5038034133597763e-05,8.631765893271854e-19,-2.9720322459193095e-06
0.0,-4.971028502770778e-06,0.0,-2.5114432586583346e-05,8.443572901889421e-19,-2.9430762529405243e-06
0.0,-4.9710318059468714e-06,0.0,-2.5186831355986978e-05,8.419628719371652e-19,-2.9133619565471185e-06
0.0,-4.971035038000994e-06,0.0,-2.52552052768777e-05,8.003267077514533e-19,-2.8829095758086717e-06
0.0,-4.9710382006589095e-06,0.0,-2.5319530819683997e-05,7.811534001838956e-19,-2.851739694380999e-06
0.0,-4.971041295124148e-06,0.0,-2.5379786100296733e-05,5.6238435319316585e-19,-2.8198732412090703e-06
0.0,-4.971044322747258e-06,0.0,-2.5435950892170562e-05,5.592622806211969e-19,-2.787331472236045e-06
0.0,-4.971047284506496e-06,0.0,-2.5488006634983623e-05,8.298914055248894e-19,-2.754135950356796e-06
0.0,-4.971050182361065e-06,0.0,-2.553593644374133e-05,8.154154235137511e-19,-2.720308526800817e-06
0.0,-4.971053017235371e-06,0.0,-2.55797251178801e-05,8.377233814708046e-19,-2.6858713215090304e-06
0.0,-4.971055790446587e-06,0.0,-2.5619359147373608e-05,9.8019958994784e-19,-2.6508467035660766e-06
0.0,-4.971058503185267e-06,0.0,-2.565482672072628e-05,1.1896521531122605e-18,-2.6152572710011802e-06
0.0,-4.9710611565083805e-06,0.0,-2.5686117729525196e-05,1.1687782398018186e-18,-2.5791258313245396e-06
0.0,-4.971063752119582e-06,0.0,-2.5713223774435223e-05,1.175970319981766e-18,-2.5424753820914614e-06
0.0,-4.971066290718917e-06,0.0,-2.5736138168751697e-05,1.1842528445246712e-18,-2.505329089933036e-06
0.0,-4.971068773546672e-06,0.0,-2.5754855941953062e-05,1.054325019297754e-18,-2.4677102709884263e-06
0.0,-4.9710712019044785e-06,0.0,-2.5769373842365383e-05,1.0479437123180007e-18,-2.4296423712400437e-06
0.0,-4.971073576541781e-06,0.0,-2.577969033960477e-05,1.0484258707950309e-18,-2.3911489458009517e-06
0.0,-4.971075898958969e-06,0.0,-2.5785805623689153e-05,1.0419260652821166e-18,-2.3522536393124734e-06
0.0,-4.971078169844989e-06,0.0,-2.5787721606814598e-05,1.030697914652445e-18,-2.3129801655508023e-06
0.0,-4.971080390348254e-06,0.0,-2.57854419226891e-05,1.0350595315218269e-18,-2.273352288234003e-06
0.0,-4.971082561478345e-06,0.0,-2.5778971923757014e-05,1.0240058738258924e-18,-2.233393800038813e-06
0.0,-4.971084684044255e-06,0.0,-2.576831867953363e-05,1.0110212067135792e-18,-2.193128503629712e-06
0.0,-4.971086759257749e-06,0.0,-2.5753490973718572e-05,9.933255881746764e-19,-2.1525801917512316e-06
0.0,-4.971088787937099e-06,0.0,-2.5734499300309954e-05,9.90128093805451e-19,-2.1117726271815155e-06
0.0,-4.9710907711704775e-06,0.0,-2.571135585705403e-05,1.003091135008808e-18,-2.070729524302621e-06
0.0,-4.971092710003466e-06,0.0,-2.5684074542558558e-05,1.0119389663262314e-18,-2.0294745284781392e-06
0.0,-4.971094604937556e-06,0.0,-2.565267094729994e-05,1.0201673554309437e-18,-1.988031198338228e-06
0.0,-4.971096456672887e-06,0.0,-2.5617162347627968e-05,1.0860511001739211e-18,-1.9464229856290685e-06
0.0,-4.971098266747562e-06,0.0,-2.557756769710607e-05,1.1382735432773925e-18,-1.904673217629722e-06
0.0,-4.971100035588827e-06,0.0,-2.5533907618517616e-05,1.1886118506044805e-18,-1.8628050773208161e-06
0.0,-4.971101763754349e-06,0.0,-2.548620439187549e-05,1.1861326879732344e-18,-1.8208415868422352e-06
0.0,-4.971103452849075e-06,0.0,-2.5434481946539457e-05,1.1950872065599856e-18,-1.7788055881405528e-06
0.0,-4.971105102805432e-06,0.0,-2.5378765847227297e-05,1.2533887650882486e-18,-1.7367197255871733e-06
0.0,-4.971106714915552e-06,0.0,-2.531908328357869e-05,1.2463282352792451e-18,-1.6946064292902777e-06
0.0,-4.971108289930005e-06,0.0,-2.5255463055944284e-05,1.2799761342865519e-18,-1.652487896949677e-06
0.0,-4.971109828313105e-06,0.0,-2.518793556184097e-05,1.277744824422962e-18,-1.6103860777863634e-06
0.0,-4.971111330929698e-06,0.0,-2.51165327814079e-05,1.274690484470531e-18,-1.5683226558093959e-06
0.0,-4.971112798656771e-06,0.0,-2.504128826141922e-05,1.265850561119993e-18,-1.5263190344220072e-06
0.0,-4.971114232141199e-06,0.0,-2.496223709940788e-05,1.2635149045853536e-18,-1.4843963192617641e-06
0.0,-4.971115632022511e-06,0.0,-2.4879415926013012e-05,1.2474361895541876e-18,-1.4425753041215913e-06
0.0,-4.971116998806164e-06,0.0,-2.4792862886772264e-05,1.2432467800695423e-18,-1.4008764559965017e-06
0.0,-4.971118333468592e-06,0.0,-2.4702617624580218e-05,1.247916371362726e-18,-1.3593198997035747e-06
0.0,-4.971119636090636e-06,0.0,-2.4608721258594146e-05,1.245237312303628e-18,-1.3179254043858772e-06
0.0,-4.97112090799006e-06,0.0,-2.451121636458298e-05,1.2427331713923156e-18,-1.276712370130828e-06
0.0,-4.9711221492583894e-06,0.0,-2.4410146954166167e-05,1.2408771585352327e-18,-1.2356998137420796e-06
0.0,-4.971123360956496e-06,0.0,-2.430555845205403e-05,1.2384205336451344e-18,-1.194906356974652e-06
0.0,-4.971124543451429e-06,0.0,-2.4197497673954282e-05,1.2347569115717925e-18,-1.1543502142115316e-06
0.0,-4.9711256971509845e-06,0.0,-2.4086012802147156e-05,1.2326571884424049e-18,-1.1140491795573833e-06
0.0,-4.97112682265311e-06,0.0,-2.3971153362503677e-05,1.2282975749896926e-18,-1.0740206167216943e-06
0.0,-4.971127921041166e-06,0.0,-2.3852970198950585e-05,1.2267824776324256e-18,-1.0342814477327275e-06
0.0,-4.971128992192613e-06,0.0,-2.3731515447046926e-05,1.2249135041351802e-18,-9.948481423106878e-07
0.0,-4.971130037029559e-06,0.0,-2.3606842508226925e-05,1.2541649670503993e-18,-9.557367088992409e-07
0.0,-4.971131056130034e-06,0.0,-2.3479006022821483e-05,1.2488630710185226e-18,-9.169626844827696e-07
0.0,-4.9711320500291554e-06,0.0,-2.334806184074831e-05,1.244715294855953e-18,-8.785411265373263e-07
0.0,-4.971133019100258e-06,0.0,-2.3214066994644487e-05,1.3061932003727118e-18,-8.404866040829971e-07
0.0,-4.971133963614763e-06,0.0,-2.307707966811406e-05,1.3055536727765348e-18,-8.028131908561085e-07
0.0,-4.971134884290073e-06,0.0,-2.293715916819453e-05,1.2985655582670299e-18,-7.655344579818182e-07
0.0,-4.971135781573203e-06,0.0,-2.279436589249419e-05,1.3177452215383486e-18,-7.286634669555127e-07
0.0,-4.971136655970482e-06,0.0,-2.2648761298994064e-05,1.3148594573074329e-18,-6.922127641576841e-07
0.0,-4.971137507815593e-06,0.0,-2.250040787285223e-05,1.3821216271469267e-18,-6.561943752855523e-07
0.0,-4.9711383376586e-06,0.0,-2.2349369093985287e-05,1.3753802227143201e-18,-6.206198008255127e-07
0.0,-4.971139146095812e-06,0.0,-2.2195709404427793e-05,1.3721692981376232e-18,-5.855000109045607e-07
0.0,-4.971139933071832e-06,0.0,-2.203949417202795e-05,1.3683915365044736e-18,-5.508454429693291e-07
0.0,-4.971140699694426e-06,0.0,-2.1880789658584226e-05,1.3638491127002569e-18,-5.166659975256669e-07
0.0,-4.971141445710486e-06,0.0,-2.171966298165364e-05,1.3544596048783553e-18,-4.829710358177013e-07
0.0,-4.971142172032456e-06,0.0,-2.1556182080134866e-05,1.3561730183496887e-18,-4.4976937845746445e-07
0.0,-4.971142878793519e-06,0.0,-2.139041567751983e-05,1.353098614160959e-18,-4.1706930362783255e-07
0.0,-4.971143566492528e-06,0.0,-2.1222433244590246e-05,1.4242141997738395e-18,-3.848785462083055e-07
0.0,-4.971144235542909e-06,0.0,-2.1052304961225914e-05,1.4217562498976066e-18,-3.5320429823307333e-07
0.0,-4.971144885908076e-06,0.0,-2.0880101678657142e-05,1.4245630515081633e-18,-3.2205320811048893e-07
0.0,-4.971145518342819e-06,0.0,-2.0705894880717975e-05,1.2988673691724954e-18,-2.914313827984938e-07
0.0,-4.971146133430421e-06,0.0,-2.052975664443328e-05,1.302100689732849e-18,-2.613443886478026e-07
0.0,-4.971146731021485e-06,0.0,-2.0351759599606622e-05,1.3782093519083272e-18,-2.3179725341255307e-07
0.0,-4.971147311729086e-06,0.0,-2.0171976889185322e-05,1.3695638125801041e-18,-2.0279446944054606e-07
0.0,-4.9711478760241686e-06,0.0,-1.9990482128737317e-05,1.3762370554269566e-18,-1.7433999661891604e-07
0.0,-4.971148423852424e-06,0.0,-1.9807349364262697e-05,1.2533131350486982e-18,-1.4643726563725445e-07
0.0,-4.971148955755054e-06,0.0,-1.962265303122649e-05,1.250469135027413e-18,-1.1908918356657104e-07
0.0,-4.971149472389812e-06,0.0,-1.943646791203712e-05,1.2363975411728981e-18,-9.229813732017789e-08
0.0,-4.971149973535788e-06,0.0,-1.9248869094635108e-05,1.2159834013710644e-18,-6.606599983809106e-08
0.0,-4.97115045974109e-06,0.0,-1.9059931928639295e-05,1.2089925773074644e-18,-4.0394135757934674e-08
0.0,-4.971150931079909e-06,0.0,-1.8869731981937098e-05,1.1282104966645653e-18,-1.5283407894252975e-08
0.0,-4.971151388294879e-06,0.0,-1.8678344998496093e-05,1.1208832410969998e-18,9.265815702805827e-09
0.0,-4.971151831107168e-06,0.0,-1.848584685406611e-05,1.119858955264918e-18,3.3253654697447296e-08
0.0,-4.971152260177252e-06,0.0,-1.8292313511326255e-05,1.1121577013681977e-18,5.6680707846562016e-08
0.0,-4.971152675624759e-06,0.0,-1.8097820976253152e-05,1.0329697027090378e-18,7.954804587509401e-08
0.0,-4.971153077931403e-06,0.0,-1.790244525415615e-05,1.0287658800754761e-18,1.0185720130699073e-07
0.0,-4.971153466880306e-06,0.0,-1.7706262303714095e-05,1.0229558249503798e-18,1.2361016003258849e-07
0.0,-4.97115384342794e-06,0.0,-1.750934799267748e-05,1.0132641334606463e-18,1.4480935107538518e-07
0.0,-4.971154207367504e-06,0.0,-1.7311778053792588e-05,1.0125305404941172e-18,1.6545763707868656e-07
0.0,-4.971154558984967e-06,0.0,-1.711362803706195e-05,1.0968545698896224e-18,1.8555830307663707e-07
0.0,-4.971154898575175e-06,0.0,-1.6914973267333836e-05,9.42418583100358e-19,2.0511504625750694e-07
0.0,-4.971155226465184e-06,0.0,-1.6715888797117818e-05,8.176226217940994e-19,2.2413196418306803e-07
0.0,-4.9711555430320375e-06,0.0,-1.651644936162076e-05,9.078237296308683e-19,2.426135428466456e-07
0.0,-4.971155847993648e-06,0.0,-1.631672933378282e-05,9.070727963827172e-19,2.605646461675156e-07
0.0,-4.971156142230485e-06,0.0,-1.611680267842526e-05,7.809506449157168e-19,2.779905015457631e-07
0.0,-4.971156425412501e-06,0.0,-1.5916742907286447e-05,6.955029966588019e-19,2.948966890426809e-07
0.0,-4.971156697808219e-06,0.0,-1.5716623033280708e-05,6.987167920023179e-19,3.1128912763298697e-07
0.0,-4.971156959956671e-06,0.0,-1.551651552608944e-05,6.871376526044913e-19,3.2717406158713216e-07
0.0,-4.971157211746107e-06,0.0,-1.5316492266641973e-05,6.854752605613669e-19,3.4255804875485716e-07
0.0,-4.971157453590671e-06,0.0,-1.5116624502928771e-05,6.686001658826322e-19,3.5744794478171063e-07
0.0,-4.971157685515329e-06,0.0,-1.491698280426024e-05,6.658393445106529e-19,3.718508906414708e-07
0.0,-4.971157908016856e-06,0.0,-1.4717637018523193e-05,6.829734438248159e-19,3.857742982300342e-07
0.0,-4.971158120790469e-06,0.0,-1.4518656227105837e-05,7.974034969602007e-19,3.992258359792332e-07
0.0,-4.971158324736212e-06,0.0,-1.4320108701377044e-05,7.951802899787491e-19,4.1221341469619375e-07
0.0,-4.971158519364069e-06,0.0,-1.4122061859720787e-05,7.937282753729649e-19,4.2474517281459195e-07
0.0,-4.971158705281034e-06,0.0,-1.392458222434847e-05,7.943050666689997e-19,4.368294619599294e-07
0.0,-4.9711588823784955e-06,0.0,-1.3727735379110509e-05,7.892842724383346e-19,4.4847483226845147e-07
0.0,-4.971159051222619e-06,0.0,-1.35315859268638e-05,7.875382795195927e-19,4.5969001745541856e-07
0.0,-4.971159211567148e-06,0.0,-1.3336197448393499e-05,7.778850388151327e-19,4.7048392021209106e-07
0.0,-4.971159363686351e-06,0.0,-1.3141632461445837e-05,7.823893967562893e-19,4.808655969721631e-07
0.0,-4.971159507981964e-06,0.0,-1.2947952380427053e-05,7.72359671448904e-19,4.908442434657495e-07
0.0,-4.9711596443546125e-06,0.0,-1.2755217477101544e-05,7.618015599273842e-19,5.004291799585222e-07
0.0,-4.971159773074136e-06,0.0,-1.2563486840401824e-05,7.744709959899877e-19,5.096298361092144e-07
0.0,-4.971159893989015e-06,0.0,-1.2372818339125065e-05,7.775903867360018e-19,5.184557361567193e-07
0.0,-4.971160007863122e-06,0.0,-1.2183268584407598e-05,7.6628907712948785e-19,5.269164848730821e-07
0.0,-4.971160114078176e-06,0.0,-1.1994892891866344e-05,7.555807359837249e-19,5.350217526629839e-07
0.0,-4.971160213510153e-06,0.0,-1.1807745247737046e-05,7.5869985866417855e-19,5.427812610600859e-07
0.0,-4.9711603060706575e-06,0.0,-1.1621878271792855e-05,6.575855523146872e-19,5.50204768683035e-07
0.0,-4.9711603915437205e-06,0.0,-1.1437343184148702e-05,6.522273242004875e-19,5.573020567894765e-07
0.0,-4.971160470614629e-06,0.0,-1.1254189772620772e-05,6.499823594796635e-19,5.640829159780228e-07
0.0,-4.971160542830298e-06,0.0,-1.107246635997495e-05,6.413425283247918e-19,5.705571321208528e-07
0.0,-4.971160608730891e-06,0.0,-1.0892219773284715e-05,5.524890179189307e-19,5.767344730101817e-07
0.0,-4.971160668484314e-06,0.0,-1.0713495314066166e-05,5.520810424702439e-19,5.826246744396242e-07
0.0,-4.97116072211495e-06,0.0,-1.0536336729634296e-05,5.561008351670308e-19,5.882374286170395e-07
0.0,-4.9711607693403084e-06,0.0,-1.0360786184903363e-05,6.614295609635641e-19,5.935823705503506e-07
0.0,-4.971160810891248e-06,0.0,-1.0186884237628951e-05,6.632073667189023e-19,5.986690658051122e-07
0.0,-4.97116084647318e-06,0.0,-1.001466981276184e-05,6.081927765073623e-19,6.035069988375542e-07
0.0,-4.971160876646567e-06,0.0,-9.844180177912108e-06,6.077270301096908e-19,6.081055605431181e-07
0.0,-4.97116090109177e-06,0.0,-9.675450922699023e-06,5.47233613777659e-19,6.124740379040012e-07
0.0,-4.971160919998352e-06,0.0,-9.508515937656809e-06,5.435850430981586e-19,6.16621602582871e-07
0.0,-4.971160933714204e-06,0.0,-9.343407394583753e-06,5.352976998092608e-19,6.205572998613499e-07
0.0,-4.971160942078365e-06,0.0,-9.180155729555789e-06,5.339763525572718e-19,6.242900394396469e-07
0.0,-4.9711609456759815e-06,0.0,-9.018789626384225e-06,5.315533071103861e-19,6.278285848889705e-07
0.0,-4.971160943683967e-06,0.0,-8.859336002626939e-06,4.847702262806969e-19,6.311815446866494e-07
0.0,-4.971160937060702e-06,0.0,-8.701819996820845e-06,4.859310042224983e-19,6.343573634876375e-07
0.0,-4.971160925274263e-06,0.0,-8.546264957490699e-06,4.780357386898385e-19,6.373643134640818e-07
0.0,-4.9711609088564045e-06,0.0,-8.392692434489389e-06,4.754734474592815e-19,6.402104862973947e-07
0.0,-4.971160887971106e-06,0.0,-8.241122171559446e-06,4.754402980196371e-19,6.429037858253874e-07
0.0,-4.97116086231332e-06,0.0,-8.091572100559915e-06,4.750783978788285e-19,6.454519216133695e-07
0.0,-4.971160832477654e-06,0.0,-7.944058339023872e-06,4.712327744988058e-19,6.478624011854064e-07
0.0,-4.971160798104736e-06,0.0,-7.798595188826173e-06,4.739887440130708e-19,6.50142525721761e-07
0.0,-4.97116075955029e-06,0.0,-7.655195135961425e-06,4.73486609994997e-19,6.522993831874432e-07
0.0,-4.971160716885186e-06,0.0,-7.513868854984884e-06,5.129274029007115e-19,6.54339844435268e-07
0.0,-4.9711606701346645e-06,0.0,-7.37462521201008e-06,5.07140202259454e-19,6.56270558152508e-07
0.0,-4.97116061905264e-06,0.0,-7.237471275144911e-06,5.52679776042724e-19,6.580979474612924e-07
0.0,-4.971160564403943e-06,0.0,-7.102412321041972e-06,5.502488787286237e-19,6.598282062966348e-07
0.0,-4.971160505431533e-06,0.0,-6.9694518488873735e-06,5.515907482718558e-19,6.614672969361036e-07
0.0,-4.97116044274339e-06,0.0,-6.838591594278532e-06,5.487730466456787e-19,6.630209475295127e-07
0.0,-4.9711603765074305e-06,0.0,-6.709831546210587e-06,5.815409000663513e-19,6.644946504194192e-07
0.0,-4.971160306535655e-06,0.0,-6.5831699658391735e-06,5.475268129091581e-19,6.658936616697593e-07
0.0,-4.971160233025756e-06,0.0,-6.458603409239995e-06,5.421609842651884e-19,6.672229992750771e-07
0.0,-4.971160155956943e-06,0.0,-6.336126752388844e-06,5.598682217672522e-19,6.684874446594934e-07
0.0,-4.971160075490622e-06,0.0,-6.215733217140814e-06,5.58784229880729e-19,6.696915416079112e-07
0.0,-4.971159991866709e-06,0.0,-6.097414402316548e-06,5.369691290563753e-19,6.708395987641491e-07
0.0,-4.971159904797866e-06,0.0,-5.981160317008917e-06,5.3598028604260495e-19,6.719356907965383e-07
0.0,-4.971159814366565e-06,0.0,-5.86695941455585e-06,5.416719390575266e-19,6.729836597437228e-07
0.0,-4.971159720964616e-06,0.0,-5.754798633174481e-06,5.400235631371192e-19,6.739871192060416e-07
0.0,-4.971159624199833e-06,0.0,-5.644663436928373e-06,5.56592253394957e-19,6.749494563572823e-07
0.0,-4.971159524682877e-06,0.0,-5.536537860358474e-06,5.551591630018773e-19,6.758738362471563e-07
0.0,-4.97115942192267e-06,0.0,-5.430404555667589e-06,5.540649031463322e-19,6.767632061861946e-07
0.0,-4.971159316414281e-06,0.0,-5.3262448452339106e-06,5.530267030269682e-19,6.776203003392416e-07
0.0,-4.9711592081584724e-06,0.0,-5.224038774346605e-06,5.378830930912582e-19,6.784476452211325e-07
0.0,-4.9711590971141674e-06,0.0,-5.123765169825567e-06,5.483892643367661e-19,6.792475653861367e-07
0.0,-4.971158983023855e-06,0.0,-5.025401700084478e-06,5.471638489400657e-19,6.800221897563098e-07
0.0,-4.971158866203618e-06,0.0,-4.928924940189851e-06,5.459460789524922e-19,6.807734586434122e-07
0.0,-4.971158747116127e-06,0.0,-4.834310439362576e-06,5.513402588290687e-19,6.815031306598204e-07
0.0,-4.971158625192329e-06,0.0,-4.741532791032973e-06,5.498092651269245e-19,6.822127909341116e-07
0.0,-4.971158501014191e-06,0.0,-4.6505657100012726e-06,5.446655380544657e-19,6.829038591044058e-07
0.0,-4.97115837407323e-06,0.0,-4.561382109265023e-06,5.430234815344897e-19,6.835775982971345e-07
0.0,-4.971158244674041e-06,0.0,-4.473954183396824e-06,5.415454032860551e-19,6.842351236894274e-07
0.0,-4.9711581132964835e-06,0.0,-4.38825349358738e-06,5.40097116820121e-19,6.848774127506727e-07
0.0,-4.971157979106092e-06,0.0,-4.3042510585727465e-06,5.386160212439528e-19,6.855053149845514e-07
0.0,-4.971157842894182e-06,0.0,-4.221917448004052e-06,5.374211772668034e-19,6.861195623093481e-07
0.0,-4.971157704237503e-06,0.0,-4.141222880702223e-06,5.360474995664978e-19,6.867207801322116e-07
0.0,-4.971157563434944e-06,0.0,-4.062137325910276e-06,5.348503595399682e-19,6.873094988258092e-07
0.0,-4.971157420474256e-06,0.0,-3.984630609985741e-06,5.320061506708152e-19,6.878861651494957e-07
0.0,-4.971157275462416e-06,0.0,-3.908672527200874e-06,5.308787485765945e-19,6.884511542533245e-07
0.0,-4.9711571285226535e-06,0.0,-3.834232952874361e-06,5.297350367047652e-19,6.89004783180841e-07
0.0,-4.971156979366644e-06,0.0,-3.761281962831279e-06,5.292419709869622e-19,6.895473224983919e-07
0.0,-4.971156828324089e-06,0.0,-3.6897899574149747e-06,5.285489862203509e-19,6.900790109497411e-07
0.0,-4.971156675282803e-06,0.0,-3.619727787719389e-06,5.27347498871007e-19,6.90600068570279e-07
0.0,-4.9711565202524935e-06,0.0,-3.5510668580626165e-06,5.261774581011111e-19,6.911107077195998e-07
0.0,-4.971156363612158e-06,0.0,-3.483779143306373e-06,5.2498429080891505e-19,6.916111368145936e-07
0.0,-4.9711562048493605e-06,0.0,-3.417837179641145e-06,5.237944672177055e-19,6.921015600241477e-07
0.0,-4.971156044398579e-06,0.0,-3.3532140515965837e-06,5.225708278530793e-19,6.925821773940851e-07
0.0,-4.971155882119408e-06,0.0,-3.2898833828266492e-06,5.213825877255769e-19,6.930531848055518e-07
0.0,-4.97115571806039e-06,0.0,-3.2278193240081815e-06,5.202604675823222e-19,6.935147745856722e-07
0.0,-4.9711555523336705e-06,0.0,-3.1669965434040036e-06,5.190779648704066e-19,6.939671349247018e-07
0.0,-4.971155385221776e-06,0.0,-3.1073902150945584e-06,5.179052333368606e-19,6.944104505283113e-07
0.0,-4.97115521637291e-06,0.0,-3.0489760103181692e-06,5.167405033691379e-19,6.9484490190985e-07
0.0,-4.971155046003657e-06,0.0,-2.991730086701875e-06,5.158475852745472e-19,6.952706665838506e-07
0.0,-4.971154873814369e-06,0.0,-2.9356290784914673e-06,5.150282281215141e-19,6.956879178864516e-07
0.0,-4.971154700251506e-06,0.0,-2.8806500874476617e-06,5.138635892150871e-19,6.960968264325787e-07
0.0,-4.971154525088384e-06,0.0,-2.8267706734092037e-06,5.127060744172017e-19,6.9649755883922e-07
0.0,-4.971154348461599e-06,0.0,-2.773968844966992e-06,5.11551629204253e-19,6.96890278655252e-07
0.0,-4.97115417024657e-06,0.0,-2.7222230502492296e-06,5.10394635973095e-19,6.972751460422837e-07
0.0,-4.97115399076179e-06,0.0,-2.6715121685947516e-06,5.089743416379824e-19,6.976523178440593e-07
0.0,-4.971153810271857e-06,0.0,-2.621815502226349e-06,5.078379681252736e-19,6.980219480166895e-07
0.0,-4.971153627804055e-06,0.0,-2.573112766369786e-06,5.067114911065181e-19,6.98384187378883e-07
0.0,-4.971153444201327e-06,0.0,-2.5253840824814396e-06,5.055343194829995e-19,6.987391837646108e-07
0.0,-4.971153259544929e-06,0.0,-2.4786099702546933e-06,5.046342566152121e-19,6.990870817455758e-07
0.0,-4.971153073384797e-06,0.0,-2.432771337294861e-06,5.034986043155784e-19,6.994280235194122e-07
0.0,-4.971152886278094e-06,0.0,-2.3878494747893207e-06,5.023603347264294e-19,6.997621478966243e-07
0.0,-4.971152697581317e-06,0.0,-2.3438260471824365e-06,5.012188429609574e-19,7.000895914524635e-07
0.0,-4.971152507818467e-06,0.0,-2.3006830858472902e-06,4.99961117130743e-19,7.004104876110102e-07
0.0,-4.971152316788666e-06,0.0,-2.2584029813141175e-06,4.988196096622797e-19,7.007249671586733e-07
0.0,-4.971152124826202e-06,0.0,-2.216968476719995e-06,4.976940626645064e-19,7.010331586327837e-07
0.0,-4.971151931529434e-06,0.0,-2.1763626600372746e-06,4.966048820284678e-19,7.01335187724867e-07
0.0,-4.971151737118078e-06,0.0,-2.1365689574122505e-06,4.956997496961292e-19,7.016311773778106e-07
0.0,-4.971151541915764e-06,0.0,-2.0975711269479054e-06,4.945825354542908e-19,7.019212486324145e-07
0.0,-4.971151345280374e-06,0.0,-2.059353250710307e-06,4.934706822290241e-19,7.022055196143424e-07
0.0,-4.971151147784779e-06,0.0,-2.021899730065672e-06,4.921094825029802e-19,7.024841063806699e-07
0.0,-4.971150949572549e-06,0.0,-1.9851952776867567e-06,4.9101228399206e-19,7.027571224619455e-07
0.0,-4.971150749933765e-06,0.0,-1.949224912778902e-06,4.899136704739212e-19,7.030246795977182e-07
0.0,-4.971150549473047e-06,0.0,-1.9139739527533585e-06,4.890358218755331e-19,7.032868864320518e-07
0.0,-4.971150348208938e-06,0.0,-1.8794280103407062e-06,4.879621893462857e-19,7.035438503037603e-07
0.0,-4.971150145822945e-06,0.0,-1.845572984820093e-06,4.868600711381279e-19,7.03795675900291e-07
0.0,-4.971149942597508e-06,0.0,-1.8123950582444769e-06,4.857692463005052e-19,7.040424659516211e-07
0.0,-4.9711497382224626e-06,0.0,-1.779880687891109e-06,4.844887587757229e-19,7.042843212580267e-07
0.0,-4.971149532931403e-06,0.0,-1.7480166034859746e-06,4.832471113002935e-19,7.045213402737649e-07
0.0,-4.9711493270119055e-06,0.0,-1.716789798988145e-06,4.823556164872342e-19,7.047536197732208e-07
0.0,-4.971149120275166e-06,0.0,-1.6861875289260394e-06,4.812782175028913e-19,7.049812544484677e-07
0.0,-4.9711489125633575e-06,0.0,-1.6561973025132436e-06,4.802146790239812e-19,7.052043373533617e-07
0.0,-4.9711487038925736e-06,0.0,-1.6268068788745514e-06,4.791238269986125e-19,7.054229594594724e-07
0.0,-4.971148494696786e-06,0.0,-1.5980042622720043e-06,4.780542460536249e-19,7.056372096838481e-07
0.0,-4.971148284391104e-06,0.0,-1.5697776963317326e-06,4.769942783007979e-19,7.058471757910833e-07
0.0,-4.971148073572406e-06,0.0,-1.5421156601581748e-06,4.759217665851986e-19,7.060529431998445e-07
0.0,-4.97114786201454e-06,0.0,-1.515006863338073e-06,4.746522882960231e-19,7.06254595871054e-07
0.0,-4.971147649900253e-06,0.0,-1.4884402408334475e-06,4.734428863514147e-19,7.064522163217864e-07
0.0,-4.9711474366156255e-06,0.0,-1.462404949206839e-06,4.723777042285712e-19,7.066458849591421e-07
0.0,-4.971147222670697e-06,0.0,-1.4368903619583708e-06,4.713237962716906e-19,7.068356807186338e-07
0.0,-4.9711470083065344e-06,0.0,-1.4118860650848576e-06,4.70459647169488e-19,7.070216810780793e-07
0.0,-4.971146793027746e-06,0.0,-1.3873818527499338e-06,4.693980429254034e-19,7.072039620853715e-07
0.0,-4.9711465772535115e-06,0.0,-1.3633677233982756e-06,4.683475588533992e-19,7.073825978033636e-07
0.0,-4.971146360500544e-06,0.0,-1.3398338749816391e-06,4.673107726326824e-19,7.075576613784861e-07
0.0,-4.9711461436638705e-06,0.0,-1.3167707025163717e-06,4.662621612470475e-19,7.077292240970535e-07
0.0,-4.971145925961084e-06,0.0,-1.2941687919771838e-06,4.652268647518658e-19,7.07897356231826e-07
0.0,-4.971145707307231e-06,0.0,-1.2720189182987499e-06,4.641856985951485e-19,7.080621259734278e-07
0.0,-4.971145488491718e-06,0.0,-1.2503120412678791e-06,4.632924372839659e-19,7.082236007626225e-07
0.0,-4.9711452688326825e-06,0.0,-1.2290393000834269e-06,4.6224862623223625e-19,7.083818463188794e-07
0.0,-4.971145048611759e-06,0.0,-1.2081920126901563e-06,4.612139960343173e-19,7.085369275008062e-07
0.0,-4.9711448278192086e-06,0.0,-1.187761669450473e-06,4.602906965761686e-19,7.086889071959315e-07
0.0,-4.971144606395557e-06,0.0,-1.167739932256239e-06,4.592503522777426e-19,7.088378476668602e-07
0.0,-4.971144384824064e-06,0.0,-1.1481186289776646e-06,4.582181962124825e-19,7.08983809635347e-07
0.0,-4.971144162272006e-06,0.0,-1.1288897501326348e-06,4.5719353757730935e-19,7.091268526847647e-07
0.0,-4.97114393944927e-06,0.0,-1.1100454477764884e-06,4.56157857946339e-19,7.092670350103098e-07
0.0,-4.9711437161944215e-06,0.0,-1.0915780306170351e-06,4.552524739932315e-19,7.094044139879931e-07
0.0,-4.971143492126995e-06,0.0,-1.0734799604618431e-06,4.542272493085739e-19,7.095390456473056e-07
0.0,-4.971143267769607e-06,0.0,-1.0557438509969933e-06,4.532061563204029e-19,7.096709848099902e-07
0.0,-4.971143042883523e-06,0.0,-1.0383624623469863e-06,4.52185064542172e-19,7.098002852149586e-07
0.0,-4.97114281752883e-06,0.0,-1.0213287005196293e-06,4.511726177630278e-19,7.099269998791142e-07
0.0,-4.971142591652411e-06,0.0,-1.004635612743103e-06,4.501602075195328e-19,7.100511804034764e-07
0.0,-4.971142365503096e-06,0.0,-9.8827638613369e-07,4.491522313867404e-19,7.101728774589056e-07
0.0,-4.971142138818206e-06,0.0,-9.722443426997747e-07,4.4814686023368325e-19,7.102921406195801e-07
0.0,-4.971141911495274e-06,0.0,-9.565329392308178e-07,4.471452886792195e-19,7.104090186821872e-07
0.0,-4.971141683852795e-06,0.0,-9.411357630785101e-07,4.461336953453926e-19,7.105235592218465e-07
0.0,-4.9711414558423385e-06,0.0,-9.260465296032607e-07,4.451413973423547e-19,7.106358089390563e-07
0.0,-4.971141227420529e-06,0.0,-9.112590793986365e-07,4.441489502122625e-19,7.107458137984813e-07
0.0,-4.971140998682863e-06,0.0,-8.967673775142094e-07,4.43167342091553e-19,7.108536185571098e-07
0.0,-4.971140769416115e-06,0.0,-8.825655087926165e-07,4.421597235097194e-19,7.109592672638666e-07
0.0,-4.971140539737956e-06,0.0,-8.686476766483178e-07,4.411623027667541e-19,7.110628028710341e-07
0.0,-4.971140309724653e-06,0.0,-8.550082002920346e-07,4.40167879572832e-19,7.111642678865182e-07
0.0,-4.971140079523351e-06,0.0,-8.416415125103082e-07,4.391804163106319e-19,7.112637033885306e-07
0.0,-4.971139848600916e-06,0.0,-8.285421575560712e-07,4.381981783316981e-19,7.113611503162296e-07
0.0,-4.9711396178676995e-06,0.0,-8.157047889282056e-07,4.372129189549768e-19,7.114566481652097e-07
0.0,-4.97113938632149e-06,0.0,-8.031241669290505e-07,4.362375794925769e-19,7.11550235931201e-07
0.0,-4.97113915455456e-06,0.0,-7.907951566659984e-07,4.352674153607985e-19,7.116419520129284e-07
0.0,-4.9711389227861864e-06,0.0,-7.787127258310537e-07,4.342989737231016e-19,7.117318334765919e-07
0.0,-4.971138690206678e-06,0.0,-7.66871942702427e-07,4.332706943286136e-19,7.118199173187549e-07
0.0,-4.971138457534307e-06,0.0,-7.552679743681804e-07,4.322927774970785e-19,7.119062393561227e-07
0.0,-4.971138224417362e-06,0.0,-7.438960849498704e-07,4.3132668464753996e-19,7.119908347945369e-07
0.0,-4.9711379908788785e-06,0.0,-7.327516323829006e-07,4.303564880369776e-19,7.120737381734728e-07
0.0,-4.9711377571815355e-06,0.0,-7.218300683054993e-07,4.293088364327188e-19,7.121549834076683e-07
0.0,-4.971137523008674e-06,0.0,-7.111269343949844e-07,4.2835245764064926e-19,7.12234603551221e-07
0.0,-4.971137288736069e-06,0.0,-7.006378628118517e-07,4.273888829107029e-19,7.123126310612535e-07
0.0,-4.9711370541729985e-06,0.0,-6.903585717588827e-07,4.264264583879783e-19,7.123890978256877e-07
0.0,-4.971136819259078e-06,0.0,-6.802848659252345e-07,4.254686525311977e-19,7.124640350244627e-07
0.0,-4.971136584269391e-06,0.0,-6.704126337108816e-07,4.2451987931484696e-19,7.125374733932209e-07
0.0,-4.971136349095007e-06,0.0,-6.607378453392376e-07,4.2350657672493674e-19,7.126094424600329e-07
0.0,-4.9711361133827705e-06,0.0,-6.512565520799965e-07,4.2256095153077604e-19,7.126799722384898e-07
0.0,-4.971135877546313e-06,0.0,-6.41964884028691e-07,4.2161522014642186e-19,7.127490910488998e-07
0.0,-4.971135641342796e-06,0.0,-6.328590915179966e-07,4.2067162480457183e-19,7.128168314706034e-07
0.0,-4.971135405111814e-06,0.0,-6.239374394908183e-07,4.198395290262447e-19,7.128834156465348e-07
0.0,-4.9711351684329205e-06,0.0,-6.152070929907867e-07,4.165749710626249e-19,7.129499312479518e-07
0.0,-4.971134931423088e-06,0.0,-6.066919462310732e-07,4.155907281594096e-19,7.130190998312814e-07
0.0,-4.971134694367302e-06,0.0,-5.984394767766142e-07,4.086710146125423e-19,7.130959459155167e-07
0.0,-4.971134457007064e-06,0.0,-5.905266397167222e-07,4.068950609278768e-19,7.13188371137954e-07
0.0,-4.971134219484403e-06,0.0,-5.830648574502655e-07,4.05748746071662e-19,7.133076294218118e-07
0.0,-4.97113398168388e-06,0.0,-5.76204169032239e-07,4.0475210186922163e-19,7.134687142997612e-07
0.0,-4.971133743724085e-06,0.0,-5.701365839347402e-07,4.046394495669977e-19,7.136906550343634e-07
0.0,-4.971133505340633e-06,0.0,-5.650986976208739e-07,4.0383461972978936e-19,7.139967255463616e-07
0.0,-4.9711332666944365e-06,0.0,-5.613736186695675e-07,4.001041512974598e-19,7.144145695088431e-07
0.0,-4.971133028119994e-06,0.0,-5.592922541916831e-07,4.0196937285824956e-19,7.14976242676345e-07
0.0,-4.971132789278607e-06,0.0,-5.592339996116786e-07,4.0169804407190017e-19,7.157181747365572e-07
0.0,-4.9711325501677755e-06,0.0,-5.616268797772376e-07,3.9960786243498227e-19,7.166810548804931e-07
0.0,-4.971132310864529e-06,0.0,-5.669471815869455e-07,4.288582856069503e-19,7.179096409444803e-07
0.0,-4.9711320715170735e-06,0.0,-5.7571861988038e-07,4.2503980837816207e-19,7.194524981139546e-07
0.0,-4.971131831849123e-06,0.0,-5.885110777798881e-07,4.287355248590828e-19,7.213616690967577e-07
0.0,-4.97113159197588e-06,0.0,-6.059389564560637e-07,3.551612995162354e-19,7.236922789473479e-07
0.0,-4.971131352177221e-06,0.0,-6.286591736188119e-07,3.6770122393289387e-19,7.265020791245073e-07
0.0,-4.97113111221555e-06,0.0,-6.573688425973862e-07,3.7172937467440096e-19,7.298509369476185e-07
0.0,-4.97113087192652e-06,0.0,-6.928026693128914e-07,3.598839304884821e-19,7.338002691498532e-07
0.0,-4.971130631581527e-06,0.0,-7.357300927893759e-07,3.6693633243840857e-19,7.384124331891239e-07
0.0,-4.971130391173619e-06,0.0,-7.869522078392768e-07,2.844196609418337e-19,7.43750072819038e-07
0.0,-4.971130150386126e-06,0.0,-8.472984937929908e-07,2.8222092939393267e-19,7.498754296327718e-07
0.0,-4.971129909509872e-06,0.0,-9.176233751407572e-07,3.984279847383159e-19,7.568496220576909e-07
0.0,-4.971129668205903e-06,0.0,-9.988026482817036e-07,4.0135168000866603e-19,7.647319010635786e-07
0.0,-4.971129426883938e-06,0.0,-1.0917297935869035e-06,5.30087001666153e-19,7.735788852028658e-07
0.0,-4.971129185461841e-06,0.0,-1.1973121963131523e-06,5.199808371583326e-19,7.83443784606519e-07
0.0,-4.971128943879844e-06,0.0,-1.3164673053442735e-06,5.07058567976331e-19,7.943756167240056e-07
0.0,-4.9711287023395694e-06,0.0,-1.4501187438597677e-06,6.143191693751323e-19,8.064184217949101e-07
0.0,-4.971128460584014e-06,0.0,-1.599192400685568e-06,7.297580633591565e-19,8.19610485035616e-07
0.0,-4.971128218457209e-06,0.0,-1.7646125117637764e-06,7.349580968819491e-19,8.339835702690666e-07
0.0,-4.9711279763482944e-06,0.0,-1.9472977589418414e-06,5.06593163044843e-19,8.495621710479544e-07
0.0,-4.971127734035707e-06,0.0,-2.1481574017352945e-06,4.905001258314424e-19,8.663627858824081e-07
0.0,-4.971127492019046e-06,0.0,-2.3680874503907133e-06,4.889017443239925e-19,8.843932237269988e-07
0.0,-4.9711272492891955e-06,0.0,-2.6079669081154867e-06,5.00351023310977e-19,9.036519450371192e-07
0.0,-4.971127007036314e-06,0.0,-2.86865408491687e-06,5.293458472227582e-19,9.241274410488771e-07
0.0,-4.971126764022333e-06,0.0,-3.1509830041445434e-06,5.479165572267947e-19,9.457976628405706e-07
0.0,-4.9711265214184865e-06,0.0,-3.4557599082869856e-06,5.448815126269204e-19,9.686294966508216e-07
0.0,-4.971126278248011e-06,0.0,-3.7837598810080656e-06,5.313190130068568e-19,9.925782973501217e-07
0.0,-4.971126035166513e-06,0.0,-4.135723588976545e-06,4.925227869865605e-19,1.017587478716209e-06
0.0,-4.971125792002752e-06,0.0,-4.512354158254458e-06,4.896197320172239e-19,1.043588167224933e-06
0.0,-4.971125548729219e-06,0.0,-4.914314191905704e-06,4.940282084515477e-19,1.0704989224912874e-06
0.0,-4.971125305484271e-06,0.0,-5.342222934931051e-06,7.490142371583575e-19,1.0982255243406711e-06
0.0,-4.971125062162041e-06,0.0,-5.796653596188504e-06,7.442150321211279e-19,1.1266608332003572e-06
0.0,-4.971124818865728e-06,0.0,-6.278130829186413e-06,7.281125085428791e-19,1.1556847229854558e-06
0.0,-4.971124575268489e-06,0.0,-6.787128383517669e-06,1.0008719546021615e-18,1.1851640878758437e-06
0.0,-4.971124331370666e-06,0.0,-7.324066922605107e-06,1.0181785429396884e-18,1.2149529262574795e-06
0.0,-4.9711240872795e-06,0.0,-7.889312019304474e-06,1.0338763871757685e-18,1.24489250023392e-06
0.0,-4.971123843454506e-06,0.0,-8.483172329253894e-06,1.0510871138951743e-18,1.27481157194316e-06
0.0,-4.971123599276833e-06,0.0,-9.105897939416341e-06,1.321084982493911e-18,1.3045267166086574e-06
0.0,-4.9711233551434804e-06,0.0,-9.757678905803928e-06,1.3037879633566071e-18,1.333842710444165e-06
0.0,-4.97112311114632e-06,0.0,-1.0438643967061334e-05,1.3041872982038849e-18,1.3625529942970077e-06
0.0,-4.971122866778506e-06,0.0,-1.1148859444233468e-05,1.291552363467168e-18,1.3904402096124524e-06
0.0,-4.971122622220936e-06,0.0,-1.1888328322498475e-05,1.2852150675846137e-18,1.4172768045091169e-06
0.0,-4.971122377760808e-06,0.0,-1.2656989516309452e-05,1.3823939340547561e-18,1.442825710720021e-06
0.0,-4.971122133437416e-06,0.0,-1.3454717313725982e-05,1.3796527249690521e-18,1.4668410848229302e-06
0.0,-4.971121888866777e-06,0.0,-1.4281321000157535e-05,1.3759174019724512e-18,1.4890691139039823e-06
0.0,-4.971121644126181e-06,0.0,-1.5136544662517994e-05,1.3728610224265594e-18,1.5092488784294787e-06
0.0,-4.971121399320579e-06,0.0,-1.6020067163688225e-05,1.5236304153573895e-18,1.5271132743519626e-06
0.0,-4.9711211543578376e-06,0.0,-1.6931502291838667e-05,1.5391984436143798e-18,1.5423899848749214e-06
0.0,-4.971120909475505e-06,0.0,-1.787039907817262e-05,1.5425385771085432e-18,1.5548025004952725e-06
0.0,-4.971120664797931e-06,0.0,-1.8836242277872214e-05,1.6533171175230152e-18,1.564071183701496e-06
0.0,-4.971120419577732e-06,0.0,-1.9828453014913207e-05,1.6554372886773714e-18,1.5699143705176985e-06
0.0,-4.971120174551261e-06,0.0,-2.0846389582088865e-05,1.6531208488524878e-18,1.5720495071554266e-06
0.0,-4.971119929171764e-06,0.0,-2.1889348394466603e-05,1.645303345325345e-18,1.570194316176927e-06
0.0,-4.971119683926174e-06,0.0,-2.2956565091503432e-05,1.6380581999082767e-18,1.5640679844469544e-06
0.0,-4.971119438646476e-06,0.0,-2.4047215780936808e-05,1.640025854129268e-18,1.5533923722970897e-06
0.0,-4.971119193218579e-06,0.0,-2.5160418422563612e-05,1.6366125945804847e-18,1.5378932340216433e-06
0.0,-4.971118947930684e-06,0.0,-2.6295234344246602e-05,1.6379758231992392e-18,1.5173014477275131e-06
0.0,-4.971118702334839e-06,0.0,-2.7450669886706784e-05,1.6406727908439589e-18,1.4913542470266226e-06
0.0,-4.9711184567041255e-06,0.0,-2.8625678170107224e-05,1.626577559249803e-18,1.459796449876806e-06
0.0,-4.97111821111668e-06,0.0,-2.9819160978542566e-05,1.6266407981964107e-18,1.422381680102426e-06
0.0,-4.971117965289037e-06,0.0,-3.102997075455171e-05,1.7267629872836673e-18,1.3788735739827702e-06
0.0,-4.971117719700455e-06,0.0,-3.225691270065603e-05,1.7195830018881312e-18,1.3290469703296413e-06
0.0,-4.971117473578608e-06,0.0,-3.349874698237199e-05,1.7125117071423541e-18,1.2726890733403943e-06
0.0,-4.971117227635926e-06,0.0,-3.475419102159605e-05,1.9212906733423616e-18,1.2096005886393924e-06
0.0,-4.971116981651933e-06,0.0,-3.602192188236021e-05,1.912604818459134e-18,1.1395968245071762e-06
0.0,-4.971116735693246e-06,0.0,-3.7300578737855896e-05,1.9129867894677022e-18,1.0625087532112552e-06
0.0,-4.971116489643867e-06,0.0,-3.8588765414285505e-05,2.1830440177876963e-18,9.781840296559258e-07
0.0,-4.971116243581996e-06,0.0,-3.988505300599027e-05,2.3295168560995767e-18,8.864879600167332e-07
0.0,-4.971115997618158e-06,0.0,-4.1187982555193366e-05,2.3297242707415353e-18,7.873044188468596e-07
0.0,-4.971115751310667e-06,0.0,-4.249606779247222e-05,2.0844585351657006e-18,6.805367084936884e-07
0.0,-4.9711155052929975e-06,0.0,-4.380779792819034e-05,2.075524192605023e-18,5.66108356939798e-07
0.0,-4.971115258816357e-06,0.0,-4.512164049344512e-05,2.0457532430947743e-18,4.4396385146616215e-07
0.0,-4.971115012533957e-06,0.0,-4.643604422264933e-05,2.0024012929045122e-18,3.1406930354418904e-07
0.0,-4.971114766116006e-06,0.0,-4.774944196941933e-05,1.9409660664628197e-18,1.7641304185466717e-07
0.0,-4.971114519683128e-06,0.0,-4.906025365632533e-05,1.931186536532693e-18,3.100613028355929e-08
0.0,-4.971114273180213e-06,0.0,-5.036688924507004e-05,1.9322046181310344e-18,-1.2211719075697734e-07
0.0,-4.971114026595698e-06,0.0,-5.16677517274285e-05,1.5507340992100727e-18,-2.8289914428276346e-07
0.0,-4.971113779961373e-06,0.0,-5.2961240127290485e-05,1.884578098297953e-18,-4.512581378282346e-07
0.0,-4.971113533329543e-06,0.0,-5.424575251136285e-05,1.87101736202402e-18,-6.270885693650344e-07
0.0,-4.971113286499058e-06,0.0,-5.5519688999872e-05,1.8962408224713376e-18,-8.102607185828884e-07
0.0,-4.971113039656588e-06,0.0,-5.67814547732699e-05,2.4573225306425213e-18,-1.0006207255172586e-06
0.0,-4.971112793186705e-06,0.0,-5.802946306961429e-05,2.3836780030100365e-18,-1.1979906565932288e-06
0.0,-4.971112546371345e-06,0.0,-5.92621381671833e-05,2.3359780627297744e-18,-1.4021686602575202e-06
0.0,-4.971112299515637e-06,0.0,-6.047791834410849e-05,2.3287846988049953e-18,-1.6129292097352142e-06
0.0,-4.971112052726302e-06,0.0,-6.167525881713617e-05,2.3065262320599386e-18,-1.830023437088593e-06
0.0,-4.971111806042895e-06,0.0,-6.285263464352926e-05,2.3371696891352557e-18,-2.053179553921998e-06
0.0,-4.97111155927426e-06,0.0,-6.400854359177229e-05,3.3121664880029126e-18,-2.282103360974008e-06
0.0,-4.971111312501251e-06,0.0,-6.514150896853376e-05,2.4097251189813255e-18,-2.5164788444666934e-06
0.0,-4.971111065519934e-06,0.0,-6.625008240110877e-05,2.404969686320448e-18,-2.7559688584348517e-06
0.0,-4.9711108187450474e-06,0.0,-6.733284656856961e-05,1.5410661776735607e-18,-3.000215890814709e-06
0.0,-4.971110571796865e-06,0.0,-6.838841787729426e-05,1.4413041934848723e-18,-3.248842912043223e-06
0.0,-4.971110324600652e-06,0.0,-6.941544907887464e-05,2.599463416191073e-19,-3.5014543033922806e-06
0.0,-4.971110077852524e-06,0.0,-7.041263181985735e-05,-1.0364551270251296e-18,-3.757636863448901e-06
0.0,-4.9711098305774436e-06,0.0,-7.137869912642536e-05,3.4099813418982463e-19,-4.01696088835615e-06
0.0,-4.971109583373931e-06,0.0,-7.231242781513927e-05,1.9454915647885203e-19,-4.278981324773644e-06
0.0,-4.9711093363003135e-06,0.0,-7.321264082540782e-05,-1.0259685091275102e-18,-4.543238990090201e-06
0.0,-4.971109088980402e-06,0.0,-7.407820947324393e-05,-9.771351916432466e-19,-4.809261858264657e-06
0.0,-4.9711088419235115e-06,0.0,-7.490805561820116e-05,-9.594910887332516e-19,-5.0765664058132065e-06
0.0,-4.971108594559434e-06,0.0,-7.570115374182595e-05,-9.807123381395355e-19,-5.344659014376797e-06
0.0,-4.971108347194198e-06,0.0,-7.645653293562639e-05,-1.0373111993931225e-18,-5.613037425774423e-06
0.0,-4.971108099856696e-06,0.0,-7.717327878978748e-05,-1.0772820300465494e-18,-5.881192244837984e-06
0.0,-4.9711078525902895e-06,0.0,-7.785053518407567e-05,-2.71594510947066e-18,-6.148608483950105e-06
0.0,-4.971107605101385e-06,0.0,-7.84875059747157e-05,-2.700361327946048e-18,-6.414767146370636e-06
0.0,-4.97110735789299e-06,0.0,-7.908345657457498e-05,-3.008159561205967e-18,-6.6791468415933094e-06
0.0,-4.971107110423315e-06,0.0,-7.96377154231031e-05,-3.008426682274315e-18,-6.9412254263211765e-06
0.0,-4.971106862643123e-06,0.0,-8.01496753430283e-05,-2.9370168029565867e-18,-7.200481668118498e-06
0.0,-4.971106615151095e-06,0.0,-8.061879477937071e-05,-3.033992680015537e-18,-7.456396923953852e-06
0.0,-4.97110636777967e-06,0.0,-8.104459891932842e-05,-4.841501514627504e-18,-7.708456827000878e-06
0.0,-4.971106120208885e-06,0.0,-8.142668068837372e-05,-4.820637222062073e-18,-7.956152977602587e-06
0.0,-4.971105872810399e-06,0.0,-8.176470161967318e-05,-6.016334225963755e-18,-8.198984629739582e-06
0.0,-4.971105625192296e-06,0.0,-8.205839259649766e-05,-6.251711063186068e-18,-8.436460369449558e-06
0.0,-4.97110537759195e-06,0.0,-8.230755445863045e-05,-6.095972251464023e-18,-8.66809977542794e-06
0.0,-4.971105130164442e-06,0.0,-8.25120584768806e-05,-4.256839239118853e-18,-8.89343505735511e-06
0.0,-4.971104882525281e-06,0.0,-8.26718466894845e-05,-2.7598345236887186e-18,-9.112012664733649e-06
0.0,-4.971104634958299e-06,0.0,-8.278693209595472e-05,-2.636931682816069e-18,-9.323394859366048e-06
0.0,-4.971104387412827e-06,0.0,-8.285739871070761e-05,-2.6985017279953986e-18,-9.527161244825638e-06
0.0,-4.971104139679543e-06,0.0,-8.288340147114047e-05,-4.06696758301796e-18,-9.722910246564488e-06
0.0,-4.971103892037468e-06,0.0,-8.286516599627265e-05,-3.946013034151769e-18,-9.910260535122771e-06
0.0,-4.971103644162841e-06,0.0,-8.280298819939212e-05,-3.98169692349607e-18,-1.00888523868191e-05
0.0,-4.97110339659681e-06,0.0,-8.269723374804609e-05,-3.841603513119281e-18,-1.025834897466363e-05
0.0,-4.971103148971654e-06,0.0,-8.254833737037688e-05,-3.658292356139486e-18,-1.0418437584067955e-05
0.0,-4.9711029012173385e-06,0.0,-8.235680201013378e-05,-3.6677920445259094e-18,-1.0568830745857506e-05
0.0,-4.971102653592739e-06,0.0,-8.212319782603183e-05,-3.6438909032203556e-18,-1.0709267282256774e-05
0.0,-4.971102405772027e-06,0.0,-8.184816103423551e-05,-3.575464177162539e-18,-1.0839513257937039e-05
0.0,-4.971102157938666e-06,0.0,-8.153239259674348e-05,-3.592393705023725e-18,-1.095936283311494e-05
0.0,-4.971101910239452e-06,0.0,-8.11766567526763e-05,-3.604212134057736e-18,-1.106863901173546e-05
0.0,-4.9711016624762324e-06,0.0,-8.078177939468801e-05,-3.591872312600775e-18,-1.1167194280381557e-05
0.0,-4.971101414456941e-06,0.0,-8.034864628950181e-05,-3.458131353199057e-18,-1.1254911133802648e-05
0.0,-4.9711011667009e-06,0.0,-7.987820114490189e-05,-5.3776800739652e-18,-1.1331702483509214e-05
0.0,-4.9711009189121315e-06,0.0,-7.93714435239581e-05,-5.5145996201640164e-18,-1.1397511944243336e-05
0.0,-4.971100671069058e-06,0.0,-7.882942661025843e-05,-5.475734195855231e-18,-1.145231399674291e-05
0.0,-4.971100423119743e-06,0.0,-7.825325482237282e-05,-5.579256582674693e-18,-1.1496114024107383e-05
0.0,-4.971100175203566e-06,0.0,-7.764408128665245e-05,-5.663706312227543e-18,-1.1528948219447355e-05
0.0,-4.971099927444756e-06,0.0,-7.700310516447805e-05,-5.623360987693782e-18,-1.1550883363763358e-05
0.0,-4.97109967954845e-06,0.0,-7.633156884528229e-05,-4.01701147302107e-18,-1.1562016472055379e-05
0.0,-4.971099431639743e-06,0.0,-7.56307550047906e-05,-4.120621587689036e-18,-1.156247431071619e-05
0.0,-4.971099183622968e-06,0.0,-7.49019835349199e-05,-4.079101600780386e-18,-1.15524127828224e-05
0.0,-4.971098935634098e-06,0.0,-7.414660835266272e-05,-4.0363229743831906e-18,-1.1532016185763974e-05
0.0,-4.971098687507783e-06,0.0,-7.336601409073227e-05,-3.946399780736952e-18,-1.1501496341212344e-05
0.0,-4.9710984396473116e-06,0.0,-7.256161268084853e-05,-3.913870043418132e-18,-1.1461091601298843e-05
0.0,-4.971098191488523e-06,0.0,-7.173483983388451e-05,-4.2318344867172604e-18,-1.1411065734167758e-05
0.0,-4.971097943762086e-06,0.0,-7.088715142764149e-05,-4.165656251591867e-18,-1.1351706692054005e-05
0.0,-4.971097695594044e-06,0.0,-7.002001980625033e-05,-4.1114218151433024e-18,-1.1283325268533198e-05
0.0,-4.97109744764899e-06,0.0,-6.913493000896228e-05,-4.184910334242761e-18,-1.1206253649426176e-05
0.0,-4.97109719976248e-06,0.0,-6.823337592744114e-05,-4.2809877299246655e-18,-1.1120843863298131e-05
0.0,-4.971096951568241e-06,0.0,-6.731685641165205e-05,-4.2194193717116615e-18,-1.1027466139365129e-05
0.0,-4.971096703456295e-06,0.0,-6.638687132967556e-05,-4.2251443422124344e-18,-1.0926507180898918e-05
0.0,-4.9710964554989804e-06,0.0,-6.544491759599141e-05,-4.101876592637706e-18,-1.0818368360291736e-05
0.0,-4.971096207114466e-06,0.0,-6.449248517833458e-05,-4.0567546458696194e-18,-1.0703463847230246e-05
0.0,-4.971095959137272e-06,0.0,-6.353105309911137e-05,-3.1076262566665636e-18,-1.0582218678652051e-05
0.0,-4.971095710971148e-06,0.0,-6.256208544192222e-05,-3.128648034831853e-18,-1.0455066778756226e-05
0.0,-4.971095462940563e-06,0.0,-6.158702737873462e-05,-3.1355232750723367e-18,-1.032244894252891e-05
0.0,-4.971095214702343e-06,0.0,-6.06073012326941e-05,-3.1630674935204947e-18,-1.0184810791138665e-05
0.0,-4.97109496669583e-06,0.0,-5.962430259122836e-05,-3.1566597548582896e-18,-1.0042600712357483e-05
0.0,-4.97109471839739e-06,0.0,-5.86393964836552e-05,-3.0810949933106004e-18,-9.89626779701268e-06
0.0,-4.971094470330329e-06,0.0,-5.765391364383374e-05,-3.1230432915135328e-18,-9.74625978196103e-06
0.0,-4.971094222160282e-06,0.0,-5.666914686807263e-05,-3.110333762214751e-18,-9.593021014864775e-06
0.0,-4.971093974168723e-06,0.0,-5.568634749205445e-05,-3.161678454460514e-18,-9.436990449304098e-06
0.0,-4.971093726109628e-06,0.0,-5.470672199998756e-05,-3.085970704251681e-18,-9.278599685991337e-06
0.0,-4.971093477869561e-06,0.0,-5.373142878463762e-05,-3.1280364175446118e-18,-9.118271069870644e-06
0.0,-4.9710932298127675e-06,0.0,-5.276157507833347e-05,-3.2090146499832414e-18,-8.956415856134296e-06
0.0,-4.971092981443096e-06,0.0,-5.17982140712679e-05,-3.2201327859926533e-18,-8.793432458242468e-06
0.0,-4.971092733458377e-06,0.0,-5.08423422395198e-05,-3.2523830763126324e-18,-8.629704788423938e-06
0.0,-4.9710924851449226e-06,0.0,-4.989489689711949e-05,-3.275386397221579e-18,-8.465600703023068e-06
0.0,-4.971092236984933e-06,0.0,-4.895675399669339e-05,-3.387249345003164e-18,-8.301470564974552e-06
0.0,-4.971091988968882e-06,0.0,-4.8028726196673496e-05,-3.137878561945347e-18,-8.137645931829962e-06
0.0,-4.971091740589413e-06,0.0,-4.7111561215943885e-05,-3.137466970801586e-18,-7.974438383324686e-06
0.0,-4.971091492353663e-06,0.0,-4.6205940493466e-05,-3.080288445243375e-18,-7.812138496242912e-06
0.0,-4.971091243997151e-06,0.0,-4.5312478180304905e-05,-3.0901782193863045e-18,-7.651014976905794e-06
0.0,-4.971090995777377e-06,0.0,-4.443172047726858e-05,-3.0667794224401785e-18,-7.4913139613578484e-06
0.0,-4.971090747641348e-06,0.0,-4.356414534469426e-05,-3.08421023341339e-18,-7.333258489357914e-06
0.0,-4.971090499596581e-06,0.0,-4.271016260503222e-05,-3.0747152867748343e-18,-7.177048164525738e-06
0.0,-4.971090251188801e-06,0.0,-4.1870114458099896e-05,-3.0701690484873037e-18,-7.02285900332262e-06
0.0,-4.971090002994775e-06,0.0,-4.104427643243214e-05,-3.074589309907345e-18,-6.8708434844539395e-06
0.0,-4.971089754822421e-06,0.0,-4.023285879593119e-05,-3.0816702245578235e-18,-6.721130800483861e-06
0.0,-4.971089506504318e-06,0.0,-3.9436008444468215e-05,-3.1955579563329288e-18,-6.573827322320178e-06
0.0,-4.971089258301244e-06,0.0,-3.8653811296858135e-05,-3.187439156357365e-18,-6.4290172794558785e-06
0.0,-4.971089010107374e-06,0.0,-3.788629521330512e-05,-3.183306817006329e-18,-6.286763660838503e-06
0.0,-4.97108876182799e-06,0.0,-3.713343346640664e-05,-3.1726089624360598e-18,-6.147109343250559e-06
0.0,-4.971088513573214e-06,0.0,-3.6395148782368675e-05,-3.1768913137459535e-18,-6.010078449768361e-06
0.0,-4.971088265456574e-06,0.0,-3.567131798229701e-05,-3.1680805792414435e-18,-5.875677944932824e-06
0.0,-4.971088017086062e-06,0.0,-3.496177724399284e-05,-3.1609826696401562e-18,-5.743899468783195e-06
0.0,-4.971087768958597e-06,0.0,-3.4266328010231735e-05,-3.153377649665398e-18,-5.6147214167757886e-06
0.0,-4.971087520634393e-06,0.0,-3.358474357094875e-05,-3.1465509778880677e-18,-5.4881112688351565e-06
0.0,-4.971087272123725e-06,0.0,-3.291677634120085e-05,-3.1390884786270455e-18,-5.364028173851905e-06
0.0,-4.971087023894229e-06,0.0,-3.226216586510476e-05,-3.1326009282311197e-18,-5.242425795747284e-06
0.0,-4.971086775529081e-06,0.0,-3.1620647456044404e-05,-3.1251202681907228e-18,-5.123255386354773e-06
0.0,-4.9710865269941475e-06,0.0,-3.0991959388368826e-05,-1.1046765883474855e-09,-5.006468347672027e-06
0.0,-4.971086278598958e-06,0.0,-3.0375845055889837e-05,-8.82819693495848e-09,-4.892017013105579e-06
0.0,-4.9710860301051685e-06,0.0,-2.9772052983872412e-05,-2.975827979466953e-08,-4.7798546692589485e-06
0.0,-4.9710857819687394e-06,0.0,-2.9180336728004382e-05,-7.044736931365863e-08,-4.669935537211739e-06
0.0,-4.9710855337722955e-06,0.0,-2.860045477258893e-05,-1.3741273750473077e-07,-4.5622147532853e-06
0.0,-4.971085285438941e-06,0.0,-2.8032170431845708e-05,-2.3713658650150605e-07,-4.456648351182241e-06
6.946418723283977e-12,-4.971085037275109e-06,1.1065138470404032e-08,-2.74752520509475e-05,4.464073969021148e-09,-4.353193244000337e-06
5.3477984876294326e-12,-4.971084789077091e-06,1.4161370432642472e-08,-2.692947168273792e-05,2.8064076792295462e-09,-4.25180720674974e-06
7.542699294725547e-12,-4.971084540559273e-06,1.9854406013859597e-08,-2.639460699061785e-05,-7.439512066895935e-11,-4.152448858473782e-06
1.0282088232166176e-11,-4.971084291933038e-06,2.6914880654814782e-08,-2.587043960184445e-05,-3.59769057857158e-09,-4.055077646015938e-06
1.3625623765951452e-11,-4.971084043629875e-06,3.547754375660942e-08,-2.5356755581797876e-05,-7.827230713496314e-09,-3.9596538273931096e-06
1.76327980153393e-11,-4.971083795218029e-06,4.567389921723414e-08,-2.4853345277884636e-05,-1.282522933538223e-08,-3.8661384555590066e-06
2.2362936988166823e-11,-4.97108354696383e-06,5.7632250387155165e-08,-2.4360003233163053e-05,-1.8652383161207575e-08,-3.7744933620007897e-06
2.787520084750953e-11,-4.971083298441386e-06,7.147774243624132e-08,-2.3876528101523178e-05,-2.5367891712090227e-08,-3.684681141723543e-06
3.4228584228397535e-11,-4.971083050081976e-06,8.733240220022688e-08,-2.340272256852884e-05,-3.302947602353584e-08,-3.5966651381791625e-06
4.148191657964774e-11,-4.971082801522309e-06,1.0531517557370558e-07,-2.2938393268595982e-05,-4.169339620041788e-08,-3.5104094275291803e-06
4.969386255191336e-11,-4.971082553007186e-06,1.2554196251522306e-07,-2.2483350706611922e-05,-5.1414467847620636e-08,-3.4258788045173464e-06
5.892292241781849e-11,-4.971082304635927e-06,1.481256497288323e-07,-2.203740918166407e-05,-6.224607740666448e-08,-3.3430387680924435e-06
6.922743253645388e-11,-4.971082056406883e-06,1.7317614108513591e-07,-2.160038671010249e-05,-7.424019642809358e-08,-3.2618555071698607e-06
8.066556582198355e-11,-4.971081807762826e-06,2.0080038584362395e-07,-2.11721049528214e-05,-8.744739480867947e-08,-3.1822958868650215e-06
9.32953323087975e-11,-4.971081558934063e-06,2.3110240473703302e-07,-2.0752389140209128e-05,-1.0191685302218416e-07,-3.1043274349488275e-06
1.0717457969824284e-10,-4.971081310481659e-06,2.6418331397685205e-07,-2.0341068004869643e-05,-1.176963733714484e-07,-3.027918328913735e-06
1.223609939289332e-10,-4.9710810616392815e-06,3.0014134723853496e-07,-1.993797370635055e-05,-1.3483239028950145e-07,-2.953037382179437e-06
1.3891209984512872e-10,-4.971080812549435e-06,3.390718756832405e-07,-1.9542941768194462e-05,-1.5336997971645213e-07,-2.8796540322968756e-06
1.5688526184777261e-10,-4.971080563478508e-06,3.810674260719616e-07,-1.91558110069968e-05,-1.7335286757847694e-07,-2.807738328208618e-06
1.763376845809916e-10,-4.9710803145993e-06,4.2621769702725786e-07,-1.8776423468569002e-05,-1.9482343739497675e-07,-2.7372609174536937e-06
1.973264136260048e-10,-4.971080065119834e-06,4.7460957349600304e-07,-1.8404624362769424e-05,-2.1782273703902795e-07,-2.668193034843494e-06
2.1990833635064314e-10,-4.971079815679123e-06,5.26327139465611e-07,-1.804026200110982e-05,-2.423904846760254e-07,-2.600506490554757e-06
2.441401825810477e-10,-4.971079566029057e-06,5.814516889860351e-07,-1.7683187733917628e-05,-2.685650739048942e-07,-2.5341736583058706e-06
2.700785255236187e-10,-4.9710793160435465e-06,6.400617355471631e-07,-1.7333255889718775e-05,-2.963835781255272e-07,-2.4691674649764305e-06
2.977797825146253e-10,-4.971079065814241e-06,7.022330198622126e-07,-1.699032371717383e-05,-3.258817541560412e-07,-2.4054613780341036e-06
3.2730021597197736e-10,-4.971078815242566e-06,7.680385161047611e-07,-1.665425132512688e-05,-3.570940451227566e-07,-2.343029396347689e-06
3.586959342687631e-10,-4.971078564481783e-06,8.375484366476455e-07,-1.6324901626651044e-05,-3.9005358264504984e-07,-2.2818460384743938e-06
3.9202289266254763e-10,-4.9710783133084895e-06,9.108302353497777e-07,-1.6002140282760946e-05,-4.2479218833724143e-07,-2.221886332695732e-06
4.2733689423239823e-10,-4.971078061602202e-06,9.879486094372517e-07,-1.5685835646902264e-05,-4.613403746491937e-07,-2.1631258065537994e-06
4.646935909409478e-10,-4.971077809451073e-06,1.068965500023235e-06,-1.537585871221681e-05,-4.997273450665599e-07,-2.105540477497782e-06
5.041484845259142e-10,-4.971077556606144e-06,1.1539400913096568e-06,-1.5072083058807513e-05,-5.399809936911633e-07,-2.0491068420316524e-06
5.457569276646651e-10,-4.971077303045067e-06,1.2429288085155723e-06,-1.4774384801558501e-05,-5.821279042223568e-07,-1.9938018672210946e-06
5.89574124986716e-10,-4.971077049004452e-06,1.335985314572267e-06,-1.4482642538954282e-05,-6.261933483586242e-07,-1.9396029807571312e-06
6.356551341090726e-10,-4.97107679405411e-06,1.4331605056279694e-06,-1.4196737306117721e-05,-6.722012836391756e-07,-1.8864880615471065e-06
6.840548668312317e-10,-4.9710765383837965e-06,1.534502505401199e-06,-1.3916552522296855e-05,-7.201743507443741e-07,-1.8344354312493585e-06
7.348280902604185e-10,-4.9710762819851615e-06,1.6400566584233622e-06,-1.3641973947233384e-05,-7.701338702737776e-07,-1.7834238449197004e-06
7.880294278447704e-10,-4.971076024398812e-06,1.749865522209694e-06,-1.3372889631424868e-05,-8.220998390205088e-07,-1.7334324823240518e-06
8.437133607888171e-10,-4.971075765629221e-06,1.8639688583942222e-06,-1.3109189871938004e-05,-8.760909257589156e-07,-1.6844409401669815e-06
9.01934229059021e-10,-4.971075505676466e-06,1.9824036228698538e-06,-1.2850767167888695e-05,-9.321244665636937e-07,-1.6364292227937008e-06
9.627462327617776e-10,-4.971075244414883e-06,2.1052039549659538e-06,-1.2597516174811859e-05,-9.902164596779943e-07,-1.5893777347516847e-06
1.0262034331919144e-09,-4.971074981475317e-06,2.232401165701771e-06,-1.2349333662805884e-05,-1.0503815599459368e-06,-1.5432672722975682e-06
1.0923597543586393e-09,-4.9710747169173256e-06,2.36402372515042e-06,-1.2106118475010092e-05,-1.112633072828652e-06,-1.4980790159865085e-06
1.1612689841800812e-09,-4.971074450836165e-06,2.5000972489467454e-06,-1.1867771485082876e-05,-1.1769829480164209e-06,-1.4537945225954171e-06
1.2329847756005223e-09,-4.971074182661473e-06,2.6406444839723293e-06,-1.1634195556123067e-05,-1.2434417726559484e-06,-1.4103957182396862e-06
1.307560648281215e-09,-4.971073912435584e-06,2.785685293253049e-06,-1.1405295503143905e-05,-1.3120187642067798e-06,-1.3678648897412877e-06
1.3850499896975334e-09,-4.971073640043819e-06,2.935236640098214e-06,-1.1180978051994187e-05,-1.3827217629415204e-06,-1.326184678938985e-06
1.4655060565739727e-09,-4.9710733650411e-06,3.0893125715141297e-06,-1.096115180272026e-05,-1.4555572241062445e-06,-1.2853380745005345e-06
1.5489819763231577e-09,-4.97107308748562e-06,3.24792420092449e-06,-1.0745727190818425e-05,-1.5305302097547034e-06,-1.2453084056222571e-06
1.6355307483280979e-09,-4.971072806829431e-06,3.4110796902247387e-06,-1.0534616451817948e-05,-1.6076443802700893e-06,-1.206079334618395e-06
1.725205245766044e-09,-4.971072523469614e-06,3.578784231201671e-06,-1.0327733585419875e-05,-1.6869019855896097e-06,-1.1676348507316976e-06
1.8180582163919444e-09,-4.971072236632838e-06,3.751040026350672e-06,-1.0124994318747554e-05,-1.7683038561447485e-06,-1.129959263499943e-06
1.9141422845605164e-09,-4.971071946445515e-06,3.9278462691098635e-06,-9.926316073704877e-06,-1.8518493935302123e-06,-1.0930371963167134e-06
2.013509952503248e-09,-4.971071652178772e-06,4.109199123549564e-06,-9.73161793200296e-06,-1.9375365609161116e-06,-1.056853580075464e-06
2.116213601914298e-09,-4.9710713539775255e-06,4.295091703537602e-06,-9.540820602851231e-06,-2.0253618732144067e-06,-1.021393647007857e-06
2.222305495036326e-09,-4.971071051088848e-06,4.485514051409027e-06,-9.353846389760245e-06,-2.115320387013076e-06,-9.866429250217162e-07
2.3318377772412142e-09,-4.97107074388625e-06,4.680453116166317e-06,-9.17061915956481e-06,-2.207405690292027e-06,-9.525872310119969e-07
2.444862477376476e-09,-4.971070431740373e-06,4.879892731235754e-06,-8.991064310336837e-06,-2.3016098919277845e-06,-9.192126662812108e-07
2.561431509883071e-09,-4.971070114165825e-06,5.083813591805442e-06,-8.815108741962522e-06,-2.397923611006548e-06,-8.865056094895746e-07
2.6815966763928184e-09,-4.9710697910250814e-06,5.292193231768738e-06,-8.642680824832136e-06,-2.4963359659459457e-06,-8.544527122419497e-07
2.805409667657839e-09,-4.971069462234125e-06,5.505006000296629e-06,-8.473710372637448e-06,-2.596834563452173e-06,-8.230408927873984e-07
2.9329220636142345e-09,-4.971069126448927e-06,5.722223038064128e-06,-8.308128610728195e-06,-2.6994054873080316e-06,-7.922573311342844e-07
3.0641853377346727e-09,-4.97106878434512e-06,5.9438122531531385e-06,-8.145868151129753e-06,-2.804033287012738e-06,-7.620894640265639e-07
3.199250855576138e-09,-4.971068434635624e-06,6.169738296652696e-06,-7.986862962786744e-06,-2.9107009662809577e-06,-7.325249790041816e-07
3.338169879019116e-09,-4.9710680774410685e-06,6.3999625379816295e-06,-7.83104834447107e-06,-3.0193899714107453e-06,-7.035518106838797e-07
3.480993566290804e-09,-4.971067711949227e-06,6.634443039952512e-06,-7.678360900465386e-06,-3.130080179531364e-06,-6.75158134181194e-07
3.6277729743339934e-09,-4.971067337908429e-06,6.873134533599766e-06,-7.528738512360695e-06,-3.2427498867418003e-06,-6.47332361668829e-07
3.77855906063946e-09,-4.971066955058337e-06,7.115988392792754e-06,-7.382120314184495e-06,-3.3573757961483944e-06,-6.200631371586747e-07
3.933402683805302e-09,-4.9710665624558056e-06,7.362952608651874e-06,-7.238446668639033e-06,-3.4739330058117075e-06,-5.933393314503518e-07
4.092354607076626e-09,-4.971066159659038e-06,7.613971763789492e-06,-7.097659141563131e-06,-3.5923949966113386e-06,-5.671500386063155e-07
4.25546549814583e-09,-4.971065745966922e-06,7.868987006395407e-06,-6.9597004778371536e-06,-3.7127336200410917e-06,-5.414845701232474e-07
4.422785932879693e-09,-4.971065321326753e-06,8.127936024187286e-06,-6.824514579619371e-06,-3.834919085936294e-06,-5.163324519345036e-07
4.594366394976334e-09,-4.97106488462777e-06,8.390753018237628e-06,-6.692046481029506e-06,-3.958919950151008e-06,-4.916834193309165e-07
4.770257279196244e-09,-4.9710644351461365e-06,8.657368676704837e-06,-6.562242327606138e-06,-4.084703102187952e-06,-4.675274128252596e-07
4.95050889284093e-09,-4.9710639726191556e-06,8.927710148479287e-06,-6.435049353765605e-06,-4.212233752787786e-06,-4.438545743497898e-07
5.135171457237927e-09,-4.971063496313628e-06,9.201701016768282e-06,-6.310415860371861e-06,-4.341475421495481e-06,-4.2065524298195117e-07
5.324295109024085e-09,-4.97106300522107e-06,9.479261272629324e-06,-6.188291195525858e-06,-4.472389924199181e-06,-3.9791995114190585e-07
5.517929903723535e-09,-4.971062499049421e-06,9.760307288475339e-06,-6.068625731136036e-06,-4.604937360661742e-06,-3.7563942087334715e-07
5.716125815451921e-09,-4.971061976776752e-06,1.0044751791562035e-05,-5.9513708453728795e-06,-4.739076102040469e-06,-3.5380455948592086e-07
5.9189327394001825e-09,-4.971061437124064e-06,1.0332503837482711e-05,-5.836478901015591e-06,-4.874762778413768e-06,-3.3240645630787663e-07
6.1264004952534375e-09,-4.971060880311745e-06,1.062346878367552e-05,-5.723903227573463e-06,-5.011952266316629e-06,-3.114363792444203e-07
6.338578826422386e-09,-4.971060304810519e-06,1.0917548262962645e-05,-5.61359809974341e-06,-5.150597676290268e-06,-2.9088577066994905e-07
6.555517402924073e-09,-4.971059709502375e-06,1.1214640157144792e-05,-5.505518721307579e-06,-5.290650340459943e-06,-2.7074624448599933e-07
6.777265824467743e-09,-4.971059093830453e-06,1.1514638570650146e-05,-5.399621206144288e-06,-5.4320598001384364e-06,-2.510095819024463e-07
7.003873621501594e-09,-4.9710584573473285e-06,1.1817433804264882e-05,-5.295862560016085e-06,-5.5747737934736495e-06,-2.316677291893521e-07
7.2353902545945626e-09,-4.971057798138236e-06,1.212291232895609e-05,-5.194200662246747e-06,-5.718738243134536e-06,-2.127127933471459e-07
7.471865121008347e-09,-4.9710571158328165e-06,1.2430956759793063e-05,-5.094594250284801e-06,-5.86389724405188e-06,-1.9413703963641063e-07
7.713347551938873e-09,-4.971056408608751e-06,1.2741445830001496e-05,-4.997002901713525e-06,-6.01019305121537e-06,-1.759328879142027e-07
7.959886818840964e-09,-4.971055676396195e-06,1.3054254365133863e-05,-4.901387018037267e-06,-6.157566067535701e-06,-1.580929099973061e-07
8.211532130760194e-09,-4.971054917505113e-06,1.336925325739448e-05,-4.807707809688995e-06,-6.3059548317737904e-06,-1.4060982605405636e-07
8.468332640163793e-09,-4.971054130854496e-06,1.3686309440125701e-05,-4.7159272774851286e-06,-6.455296006547978e-06,-1.234765023839359e-07
8.73033744150484e-09,-4.971053315293692e-06,1.400528586245241e-05,-4.626008200519657e-06,-6.605524366423575e-06,-1.0668594758734043e-07
8.99759557592722e-09,-4.971052469601018e-06,1.4326041464127094e-05,-4.5379141195063625e-06,-6.756572786091139e-06,-9.023131070599942e-08
9.27015603149394e-09,-4.971051592345351e-06,1.464843115055122e-05,-4.451609320676157e-06,-6.908372228631366e-06,-7.410587758703755e-08
9.548067745140714e-09,-4.971050682164309e-06,1.4972305768021332e-05,-4.367058824226384e-06,-7.060851733889794e-06,-5.830306885685236e-08
9.831379606606035e-09,-4.971049738242221e-06,1.529751207917942e-05,-4.284228367774105e-06,-7.2139384069494285e-06,-4.2816436451704735e-08
1.0120140456220039e-08,-4.97104875846645e-06,1.5623892738704304e-05,-4.20308439336221e-06,-7.367557406711345e-06,-2.7639661785895495e-08
1.0414399092076291e-08,-4.971047742278396e-06,1.5951286269232623e-05,-4.123594033577354e-06,-7.521631934595201e-06,-1.2766552476637019e-08
1.071420426654532e-08,-4.971046687367448e-06,1.6279527037546812e-05,-4.045725099111271e-06,-7.676083223359433e-06,1.8089593489957204e-09
1.101960469217219e-08,-4.971045592433261e-06,1.6608445231012297e-05,-3.969446064989902e-06,-7.830830526040193e-06,1.6092820801035104e-08
1.1330649043750244e-08,-4.9710444565327395e-06,1.6937866834289394e-05,-3.894726058023848e-06,-7.985791105040757e-06,3.0090858975985073e-08
1.1647385955080108e-08,-4.971043276967068e-06,1.726761360634168e-05,-3.821534843925869e-06,-8.14088022131893e-06,4.380878506460706e-08
1.1969864027896169e-08,-4.971042053054673e-06,1.7597503057724916e-05,-3.749842816315864e-06,-8.29601112375641e-06,5.7252195351096045e-08
1.2298131828166938e-08,-4.971040782163141e-06,1.7927348428178792e-05,-3.6796209841716802e-06,-8.451095038644876e-06,7.042657418288373e-08
1.2632237893946997e-08,-4.971039463538795e-06,1.825695866454194e-05,-3.6108409590580063e-06,-8.60604115933301e-06,8.333729580248023e-08
1.297223072931517e-08,-4.971038094829681e-06,1.858613839898907e-05,-3.5434749466852967e-06,-8.760756636022775e-06,9.59896270397297e-08
1.3318158812469494e-08,-4.9710366739365456e-06,1.8914687927584552e-05,-3.477495732029568e-06,-8.91514656572414e-06,1.0838872914364173e-07
1.3670070597154729e-08,-4.971035199434827e-06,1.9242403189202043e-05,-3.412876671668829e-06,-9.06911398238168e-06,1.205396597530159e-07
1.4028014512063223e-08,-4.971033669194747e-06,1.9569075744770894e-05,-3.349591681456771e-06,-9.22255984715196e-06,1.3244737500582465e-07
1.4392038963733735e-08,-4.971032081019719e-06,1.9894492756902034e-05,-3.287615226195073e-06,-9.37538303886648e-06,1.44116732120455e-07
1.4762192340730206e-08,-4.971030433232292e-06,2.0218436969868454e-05,-3.2269223105271884e-06,-9.527480344661925e-06,1.5555249070019017e-07
1.5138523011556753e-08,-4.9710287235463765e-06,2.0540686689973326e-05,-3.167488467500894e-06,-9.67874645079625e-06,1.6675931450953518e-07
1.5521079330498067e-08,-4.97102694986702e-06,2.0861015766288437e-05,-3.109289749906671e-06,-9.829073933643755e-06,1.7774177430525744e-07
1.5909909635297407e-08,-4.971025109675063e-06,2.1179193571809045e-05,-3.052302720284095e-06,-9.978353250871429e-06,1.8850434905760128e-07
1.630506225435497e-08,-4.971023201011188e-06,2.149498498498884e-05,-2.996504443037946e-06,-1.012647273282619e-05,1.9905142778213102e-07
1.670658550389525e-08,-4.971021221273152e-06,2.1808150371694197e-05,-2.9418724727798753e-06,-1.02733185740983e-05,2.093873111772754e-07
1.7114527693794784e-08,-4.97101916822366e-06,2.2118445567582983e-05,-2.8883848474443636e-06,-1.041877482528946e-05,2.1951621381699403e-07
1.7528937124866845e-08,-4.971017039103736e-06,2.2425621860898546e-05,-2.836020079628675e-06,-1.0562723384994067e-05,2.2944226601037397e-07
1.7949862096942207e-08,-4.971014831843812e-06,2.2729425975702047e-05,-2.7847571472670564e-06,-1.0705043991965222e-05,2.391695144677336e-07
1.837735090461451e-08,-4.971012543489388e-06,2.3029600055541814e-05,-2.734575486081671e-06,-1.0845614217515994e-05,2.4870192513166555e-07
1.881145184368134e-08,-4.971010171559335e-06,2.332588164758802e-05,-2.6854549811457795e-06,-1.0984309458114558e-05,2.5804338389865547e-07
1.925221321011501e-08,-4.971007713283779e-06,2.3618003687204472e-05,-2.6373759592245015e-06,-1.1121002928211124e-05,2.6719769889501146e-07
1.9699683304068787e-08,-4.971005165657786e-06,2.3905694482974847e-05,-2.5903191812270603e-06,-1.1255565653269985e-05,2.761686014205272e-07
2.0153910431673633e-08,-4.971002526285215e-06,2.418867770225147e-05,-2.5442658351035783e-06,-1.1387866463042692e-05,2.8495974789135227e-07
2.0614942904575284e-08,-4.970999792022835e-06,2.4466672357113896e-05,-2.4991975271880805e-06,-1.1517771985061798e-05,2.935747211167118e-07
2.1082829045393637e-08,-4.970996959845532e-06,2.4739392790862917e-05,-2.45509627776084e-06,-1.1645146638360682e-05,3.0201703188096284e-07
2.1557617185418603e-08,-4.97099402681214e-06,2.5006548664981464e-05,-2.4119445102830166e-06,-1.1769852627435469e-05,3.1029012016480007e-07
2.20393556723882e-08,-4.970990989859885e-06,2.5267844946609445e-05,-2.36972504895852e-06,-1.189174993644103e-05,3.183973568105801e-07
2.2528092863718015e-08,-4.970987845434911e-06,2.5522981896510877e-05,-2.3284211087469534e-06,-1.201069632362279e-05,3.263420447157745e-07
2.3023877137903117e-08,-4.970984590238838e-06,2.5771655057565677e-05,-2.2880162909282854e-06,-1.2126547316017122e-05,3.341274200819538e-07
2.352675689194003e-08,-4.9709812214235104e-06,2.6013555243773427e-05,-2.2484945764477124e-06,-1.2239156204363428e-05,3.417566541911191e-07
2.403678054028882e-08,-4.970977735011852e-06,2.6248368529788483e-05,-2.2098403189281206e-06,-1.2348374038292881e-05,3.4923285393303097e-07
2.4553996523342256e-08,-4.9709741277760315e-06,2.6475776240986643e-05,-2.1720382405698164e-06,-1.2454049621759172e-05,3.565590637203259e-07
2.507845330301905e-08,-4.970970396026686e-06,2.6695454944063966e-05,-2.135073425386438e-06,-1.2556029508743142e-05,3.637382663766654e-07
2.561019936979482e-08,-4.9709665360358e-06,2.690707643819783e-05,-2.0989313127746692e-06,-1.2654157999190933e-05,3.7077338458000753e-07
2.6149283241794914e-08,-4.970962544441901e-06,2.7110307746755423e-05,-2.0635976936382453e-06,-1.2748277135245749e-05,3.7766728205606994e-07
2.6695753464043877e-08,-4.970958416856688e-06,2.7304811109535272e-05,-2.0290587054025213e-06,-1.2838226697713806e-05,3.844227638836235e-07
2.7249658618956326e-08,-4.970954149855636e-06,2.749024397561986e-05,-1.9953008249204447e-06,-1.2923844202839734e-05,3.910425792422658e-07
2.7811047316531066e-08,-4.970949738909332e-06,2.766625899677375e-05,-1.962310865043111e-06,-1.3004964899315283e-05,3.97529420968313e-07
2.8379968208095077e-08,-4.9709451804906634e-06,2.7832504021429855e-05,-1.93007596996996e-06,-1.308142176559769e-05,4.038859276919559e-07
2.895646997685864e-08,-4.970940469984223e-06,2.7988622089235336e-05,-1.8985836091565781e-06,-1.3153045507482396e-05,4.1011468425356996e-07
2.954060135009383e-08,-4.970935603440554e-06,2.813425142623607e-05,-1.8678215746651403e-06,-1.3219664555980668e-05,4.162182228694318e-07
3.013241109196634e-08,-4.970930576186758e-06,2.8269025440625145e-05,-1.8377779751851415e-06,-1.328110506545676e-05,4.2219902463049174e-07
3.073194801469419e-08,-4.970925384089545e-06,2.8392572719102153e-05,-1.8084412332747706e-06,-1.3337190912080164e-05,4.2805952008522686e-07
3.1339260968567e-08,-4.970920022551323e-06,2.850451702385244e-05,-1.7798000799387809e-06,-1.3387743692554334e-05,4.338020896559461e-07
3.195439885707874e-08,-4.970914486931032e-06,2.860447729013855e-05,-1.751843551538875e-06,-1.3432582723154418e-05,4.394290658592188e-07
3.257741062844312e-08,-4.970908772606547e-06,2.8692067624521728e-05,-1.7245609847067818e-06,-1.3471525039041908e-05,4.4494273347238437e-07
3.3208345279784825e-08,-4.970902874690337e-06,2.8766897303706207e-05,-1.697942015588322e-06,-1.3504385393905411e-05,4.5034533031069106e-07
3.3847251859408935e-08,-4.9708967876599585e-06,2.8828570774027637e-05,-1.6719765727603423e-06,-1.3530976259883771e-05,4.5563904847627075e-07
3.4494179473943546e-08,-4.97089050715687e-06,2.887668765158018e-05,-1.6466548761440458e-06,-1.3551107827825756e-05,4.6082603521854323e-07
3.514917728515065e-08,-4.970884028115619e-06,2.8910842723025253e-05,-1.6219674322557873e-06,-1.3564588007835052e-05,4.659083934893074e-07
3.5812294507369385e-08,-4.9708773450177415e-06,2.8930625946995665e-05,-1.5979050326787705e-06,-1.3571222430140181e-05,4.7088818296967493e-07
3.6483580419791695e-08,-4.970870453084708e-06,2.8935622456238185e-05,-1.574458749871476e-06,-1.3570814446286151e-05,4.757674211525196e-07
3.716308435470166e-08,-4.970863346252377e-06,2.8925412560376156e-05,-1.5516199339766098e-06,-1.3563165130659247e-05,4.805480835922513e-07
3.7850855712051434e-08,-4.970856019052066e-06,2.8899571749375623e-05,-1.5293802108526307e-06,-1.3548073282301491e-05,4.852321049317567e-07
3.854694395598584e-08,-4.9708484662357015e-06,2.8857670697700454e-05,-1.507731478774388e-06,-1.352533542708855e-05,4.898213801236228e-07
3.925139861507374e-08,-4.970840681660434e-06,2.8799275269129878e-05,-1.486665906689484e-06,-1.3494745820240309e-05,4.943177641248043e-07
3.996426928391898e-08,-4.970832659626403e-06,2.872394652234111e-05,-1.4661759311438043e-06,-1.345609644913546e-05,4.987230735619385e-07
4.0685605631423286e-08,-4.970824394194588e-06,2.8631240717121604e-05,-1.4462542535415933e-06,-1.3409177036509064e-05,5.030390874252113e-07
4.1415457389832925e-08,-4.970815878943994e-06,2.8520709321367774e-05,-1.4268938392944202e-06,-1.3353775043945866e-05,5.072675468740535e-07
4.2153874370392686e-08,-4.97080710806369e-06,2.8391899018777445e-05,-1.4080879147512387e-06,-1.3289675675787848e-05,5.114101569024505e-07
4.2900906456730764e-08,-4.970798075007952e-06,2.824435171725558e-05,-1.3898299644630935e-06,-1.3216661883317159e-05,5.154685862278976e-07
4.365660361099669e-08,-4.970788773844794e-06,2.807760455809903e-05,-1.3721137315580589e-06,-1.3134514369351477e-05,5.194444686236558e-07
4.442101586473216e-08,-4.970779197323299e-06,2.789118992593479e-05,-1.3549332142320471e-06,-1.3043011593177299e-05,5.233394032517893e-07
4.51941933351274e-08,-4.970769339038459e-06,2.768463545935499e-05,-1.3382826640176502e-06,-1.2941929775840971e-05,5.271549547741723e-07
4.597618622009951e-08,-4.970759192297055e-06,2.7457464062383425e-05,-1.3221565860530974e-06,-1.2831042905837914e-05,5.30892654934537e-07
4.6767044797986655e-08,-4.970748750003059e-06,2.7209193916695655e-05,-1.306549735023092e-06,-1.2710122745136207e-05,5.345540021976286e-07
4.7566819430236704e-08,-4.9707380052324845e-06,2.693933849461051e-05,-1.2914571160974364e-06,-1.2578938835603574e-05,5.381404630814539e-07
4.8375560568453646e-08,-4.970726950960937e-06,2.664740657289967e-05,-1.276873982651824e-06,-1.2437258505799064e-05,5.416534718797056e-07
4.919331874575589e-08,-4.970715579544159e-06,2.6332902247364716e-05,-1.262795835322751e-06,-1.2284846878172469e-05,5.450944321327877e-07
5.0020144584555403e-08,-4.970703883748104e-06,2.599532494828766e-05,-1.2492184218414741e-06,-1.2121466876651908e-05,5.484647163779957e-07
5.085608879983119e-08,-4.970691855854023e-06,2.5634169456628074e-05,-1.2361377340943235e-06,-1.1946879234594867e-05,5.517656670099171e-07
5.1701202199996747e-08,-4.970679488443258e-06,2.524892592112232e-05,-1.2235500101809802e-06,-1.1760842503201141e-05,5.549985968910375e-07
5.255553567560021e-08,-4.9706667730562084e-06,2.483907987620879e-05,-1.2114517309236219e-06,-1.1563113060258037e-05,5.581647891019171e-07
5.3419140228317104e-08,-4.970653702341826e-06,2.440411226077177e-05,-1.1998396211520492e-06,-1.135344511939214e-05,5.612654984122167e-07
5.429206694308759e-08,-4.970640267823488e-06,2.3943499437797818e-05,-1.1887106488814452e-06,-1.1131590739643748e-05,5.643019510586359e-07
5.5174367008464575e-08,-4.97062646164276e-06,2.3456713214918064e-05,-1.1780620243812e-06,-1.0897299835527152e-05,5.672753453277575e-07
5.60660917101946e-08,-4.970612275093407e-06,2.2943220865760116e-05,-1.1678912003560811e-06,-1.0650320187506796e-05,5.701868518890931e-07
5.696729242937248e-08,-4.970597699283482e-06,2.240248515236168e-05,-1.158195872129554e-06,-1.0390397452897637e-05,5.73037614488957e-07
5.7878020659532454e-08,-4.970582726235994e-06,2.1833964348305433e-05,-1.1489739766080491e-06,-1.0117275177241333e-05,5.758287498116632e-07
5.8798327986177494e-08,-4.970567346351208e-06,2.1237112262959186e-05,-1.140223693467891e-06,-9.830694806087506e-06,5.785613484787097e-07
5.972826610695487e-08,-4.970551551041027e-06,2.0611378266560463e-05,-1.1319434436799414e-06,-9.530395697272075e-06,5.812364748822227e-07
6.066788682970633e-08,-4.970535331437576e-06,1.9956207316298016e-05,-1.124131892588444e-06,-9.216115133630627e-06,5.838551677678065e-07
6.161724204788238e-08,-4.970518677502468e-06,1.927103998335763e-05,-1.1167879469969713e-06,-8.887588336206677e-06,5.864184402622746e-07
6.257638378901913e-08,-4.970501580268852e-06,1.85553124809654e-05,-1.109910757474766e-06,-8.544548477947006e-06,5.889272808173227e-07
6.35453641785756e-08,-4.9704840300675085e-06,1.7808456693431454e-05,-1.1034997187780776e-06,-8.18672669781861e-06,5.913826525711304e-07
6.452423545122675e-08,-4.970466016921625e-06,1.7029900206230487e-05,-1.0975544700518552e-06,-7.813852115538942e-06,5.937854947361176e-07
6.551304995601479e-08,-4.9704475308446885e-06,1.6219066337120037e-05,-1.0920748962551165e-06,-7.4256518466887055e-06,5.96136721710749e-07
6.651186016368208e-08,-4.970428562279192e-06,1.5375374168322503e-05,-1.08706112781242e-06,-7.021851018443203e-06,5.984372241064666e-07
6.752071864750217e-08,-4.970409100435991e-06,1.4498238579761782e-05,-1.082513543487472e-06,-6.602172785723492e-06,6.006878687199192e-07
6.853967810135464e-08,-4.970389135066146e-06,1.358707028345457e-05,-1.0784327687073284e-06,-6.166338348006879e-06,6.028894987272246e-07
6.956879134054483e-08,-4.970368655581018e-06,1.2641275858970539e-05,-1.0748196801063915e-06,-5.714066966546841e-06,6.050429337672237e-07
7.060811129163252e-08,-4.970347651198267e-06,1.1660257790078304e-05,-1.0716754034116238e-06,-5.245075982272205e-06,6.071489705520778e-07
7.165769100070245e-08,-4.970326110482708e-06,1.0643414502493682e-05,-1.0690013174365877e-06,-4.759080834165189e-06,6.092083822288714e-07
7.27175836446508e-08,-4.970304023033751e-06,9.590140402914236e-06,-1.0667990539702595e-06,-4.2557950782414765e-06,6.11221919462062e-07
7.378784251480964e-08,-4.970281377178211e-06,8.4998259191951e-06,-1.0650705003330242e-06,-3.734930407156633e-06,6.131903095175238e-07
7.486852102442064e-08,-4.970258161620324e-06,7.371857541745385e-06,-1.0638178003810031e-06,-3.196196670354707e-06,6.151142577058192e-07
7.595714086985493e-08,-4.970234402932866e-06,7.224417605583427e-06,-1.0606499577648156e-06,-3.1206702176983866e-06,6.169944337561024e-07
7.705623470564834e-08,-4.970210052980142e-06,7.079926460890525e-06,-1.0578292034572057e-06,-3.0464561808052025e-06,6.188315083812065e-07
7.816585700621056e-08,-4.970185099502707e-06,6.938325131983538e-06,-1.0553531406855425e-06,-2.973526210959917e-06,6.206261188709019e-07
7.928606238970362e-08,-4.970159530256764e-06,6.799555822689724e-06,-1.0532194886160717e-06,-2.901852519675574e-06,6.223788797556683e-07
8.041690561925435e-08,-4.970133332738482e-06,6.663561892761218e-06,-1.0514260833518787e-06,-2.831407869840528e-06,6.240903828622059e-07
8.15584416156857e-08,-4.970106494804502e-06,6.530287834739001e-06,-1.0499708765994917e-06,-2.762165587318732e-06,6.257611977297679e-07
8.27107254216165e-08,-4.970079003148893e-06,6.399679251328827e-06,-1.0488519346683881e-06,-2.6940995081284518e-06,6.273918712493332e-07
8.387381225210833e-08,-4.970050845133806e-06,6.2716828331492645e-06,-1.048067439136164e-06,-2.627184011488924e-06,6.289829274138106e-07
8.504775746152513e-08,-4.970022007489055e-06,6.146246337043299e-06,-1.047615684737949e-06,-2.5613939797128502e-06,6.30534867928654e-07
8.623261654253581e-08,-4.969992476439589e-06,6.023318564683128e-06,-1.047495081252803e-06,-2.4967047997808114e-06,6.320481712126666e-07
8.742844516617796e-08,-4.969962238942125e-06,5.902849341720381e-06,-1.047704151504311e-06,-2.4330923459699083e-06,6.335232927588191e-07
8.863529913601963e-08,-4.969931280837823e-06,5.784789497285906e-06,-1.0482415320258297e-06,-2.3705329887894663e-06,6.349606650232291e-07
8.985323441582198e-08,-4.96989958811937e-06,5.669090843947733e-06,-1.0491059725044224e-06,-2.3090035690010914e-06,6.363606969810702e-07
9.108230712688823e-08,-4.969867146610094e-06,5.555706157960995e-06,-1.0502963360020195e-06,-2.2484813825822256e-06,6.377237739322826e-07
9.232257354651803e-08,-4.969833941697944e-06,5.444589160123379e-06,-1.0518115999538572e-06,-2.188944196716953e-06,6.390502575570881e-07
9.35740901082733e-08,-4.969799958862649e-06,5.335694496763177e-06,-1.0536508549463857e-06,-2.1303702256912838e-06,6.403404853053644e-07
9.483691340755665e-08,-4.969765183336706e-06,5.228977721306823e-06,-1.0558133062708004e-06,-2.072738116731853e-06,6.415947698137803e-07
9.611110018980726e-08,-4.969729599517791e-06,5.124395276110236e-06,-1.0582982734782698e-06,-2.016026963814439e-06,6.428133997107084e-07
9.73967073775389e-08,-4.969693192593839e-06,5.021904474661903e-06,-1.061105191711411e-06,-1.9602162659266277e-06,6.439966375623138e-07
9.869379203845635e-08,-4.9696559464751365e-06,4.92146348419215e-06,-1.064233611370629e-06,-1.9052859543126198e-06,6.451447210382888e-07
1.0000241142053111e-07,-4.969617845986051e-06,4.823031308589811e-06,-1.0676832011110025e-06,-1.8512163589801558e-06,6.462578612465259e-07
1.0132262291865938e-07,-4.969578874557713e-06,4.7265677716437085e-06,-1.071453745177157e-06,-1.7979882153073183e-06,6.473362430939318e-07
1.0265448410124659e-07,-4.9695390159806865e-06,4.632033500685405e-06,-1.0755451473994513e-06,-1.7455826512620433e-06,6.483800242039723e-07
1.0399805270565749e-07,-4.969498253965875e-06,4.539389910484045e-06,-1.0799574319705823e-06,-1.6939811925751597e-06,6.493893346946292e-07
1.0535338661949569e-07,-4.969456571456976e-06,4.448599187519599e-06,-1.084690743555991e-06,-1.6431657277259526e-06,6.503642761514419e-07
1.0672054391387376e-07,-4.9694139515890256e-06,4.359624274539432e-06,-1.0897453496248649e-06,-1.593118530936873e-06,6.513049215442496e-07
1.0809958282732006e-07,-4.9693703769814295e-06,4.2724288554223875e-06,-1.0951216415598097e-06,-1.5438222391286849e-06,6.522113138394138e-07
1.0949056175653777e-07,-4.969325830292577e-06,4.186977340389924e-06,-1.100820137542945e-06,-1.4952598467900972e-06,6.530834659165585e-07
1.108935392770831e-07,-4.969280293966395e-06,4.103234851442714e-06,-1.1068414825554553e-06,-1.4474147107058314e-06,6.539213589309925e-07
1.1230857413100658e-07,-4.969233749640635e-06,4.02116720815712e-06,-1.1131864524849293e-06,-1.4002705291573534e-06,6.547249424247404e-07
1.1373572521883242e-07,-4.969186178812086e-06,3.940740913671822e-06,-1.1198559545690327e-06,-1.353811342202238e-06,6.554941326334543e-07
1.1517505163246474e-07,-4.969137563323135e-06,3.86192314112019e-06,-1.1268510316139433e-06,-1.3080215312648345e-06,6.562288117092693e-07
1.1662661262719093e-07,-4.969087884224696e-06,3.784681720132484e-06,-1.134172862660074e-06,-1.2628858047563475e-06,6.569288267771135e-07
1.1809046762770134e-07,-4.96903712229125e-06,3.708985123729251e-06,-1.1418227669784971e-06,-1.2183891980653516e-06,6.575939886579634e-07
1.195666762342164e-07,-4.968985258531217e-06,3.634802455531677e-06,-1.149802207734308e-06,-1.17451706458933e-06,6.582240707863845e-07
1.2105529822053452e-07,-4.968932273044329e-06,3.5621034370190255e-06,-1.1581127942067262e-06,-1.1312550756896301e-06,6.588188079337809e-07
1.225563935360123e-07,-4.9688781460884575e-06,3.4908583953126867e-06,-1.1667562848973728e-06,-1.088589212023104e-06,6.593778950149131e-07
1.240700222976867e-07,-4.968822857411367e-06,3.4210382508981984e-06,-1.175734591526751e-06,-1.0465057594369384e-06,6.599009850617512e-07
1.2559624479393732e-07,-4.968766386275907e-06,3.3526145059312656e-06,-1.1850497850291385e-06,-1.0049913050317445e-06,6.603876885018447e-07
1.2713512150055258e-07,-4.968708712120731e-06,3.285559232467618e-06,-1.1947040961073883e-06,-9.640327255589164e-07,6.608375712431889e-07
1.2868671305886168e-07,-4.968649813975109e-06,3.2198450611684053e-06,-1.2046999227821848e-06,-9.236171994874064e-07,6.612501527313549e-07
1.3025108029456848e-07,-4.968589670593214e-06,3.1554451700342143e-06,-1.215039833278324e-06,-8.837321876876275e-07,6.616249045894718e-07
1.3182828419642152e-07,-4.968528260137819e-06,3.092333273533385e-06,-1.2257265715755723e-06,-8.443654342329377e-07,6.619612484255515e-07
1.3341838592093017e-07,-4.968465560239509e-06,3.0304836118532527e-06,-1.2367630639587298e-06,-8.055049631748275e-07,6.622585541394135e-07
1.3502144683754007e-07,-4.968401549429847e-06,2.969870940330494e-06,-1.248152423125214e-06,-7.671390755158696e-07,6.625161376189849e-07
1.3663752845798787e-07,-4.9683362050832475e-06,2.9104705192616872e-06,-1.2598979545131014e-06,-7.292563461288868e-07,6.627332581035345e-07
1.382666924695462e-07,-4.968269504031052e-06,2.852258103657142e-06,-1.2720031630732573e-06,-6.918456176247411e-07,6.629091168791778e-07
1.3990900075386902e-07,-4.968201423285579e-06,2.7952099334797466e-06,-1.284471760596594e-06,-6.548959945514509e-07,6.630428540037383e-07
1.4156451534015845e-07,-4.9681319387531965e-06,2.739302723888804e-06,-1.297307670487839e-06,-6.183968510235432e-07,6.631335459752907e-07
1.4323329846648811e-07,-4.968061027546598e-06,2.6845136557157123e-06,-1.3105150393116512e-06,-5.823378214881462e-07,6.631802026235662e-07
1.4491541251741027e-07,-4.967988664917942e-06,2.6308203661944426e-06,-1.3240982405671795e-06,-5.467087893261587e-07,6.631817648340029e-07
1.466109200741544e-07,-4.967914826727741e-06,2.5782009397812696e-06,-1.3380618859011567e-06,-5.114999008896575e-07,6.631371010783291e-07
1.4831988386971278e-07,-4.967839487829998e-06,2.5266338993032635e-06,-1.352410832102125e-06,-4.767015540631623e-07,6.63045004278199e-07
1.500423668312496e-07,-4.967762623407286e-06,2.4760981970813033e-06,-1.367150193534765e-06,-4.4230439372909243e-07,6.629041881692452e-07
1.5177843205608417e-07,-4.967684208096696e-06,2.4265732063864505e-06,-1.3822853481349513e-06,-4.082993165486957e-07,6.627132844977793e-07
1.5352814279295e-07,-4.967604215633167e-06,2.378038713051121e-06,-1.3978219508432967e-06,-3.7467746363633236e-07,6.62470838274622e-07
1.5529156249970702e-07,-4.967522620311601e-06,2.3304749071703494e-06,-1.413765943152929e-06,-3.414302198048973e-07,6.621753041946594e-07
1.5706875477757156e-07,-4.967439395415458e-06,2.2838623750321735e-06,-1.430123565321812e-06,-3.0854921822704434e-07,6.618250431396697e-07
1.5885978341372627e-07,-4.967354514228909e-06,2.238182091239002e-06,-1.4469013686960868e-06,-2.7602633132097143e-07,6.614183164884615e-07
1.6066471234135865e-07,-4.967267948998162e-06,2.19341541084228e-06,-1.464106228366494e-06,-2.438536758609382e-07,6.609532825919476e-07
1.6248360571671922e-07,-4.967179673103137e-06,2.1495440618386892e-06,-1.4817453570460378e-06,-2.120236046193886e-07,6.604279913885988e-07
1.643165278219025e-07,-4.967089658281832e-06,2.106550137597198e-06,-1.4998263188366502e-06,-1.8052871701817385e-07,6.598403792974509e-07
1.66163543100976e-07,-4.966997875735143e-06,2.064416089714426e-06,-1.5183570451052623e-06,-1.4936184616151262e-07,6.59188264222142e-07
1.6802471619968953e-07,-4.966904297357811e-06,2.0231247206999538e-06,-1.5373458496937726e-06,-1.1851607207021587e-07,6.584693392226806e-07
1.699001119052481e-07,-4.9668088937271935e-06,1.982659177002837e-06,-1.5568014462384125e-06,-8.798470718808957e-08,6.576811674084602e-07
1.71789795182224e-07,-4.966711635472326e-06,1.9430029421818433e-06,-1.5767329657112018e-06,-5.776131219395611e-08,6.56821174805124e-07
1.736938311726027e-07,-4.966612493325846e-06,1.9041398300629515e-06,-1.5971499738503438e-06,-2.783968241705291e-08,6.558866442483793e-07
1.7561228514719056e-07,-4.966511436493835e-06,1.8660539782301346e-06,-1.6180624921433776e-06,1.7861387726231424e-09,6.548747088337358e-07
1.7754522256656017e-07,-4.9664084346300785e-06,1.828729841571637e-06,-1.639481017367014e-06,3.1121867801779557e-08,6.537823439507037e-07
1.7949270903910043e-07,-4.966303456583763e-06,1.7921521857671705e-06,-1.6614165433474458e-06,6.017297434176313e-08,6.526063598998662e-07
1.8145481035750323e-07,-4.966196471395877e-06,1.7563060812489438e-06,-1.6838805831647342e-06,8.894468358450248e-08,6.513433938715734e-07
1.8343159243769588e-07,-4.9660874469536475e-06,1.72117689702678e-06,-1.7068851936886809e-06,1.1744196702590877e-07,6.499899022299535e-07
1.8542312136260297e-07,-4.96597635093421e-06,1.686750294745014e-06,-1.7304429992265205e-06,1.45669546514706e-07,6.485421504376995e-07
1.8742946339542438e-07,-4.9658631511031475e-06,1.6530122227763751e-06,-1.7545672191674147e-06,1.736318908887899e-07,6.469962047294654e-07
1.8945068493196183e-07,-4.965747814450231e-06,1.619948910585582e-06,-1.7792716944057185e-06,2.0133320824875643e-07,6.453479219811472e-07
1.9148685250141237e-07,-4.965630306908095e-06,1.5875468629674217e-06,-1.8045709154295712e-06,2.287774465320819e-07,6.435929403008138e-07
1.9353803283852835e-07,-4.9655105954915575e-06,1.5557928546676967e-06,-1.830480055072439e-06,2.559682891381406e-07,6.417266669551148e-07
1.9560429277707216e-07,-4.965388645503691e-06,1.5246739249534762e-06,-1.8570149971568284e-06,2.829091484125693e-07,6.39744268488366e-07
1.9768569931511455e-07,-4.965264422218802e-06,1.4941773722356586e-06,-1.884192371688327e-06,3.096031606633964e-07,6.376406582881418e-07
1.9978231960563735e-07,-4.96513789069924e-06,1.4642907490763659e-06,-1.9120295879402146e-06,3.360531849311111e-07,6.354104848169936e-07
2.0189422091291572e-07,-4.965009015109924e-06,1.435001856892368e-06,-1.940544873533293e-06,3.6226179114916573e-07,6.330481180400711e-07
2.0402147068469152e-07,-4.964877759538422e-06,1.406298741026525e-06,-1.9697573089637976e-06,3.8823126171909195e-07,6.305476369629573e-07
2.0616413646395632e-07,-4.964744087359443e-06,1.3781696860863924e-06,-1.9996868699028747e-06,4.1396357705677544e-07,6.279028146992743e-07
2.0832228597531445e-07,-4.964607962083924e-06,1.3506032108177875e-06,-2.030354467830737e-06,4.3946041226524493e-07,6.251071041766652e-07
2.104959870397728e-07,-4.964469345858825e-06,1.3235880636832e-06,-2.061781995888852e-06,4.647231312487462e-07,6.221536227048075e-07
2.1268530761370288e-07,-4.964328200925878e-06,1.297113218095806e-06,-2.0939923695141117e-06,4.897527711158299e-07,6.190351362658631e-07
2.148903158228844e-07,-4.964184489374552e-06,1.271167868113739e-06,-2.127009579174411e-06,5.145500425297588e-07,6.15744042084107e-07
2.1711107985918974e-07,-4.964038171870335e-06,1.245741423813619e-06,-2.1608587367759755e-06,5.391153130794354e-07,6.122723516673879e-07
2.1934766806147522e-07,-4.96388920920038e-06,1.2208235071139847e-06,-2.195566128398958e-06,5.634486009146918e-07,6.086116723775607e-07
2.2160014891077602e-07,-4.963737561884353e-06,1.1964039474775567e-06,-2.2311592683653075e-06,5.875495622944347e-07,6.047531884180525e-07
2.2386859099916957e-07,-4.9635831898865006e-06,1.1724727778020856e-06,-2.2676669550829982e-06,6.114174787583533e-07,6.006876412385674e-07
2.2615306299474577e-07,-4.9634260519521975e-06,1.14902023033098e-06,-2.305119329221728e-06,6.350512485573756e-07,5.964053089128398e-07
2.284536337092783e-07,-4.963266106987837e-06,1.126036732615178e-06,-2.343547935330317e-06,6.584493706837919e-07,5.918959843506645e-07
2.3077037206495043e-07,-4.963103313468136e-06,1.103512903682675e-06,-2.3829857840092153e-06,6.816099312987681e-07,5.871489536764599e-07
2.3310334708854227e-07,-4.962937629186547e-06,1.0814395501904878e-06,-2.423467418634934e-06,7.045305899308737e-07,5.821529726094417e-07
2.354526278856798e-07,-4.962769011174432e-06,1.0598076626482274e-06,-2.4650289819734527e-06,7.272085643631589e-07,5.768962428160403e-07
2.3781828368712095e-07,-4.962597416535944e-06,1.0386084117413616e-06,-2.5077082877896387e-06,7.496406101738138e-07,5.713663871798658e-07
2.402003837953075e-07,-4.962422801413057e-06,1.017833144800582e-06,-2.5515448930117735e-06,7.718230090510587e-07,5.65550423878181e-07
2.425989976314863e-07,-4.962245121774444e-06,9.97473382150585e-07,-2.5965801730047152e-06,7.937515480614499e-07,5.594347399032734e-07
2.4501419464829235e-07,-4.962064332058204e-06,9.775208136978842e-07,-2.642857400395775e-06,8.154215014387408e-07,5.530050639732131e-07
2.474460444483151e-07,-4.961880387682324e-06,9.57967295600597e-07,-2.690421824011616e-06,8.368276066654987e-07,5.462464380270775e-07
2.498946166779875e-07,-4.961693242670447e-06,9.388048468563641e-07,-2.7393207517009373e-06,8.579640489889499e-07,5.391431882205832e-07
2.5235998103821056e-07,-4.961502850333161e-06,9.20025646145876e-07,-2.789603635488635e-06,8.788244341632536e-07,5.316788950335478e-07
2.548422073163701e-07,-4.9613091635558126e-06,9.016220284440256e-07,-2.841322158062223e-06,8.994017678600527e-07,5.238363630165314e-07
2.573413653958205e-07,-4.96111213541212e-06,8.835864821792373e-07,-2.8945303228109795e-06,9.196884310509978e-07,5.15597588566844e-07
2.5985752517980426e-07,-4.960911717465392e-06,8.659116459126385e-07,-2.949284542421798e-06,9.396761529720624e-07,5.069437287592558e-07
2.623907566524932e-07,-4.96070786152427e-06,8.48590305459419e-07,-3.005643734802525e-06,9.593559859110553e-07,4.978550686501763e-07
2.6494112981705307e-07,-4.9605005177886235e-06,8.316153909320173e-07,-3.063669414009277e-06,9.787182774589637e-07,4.883109871107689e-07
2.675087147501141e-07,-4.9602896368024475e-06,8.149799738169936e-07,-3.1234257878351174e-06,9.977526405217686e-07,4.782899244919573e-07
2.700935815398428e-07,-4.960075167834411e-06,7.986772641956349e-07,-3.1849798534003214e-06,1.0164479234311372e-06,4.677693470142624e-07
2.7269580038376433e-07,-4.959857060786515e-06,7.82700607930217e-07,-3.2484014956292236e-06,1.0347921792380636e-06,4.567257139332119e-07
2.753154414105155e-07,-4.959635263362337e-06,7.670434839535532e-07,-3.3137635817302668e-06,1.0527726312542946e-06,4.451344422622398e-07
2.779525748424325e-07,-4.959409723866316e-06,7.516995016309463e-07,-3.381142061671254e-06,1.0703756426894417e-06,4.3296987205072293e-07
2.8060727091690064e-07,-4.959180389749297e-06,7.366623981785776e-07,-3.4506160626593957e-06,1.0875866791358269e-06,4.202052331052867e-07
2.8327959984380994e-07,-4.958947207432429e-06,7.219260360179671e-07,-3.5222679859528222e-06,1.1043902748957368e-06,4.068126099070039e-07
2.859696318881759e-07,-4.958710123077344e-06,7.074844003393134e-07,-3.5961835998973466e-06,1.1207699934886802e-06,3.9276290935965887e-07
2.886774373025148e-07,-4.958469082359726e-06,6.933315966134521e-07,-3.672452129743563e-06,1.1367083937479232e-06,3.7802582740001926e-07
2.9140308632343614e-07,-4.9582240298360444e-06,6.794618482317388e-07,-3.751166349129296e-06,1.1521869873093255e-06,3.6256981793958424e-07
2.941466492214549e-07,-4.95797491033373e-06,6.658694941110175e-07,-3.832422660570821e-06,1.1671861995245176e-06,3.463620626389732e-07
2.9690819621625497e-07,-4.9577216670639424e-06,6.525489863627867e-07,-3.916321174732848e-06,1.1816853320359436e-06,3.293684422921311e-07
2.996877975382095e-07,-4.9574642433839435e-06,6.394948880616536e-07,-4.002965785590671e-06,1.1956625187634224e-06,3.115535107917992e-07
3.024855233404607e-07,-4.95720258103152e-06,6.267018710196073e-07,-4.092464233379855e-06,1.2090946876950912e-06,2.9288047064926e-07
3.053014438119269e-07,-4.956936622056799e-06,6.141647137041682e-07,-4.184928163549124e-06,1.2219575140047334e-06,2.7331115153944e-07
3.0813562910201964e-07,-4.956666307886766e-06,6.018782988497667e-07,-4.280473173167704e-06,1.2342253839868345e-06,2.5280599239868683e-07
3.1098814929440866e-07,-4.956391578625744e-06,5.898376116312325e-07,-4.3792188496721355e-06,1.245871348569426e-06,2.3132402724177775e-07
3.1385907444590637e-07,-4.9561123742466535e-06,5.78037737542678e-07,-4.481288793403805e-06,1.256867085247269e-06,2.0882287430955926e-07
3.1674847455738675e-07,-4.955828633706967e-06,5.664738602847308e-07,-4.5868106278230056e-06,1.2671828539192229e-06,1.8525873129502502e-07
3.196564195807577e-07,-4.9555402953265155e-06,5.551412600220589e-07,-4.69591599395779e-06,1.2767874591753116e-06,1.6058637459391397e-07
3.2258297943259505e-07,-4.9552472971121365e-06,5.440353111509645e-07,-4.808740528532569e-06,1.2856482095965976e-06,1.3475916529987487e-07
3.255282239439038e-07,-4.954949576053694e-06,5.331514806458563e-07,-4.925423818337883e-06,1.293730880507153e-06,1.0772906116701745e-07
3.284922229097783e-07,-4.954647068510444e-06,5.224853261394245e-07,-5.0461093371696795e-06,1.3009996776489042e-06,7.944663670480686e-08
3.314750460653151e-07,-4.9543397104930185e-06,5.120324942161246e-07,-5.170944358676717e-06,1.3074172043085753e-06,4.986110976770283e-08
3.344767630557348e-07,-4.954027436973779e-06,5.017887183279681e-07,-5.3000798415634e-06,1.3129444289997409e-06,1.8920378275513376e-08
3.374974434752195e-07,-4.9537101820320166e-06,4.91749817478985e-07,-5.433670288147244e-06,1.3175406562639177e-06,-1.3428934684131921e-08
3.4053715684788163e-07,-4.953387879361811e-06,4.819116940396638e-07,-5.571873573495384e-06,1.3211635064054727e-06,-4.724142570586321e-08
3.4359597264292933e-07,-4.953060461878801e-06,4.7227033259217256e-07,-5.714850741143374e-06,1.3237688909452455e-06,-8.257284437041608e-08
3.466739602575011e-07,-4.952727862024891e-06,4.6282179784617106e-07,-5.862765763952924e-06,1.3253109989786343e-06,-1.1948001525204395e-07
3.497711890252469e-07,-4.952390010879978e-06,4.53562233283837e-07,-6.015785269775557e-06,1.3257422859241373e-06,-1.5802074824092393e-07
3.5288772825296453e-07,-4.952046839473239e-06,4.444878594785583e-07,-6.174078228258415e-06,1.325013468711189e-06,-1.982537346270427e-07
3.560236471547467e-07,-4.9516982778079635e-06,4.35594972689385e-07,-6.337815593463165e-06,1.3230735268521789e-06,-2.402384307219456e-07
3.5917901490714485e-07,-4.951344254989235e-06,4.2687994311178937e-07,-6.507169907960128e-06,1.3198697141205744e-06,-2.840349264648136e-07
3.623539006703028e-07,-4.9509846997918295e-06,4.18339213724965e-07,-6.682314860515031e-06,1.3153475730948101e-06,-3.297037987630859e-07
3.6554837358469585e-07,-4.950619539910955e-06,4.099692984130376e-07,-6.863424798145588e-06,1.3094509591841786e-06,-3.77305950511326e-07
3.687625027085556e-07,-4.950248702023822e-06,4.017667809482504e-07,-7.050674190216372e-06,1.302122078098834e-06,-4.269024328180806e-07
3.719963571503708e-07,-4.949872112551076e-06,3.9372831339883445e-07,-7.244237045793284e-06,1.2933015262410749e-06,-4.785542519395315e-07
3.7525000601446e-07,-4.949489697007633e-06,3.858506147539603e-07,-7.444286281815088e-06,1.2829283470352722e-06,-5.3232215906033e-07
3.785235184185947e-07,-4.949101379625737e-06,3.781304696506762e-07,-7.650993042637139e-06,1.2709400950605904e-06,-5.882664247534741e-07
3.8181696358915113e-07,-4.948707085050873e-06,3.705647270308227e-07,-7.864525972945715e-06,1.257272913950482e-06,-6.464465969257295e-07
3.8513041070003066e-07,-4.948306735501403e-06,3.631502988462846e-07,-8.085050439935096e-06,1.2418616226153926e-06,-7.069212427759807e-07
3.884639291446589e-07,-4.947900253904209e-06,3.5588415879660683e-07,-8.312727714517395e-06,1.2246398188127083e-06,-7.697476757656553e-07
3.9181758826908824e-07,-4.947487560725693e-06,3.4876334116545815e-07,-8.547714106458102e-06,1.2055399906305256e-06,-8.349816682118985e-07
3.9519145775941917e-07,-4.947068577580376e-06,3.417849394819623e-07,-8.79016005954354e-06,1.184493646002142e-06,-9.026771502528354e-07
3.985856073045594e-07,-4.946643223552173e-06,3.3494610547498603e-07,-9.040209210999141e-06,1.1614314495931347e-06,-9.72885896073144e-07
4.020001069188988e-07,-4.946211418228123e-06,3.2824404770090954e-07,-9.297997417378934e-06,1.1362833786628559e-06,-1.0456571999989014e-06
4.0543502675243765e-07,-4.945773078763731e-06,3.2167603073695477e-07,-9.563651754364794e-06,1.1089788889908057e-06,-1.1210375428225594e-06
4.088904373019287e-07,-4.945328122919384e-06,3.152393737304255e-07,-9.837289495138349e-06,1.079447092304232e-06,-1.1990702516331453e-06
4.123664093415995e-07,-4.944876466542903e-06,3.0893144953204947e-07,-1.011901707443102e-05,1.0476169510668562e-06,-1.2797951540954109e-06
4.1586301401265964e-07,-4.94441802491294e-06,3.027496833955252e-07,-1.0408929045024516e-05,1.013417480175282e-06,-1.3632482307028258e-06
4.1938032293369674e-07,-4.943952713185724e-06,2.966915522623567e-07,-1.0707107038470202e-05,9.767779638203678e-07,-1.4494612666419923e-06
4.2291840805545485e-07,-4.9434804442619475e-06,2.9075458344162104e-07,-1.1013618731359578e-05,9.376281806093632e-07,-1.5384615080146862e-06
4.2647734184311244e-07,-4.943001130294771e-06,2.8493635361925326e-07,-1.1328516833910263e-05,8.958986381318956e-07,-1.6302713231946053e-06
4.300571974118677e-07,-4.942514683618732e-06,2.792344880751504e-07,-1.1651838110415398e-05,8.51520816976741e-07,-1.7249078737874758e-06
4.3365804841041e-07,-4.942021014699398e-06,2.736466595043696e-07,-1.1983602433665926e-05,8.044274207923808e-07,-1.8223827997741941e-06
4.3727996913032746e-07,-4.9415200330358974e-06,2.6817058714596586e-07,-1.2323811895217112e-05,7.545526304033535e-07,-1.922701918753643e-06
4.409230345902258e-07,-4.941011647135551e-06,2.628040359563316e-07,-1.2672449972720597e-05,7.018323648134715e-07,-2.0258649472788174e-06
4.445873205934574e-07,-4.940495764879237e-06,2.575448154756795e-07,-1.3029480771641426e-05,6.462045387257157e-07,-2.1318652440363966e-06
4.482729037235823e-07,-4.939972292472083e-06,2.523907790830044e-07,-1.3394848345801022e-05,5.876093248256914e-07,-2.240689580004561e-06
4.519798614977446e-07,-4.939441135768658e-06,2.4733982312504984e-07,-1.376847611206711e-05,5.259894118566505e-07,-2.352317938392284e-06
4.5570827232285113e-07,-4.938902198976448e-06,2.4238988594707225e-07,-1.415026636518586e-05,4.6129025704278925e-07,-2.4667233479683553e-06
4.594582156088023e-07,-4.938355385512863e-06,2.375389473044955e-07,-1.4540099898973491e-05,3.9346033261795603e-07,-2.583871751112356e-06
4.632297718256335e-07,-4.937800597538079e-06,2.3278502708590478e-07,-1.4937835750409636e-05,3.2245136469382205e-07,-2.703721910917425e-06
4.670230225106337e-07,-4.937237735976626e-06,2.2812618501905985e-07,-1.5343311061636534e-05,2.482185614629722e-07,-2.8262253581497457e-06
4.708380503707356e-07,-4.936666700699642e-06,2.2356051949626266e-07,-1.5756341073741766e-05,1.7072082558478155e-07,-2.9513263791749264e-06
4.746749393178227e-07,-4.9360873907518996e-06,2.1908616699548503e-07,-1.6176719252213563e-05,8.992095655846433e-08,-3.078962049514224e-06
4.785337744979586e-07,-4.935499703298435e-06,2.147013012657376e-07,-1.6604217546733214e-05,5.785830797980371e-09,-3.2090623086729846e-06
4.824146423332106e-07,-4.934903534623813e-06,2.1040413260538097e-07,-1.703858678774706e-05,-8.171343284045925e-08,-3.341550080321336e-06
4.863176305994628e-07,-4.934298780027766e-06,2.061929070478112e-07,-1.747955721670945e-05,-1.7260132965556186e-07,-3.4763414370500117e-06
4.90242828421361e-07,-4.933685333153506e-06,2.0206590573887195e-07,-1.7926839150551757e-05,-2.66897844190284e-07,-3.6133458064261407e-06
4.941903263101912e-07,-4.933063086268311e-06,1.9802144419786752e-07,-1.838012377160673e-05,-3.6461835151897655e-07,-3.7524662216241763e-06
4.981602162186432e-07,-4.93243193055584e-06,1.9405787163590277e-07,-1.883908404476446e-05,-4.6577354057940436e-07,-3.893599608333031e-06
5.02152591512724e-07,-4.931791755890196e-06,1.9017357029052584e-07,-1.930337574687206e-05,-5.70369359424758e-07,-4.0366371130187625e-06
5.061675470733879e-07,-4.931142450633212e-06,1.863669547482829e-07,-1.9772638603158818e-05,-6.784069873222542e-07,-4.181464463799771e-06
5.102051792485587e-07,-4.9304839021587525e-06,1.826364712421895e-07,-2.0246497525246945e-05,-7.89882830690334e-07,-4.327962364101084e-06
5.142655858515723e-07,-4.929815996034071e-06,1.789805971559698e-07,-2.0724563930652718e-05,-9.047885424754606e-07,-4.476006914008513e-06
5.183488661672772e-07,-4.929138616311393e-06,1.753978403359295e-07,-2.12064371431119e-05,-1.0231110649060713e-06,-4.625470056658116e-06
5.224551209828422e-07,-4.928451645970751e-06,1.7188673846892613e-07,-2.1691705850858885e-05,-1.144832696747785e-06,-4.776220044900968e-06
5.265844525703227e-07,-4.927754966185459e-06,1.6844585838401227e-07,-2.217994961741942e-05,-1.2699311819894067e-06,-4.9281219243019645e-06
5.30736964639645e-07,-4.927048456912445e-06,1.650737956472675e-07,-2.267074042715331e-05,-1.3983798187280654e-06,-5.0810380283093335e-06
5.349127623281574e-07,-4.926331996222663e-06,1.6176917398296807e-07,-2.316364425799767e-05,-1.5301475906474189e-06,-5.234828481084647e-06
5.391119522177389e-07,-4.925605461050654e-06,1.585306444655088e-07,-2.365822265853997e-05,-1.6651993119399812e-06,-5.389351704343463e-06
5.43334642294869e-07,-4.9248687267424755e-06,1.5535688535970515e-07,-2.415403432708954e-05,-1.8034957924042975e-06,-5.5444649227110635e-06
5.475809418325298e-07,-4.924121666989646e-06,1.5224660122946793e-07,-2.465063667420672e-05,-1.944994016395649e-06,-5.700024665428365e-06
5.518509614343124e-07,-4.923364153758954e-06,1.4919852254337034e-07,-2.514758735714332e-05,-2.0896473353076027e-06,-5.855887258745895e-06
5.561448129754965e-07,-4.922596057420975e-06,1.462114052539874e-07,-2.5644445775758375e-05,-2.2374056699692717e-06,-6.011909307326657e-06
5.604626096029837e-07,-4.921817247339947e-06,1.4328403011859963e-07,-2.6140774523580732e-05,-2.388215723249685e-06,-6.16794815920392e-06
5.648044654897251e-07,-4.921027590057218e-06,1.4041520226351253e-07,-2.663614077769847e-05,-2.5420211995455658e-06,-6.323862353627874e-06
5.691704960427513e-07,-4.920226951549136e-06,1.3760375076881492e-07,-2.7130117623700032e-05,-2.6987630311247355e-06,-6.4795120482206005e-06
5.735608176161533e-07,-4.919415195308951e-06,1.3484852814144108e-07,-2.7622285309228114e-05,-2.858379604698521e-06,-6.634759422122727e-06
5.779755476496574e-07,-4.918592183991269e-06,1.3214840977085255e-07,-2.8112232419262663e-05,-3.020806996109196e-06,-6.789469054201807e-06
5.824148044358692e-07,-4.9177577778404805e-06,1.2950229354753864e-07,-2.859955696580566e-05,-3.185979197603224e-06,-6.943508276711173e-06
5.868787071062348e-07,-4.9169118355515296e-06,1.2690909945606642e-07,-2.9083867390635374e-05,-3.3538283514570603e-06,-7.096747498653753e-06
5.913673756187654e-07,-4.916054214197564e-06,1.2436776908725977e-07,-2.9564783481685142e-05,-3.5242849751617957e-06,-7.249060502681167e-06
5.958809306355776e-07,-4.91518476914895e-06,1.2187726512263789e-07,-3.004193719416504e-05,-3.6972781866459617e-06,-7.400324712114189e-06
6.004194934302576e-07,-4.914303353856626e-06,1.1943657105650138e-07,-3.0514973382199343e-05,-3.8727359206651225e-06,-7.5504214285980256e-06
6.049831858158988e-07,-4.913409819804607e-06,1.1704469069460861e-07,-3.0983550437649445e-05,-4.050585142370806e-06,-7.699236041599793e-06
6.095721301756786e-07,-4.912504017371298e-06,1.147006477819281e-07,-3.144734084000774e-05,-4.230752052261333e-06,-7.846658208651844e-06
6.141864492045164e-07,-4.91158579404028e-06,1.1240348550156399e-07,-3.190603161469802e-05,-4.413162282490232e-06,-7.992582006923801e-06
6.188262660313974e-07,-4.910654996832229e-06,1.1015226628887571e-07,-3.235932470999653e-05,-4.5977410862669986e-06,-8.136906058982107e-06
6.234917039487796e-07,-4.909711469529875e-06,1.0794607138734185e-07,-3.280693728624525e-05,-4.784413516086223e-06,-8.279533630197501e-06
6.281828865213824e-07,-4.908755055293767e-06,1.0578400010168874e-07,-3.324860192890392e-05,-4.9731045935086085e-06,-8.420372703323674e-06
6.328999373629771e-07,-4.907785594653911e-06,1.0366517013965534e-07,-3.3684066784552435e-05,-5.163739470611832e-06,-8.559336026763867e-06
6.376429801028262e-07,-4.906802926207384e-06,1.0158871657606847e-07,-3.4113095627837304e-05,-5.356243578538541e-06,-8.696341142076472e-06
6.424121384283944e-07,-4.905806887575035e-06,9.955379191814711e-08,-3.453546785758595e-05,-5.5505427655908864e-06,-8.831310390039584e-06
6.472075357814097e-07,-4.9047973133131285e-06,9.755956562007111e-08,-3.495097843607739e-05,-5.746563429978631e-06,-8.964170895552136e-06
6.52029295551019e-07,-4.903774037340468e-06,9.560522360643536e-08,-3.535943776824991e-05,-5.944232635750849e-06,-9.09485453656178e-06
6.568775407223868e-07,-4.902736890374476e-06,9.368996836709228e-08,-3.576067152928326e-05,-6.143478223356887e-06,-9.223297894604891e-06
6.617523940549594e-07,-4.901685702245285e-06,9.181301805370777e-08,-3.615452044377517e-05,-6.344228908768599e-06,-9.34944219177416e-06
6.666539778779774e-07,-4.900620300467318e-06,8.997360656329538e-08,-3.6540840024283564e-05,-6.546414373450115e-06,-9.473233212504032e-06
6.715824139835e-07,-4.899540510236199e-06,8.817098321255273e-08,-3.69195002694567e-05,-6.749965344318286e-06,-9.594621214587068e-06
6.765378237258877e-07,-4.898446155612657e-06,8.640441209894415e-08,-3.7290385329744766e-05,-6.954813664332128e-06,-9.713560828644032e-06
6.815203277042897e-07,-4.897337057687535e-06,8.46731722583902e-08,-3.7653393143024354e-05,-7.160892357076647e-06,-9.830010948351535e-06
6.865300459642546e-07,-4.896213036389099e-06,8.297655713284244e-08,-3.800843504635323e-05,-7.368135678981558e-06,-9.9439346128842e-06
6.91567097828645e-07,-4.895073909746935e-06,8.131387407273773e-08,-3.835543536474335e-05,-7.576479167466847e-06,-1.0055298882320902e-05
6.966316017263619e-07,-4.893919493312615e-06,7.968444455466106e-08,-3.869433098283645e-05,-7.785859679307963e-06,-1.0164074707666473e-05
7.01723675306076e-07,-4.89274960100495e-06,7.808760345804591e-08,-3.902507090436727e-05,-7.996215423651127e-06,-1.0270236795724762e-05
7.068434351584655e-07,-4.891564044305971e-06,7.652269905717681e-08,-3.934761579708275e-05,-8.207485985897033e-06,-1.0373763470821476e-05
7.119909969884928e-07,-4.8903626331156175e-06,7.498909264069266e-08,-3.966193753310933e-05,-8.419612348406533e-06,-1.0474636534292706e-05
7.171664754207293e-07,-4.889145175075955e-06,7.348615818948697e-08,-3.996801872232583e-05,-8.632536904579684e-06,-1.0572841121544871e-05
7.223699839740227e-07,-4.887911476015995e-06,7.201328232008897e-08,-4.0265852244404105e-05,-8.846203464705246e-06,-1.066836555840689e-05
7.276016349988866e-07,-4.886661339569691e-06,7.056986374225289e-08,-4.0555440778185144e-05,-9.060557261844886e-06,-1.076120121805135e-05
7.328615395829569e-07,-4.885394567386538e-06,6.915531345279434e-08,-4.083679633627316e-05,-9.275544949224133e-06,-1.0851342376305848e-05
7.381498076106649e-07,-4.8841109589592035e-06,6.776905401170278e-08,-4.110993980018489e-05,-9.491114594820081e-06,-1.0938786070544791e-05
7.434665476376996e-07,-4.882810312378186e-06,6.641051969751537e-08,-4.137490046227123e-05,-9.70721567225059e-06,-1.102353195865056e-05
7.488118667166168e-07,-4.881492422842427e-06,6.507915581313647e-08,-4.163171557341194e-05,-9.923799048270412e-06,-1.1105582179473503e-05
7.541858705745428e-07,-4.88015708385887e-06,6.377441915509272e-08,-4.188042990048052e-05,-1.0140816967207229e-05,-1.1184941217524579e-05
7.595886632991954e-07,-4.878804086629715e-06,6.249577704848123e-08,-4.2121095290692246e-05,-1.035822303061681e-05,-1.1261615768528443e-05
7.650203476188343e-07,-4.877433220871009e-06,6.124270765651778e-08,-4.2353770247054614e-05,-1.0575972178874107e-05,-1.1335614609445114e-05
7.70481024532161e-07,-4.8760442736412035e-06,6.001469950905716e-08,-4.2578519515697075e-05,-1.07940206651732e-05,-1.140694847071212e-05
7.759707933719532e-07,-4.874637030205079e-06,5.8811251453130744e-08,-4.279541368252678e-05,-1.1012326031497897e-05,-1.1475629912996851e-05
7.814897518585495e-07,-4.8732112737786426e-06,5.7631872157638875e-08,-4.3004528782873754e-05,-1.1230847081941655e-05,-1.1541673206655056e-05
7.870379958246791e-07,-4.8717667850192715e-06,5.647608032656249e-08,-4.320594592579121e-05,-1.1449543852072338e-05,-1.1605094215963297e-05
7.926156194203018e-07,-4.870303343085276e-06,5.534340425817888e-08,-4.3399750926904455e-05,-1.1668377581592947e-05,-1.1665910286709748e-05
7.982227148500799e-07,-4.868820724600065e-06,5.423338152002927e-08,-4.35860339580243e-05,-1.1887310681527581e-05,-1.172414013801775e-05
8.038593725079566e-07,-4.867318704869989e-06,5.31455590894357e-08,-4.376488920797358e-05,-1.2106306702982482e-05,-1.1779803757860746e-05
8.095256807333453e-07,-4.865797056283922e-06,5.207949307937376e-08,-4.393641455795776e-05,-1.2325330305678135e-05,-1.1832922303004292e-05
8.152217258053389e-07,-4.864255548833876e-06,5.103474822621116e-08,-4.410071126825971e-05,-1.254434722237354e-05,-1.188351800348601e-05
8.209475921091552e-07,-4.862693951407363e-06,5.001089815760715e-08,-4.4257883681032794e-05,-1.2763324227481538e-05,-1.1931614069871036e-05
8.267033618403406e-07,-4.861112030547949e-06,4.9007524922448405e-08,-4.4408038932086774e-05,-1.2982229103095978e-05,-1.1977234605947632e-05
8.324891149393679e-07,-4.859509549978208e-06,4.802421894246424e-08,-4.4551286680881265e-05,-1.3201030603422899e-05,-1.202040452458681e-05
8.383049293014558e-07,-4.857886271975229e-06,4.706057911981433e-08,-4.468773884718076e-05,-1.3419698422743628e-05,-1.2061149467279576e-05
8.441508804500601e-07,-4.8562419565595e-06,4.6116211823585644e-08,-4.481750936613915e-05,-1.363820316090071e-05,-1.2099495728711775e-05
8.500270416689665e-07,-4.854576361853098e-06,4.519073186901848e-08,-4.494071395048985e-05,-1.3856516287770698e-05,-1.2135470183850787e-05
8.559334838158822e-07,-4.852889243484586e-06,4.428376137586241e-08,-4.505746986894497e-05,-1.407461011192812e-05,-1.216910021932042e-05
8.618702752827587e-07,-4.8511803547367144e-06,4.339493013597977e-08,-4.516789573203332e-05,-1.4292457746006458e-05,-1.2200413668300779e-05
8.678374821324589e-07,-4.84944944737708e-06,4.2523875396985013e-08,-4.527211129281508e-05,-1.451003307418942e-05,-1.222943874925828e-05
8.738351679327765e-07,-4.8476962714422875e-06,4.167024158613604e-08,-4.5370237257366674e-05,-1.4727310719799318e-05,-1.2256204007062704e-05
8.798633934671928e-07,-4.845920573428209e-06,4.0833680461551764e-08,-4.546239510414725e-05,-1.4944266013357307e-05,-1.2280738258503478e-05
8.859222171445434e-07,-4.844122099249375e-06,4.001385028250996e-08,-4.55487069170211e-05,-1.5160874958915877e-05,-1.2303070540317745e-05
8.920116945590713e-07,-4.842300591868059e-06,3.921041682327122e-08,-4.5629295223275994e-05,-1.5377114206601562e-05,-1.2323230060937739e-05
8.981318785987708e-07,-4.840455792155778e-06,3.842305164166759e-08,-4.570428284674048e-05,-1.5592961019245833e-05,-1.2341246153917285e-05
9.042828193839317e-07,-4.838587439096101e-06,3.765143384377529e-08,-4.5773792766785564e-05,-1.580839324306125e-05,-1.2357148235937975e-05
9.104645643511206e-07,-4.8366952703518064e-06,3.6895248233985487e-08,-4.5837947986207974e-05,-1.6023389280309175e-05,-1.2370965766189204e-05
9.166771577097658e-07,-4.8347790195785185e-06,3.615418623184091e-08,-4.589687140732926e-05,-1.623792805792896e-05,-1.2382728208551583e-05
9.22920641126489e-07,-4.83283842049577e-06,3.5427945301036645e-08,-4.595068571975208e-05,-1.6451989001537935e-05,-1.2392464997443883e-05
9.291950530589388e-07,-4.8308732035389e-06,3.471622912430351e-08,-4.599951328867176e-05,-1.66655520073427e-05,-1.240020550443346e-05
9.355004289491185e-07,-4.8288830974569425e-06,3.401874716269759e-08,-4.60434760598411e-05,-1.687859741586847e-05,-1.2405979008649017e-05
9.418368010631081e-07,-4.826867828632548e-06,3.333521473476505e-08,-4.608269546275881e-05,-1.7091105986076973e-05,-1.2409814667831788e-05
9.482041987993221e-07,-4.824827122272772e-06,3.266535282094312e-08,-4.611729232706976e-05,-1.7303058870788863e-05,-1.2411741493702683e-05
9.546026479781461e-07,-4.822760700401032e-06,3.2008888053538765e-08,-4.61473868012965e-05,-1.7514437591002837e-05,-1.2411788326649444e-05
9.610321714146615e-07,-4.8206682839037694e-06,3.1365552393875165e-08,-4.617309828067474e-05,-1.7725224013059737e-05,-1.240998381488235e-05
9.67492788481582e-07,-4.818549591407173e-06,3.073508335721566e-08,-4.619454533743133e-05,-1.793540032549437e-05,-1.2406356393340196e-05
9.739845151957167e-07,-4.816404339451192e-06,3.0117223670771564e-08,-4.621184566138724e-05,-1.8144949017143266e-05,-1.2400934266010155e-05
9.805073640520027e-07,-4.814232242340779e-06,2.9511721096045774e-08,-4.6225116000560596e-05,-1.8353852854246337e-05,-1.239374538865007e-05
9.870613442859513e-07,-4.8120330133871695e-06,2.8918328317162855e-08,-4.623447211087358e-05,-1.8562094860657096e-05,-1.2384817453967107e-05
9.9364646133353e-07,-4.809806363014766e-06,2.8336803331400748e-08,-4.6240028707302524e-05,-1.8769658296498634e-05,-1.2374177877670749e-05
1.0002627171536132e-06,-4.807552000257086e-06,2.776690878753234e-08,-4.624189942313274e-05,-1.8976526640989813e-05,-1.2361853786343674e-05
1.006910109925647e-06,-4.805269631886707e-06,2.7208411973910585e-08,-4.624019676943538e-05,-1.91826835698453e-05,-1.2347872006492346e-05
1.0135886342469929e-06,-4.802958963061431e-06,2.6661085085138994e-08,-4.6235032101427555e-05,-1.9388112941023048e-05,-1.2332259054846484e-05
1.0202982807925013e-06,-4.800619696961088e-06,2.612470451166026e-08,-4.622651558871845e-05,-1.9592798773623096e-05,-1.2315041130046383e-05
1.0270390364160944e-06,-4.798251534962279e-06,2.5599051510045233e-08,-4.621475618655448e-05,-1.9796725233385287e-05,-1.2296244104982456e-05
1.0338108841046721e-06,-4.795854176727797e-06,2.5083911402422855e-08,-4.6199861612060496e-05,-1.9999876615092208e-05,-1.2275893521396833e-05
1.0406138028108768e-06,-4.79342731975067e-06,2.4579074039606008e-08,-4.618193832481091e-05,-2.020223732834444e-05,-1.2254014583624562e-05
1.0474477675307342e-06,-4.790970660214832e-06,2.4084333322522253e-08,-4.616109150839993e-05,-2.04037918799774e-05,-1.22306321554295e-05
1.0543127490993063e-06,-4.788483892454785e-06,2.3599487285117135e-08,-4.6137425054898494e-05,-2.0604524862535827e-05,-1.220577075571615e-05
1.0612087141208574e-06,-4.785966708457924e-06,2.3124338057806463e-08,-4.6111041553863004e-05,-2.0804420938418388e-05,-1.2179454556836625e-05
1.0681356251925847e-06,-4.783418799774854e-06,2.2658691813319268e-08,-4.6082042282343334e-05,-2.10034648276444e-05,-1.2151707382453441e-05
1.0750934404042287e-06,-4.7808398549995725e-06,2.2202358275783523e-08,-4.605052719577903e-05,-2.12016412933793e-05,-1.2122552707262088e-05
1.0820821135235818e-06,-4.778229561334087e-06,2.1755151307659705e-08,-4.601659492455759e-05,-2.1398935132809974e-05,-1.2092013655728111e-05
1.0891015941368457e-06,-4.775587605418772e-06,2.131688839215586e-08,-4.598034277068379e-05,-2.159533116399555e-05,-1.2060113003918988e-05
1.0961518270917936e-06,-4.772913671047236e-06,2.0887390650879366e-08,-4.5941866704671105e-05,-2.1790814212704342e-05,-1.2026873179684622e-05
1.103232752723883e-06,-4.7702074409633555e-06,2.0466482654906374e-08,-4.590126136754005e-05,-2.1985369105585892e-05,-1.1992316264683455e-05
1.1103443069291788e-06,-4.767468596568143e-06,2.005399288627382e-08,-4.585862007137339e-05,-2.2178980657937776e-05,-1.195646399689437e-05
1.1174864207853873e-06,-4.764696817481059e-06,1.96497526957491e-08,-4.5814034804978214e-05,-2.2371633664518463e-05,-1.191933777342002e-05
1.1246590206771688e-06,-4.76189178195422e-06,1.925359723718441e-08,-4.576759623643946e-05,-2.2563312891761878e-05,-1.1880958653276246e-05
1.1318620282815027e-06,-4.75905316717994e-06,1.8865364799137523e-08,-4.571939372078053e-05,-2.2754003066633515e-05,-1.1841347361444395e-05
1.139095360227113e-06,-4.7561806483497115e-06,1.8484896932650557e-08,-4.5669515307068635e-05,-2.294368887141936e-05,-1.1800524293728558e-05
1.1463589283908475e-06,-4.753273899912153e-06,1.811203823476115e-08,-4.561804774640853e-05,-2.3132354934427747e-05,-1.1758509519947423e-05
1.1536526395749028e-06,-4.750332594767841e-06,1.7746636740158012e-08,-4.5565076503266655e-05,-2.3319985824514562e-05,-1.171532279045683e-05
1.1609763954916768e-06,-4.74735640455577e-06,1.7388543058556573e-08,-4.551068576302082e-05,-2.3506566041098177e-05,-1.1670983540104956e-05
1.1683300927325874e-06,-4.744344999509612e-06,1.703761119786385e-08,-4.5454958446615065e-05,-2.369208001232066e-05,-1.1625510895115655e-05
1.1757136228896653e-06,-4.741298049526529e-06,1.669369779849844e-08,-4.5397976220995784e-05,-2.3876512086623922e-05,-1.1578923677598705e-05
1.1831268720078488e-06,-4.73821522235719e-06,1.6356662663727623e-08,-4.533981951221243e-05,-2.405984652719862e-05,-1.153124041343243e-05
1.1905697209279078e-06,-4.735096185192751e-06,1.602636810086714e-08,-4.528056751918422e-05,-2.4242067508382882e-05,-1.1482479337134725e-05
1.1980420451777934e-06,-4.73194060415201e-06,1.5702679322033184e-08,-4.522029822813311e-05,-2.4423159110909127e-05,-1.1432658399579112e-05
1.2055437147572133e-06,-4.728748144682798e-06,1.5385464235910628e-08,-4.515908842701669e-05,-2.4603105316859527e-05,-1.1381795274628285e-05
1.2130745942117377e-06,-4.7255184708686545e-06,1.5074593290530237e-08,-4.509701372084928e-05,-2.4781890007105532e-05,-1.1329907366586465e-05
1.220634542404326e-06,-4.722251246154472e-06,1.4769939802998167e-08,-4.503414854735609e-05,-2.4959496957741288e-05,-1.1277011816347245e-05
1.2282234126783042e-06,-4.718946133206191e-06,1.4471379151837334e-08,-4.4970566192849466e-05,-2.513590983501825e-05,-1.1223125510858184e-05
1.2358410525248046e-06,-4.715602793936735e-06,1.4178789643304483e-08,-4.4906338808993224e-05,-2.5311112196642743e-05,-1.1168265088658043e-05
1.2434873038849866e-06,-4.712220889873962e-06,1.3892051918647169e-08,-4.4841537428789906e-05,-2.548508748759875e-05,-1.111244694935526e-05
1.2511620025443618e-06,-4.708800081117476e-06,1.361104870522847e-08,-4.4776231983678225e-05,-2.5657819036602166e-05,-1.1055687260580732e-05
1.2588649785545094e-06,-4.705340027726935e-06,1.3335665641294948e-08,-4.4710491321296694e-05,-2.58292900582657e-05,-1.0998001966120131e-05
1.2665960560722565e-06,-4.7018403895155495e-06,1.3065789975520296e-08,-4.464438322169283e-05,-2.599948364877596e-05,-1.0939406794365445e-05
1.274355053159324e-06,-4.698300825621965e-06,1.2801311778825042e-08,-4.4577974415530926e-05,-2.6168382787454722e-05,-1.0879917266780422e-05
1.282141781746201e-06,-4.694720994522866e-06,1.2542123098386598e-08,-4.451133060107838e-05,-2.63359703362038e-05,-1.0819548705005952e-05
1.2899560476841115e-06,-4.69110055499686e-06,1.22881180974884e-08,-4.44445164615253e-05,-2.650222903681971e-05,-1.0758316240560608e-05
1.2977976505138234e-06,-4.687439165054857e-06,1.2039193070667879e-08,-4.437759568374718e-05,-2.6667141514150866e-05,-1.0696234822889727e-05
1.3056663835858213e-06,-4.683736482745683e-06,1.1795246376538805e-08,-4.4310630974736335e-05,-2.68306902764029e-05,-1.0633319227220223e-05
1.3135620339176315e-06,-4.679992166393653e-06,1.1556178571011944e-08,-4.4243684079809505e-05,-2.6992857713244343e-05,-1.0569584064205574e-05
1.3214843820256404e-06,-4.676205873665187e-06,1.1321892146694037e-08,-4.4176815799483304e-05,-2.7153626102454095e-05,-1.050504378732272e-05
1.3294332019873696e-06,-4.672377262277279e-06,1.1092291239993163e-08,-4.411008600823697e-05,-2.7312977606840558e-05,-1.043971270282234e-05
1.3374082615529466e-06,-4.6685059909845345e-06,1.0867282310199719e-08,-4.404355367061068e-05,-2.747089427694088e-05,-1.0373604976986915e-05
1.3454093218374152e-06,-4.664591718475707e-06,1.06467733640012e-08,-4.397727685930213e-05,-2.7627358055829603e-05,-1.0306734645678623e-05
1.353436137018659e-06,-4.660634102524236e-06,1.0430674717769305e-08,-4.391131277237507e-05,-2.7782350779951333e-05,-1.0239115622929694e-05
1.361490447024498e-06,-4.65663222050306e-06,-8.453354548384718e-07,-4.388508855840573e-05,-2.7569217454952875e-05,-1.0170761550971111e-05
1.3695694545820492e-06,-4.652586467317494e-06,-1.4833540405704273e-06,-4.384944489700245e-05,-2.7448123245573488e-05,-1.0101687469622865e-05
1.3776729133657878e-06,-4.6484965006194674e-06,-1.9074686819414574e-06,-4.3804498949849044e-05,-2.741725108631366e-05,-1.0031906671418646e-05
1.3858005699540873e-06,-4.644361978662001e-06,-2.1214289069891835e-06,-4.375036378795127e-05,-2.7474826184044634e-05,-9.961432371290382e-06
1.393952163505351e-06,-4.64018256059575e-06,-2.128892132425264e-06,-4.368714844961869e-05,-2.761911512297289e-05,-9.890277715352807e-06
1.4021274258885926e-06,-4.635957906207473e-06,-1.933425579721047e-06,-4.361495799875041e-05,-2.7848424989715388e-05,-9.818455788522291e-06
1.4103260815218171e-06,-4.631687676294228e-06,-1.5385081493365313e-06,-4.353389358419237e-05,-2.8161102518727692e-05,-9.745979624300593e-06
1.4185478474486211e-06,-4.627371532366374e-06,-9.475322509533005e-07,-4.34440524923865e-05,-2.8555533257251548e-05,-9.6728622115888e-06
1.4267924331882548e-06,-4.6230091373217345e-06,-1.638055935444877e-07,-4.334552820418318e-05,-2.903014074941364e-05,-9.599116505206597e-06
1.435059540788435e-06,-4.618600155209902e-06,8.094470664998212e-07,-4.3238410445928386e-05,-2.9583385739322057e-05,-9.524755432012332e-06
1.4433515773709988e-06,-4.6141434022245545e-06,7.932549732631626e-07,-4.318028608130562e-05,-2.9714255524177613e-05,-9.449791673324473e-06
1.4516658844719652e-06,-4.609639266600135e-06,7.77386721109573e-07,-4.312308133370686e-05,-2.9843563479239446e-05,-9.374239841404331e-06
1.4600021257527342e-06,-4.605087419331498e-06,7.618358329831223e-07,-4.3066843867259596e-05,-2.997128774507229e-05,-9.29811304457692e-06
1.468359957402629e-06,-4.600487532382808e-06,7.465959619053575e-07,-4.301162068473095e-05,-3.0097406474929622e-05,-9.221424388297245e-06
1.4767390286109002e-06,-4.595839280580191e-06,7.316608873004925e-07,-4.2957458144403093e-05,-3.022189784508566e-05,-9.144186983546267e-06
1.4851389808224943e-06,-4.5911423394855976e-06,7.170245134800522e-07,-4.290440197139756e-05,-3.0344740058110557e-05,-9.066413954213937e-06
1.4935594482975811e-06,-4.586396387082971e-06,7.026808664189601e-07,-4.285249727310738e-05,-3.0465911348699076e-05,-8.98811844605028e-06
1.502000057736681e-06,-4.581601103266459e-06,6.886240913476606e-07,-4.280178855174267e-05,-3.0585389991615674e-05,-8.909313634159395e-06
1.5104604285123006e-06,-4.5767561703266566e-06,6.748484512609233e-07,-4.275231971743124e-05,-3.070315430918848e-05,-8.830012730548929e-06
1.5189401722986988e-06,-4.571861272676075e-06,6.613483231391168e-07,-4.270413410143029e-05,-3.0819182677235146e-05,-8.75022899260937e-06
1.527438893411718e-06,-4.566916096942238e-06,6.481181966425483e-07,-4.2657274468005874e-05,-3.0933453534867556e-05,-8.669975730746833e-06
1.535956188502802e-06,-4.561920332653291e-06,6.351526721679879e-07,-4.2611783027311525e-05,-3.104594539070909e-05,-8.589266315252491e-06
1.5444916467237776e-06,-4.556873671631295e-06,6.224464574679098e-07,-4.256770144637937e-05,-3.115663683232458e-05,-8.508114185489662e-06
1.55304484952663e-06,-4.5517758084020185e-06,6.099943662434399e-07,-4.25250708615548e-05,-3.126550653499806e-05,-8.4265328555698e-06
1.5616153708830031e-06,-4.546626440741406e-06,5.977913161284561e-07,-4.248393188970971e-05,-3.137253326895623e-05,-8.344535922915043e-06
1.5702027769785214e-06,-4.5414252689106265e-06,5.858323264893085e-07,-4.244432463856756e-05,-3.1477695910422086e-05,-8.262137075224847e-06
1.5788066265288835e-06,-4.536171996909345e-06,5.741125160919928e-07,-4.2406288719137926e-05,-3.1580973449157503e-05,-8.179350097442584e-06
1.5874264704711546e-06,-4.530866331289124e-06,5.626271010152339e-07,-4.2369863252377886e-05,-3.168234499987789e-05,-8.096188879887932e-06
1.5960618519633698e-06,-4.5255079820421006e-06,5.513713938422155e-07,-4.233508688440205e-05,-3.1781789811751414e-05,-8.012667423377721e-06
1.6047123068508294e-06,-4.520096663496475e-06,5.403408000491573e-07,-4.230199779258888e-05,-3.187928727753072e-05,-7.928799847816243e-06
1.6133773629186755e-06,-4.514632092461801e-06,5.295308175043485e-07,-4.227063369568368e-05,-3.197481694616786e-05,-7.844600398551287e-06
1.622056540509116e-06,-4.509113990168967e-06,5.189370340866162e-07,-4.2241031864012674e-05,-3.2068358531453216e-05,-7.760083452452543e-06
1.6307493522394215e-06,-4.50354208164995e-06,5.08555125718722e-07,-4.221322912836487e-05,-3.215989192511622e-05,-7.675263525183546e-06
1.639455302922187e-06,-4.497916095614595e-06,4.98380854868893e-07,-4.21872618873195e-05,-3.224939720567245e-05,-7.590155277446671e-06
1.6481738898664698e-06,-4.4922357652104165e-06,4.884100690078265e-07,-4.216316611690501e-05,-3.2336854653196626e-05,-7.504773520908878e-06
1.6569046026832525e-06,-4.486500827799832e-06,4.786386982306429e-07,-4.2140977377704445e-05,-3.242224475820436e-05,-7.419133225196113e-06
1.6656469234025944e-06,-4.480711025267276e-06,4.69062754421213e-07,-4.212073082362633e-05,-3.25055482355925e-05,-7.333249523125192e-06
1.6744003262567534e-06,-4.474866103888553e-06,4.5967832878316764e-07,-4.210246120823288e-05,-3.2586746036039744e-05,-7.247137717517774e-06
1.6831642780480012e-06,-4.468965814670204e-06,4.5048159129994246e-07,-4.2086202893177726e-05,-3.266581936001633e-05,-7.160813286418365e-06
1.6919382378388016e-06,-4.463009913207528e-06,4.4146878804675637e-07,-4.2071989853090943e-05,-3.274274966856712e-05,-7.074291888589911e-06
1.7007216573564e-06,-4.456998160561986e-06,4.3263624035663285e-07,-4.205985568434978e-05,-3.28175186984453e-05,-6.987589370286093e-06
1.7095139806154823e-06,-4.4509303225470805e-06,4.2398034297459324e-07,-4.204983361107394e-05,-3.289010847412379e-05,-6.900721769303638e-06
1.718314644062164e-06,-4.444806170057591e-06,4.1549756314333257e-07,-4.204195648867822e-05,-3.296050132247092e-05,-6.813705320810959e-06
1.7271230768702586e-06,-4.438625479766401e-06,4.0718443844960723e-07,-4.2036256813975646e-05,-3.302867988592748e-05,-6.726556462940838e-06
1.7359387007317515e-06,-4.432388033540444e-06,3.990375757914672e-07,-4.2032766726620704e-05,-3.309462713705069e-05,-6.639291841161936e-06
1.7447609299382428e-06,-4.426093619268991e-06,3.9105365000513064e-07,-4.2031518017658125e-05,-3.315832639217e-05,-6.551928313371873e-06
1.7535891713721099e-06,-4.419742030087418e-06,3.8322940201205775e-07,-4.2032542130633056e-05,-3.3219761326402855e-05,-6.464482954948745e-06
1.7624228247849434e-06,-4.4133330655684605e-06,3.755616389138384e-07,-4.203587017025086e-05,-3.327891598894116e-05,-6.376973062428669e-06
1.7712612826318402e-06,-4.406866531253468e-06,3.68047230487597e-07,-4.2041532905707754e-05,-3.333577481692217e-05,-6.289416159278921e-06
1.7801039299160982e-06,-4.400342238498504e-06,3.6068310974899055e-07,-4.204956077280027e-05,-3.339032265172796e-05,-6.201829998715111e-06
1.7889501449282748e-06,-4.393760005465918e-06,3.5346627113567803e-07,-4.2059983880919666e-05,-3.344254475373066e-05,-6.114232569141209e-06
1.7977992987841725e-06,-4.387119657138126e-06,3.4639376879653504e-07,-4.2072832015050294e-05,-3.349242681881398e-05,-6.0266420967724105e-06
1.8066507556005243e-06,-4.380421024570316e-06,3.3946271624567794e-07,-4.20881346394334e-05,-3.353995499327107e-05,-5.9390770508254285e-06
1.8155038723727024e-06,-4.3736639454959235e-06,3.3267028421676484e-07,-4.210592090111977e-05,-3.35851158901942e-05,-5.851556145933168e-06
1.8243579994275078e-06,-4.3668482648971095e-06,3.260137005578228e-07,-4.2126219633744564e-05,-3.362789660623226e-05,-5.764098346099853e-06
1.833212480331029e-06,-4.359973834908605e-06,3.1949024808519437e-07,-4.2149059359081594e-05,-3.366828473785558e-05,-5.676722868295338e-06
1.842066652042613e-06,-4.353040514942577e-06,3.130972642602093e-07,-4.2174468289929884e-05,-3.370626839737782e-05,-5.589449185369402e-06
1.8509198445697814e-06,-4.346048170997392e-06,3.068321398564596e-07,-4.22024743334444e-05,-3.374183623084453e-05,-5.502297028549743e-06
1.8597713818784433e-06,-4.338996677753951e-06,3.006923175212126e-07,-4.223310509257928e-05,-3.3774977434096726e-05,-5.415286391063976e-06
1.8686205811427788e-06,-4.3318859164385235e-06,2.946752914140632e-07,-4.2266387867753166e-05,-3.38056817710826e-05,-5.328437529860506e-06
1.8774667535758035e-06,-4.324715777101381e-06,2.887786054947082e-07,-4.230234966029097e-05,-3.3833939590344507e-05,-5.241770969008488e-06
1.8863092037613031e-06,-4.317486156569122e-06,2.829998527199744e-07,-4.2341017171757655e-05,-3.385974184299753e-05,-5.155307500946839e-06
1.8951472304865528e-06,-4.310196960529692e-06,2.7733667498373626e-07,-4.238241680751099e-05,-3.3883080100319695e-05,-5.06906818966216e-06
1.9039801263643171e-06,-4.302848102549284e-06,2.717867603618942e-07,-4.2426574676479475e-05,-3.390394657187639e-05,-4.983074371410366e-06
1.91280717825919e-06,-4.295439504430373e-06,2.6634784365424e-07,-4.247351659327177e-05,-3.392233412353376e-05,-4.8973476577975045e-06
1.921627667300267e-06,-4.287971097074944e-06,2.610177050652972e-07,-4.252326807950897e-05,-3.393823629529167e-05,-4.811909936084999e-06
1.9304408687397386e-06,-4.28044281902912e-06,2.5579416896881164e-07,-4.257585436227025e-05,-3.3951647320095144e-05,-4.726783371146425e-06
1.9392460523711213e-06,-4.272854617719467e-06,2.50675103466924e-07,-4.263130037764566e-05,-3.396256214245833e-05,-4.641990406799685e-06
1.9480424828149194e-06,-4.265206450200889e-06,2.456584186898687e-07,-4.268963076973676e-05,-3.397097643636e-05,-4.557553766278804e-06
1.9568294190881873e-06,-4.2574982813438025e-06,2.4074206738254216e-07,-4.2750869891322924e-05,-3.397688662498465e-05,-4.473496453968646e-06
1.9656061154276345e-06,-4.249730086055718e-06,2.3592404307174616e-07,-4.281504180386119e-05,-3.398028989865964e-05,-4.389841755071746e-06
1.974371820923216e-06,-4.241901848062198e-06,2.3120237881269315e-07,-4.288217027870758e-05,-3.398118423487396e-05,-4.3066132363299445e-06
1.983125779789576e-06,-4.234013560330673e-06,2.265751475390454e-07,-4.295227879578476e-05,-3.3979568416582935e-05,-4.223834746801479e-06
1.9918672317386184e-06,-4.226065225735274e-06,2.2204046067934866e-07,-4.302539054447028e-05,-3.3975442051873234e-05,-4.141530417375199e-06
2.000595411711351e-06,-4.218056856076433e-06,2.1759646719119629e-07,-4.3101528423152396e-05,-3.396880559325291e-05,-4.059724661256262e-06
2.009309550487842e-06,-4.2099884732538155e-06,2.1324135349902288e-07,-4.318071503956321e-05,-3.395966035737877e-05,-3.9784421729252225e-06
2.0180088743587115e-06,-4.201860108604524e-06,2.0897334178844574e-07,-4.326297270989034e-05,-3.39480085440342e-05,-3.897707928332283e-06
2.02669260589782e-06,-4.19367180384504e-06,2.0479069006496675e-07,-4.334832345711177e-05,-3.3933853256321496e-05,-3.817547184147825e-06
2.0353599638313495e-06,-4.185423610805646e-06,2.0069169129655515e-07,-4.343678901510347e-05,-3.3917198520534735e-05,-3.7379854769713125e-06
2.0440101629130245e-06,-4.177115591062609e-06,1.9667467201115244e-07,-4.352839082319942e-05,-3.389804930527657e-05,-3.6590486218185867e-06
2.0526424143122053e-06,-4.168747816048208e-06,1.927379931695473e-07,-4.3623150027856836e-05,-3.3876411542080564e-05,-3.580762711802611e-06
2.061255926351078e-06,-4.16032036853664e-06,1.8888004757011714e-07,-4.372108748343339e-05,-3.3852292145374475e-05,-3.503154116232116e-06
2.069849903653872e-06,-4.151833340847266e-06,1.8509926063816142e-07,-4.382222374885647e-05,-3.3825699032145044e-05,-3.4262494794042324e-06
2.0784235481370387e-06,-4.143286836070521e-06,1.8139408943699287e-07,-4.3926579089732614e-05,-3.379664114218576e-05,-3.350075718772522e-06
2.0869760589881472e-06,-4.134680968225217e-06,1.7776302133643063e-07,-4.403417347690419e-05,-3.376512845895515e-05,-3.274660023045665e-06
2.0955066326920365e-06,-4.126015861669627e-06,1.7420457454694872e-07,-4.414502658545017e-05,-3.3731172029109815e-05,-3.2000298505914665e-06
2.1040144632294677e-06,-4.117291651432788e-06,1.7071729624427265e-07,-4.42591577953523e-05,-3.369478398273131e-05,-3.126212926550216e-06
2.112498742660606e-06,-4.108508483711454e-06,1.6729976352267683e-07,-4.4376586190051696e-05,-3.365597755491999e-05,-3.0532372414606946e-06
2.120958660926382e-06,-4.0996665153354256e-06,1.6395058117537105e-07,-4.449733055711502e-05,-3.361476710491172e-05,-2.981131047873963e-06
2.1293934062958973e-06,-4.090765914732164e-06,1.6066838233137734e-07,-4.46214093876794e-05,-3.3571168137213687e-05,-2.9099228583271093e-06
2.137802165359073e-06,-4.081806860611499e-06,1.5745182747942815e-07,-4.474884087611922e-05,-3.352519732224077e-05,-2.8396414423733697e-06
2.146184123275683e-06,-4.072789543068326e-06,1.5429960322196177e-07,-4.4879642919935146e-05,-3.347687251672969e-05,-2.7703158237232152e-06
2.1545384644803647e-06,-4.063714163955635e-06,1.5121042367437932e-07,-4.5013833119421084e-05,-3.342621278434764e-05,-2.701975277246671e-06
2.162864372030517e-06,-4.054580935510529e-06,1.4818302735236805e-07,-4.515142877966248e-05,-3.3373238416599086e-05,-2.6346493254760823e-06
2.1711610287413276e-06,-4.045390082248124e-06,1.4521617875511474e-07,-4.529244690875997e-05,-3.33179709535662e-05,-2.56836773599697e-06
2.1794276166481755e-06,-4.036141839201509e-06,1.4230866718542064e-07,-4.543690421827347e-05,-3.326043320475325e-05,-2.503160516951611e-06
2.1876633175537347e-06,-4.026836452969637e-06,1.394593055288567e-07,-4.558481712621973e-05,-3.320064926932741e-05,-2.4390579148462466e-06
2.1958673135603165e-06,-4.017474182036003e-06,1.3666693098789326e-07,-4.573620175529599e-05,-3.313864455813587e-05,-2.3760904095827513e-06
2.2040387868684716e-06,-4.008055296135815e-06,1.339304040252886e-07,-4.589107393443422e-05,-3.307444581358576e-05,-2.3142887117940483e-06
2.212176919982871e-06,-3.998580076225485e-06,1.3124860729961672e-07,-4.604944920068853e-05,-3.300808113124492e-05,-2.253683758625191e-06
2.2202808965039417e-06,-3.989048815418227e-06,1.2862044641912897e-07,-4.621134280067842e-05,-3.293957998085984e-05,-2.1943067090703164e-06
2.2283499004584948e-06,-3.979461817442613e-06,1.2604484865105215e-07,-4.63767696910328e-05,-3.286897322716542e-05,-2.136188941252582e-06
2.236383117528878e-06,-3.96981939848957e-06,1.235207627015578e-07,-4.654574454105461e-05,-3.2796293151277554e-05,-2.079362047483536e-06
2.2443797347924193e-06,-3.960121886133575e-06,1.2104715835504053e-07,-4.671828173471909e-05,-3.272157347169717e-05,-2.023857830071981e-06
2.25233894063256e-06,-3.950369619089475e-06,1.1862302597431231e-07,-4.689439537289431e-05,-3.264484936598734e-05,-1.969708298215285e-06
2.2602599258639766e-06,-3.940562948178543e-06,1.162473761916593e-07,-4.70740992767827e-05,-3.256615749203404e-05,-1.916945661948549e-06
2.268141883489347e-06,-3.9307022362138694e-06,1.1391923925020674e-07,-4.72574069890314e-05,-3.2485536008849005e-05,-1.8656023294522523e-06
2.2759840085887903e-06,-3.9207878566033515e-06,1.116376649594051e-07,-4.74443317792833e-05,-3.2403024599474945e-05,-1.8157109020839587e-06
2.2837854990260103e-06,-3.910820194742984e-06,1.0940172218570419e-07,-4.763488664617537e-05,-3.2318664491004306e-05,-1.7673041698817958e-06
2.2915455557642518e-06,-3.900799647729182e-06,1.0721049819837574e-07,-4.782908432200165e-05,-3.223249847753312e-05,-1.7204151074287979e-06
2.2992633828745277e-06,-3.890726624096378e-06,1.0506309837850697e-07,-4.802693727670998e-05,-3.214457094118584e-05,-1.6750768699948077e-06
2.306938188035797e-06,-3.880601544126348e-06,1.0295864677561715e-07,-4.82284577237862e-05,-3.2054927874937334e-05,-1.6313227881240459e-06
2.314569182108388e-06,-3.87042483870034e-06,1.0089628391875554e-07,-4.843365762258558e-05,-3.196361690388065e-05,-1.589186364443177e-06
2.322155580722831e-06,-3.860196951467589e-06,9.887516838303201e-08,-4.864254868788072e-05,-3.187068730798656e-05,-1.5487012686373868e-06
2.3296966032604003e-06,-3.849918336628135e-06,9.689447486644512e-08,-4.8855142392193027e-05,-3.17761900447382e-05,-1.509901333564597e-06
2.3371914737053876e-06,-3.839589459989334e-06,9.495339536980001e-08,-4.9071449974452384e-05,-3.168017777055147e-05,-1.472820551508336e-06
2.3446394204858795e-06,-3.829210798279916e-06,9.305113726959465e-08,-4.9291482445215206e-05,-3.158270486504028e-05,-1.4374930690706537e-06
2.3520396775740545e-06,-3.818782840004039e-06,9.118692423619728e-08,-4.9515250595879316e-05,-3.1483827453033775e-05,-1.4039531841743944e-06
2.3593914837654606e-06,-3.8083060846324508e-06,8.935999565288992e-08,-4.974276500545623e-05,-3.1383603428348814e-05,-1.3722353417887873e-06
2.3666940835102225e-06,-3.797781042571912e-06,8.756960547548292e-08,-4.9974036049452926e-05,-3.12820924765566e-05,-1.3423741299602996e-06
2.373946726947012e-06,-3.7872082353767165e-06,8.581502291709961e-08,-5.0209073908087536e-05,-3.117935609942145e-05,-1.314404276814947e-06
2.38114867061671e-06,-3.776588195862263e-06,8.409553218748576e-08,-5.044788857672538e-05,-3.1075457638687196e-05,-1.2883606461728068e-06
2.3882991765586416e-06,-3.765921466737505e-06,8.241043117370676e-08,-5.069048987487177e-05,-3.097046230003733e-05,-1.264278235049983e-06
2.3953975140426177e-06,-3.755208602534999e-06,8.075903212343278e-08,-5.0936887458495487e-05,-3.086443717817209e-05,-1.2421921703832798e-06
2.4024429588034466e-06,-3.744450167887837e-06,7.914066088667714e-08,-5.1187090829798675e-05,-3.0757451281830065e-05,-1.2221377053109227e-06
2.4094347939332512e-06,-3.7336467384276653e-06,7.755465732063163e-08,-5.1441109349540406e-05,-3.064957555897644e-05,-1.2041502174793444e-06
2.4163723091564496e-06,-3.722798899479371e-06,7.600037349500035e-08,-5.1698952250137214e-05,-3.054088292226174e-05,-1.1882652057124663e-06
2.423254802327483e-06,-3.7119072473869883e-06,7.447717546598819e-08,-5.196062864876373e-05,-3.043144827638884e-05,-1.1745182884849943e-06
2.4300815786546884e-06,-3.7009723883477473e-06,7.298444131603281e-08,-5.2226147560897445e-05,-3.0321348543745233e-05,-1.1629452007859902e-06
2.4368519517583314e-06,-3.689994938900454e-06,7.152156197802293e-08,-5.249551791441851e-05,-3.0210662692234913e-05,-1.1535817937024169e-06
2.4435652431605335e-06,-3.6789755252596663e-06,7.008794005063227e-08,-5.276874856759526e-05,-3.0099471762888216e-05,-1.146464032198617e-06
2.4502207831967356e-06,-3.667914784012611e-06,6.86829905382769e-08,-5.3045848322407016e-05,-2.9987858898193334e-05,-1.1416279940614822e-06
2.456817910600556e-06,-3.656813360745154e-06,6.730613997054325e-08,-5.33268259418635e-05,-2.9875909371524152e-05,-1.1391098693175301e-06
2.463355973371606e-06,-3.6456719111758067e-06,6.59568266594195e-08,-5.361169016921166e-05,-2.976371061645704e-05,-1.1389459595111162e-06
2.4698343285823937e-06,-3.6344911001508002e-06,6.463449934165408e-08,-5.390044974603236e-05,-2.9651352256878754e-05,-1.1411726780929476e-06
2.476252342699159e-06,-3.62327160174432e-06,6.333861864732407e-08,-5.419311342967083e-05,-2.9538926139397944e-05,-1.1458265505032427e-06
2.4826093916243993e-06,-3.6120140988788212e-06,6.206865550142055e-08,-5.448969001632931e-05,-2.9426526363307313e-05,-1.1529442148100175e-06
2.4889048616583747e-06,-3.600719284032095e-06,6.08240917113992e-08,-5.479018836038496e-05,-2.9314249315312787e-05,-1.1625624230967316e-06
2.4951381486611765e-06,-3.589387857778338e-06,5.960441923029567e-08,-5.509461739603924e-05,-2.9202193702534887e-05,-1.1747180429887962e-06
2.5013086592148354e-06,-3.578020529877566e-06,5.840914023013938e-08,-5.5402986162630854e-05,-2.909046058690477e-05,-1.189448060206931e-06
2.5074158099799836e-06,-3.5666180176932972e-06,5.723776674974048e-08,-5.571530382450894e-05,-2.8979153420927348e-05,-1.2067895805932792e-06
2.5134590287193937e-06,-3.555181047591273e-06,5.608982072984452e-08,-5.603157969989869e-05,-2.886837808529696e-05,-1.2267798338582407e-06
2.5194377540440816e-06,-3.5437103536216792e-06,5.496483373296098e-08,-5.635182328432726e-05,-2.8758242925701325e-05,-1.2494561767723034e-06
2.525351435593294e-06,-3.5322066777250977e-06,5.386234644429756e-08,-5.6676044277935035e-05,-2.86488587926785e-05,-1.2748560981619267e-06
2.531199534264861e-06,-3.5206707693482756e-06,5.278190884456487e-08,-5.70042526131204e-05,-2.854033908189022e-05,-1.3030172233225764e-06
2.53698152280907e-06,-3.5091033858326663e-06,5.172308019059746e-08,-5.7336458484071544e-05,-2.8432799775963417e-05,-1.3339773195141967e-06
2.5426968849423033e-06,-3.4975052907734346e-06,5.068542804694761e-08,-5.767267237529927e-05,-2.8326359487442014e-05,-1.3677743025114743e-06
2.548345117224406e-06,-3.4858772560000263e-06,4.966852896699965e-08,-5.8012905095054697e-05,-2.8221139503487216e-05,-1.4044462433204855e-06
2.5539257274219876e-06,-3.474220059361046e-06,4.867196796786675e-08,-5.835716780486122e-05,-2.8117263832264052e-05,-1.444031375617164e-06
2.5594382361510503e-06,-3.4625344857077523e-06,4.7695338125646796e-08,-5.870547205370937e-05,-2.8014859251083435e-05,-1.4865681044901373e-06
2.5648821759188927e-06,-3.4508213259657148e-06,4.673824089452994e-08,-5.9057829813695e-05,-2.791405535535598e-05,-1.5320950147673147e-06
2.570257092118626e-06,-3.439081377445263e-06,4.58002857052633e-08,-5.9414253513437074e-05,-2.7814984610855872e-05,-1.5806508815628667e-06
2.5755625427131643e-06,-3.427315443357268e-06,4.488108957625941e-08,-5.9774756076269234e-05,-2.771778240657431e-05,-1.6322746811295448e-06
2.5807980985576386e-06,-3.4155243326580365e-06,4.398027748858684e-08,-6.0139350958542665e-05,-2.7622587110431975e-05,-1.687005600933829e-06
2.5859633433833616e-06,-3.4037088595102473e-06,4.309748163474624e-08,-6.0508052187706614e-05,-2.752954012633057e-05,-1.7448830540332039e-06
2.591057874506246e-06,-3.3918698439773253e-06,4.22323418129753e-08,-6.0880874402609665e-05,-2.7438785955062453e-05,-1.805946690872117e-06
2.5960813018933888e-06,-3.3800081103780298e-06,4.1384504675576674e-08,-6.125783289813056e-05,-2.735047225467902e-05,-1.870236414075624e-06
2.6010332493932126e-06,-3.368124488294639e-06,4.05536245408492e-08,-6.16389436634811e-05,-2.7264749906243678e-05,-1.937792393631511e-06
2.6059133539864503e-06,-3.3562198114952133e-06,3.9739361995017903e-08,-6.20242234302787e-05,-2.718177308072279e-05,-2.00865508290516e-06
2.610721266717419e-06,-3.3442949184145797e-06,3.894138469182535e-08,-6.241368971728844e-05,-2.7101699308263596e-05,-2.082865235764569e-06
2.6154566522347963e-06,-3.332350651352845e-06,3.8159366853254625e-08,-6.28073608771635e-05,-2.7024689551004052e-05,-2.1604639252319848e-06
2.620119188983312e-06,-3.320387856404527e-06,3.7392989839949544e-08,-6.320525614429583e-05,-2.6950908277999014e-05,-2.241492562329792e-06
2.6247085692962177e-06,-3.3084073830962074e-06,3.664194029461158e-08,-6.360739568555332e-05,-2.688052354451099e-05,-2.325992916175402e-06
2.6292244996660485e-06,-3.296410084317527e-06,3.590591182785433e-08,-6.401380065057295e-05,-2.6813707072431962e-05,-2.4140071366851613e-06
2.6336667008497238e-06,-3.2843968162238913e-06,3.518460357412825e-08,-6.442449322449645e-05,-2.675063433606893e-05,-2.5055777763345632e-06
2.638034907633868e-06,-3.272368437482326e-06,3.447772191505706e-08,-6.483949668181615e-05,-2.6691484649955614e-05,-2.6007478143054608e-06
2.642328869300377e-06,-3.2603258094573303e-06,3.3784977827499795e-08,-6.525883544177516e-05,-2.6636441260772093e-05,-2.699560681452032e-06
2.6465483493141403e-06,-3.248269795759761e-06,3.3106088796084776e-08,-6.568253512476663e-05,-2.6585691443094502e-05,-2.8020602873623093e-06
2.650693125514232e-06,-3.2362012617954354e-06,3.244077746586551e-08,-6.611062260984353e-05,-2.6539426598232784e-05,-2.90829104744746e-06
2.6547629904092425e-06,-3.2241210749484425e-06,3.178877248495e-08,-6.654312609400448e-05,-2.649784235785609e-05,-3.018297911973933e-06
2.6587577508571996e-06,-3.2120301039801047e-06,3.114980771216457e-08,-6.698007515414426e-05,-2.6461138692079966e-05,-3.1321263966360575e-06
2.6626772284045983e-06,-3.1999292189371826e-06,3.052362218255479e-08,-6.742150080722795e-05,-2.6429520020467934e-05,-3.2498226142804825e-06
2.666521259417861e-06,-3.1878192911600727e-06,2.990996064169101e-08,-6.786743557501705e-05,-2.640319532863259e-05,-3.3714333075881693e-06
2.6702896943739885e-06,-3.1757011920521667e-06,2.930857219428888e-08,-6.831791354701897e-05,-2.638237828913905e-05,-3.4970058840185143e-06
2.6739823990264303e-06,-3.163575794087347e-06,2.8719212048939885e-08,-6.877297044687871e-05,-2.636728738681439e-05,-3.6265884517386918e-06
2.6775992531691056e-06,-3.151443969400932e-06,2.8141638642282183e-08,-6.923264370043537e-05,-2.6358146049351633e-05,-3.7602298562469905e-06
2.6811401517491084e-06,-3.1393065904066386e-06,2.7575617019690573e-08,-6.969697250000416e-05,-2.635518278268749e-05,-3.8979797200491625e-06
2.684605004299966e-06,-3.1271645291108646e-06,2.702091592295205e-08,-7.016599787720708e-05,-2.6358631312084102e-05,-4.039888483125864e-06
2.687993735044255e-06,-3.1150186569675384e-06,2.647730893103929e-08,-7.063976277036365e-05,-2.6368730727609927e-05,-4.1860074429282235e-06
2.6913062827717945e-06,-3.102869844443525e-06,2.5944574188529184e-08,-7.111831209565605e-05,-2.6385725635518695e-05,-4.336388799716366e-06
2.69454260121395e-06,-3.0907189611751672e-06,2.5422494134887885e-08,-7.160169281840561e-05,-2.6409866315297392e-05,-4.491085699968881e-06
2.6977026584971217e-06,-3.0785668751139546e-06,2.491085583873902e-08,-7.20899540229059e-05,-2.6441408882688758e-05,-4.650152282637308e-06
2.7007864372098125e-06,-3.0664144525063037e-06,2.440945019491865e-08,-7.25831469875849e-05,-2.6480615457459906e-05,-4.8136437267883196e-06
2.7037939351529483e-06,-3.0542625582932157e-06,2.391807311473432e-08,-7.3081325254838e-05,-2.6527754337873915e-05,-4.981616300605938e-06
2.7067251642143964e-06,-3.042112054855055e-06,2.3436523383197328e-08,-7.35845447031926e-05,-2.6583100180657064e-05,-5.154127411281978e-06
2.709580150701797e-06,-3.0299638020432995e-06,2.296460484911607e-08,-7.409286361858463e-05,-2.6646934187585743e-05,-5.331235656627294e-06
2.7123589356901043e-06,-3.017818657395199e-06,2.2502124691939774e-08,-7.460634276685588e-05,-2.6719544296902847e-05,-5.513000877973625e-06
2.715061574507446e-06,-3.005677475425201e-06,2.2048894255033938e-08,-7.512504546225515e-05,-2.6801225381791033e-05,-5.699484213838778e-06
2.717688136836069e-06,-2.9935411075335058e-06,2.1604728564425844e-08,-7.564903763616078e-05,-2.6892279453439497e-05,-5.890748155187723e-06
2.72023870665593e-06,-2.981410401716497e-06,2.1169446262466925e-08,-7.617838790447163e-05,-2.699301587171586e-05,-6.086856600332863e-06
2.7227133818453333e-06,-2.9692862021646753e-06,2.0742869745850382e-08,-7.671316763055642e-05,-2.7103751559272686e-05,-6.2878749125404875e-06
2.7251122749436017e-06,-2.9571693494796196e-06,2.032482505894474e-08,-7.725345098853672e-05,-2.7224811223786468e-05,-6.493869976110631e-06
2.7274355120379543e-06,-2.945060679998071e-06,1.9915141180046927e-08,-7.779931501979732e-05,-2.7356527582021578e-05,-6.704910255204795e-06
2.7296832335333465e-06,-2.9329610257427646e-06,1.9513650950060635e-08,-7.835083968783124e-05,-2.749924159209585e-05,-6.921065850411538e-06
2.731855593460085e-06,-2.9208712141846653e-06,1.912019049613916e-08,-7.890810792575743e-05,-2.7653302687779434e-05,-7.142408556436211e-06
2.7339527594840482e-06,-2.908792067664019e-06,1.8734599578260188e-08,-7.947120568095168e-05,-2.7819069017095552e-05,-7.369011919443735e-06
2.735974912843632e-06,-2.8967244035604942e-06,1.8356720544903316e-08,-8.004022194857554e-05,-2.799690768507794e-05,-7.6009512932772915e-06
2.7379222488148198e-06,-2.8846690343308775e-06,1.7986399436783056e-08,-8.061524880188526e-05,-2.81871949979782e-05,-7.838303894539008e-06
2.7397949758293334e-06,-2.8726267667071176e-06,1.7623484346964584e-08,-8.119638140888538e-05,-2.839031670919424e-05,-8.081148855644575e-06
2.7415933152548364e-06,-2.8605984012952175e-06,1.726782794392981e-08,-8.178371803954506e-05,-2.8606668265559406e-05,-8.329567275588021e-06
2.7433175020264493e-06,-2.848584733164558e-06,1.6919284632199305e-08,-8.237736006313371e-05,-2.88366550525561e-05,-8.583642268569259e-06
2.744967783967444e-06,-2.836586551023318e-06,1.6577712524847153e-08,-8.297741192623848e-05,-2.908069263776693e-05,-8.843459007889425e-06
2.74654442184344e-06,-2.8246046371149185e-06,1.6242971749004116e-08,-8.358398111923562e-05,-2.933920700847643e-05,-9.109104765738379e-06
2.7480476892626284e-06,-2.8126397673149446e-06,1.5914926147336465e-08,-8.419717812055726e-05,-2.961263480420721e-05,-9.380668948055611e-06
2.749477872059158e-06,-2.8006927100784977e-06,1.559344137672515e-08,-8.481711632330564e-05,-2.9901423540874075e-05,-9.658243121425403e-06
2.7508352692885807e-06,-2.7887642276216483e-06,1.527838636243792e-08,-8.544391193300164e-05,-3.0206031821448883e-05,-9.941921033865695e-06
2.7521201916167403e-06,-2.7768550741953016e-06,1.4969632661777296e-08,-8.607768384190743e-05,-3.052692953356631e-05,-1.0231798625472505e-05
2.753332962301408e-06,-2.764965996959258e-06,1.4667054074320716e-08,-8.671855347137473e-05,-3.086459802814489e-05,-1.0527974028045292e-05
2.7544739160729828e-06,-2.753097734896716e-06,1.4370527106319094e-08,-8.736664457711181e-05,-3.121953027458927e-05,-1.0830547552597238e-05
2.7555434003394794e-06,-2.7412510198202013e-06,1.4079930998834265e-08,-8.80220830182568e-05,-3.159223098980488e-05,-1.1139621662474163e-05
2.756541773489074e-06,-2.729426574883735e-06,1.3795146843065909e-08,-8.868499647771253e-05,-3.198321673188701e-05,-1.145530092861305e-05
2.7574694057753216e-06,-2.717625115192465e-06,1.3516058496315518e-08,-8.93555141348527e-05,-3.2393015957005567e-05,-1.1777691966079372e-05
2.7583266788573328e-06,-2.705847347494385e-06,1.3242551726460314e-08,-9.003376628060724e-05,-3.282216902696851e-05,-1.2106903347400964e-05
2.759113985163443e-06,-2.6940939694207685e-06,1.2974515497195786e-08,-9.071988386771099e-05,-3.3271228162488035e-05,-1.244304549070001e-05
2.759831728769641e-06,-2.6823656703503236e-06,1.2711839903479572e-08,-9.141399799011978e-05,-3.3740757333129774e-05,-1.2786230517654809e-05
2.7604803240880252e-06,-2.670663130152999e-06,1.2454417952401122e-08,-9.211623928015901e-05,-3.4231332069955204e-05,-1.313657207794697e-05
2.76106019630253e-06,-2.658987019530954e-06,1.2202144707359625e-08,-9.282673721652155e-05,-3.474353919382913e-05,-1.3494185134309723e-05
2.7615717812454583e-06,-2.647337999941689e-06,1.1954916849432247e-08,-9.354561932979157e-05,-3.527797643849856e-05,-1.3859185704777425e-05
2.7620155249548814e-06,-2.6357167231149002e-06,1.1712633876891336e-08,-9.427301029294949e-05,-3.583525196180259e-05,-1.4231690554225879e-05
2.762391883429981e-06,-2.6241238309005187e-06,1.1475196767597678e-08,-9.500903088575555e-05,-3.641598371953402e-05,-1.4611816828625524e-05
2.7627013227010466e-06,-2.6125599551047694e-06,1.1242508305449132e-08,-9.575379681635845e-05,-3.702079868737361e-05,-1.499968162592896e-05
2.7629443184373704e-06,-2.601025717471737e-06,1.1014473490769593e-08,-9.650741738136663e-05,-3.765033190543827e-05,-1.539540149299029e-05
2.7631213565805583e-06,-2.5895217298496874e-06,1.079099981752668e-08,-9.726999395128122e-05,-3.830522532326673e-05,-1.57990918418827e-05
2.763232931324777e-06,-2.5780485925341998e-06,1.0571995602990123e-08,-9.804161825409048e-05,-3.898612641448234e-05,-1.6210866270695902e-05
2.7632795468509234e-06,-2.5666068959504326e-06,1.035737168198287e-08,-9.88223704413714e-05,-3.969368653125406e-05,-1.6630835782124005e-05
2.7632617156162504e-06,-2.555197218860778e-06,1.0147040247195965e-08,-9.961231690525704e-05,-4.0428558964381725e-05,-1.7059107883232662e-05
2.763179960112402e-06,-2.5438201299725575e-06,9.940915833021881e-09,-0.00010041150782717404,-4.119139666714312e-05,-1.749578555315183e-05
2.763034810394944e-06,-2.532476185830159e-06,9.738913727128714e-09,-0.00010121997442071327,-4.19828496020953e-05,-1.794096606272134e-05
2.762826805285635e-06,-2.5211659316804697e-06,9.540951922112136e-09,-0.00010203772584232182,-4.2803561661182065e-05,-1.8394739628339257e-05
2.7625564919446428e-06,-2.5098899011855917e-06,9.346949430008969e-09,-0.00010286474573428881,-4.365416710766852e-05,-1.8857187880917593e-05
2.7622244254697005e-06,-2.498648615995347e-06,9.156826884624228e-09,-0.00010370098835939102,-4.453528647876333e-05,-1.9328382129128652e-05
2.7618311687264014e-06,-2.4874425855353137e-06,8.970506930543548e-09,-0.00010454637429400254,-4.5447521889553085e-05,-1.980838139333612e-05
2.7613772932232e-06,-2.476272307691317e-06,8.787913712556616e-09,-0.00010540078563015251,-4.6391451664592076e-05,-2.029723018646591e-05
2.76086337707184e-06,-2.465138267036068e-06,8.608972559618067e-09,-0.0001062640606488945,-4.736762422408822e-05,-2.0794956015241368e-05
2.760290005935573e-06,-2.4540409355280866e-06,8.433610103668858e-09,-0.00010713598791591533,-4.837655114547706e-05,-2.130156657355507e-05
2.7596577731502764e-06,-2.442980772567662e-06,8.261755134712315e-09,-0.00010801629975497491,-4.941869931396726e-05,-2.1817046599222814e-05
2.7589672785917307e-06,-2.4319582237769333e-06,8.093337161742639e-09,-0.00010890466505121459,-5.049448207346849e-05,-2.2341354363019968e-05
2.758219129127107e-06,-2.420973721502366e-06,7.928287747383027e-09,-0.00010980068134381196,-5.1604249283310834e-05,-2.287441775966322e-05
2.7574139387416574e-06,-2.4100276846798247e-06,7.766539610220395e-09,-0.0001107038661606856,-5.274827619179887e-05,-2.3416129971400325e-05
2.7565523279373546e-06,-2.3991205181344696e-06,7.608026110773426e-09,-0.00011161364756816083,-5.3926751029185326e-05,-2.3966344672566794e-05
2.7556349231806375e-06,-2.388252611951642e-06,7.452683305820212e-09,-0.00011252935389662752,-5.5139761233709756e-05,-2.4524870749893468e-05
2.75466235782138e-06,-2.3774243421840775e-06,7.300447408534538e-09,-0.00011345020264085762,-5.638727823020416e-05,-2.5091466515777815e-05
2.753635271101909e-06,-2.3666360696941628e-06,7.151256361065651e-09,-0.00011437528852388019,-5.766914069388869e-05,-2.5665833398309828e-05
2.7525543084983967e-06,-2.355888140208465e-06,7.0050492893037305e-09,-0.00011530357075361297,-5.898503625082016e-05,-2.624760909942049e-05
2.7514201214437e-06,-2.3451808839406964e-06,6.8617664391308506e-09,-0.00011623385952254326,-6.033448159818705e-05,-2.6836360227411528e-05
2.750233367253116e-06,-2.334514615117638e-06,6.721349402355675e-09,-0.00011716480183094968,-6.171680105915475e-05,-2.7431574423545177e-05
2.748994708563881e-06,-2.3238896313060017e-06,6.583740669730388e-09,-0.00011809486677066627,-6.313110364333613e-05,-2.8032652021495835e-05
2.747704814070818e-06,-2.3133062136047023e-06,6.448884166351193e-09,-0.00011902233044380489,-6.45762587391478e-05,-2.8638897309537816e-05
2.746364358028003e-06,-2.3027646260374118e-06,6.316725048494024e-09,-0.00011994526076901206,-6.605087064937575e-05,-2.9249509489171583e-05
2.744974020001761e-06,-2.292265114779425e-06,6.187209163254826e-09,-0.00012086150248923128,-6.755325227106464e-05,-2.986357346667566e-05
2.7435344850906322e-06,-2.2818079080570216e-06,6.060283687789507e-09,-0.00012176866278831196,-6.908139833339928e-05,-3.0480050655815513e-05
2.742046443438278e-06,-2.271393215310776e-06,5.935896920923119e-09,-0.00012266409801906317,-7.063295874538068e-05,-3.109777002192684e-05
2.740510590306265e-06,-2.2610212268293e-06,5.813997832217292e-09,-0.00012354490213938612,-7.220521274225304e-05,-3.1715419653961846e-05
2.7389276267618115e-06,-2.2506921138937053e-06,5.694536916553632e-09,-0.00012440789757591107,-7.379504469391488e-05,-3.233153921141341e-05
2.737298257825625e-06,-2.2404060268464665e-06,5.5774651762683374e-09,-0.00012524962932882014,-7.539892260459594e-05,-3.2944513661352495e-05
2.735623193599321e-06,-2.230163095625716e-06,5.46273513749792e-09,-0.0001260663632453384,-7.70128805117854e-05,-3.3552568780917865e-05
2.7339031496899796e-06,-2.2199634296950834e-06,5.350299852252533e-09,-0.00012685408947008624,-7.863250615936845e-05,-3.415376896299196e-05
2.732138844711804e-06,-2.209807115816292e-06,5.240113317108334e-09,-0.0001276085321313355,-8.025293546161882e-05,-3.4746017911063646e-05
2.730331002945455e-06,-2.1996942199369372e-06,5.132130683908895e-09,-0.00012832516635674017,-8.186885537968247e-05,-3.532706283928124e-05
2.7284803518214074e-06,-2.1896247849727452e-06,5.026307414402888e-09,-0.00012899924364316622,-8.347451686574285e-05,-3.589450279815559e-05
2.726587622351299e-06,-2.1795988313297223e-06,4.92260092338569e-09,-0.00012962582651742795,-8.506375948848002e-05,-3.644580171617367e-05
2.7246535485507853e-06,-2.1696163564989714e-06,4.820968737837509e-09,-0.00013019983319536508,-8.663004918289322e-05,-3.6978306670812656e-05
2.7226788669844496e-06,-2.1596773351756673e-06,4.721369407370936e-09,-0.00013071609265526108,-8.81665302801033e-05,-3.748927177039767e-05
2.720664316647368e-06,-2.1497817198255247e-06,4.623761874240951e-09,-0.00013116941012271684,-8.966609252512591e-05,-3.797588784333998e-05
2.7186106366376864e-06,-2.1399294396419597e-06,4.528106636668422e-09,-0.0001315546424442861,-9.112145318963245e-05,-3.843531788120235e-05
2.716518566888037e-06,-2.130120402530828e-06,4.4343647866264986e-09,-0.0001318667822303229,-9.252525364493649e-05,-3.8864737877629805e-05
2.71438884577634e-06,-2.1203544946582267e-06,4.342497576452563e-09,-0.0001321010489853546,-9.387016889484808e-05,-3.9261382361698024e-05
2.7122222104431943e-06,-2.1106315826646902e-06,4.25246796437439e-09,-0.00013225298475895263,-9.514902763719453e-05,-3.962259355240478e-05
2.7100193932310357e-06,-2.1009515131834505e-06,4.164239044283817e-09,-0.0001323185512437797,-9.635493949526046e-05,-3.9945872700556925e-05
2.7077811229827624e-06,-2.0913141164890694e-06,4.0777748037252165e-09,-0.000132294224707702,-9.748142521402419e-05,-4.0228931862591196e-05
2.705508120597442e-06,-2.0817192059904267e-06,3.993039828744045e-09,-0.00013217708482944133,-9.852254494968645e-05,-4.0469744101888004e-05
2.7032010999118e-06,-2.072166582193731e-06,3.909999660518881e-09,-0.00013196489339899664,-9.947301939219167e-05,-4.066658998809755e-05
2.700860763958997e-06,-2.0626560333524947e-06,3.828620519812313e-09,-0.0001316561590381292,-0.00010032833839952144,-4.081809827000849e-05
2.698487804263545e-06,-2.053187338618124e-06,3.7488688904939376e-09,-0.00013125018458448481,-0.00010108485216524148,-4.092327876471457e-05
2.696082899172712e-06,-2.0437602705383414e-06,3.670712509560088e-09,-0.00013074709454087343,-0.00010173984066124608,-4.098154583185004e-05
2.693646711739499e-06,-2.034374597187544e-06,3.594119257467297e-09,-0.00013014784100153203,-0.00010229155816645986,-4.0992731256618094e-05
2.691179888858146e-06,-2.0250300852302234e-06,3.519058001937323e-09,-0.0001294541876077286,-0.00010273925103262602,-4.095708593075517e-05
2.6886830590551205e-06,-2.0157265018012554e-06,3.4454980183195983e-09,-0.00012866867227389166,-0.00010308314830840218,-4.0875270326226306e-05
2.6861568315742252e-06,-2.006463616991047e-06,3.373409164020031e-09,-0.00012779455056232067,-0.00010332442633128625,-4.0748334368730725e-05
2.6836017964579045e-06,-1.9972412067988612e-06,3.3027623974849166e-09,-0.0001268357225401004,-0.00010346514975105587,-4.0577687862075955e-05
2.6810185222877188e-06,-1.9880590539516425e-06,3.2335286284674643e-09,-0.00012579664669025252,-0.00010350819256225168,-4.0365063051627664e-05
2.678407556871932e-06,-1.9789169504613184e-06,3.165679431125914e-09,-0.00012468224485905305,-0.00010345714350893765,-4.011247122432e-05
2.675769426844748e-06,-1.9698146988417016e-06,3.0991872432369393e-09,-0.00012349780237887314,-0.00010331620065003761,-3.982215538647244e-05
2.673104637393845e-06,-1.9607521130492043e-06,3.0340253356825912e-09,-0.0001222488673186058,-0.00010309005993156706,-3.949654106303106e-05
2.670413673285077e-06,-1.9517290198448834e-06,2.970166219475016e-09,-0.00012094115245680516,-0.00010278380235210226,-3.913818712871056e-05
2.667696998596086e-06,-1.9427452587419777e-06,2.9075847214053194e-09,-0.00011958044297924987,-0.0001024027837953265,-3.874973834824257e-05
2.66495505795532e-06,-1.9338006828143254e-06,2.8462549173839277e-09,-0.00011817251225871223,-0.00010195253090628838,-3.8333880997348696e-05
2.662188277718908e-06,-1.924895158915657e-06,2.7861515763626626e-09,-0.00011672304736084131,-0.00010143864561547026,-3.789330260246429e-05
2.6593970661617067e-06,-1.916028566979687e-06,2.7272505979054226e-09,-0.00011523758524827199,-0.00010086672011051342,-3.743065649021306e-05
2.6565818153059728e-06,-1.907200800298784e-06,2.669527568384721e-09,-0.00011372146005288614,-0.0001002422633094582,-3.6948531528325564e-05
2.6537429015866705e-06,-1.8984117646937816e-06,2.6129591266762002e-09,-0.00011217976125813045,-9.957063922060137e-05,-3.644942715389745e-05
2.650880687923681e-06,-1.8896613785714014e-06,2.557522129265723e-09,-0.0001106173022457157,-9.885701702936882e-05,-3.5935733563866254e-05
2.647995523802157e-06,-1.8809495714966141e-06,2.503193916548543e-09,-0.00010903859835726546,-9.810633232168928e-05,-3.5409716761246e-05
2.645087747314788e-06,-1.8722762841073206e-06,2.4499521451836574e-09,-0.00010744785344273633,-9.7323258558875e-05,-3.487350803493147e-05
2.642157685739423e-06,-1.8636414669185148e-06,2.39777547710456e-09,-0.0001058489537601836,-9.651218771476218e-05,-3.432909737204584e-05
2.6392056571007022e-06,-1.8550450798928237e-06,2.3466425836490634e-09,-0.00010424546807734731,-9.567721889801026e-05,-3.3778330269469136e-05
2.6362319712647638e-06,-1.846487091725977e-06,2.2965321650220317e-09,-0.00010264065284884732,-9.482215375513355e-05,-3.322290740363614e-05
2.63323693065697e-06,-1.8379674788019818e-06,2.2474241818844197e-09,-0.00010103746142027069,-9.395049748545669e-05,-3.2664386644628604e-05
2.6302208315519615e-06,-1.8294862247653784e-06,2.199298284260123e-09,-9.943855630879945e-05,-9.306546437715053e-05,-3.210418692985484e-05
2.6271839640653133e-06,-1.8210433192297362e-06,2.152135146101186e-09,-9.784632371794169e-05,-9.216998686835315e-05,-3.154359356737106e-05
2.624126614412371e-06,-1.8126387580353225e-06,2.105915209685095e-09,-9.62628895679394e-05,-9.126672726365376e-05,-3.0983764586582725e-05
2.6210490644515906e-06,-1.8042725418841532e-06,2.060619617956285e-09,-9.469013643478372e-05,-9.035809134062859e-05,-3.0425737807410105e-05
2.6179515930764073e-06,-1.7959446761611805e-06,2.0162300638931095e-09,-9.312972089357339e-05,-8.944624320904857e-05,-2.9870438355914735e-05
2.6148344758618752e-06,-1.7876551697999336e-06,1.9727283477678175e-09,-9.158309087430768e-05,-8.853312089228756e-05,-2.93186863963774e-05
2.6116979866258265e-06,-1.7794040354489628e-06,1.9300968640665293e-09,-9.005150271247887e-05,-8.762045219824888e-05,-2.8771204901929e-05
2.6085423977723446e-06,-1.771191288872195e-06,1.8883178931273352e-09,-8.853603766042912e-05,-8.670977053838181e-05,-2.822862731524279e-05
2.605367979707723e-06,-1.7630169478694044e-06,1.8473746182354164e-09,-8.703761768261293e-05,-8.580243043015231e-05,-2.7691504996467955e-05
2.602175002927816e-06,-1.7548810330458677e-06,1.8072502843011803e-09,-8.555702042529738e-05,-8.489962248565344e-05,-2.716031437129361e-05
2.598963736386568e-06,-1.7467835661027509e-06,1.7679286936163187e-09,-8.409489327410284e-05,-8.40023877425264e-05,-2.6635463728476373e-05
2.595734449380419e-06,-1.7387245705632345e-06,1.729393285978608e-09,-8.265176646985138e-05,-8.311163123912408e-05,-2.6117299626141048e-05
2.592487411154273e-06,-1.7307040711194067e-06,1.6916289905002792e-09,-8.122806526318445e-05,-8.222813477515908e-05,-2.5606112887967625e-05
2.5892228906164714e-06,-1.7227220929326383e-06,1.6546195997130292e-09,-7.982412112382417e-05,-8.135256882476525e-05,-2.5102144180187993e-05
2.5859411577451474e-06,-1.714778662272095e-06,1.6183507187762977e-09,-7.844018202002301e-05,-8.048550359717096e-05,-2.4605589169767165e-05
2.58264248226873e-06,-1.7068738052866828e-06,1.5828071497414146e-09,-7.707642181516341e-05,-7.96274192497999e-05,-2.4116603274801974e-05
2.5793271354822488e-06,-1.6990075489242235e-06,1.5479746519939712e-09,-7.573294881825594e-05,-7.877871528206831e-05,-2.363530601918263e-05
2.5759953885972114e-06,-1.6911799195870568e-06,1.5138387561406132e-09,-7.440981354007241e-05,-7.793971913866818e-05,-2.3161785009530904e-05
2.5726475137449384e-06,-1.6833909435870732e-06,1.4803857447299157e-09,-7.310701570742774e-05,-7.711069406224898e-05,-2.2696099556604914e-05
2.5692837842564305e-06,-1.6756406471272017e-06,1.4476018139967e-09,-7.182451058779068e-05,-7.629184623824162e-05,-2.2238283960918794e-05
2.5659044743141914e-06,-1.6679290559046983e-06,1.4154736994645023e-09,-7.056221467751462e-05,-7.548333127773232e-05,-2.1788350486516216e-05
2.562509858848271e-06,-1.660256194894371e-06,1.383988162005158e-09,-6.932001080675651e-05,-7.468526008464087e-05,-2.1346292045157526e-05
2.5591002143620222e-06,-1.652622088770089e-06,1.353132380464186e-09,-6.809775270693696e-05,-7.389770415091897e-05,-2.091208461441557e-05
2.555675817708845e-06,-1.6450267610060668e-06,1.3228938685577064e-09,-6.689526909258825e-05,-7.312070032859681e-05,-2.048568940903959e-05
2.5522369468405157e-06,-1.6374702342664044e-06,1.2932600602631402e-09,-6.57123672990019e-05,-7.235425511807775e-05,-2.0067054829068206e-05
2.5487838810786092e-06,-1.629952530484233e-06,1.2642190844282854e-09,-6.45488365171983e-05,-7.159834851639576e-05,-1.9656118202663236e-05
2.5453169004659404e-06,-1.6224736704100206e-06,1.2357589748296663e-09,-6.340445066940566e-05,-7.085293746350922e-05,-1.9252807342898753e-05
2.5418362862541447e-06,-1.615033673853161e-06,1.2078681143291576e-09,-6.227897095369261e-05,-7.011795892333143e-05,-1.885704193570002e-05
2.538342320053243e-06,-1.607632559091561e-06,1.1805350114557587e-09,-6.117214809616759e-05,-6.939333263247083e-05,-1.8468734774544567e-05
2.5348352853534442e-06,-1.6002703438150056e-06,1.1537485891770802e-09,-6.0083724339944606e-05,-6.867896355104997e-05,-1.8087792858245656e-05
2.5313154658259993e-06,-1.592947044002117e-06,1.1274979593201437e-09,-5.901343519496643e-05,-6.797474404133898e-05,-1.7714118362740057e-05
2.527783145985878e-06,-1.585662674342368e-06,1.1017726574122898e-09,-5.796101097866195e-05,-6.728055580250768e-05,-1.734760950292249e-05
2.524238611822959e-06,-1.5784172486031551e-06,1.0765614552057064e-09,-5.6926178165977905e-05,-6.659627158698288e-05,-1.6988161292909066e-05
2.5206821493869617e-06,-1.5712107787246827e-06,1.0518548341042355e-09,-5.590866057132305e-05,-6.592175671899841e-05,-1.6635666216456462e-05
2.517114045660376e-06,-1.5640432753739313e-06,1.0276422491017402e-09,-5.4908180380187725e-05,-6.52568704363212e-05,-1.6290014817847702e-05
2.513534588624371e-06,-1.5569147479779689e-06,1.0039141909336226e-09,-5.39244590488691e-05,-6.460146707385388e-05,-1.5951096219142866e-05
2.5099440665840087e-06,-1.5498252043108824e-06,9.80660698213638e-10,-5.295721808207168e-05,-6.395539710594042e-05,-1.5618798574966136e-05
2.5063427685741877e-06,-1.5427746507481304e-06,9.578721323435723e-10,-5.200617971047681e-05,-6.331850806184976e-05,-1.529300946965865e-05
2.502730984280094e-06,-1.5357630922237477e-06,9.355396899494484e-10,-5.1071067470612294e-05,-6.269064532839097e-05,-1.4973616261626614e-05
2.4991090036987536e-06,-1.528790532032514e-06,9.136538492033204e-10,-5.015160670567433e-05,-6.207165285336507e-05,-1.466050638605628e-05
2.4954771174256836e-06,-1.5218569720314556e-06,8.922056326775531e-10,-4.924752499174218e-05,-6.146137375663884e-05,-1.4353567613941793e-05
2.491835616305517e-06,-1.514962412421255e-06,8.711867526020852e-10,-4.8358552501820614e-05,-6.085965086642464e-05,-1.4052688277806555e-05
2.4881847918225674e-06,-1.5081068520172946e-06,8.505878520872638e-10,-4.7484422311040137e-05,-6.026632718058517e-05,-1.3757757464784117e-05
2.484524935472931e-06,-1.5012902878800843e-06,8.304009689488929e-10,-4.662487065433999e-05,-5.9681246267389544e-05,-1.346866518234617e-05
2.480856339228057e-06,-1.4945127156178952e-06,8.106181181208687e-10,-4.5779637138742796e-05,-5.91042526117295e-05,-1.3185302498897857e-05
2.4771792950980315e-06,-1.48777412914513e-06,7.912308585509549e-10,-4.494846491976909e-05,-5.853519191025171e-05,-1.290756166308476e-05
2.473494095319942e-06,-1.481074520816133e-06,7.722313673573209e-10,-4.413110084165841e-05,-5.797391132541834e-05,-1.2635336203934669e-05
2.4698010320617627e-06,-1.474413881271892e-06,7.536121199103549e-10,-4.332729555072329e-05,-5.742025969964163e-05,-1.2368521014040836e-05
2.4661003980337106e-06,-1.4677921998343077e-06,7.353652790601225e-10,-4.253680358050315e-05,-5.687408773658321e-05,-1.2107012418048622e-05
2.4623924858861808e-06,-1.4612094641644484e-06,7.17483455511523e-10,-4.1759383418155764e-05,-5.633524815315772e-05,-1.1850708227791874e-05
2.4586775880627523e-06,-1.4546656602031335e-06,6.999591927773756e-10,-4.099479754764489e-05,-5.580359580405128e-05,-1.1599507786868296e-05
2.454955996660062e-06,-1.448160772117939e-06,6.827855234906887e-10,-4.0242812479383216e-05,-5.5278987785679994e-05,-1.1353312004515114e-05
2.4512280036672493e-06,-1.4416947824745532e-06,6.659554545288761e-10,-3.950319876255578e-05,-5.476128351791628e-05,-1.1112023381282965e-05
2.4474939016032853e-06,-1.4352676726340993e-06,6.494620008282355e-10,-3.8775730988894734e-05,-5.42503448100154e-05,-1.087554602697989e-05
2.4437539823059533e-06,-1.4288794220706435e-06,6.332984099415542e-10,-3.80601877810219e-05,-5.3746035909590036e-05,-1.0643785672467551e-05
2.440008537100552e-06,-1.422530008500183e-06,6.174580776331348e-10,-3.735635177379708e-05,-5.324822354001807e-05,-1.0416649675101427e-05
2.4362578571916118e-06,-1.4162194081408385e-06,6.019346248352663e-10,-3.666400959011506e-05,-5.275677692390275e-05,-1.019404701945252e-05
2.432502233678868e-06,-1.4099475957490588e-06,5.86721832851251e-10,-3.598295180449031e-05,-5.227156779968459e-05,-9.975888314615185e-06
2.42874195707724e-06,-1.4037145443700382e-06,5.718132759531041e-10,-3.531297290741874e-05,-5.1792470427254824e-05,-9.76208578681044e-06
2.4249773174878514e-06,-1.397520225468709e-06,5.572029126580437e-10,-3.465387125885931e-05,-5.13193615855233e-05,-9.552553269546716e-06
2.4212086046068056e-06,-1.3913646089620686e-06,5.42884692109619e-10,-3.4005449042936905e-05,-5.085212056556634e-05,-9.347206190505535e-06
2.417436107120146e-06,-1.385247662906292e-06,5.288530309671326e-10,-3.336751221565077e-05,-5.0390629156714225e-05,-9.14596155720591e-06
2.413660113831655e-06,-1.3791693541732617e-06,5.151017659416092e-10,-3.2739870452582896e-05,-4.9934771628558616e-05,-8.948737940087459e-06
2.40988091261523e-06,-1.3731296478804674e-06,5.016259411816995e-10,-3.212233709360899e-05,-4.948443470885212e-05,-8.755455453622943e-06
2.4060987908615627e-06,-1.367128507675978e-06,4.884195437817208e-10,-3.151472908361234e-05,-4.903950755691151e-05,-8.566035737222576e-06
2.4023140348157564e-06,-1.3611658953937264e-06,4.754773174213874e-10,-3.0916866916750734e-05,-4.859988173645539e-05,-8.380401934292658e-06
2.3985269306156503e-06,-1.3552417716816826e-06,4.627940654918138e-10,-3.0328574575616057e-05,-4.816545118391768e-05,-8.198478670558597e-06
2.3947377632445325e-06,-1.3493560954284515e-06,4.5036437707290653e-10,-2.974967947117126e-05,-4.773611217492932e-05,-8.020192032027208e-06
2.3909468167228857e-06,-1.3435088239101867e-06,4.3818333686564487e-10,-2.9180012383464356e-05,-4.731176329155271e-05,-7.845469541810969e-06
2.3871543748372252e-06,-1.3376999132367007e-06,4.262459602615292e-10,-2.8619407399899974e-05,-4.689230538432589e-05,-7.674240137077164e-06
2.3833607200354468e-06,-1.331929317749176e-06,4.1454744672716695e-10,-2.8067701854954198e-05,-4.647764153734269e-05,-7.506434146010991e-06
2.3795661337005745e-06,-1.3261969902204122e-06,4.0308302644865997e-10,-2.752473627066659e-05,-4.606767702943632e-05,-7.34198326318263e-06
2.375770896828465e-06,-1.320502882260184e-06,3.918479607449189e-10,-2.6990354296465993e-05,-4.5662319296400684e-05,-7.180820527204166e-06
2.3719752889641654e-06,-1.3148469437486537e-06,3.808376299398024e-10,-2.6464402648774416e-05,-4.526147789231284e-05,-7.0228802957914146e-06
2.3681795885756124e-06,-1.3092291230840502e-06,3.7004755834752275e-10,-2.594673105316434e-05,-4.486506445136564e-05,-6.868098222546535e-06
2.3643840737889975e-06,-1.3036493676273428e-06,3.5947347824579517e-10,-2.5437192185183763e-05,-4.447299264763254e-05,-6.716411233699003e-06
2.36058902086856e-06,-1.2981076228680409e-06,3.4911051955752314e-10,-2.4935641613179684e-05,-4.4085178157378866e-05,-6.567757503930716e-06
2.3567947053457036e-06,-1.2926038331089424e-06,3.389551916028358e-10,-2.4441937741010597e-05,-4.370153861967326e-05,-6.4220764338386e-06
2.3530014017025364e-06,-1.2871379413071524e-06,3.290028761144697e-10,-2.3955941752202145e-05,-4.3321993597678954e-05,-6.279308626856009e-06
2.34920938277154e-06,-1.2817098887854187e-06,3.1924938990342333e-10,-2.3477517554991078e-05,-4.294646454118026e-05,-6.139395865993726e-06
2.3454189201682953e-06,-1.2763196154925885e-06,3.0969131192640623e-10,-2.300653172659205e-05,-4.257487474717657e-05,-6.002281091899336e-06
2.341630285247873e-06,-1.2709670605673062e-06,3.0032444363947365e-10,-2.2542853461128062e-05,-4.220714932321026e-05,-5.867908380375319e-06
2.3378437465956674e-06,-1.265652160984309e-06,2.9114497855348015e-10,-2.208635451622871e-05,-4.184321515070502e-05,-5.7362229206882926e-06
2.3340595728784737e-06,-1.2603748531694923e-06,2.8214894155052295e-10,-2.1636909160849663e-05,-4.148300084585124e-05,-5.607170994141774e-06
2.3302780309229577e-06,-1.255135071947391e-06,2.7333293937851294e-10,-2.1194394125645698e-05,-4.112643672595589e-05,-5.480699952163351e-06
2.326499385631956e-06,-1.2499327505645217e-06,2.6469318143945546e-10,-2.0758688551567258e-05,-4.077345477251358e-05,-5.356758196570602e-06
2.3227239010703003e-06,-1.2447678212854223e-06,2.562267728993943e-10,-2.0329673942120902e-05,-4.0423988595107065e-05,-5.235295157921861e-06
2.3189518404432633e-06,-1.239640215412017e-06,2.4792911481460926e-10,-1.99072341146304e-05,-4.007797339863126e-05,-5.116261275907042e-06
2.3151834642710417e-06,-1.2345498623486657e-06,2.3979763477964053e-10,-1.9491255152386175e-05,-3.9735345946871e-05,-4.9996079797384905e-06
2.3114190326357093e-06,-1.2294966908310256e-06,2.318288545933585e-10,-1.9081625360014223e-05,-3.939604453070695e-05,-4.885287667861741e-06
2.3076588036036856e-06,-1.2244806281078734e-06,2.2401964641710338e-10,-1.8678235216735747e-05,-3.9060008933962384e-05,-4.773253689442708e-06
2.303903033645919e-06,-1.2195016001903698e-06,2.163666371281516e-10,-1.828097733162508e-05,-3.8727180401133834e-05,-4.663460325494009e-06
2.300151978713999e-06,-1.214559532484064e-06,2.0886653274022631e-10,-1.7889746402531478e-05,-3.839750160571501e-05,-4.555862770223309e-06
2.2964058918796946e-06,-1.2096543485279762e-06,2.0151669913615786e-10,-1.750443916867248e-05,-3.807091661841659e-05,-4.450417113228295e-06
2.2926650248852916e-06,-1.2047859708764701e-06,1.943134254304143e-10,-1.7124954373663513e-05,-3.774737087649635e-05,-4.347080320997666e-06
2.288929628544703e-06,-1.199954321329196e-06,1.872549467277891e-10,-1.6751192721330976e-05,-3.742681115410572e-05,-4.245810220632581e-06
2.285199951706996e-06,-1.1951593204103047e-06,1.8033709515477292e-10,-1.638305683596618e-05,-3.710918553085316e-05,-4.1465654817362926e-06
2.2814762414858058e-06,-1.190400887529718e-06,1.7355775323919846e-10,-1.602045122402269e-05,-3.6794443365071965e-05,-4.049305600288252e-06
2.277758743308914e-06,-1.1856789410287384e-06,1.6691418011812375e-10,-1.566328223437028e-05,-3.648253526276182e-05,-3.953990881713314e-06
2.27404770104186e-06,-1.1809933982730885e-06,1.6040356041165514e-10,-1.5311458021102432e-05,-3.6173413051238335e-05,-3.860582425047281e-06
2.270343356890806e-06,-1.1763441756513373e-06,1.5402323884377026e-10,-1.4964888505788733e-05,-3.5867029751370415e-05,-3.7690421070608142e-06
2.2666459512046677e-06,-1.1717311884772605e-06,1.4777027803804577e-10,-1.4623485342058727e-05,-3.5563339549987816e-05,-3.679332566674781e-06
2.2629557222670927e-06,-1.1671543509140585e-06,1.4164232929625826e-10,-1.4287161879408643e-05,-3.5262297772975543e-05,-3.5914171899029604e-06
2.259272907685803e-06,-1.1626135767396268e-06,1.3563715655007107e-10,-1.3955833128562396e-05,-3.496386086080726e-05,-3.505260094780822e-06
2.2555977421185555e-06,-1.1581087781829126e-06,1.2975204932907758e-10,-1.3629415727942813e-05,-3.466798634229544e-05,-3.4208261168772587e-06
2.251930459000288e-06,-1.153639866851862e-06,1.2398485017531443e-10,-1.3307827908255523e-05,-3.4374632808789087e-05,-3.3380807944592857e-06
2.2482712898624596e-06,-1.1492067533848157e-06,1.1833277175517782e-10,-1.2990989462845955e-05,-3.4083759890897194e-05,-3.256990356057642e-06
2.2446204640262743e-06,-1.1448093473748936e-06,1.1279412059531542e-10,-1.2678821713282419e-05,-3.379532823418171e-05,-3.1775217041882353e-06
2.2409782095401862e-06,-1.140447557837196e-06,1.0736606612841206e-10,-1.237124747926904e-05,-3.35092994748542e-05,-3.0996424040556937e-06
2.237344752670933e-06,-1.1361212929624032e-06,1.0204662788927866e-10,-1.2068191046671291e-05,-3.32256362179528e-05,-3.023320669300959e-06
2.233720317329769e-06,-1.131830459904545e-06,9.683356451375412e-11,-1.1769578139649412e-05,-3.2944302014138695e-05,-2.9485253491228005e-06
2.2301051255421607e-06,-1.1275749649835364e-06,9.172491522651559e-11,-1.1475335888128825e-05,-3.266526133686707e-05,-2.875225915843379e-06
2.226499397802072e-06,-1.123354713950811e-06,8.671847012481615e-11,-1.1185392802487037e-05,-3.238847956221922e-05,-2.8033924519464636e-06
2.2229033522790734e-06,-1.119169611562788e-06,8.181193374308991e-11,-1.089967874224533e-05,-3.211392294528599e-05,-2.7329956387393704e-06
2.2193172058097763e-06,-1.115019562147422e-06,7.700366425362392e-11,-1.0618124890311589e-05,-3.1841558602813584e-05,-2.664006743543812e-06
2.215741172566115e-06,-1.1109044689373588e-06,7.229193566205333e-11,-1.0340663725446719e-05,-3.1571354489087417e-05,-2.5963976084133585e-06
2.2121754654814108e-06,-1.1068242348126785e-06,6.767403044588527e-11,-1.0067228995286223e-05,-3.1303279377467736e-05,-2.5301406385177687e-06
2.2086202951586306e-06,-1.1027787617857833e-06,6.314873072133781e-11,-9.797755691693242e-06,-3.103730284270232e-05,-2.4652087906245102e-06
2.205075870124615e-06,-1.098767951145129e-06,5.871413714395272e-11,-9.532180023225008e-06,-3.077339523732732e-05,-2.4015755629541653e-06
2.20154239709653e-06,-1.0947917036131993e-06,5.4367904435011325e-11,-9.270439392928325e-06,-3.0511527676878676e-05,-2.3392149831623163e-06
2.198020080624927e-06,-1.0908499192132013e-06,5.010886150481259e-11,-9.012472371805299e-06,-3.025167201995673e-05,-2.2781015987223166e-06
2.194509123650709e-06,-1.086942497550961e-06,4.593521724073813e-11,-8.758218676164697e-06,-2.9993800849596917e-05,-2.2182104657675935e-06
2.191009726773488e-06,-1.0830693374556382e-06,4.184471752359451e-11,-8.507619144418318e-06,-2.9737887456233175e-05,-2.1595171397519758e-06
2.1875220885583145e-06,-1.079230337197872e-06,3.783620379361596e-11,-8.260615712545026e-06,-2.9483905820327975e-05,-2.1019976646250666e-06
2.184046405720838e-06,-1.0754253945771495e-06,3.390792484364727e-11,-8.017151394772869e-06,-2.923183059569827e-05,-2.04562856372847e-06
2.1805828728986004e-06,-1.0716544068486623e-06,3.0057940410246536e-11,-7.777170258821075e-06,-2.8981637091231437e-05,-1.9903868297899683e-06
2.177131682599053e-06,-1.0679172706952268e-06,2.628533457342794e-11,-7.540617405694007e-06,-2.8733301257368312e-05,-1.9362499154727995e-06
2.1736930250810484e-06,-1.064213882199286e-06,2.2588030097908264e-11,-7.307438949141987e-06,-2.8486799667814003e-05,-1.8831957249657755e-06
2.1702670890031566e-06,-1.0605441372189576e-06,1.896491207775953e-11,-7.0775819941229785e-06,-2.8242109505099726e-05,-1.8312026037415127e-06
2.166854060677743e-06,-1.0569079309887066e-06,1.54139024513231e-11,-6.850994617817762e-06,-2.7999208544642483e-05,-1.7802493306600379e-06
2.1634541249320993e-06,-1.0533051585907094e-06,1.1933940992893444e-11,-6.627625849201803e-06,-2.7758075140426573e-05,-1.7303151089482559e-06
2.160067463293304e-06,-1.0497357140965563e-06,8.523915192309794e-12,-6.407425649394314e-06,-2.7518688209457036e-05,-1.6813795577623368e-06
2.1566942566130985e-06,-1.0461994918312963e-06,5.181956686507883e-12,-6.190344894560785e-06,-2.7281027218574005e-05,-1.6334227041247223e-06
2.1533346826284256e-06,-1.0426963852727824e-06,1.9069042853104783e-12,-5.9763353549297686e-06,-2.7045072169547908e-05,-1.5864249740701834e-06
2.1499889171460514e-06,-1.0392262875662332e-06,-1.3027492784611463e-12,-5.765349679027705e-06,-2.6810803585295398e-05,-1.5403671850824516e-06
2.1466571345402066e-06,-1.035789091848002e-06,-4.448022408306088e-12,-5.557341375027148e-06,-2.6578202497311212e-05,-1.4952305388639257e-06
1.2584281639638166e-06,-6.061484738086127e-07,-7.530400310237277e-12,-5.228589443648381e-06,-2.609048736103713e-05,-1.6524821218926926e-06
2.157740185297459e-06,-1.037525743931773e-06,-1.0550315793960769e-11,-5.152371938032904e-06,-2.612314973744755e-05,-1.4036174074717714e-06
2.1541028659978035e-06,-1.0340047550194176e-06,-1.351061806085077e-11,-4.9529792658765956e-06,-2.5895337774427303e-05,-1.361215720859841e-06
2.150486996426393e-06,-1.0305202244679277e-06,-1.6411564957071995e-11,-4.756387168660002e-06,-2.5669124341587304e-05,-1.3196620552178617e-06
1.3190459047269273e-06,-6.310306578115396e-07,-1.9254976613921904e-11,-4.447639011470622e-06,-2.5204287224366075e-05,-1.4671919461075955e-06
2.159881791913525e-06,-1.0315698669039148e-06,-2.2040263758706762e-11,-4.373575664446817e-06,-2.522630663595925e-05,-1.2352660255721171e-06
2.156004183221092e-06,-1.028024947297313e-06,-2.4770767020350206e-11,-4.185090795319748e-06,-2.5004692918570195e-05,-1.196231319307609e-06
1.3082572948947555e-06,-6.227875179194551e-07,-2.744679584943535e-11,-3.882676611514141e-06,-2.4539752736352762e-05,-1.349704401017751e-06
2.1652156880983682e-06,-1.0290770248062867e-06,-3.006827374580752e-11,-3.81816516725185e-06,-2.4571031077771903e-05,-1.1166535907496498e-06
2.1610888594502783e-06,-1.0254786844332691e-06,-3.2638227137968544e-11,-3.6374272136850917e-06,-2.4353882353150402e-05,-1.079991099880445e-06
1.2982743371774732e-06,-6.150849593626207e-07,-3.515687414898357e-11,-3.3411627888122195e-06,-2.3889063602207744e-05,-1.238985632410542e-06
2.1701169059024217e-06,-1.0265349135950084e-06,-3.762395467315064e-11,-3.285682968704321e-06,-2.3929110117693444e-05,-1.0049524895235454e-06
2.1657531856830812e-06,-1.0228898374577583e-06,-4.004269421389325e-11,-3.112350548029762e-06,-2.3716302086269453e-05,-9.70523988276811e-07
1.289048875698237e-06,-6.078913348977956e-07,-4.2412830727596704e-11,-2.8220586806175574e-06,-2.3251821955769176e-05,-1.1346411839510953e-06
2.174598435141598e-06,-1.0239521823279064e-06,-4.473494511834582e-11,-2.7751201258765503e-06,-2.3300173563002567e-05,-8.997615499207291e-07
2.1700099458861785e-06,-1.0202667750167449e-06,-4.7011675488010006e-11,-2.6088696732877715e-06,-2.309159150459523e-05,-8.674368363919304e-07
1.2805358429858585e-06,-6.011772847019343e-07,-4.9242213139186167e-11,-2.32437975919444e-06,-2.2627659769068936e-05,-1.036299704232403e-06
2.178673806442025e-06,-1.0213374048948852e-06,-5.142781775992554e-11,-2.285520279456335e-06,-2.268387951590635e-05,-8.00702913867508e-07
2.1738724470246166e-06,-1.0176177923742454e-06,-5.357036751941048e-11,-2.126045007840596e-06,-2.2479417500405012e-05,-7.703593428937646e-07
1.2726930602787085e-06,-5.949155664685468e-07,-5.567005789704525e-11,-1.847192655023248e-06,-2.2016236441270965e-05,-9.436115933545823e-07
2.182356996452672e-06,-1.0186990439584134e-06,-5.772711000351091e-11,-1.8159765866443094e-06,-2.207991204565825e-05,-7.074206780161997e-07
2.177354431213391e-06,-1.0149510784212276e-06,-5.974356063581626e-11,-1.6629855066996475e-06,-2.1879472196466842e-05,-6.789427226794608e-07
2.1724087830865773e-06,-1.0112553772377437e-06,-6.171955191488068e-11,-1.5121094094679089e-06,-2.168038872658599e-05,-6.510343162217313e-07
1.3404353100219224e-06,-6.231260566614218e-07,-6.365573448204033e-11,-1.251756460846571e-06,-2.1242666293688535e-05,-8.107859459980861e-07
2.179231302945345e-06,-1.0116996295046004e-06,-6.555324101472649e-11,-1.2186872459294637e-06,-2.1291107468091582e-05,-5.931386095260031e-07
2.17412549431764e-06,-1.0079953697992262e-06,-6.741319815822291e-11,-1.0739336669262961e-06,-2.1095934648845322e-05,-5.66946257382934e-07
1.3329556601552665e-06,-6.171955129906467e-07,-6.923560949402787e-11,-8.1884300512431e-07,-2.0659471818093367e-05,-7.302922426065104e-07
2.1808219671083204e-06,-1.008481339103387e-06,-7.102148689838748e-11,-7.925154684060413e-07,-2.0714442708794654e-05,-5.123421356497316e-07
2.1755656702654535e-06,-1.0047729130371293e-06,-7.277161646145796e-11,-6.536266252164246e-07,-2.0523098425504942e-05,-4.877656860627853e-07
1.3260584581753483e-06,-6.116654307514646e-07,-7.448696528601e-11,-4.036489288386139e-07,-2.008806158707522e-05,-6.544192461613147e-07
2.1821379007727135e-06,-1.0053018566403926e-06,-7.6167699957946e-11,-3.837080498141382e-07,-2.0149232553444078e-05,-4.362625872429852e-07
2.176740585232602e-06,-1.0015934512935606e-06,-7.781510524589251e-11,-2.504391293187169e-07,-1.996164064765085e-05,-4.1320770258314926e-07
1.3197103024141442e-06,-6.065148034349662e-07,-7.942985631716312e-11,-5.430176222490179e-09,-1.9528189057813153e-05,-5.828982545576002e-07
2.1831908704780983e-06,-1.0021667552851328e-06,-8.101126655776566e-11,8.458848554559926e-09,-1.9595249225049297e-05,-3.6462613677588527e-07
2.1776617923411716e-06,-9.98462355444327e-07,-8.256203983720442e-11,1.3634043147550983e-07,-1.9411338947834895e-05,-3.4300395589717406e-07
1.3138799234137023e-06,-6.017241105380055e-07,-8.408170444368829e-11,3.765200359565455e-07,-1.897962473797858e-05,-5.1547630109541e-07
2.1839928652013677e-06,-9.990815096934373e-07,-8.557014820669587e-11,3.8467296172329844e-07,-1.9052280924268948e-05,-2.9717485948027526e-07
2.178341060089273e-06,-9.953849021692424e-07,-8.702940297532411e-11,5.07388259855755e-07,-1.8871986431334046e-05,-2.7690167975187515e-07
1.308538049069264e-06,-5.972752098081898e-07,-8.845949751555118e-11,7.428733381469661e-07,-1.844215463157365e-05,-4.519152323141317e-07
2.1845560375303907e-06,-9.960514783893131e-07,-8.986046440809051e-11,7.455879718347224e-07,-1.8520130335164074e-05,-2.3366580734287228e-07
2.178790313537612e-06,-9.92366256189688e-07,-9.123395790348592e-11,8.633471576650519e-07,-1.8343390214233766e-05,-2.1466278522199903e-07
1.3036572734058285e-06,-5.931512352206557e-07,-9.257993321621337e-11,1.0942681977564078e-06,-1.7915578792730073e-05,-3.919908394910648e-07
2.1848926497817055e-06,-9.930818889487025e-07,-9.389872605541997e-11,1.0918254321678997e-06,-1.7998613235072063e-05,-1.738701373047812e-07
2.179021581037816e-06,-9.89411455579629e-07,-9.519135626618978e-11,1.2048284093938092e-06,-1.7825370068658253e-05,-1.560630057849043e-07
1.2992119400366967e-06,-5.893365054872275e-07,-9.645765228385376e-11,1.4313117837725267e-06,-1.7399709984399875e-05,-3.3549204113963787e-07
2.1850150229639988e-06,-9.90177824856374e-07,-9.769886004833478e-11,1.4239765704740021e-06,-1.748755720418057e-05,-1.1757228972611958e-07
2.179046946151534e-06,-9.86525399772998e-07,-9.891525792901615e-11,1.5324135499883848e-06,-1.7317757165924455e-05,-1.008910933544249e-07
1.2951780282732637e-06,-5.858164371276392e-07,-1.0010749666003315e-10,1.754581721582709e-06,-1.6894372432729494e-05,-2.8222011350990153e-07
2.184935492069734e-06,-9.873442157255132e-07,-1.012756901549236e-10,1.7426039828440521e-06,-1.6986800431770394e-05,-6.456921586673967e-08
2.178878502074411e-06,-9.83712839145286e-07,-1.0242026184268192e-10,1.846656020971233e-06,-1.6820392910055628e-05,-4.894805980591222e-08
1.2915330480711242e-06,-5.825774648005077e-07,-1.035421413217018e-10,2.0646277348839116e-06,-1.6399400674345075e-05,-2.3198796542759928e-07
2.184666365859091e-06,-9.845858296070986e-07,-1.0464162158998415e-10,2.048243226102186e-06,-1.6496190609207033e-05,-1.466964947035555e-08
2.178528312994863e-06,-9.809783678994346e-07,-1.0571918813056119e-10,2.1480827307487255e-06,-1.6333127861209313e-05,-4.646424223663155e-11
1.2882559403448566e-06,-5.796069668766058e-07,-1.0677507424160209e-10,2.3619731911140672e-06,-1.5914638488962002e-05,-1.846194566253937e-07
2.184219887972598e-06,-9.819072661425071e-07,-1.0781003361718382e-10,2.3414043078364033e-06,-1.6015583908287856e-05,3.2306579296492615e-08
2.178008376113534e-06,-9.783264172820154e-07,-1.088240463350384e-10,2.437195515776077e-06,-1.585582073886017e-05,4.599025963356289e-08
1.2853269865035944e-06,-5.768931978808425e-07,-1.0981798053974693e-10,2.6471165517372228e-06,-1.5439937911969917e-05,-1.3994875531969386e-07
2.1836082049441286e-06,-9.793129527821516e-07,-1.107920038124662e-10,2.6225730909420566e-06,-1.5544844036677022e-05,7.652918860536868e-08
2.177330591229523e-06,-9.75761252327787e-07,-1.1174628776273988e-10,2.7144725129043998e-06,-1.538833750422482e-05,8.932843584473358e-08
1.2827277194346347e-06,-5.74425223997167e-07,-1.1268160101901618e-10,2.9205327350430637e-06,-1.4975158325525536e-05,-9.781973392299064e-08
2.182843335373307e-06,-9.768071415113458e-07,-1.1359817052078985e-10,2.892212611456953e-06,-1.5083841368087266e-05,1.1815805345046927e-07
2.1765067278436742e-06,-9.732869674427616e-07,-1.1449648861242157e-10,2.9803694510145136e-06,-1.4930550512615302e-05,1.3012474196878445e-07
1.2804408436956924e-06,-5.721928648597902e-07,-1.1537675256504987e-10,3.182674394791425e-06,-1.4520165619087236e-05,-5.8085399672060086e-08
2.181937141326161e-06,-9.74393906507802e-07,-1.1623959114330036e-10,3.150764313129704e-06,-1.463245214181306e-05,1.573437780232823e-07
2.1755484015543444e-06,-9.709074859097363e-07,-1.1708471176773606e-10,3.2353208629367387e-06,-1.448233773597602e-05,1.6852676971606614e-07
1.2784501584682927e-06,-5.701866387537496e-07,-1.179130906899436e-10,3.433973124138734e-06,-1.4074831419435812e-05,-2.0607358701093117e-08
2.180901306932924e-06,-9.72077144764111e-07,-1.1872497170062121e-10,3.3986492122660206e-06,-1.4190557728904125e-05,1.9422823461417386e-07
2.17446704970197e-06,-9.68626559055492e-07,-1.195205552061134e-10,3.47974122342981e-06,-1.4043582049039512e-05,2.0467355433893372e-07
1.2767404865468562e-06,-5.683977121801186e-07,-1.2030021104512122e-10,3.6748405857345636e-06,-1.3639032382258487e-05,1.4744687855754313e-08
2.179747314921913e-06,-9.69860575678113e-07,-1.2106428480482702e-10,3.636268991631783e-06,-1.3758043957282217e-05,2.289450714833167e-07
2.1732739085008538e-06,-9.664477657907022e-07,-1.2181290374424236e-10,3.714026023099908e-06,-1.3614170574169637e-05,2.386960709286078e-07
1.2752976061706794e-06,-5.668178525594642e-07,-1.2254657189625836e-10,3.905669575648827e-06,-1.3212649543188075e-05,4.8093419368303376e-08
2.1784864271437864e-06,-9.677477421078856e-07,-1.2326558410068232e-10,3.864007028075747e-06,-1.3334800496933129e-05,2.616201910610229e-07
2.1719799966922986e-06,-9.643745147597427e-07,-1.2397031487471088e-10,3.938552772708692e-06,-1.3193994084862725e-05,2.7071770392803557e-07
1.2741081899797373e-06,-5.654393855362037e-07,-1.2466067844462713e-10,4.1268350225729375e-06,-1.2795567725453197e-05,7.955434184932852e-08
2.1771296690142376e-06,-9.657420128730157e-07,-1.2533773658240636e-10,4.082229358534885e-06,-1.2920720295200983e-05,2.9237219980972845e-07
2.1705960981516427e-06,-9.624100458406942e-07,-1.260006470414844e-10,4.153681953302435e-06,-1.2782946459160184e-05,3.0085468800105684e-07
1.2731597444614233e-06,-5.64255153970355e-07,-1.2665045702782162e-10,4.3386949289562476e-06,-1.2387674998909301e-05,1.0923620933591329e-07
2.175687814057701e-06,-9.63846585006474e-07,-1.272875799810102e-10,4.291285591416702e-06,-1.2515699069207013e-05,3.2131283241214364e-07
2.1691327480803935e-06,-9.605574328211143e-07,-1.2791172449804812e-10,4.3597579058339855e-06,-1.238092418588435e-05,3.292165227836683e-07
1.2724405559131177e-06,-5.632584811036057e-07,-1.2852328959054866e-10,4.54159125707539e-06,-1.1988862188188473e-05,1.3724141981929983e-07
2.1741713722175687e-06,-9.62064487376553e-07,-1.2912266621630514e-10,4.491509761360215e-06,-1.2119634837099194e-05,3.4854735103496786e-07
2.167600219571273e-06,-9.588195859483485e-07,-1.2971002126621357e-10,4.557109672490019e-06,-1.1987825912692408e-05,3.559063652643465e-07
1.271939637369009e-06,-5.624431352300714e-07,-1.3028550642274322e-10,4.73585076103573e-06,-1.1599022425610367e-05,1.6366638791586092e-07
2.1725905769491477e-06,-9.603985832720469e-07,-1.308500292545234e-10,4.683221137034448e-06,-1.1732427501079997e-05,3.74174921111443e-07
2.166008514362263e-06,-9.571992559845107e-07,-1.31402788639835e-10,4.74605178506064e-06,-1.160355204204515e-05,3.8102139773954726e-07
1.271646681846832e-06,-5.618032984527182e-07,-1.319443285367604e-10,4.921785773142617e-06,-1.1218050748533326e-05,1.886018958335073e-07
2.170955377986925e-06,-9.588515752840079e-07,-1.3247543006977468e-10,4.866724978532789e-06,-1.135397846623358e-05,3.982889655023834e-07
2.1643673526063283e-06,-9.556990374259123e-07,-1.329955040575683e-10,4.926885010454351e-06,-1.1228004364376892e-05,4.0465317436969075e-07
1.2715520149236304e-06,-5.613335358524689e-07,-1.3350513403332556e-10,5.099694943754257e-06,-1.0845843734354236e-05,2.1213342435431511e-07
2.1692754329647307e-06,-9.57426009179823e-07,-1.3400503591385094e-10,5.042313256242623e-06,-1.098419030079208e-05,4.209774980348486e-07
2.1626861666999703e-06,-9.543213731314312e-07,-1.3449474307041923e-10,5.099897052803311e-06,-1.0861085728936614e-05,4.2688794900019366e-07
1.2716465534904956e-06,-5.610287684781825e-07,-1.3497442979465772e-10,5.269863938168946e-06,-1.0482299174780875e-05,2.343414628341871e-07
2.1675601005961663e-06,-9.56124278116859e-07,-1.3544485630053181e-10,5.210265321309209e-06,-1.062296643203314e-05,4.4232343750093744e-07
2.1609740942310947e-06,-9.530685581864324e-07,-1.3590562236833052e-10,5.265363214601328e-06,-1.050269975251033e-05,4.4780698188829805e-07
1.2719217648971125e-06,-5.608842471804976e-07,-1.3635689938413048e-10,5.4325660933221825e-06,-1.0127315783586125e-05,2.553018027991662e-07
2.165818436808946e-06,-9.549486277278366e-07,-1.3679960819042899e-10,5.370848544791253e-06,-1.0270210874850938e-05,4.6240490319916324e-07
2.1592399741877516e-06,-9.519427448687967e-07,-1.3723338796515635e-10,5.423547019428148e-06,-1.01527505565998e-05,4.6748683005415055e-07
1.272369630286368e-06,-5.608955291112339e-07,-1.3765813150810911e-10,5.588063038845631e-06,-9.780792935755569e-06,2.750858131122445e-07
2.1640591898392125e-06,-9.539011603820382e-07,-1.3807488608176824e-10,5.524318917403582e-06,-9.925827990667578e-06,4.812954933229063e-07
2.1574923418999816e-06,-9.509459465064229e-07,-1.3848279447725702e-10,5.574700801922132e-06,-9.81114253918996e-06,4.859996199238486e-07
1.2729826084302878e-06,-5.610584550450634e-07,-1.38882736510066e-10,5.736605281155619e-06,-9.442630439381452e-06,2.937606993196624e-07
2.162290799094633e-06,-9.529838406708103e-07,-1.3927505548306278e-10,5.6709216125113845e-06,-9.589722278747353e-06,4.990645483608981e-07
2.155739428876536e-06,-9.500800432284461e-07,-1.3965898700412593e-10,5.719066263113989e-06,-9.477780171371426e-06,5.034133045126691e-07
1.273753603630959e-06,-5.613691291087186e-07,-1.4003507198913352e-10,5.878432757454582e-06,-9.11272833184109e-06,3.1138974812038146e-07
2.160521391135697e-06,-9.521984992263209e-07,-1.4040435830471532e-10,5.810891526031837e-06,-9.26179818888455e-06,5.157773961790225e-07
2.153989157680203e-06,-9.493467851148075e-07,-1.4076572897321696e-10,5.85687499511832e-06,-9.152567821782833e-06,5.197919058423322e-07
1.2746759341226283e-06,-5.618238993131773e-07,-1.4111989932979394e-10,6.013775355981718e-06,-8.790986705075263e-06,3.280325566256428e-07
2.1587587817705644e-06,-9.515468388868156e-07,-1.4146727914521522e-10,5.944453777588928e-06,-8.941959964723038e-06,5.314955864162693e-07
2.1522491455133005e-06,-9.487477987837483e-07,-1.4180719835716904e-10,5.98834897573813e-06,-8.835409605929044e-06,5.35195742370301e-07
1.2757433039283671e-06,-5.624193400305967e-07,-1.4214044105454858e-10,6.1428534091741745e-06,-8.477305552193348e-06,3.4374524915640587e-07
2.1570104737158106e-06,-9.510304384196615e-07,-1.4246753148856557e-10,6.071824189574826e-06,-8.630111504395302e-06,5.462771087546844e-07
2.1505267012105696e-06,-9.482845906370223e-07,-1.4278726469837208e-10,6.113701038533387e-06,-8.526209254765258e-06,5.496816438180347e-07
1.2769497756571341e-06,-5.631522353933184e-07,-1.4310084910231564e-10,6.265878160404935e-06,-8.171584637674147e-06,3.585806808570058e-07
2.155283659974145e-06,-9.506507585237666e-07,-1.4340884784932272e-10,6.193209738011585e-06,-8.326156248722793e-06,5.60176599060171e-07
2.1488288274821165e-06,-9.479585521571934e-07,-1.437096744679302e-10,6.233135315578101e-06,-8.224870008167452e-06,5.633031536202868e-07
1.2782897441045626e-06,-5.640195633797694e-07,-1.4400457334671732e-10,6.383052204186349e-06,-7.873723387793638e-06,3.7258862926299815e-07
2.1535852224485895e-06,-9.504091451802703e-07,-1.4429434558927454e-10,6.308808979320998e-06,-8.029997081850806e-06,5.732455347263549e-07
2.147162222637284e-06,-9.477709645004695e-07,-1.4457792475037697e-10,6.346847654682251e-06,-7.931294524261658e-06,5.761107194672622e-07
1.2797579136452957e-06,-5.65018482042765e-07,-1.448554193830859e-10,6.494569903058978e-06,-7.583620798857932e-06,3.8581597440605405e-07
2.1519217365312046e-06,-9.503068354374921e-07,-1.4512830950550614e-10,6.418812454445902e-06,-7.741536256280457e-06,5.855324168068246e-07
2.1455332820745396e-06,-9.477230026983364e-07,-1.453951340391354e-10,6.455026018961173e-06,-7.645384807446657e-06,5.881518723282155e-07
1.2813492750024954e-06,-5.66146315598371e-07,-1.456562849294398e-10,6.60061778305312e-06,-7.301175364944936e-06,3.983068690379584e-07
2.1502994726817787e-06,-9.503449614079828e-07,-1.4591282945506094e-10,6.523403071988244e-06,-7.460675330380344e-06,5.970829423218879e-07
2.1439481026323445e-06,-9.478157407772719e-07,-1.4616376844613554e-10,6.557850861091841e-06,-7.367042152761227e-06,5.994713954552956e-07
1.2830590858884867e-06,-5.674005427362215e-07,-1.4640926462111754e-10,6.7013749062797345e-06,-7.02628501763646e-06,4.101028981132838e-07
2.148724401335073e-06,-9.505245554564395e-07,-1.4665106744332815e-10,6.622756469475767e-06,-7.1873151228533215e-06,6.079401676002875e-07
2.1424124834864465e-06,-9.480501549436943e-07,-1.4688686103486226e-10,6.655495478695369e-06,-7.096167104212451e-06,6.101114840337545e-07
1.2848828495437739e-06,-5.687787841054162e-07,-1.4711816425146407e-10,6.797013226201903e-06,-6.758847084814907e-06,4.2124322966790797e-07
2.1472021940537956e-06,-9.508465533461537e-07,-1.4734562413486373e-10,6.717041356865103e-06,-6.921355680147866e-06,6.181446601578544e-07
2.1409319329712015e-06,-9.484271291745892e-07,-1.4756780800549076e-10,6.748126351955928e-06,-6.832659426423243e-06,6.201118941185153e-07
1.2868162980766338e-06,-5.702787922182015e-07,-1.4778575167262982e-10,6.887697922145071e-06,-6.498758259542239e-06,4.317647558443755e-07
2.1457382299670034e-06,-9.513117994543644e-07,-1.4799954163892958e-10,6.806419843280509e-06,-6.66269625684859e-06,6.277346435540086e-07
2.139511669154642e-06,-9.489474576559352e-07,-1.482084570671346e-10,6.835903464364253e-06,-6.576418090317274e-06,6.295100849371435e-07
1.2888553735508114e-06,-5.718984405461439e-07,-1.4841337141051686e-10,6.973587719707487e-06,-6.245914581820968e-06,4.4170222650657607e-07
2.144337599140494e-06,-9.519210502756276e-07,-1.4861504897820336e-10,6.891047742991413e-06,-6.411235308175165e-06,6.367461325615578e-07
2.138156627600589e-06,-9.496118501180692e-07,-1.4881158959881174e-10,6.9189806050314774e-06,-6.327341267092388e-06,6.383413509510187e-07
1.2909962141815226e-06,-5.736357150766776e-07,-1.490042533414868e-10,7.0548351898543406e-06,-6.000211432057617e-06,4.510883749441508e-07
2.143005108155809e-06,-9.526749786749738e-07,-1.4919382040455526e-10,6.971074872619201e-06,-6.166870491862629e-06,6.452130611200402e-07
2.1368714646239783e-06,-9.50420934879911e-07,-1.493787791670184e-10,6.997505656570027e-06,-6.085326334357937e-06,6.46638947532715e-07
1.2932351380717644e-06,-5.754887049507462e-07,-1.4955989238458006e-10,7.131587037575797e-06,-5.761543534115738e-06,4.599540352780245e-07
2.141745284360343e-06,-9.535741772057982e-07,-1.497384669039835e-10,7.046645324918291e-06,-5.929498679648591e-06,6.531674027950588e-07
2.135660562260568e-06,-9.513752625183659e-07,-1.4991252481654512e-10,7.071620869762879e-06,-5.850269890650807e-06,6.5443420845548e-07
1.295568628861792e-06,-5.774555940578493e-07,-1.500832130662609e-10,7.203984373780672e-06,-5.529804965241909e-06,4.6832825398180444e-07
2.1405623828654665e-06,-9.546191623950271e-07,-1.50251542050647e-10,7.117897735340761e-06,-5.69901597754508e-06,6.60639284021162e-07
2.134528034555024e-06,-9.524753095625312e-07,-1.504152861575643e-10,7.141463121246398e-06,-5.622067778063036e-06,6.617566578593532e-07
1.297993324864845e-06,-5.795346543913624e-07,-1.505760445862061e-10,7.272162972757182e-06,-5.304889178502572e-06,4.7623839440882467e-07
2.1394603905573397e-06,-9.558103775195063e-07,-1.5073430783414544e-10,7.18496553183658e-06,-5.4753177536876995e-06,6.676570909054192e-07
2.133477732783992e-06,-9.537214818326433e-07,-1.5088833000891074e-10,7.2071641615342145e-06,-5.40061511268263e-06,6.686341142514249e-07
1.3005060035781908e-06,-5.81724237336673e-07,-1.5103951848228556e-10,7.3362535183094395e-06,-5.086689028940116e-06,4.837102353240149e-07
2.1384430327686946e-06,-9.571481962256892e-07,-1.511885357982117e-10,7.247977174550834e-06,-5.258298672891188e-06,6.742475701190563e-07
2.1325132503392527e-06,-9.551141171218855e-07,-1.5133344494944825e-10,7.268850849718445e-06,-5.185806319673026e-06,6.750927892880365e-07
1.303103572145749e-06,-5.840227678772627e-07,-1.5147534182745888e-10,7.396381838014544e-06,-4.875096804409253e-06,4.907680636348957e-07
2.137513778013246e-06,-9.586329251346267e-07,-1.5161559522598545e-10,7.3070563810880355e-06,-5.047852735198349e-06,6.804359235440731e-07
1.2225946624307426e-06,-5.486857935715082e-07,-1.5175222976151907e-10,7.44502107422643e-06,-4.713767643015868e-06,4.7675191580843e-07
2.144071378822251e-06,-9.629050293151808e-07,-1.518867935462453e-10,7.343361921654022e-06,-4.913210630650274e-06,6.8595252196558e-07
2.1380886508959025e-06,-9.608997503316087e-07,-1.5201792353536838e-10,7.3621352236121005e-06,-4.8442819976564e-06,6.86563650388456e-07
1.2266641318415436e-06,-5.516851880228766e-07,-1.5214611650239943e-10,7.498657454562266e-06,-4.513334137099123e-06,4.834640239037172e-07
2.144630084801508e-06,-9.652424912690382e-07,-1.522728219279474e-10,7.395969704185923e-06,-4.713868091593407e-06,6.918234597025075e-07
2.1386758948904755e-06,-9.632798065286057e-07,-1.523959376893049e-10,7.4135258420609124e-06,-4.647046940803519e-06,6.923171739335444e-07
1.2307583564248227e-06,-5.547646102548632e-07,-1.525166142319825e-10,7.548652596525301e-06,-4.3192037796637294e-06,4.898083072003645e-07
2.14520579500029e-06,-9.67694756040004e-07,-1.5263593319759577e-10,7.444963138332941e-06,-4.520790303596622e-06,6.973350342236118e-07
2.1392824618486324e-06,-9.657750734467961e-07,-1.5275191855256712e-10,7.4613384443993194e-06,-4.456041088109233e-06,6.977185214898786e-07
1.2348769815864982e-06,-5.579238451571583e-07,-1.5286534654334741e-10,7.595116006413067e-06,-4.131267837364566e-06,4.958048236816542e-07
2.1458052134779473e-06,-9.702637104389567e-07,-1.5297805364083732e-10,7.490449799387667e-06,-4.333870451508803e-06,7.025084311502638e-07
2.1399148639245096e-06,-9.68387371824353e-07,-1.5308693574071393e-10,7.505679327608859e-06,-4.2711574453995425e-06,7.027884545740076e-07
1.2390196183954027e-06,-5.611626622693724e-07,-1.5319364901831538e-10,7.638153296193504e-06,-3.949417197188581e-06,5.014724777821184e-07
2.14643461353295e-06,-9.729510871274638e-07,-1.5329951669749243e-10,7.532533469565082e-06,-4.153001244345578e-06,7.073636187435807e-07
2.1405791902367732e-06,-9.711183716824616e-07,-1.5340208863165352e-10,7.546651050327477e-06,-4.092288564136097e-06,7.075465423778959e-07
1.2431858440263534e-06,-5.644808155626406e-07,-1.5350249871080534e-10,7.677866359919414e-06,-3.773542423124713e-06,5.06829086390258e-07
2.147099853968238e-06,-9.75758472663816e-07,-1.5360253563317612e-10,7.571314306978553e-06,-3.97807497649028e-06,7.119194184872308e-07
2.1412811237950924e-06,-9.739696006567645e-07,-1.5369899181067894e-10,7.584352603712881e-06,-3.919326604684955e-06,7.120112299092228e-07
1.2473751993349425e-06,-5.678780419552599e-07,-1.5379344036932274e-10,7.71435354126113e-06,-3.6035338172538702e-06,5.118914431581762e-07
2.147806395374567e-06,-9.786873152831996e-07,-1.5388726084665063e-10,7.606889007732414e-06,-3.8089835987898107e-06,7.161935705354288e-07
2.142025957340923e-06,-9.76942451392856e-07,-1.5397786902203588e-10,7.618879568317093e-06,-3.752163405948338e-06,7.161999022736302e-07
1.2515871890275697e-06,-5.71354060855707e-07,-1.5406669681576867e-10,7.747709791713317e-06,-3.4392814832050994e-06,5.166753773156153e-07
2.148559315973565e-06,-9.817389321593922e-07,-1.541548337291732e-10,7.639350961131182e-06,-3.645618782427081e-06,7.202027958857363e-07
2.142818607224483e-06,-9.80038187921644e-07,-1.5424026764017245e-10,7.650324267519303e-06,-3.590690551936299e-06,7.20128946431179e-07
1.2558212792099446e-06,-5.749085725869513e-07,-1.5432380144762973e-10,7.778026823028608e-06,-3.2806753901945983e-06,5.211958105133488e-07
2.149363324816829e-06,-9.849145153641504e-07,-1.5440693583197025e-10,7.668790395340859e-06,-3.487871990627485e-06,7.239628554709717e-07
2.143663629086845e-06,-9.832579526532936e-07,-1.5448697968060436e-10,7.678775910633644e-06,-3.4347994414470535e-06,7.238138077069778e-07
1.2600768987475733e-06,-5.785412584748357e-07,-1.5456586961397975e-10,7.805393251546606e-06,-3.1276054367871953e-06,5.254668085873057e-07
2.150222779471902e-06,-9.882151396056517e-07,-1.5464408891453932e-10,7.695294518831356e-06,-3.335634546833484e-06,7.274886038109954e-07
2.144565233974866e-06,-9.86602773265336e-07,-1.5471969255340212e-10,7.704320732797325e-06,-3.284381357740344e-06,7.272690440535807e-07
1.2643534383286638e-06,-5.822517798920225e-07,-1.5479341567723053e-10,7.82989473619462e-06,-2.9799615180786947e-06,5.295016323234987e-07
2.1511416982883155e-06,-9.916417672232207e-07,-1.54867036020419e-10,7.718947653381256e-06,-3.1887977050649267e-06,7.307940430808057e-07
2.1455272994835957e-06,-9.90073567248546e-07,-1.5493786458344884e-10,7.727042125088793e-06,-3.139327539508409e-06,7.305083770382067e-07
1.2686502488099665e-06,-5.860397769135633e-07,-1.550075490140302e-10,7.851614109382966e-06,-2.8376335897210227e-06,5.333127832547054e-07
2.15212377523338e-06,-9.951952543777214e-07,-1.550771807594191e-10,7.739831361642456e-06,-3.047252719835295e-06,7.338923702397175e-07
2.146553385835098e-06,-9.93671148473917e-07,-1.551438212987341e-10,7.747020760982164e-06,-2.999529247968075e-06,7.335447401098833e-07
1.272966643953438e-06,-5.899048689771028e-07,-1.5520916098980658e-10,7.870631502238154e-06,-2.7005117362772564e-06,5.369120482636623e-07
2.1531723925217327e-06,-9.988763558609503e-07,-1.552745681988517e-10,7.75802456882064e-06,-2.9108909160957076e-06,7.367960241050063e-07
2.14764674740347e-06,-9.973962315962311e-07,-1.5533745863568664e-10,7.764334715252133e-06,-2.864877839392988e-06,7.363903232028401e-07
1.2773018964233603e-06,-5.938466524497295e-07,-1.553989561045968e-10,7.887024465839223e-06,-2.568486233241434e-06,5.403105409111021e-07
2.154290633671076e-06,-1.0026857301610903e-06,-1.5546051558679458e-10,7.77360367947076e-06,-2.7796037571735757e-06,7.395167286230177e-07
2.1488103460989086e-06,-1.0012494371247185e-06,-1.5551940030222676e-10,7.779059579104118e-06,-2.7352648322334755e-06,7.390566157022981e-07
1.2816552423660125e-06,-5.978647021061803e-07,-1.5557705235151229e-10,7.90086808257315e-06,-2.4414476147066298e-06,5.435187404323239e-07
2.155481296692407e-06,-1.0066239443301648e-06,-1.5563504438823386e-10,7.786642686743005e-06,-2.653282914779065e-06,7.420655342528808e-07
2.1500468639420256e-06,-1.005231295981875e-06,-1.5569044340182383e-10,7.791268568865129e-06,-2.6105819753535795e-06,7.415544470787736e-07
1.2860258777102115e-06,-6.019585687480666e-07,-1.557451063477242e-10,7.91223507671305e-06,-2.319286736758666e-06,5.465465284300536e-07
2.156746906325912e-06,-1.010691478338359e-06,-1.557994569705794e-10,7.797213278409128e-06,-2.5318203354657697e-06,7.444528557142199e-07
2.1513587153507272e-06,-1.0093422539158094e-06,-1.5585170522971807e-10,7.801032628235316e-06,-2.4907213155395224e-06,7.438940237753625e-07
1.2904129616745928e-06,-6.061277802128117e-07,-1.559026698842217e-10,7.92119591567053e-06,-2.201894841563732e-06,5.494032234856359e-07
2.1580897253561672e-06,-1.0148887289582054e-06,-1.5595399558282236e-10,7.805384938114789e-06,-2.4151083065293526e-06,7.466885091242288e-07
2.152748057835831e-06,-1.0135826750474182e-06,-1.560029977460638e-10,7.808420529651356e-06,-2.3755752633775212e-06,7.4608496570643e-07
1.2948156146790504e-06,-6.103718396768442e-07,-1.5605108432176775e-10,7.927818912691341e-06,-2.089163617084472e-06,5.520976136608014e-07
2.1595117665727103e-06,-1.019216013837186e-06,-1.5609944864062985e-10,7.811225039748552e-06,-2.3030395221212835e-06,7.487817464424382e-07
2.1542168040345674e-06,-1.0179528458910954e-06,-1.5614552487663637e-10,7.813498967323163e-06,-2.2650366563838015e-06,7.481363395921464e-07
1.299232920013713e-06,-6.146902257718388e-07,-1.5619053460963296e-10,7.932170316672401e-06,-1.980985261035769e-06,5.546379873341059e-07
2.1610148029878092e-06,-1.0236735746141193e-06,-1.5623621545196204e-10,7.814798941144702e-06,-2.1955071453310878e-06,7.507412868345985e-07
2.1557666321851646e-06,-1.0224529786738791e-06,-1.5627964642913465e-10,7.816332648050133e-06,-2.1589988239109806e-06,7.500566904333923e-07
1.303663925142798e-06,-6.19082392484572e-07,-1.5632200835763948e-10,7.93431440464341e-06,-1.877252537901612e-06,5.57032161372827e-07
2.162600379811202e-06,-1.028261580945766e-06,-1.5636497836227772e-10,7.81617006968148e-06,-2.092404871517588e-06,7.525753487304413e-07
2.157398997658369e-06,-1.027083215086639e-06,-1.5640573526401013e-10,7.816984376375297e-06,-2.057355646884963e-06,7.518540721262196e-07
1.30810764023044e-06,-6.235477677762936e-07,-1.564460275230205e-10,7.934313566920934e-06,-1.7778588381169152e-06,5.592875096101801e-07
2.164269824774627e-06,-1.0329801335441042e-06,-1.56486109590722e-10,7.815400006324968e-06,-1.9936269874768266e-06,7.542916768854216e-07
2.1591151422764663e-06,-1.0318436288751442e-06,-1.5652486842907343e-10,7.815515137741004e-06,-1.96000161871452e-06,7.535360744958379e-07
1.3125630417319248e-06,-6.280857545165251e-07,-1.5656239034183916e-10,7.932228388265732e-06,-1.6826982344876493e-06,5.614109870204158e-07
2.1660242567968805e-06,-1.037829266564595e-06,-1.5660023842569938e-10,7.81254856489902e-06,-1.8990684297217975e-06,7.558975706359404e-07
2.160916103390428e-06,-1.0367342283532104e-06,-1.566362198131978e-10,7.811984175760482e-06,-1.8668319006081283e-06,7.551098512187641e-07
1.3170290702403973e-06,-6.326957287962102e-07,-1.5667149209611003e-10,7.928117726930642e-06,-1.5916655353774493e-06,5.634091543935198e-07
2.1678645976359683e-06,-1.042808951220895e-06,-1.5670744962306815e-10,7.807673867913527e-06,-1.8086248418670703e-06,7.57399909018175e-07
2.1628027260355697e-06,-1.0417549603488158e-06,-1.567413673148459e-10,7.80644906671381e-06,-1.777742381095753e-06,7.565821435261167e-07
1.32150463390788e-06,-6.373770407764992e-07,-1.567740930920557e-10,7.92203878693609e-06,-1.5046563387754629e-06,5.652882014833557e-07
2.1697915798832995e-06,-1.047919097723995e-06,-1.5680796884186135e-10,7.800832418173804e-06,-1.7221926286619265e-06,7.588051748044355e-07
2.164775670189357e-06,-1.0469057117152968e-06,-1.5683973734512412e-10,7.79896579093527e-06,-1.6926297267729694e-06,7.579593043232327e-07
1.3259886075082475e-06,-6.421290135398213e-07,-1.5687090496989303e-10,7.914047190567677e-06,-1.4215670825200538e-06,5.670539673247418e-07
2.1718057564943405e-06,-1.053159557935786e-06,-1.5690308302096828e-10,7.792079168835674e-06,-1.6396690080806036e-06,7.601194774015292e-07
2.1668354204755496e-06,-1.0521863121648385e-06,-1.5693269263097202e-10,7.789588800759008e-06,-1.611391435334884e-06,7.592473212268092e-07
1.3304798341280355e-06,-6.469509431500904e-07,-1.5696204776512322e-10,7.904197044434438e-06,-1.342295092850237e-06,5.687119609946133e-07
2.173907510775015e-06,-1.058530128240981e-06,-1.569920532985168e-10,7.78146758724331e-06,-1.5609520629754062e-06,7.613485740560299e-07
2.168982294290672e-06,-1.0575965360865466e-06,-1.570200834208218e-10,7.778371084023797e-06,-1.5339258857582053e-06,7.604518360770806e-07
1.3349771267974275e-06,-6.51842098754914e-07,-1.570475331061883e-10,7.89254100508304e-06,-1.2667386317636175e-06,5.702673807911186e-07
2.176097063289649e-06,-1.064030550886189e-06,-1.570759033964571e-10,7.769049718767062e-06,-1.4859407878170574e-06,7.624978897827822e-07
2.1712164512367213e-06,-1.0631361053364206e-06,-1.571019953572031e-10,7.765364227133728e-06,-1.4601323847085328e-06,7.615781657544962e-07
1.3394792682436512e-06,-6.56801721665031e-07,-1.571277372753537e-10,7.879130339060839e-06,-1.194796941182436e-06,5.717251311922725e-07
2.1783744813200546e-06,-1.0696605166044607e-06,-1.5715453578390925e-10,7.754876245756308e-06,-1.4145351362399847e-06,7.635725372378879e-07
2.173537900237916e-06,-1.0688046905520274e-06,-1.5717941949396522e-10,7.750618471901626e-06,-1.3899112123994805e-06,7.626313200265504e-07
1.343985012859743e-06,-6.618290256583581e-07,-1.572034845574764e-10,7.864014980647495e-06,-1.1263702862036878e-06,5.730898402031834e-07
2.1807396857995784e-06,-1.0754196660529481e-06,-1.5722862105042814e-10,7.738996543716765e-06,-1.3466360643687445e-06,7.645773336773529e-07
2.175946508228751e-06,-1.0746019135469265e-06,-1.572517673890302e-10,7.734182772059415e-06,-1.3231636671681211e-06,7.63616020393804e-07
1.3484930876017977e-06,-6.669231966361524e-07,-1.5727441166880032e-10,7.847243589253495e-06,-1.0613599954349097e-06,5.743658753987703e-07
2.1831924597143113e-06,-1.081307591868815e-06,-1.5729818229526477e-10,7.721458736710605e-06,-1.2821455728815833e-06,7.655168181377687e-07
2.1784420069435882e-06,-1.0805273486069766e-06,-1.5732009644447543e-10,7.716104846659858e-06,-1.259792104832357e-06,7.64536715050121e-07
1.3530021929447622e-06,-6.720833924311746e-07,-1.5734145831685572e-10,7.828863599824284e-06,-9.996685003723868e-07,5.755573580513469e-07
2.18573245561601e-06,-1.0873238405018018e-06,-1.5736397529317363e-10,7.702309747316512e-06,-1.2209667465967973e-06,7.663952681729044e-07
2.1810240006504563e-06,-1.0865805243791467e-06,-1.5738418672314913e-10,7.696431230480688e-06,-1.1996999784993452e-06,7.653975956192575e-07
1.3575110040331853e-06,-6.773087426350262e-07,-1.5740435990918715e-10,7.808921275575867e-06,-9.41199370470324e-07,5.766681778410687e-07
2.1883592031070353e-06,-1.0934679138675461e-06,-1.5742526399053824e-10,7.68159534636768e-06,-1.1630037929141956e-06,7.67216713370646e-07
2.183691973491801e-06,-1.0927609255199658e-06,-1.574444056107089e-10,7.675207321653177e-06,-1.1427918756677393e-06,7.662026113656886e-07
1.3620181727032888e-06,-6.825983489064331e-07,-1.5746340449680402e-10,7.787461752625773e-06,-8.85857348688783e-07,5.777020054847167e-07
2.1910721144104086e-06,-1.0997392701567748e-06,-1.5748301694860084e-10,7.659360197915852e-06,-1.1081620752952357e-06,7.679849507573102e-07
2.1864452962301523e-06,-1.0990679941650003e-06,-1.575011163863196e-10,7.652477426959253e-06,-1.088973552221313e-06,7.669554834609433e-07
1.3665223271448388e-06,-6.879512841336488e-07,-1.5751872331138458e-10,7.764529087843674e-06,-8.335483829615651e-07,5.786623056975459e-07
2.1938704928914462e-06,-1.106137326301993e-06,-1.5753756893685638e-10,7.635647905194557e-06,-1.0563481481101366e-06,7.687035576761963e-07
2.18928323203612e-06,-1.1055011308600467e-06,-1.5755440436139024e-10,7.628284806906556e-06,-1.0381519645907198e-06,7.676597173070453e-07
1.3710220746177762e-06,-6.933665931044004e-07,-1.5757079077379139e-10,7.740166302150076e-06,-7.841796570048905e-07,5.795523484897978e-07
2.1967535390537595e-06,-1.1126614588837562e-06,-1.5758892313272366e-10,7.610501053029636e-06,-1.0074697871967523e-06,7.693759038889821e-07
2.1922049447128025e-06,-1.1120596968841906e-06,-1.5760450158814817e-10,7.602671715030338e-06,-9.902353020817804e-07,7.683186159146642e-07
1.3755160021240232e-06,-6.988432921934993e-07,-1.5761975056678673e-10,7.71441541870801e-06,-7.376596186072652e-07,5.803752204909723e-07
2.199720355079698e-06,-1.119311004727473e-06,-1.5763661338115626e-10,7.583961244920705e-06,-9.614360182406315e-07,7.700051652314298e-07
2.1952095023475187e-06,-1.1187430141567963e-06,-1.576512826504178e-10,7.57567943919377e-06,-9.451330119456925e-07,7.689352909775489e-07
1.38000267656085e-06,-7.043803687853339e-07,-1.5766541668453554e-10,7.687317505444556e-06,-6.938980047968445e-07,5.811338351083634e-07
2.2027699534764713e-06,-1.1260852633395322e-06,-1.5768155369838498e-10,7.556069143564294e-06,-9.1815714541875e-07,7.705943321065484e-07
2.198295885463448e-06,-1.125550367608002e-06,-1.5769533848907642e-10,7.547348336670988e-06,-9.027558293203427e-07,7.695126736138964e-07
1.3844806480859515e-06,-7.099767823281532e-07,-1.5770875737044342e-10,7.65891270935676e-06,-6.52805868160644e-07,5.818309424080392e-07
2.2059012613811184e-06,-1.1329834972894927e-06,-1.5772361875831483e-10,7.526864506603035e-06,-8.775447745199029e-07,7.711462225296713e-07
2.2014629917260336e-06,-1.1324810057618242e-06,-1.577367879551373e-10,7.517717872005714e-06,-8.630157983869808e-07,7.70053525024446e-07
1.3889484496781827e-06,-7.156314635451149e-07,-1.5774949757804184e-10,7.629240293037954e-06,-6.14295596467737e-07,5.824691381076435e-07
2.2091131263727696e-06,-1.1400049334697265e-06,-1.5776364321516679e-10,7.496386218822133e-06,-8.395118362246693e-07,7.716634904273301e-07
2.204709641398462e-06,-1.1395341418097994e-06,-1.5777574944344627e-10,7.4868266480974945e-06,-8.258262962469437e-07,7.705604462901558e-07
1.3934045998865275e-06,-7.213433152083717e-07,-1.5778758054192157e-10,7.598338667540367e-06,-5.782809354357556e-07,5.830508730132873e-07
2.212404322470257e-06,-1.147148764402788e-06,-1.578005352012306e-10,7.464672327121398e-06,-8.039726076645581e-07,7.721486358235033e-07
1.3209808044604416e-06,-6.860311560279147e-07,-1.5781182084420258e-10,7.588382535122666e-06,-5.3371486431501e-07,5.65981685493228e-07
2.2215224202343527e-06,-1.1555579112266507e-06,-1.5782493941217264e-10,7.441759052633029e-06,-7.835866082629494e-07,7.740464387219544e-07
2.2170346787803176e-06,-1.1550711922612147e-06,-1.5783574312632576e-10,7.4315612490657286e-06,-7.71204549268496e-07,7.728957335956071e-07
1.3264965432200502e-06,-6.922120988214508e-07,-1.5784659569396815e-10,7.555397989138525e-06,-5.019814229062062e-07,5.667069888689858e-07
2.226149250431772e-06,-1.1635516314955924e-06,-1.5785864013136324e-10,7.407872274316837e-06,-7.523626492555647e-07,7.747640854919327e-07
2.221668904755498e-06,-1.163082537939089e-06,-1.578687504156032e-10,7.397298531907674e-06,-7.407422631907428e-07,7.735990261192888e-07
1.3319455380949258e-06,-6.984236849065425e-07,-1.5787852591040095e-10,7.521290572238664e-06,-4.7250603568640035e-07,5.673701327069216e-07
2.2307821198200405e-06,-1.1716351435530537e-06,-1.5789016494409561e-10,7.372857270948026e-06,-7.233907972275521e-07,7.75440046163491e-07
2.2263094813312667e-06,-1.171183497373336e-06,-1.578994611627474e-10,7.361919335523806e-06,-7.125052622132335e-07,7.742614661493699e-07
1.3373285853132564e-06,-7.046656723616809e-07,-1.5790867772263373e-10,7.486095469833479e-06,-4.452082021591062e-07,5.679736148938691e-07
2.235423347355319e-06,-1.17980907412998e-06,-1.5791963663179952e-10,7.336748733666949e-06,-6.96591470368693e-07,7.760771643570074e-07
2.2309586335436635e-06,-1.1793746547481394e-06,-1.5792865313264656e-10,7.325458122570535e-06,-6.864144140482108e-07,7.7488584038024e-07
2.226618979929334e-06,-1.1790055260112715e-06,-1.5793727013045e-10,7.314032796497043e-06,-6.765019845789957e-07,7.737183421186745e-07
1.4183604574194226e-06,-7.522592313755672e-07,-1.5794591021763723e-10,7.426210437493928e-06,-4.335502646609815e-07,5.858632404026718e-07
2.2343799758416276e-06,-1.1869986126685674e-06,-1.5795594883222575e-10,7.288147905454626e-06,-6.620368976459441e-07,7.751871105781266e-07
2.230073550824411e-06,-1.1866589238457564e-06,-1.5796386578560914e-10,7.276380843411645e-06,-6.528055597730568e-07,7.740135850493797e-07
1.422566347880829e-06,-7.582179206576837e-07,-1.579720034905117e-10,7.388720688363432e-06,-4.107347925929339e-07,5.861167022676304e-07
2.2378849204432605e-06,-1.1947451668411134e-06,-1.5798145696513696e-10,7.24981236577395e-06,-6.39671526478379e-07,7.754713757779354e-07
2.233610314694524e-06,-1.1944340184529529e-06,-1.5798908177337535e-10,7.2377147861208015e-06,-6.310955780810195e-07,7.742921633449759e-07
1.4267575595349103e-06,-7.642287104684565e-07,-1.5799647555410413e-10,7.3502479139063905e-06,-3.8985252371059273e-07,5.863291334762164e-07
2.2414711887274282e-06,-1.202613015209367e-06,-1.580053149024962e-10,7.210484557643752e-06,-6.19242246270785e-07,7.757401299324048e-07
2.237226993558314e-06,-1.202329501883237e-06,-1.5801223238740735e-10,7.198067464022605e-06,-6.112964706940273e-07,7.745555404834493e-07
1.4309321398813098e-06,-7.70290117465987e-07,-1.5801936915623708e-10,7.310824789873563e-06,-3.7082846974121407e-07,5.865019918811009e-07
2.245136498831183e-06,-1.2106008417822028e-06,-1.5802760165539229e-10,7.1701968953577035e-06,-6.006744590419486e-07,7.759947785668541e-07
2.2409213085518007e-06,-1.2103440530485425e-06,-1.5803396092156966e-10,7.1574710827998045e-06,-5.933341275669739e-07,7.748050943186502e-07
1.4350881531143337e-06,-7.764006398184262e-07,-1.5804050431253255e-10,7.270483367404211e-06,-3.535891070946339e-07,5.866366525404298e-07
2.248878569472845e-06,-1.21870731770587e-06,-1.5804853578062216e-10,7.1289811744821425e-06,-5.838950286622136e-07,7.762366439694159e-07
2.244690980471557e-06,-1.2184763370839843e-06,-1.5805461601973114e-10,7.115957236957333e-06,-5.771359010197952e-07,7.750421202443683e-07
1.439223679016437e-06,-7.825587563913372e-07,-1.5806064115583328e-10,7.2292550932321565e-06,-3.3806238144293693e-07,5.867344135187318e-07
2.2526951207098476e-06,-1.2269311005440315e-06,-1.5806823299418953e-10,7.086868589064542e-06,-5.688322845172169e-07,7.764669703257614e-07
2.248533732965527e-06,-1.226725005917115e-06,-1.5807385425421806e-10,7.073556925254417e-06,-5.626306105599883e-07,7.752678379388847e-07
1.4433368142548114e-06,-7.887629271749833e-07,-1.5807960975379125e-10,7.187170826783215e-06,-3.2417770884455917e-07,5.867964983294002e-07
2.2565838762231954e-06,-1.2352708346111257e-06,-1.5808660651515197e-10,7.043889752061604e-06,-5.554160235756724e-07,7.766869275770689e-07
2.2524472932636874e-06,-1.2350886978212323e-06,-1.580921164048954e-10,7.030300569800407e-06,-5.497485428617888e-07,7.754833939184293e-07
1.4474256708008926e-06,-7.950115922704405e-07,-1.5809737169656522e-10,7.144260858715926e-06,-3.1186597623694165e-07,5.868240622352045e-07
2.2605425643508593e-06,-1.2437251505743974e-06,-1.581040189785292e-10,7.0000747095501205e-06,-5.435775096815949e-07,7.768976166935302e-07
2.256429395286767e-06,-1.2435660381224112e-06,-1.5810888732045072e-10,6.986218034151415e-06,-5.384214520506658e-07,7.756898671159941e-07
1.4514883785092082e-06,-8.01303173106404e-07,-1.5811349726000872e-10,7.100554926575695e-06,-3.010595415267406e-07,5.868181943299478e-07
2.2645689213138673e-06,-1.2522926663111948e-06,-1.5812007298800012e-10,6.95545296004486e-06,-5.332494745118656e-07,7.771000733380328e-07
2.2604777806295683e-06,-1.2521556389234057e-06,-1.5812477148003205e-10,6.941338635744822e-06,-5.285825594326899e-07,7.758882722952239e-07
1.4555230843684479e-06,-8.076360718871298e-07,-1.5812909944802643e-10,7.056082229782806e-06,-2.916922308211941e-07,5.867799217850675e-07
2.2686606921960624e-06,-1.2609719866745526e-06,-1.5813510779630285e-10,6.910053465156705e-06,-5.243661149325082e-07,7.772952713355585e-07
2.2645902003881557e-06,-1.2608560993010317e-06,-1.581390977393338e-10,6.895691162774658e-06,-5.201665502263224e-07,7.760795639916545e-07
1.4595279516189166e-06,-8.140086709570372e-07,-1.5814345260257912e-10,7.010871445619634e-06,-2.836993360064622e-07,5.867102135688788e-07
2.2728156333991773e-06,-1.269761704016733e-06,-1.5814944275286155e-10,6.863904667467246e-06,-5.168630899247505e-07,7.774841266144244e-07
2.2687644175651406e-06,-1.2696660058217525e-06,-1.5815321598244228e-10,6.849303888624516e-06,-5.131095706341817e-07,7.762646398988458e-07
1.4635011624682297e-06,-8.204193342064335e-07,-1.581569936258361e-10,6.964950741221055e-06,-2.770176086691402e-07,5.866099830278356e-07
2.2770315129547306e-06,-1.2786603976395723e-06,-1.58162435469088e-10,6.817034503518392e-06,-5.106775157347424e-07,7.776675007867059e-07
2.2729982080024275e-06,-1.2785839324027524e-06,-1.5816592682841975e-10,6.802204582858749e-06,-5.073492232495088e-07,7.764443441157402e-07
1.4674409176452039e-06,-8.26866406786238e-07,-1.5816957855029538e-10,6.91834778723019e-06,-2.71585257993779e-07,5.864800911616879e-07
2.281306113927709e-06,-1.2876666349971948e-06,-1.581746327379697e-10,6.769470413804381e-06,-5.057479615436705e-07,7.778462037294613e-07
2.277289362145559e-06,-1.2876084406027663e-06,-1.581780875165197e-10,6.754420525433334e-06,-5.028245600548055e-07,7.766194705050396e-07
1.471345435453704e-06,-8.333482144804248e-07,-1.5818134468422673e-10,6.871089769788814e-06,-2.673419410761869e-07,5.863213498708806e-07
2.2856372336107256e-06,-1.2967789706034214e-06,-1.581863640071119e-10,6.72123935720468e-06,-5.02014442105594e-07,7.780209974704696e-07
2.2816356861123284e-06,-1.2967380795590883e-06,-1.5818958508840928e-10,6.7059785176870815e-06,-4.994760774466503e-07,7.767907659128137e-07
1.4752129537601512e-06,-8.398630648221965e-07,-1.5819247735268184e-10,6.8232034029718555e-06,-2.642287568380127e-07,5.86134523927197e-07
2.2900226877608684e-06,-1.3059959478386559e-06,-1.581973341895181e-10,6.672367822308259e-06,-4.994184111763112e-07,7.781925984086308e-07
2.2860350046575823e-06,-1.3059713871412492e-06,-1.582003191307411e-10,6.6569048935548816e-06,-4.972457075967715e-07,7.769589322223681e-07
1.4790417295035463e-06,-8.464092467909366e-07,-1.582030990802458e-10,6.77471493811327e-06,-2.621882383939681e-07,5.859203344154496e-07
2.2944603103414733e-06,-1.3153160982066789e-06,-1.582077416268307e-10,6.6228818359623124e-06,-4.979027523540106e-07,7.783616799507099e-07
2.2904851604859893e-06,-1.3153068889967957e-06,-1.5821015914636458e-10,6.607225529892788e-06,-4.960768101253701e-07,7.771246295460993e-07
1.4828300403534323e-06,-8.529850318063029e-07,-1.5821295831730083e-10,6.725650174242135e-06,-2.6116434256715433e-07,5.856794601212547e-07
2.2989479551293997e-06,-1.3247379417950098e-06,-1.582172080756615e-10,6.572806974596531e-06,-4.974117705930049e-07,7.785288754811437e-07
2.2949840176249244e-06,-1.3247431000125982e-06,-1.5821970312428915e-10,6.556965855359799e-06,-4.959141613458301e-07,7.772884785569216e-07
1.4865761841052647e-06,-8.595886734257235e-07,-1.5822179914880887e-10,6.676034468296709e-06,-2.611024409170701e-07,5.854125403343476e-07
2.3034834968108328e-06,-1.3342599873927557e-06,-1.5822601266655569e-10,6.522168373993073e-06,-4.978911808378152e-07,7.786947805824492e-07
2.299529461491158e-06,-1.3342785238329243e-06,-1.582281395387732e-10,6.506150861187025e-06,-4.967039464168322e-07,7.774510626254148e-07
1.490278478179264e-06,-8.662184071013217e-07,-1.5823038748603166e-10,6.6258927437841645e-06,-2.6194930720102597e-07,5.851201773188294e-07
2.308064833238482e-06,-1.3438807333951862e-06,-1.5823437688836693e-10,6.47099073672505e-06,-4.992880990997536e-07,7.788599549225686e-07
2.304119399580684e-06,-1.3439116529664244e-06,-1.5823651828969975e-10,6.454805108061067e-06,-4.983937448192339e-07,7.776129308173898e-07
1.493935262461071e-06,-8.728724519577016e-07,-1.5823832731882e-10,6.575249498774198e-06,-2.6365310788174346e-07,5.848029378397201e-07
2.3126898854081775e-06,-1.3535986674080092e-06,-1.5824230802842133e-10,6.419298340927298e-06,-5.015510285860723e-07,7.790249249193702e-07
2.3087517648083407e-06,-1.3536409702860079e-06,-1.582438695833351e-10,6.402952735893983e-06,-5.009325217032834e-07,7.777745986710098e-07
1.4975448981912747e-06,-8.795490102398953e-07,-1.5824577824254849e-10,6.524128814669794e-06,-2.661633880413925e-07,5.844613547727851e-07
2.3173565996614716e-06,-1.363412267207362e-06,-1.582496887050404e-10,6.367115049067137e-06,-5.046298492916185e-07,7.791901854892177e-07
2.3134245140602e-06,-1.3634649478549056e-06,-1.5825128504910264e-10,6.350617469152365e-06,-5.042706127479319e-07,7.77936551138855e-07
1.5011057685283326e-06,-8.862462678120706e-07,-1.5825290279089158e-10,6.4725543625354924e-06,-2.694310586834187e-07,5.840959299356039e-07
2.322062947825593e-06,-1.3733200004932095e-06,-1.5825635728439045e-10,6.3144643134954845e-06,-5.084758032051118e-07,7.793562017677851e-07
2.3181356314332595e-06,-1.3733820486224347e-06,-1.5825778425026682e-10,6.297822627848536e-06,-5.08359712642286e-07,7.78099244114442e-07
1.5046162791576847e-06,-8.929623946690597e-07,-1.5825907350878288e-10,6.420549411202024e-06,-2.734083845478434e-07,5.837071348092176e-07
2.326806929384206e-06,-1.3833203259551858e-06,-1.5826258587800964e-10,6.261369185439665e-06,-5.130414815068794e-07,7.79523410997405e-07
2.3228831281840743e-06,-1.3833907261009077e-06,-1.582637570612294e-10,6.244591129983053e-06,-5.131528601530907e-07,7.782631063473354e-07
1.5080748592023204e-06,-8.996955457124004e-07,-1.582648585282985e-10,6.368136833816615e-06,-2.7804896754811983e-07,5.832954128418397e-07
2.331586570701833e-06,-1.393411692569854e-06,-1.5826818611931508e-10,6.207852320110443e-06,-5.182808110380148e-07,7.79692224636468e-07
2.3276650430104453e-06,-1.393489424346177e-06,-1.5826931613164205e-10,6.190945501092619e-06,-5.186044235114235e-07,7.784285407753863e-07
1.5114799606241443e-06,-9.064438605561611e-07,-1.5827066301691668e-10,6.315339113172077e-06,-2.8330773272681196e-07,5.828611803647951e-07
2.3363999282712563e-06,-1.4035925413725898e-06,-1.5827377515457478e-10,6.153935982697213e-06,-5.241490372376332e-07,7.798630292198126e-07
2.3324794448429e-06,-1.4036765794675711e-06,-1.5827511968941244e-10,6.136907879135065e-06,-5.246700861740816e-07,7.785959261345269e-07
1.5148300598605994e-06,-9.132054648103411e-07,-1.5827605424905594e-10,6.262178348257102e-06,-2.891409144333224e-07,5.824048282578554e-07
2.341245087648666e-06,-1.4138613047041982e-06,-1.5827911913059541e-10,6.099642055251398e-06,-5.306027109104011e-07,7.800361879962845e-07
2.337324432206914e-06,-1.4139506191459324e-06,-1.582801123111618e-10,6.082500019596382e-06,-5.313068314678109e-07,7.78765618762863e-07
1.5181236574029739e-06,-9.199784700554023e-07,-1.5828118309277028e-10,6.208676260251486e-06,-2.955060382411255e-07,5.819267237811085e-07
2.3461201654076105e-06,-1.4242164072380296e-06,-1.5828416813883932e-10,6.044992041016314e-06,-5.37599671517676e-07,7.802120428715996e-07
2.342198134461938e-06,-1.424309963237443e-06,-1.582847804106083e-10,6.0277433021520565e-06,-5.384729247632795e-07,7.789379534610675e-07
1.5213592789745455e-06,-9.267609749014286e-07,-1.5828574209084717e-10,6.15485419663394e-06,-3.023619064246688e-07,5.814272111578278e-07
2.3510233093310266e-06,-1.4346562660864727e-06,-1.582882944792599e-10,5.990007071532596e-06,-5.450990310653962e-07,7.803909150744545e-07
2.347098712822582e-06,-1.4347530244339954e-06,-1.5828884503483415e-10,5.972658735218981e-06,-5.461278998262751e-07,7.791132452409635e-07
1.5245354746833613e-06,-9.335510647506091e-07,-1.582893811744496e-10,6.100733137399352e-06,-3.0966858100071075e-07,5.809066133508341e-07
2.3559526994112383e-06,-1.4451792913651602e-06,-1.582922122720984e-10,5.9347079086366024e-06,-5.530611571246002e-07,7.80573106877351e-07
2.352024360442361e-06,-1.4452782082203932e-06,-1.5829266739071307e-10,5.917266959286134e-06,-5.54232539798197e-07,7.792917900193904e-07
1.5276508208639005e-06,-9.403468132789314e-07,-1.5829281644537454e-10,6.046333698278424e-06,-3.1738736579127736e-07,5.803652326731176e-07
2.3609065485619638e-06,-1.4557838866245495e-06,-1.5829567929360303e-10,5.879114951121754e-06,-5.614476562335971e-07,7.807589022349535e-07
2.3569733043852553e-06,-1.4558839141438768e-06,-1.5829609035541215e-10,5.861588254797153e-06,-5.627488605774008e-07,7.794738662002482e-07
1.5307039201918486e-06,-9.471462829062211e-07,-1.5829648234011315e-10,5.991676136177772e-06,-3.2548078978419727e-07,5.79803352397665e-07
2.365883103371442e-06,-1.4664684493716925e-06,-1.5829905714122445e-10,5.82324823929045e-06,-5.702213560927579e-07,7.809485682828687e-07
2.3619438044751544e-06,-1.466568535183467e-06,-1.5829949611534546e-10,5.805642543038522e-06,-5.716400941936063e-07,7.796597358402188e-07
1.5336934010008342e-06,-9.539475247053496e-07,-1.5829961495920077e-10,5.936780353620817e-06,-3.339125895152536e-07,5.792212375901313e-07
2.3708806444192e-06,-1.477231371345763e-06,-1.5830217561998012e-10,5.767127458395756e-06,-5.793462880854466e-07,7.811423566976503e-07
2.366934154847442e-06,-1.477330458752881e-06,-1.5830238357042227e-10,5.7494493930229515e-06,-5.808706696149234e-07,7.798496452593636e-07
1.5366179192535023e-06,-9.607485801202027e-07,-1.5830252835788786e-10,5.881665902078452e-06,-3.426476910686843e-07,5.786191358859964e-07
2.3758974867710253e-06,-1.488071038922732e-06,-1.5830510580157242e-10,5.710771941861056e-06,-5.887876696115913e-07,7.813405034192273e-07
2.3719426852752788e-06,-1.4881680676757895e-06,-1.5830525620771624e-10,5.693028022599602e-06,-5.904061962540898e-07,7.800438259570441e-07
1.539476157090966e-06,-9.675474804329866e-07,-1.583050228985172e-10,5.826351985743807e-06,-3.5165219158503254e-07,5.779972789893727e-07
2.380931980517968e-06,-1.4989858335958704e-06,-1.5830757056701248e-10,5.6542006772752525e-06,-5.985118852138919e-07,7.815432313431749e-07
2.3769677595800116e-06,-1.4990797393380037e-06,-1.5830778656652959e-10,5.636397305226442e-06,-6.002134440330348e-07,7.802424960551929e-07
1.5422668255544827e-06,-9.7434224896527e-07,-1.5830788725932967e-10,5.770857465306998e-06,-3.608933414698206e-07,5.773558830060708e-07
2.3859825115830313e-06,-1.5099741326511182e-06,-1.5830992123339366e-10,5.597432307947084e-06,-6.084864682105668e-07,7.817507496268098e-07
2.3820077783369902e-06,-1.5100638475735838e-06,-1.583101627928104e-10,5.579575770969458e-06,-6.102603264311572e-07,7.804458607146327e-07
1.544988662856742e-06,-9.811309004821058e-07,-1.5831021154782618e-10,5.715200862062965e-06,-3.70339525387925e-07,5.766951494150512e-07
2.3910475024682515e-06,-1.5210343098378005e-06,-1.5831225670042007e-10,5.540485137457037e-06,-6.186800832370967e-07,7.819632551879756e-07
2.38706117742021e-06,-1.5211187619268217e-06,-1.5831228285200038e-10,5.5225816123868265e-06,-6.205158806956027e-07,7.806541128844605e-07
1.5476404354085099e-06,-9.879114423270467e-07,-1.5831221655673966e-10,5.659400360575998e-06,-3.7996024356324843e-07,5.760152662064054e-07
2.3961254108090116e-06,-1.5321647346949659e-06,-1.5831459316839405e-10,5.48337713265495e-06,-6.290625054850506e-07,7.821809335654521e-07
2.3921264295699265e-06,-1.532242848963347e-06,-1.5831459933670513e-10,5.4654326847509665e-06,-6.309502492380811e-07,7.808674343289912e-07
1.5502209388785743e-06,-9.946818756364658e-07,-1.5831444745108814e-10,5.603473810900186e-06,-3.8972609264125253e-07,5.753164081866692e-07
2.401214732123692e-06,-1.5433637745226496e-06,-1.583163721441203e-10,5.426125927656813e-06,-6.396046039307828e-07,7.824039591409843e-07
2.3972020440415934e-06,-1.5434344721990168e-06,-1.5831618780244208e-10,5.4081465125988515e-06,-6.415346610317008e-07,7.810859961550986e-07
2.3933016036634208e-06,-1.543571627514312e-06,-1.5831606934591473e-10,5.390134057571886e-06,-6.435090159229541e-07,7.797943911528811e-07
1.6143771910422603e-06,-1.0429889387929418e-06,-1.5831577041880522e-10,5.517397232863369e-06,-4.206134648488737e-07,5.89211955862968e-07
2.4013228220520067e-06,-1.5540682843205855e-06,-1.5831760058841978e-10,5.350928483876382e-06,-6.519662248785953e-07,7.810744607362446e-07
2.397427428796685e-06,-1.5542089104682136e-06,-1.5831733041310814e-10,5.332884884312681e-06,-6.539761959261078e-07,7.797830831116346e-07
1.6161696072089843e-06,-1.0495297218368086e-06,-1.5831683915468468e-10,5.4613083738890165e-06,-4.3043484961658497e-07,5.883410421848816e-07
2.405504333147128e-06,-1.5647945602125707e-06,-1.5831893228781249e-10,5.293598087755207e-06,-6.625083063933774e-07,7.810807905082185e-07
2.4016118951733432e-06,-1.5649370590057134e-06,-1.5831848298668972e-10,5.2755292281689105e-06,-6.645447840797721e-07,7.797892828975777e-07
1.6179252983416885e-06,-1.0560752319772285e-06,-1.5831826874025904e-10,5.405143409783197e-06,-4.4032158066736977e-07,5.87460737031777e-07
2.409742279788571e-06,-1.575610254017529e-06,-1.5832030880890178e-10,5.236172365269262e-06,-6.731344835817038e-07,7.811044656927922e-07
2.4058507787555107e-06,-1.575753050498527e-06,-1.5831963735437947e-10,5.21808401437826e-06,-6.751887134666386e-07,7.798124812242748e-07
1.6196414045370904e-06,-1.062622623167954e-06,-1.5831937840470025e-10,5.3489191053565914e-06,-4.5024831833440277e-07,5.865707662401463e-07
2.41403255612965e-06,-1.586512385704485e-06,-1.583212168237162e-10,5.178668010840897e-06,-6.838193854209353e-07,7.811449928244713e-07
2.4101400444229964e-06,-1.5866539272181953e-06,-1.583204062751989e-10,5.160565820900696e-06,-6.858829608413898e-07,7.7985219431311e-07
1.621315189087513e-06,-1.0691690874832565e-06,-1.5832008178543e-10,5.292651887801077e-06,-4.6019074108083006e-07,5.856708662216012e-07
2.418371240001081e-06,-1.5974980382392813e-06,-1.5832207935735417e-10,5.121101376277672e-06,-6.945386691699574e-07,7.812019030851534e-07
2.4144758372993383e-06,-1.59763679311184e-06,-1.5832154706883368e-10,5.102990887522289e-06,-6.966035238711297e-07,7.799079629218308e-07
1.62294403194235e-06,-1.075711852751571e-06,-1.583210265696166e-10,5.236357853129019e-06,-4.701255237324626e-07,5.847607841571677e-07
2.42275458516584e-06,-1.6085643549065192e-06,-1.5832270854079413e-10,5.063488475546318e-06,-7.052690004545634e-07,7.812747510828778e-07
2.418854476274942e-06,-1.6086988118566971e-06,-1.583222850968417e-10,5.045375115078054e-06,-7.073274014913846e-07,7.799793506237019e-07
1.6245254264670527e-06,-1.0822481821927835e-06,-1.5832186078418096e-10,5.180052767394519e-06,-4.800303182154132e-07,5.838402770813574e-07
2.427179014382378e-06,-1.6197085369426064e-06,-1.5832366169232152e-10,5.005844987215225e-06,-7.15988030514822e-07,7.813631145187514e-07
2.4232724456556667e-06,-1.6198372035957715e-06,-1.5832307666511287e-10,4.987734071558178e-06,-7.180325712991839e-07,7.80065943307899e-07
1.6260569754474726e-06,-1.0887753735526454e-06,-1.5832255558989277e-10,5.123752071245328e-06,-4.898837333153407e-07,5.829091120487067e-07
2.4316411125714124e-06,-1.6309278413219494e-06,-1.5832426144600366e-10,4.948186259006354e-06,-7.26674377379865e-07,7.814665919109924e-07
2.4277263907498934e-06,-1.6310492442379515e-06,-1.58323836110383e-10,4.930082994883574e-06,-7.286979701935572e-07,7.801673476807014e-07
1.6275363869895938e-06,-1.095290758157768e-06,-1.5832305535610427e-10,5.067470882698401e-06,-4.996653132293305e-07,5.81967064995803e-07
2.436137620242108e-06,-1.6422195784773492e-06,-1.5832478151309842e-10,4.8905273120140845e-06,-7.373076024213671e-07,7.815848023728758e-07
2.432213108331443e-06,-1.6423322612073096e-06,-1.583241724314664e-10,4.8724367983459765e-06,-7.393034716437168e-07,7.802831904328257e-07
1.6289614717520027e-06,-1.1017917007872734e-06,-1.5832354396388827e-10,5.0112240005815925e-06,-5.093555196635478e-07,5.8101392088007e-07
2.4406654277243727e-06,-1.653581110584219e-06,-1.5832559605981752e-10,4.8328828438138365e-06,-7.478681910079113e-07,7.817173843637334e-07
2.4367295441776706e-06,-1.653683633895462e-06,-1.5832470991796337e-10,4.81481007138509e-06,-7.4982986657241e-07,7.80413117378996e-07
1.6303301388048663e-06,-1.1082755985838984e-06,-1.5832417869464105e-10,4.955025907864322e-06,-5.189357094275552e-07,5.800494732911921e-07
2.4452215684132765e-06,-1.6650098490483054e-06,-1.5832607055580755e-10,4.775267231015582e-06,-7.583375323891452e-07,7.818639948562859e-07
2.4412727836804168e-06,-1.66510078937425e-06,-1.5832539195190055e-10,4.757217085139708e-06,-7.602588412971786e-07,7.805567922367009e-07
1.6316403920397607e-06,-1.1147398803234121e-06,-1.5832471887599213e-10,4.898890774433134e-06,-5.283881166429884e-07,5.790735239515237e-07
2.449803213539742e-06,-1.6765032529803306e-06,-1.5832641670037696e-10,4.717694534481894e-06,-7.686978975468291e-07,7.820243084207026e-07
2.445840049204937e-06,-1.6765812025802796e-06,-1.5832590831490228e-10,4.699671795556336e-06,-7.705729588300454e-07,7.807138959878102e-07
1.6328903278304983e-06,-1.1211820064512154e-06,-1.5832523343061484e-10,4.8428324590900995e-06,-5.376958324542278e-07,5.780858828271161e-07
2.454407667557281e-06,-1.6880588279928067e-06,-1.5832683714764268e-10,4.660178501104299e-06,-7.789324198075701e-07,7.821980161143802e-07
2.4504286929720073e-06,-1.6881223933679655e-06,-1.583259055330353e-10,4.64218784605372e-06,-7.807556367216267e-07,7.80884125990397e-07
1.634078132864747e-06,-1.1275994692699285e-06,-1.5832537472969266e-10,4.78686451543699e-06,-5.468427842602964e-07,5.770863671285175e-07
2.459032361719032e-06,-1.6996741237247701e-06,-1.5832699398651612e-10,4.602732568466216e-06,-7.890250752543311e-07,7.823848251488737e-07
2.4550361931665437e-06,-1.699721925781714e-06,-1.583263059165534e-10,4.5847785711865895e-06,-7.907911284718353e-07,7.810671953681129e-07
1.6352020792600574e-06,-1.1339897911756522e-06,-1.5832573695238748e-10,4.731000191764274e-06,-5.558137186590518e-07,5.760748019769202e-07
2.4636748504108684e-06,-1.7113467331782967e-06,-1.5832728347238524e-10,4.545369867285442e-06,-7.989606616946432e-07,7.825844574466045e-07
2.4596601490488235e-06,-1.711377406471811e-06,-1.5832627316933754e-10,4.5274570006424535e-06,-8.006645033585262e-07,7.812628315946535e-07
1.6362605243263305e-06,-1.1403505261067897e-06,-1.5832559642632227e-10,4.675252435380962e-06,-5.645941805403092e-07,5.750510192661802e-07
2.468332805269059e-06,-1.7230742904468537e-06,-1.5832711601428613e-10,4.488103224966872e-06,-8.087247795231399e-07,7.827966496963732e-07
2.464298275023448e-06,-1.7230864824304939e-06,-1.5832606893449596e-10,4.470235861128981e-06,-8.10361625787346e-07,7.814707763827352e-07
2.4603716132694048e-06,-1.723166169714865e-06,-1.5832559885240622e-10,4.452360634407722e-06,-8.120066493677652e-07,7.801714195120477e-07
1.6922059374373135e-06,-1.1871113129677792e-06,-1.5832482531725873e-10,4.590062259236631e-06,-5.918767989686633e-07,5.873587750589665e-07
2.468111303429372e-06,-1.7342586427901299e-06,-1.5832635659418594e-10,4.413304159043583e-06,-8.196301786995758e-07,7.81480904439964e-07
2.4641808565243037e-06,-1.7343299245903902e-06,-1.583253894324854e-10,4.3954763583746805e-06,-8.212071435727755e-07,7.801813413521028e-07
1.692643744224626e-06,-1.1932565239514128e-06,-1.583247126447072e-10,4.534680417468458e-06,-6.000307635968267e-07,5.862121835329356e-07
2.4719795419776162e-06,-1.7455060067207133e-06,-1.5832627562348763e-10,4.3564889997827535e-06,-8.287090934030084e-07,7.815135528162084e-07
2.4680431911626507e-06,-1.745567083518344e-06,-1.583253390202777e-10,4.338712933496529e-06,-8.302135589628466e-07,7.802133332815434e-07
1.6930440793646056e-06,-1.199384558035453e-06,-1.5832470578530718e-10,4.479449464098234e-06,-6.079606235403701e-07,5.850608626863797e-07
2.475898529839315e-06,-1.7568250242306454e-06,-1.583260305246299e-10,4.299802680841141e-06,-8.375858305140424e-07,7.815679244103816e-07
2.4719542452407176e-06,-1.7568741326436345e-06,-1.5832545185175463e-10,4.282082551352665e-06,-8.390136131362576e-07,7.802666139090092e-07
1.6934040895833034e-06,-1.2054923143039764e-06,-1.5832467244035594e-10,4.424381375877669e-06,-6.156547662284657e-07,5.839043198711275e-07
2.4798640388922717e-06,-1.7682122440513546e-06,-1.5832592867145418e-10,4.243257186297499e-06,-8.462486055589621e-07,7.816432634773883e-07
2.475909874965318e-06,-1.7682476549827377e-06,-1.5832501639747543e-10,4.225597091216807e-06,-8.47595770968394e-07,7.803404427828031e-07
1.6937210748101766e-06,-1.2115767603272401e-06,-1.583242240085684e-10,4.36948782624557e-06,-6.231022980914627e-07,5.82742086558789e-07
2.483872062430069e-06,-1.7796643092373237e-06,-1.5832582682168404e-10,4.186864190700455e-06,-8.546863677617441e-07,7.817388534076918e-07
2.4799061540115114e-06,-1.7796843263767998e-06,-1.5832487832429429e-10,4.169268124941976e-06,-8.559492240101732e-07,7.80434117254519e-07
1.6939924804617687e-06,-1.2176349293128484e-06,-1.5832392528902286e-10,4.3147801901018135e-06,-6.302930261589391e-07,5.815737174803475e-07
2.4879188051324313e-06,-1.7911779534314374e-06,-1.5832543043495457e-10,4.130635063509412e-06,-8.628887797894351e-07,7.818540149787182e-07
2.4839393639307827e-06,-1.7911809120163502e-06,-1.5832465756424217e-10,4.113106921068316e-06,-8.640638706775133e-07,7.805469722014963e-07
1.6942158926153576e-06,-1.2236639192537888e-06,-1.5832399183770464e-10,4.260269548026186e-06,-6.372174387418295e-07,5.803987891828743e-07
2.492000673310316e-06,-1.8027499972114191e-06,-1.5832566687699509e-10,4.074580873979515e-06,-8.70846198080388e-07,7.819881044952447e-07
2.488005984560625e-06,-1.8027342628516316e-06,-1.583247961929443e-10,4.057124448042743e-06,-8.719302969334574e-07,7.806783764186043e-07
1.6943890322084324e-06,-1.229660891281402e-06,-1.5832399185839077e-10,4.205966687277584e-06,-6.438666883905014e-07,5.792169002515889e-07
2.496114266607408e-06,-1.8143773453052008e-06,-1.583257325860277e-10,4.01871239471437e-06,-8.785496544284524e-07,7.821405114579385e-07
2.492102685179998e-06,-1.8143413123668132e-06,-1.583248113456251e-10,4.001331380547207e-06,-8.795397568800932e-07,7.808277317023159e-07
1.694509750248626e-06,-1.2356230686750098e-06,-1.5832371249824973e-10,4.15188210790024e-06,-6.502325724727936e-07,5.780276693392165e-07
2.5002563675830405e-06,-1.8260569821351788e-06,-1.5832540616035024e-10,3.9630401056628415e-06,-8.859908355271139e-07,7.823106574253879e-07
2.496226314937297e-06,-1.8259990726694669e-06,-1.5832436201537726e-10,3.945738100830962e-06,-8.868841536766011e-07,7.809944713241611e-07
1.6945760215828254e-06,-1.2415477347185946e-06,-1.5832339419250624e-10,4.098026026387459e-06,-6.563075159933172e-07,5.768307349439552e-07
2.504423934738648e-06,-1.8377859697363383e-06,-1.5832481563415165e-10,3.907574199781189e-06,-8.931620645120429e-07,7.824979942099953e-07
2.5003738963387996e-06,-1.8377046327003286e-06,-1.5832399991608468e-10,3.890354706371104e-06,-8.939560203323971e-07,7.811780578102845e-07
1.6945859427100526e-06,-1.2474322334613838e-06,-1.583231923423657e-10,4.044408377346952e-06,-6.620845531637565e-07,5.756257542159913e-07
2.5086140938362957e-06,-1.8495614442647272e-06,-1.5832489372679772e-10,3.852324584254308e-06,-9.000562827326258e-07,7.827020016575418e-07
2.504542615707528e-06,-1.8494551540668317e-06,-1.583236663111212e-10,3.835191009983586e-06,-9.00748502228069e-07,7.813779817757243e-07
2.5005760954011993e-06,-1.8494170278388918e-06,-1.5832283447521254e-10,3.818062128232712e-06,-9.014371592437023e-07,7.800804409498583e-07
1.7444009632035225e-06,-1.2921692768161838e-06,-1.5832227205529705e-10,3.962637877829986e-06,-6.838310410325814e-07,5.867436152230685e-07
2.5079868325073054e-06,-1.8606966428105573e-06,-1.5832371512532195e-10,3.780421346821174e-06,-9.070431493649866e-07,7.814039729422243e-07
2.504012883612274e-06,-1.8606428508501477e-06,-1.5832266075001543e-10,3.7633792471934323e-06,-9.076316137336667e-07,7.801059088276214e-07
1.7439081210562596e-06,-1.297851787819065e-06,-1.5832190747329892e-10,3.909646615500495e-06,-6.887867000090452e-07,5.854465718033556e-07
2.5114866376826164e-06,-1.8720019990956889e-06,-1.5832328745020093e-10,3.72588238616443e-06,-9.130574549765503e-07,7.814548654155305e-07
2.5075031347346773e-06,-1.8719306287395684e-06,-1.583224870313212e-10,3.7089304134274677e-06,-9.13543587723321e-07,7.801557801005816e-07
1.7433823152575522e-06,-1.3035047499488637e-06,-1.583216166993194e-10,3.856918713154212e-06,-6.934333354116377e-07,5.841476231441408e-07
2.515037474495638e-06,-1.883367359831165e-06,-1.5832307712631347e-10,3.6715835393719616e-06,-9.187857012782402e-07,7.815297114152911e-07
2.51104238912405e-06,-1.8832765439585675e-06,-1.5832192250852157e-10,3.6547249408158695e-06,-9.19167559528165e-07,7.802291256124058e-07
1.7428207425862852e-06,-1.3091250070456215e-06,-1.583213078715014e-10,3.804463207783249e-06,-6.977660716208813e-07,5.828461818722382e-07
2.518635040949048e-06,-1.8947889841161116e-06,-1.5832274230446323e-10,3.6175339294775274e-06,-9.242227432980127e-07,7.816276121775765e-07
2.5146264373086e-06,-1.8946768993578835e-06,-1.5832188807266625e-10,3.6007718546928006e-06,-9.244985733719738e-07,7.80325064779101e-07
1.7422207702354828e-06,-1.3147094937101964e-06,-1.5832090557707594e-10,3.7522888573807203e-06,-7.017805721970247e-07,5.815416918118786e-07
2.5222752764674627e-06,-1.9062632474984758e-06,-1.5832227887387239e-10,3.5637423940766236e-06,-9.29363990127412e-07,7.817477155124084e-07
2.5182513058125028e-06,-1.9061281117296673e-06,-1.5832156895978692e-10,3.5470798983958456e-06,-9.295322211305804e-07,7.804427625914283e-07
1.7415799279823603e-06,-1.3202552325505419e-06,-1.5832061032727619e-10,3.700404147269015e-06,-7.054730205899218e-07,5.802336272908287e-07
2.5259543494129336e-06,-1.917786636628749e-06,-1.5832222834011218e-10,3.5102174924319006e-06,-9.342053849583832e-07,7.818892139441453e-07
2.521913246956349e-06,-1.9176267080812647e-06,-1.58321532762854e-10,3.4936575372628145e-06,-9.342646241242202e-07,7.805814276165155e-07
1.7408959018643158e-06,-1.3257593324316664e-06,-1.5832045176047696e-10,3.6488172929863726e-06,-7.088401056506258e-07,5.789214916416027e-07
2.529668648282456e-06,-1.929355746474815e-06,-1.58322232849914e-10,3.4569675083597455e-06,-9.387433907267073e-07,7.820513414640998e-07
2.5256087278778218e-06,-1.929169321151121e-06,-1.5832132267388538e-10,3.440512964071827e-06,-9.386924154996926e-07,7.807403091112883e-07
1.740166527538777e-06,-1.3312189863746934e-06,-1.5832033354053842e-10,3.5975362436175537e-06,-7.118790046935496e-07,5.77604816202273e-07
2.533414767956813e-06,-1.9409672736208102e-06,-1.5832193845497193e-10,3.4040004560034333e-06,-9.429749702667726e-07,7.822333723093035e-07
2.529334419828034e-06,-1.9407526849487464e-06,-1.5832101764687027e-10,3.3876541021499383e-06,-9.42812724340295e-07,7.809186959400211e-07
1.7393897854990904e-06,-1.3366314707674572e-06,-1.5831972640522675e-10,3.5465686867898377e-06,-7.145873679741681e-07,5.762831587899202e-07
2.537189502072231e-06,-1.952618013993132e-06,-1.5832151429031058e-10,3.351324083829928e-06,-9.468975706227413e-07,7.824346175763386e-07
2.5330871882408437e-06,-1.952373630659788e-06,-1.583203307627818e-10,3.335088612256515e-06,-9.466231565699981e-07,7.811159129106067e-07
1.7385637923152001e-06,-1.3419941414037917e-06,-1.5831965023951808e-10,3.495922052891878e-06,-7.169633023409808e-07,5.749561033953336e-07
2.540989832109184e-06,-1.9643048579416615e-06,-1.5832100961856218e-10,3.298945881069179e-06,-9.505091051392691e-07,7.82654424555215e-07
2.5368640825591834e-06,-1.964029082216572e-06,-1.583200933203029e-10,3.282823895802883e-06,-9.501217805413654e-07,7.813313202472158e-07
2.532841099064538e-06,-1.9638222766246305e-06,-1.5831903064118153e-10,3.2667148827687184e-06,-9.497270951065753e-07,7.800346769337817e-07
1.7831925875707285e-06,-1.3846333188810146e-06,-1.5831816126280724e-10,3.4186364375982726e-06,-7.329447842676985e-07,5.850758357047886e-07
2.5400008516715536e-06,-1.975201663977049e-06,-1.5831943542819883e-10,3.2310202728404103e-06,-9.53118027665465e-07,7.813924116386551e-07
2.535966816369976e-06,-1.9749720736841684e-06,-1.5831855009024401e-10,3.215024766881504e-06,-9.526136305822601e-07,7.800945430800171e-07
1.7819564608912039e-06,-1.3898023692155828e-06,-1.5831785712643342e-10,3.3687892585339743e-06,-7.344591581161333e-07,5.836794631303784e-07
2.5431911847496875e-06,-1.9864255141509957e-06,-1.583191620996618e-10,3.179524294167367e-06,-9.558095831584716e-07,7.81479001278322e-07
2.539144068945089e-06,-1.986171203251043e-06,-1.583183586395212e-10,3.16364484335527e-06,-9.551948801884462e-07,7.801793974905666e-07
1.7806911853958378e-06,-1.3949310811264611e-06,-1.5831776978018822e-10,3.3192802519405557e-06,-7.356448693604683e-07,5.822828846151597e-07
2.546430700684731e-06,-1.997696667845412e-06,-1.5831894320384123e-10,3.1283430010381014e-06,-9.581952844323917e-07,7.815900835748408e-07
2.54236857370767e-06,-1.997415752012624e-06,-1.5831801905698603e-10,3.1125820632942875e-06,-9.574698286636706e-07,7.802882547523716e-07
1.7793941965103079e-06,-1.4000164330952975e-06,-1.5831710286955107e-10,3.270116035190114e-06,-7.365015185436831e-07,5.808854952758556e-07
2.5497152739457345e-06,-2.0090112952660405e-06,-1.5831858112569129e-10,3.0774831721393015e-06,-9.602743955300225e-07,7.817247045899987e-07
2.545636297711913e-06,-2.0087019392148815e-06,-1.5831770950934659e-10,3.0618431174556128e-06,-9.594378812085871e-07,7.804201799675646e-07
1.7780631040952478e-06,-1.4050555098880323e-06,-1.5831665600857454e-10,3.221302975521558e-06,-7.370291009207013e-07,5.794867264225866e-07
2.5530410202621818e-06,-2.0203656949322885e-06,-1.5831819195627114e-10,3.0269513309174636e-06,-9.620465905756977e-07,7.818819601236274e-07
2.548943444934751e-06,-2.020026110652897e-06,-1.5831740507033765e-10,3.011434443354509e-06,-9.610988478040741e-07,7.805742869771268e-07
1.7766956853732243e-06,-1.410045500291581e-06,-1.5831654060737801e-10,3.172847193149231e-06,-7.372279916091705e-07,5.780860431719014e-07
2.5564042853711063e-06,-2.0317562890520857e-06,-1.5831769892302766e-10,2.9767537483544434e-06,-9.63511937406446e-07,7.820609921331498e-07
2.5522864445047025e-06,-2.0313847335496754e-06,-1.5831677748144501e-10,2.9613622273738664e-06,-9.624529271615852e-07,7.807497349469698e-07
1.775289878185992e-06,-1.4149836949723686e-06,-1.5831581845017054e-10,3.1247545651486877e-06,-7.370989324957712e-07,5.766829434475873e-07
2.559801632536079e-06,-2.0431796177118688e-06,-1.5831746833246262e-10,2.9268964499618606e-06,-9.646708833125738e-07,7.82260986457638e-07
2.5556619393164926e-06,-2.04277439152992e-06,-1.583167081443493e-10,2.9116324128688276e-06,-9.635006917073844e-07,7.809457260642346e-07
1.7738437736390293e-06,-1.4198674837129951e-06,-1.5831575096962232e-10,3.0770307312298556e-06,-7.366430170053444e-07,5.752769563708553e-07
2.5632298321687523e-06,-2.054632334498456e-06,-1.583172503851305e-10,2.877385219999939e-06,-9.6552423922393e-07,7.824811709582012e-07
2.5590667753999123e-06,-2.0541917799775384e-06,-1.5831615499930123e-10,2.8622507029423383e-06,-9.642430729623107e-07,7.811615035389048e-07
2.555004723383999e-06,-2.0538207919831235e-06,-1.5831539059210125e-10,2.8471339495079403e-06,-9.629549198012514e-07,7.798682282902042e-07
1.814139357040268e-06,-1.4603320660491579e-06,-1.5831462627939867e-10,3.0041542428000474e-06,-7.478399734113345e-07,5.845341819633296e-07
2.5619049017088136e-06,-2.065155610776098e-06,-1.5831594837717044e-10,2.8133644548151752e-06,-9.645116266298354e-07,7.812400714985911e-07
2.557830447296957e-06,-2.0647572083449647e-06,-1.5831524727069272e-10,2.798376711275211e-06,-9.631165354011608e-07,7.799452217042332e-07
1.812358955134592e-06,-1.4650335626466725e-06,-1.5831439434087093e-10,2.9573276626042867e-06,-7.46562010196082e-07,5.830765944040178e-07
2.5647975511852144e-06,-2.0761618982697086e-06,-1.5831570409928587e-10,2.7648304149950136e-06,-9.644862639691631e-07,7.813446700920001e-07
2.5607087184761786e-06,-2.075734131540242e-06,-1.583151093387416e-10,2.7499736642064517e-06,-9.62984534621972e-07,7.800477249443134e-07
1.8105554830177649e-06,-1.4696890228346333e-06,-1.583144397352884e-10,2.910881779418828e-06,-7.449693915637675e-07,5.816205198226685e-07
2.5677403996106617e-06,-2.087206576641403e-06,-1.5831570465519676e-10,2.716653956514943e-06,-9.641684440868949e-07,7.814742385244903e-07
2.5636353116205285e-06,-2.0867475523888626e-06,-1.583147424583813e-10,2.7019300990672637e-06,-9.625604902986892e-07,7.801746986153586e-07
1.8087265321255468e-06,-1.4742955683461206e-06,-1.583137117065551e-10,2.8648214907693265e-06,-7.430643014006153e-07,5.801653467605841e-07
2.570729379790271e-06,-2.0982857260951315e-06,-1.5831515050891525e-10,2.668840214265309e-06,-9.63559952939125e-07,7.816277695141818e-07
2.566606253577044e-06,-2.097793605564695e-06,-1.5831438577508577e-10,2.654251068813567e-06,-9.618462973557305e-07,7.803251557803407e-07
1.8068698732122231e-06,-1.478850440904698e-06,-1.5831349021950003e-10,2.819151463477157e-06,-7.408492208688418e-07,5.787105032276011e-07
2.573760667483203e-06,-2.1093955660171125e-06,-1.5831497704204765e-10,2.6213940878802835e-06,-9.62662888780586e-07,7.818043078764415e-07
2.5696178088781544e-06,-2.1088685623323697e-06,-1.5831415482089492e-10,2.606941395363957e-06,-9.608441575552506e-07,7.804981601006794e-07
1.8049834480768972e-06,-1.483350998875458e-06,-1.5831347433194455e-10,2.7738761407648425e-06,-7.383269156252241e-07,5.772554533436756e-07
2.5768306689668135e-06,-2.120532449200404e-06,-1.5831497486326744e-10,2.5743202505086272e-06,-9.61479647780333e-07,7.820029467768914e-07
2.5726664687918393e-06,-2.1199688259015682e-06,-1.5831412688508577e-10,2.5600056742626354e-06,-9.595565668475417e-07,7.806928229496795e-07
1.803065362832363e-06,-1.487794715018832e-06,-1.5831329698001959e-10,2.72899974558672e-06,-7.355004234629338e-07,5.757996976442014e-07
2.57993600902041e-06,-2.1316928561748744e-06,-1.5831475228582983e-10,2.527623151367193e-06,-9.60012911386028e-07,7.822228249003571e-07
2.5757489382249677e-06,-2.1310909247858546e-06,-1.5831385793021443e-10,2.5134482795643885e-06,-9.579863006744674e-07,7.809083003594294e-07
2.571661296402329e-06,-2.1305590220858872e-06,-1.583131881181829e-10,2.4992941683221033e-06,-9.559548633567746e-07,7.796200649987035e-07
1.8396073822297768e-06,-1.5261066640806332e-06,-1.583122379793259e-10,2.6604146996915343e-06,-7.426634632341209e-07,5.84292657274636e-07
2.5783291693459242e-06,-2.141788787698516e-06,-1.5831365092011176e-10,2.4674043661626136e-06,-9.559836987706793e-07,7.810016559506642e-07
2.574228377849608e-06,-2.141225829453009e-06,-1.5831283395679622e-10,2.4533890741886927e-06,-9.538532130470591e-07,7.797115501843913e-07
1.8374181869164387e-06,-1.53037941725184e-06,-1.5831202920475225e-10,2.61649504366288e-06,-7.390869624882566e-07,5.827995904758136e-07
2.5809647918641763e-06,-2.152521367397326e-06,-1.5831335987042699e-10,2.421740812547226e-06,-9.537124263295384e-07,7.811211664189829e-07
2.576848934822676e-06,-2.1519254143890843e-06,-1.5831264829455046e-10,2.4078658776102085e-06,-9.514837653017098e-07,7.798286674417408e-07
1.8352121539098599e-06,-1.5346027479634633e-06,-1.583119831829183e-10,2.572982091175513e-06,-7.352237115759139e-07,5.813095664482249e-07
2.5836515546531286e-06,-2.1632845458693953e-06,-1.5831340683868324e-10,2.3764616895706222e-06,-9.511756076673167e-07,7.812657352778789e-07
2.5795188149512962e-06,-2.1626537195938374e-06,-1.583126950408977e-10,2.362728572944722e-06,-9.488497328661955e-07,7.799703416560436e-07
1.8329870363084319e-06,-1.5387739555729166e-06,-1.5831197758600524e-10,2.5298793856161222e-06,-7.310775347586194e-07,5.798219843655426e-07
2.5863854616906232e-06,-2.1740743590524948e-06,-1.5831348148974555e-10,2.331570849815451e-06,-9.483766183019546e-07,7.814343214409766e-07
2.582234116432572e-06,-2.173406839736734e-06,-1.5831262457919707e-10,2.317980938723044e-06,-9.459545750177788e-07,7.801355529739509e-07
1.8307407683144023e-06,-1.542890469816988e-06,-1.5831194709461143e-10,2.4871902615385196e-06,-7.266524800077418e-07,5.783362837581331e-07
2.589162757734495e-06,-2.1848869894761364e-06,-1.583132823111303e-10,2.2870719333677675e-06,-9.453190705895613e-07,7.816259363077106e-07
2.584991172849519e-06,-2.1841810132765633e-06,-1.5831267968103977e-10,2.2736265425337024e-06,-9.428019838403983e-07,7.803233322238162e-07
1.8284714558239677e-06,-1.5469498462978186e-06,-1.5831209477910764e-10,2.444917847439191e-06,-7.219528063548903e-07,5.768519435416221e-07
2.5919799163704934e-06,-2.1957187606259026e-06,-1.5831375482854913e-10,2.2429683722579194e-06,-9.420068024972912e-07,7.818396405436934e-07
2.5877865424679215e-06,-2.1949726177814703e-06,-1.583130000688311e-10,2.229668745574852e-06,-9.393958728379499e-07,7.805327591115991e-07
1.8261773695271575e-06,-1.5509497639194408e-06,-1.5831214020257618e-10,2.4030650733068146e-06,-7.169829739068537e-07,5.753684798797217e-07
2.5948336267543946e-06,-2.206566129948174e-06,-1.583137524791914e-10,2.1992633966777924e-06,-9.384438648566077e-07,7.820745419990606e-07
2.590616994064382e-06,-2.2057781620747116e-06,-1.5831296785543427e-10,2.186110709204584e-06,-9.357403639238705e-07,7.807629595563398e-07
2.5864985035140235e-06,-2.2050608568161516e-06,-1.583120228004029e-10,2.1729807016468595e-06,-9.330354998024169e-07,7.794776077134339e-07
1.8593242359300325e-06,-1.5871272028889952e-06,-1.5831155361079586e-10,2.3389853287400083e-06,-7.204993771902904e-07,5.831677207413919e-07
2.5930029578666354e-06,-2.216186993435104e-06,-1.5831299073171588e-10,2.1430755415317973e-06,-9.31703028697672e-07,7.808845014945273e-07
2.588869857350745e-06,-2.215434523814625e-06,-1.5831221018507167e-10,2.13009126027083e-06,-9.289103273354747e-07,7.795967156064774e-07
1.856812616496838e-06,-1.5909649516867577e-06,-1.5831138518874903e-10,2.298128074522621e-06,-7.148743574827973e-07,5.816586216879627e-07
2.5954426113323747e-06,-2.226621091768151e-06,-1.5831254626696655e-10,2.1004403226391497e-06,-9.274319389154103e-07,7.810314031959355e-07
2.5912931061263526e-06,-2.2258315835728177e-06,-1.5831195455786516e-10,2.087602897880627e-06,-9.245526886028406e-07,7.797406760841989e-07
1.8542892410927588e-06,-1.5947500628887026e-06,-1.5831127803814054e-10,2.2576945289111928e-06,-7.090002252418408e-07,5.801536572342715e-07
2.5979319304690065e-06,-2.237076412303519e-06,-1.5831262658587168e-10,2.0582079447662494e-06,-9.229314054371899e-07,7.812025776122724e-07
2.5937643217143305e-06,-2.2362480547055186e-06,-1.5831190207149507e-10,2.0455184366608302e-06,-9.199669608697668e-07,7.79908423997467e-07
1.8517521308392612e-06,-1.5984801154604638e-06,-1.5831116551924398e-10,2.2176870112716426e-06,-7.028819597979466e-07,5.78652271269799e-07
2.600467134620921e-06,-2.24754906614497e-06,-1.5831265345236858e-10,2.0163811026441293e-06,-9.182059230383374e-07,7.813969921794496e-07
2.5962798132017005e-06,-2.2466801081910935e-06,-1.583120341604639e-10,2.003840504174017e-06,-9.151576998211269e-07,7.800989471270431e-07
1.8491994814040202e-06,-1.6021528232106162e-06,-1.583113063847884e-10,2.178107651232848e-06,-6.96524699444662e-07,5.771539490676692e-07
2.6030446724794894e-06,-2.2580353126870767e-06,-1.5831282562746237e-10,1.9749622996014653e-06,-9.132601566079486e-07,7.816136651538555e-07
2.598836115249789e-06,-2.2571240617152714e-06,-1.5831199707170074e-10,1.9625715379126776e-06,-9.101296287575659e-07,7.803112835468164e-07
1.8466296554310529e-06,-1.6057660314794618e-06,-1.5831141356910044e-10,2.138958395459005e-06,-6.899337298020394e-07,5.756582149254286e-07
2.605661209627293e-06,-2.2685315530979182e-06,-1.5831295190289266e-10,1.933953854336933e-06,-9.080989321560918e-07,7.818516634751888e-07
2.601429974210093e-06,-2.267576371817995e-06,-1.5831211079561738e-10,1.9217137932928126e-06,-9.048876271393946e-07,7.805445189592758e-07
1.8440411744878276e-06,-1.6093177132485216e-06,-1.5831164354058548e-10,2.1002410113133607e-06,-6.831144755871097e-07,5.741646311936097e-07
2.6083136154543616e-06,-2.279034322991301e-06,-1.5831277307292924e-10,1.8933579041388521e-06,-9.027272236299182e-07,7.821100998521324e-07
2.604058337228628e-06,-2.2780336283857287e-06,-1.5831228190824115e-10,1.8812693447641532e-06,-8.994367200394801e-07,7.80797783531389e-07
2.599900294697159e-06,-2.2771044952020636e-06,-1.583117010887815e-10,1.8692044076638346e-06,-8.961492395017987e-07,7.795117122834643e-07
1.8740825434065913e-06,-1.6433509040135947e-06,-1.5831090958081696e-10,2.040804116127827e-06,-6.834402549359748e-07,5.81322755803955e-07
2.6062953512298234e-06,-2.288121197055308e-06,-1.583124765515075e-10,1.8413492910665196e-06,-8.936604642263378e-07,7.809547799652654e-07
2.602120950452435e-06,-2.2871526560175316e-06,-1.5831190812975097e-10,1.8294343714946137e-06,-8.90298598196175e-07,7.796655657368224e-07
1.8713234971407165e-06,-1.6467485722898092e-06,-1.583114681939543e-10,2.003102459519643e-06,-6.760757392687321e-07,5.798134242354208e-07
2.6085829080221344e-06,-2.298223661276925e-06,-1.583127292702939e-10,1.8018411312561646e-06,-8.876917793307769e-07,7.811357369069596e-07
2.6043905105348417e-06,-2.2972139442020876e-06,-1.5831226193580835e-10,1.7900769906023228e-06,-8.842570923080186e-07,7.798429006917558e-07
1.868557385470603e-06,-1.6500911662598394e-06,-1.58311816759809e-10,1.965833481121116e-06,-6.685061655546463e-07,5.783091177707784e-07
2.610917292114351e-06,-2.3083371365362096e-06,-1.5831348368184172e-10,1.762746705303346e-06,-8.815357419613248e-07,7.813396053343095e-07
2.6067053487072775e-06,-2.3072845383825213e-06,-1.5831282027323786e-10,1.7511340425627273e-06,-8.780298436388097e-07,7.800426886097318e-07
1.8657825533169393e-06,-1.653376615171699e-06,-1.5831206447542154e-10,1.9289984071727264e-06,-6.607372468705009e-07,5.768093479688574e-07
2.6132950122829413e-06,-2.318457890510395e-06,-1.5831366498914117e-10,1.724067680427715e-06,-8.751975510174249e-07,7.815653870178688e-07
2.6090620580697827e-06,-2.317360766668939e-06,-1.5831305563612017e-10,1.712607134199388e-06,-8.716220937135556e-07,7.802639517171835e-07
1.86299751089494e-06,-1.6566029852103118e-06,-1.5831235905803935e-10,1.8925982980477081e-06,-6.527747974308349e-07,5.753136664953619e-07
2.615712788627124e-06,-2.328582335773757e-06,-1.58313993068471e-10,1.6858055537628486e-06,-8.68682518412141e-07,7.818121325502756e-07
2.611457438842637e-06,-2.327439099912116e-06,-1.5831330595664522e-10,1.674497704581256e-06,-8.650391929561245e-07,7.805057595360731e-07
2.607298216033554e-06,-2.3263677192159474e-06,-1.5831272029399748e-10,1.6632137898695513e-06,-8.614022760258516e-07,7.792255127821799e-07
1.8904628928297054e-06,-1.6886768247202681e-06,-1.583123571605588e-10,1.8366960667859856e-06,-6.50954250824628e-07,5.819065405205117e-07
2.6135083109070003e-06,-2.337176166270817e-06,-1.5831391407929014e-10,1.6369067663160245e-06,-8.581771276620249e-07,7.806625978243544e-07
2.609333464056886e-06,-2.336064183016978e-06,-1.5831345883283097e-10,1.6257739666989254e-06,-8.544770441015076e-07,7.7937921139454e-07
1.887548718337352e-06,-1.691762615592614e-06,-1.5831281677265508e-10,1.8013137488919112e-06,-6.425349689241711e-07,5.80404079691442e-07
2.615611358417887e-06,-2.346923737742762e-06,-1.5831434618066228e-10,1.5997311025658416e-06,-8.511563158382674e-07,7.808432659990569e-07
2.6114192820987843e-06,-2.345769415080202e-06,-1.5831376608076815e-10,1.5887499572773777e-06,-8.473947284645648e-07,7.795562631910668e-07
1.8846341730355005e-06,-1.6947949592942886e-06,-1.583132294239513e-10,1.7663653199080225e-06,-6.339459538100875e-07,5.789081285858061e-07
2.61776286374532e-06,-2.3566779058418995e-06,-1.583148137598725e-10,1.5629719275791885e-06,-8.439820890145066e-07,7.810466900031672e-07
2.613552041257245e-06,-2.355479572458184e-06,-1.5831435297005954e-10,1.5521429173446817e-06,-8.401606947909097e-07,7.797556157918682e-07
1.8817176851740536e-06,-1.697771945984561e-06,-1.5831381203866033e-10,1.731851335389118e-06,-6.251931756312901e-07,5.774182143341418e-07
2.6199593296413565e-06,-2.36643491714703e-06,-1.5831523534857215e-10,1.5266302939561755e-06,-8.366598663133729e-07,7.812718480156787e-07
2.6157283292900626e-06,-2.365190965507231e-06,-1.5831467813416352e-10,1.5159538437677944e-06,-8.327803927897562e-07,7.799762676652808e-07
1.878797846732181e-06,-1.7006918061981909e-06,-1.5831405857561537e-10,1.697772197346229e-06,-6.162826719306068e-07,5.759339051730488e-07
2.6221974695804464e-06,-2.3761911686879245e-06,-1.5831553337054644e-10,1.4907070988657845e-06,-8.291951452460377e-07,7.815177673707262e-07
2.6179449393416686e-06,-2.3749000518023373e-06,-1.5831500782115036e-10,1.4801835778715222e-06,-8.252593479671839e-07,7.802172658519228e-07
1.8758734040894407e-06,-1.7035529052571273e-06,-1.583144906714537e-10,1.6641281568001301e-06,-6.072205385305467e-07,5.744548083912815e-07
2.6244741953115706e-06,-2.3859432006205256e-06,-1.5831593275712377e-10,1.4552030860442662e-06,-8.215934940031093e-07,7.817835216710216e-07
2.620198859414063e-06,-2.3846034304007503e-06,-1.5831537153577328e-10,1.4448328116557615e-06,-8.176031529941651e-07,7.804777021899417e-07
2.616018881598283e-06,-2.383336280536669e-06,-1.5831467139481934e-10,1.434486241811241e-06,-8.136235543985579e-07,7.791979979333904e-07
1.9008276072402109e-06,-1.7335969712058143e-06,-1.5831418888606296e-10,1.612344991039493e-06,-6.033204638166698e-07,5.805039269841031e-07
2.622152242814574e-06,-2.393991967818434e-06,-1.5831578772172352e-10,1.409991560660291e-06,-8.097207942382469e-07,7.806636499928784e-07
2.617955433081643e-06,-2.392681157611024e-06,-1.5831520683492624e-10,1.3997965189115572e-06,-8.056911961372823e-07,7.793802239738545e-07
1.89780983456972e-06,-1.7363268630987544e-06,-1.5831467491498895e-10,1.579713476279003e-06,-5.939061626294497e-07,5.790253729474732e-07
2.6241544052126564e-06,-2.4033819899024098e-06,-1.583161721601187e-10,1.3755666348903526e-06,-8.017194023031861e-07,7.808717970173429e-07
2.6199393058984875e-06,-2.4020259072650088e-06,-1.583156180584332e-10,1.3655234002352309e-06,-7.976415380372694e-07,7.79584205174386e-07
1.8947961952504508e-06,-1.739003327216145e-06,-1.5831503194253393e-10,1.5475138320447574e-06,-5.843641856672543e-07,5.775541673348876e-07
2.6262019091442836e-06,-2.4127697806694348e-06,-1.5831677384719055e-10,1.3415585270605489e-06,-7.93604463351728e-07,7.81101116946423e-07
2.6219671451390246e-06,-2.41136687813328e-06,-1.583160652031782e-10,1.3316673260943833e-06,-7.894800871715602e-07,7.798089358959985e-07
1.8917854002886962e-06,-1.7416247918762054e-06,-1.5831586782252307e-10,1.5157458606053807e-06,-5.747006358545998e-07,5.760899069440686e-07
2.628291521155667e-06,-2.422151775454161e-06,-1.583175517699163e-10,1.307967584890453e-06,-7.853815112999446e-07,7.813506327016193e-07
2.624035795996011e-06,-2.420700568065468e-06,-1.583172971892559e-10,1.2982285922501933e-06,-7.812123950427949e-07,7.800534584891194e-07
1.8887763110936208e-06,-1.7441898212673028e-06,-1.583167743747256e-10,1.4844092263398702e-06,-5.649216441455797e-07,5.746322274861027e-07
2.6304201991457684e-06,-2.4315245530656886e-06,-1.583184135498593e-10,1.2747940166557178e-06,-7.770561201844605e-07,7.816194128623811e-07
2.626142290649071e-06,-2.430023615786416e-06,-1.583178950220496e-10,1.2652073589056972e-06,-7.728440504986133e-07,7.803168602127239e-07
2.621958914948239e-06,-2.4285957908063107e-06,-1.5831744807333835e-10,1.2556439153150544e-06,-7.686463501897628e-07,7.790403577930699e-07
1.9115481985117874e-06,-1.7723525957104665e-06,-1.5831708264492427e-10,1.4361259686422565e-06,-5.595171291118728e-07,5.801910924412671e-07
2.627987714006498e-06,-2.4390579596798733e-06,-1.5831827420427652e-10,1.2326838386868572e-06,-7.642950549837442e-07,7.805153899354674e-07
2.6237873852235473e-06,-2.437584881445786e-06,-1.5831789407940475e-10,1.2232709534113992e-06,-7.600587168314901e-07,7.792349140151749e-07
1.9084777352764286e-06,-1.7747979668671531e-06,-1.5831733551168663e-10,1.4057890507521312e-06,-5.494750139320621e-07,5.787406354775166e-07
2.6298805135245518e-06,-2.4480876141916777e-06,-1.5831871472580616e-10,1.200574041105574e-06,-7.556608794618782e-07,7.807350588453697e-07
2.6256618653653644e-06,-2.446567760836752e-06,-1.5831847925179296e-10,1.1913118030729976e-06,-7.513876325426095e-07,7.794501867071964e-07
1.9054165173789842e-06,-1.7771917424914938e-06,-1.5831810056292581e-10,1.3758787501480775e-06,-5.393409019518922e-07,5.772985893506826e-07
2.6318173934923513e-06,-2.457108974775185e-06,-1.5831950498584368e-10,1.168877937737781e-06,-7.46946951021413e-07,7.809748614980716e-07
2.6275791391124867e-06,-2.4555408895265377e-06,-1.5831916748860222e-10,1.1597663869149924e-06,-7.426385357634906e-07,7.796851905198362e-07
1.9023634211952379e-06,-1.7795325888948424e-06,-1.583189521289438e-10,1.3463943209817055e-06,-5.291208268387097e-07,5.758645942686768e-07
2.633795251255293e-06,-2.466118586003012e-06,-1.5832048602906768e-10,1.13759536915319e-06,-7.381587161691072e-07,7.812338396892251e-07
2.62953617869658e-06,-2.464500874317381e-06,-1.5832013429352904e-10,1.1286344993218617e-06,-7.338168815113894e-07,7.799389864001172e-07
1.899317466151459e-06,-1.781819306333337e-06,-1.5831955172401703e-10,1.3173348911723406e-06,-5.188208243726716e-07,5.744383279649888e-07
2.6358111654752774e-06,-2.4751131341326807e-06,-1.5832130991376404e-10,1.106726049356179e-06,-7.293016340473185e-07,7.815110794568969e-07
2.63153013441621e-06,-2.473444462000705e-06,-1.5832079768110105e-10,1.0979158074466135e-06,-7.249281352568812e-07,7.80210678732571e-07
2.627342922590838e-06,-2.471849477334066e-06,-1.5832053696151844e-10,1.0891279859989314e-06,-7.205725936439114e-07,7.789362850039285e-07
1.9200634638473774e-06,-1.808134270414034e-06,-1.5832029479524167e-10,1.2725045920975187e-06,-5.12198993195541e-07,5.795359318486998e-07
2.633299593529226e-06,-2.4821246556456963e-06,-1.583217350612158e-10,1.0676808189233062e-06,-7.159027854936497e-07,7.804264732874887e-07
2.6290949739479457e-06,-2.4804827013293286e-06,-1.5832124913308878e-10,1.0590418066334593e-06,-7.115196242971249e-07,7.791477608957143e-07
1.9169844214040023e-06,-1.8103123341393646e-06,-1.5832089717143165e-10,1.2444264655132199e-06,-5.017223534877879e-07,5.781227177069631e-07
2.635113786410968e-06,-2.490793284328104e-06,-1.5832244101167122e-10,1.0378547246736927e-06,-7.068249636286246e-07,7.806619786261895e-07
2.6308905058315236e-06,-2.4891029529085476e-06,-1.5832202614706656e-10,1.0293644326117212e-06,-7.024158704823055e-07,7.793785534979473e-07
1.913919060641766e-06,-1.812440731744547e-06,-1.5832168058034556e-10,1.2167672855750957e-06,-4.911883285585721e-07,5.767188096466257e-07
2.636969613053336e-06,-2.499446911887147e-06,-1.58323020552954e-10,1.0084370181007099e-06,-6.976999244295941e-07,7.809162281901342e-07
2.6327264937246397e-06,-2.4977068607533474e-06,-1.583227311947572e-10,1.000095312816756e-06,-6.932665900237682e-07,7.796277152369293e-07
1.910866450374556e-06,-1.814518393500136e-06,-1.5832253333123513e-10,1.1895258071675725e-06,-4.806027639096927e-07,5.753239006392872e-07
2.638864152824723e-06,-2.508082246739283e-06,-1.5832394513528187e-10,9.794270737025013e-07,-6.885329167418749e-07,7.811882994689087e-07
2.6346000869388228e-06,-2.506291194147533e-06,-1.5832359027584958e-10,9.71233778559075e-07,-6.840770319055541e-07,7.79894342420553e-07
1.907825791203674e-06,-1.8165443776879392e-06,-1.5832338970469906e-10,1.1627006727095536e-06,-4.6997148334842107e-07,5.739377188784023e-07
2.6407946521875507e-06,-2.5166961335314224e-06,-1.5832500235739257e-10,9.508241514022821e-07,-6.793291767228977e-07,7.814773125291793e-07
2.636508599366568e-06,-2.5148528574360825e-06,-1.5832451406555002e-10,9.427790479065275e-07,-6.748524305329727e-07,7.801775725182597e-07
2.6323157861876043e-06,-2.5130839519858943e-06,-1.5832389147318922e-10,9.347552946186708e-07,-6.703971234264274e-07,7.789038264388139e-07
1.9266812248563374e-06,-1.8410385311886153e-06,-1.5832376671951659e-10,1.1212617103311833e-06,-4.624062996651085e-07,5.785982219273296e-07
2.6382268869278606e-06,-2.5231759789226884e-06,-1.5832537412463835e-10,9.147919920023039e-07,-6.655333118714506e-07,7.804133902097874e-07
2.63401600585954e-06,-2.5213583756630997e-06,-1.5832480532765677e-10,9.069145853965424e-07,-6.610608786563001e-07,7.791349250162886e-07
1.923632912434122e-06,-1.8429668384487447e-06,-1.5832454534944998e-10,1.095394407993657e-06,-4.5168099103429676e-07,5.772302969813952e-07
2.6399863602660105e-06,-2.531480226613706e-06,-1.5832577338476512e-10,8.872069929477446e-07,-6.561927327979657e-07,7.806672200832928e-07
2.6357562861488985e-06,-2.5296126523644178e-06,-1.5832562693253003e-10,8.794756791150661e-07,-6.517047876527411e-07,7.793836757308768e-07
1.9206022264014742e-06,-1.8448476254945925e-06,-1.5832542474247254e-10,1.0699362196140416e-06,-4.409312592855595e-07,5.758724605651725e-07
2.6417841500618704e-06,-2.539762377571306e-06,-1.5832682467652002e-10,8.600231060518758e-07,-6.468356761795983e-07,7.809381471502868e-07
2.637533826816929e-06,-2.5378436213022055e-06,-1.583262560534463e-10,8.524375888948367e-07,-6.423338283145309e-07,7.796491816629985e-07
1.9175884379772587e-06,-1.8466800979575495e-06,-1.5832615440117417e-10,1.044885449770424e-06,-4.301626577584655e-07,5.745244633543323e-07
2.6436175484437556e-06,-2.548019344763154e-06,-1.583276092257172e-10,8.332392787101321e-07,-6.374670962083359e-07,7.812252977226067e-07
2.639345985532511e-06,-2.5460482553419884e-06,-1.5832723967111562e-10,8.257992238286372e-07,-6.329529478322628e-07,7.799305864162424e-07
2.6351668762190464e-06,-2.54415181165848e-06,-1.5832723255571334e-10,8.183795795738251e-07,-6.284628319065161e-07,7.78661768656018e-07
1.934839533556798e-06,-1.8695747255528209e-06,-1.5832701024459131e-10,1.0061868139470035e-06,-4.219759719627806e-07,5.78802406985093e-07
2.640997529010876e-06,-2.554037261661102e-06,-1.5832838995632977e-10,7.99613314924294e-07,-6.235109030128494e-07,7.801720674616663e-07
2.6368005299104207e-06,-2.5520915699526185e-06,-1.5832810458133083e-10,7.92337301412779e-07,-6.190119226199166e-07,7.788984173233159e-07
1.9318401739873874e-06,-1.8713210091394827e-06,-1.5832783198305107e-10,9.82070746512547e-07,-4.111776912544585e-07,5.774773455280553e-07
2.642688517914505e-06,-2.562002711952286e-06,-1.583292808232737e-10,7.738221467189607e-07,-6.140714826045116e-07,7.804304792596243e-07
2.6384725809484985e-06,-2.560006592028917e-06,-1.5832920355369666e-10,7.666893919140625e-07,-6.09565161318255e-07,7.791516583754844e-07
1.9288624531879836e-06,-1.8730226623645682e-06,-1.583289685798264e-10,9.5835409890373e-07,-4.003805144478324e-07,5.761632471673328e-07
2.644416194954433e-06,-2.5699415090708194e-06,-1.5833029789798145e-10,7.484244679891305e-07,-6.046393595242762e-07,7.807049324401385e-07
2.6401803374405934e-06,-2.5678938415934707e-06,-1.5832991984396514e-10,7.41434561773562e-07,-6.001272111311986e-07,7.794206197065433e-07
1.925905743738833e-06,-1.8746790617952858e-06,-1.5832964663751435e-10,9.350348621717221e-07,-3.895896743298117e-07,5.748598931098515e-07
2.6461779558687995e-06,-2.577850689207548e-06,-1.58331132519322e-10,7.234189283684651e-07,-5.952191636748585e-07,7.80994576491068e-07
2.6419212573592656e-06,-2.5757504136969607e-06,-1.583310830231745e-10,7.165714242096676e-07,-5.907026897385517e-07,7.797044683736589e-07
1.9229695295371256e-06,-1.8762896989015461e-06,-1.5833077922287697e-10,9.121109343310644e-07,-3.7881034566420895e-07,5.735670957598187e-07
2.647971339656815e-06,-2.5857274151842865e-06,-1.5833217400483718e-10,6.988040830107298e-07,-5.858154752729202e-07,7.812985991474812e-07
2.643692939091394e-06,-2.583573528232386e-06,-1.583319788562413e-10,6.920984985159808e-07,-5.812961640897658e-07,7.800024079048527e-07
2.639506602503388e-06,-2.5814951271560315e-06,-1.5833176147501667e-10,6.854118395036657e-07,-5.768040070161573e-07,7.787321397206979e-07
1.938553115923964e-06,-1.8974196390688367e-06,-1.5833159726720653e-10,8.766540637510617e-07,-3.701387339247829e-07,5.774478052433803e-07
2.645334388363169e-06,-2.591205047458096e-06,-1.5833305588764707e-10,6.680590125476629e-07,-5.71865720208232e-07,7.802680961757093e-07
2.6411291469208697e-06,-2.5890756913738023e-06,-1.5833272466879456e-10,6.615124397794085e-07,-5.673738018971171e-07,7.789925118131977e-07
1.9356519809734427e-06,-1.8989550310642506e-06,-1.5833256319148608e-10,8.546337710685705e-07,-3.594022266096365e-07,5.761821399850111e-07
2.6470101399845422e-06,-2.5988049973005157e-06,-1.583340750847022e-10,6.444044279212939e-07,-5.624645267252143e-07,7.80548569123969e-07
2.6427850964020756e-06,-2.5966236722166305e-06,-1.5833379576073339e-10,6.379974211457621e-07,-5.579742519460634e-07,7.79267372626074e-07
1.932775416424436e-06,-1.9004481350032444e-06,-1.5833357633079147e-10,8.329998557574665e-07,-3.486954657348317e-07,5.749279925116141e-07
2.648717723784993e-06,-2.60637057146103e-06,-1.5833494805473151e-10,6.211331122739573e-07,-5.530968478497496e-07,7.808430106822419e-07
2.6444720394756566e-06,-2.604136320922119e-06,-1.5833489737521387e-10,6.148651185992949e-07,-5.486096049545632e-07,7.795559227175543e-07
1.9299230068360183e-06,-1.9018986117511754e-06,-1.5833458709770627e-10,8.117499360561554e-07,-3.3802324467303e-07,5.736852073684074e-07
2.6504548029751264e-06,-2.613899086044169e-06,-1.5833611712440206e-10,5.982433473115535e-07,-5.437668862844225e-07,7.81150640532347e-07
2.6461876946376043e-06,-2.611611008651994e-06,-1.583358110177401e-10,5.921137794290336e-07,-5.392840466335414e-07,7.798573973681228e-07
2.6420120433738033e-06,-2.6093988361804383e-06,-1.5833565576391861e-10,5.860018895829673e-07,-5.348306033180242e-07,7.785900183156357e-07
1.944107387128049e-06,-1.9215077672731944e-06,-1.5833531509581924e-10,7.78886060465731e-07,-3.290879909928711e-07,5.772232665549192e-07
2.6477989745825064e-06,-2.6189157214138355e-06,-1.5833672928306962e-10,5.697787317180017e-07,-5.299632393708841e-07,7.801332867593429e-07
2.6436042056868542e-06,-2.616651981373204e-06,-1.5833655091790514e-10,5.63803459334792e-07,-5.255169480364792e-07,7.788603872818911e-07
1.9413077604611007e-06,-1.92289396976234e-06,-1.5833641842654197e-10,7.585113528891792e-07,-3.1851322991709816e-07,5.760113597831214e-07
2.6494413232841737e-06,-2.626183499386607e-06,-1.5833792360718727e-10,5.478191687664482e-07,-5.20691586636899e-07,7.804224813845576e-07
2.645226637890315e-06,-2.623867297834646e-06,-1.5833793020144914e-10,5.41979888789789e-07,-5.162537333770914e-07,7.791437956399964e-07
1.938535626197897e-06,-1.9242406484446692e-06,-1.5833757909367727e-10,7.385111066620861e-07,-3.0798961034674914e-07,5.748115902627463e-07
2.6511124401017263e-06,-2.6334117335083957e-06,-1.5833905312913689e-10,5.26233190980876e-07,-5.114729567887465e-07,7.807242120278506e-07
2.646877093905215e-06,-2.6310422320356497e-06,-1.5833884860956622e-10,5.205292462690562e-07,-5.070448081102156e-07,7.794394891343207e-07
1.9357906833824353e-06,-1.9255476433144014e-06,-1.5833874923219414e-10,7.188826810078997e-07,-2.975215086806758e-07,5.736238376775766e-07
2.652810146378934e-06,-2.640597931327945e-06,-1.5834012708075774e-10,5.050188177215811e-07,-5.02311145861143e-07,7.810377417808255e-07
2.6485534465466444e-06,-2.638174344834578e-06,-1.583401952006308e-10,4.994495216009961e-07,-4.97893945946371e-07,7.797467457057275e-07
2.6443876580684677e-06,-2.635827130748389e-06,-1.5834033538539483e-10,4.938965411628212e-07,-4.935081882567317e-07,7.784815687009263e-07
1.948661127858852e-06,-1.94367471240961e-06,-1.5834017789292688e-10,6.885356765365606e-07,-2.884645876778646e-07,5.768362203949712e-07
2.65014966440689e-06,-2.645157486435026e-06,-1.583417681607359e-10,4.78768259669829e-07,-4.88774121542434e-07,7.800347258893391e-07
2.6459643701640287e-06,-2.6427580682675102e-06,-1.5834153013620186e-10,4.733481482480551e-07,-4.844017275651787e-07,7.787637869371896e-07
1.9459847716830906e-06,-1.9449280889218328e-06,-1.5834152282696216e-10,6.697521005247102e-07,-2.78143545422369e-07,5.756826896476254e-07
2.6517730586630553e-06,-2.6520980406914047e-06,-1.5834297670121145e-10,4.5845229142371344e-07,-4.797211969864751e-07,7.803343654133498e-07
2.6475675681633566e-06,-2.649645656940677e-06,-1.583429139710217e-10,4.5316432193263396e-07,-4.753633260708971e-07,7.790574310625461e-07
1.9433382844270643e-06,-1.946144552965351e-06,-1.5834281183788425e-10,6.513302708126833e-07,-2.6789289137808057e-07,5.745417842233511e-07
2.653421524865568e-06,-2.65899362927698e-06,-1.583439850584216e-10,4.3849946125184954e-07,-4.707386199373133e-07,7.806449500734478e-07
2.6491951970283564e-06,-2.6564875708803814e-06,-1.583438131425794e-10,4.333428774069311e-07,-4.663964081596157e-07,7.793618015276561e-07
1.940721480976076e-06,-1.9473241220132853e-06,-1.5834375355617105e-10,6.332673099244552e-07,-2.5771655411277556e-07,5.734134207208091e-07
2.655093066687476e-06,-2.6658419821723064e-06,-1.5834532822950893e-10,4.189075403798093e-07,-4.61829755222377e-07,7.809657954748352e-07
2.6508453068119017e-06,-2.663281590149003e-06,-1.5834507990560675e-10,4.13881558474047e-07,-4.5750431338206987e-07,7.796762275657366e-07
2.6466879807191128e-06,-2.6607980947830596e-06,-1.583448983893193e-10,4.088704252026489e-07,-4.532121492988369e-07,7.784124501443045e-07
1.9523547937123767e-06,-1.964006041150824e-06,-1.5834501608468054e-10,6.053567771219054e-07,-2.486659319783289e-07,5.763153873842763e-07
2.6524381260294833e-06,-2.6699471615819687e-06,-1.58346319429938e-10,3.9480024594623194e-07,-4.486670859872219e-07,7.799773855235459e-07
2.648260785032123e-06,-2.667410851647668e-06,-1.5834606878965115e-10,3.899179676794008e-07,-4.443937677299766e-07,7.787075827609078e-07
1.9498207622405058e-06,-1.9651424874344213e-06,-1.5834598039379955e-10,5.881065326985389e-07,-2.3868097457391475e-07,5.752242580920473e-07
2.6540537163955648e-06,-2.676564338361359e-06,-1.583472547337187e-10,3.760733119413088e-07,-4.39912257516899e-07,7.802884329993345e-07
2.6498557845186594e-06,-2.673974593812965e-06,-1.5834713971234024e-10,3.713190641158603e-07,-4.356588113173625e-07,7.790124067493566e-07
1.9473184856428734e-06,-1.9662444984697795e-06,-1.5834710530517265e-10,5.712046029872398e-07,-2.2878339681614449e-07,5.741461258429978e-07
2.6556901876549783e-06,-2.6831309994806176e-06,-1.5834843895869777e-10,3.576983572656957e-07,-4.312428357160293e-07,7.806087186274615e-07
2.6514711322669185e-06,-2.6804872484896815e-06,-1.5834856608869536e-10,3.5307128956130755e-07,-4.2701026085001853e-07,7.793262841222234e-07
1.9448478927226314e-06,-1.967312264701484e-06,-1.583486037799361e-10,5.546478946847019e-07,-2.1897665511569002e-07,5.730809430404108e-07
2.657345742974832e-06,-2.689645122691007e-06,-1.5834988028661207e-10,3.396729174447591e-07,-4.2266173730853175e-07,7.809376172713295e-07
2.6531050739321303e-06,-2.6869468413385265e-06,-1.5834950896637932e-10,3.3517215311783655e-07,-4.1845100611157366e-07,7.796486024549932e-07
2.6489544313635655e-06,-2.6843260414552355e-06,-1.583495708119832e-10,3.3068467190048284e-07,-4.142751675085829e-07,7.78385367057223e-07
1.9553138126340023e-06,-1.982585144345051e-06,-1.583494490792106e-10,5.290893901136543e-07,-2.1004600269676502e-07,5.756864095201144e-07
2.6547033413064742e-06,-2.6932981268269895e-06,-1.5835069590835197e-10,3.1763399043049326e-07,-4.099679372266782e-07,7.799634030554117e-07
2.6505320935541532e-06,-2.690623966138552e-06,-1.5835068409292108e-10,3.13271102626139e-07,-4.058156761254254e-07,7.786938692635186e-07
1.95293875832325e-06,-1.983620213439199e-06,-1.583506652438492e-10,5.133116602708098e-07,-2.0046950152468112e-07,5.746611937754158e-07
2.6563195731536954e-06,-2.699595162996013e-06,-1.583519644823212e-10,3.004386178644477e-07,-4.015804580784387e-07,7.802862348107849e-07
2.652127263057676e-06,-2.696867170209424e-06,-1.5835211544303004e-10,2.961994049851517e-07,-3.974526634262619e-07,7.790102419487445e-07
1.9505968867384386e-06,-1.9846231911747636e-06,-1.5835192921679967e-10,4.9786817761635e-07,-1.9099503525159975e-07,5.736492367982745e-07
2.6579521068238386e-06,-2.705836109023298e-06,-1.5835338533844388e-10,2.8358340352353975e-07,-3.9329112426114116e-07,7.806165144121955e-07
2.653738314342111e-06,-2.703053856437616e-06,-1.5835339563056855e-10,2.7946692409977726e-07,-3.891886550223866e-07,7.793339136556369e-07
2.649613817757532e-06,-2.7003491329866394e-06,-1.583534465928033e-10,2.753625985778755e-07,-3.851220362854853e-07,7.780769640348783e-07
1.9601418232601953e-06,-1.998775593980643e-06,-1.583537230125958e-10,4.74076438467465e-07,-1.8220522529573073e-07,5.760169000914556e-07
2.655330284441723e-06,-2.7091482233396633e-06,-1.5835504271137887e-10,2.6308022513492395e-07,-3.810157228506579e-07,7.796545425753158e-07
2.6511849927103294e-06,-2.7063901280534306e-06,-1.5835504674838996e-10,2.590969587420021e-07,-3.7697589436176254e-07,7.783911779645722e-07
1.9579048287656586e-06,-1.9997539868839344e-06,-1.5835523055354196e-10,4.5938498405841473e-07,-1.7298723839149093e-07,5.750469173425907e-07
2.6569367792762687e-06,-2.7151843304737256e-06,-1.5835668154511838e-10,2.4702684475334993e-07,-3.729470790542559e-07,7.799818673381499e-07
2.6527703175449683e-06,-2.712372500017191e-06,-1.5835661817267536e-10,2.4316365305430067e-07,-3.6893481869149236e-07,7.787119538178268e-07
1.9557020083694582e-06,-2.0007021229440466e-06,-1.583565192435991e-10,4.4501653982734276e-07,-1.6388100134055705e-07,5.740903695662855e-07
2.6585562932558696e-06,-2.7211605442639112e-06,-1.5835764887535788e-10,2.3130398630192433e-07,-3.649849195549839e-07,7.803153539014019e-07
2.6543683206421105e-06,-2.7182946567176855e-06,-1.583577299114421e-10,2.2755986365641195e-07,-3.610009741917363e-07,7.790387683766007e-07
1.953533454122074e-06,-2.0016204544762234e-06,-1.5835787914036922e-10,4.309676853993529e-07,-1.5488909199411775e-07,5.731472625118471e-07
2.6601873897422578e-06,-2.727075313146794e-06,-1.5835927382303152e-10,2.1590880094708696e-07,-3.571313377489648e-07,7.806544896218978e-07
2.65597759822306e-06,-2.724155087290434e-06,-1.5835912228701247e-10,2.1228271984341205e-07,-3.531764240657282e-07,7.79371118906485e-07
2.65185680314874e-06,-2.721313065453376e-06,-1.583591748316551e-10,2.086670795682044e-07,-3.492585634519718e-07,7.781134149581872e-07
1.962029352652054e-06,-2.014435911738324e-06,-1.5835932638403387e-10,4.0936714027870255e-07,-1.4638756444143859e-07,5.752430918715163e-07
2.657587280997527e-06,-2.729942570344539e-06,-1.5836051730611986e-10,1.973315111747468e-07,-3.4545968841731117e-07,7.79705720529184e-07
2.653444984283726e-06,-2.7270467727479163e-06,-1.5836064129328856e-10,1.9383227930381194e-07,-3.41571985448894e-07,7.784413220428774e-07
1.95997597746849e-06,-2.0153397946051035e-06,-1.5836086029930268e-10,3.960342009901646e-07,-1.3768100003428546e-07,5.743441944584552e-07
2.6592060804336206e-06,-2.7356659837923886e-06,-1.5836206558083581e-10,1.8270097786463883e-07,-3.3785624981946645e-07,7.800450429745061e-07
2.655042030542425e-06,-2.7327162049509e-06,-1.5836243778738437e-10,1.7931708358763816e-07,-3.339993421584435e-07,7.787738556933955e-07
1.957957334778088e-06,-2.016215401436993e-06,-1.5836252597759205e-10,3.830092879774631e-07,-1.29096573438409e-07,5.734587780248971e-07
2.6608327375442446e-06,-2.7413240096282537e-06,-1.583637950458158e-10,1.6838811020835868e-07,-3.3036784619731784e-07,7.803886296655853e-07
2.656646710889019e-06,-2.73832008060789e-06,-1.583637046870577e-10,1.651184638411896e-07,-3.265423394072641e-07,7.79110568408968e-07
2.652549042504925e-06,-2.7353944743599502e-06,-1.5836379042818145e-10,1.6185802229135722e-07,-3.227545250125335e-07,7.7785806742447e-07
1.965642547873206e-06,-2.0279897258344822e-06,-1.5836379669366865e-10,3.630409100930839e-07,-1.2085521319618698e-07,5.753418589192671e-07
2.6582661902102484e-06,-2.7438658000151984e-06,-1.5836512444809782e-10,1.5123021769818735e-07,-3.1920432556611655e-07,7.79453489464919e-07
2.6541465851844427e-06,-2.740886357608073e-06,-1.5836509153653484e-10,1.4808242589242742e-07,-3.154487792973235e-07,7.781941277746536e-07
1.963745861282767e-06,-2.028858077071298e-06,-1.5836515012612785e-10,3.5070353059405706e-07,-1.1257442147357597e-07,5.745020847015324e-07
2.6598905609526167e-06,-2.749343180800282e-06,-1.58366430031857e-10,1.3765253233416185e-07,-3.11984976925215e-07,7.797996195052805e-07
2.6557488606822097e-06,-2.7463098176873734e-06,-1.5836633357019748e-10,1.3461625584644907e-07,-3.082622283155494e-07,7.785333329118021e-07
1.9618839579025343e-06,-2.029699416188062e-06,-1.5836633554708147e-10,3.386624012357077e-07,-1.0442210653787095e-07,5.736757215863168e-07
2.6615187554963636e-06,-2.7547511565981668e-06,-1.583675535896126e-10,1.243822400598096e-07,-3.048856809806454e-07,7.801485631542841e-07
2.6573548252323937e-06,-2.7516638214222826e-06,-1.5836782724395103e-10,1.2145632736670917e-07,-3.011962271395596e-07,7.788752954260152e-07
1.9600570799876103e-06,-2.0305144353144163e-06,-1.583679134182722e-10,3.269138286394044e-07,-9.639995679105176e-08,5.728628245055619e-07
2.663149749272802e-06,-2.7600887234952317e-06,-1.5836914634857365e-10,1.1141613232965903e-07,-2.9790771874939756e-07,7.80499939691113e-07
2.6589634765090583e-06,-2.7569473966763293e-06,-1.5836911014712817e-10,1.085994163646376e-07,-2.942520233876935e-07,7.792196420904966e-07
2.654865377752363e-06,-2.7538851689048637e-06,-1.5836913055655014e-10,1.0579006435694278e-07,-2.9063480818176244e-07,7.779649497027873e-07
1.9667947107845647e-06,-2.0410241170211607e-06,-1.5836914391373927e-10,3.089659793348355e-07,-8.856924367590307e-08,5.744958740418245e-07
2.6606046928526734e-06,-2.76219164970425e-06,-1.5837041818214216e-10,9.603234851394283e-08,-2.874390441138182e-07,7.795751340104869e-07
2.656483950020559e-06,-2.759075436295338e-06,-1.5837053892418326e-10,9.333064080948379e-08,-2.8385612628278214e-07,7.783133294295573e-07
1.9650980737904415e-06,-2.0418418796772825e-06,-1.583705886271444e-10,2.9786687626174954e-07,-8.086963748366256e-08,5.737304592110919e-07
2.6622451340982932e-06,-2.76736215212698e-06,-1.5837165049360863e-10,8.37622417604148e-08,-2.8074964021537034e-07,7.799318499291825e-07
2.6581017097258384e-06,-2.7641920282232406e-06,-1.583719093618533e-10,8.116696610665502e-08,-2.77201412322884e-07,7.786629085926299e-07
1.963435990286877e-06,-2.0426342459445135e-06,-1.583721422113264e-10,2.8704832077947547e-07,-7.330465151703083e-08,5.729783014539283e-07
2.6638839837116784e-06,-2.7724581741424356e-06,-1.583732660422531e-10,7.17857336818517e-08,-2.7418475474080726e-07,7.802894761277944e-07
2.6597178579361997e-06,-2.7692342425185095e-06,-1.5837359775542062e-10,6.929566372644376e-08,-2.7067157566304603e-07,7.790133801345677e-07
2.6556393585988136e-06,-2.7660896018854386e-06,-1.5837363945027236e-10,6.681163167818048e-08,-2.671972006992995e-07,7.777628051744031e-07
1.969457968563658e-06,-2.052180172055407e-06,-1.5837369150523428e-10,2.7059187756688106e-07,-6.581744786890745e-08,5.744208469072913e-07
2.66137910541974e-06,-2.7742509227669946e-06,-1.5837490172505477e-10,5.769836118123504e-08,-2.642805523742138e-07,7.793785178053445e-07
2.657277362195879e-06,-2.7710522602328067e-06,-1.5837482104353333e-10,5.5318016934219476e-08,-2.608415217938444e-07,7.781206379494239e-07
1.967930668590591e-06,-2.052981637710988e-06,-1.5837489046787032e-10,2.6039329365188783e-07,-5.8585519221851496e-08,5.737170982667938e-07
2.6630348081949385e-06,-2.7791895621214747e-06,-1.583760963548416e-10,4.6387337274337205e-08,-2.5801526328305914e-07,7.797432643570916e-07
2.658909882688916e-06,-2.7759370820298287e-06,-1.5837650845072547e-10,4.4109408624089785e-08,-2.5461186889949735e-07,7.784780872950586e-07
1.966437092096275e-06,-2.0537583957264003e-06,-1.5837665035771743e-10,2.5046308672986304e-07,-5.1491254338790126e-08,5.730263016763516e-07
2.664684364836051e-06,-2.7840497167016866e-06,-1.5837784879867243e-10,3.535908159101102e-08,-2.518763248449495e-07,7.801073762371925e-07
2.660536331573202e-06,-2.780743646777165e-06,-1.5837772667747805e-10,3.3182284897772494e-08,-2.485088249662966e-07,7.788349145436813e-07
2.656475422844509e-06,-2.777517096992742e-06,-1.583780237526789e-10,3.1010164756425936e-08,-2.4518032195578407e-07,7.775879013328392e-07
1.97178225126594e-06,-2.062375336356901e-06,-1.5837815415142428e-10,2.3543482919687214e-07,-4.437348058723998e-08,5.742877345952806e-07
2.6622196914443256e-06,-2.7855380730281492e-06,-1.583794454918352e-10,2.2513222876680976e-08,-2.425506886763532e-07,7.792097594016004e-07
2.658134904311815e-06,-2.7822575092555714e-06,-1.5837952164092942e-10,2.044075098992013e-08,-2.3925814036016515e-07,7.779552468714406e-07
1.9704271485243676e-06,-2.063167235825592e-06,-1.5837968185357772e-10,2.2609469265282294e-07,-3.761953440132873e-08,5.736460805587617e-07
2.663892615441942e-06,-2.790250274265537e-06,-1.5838087629514915e-10,1.2119518337098864e-08,-2.3671912959262216e-07,7.795825866980718e-07
2.659784110762297e-06,-2.786916030995277e-06,-1.5838073788473132e-10,1.0145366989394865e-08,-2.3346273108367577e-07,7.783206154841721e-07
1.969104596220774e-06,-2.063934887901365e-06,-1.5838064437820374e-10,2.1701062683446851e-07,-3.1004923333489726e-08,5.730169802061877e-07
2.665554723351512e-06,-2.7948801031713468e-06,-1.5838194728503108e-10,1.9975184228738855e-09,-2.310144513649576e-07,7.799532254336407e-07
2.6614226693544477e-06,-2.7914925329942887e-06,-1.583819153378228e-10,1.2034901852536427e-10,-2.2779436408176065e-07,7.786838391414329e-07
1.9678150060018207e-06,-2.0646792703229926e-06,-1.583817705010968e-10,2.081786432660244e-07,-2.4530108839945995e-08,5.724005443133105e-07
2.667205640436298e-06,-2.7994274435624696e-06,-1.583829619774155e-10,-7.85645381396902e-09,-2.2543685143823123e-07,7.803215087721808e-07
2.66305021239598e-06,-2.7959869166983193e-06,-1.583831453240668e-10,-9.637988863456037e-09,-2.2225320262783262e-07,7.790447546708363e-07
2.65898188537236e-06,-2.7926268305902294e-06,-1.5838338319209119e-10,-1.1416836213713504e-08,-2.191087707793102e-07,7.777935347375879e-07
1.972341287024768e-06,-2.0721444587377786e-06,-1.5838353738267003e-10,1.9491026053501437e-07,-1.7923294984543785e-08,5.73441482053443e-07
2.6647503226973714e-06,-2.8004873357601405e-06,-1.583846900529376e-10,-1.915949293511008e-08,-2.1686308478217642e-07,7.794281859074068e-07
2.660657540127383e-06,-2.7970735803751316e-06,-1.5838468555066565e-10,-2.0844134011014384e-08,-2.1375485146641256e-07,7.781692950752529e-07
1.971195871070768e-06,-2.0729136695152476e-06,-1.5838487701691987e-10,1.8662826507873227e-07,-1.179412024347168e-08,5.728755037767412e-07
2.6664344175361577e-06,-2.8049011962837862e-06,-1.583858242361187e-10,-2.8420436915178567e-08,-2.1159900659428817e-07,7.798077461292581e-07
2.6623174503405334e-06,-2.8014342582866063e-06,-1.5838608482256373e-10,-3.0012264380186936e-08,-2.0852704381641426e-07,7.785412618932587e-07
1.970081686052706e-06,-2.0736596560201144e-06,-1.583861277345788e-10,1.7858594846027493e-07,-5.80466979848406e-09,5.72321637493827e-07
2.668102358199737e-06,-2.8092286981300537e-06,-1.583873917097846e-10,-3.7424635974185105e-08,-2.0646087668649973e-07,7.801833464657817e-07
2.6639614794032376e-06,-2.8057090770101782e-06,-1.5838753345361029e-10,-3.8925049042061074e-08,-2.0342522299880182e-07,7.789093480695976e-07
2.6599072728432038e-06,-2.8022701856395285e-06,-1.5838763064449733e-10,-4.0424200158871627e-08,-2.0042868770929205e-07,7.776608286658025e-07
1.9740119603885694e-06,-2.0802753940014604e-06,-1.583878760883258e-10,1.6659722681059446e-07,3.9672559603920443e-10,5.732015907673587e-07
2.665688281148265e-06,-2.8100024150554923e-06,-1.5838875782724602e-10,-4.7617049157538164e-08,-1.984772878518367e-07,7.793029171005323e-07
2.661608883613491e-06,-2.8065099433887927e-06,-1.5838893629486147e-10,-4.902617865279965e-08,-1.9551661019649198e-07,7.780465242692026e-07
1.9730435545905842e-06,-2.0810512778644014e-06,-1.5838906544442145e-10,1.5907438982202625e-07,6.040394236985751e-09,5.726984174617576e-07
2.6673938668451844e-06,-2.8142052384928294e-06,-1.5839000878414702e-10,-5.605984476849373e-08,-1.9365338100138516e-07,7.796909576426036e-07
2.6632896504292944e-06,-2.8106598062655666e-06,-1.5839005370641944e-10,-5.738039626479623e-08,-1.9072854918422638e-07,7.784268017414711e-07
1.972104345294555e-06,-2.0818037771957664e-06,-1.5839026185736327e-10,1.5177875087649423e-07,1.1545656867979932e-08,5.722067199170942e-07
2.6690783345388696e-06,-2.8183180679772636e-06,-1.5839137971250477e-10,-6.425738138541198e-08,-1.8895314128409365e-07,7.800734591793054e-07
2.6649496676182497e-06,-2.8147203018408193e-06,-1.5839146046953897e-10,-6.549080239112078e-08,-1.8606411027487587e-07,7.788016509269198e-07
2.660907289276101e-06,-2.8112035929555122e-06,-1.5839167477440295e-10,-6.67244128400566e-08,-1.8321398635740305e-07,7.775552782872232e-07
1.9754712917339622e-06,-2.0876052316284364e-06,-1.5839192227062875e-10,1.410039077237584e-07,1.7335287096287772e-08,5.729340955937675e-07
2.6667020833599452e-06,-2.818811488688958e-06,-1.5839323721768094e-10,-7.33965019900558e-08,-1.8155510958531915e-07,7.792048127513361e-07
2.6626337876698015e-06,-2.815241373183749e-06,-1.5839339757562478e-10,-7.454433886393821e-08,-1.7874013523529886e-07,7.779503744526433e-07
1.9746787331845547e-06,-2.088392391309922e-06,-1.5839361400733793e-10,1.3419704541441839e-07,2.2497459958358008e-08,5.724931520814456e-07
2.668428107844141e-06,-2.822808465384393e-06,-1.583944653183139e-10,-8.106454251954069e-08,-1.7716702650981518e-07,7.796008216415558e-07
2.664334365178179e-06,-2.819185693417135e-06,-1.583945595894737e-10,-8.212809551511192e-08,-1.7438711252868657e-07,7.783384609320239e-07
1.9739130353566862e-06,-2.0891557985917196e-06,-1.5839471073695245e-10,1.2760485239153312e-07,2.752372463166134e-08,5.720629638029178e-07
2.6701280763344144e-06,-2.82671207740192e-06,-1.5839570502586608e-10,-8.849899094823206e-08,-1.728992510864429e-07,7.799897457127399e-07
2.666009348237088e-06,-2.823037400685364e-06,-1.5839586558723307e-10,-8.94797530929026e-08,-1.7015427595991975e-07,7.787196043972298e-07
2.6619765677270015e-06,-2.8194441453213503e-06,-1.5839608425550635e-10,-9.046217739135483e-08,-1.6744788960877452e-07,7.774748651678284e-07
1.97674823062251e-06,-2.094178778977229e-06,-1.583962853937457e-10,1.1797744678951647e-07,3.2900407880055126e-08,5.726460588135842e-07
2.667785790049958e-06,-2.8269316583297625e-06,-1.5839719837773874e-10,-9.664277849887905e-08,-1.660772117761576e-07,7.791317540884186e-07
2.6637263789459615e-06,-2.8232852579671955e-06,-1.5839749380089525e-10,-9.754372956022956e-08,-1.6340492513359691e-07,7.778787695694432e-07
1.976129318517151e-06,-2.0949812740215573e-06,-1.5839780584200807e-10,1.1184321649748351e-07,3.7588949771814304e-08,5.722665061814738e-07
2.669530716844966e-06,-2.8307283005135794e-06,-1.5839882306749276e-10,-1.0357985691479783e-07,-1.6211693479881313e-07,7.79535167117212e-07
2.6654452418539507e-06,-2.8270296337944797e-06,-1.5839883769841308e-10,-1.0440086773438584e-07,-1.5947858793023933e-07,7.782741121427338e-07
1.9755346336457298e-06,-2.095759442100008e-06,-1.5839908725755852e-10,1.0591111174715663e-07,4.214518763005369e-08,5.718969046278582e-07
2.671244699405381e-06,-2.8344284986951593e-06,-1.5840006811376665e-10,-1.1029516644241115e-07,-1.5827260857507445e-07,7.799299905635094e-07
2.667133712528785e-06,-2.8306784395829333e-06,-1.5840007240876676e-10,-1.110377692384236e-07,-1.5566801010143378e-07,7.786610368867168e-07
2.663108370636184e-06,-2.827010198602712e-06,-1.5840032191878201e-10,-1.1178352532845638e-07,-1.5310158421714043e-07,7.77417461650336e-07
1.9778688010672976e-06,-2.100040547444526e-06,-1.5840041793030516e-10,9.736414763858566e-08,4.711251152250544e-08,5.723439622247313e-07
2.6689321452227197e-06,-2.8343813370021103e-06,-1.5840144756659288e-10,-1.1750207662223729e-07,-1.5201240035154283e-07,7.790815260234742e-07
2.6648794772938337e-06,-2.8306603041611136e-06,-1.584016495502517e-10,-1.181707020015443e-07,-1.4947870897760642e-07,7.778295386621202e-07
1.9774202909231575e-06,-2.1008618611854186e-06,-1.5840188584833065e-10,9.185916906484526e-08,5.133889278489757e-08,5.720246916349848e-07
2.6706940139844716e-06,-2.8379835303489576e-06,-1.5840305280915495e-10,-1.2375228709593015e-07,-1.4846851291630117e-07,7.794917425922235e-07
2.666614679498369e-06,-2.8342107090018687e-06,-1.5840313868110802e-10,-1.2434535250733504e-07,-1.459673334231837e-07,7.782315486654564e-07
2.6626202459972913e-06,-2.8305194282369994e-06,-1.5840343357271827e-10,-1.2494245317426375e-07,-1.4350382283743689e-07,7.769965579310697e-07
1.979449108870524e-06,-2.1046757981802486e-06,-1.5840352151324225e-10,8.401949996008673e-08,5.60164447266728e-08,5.72389745851133e-07
2.6684630299586897e-06,-2.8378205788872586e-06,-1.584044751920607e-10,-1.3035784742826312e-07,-1.4260903984401495e-07,7.786681146121664e-07
2.6644400682136924e-06,-2.834076068932302e-06,-1.5840482438413067e-10,-1.3088065544817438e-07,-1.401769318007388e-07,7.774243903171097e-07
1.9791422912309817e-06,-2.105539054711323e-06,-1.5840498496951394e-10,7.892124088506562e-08,5.992086679042579e-08,5.721194030523053e-07
2.6702693928085645e-06,-2.841325787755503e-06,-1.584058120570393e-10,-1.3616401223009842e-07,-1.3935786684978076e-07,7.790927928677059e-07
2.6662186646379292e-06,-2.8375291764186705e-06,-1.5840624953331488e-10,-1.3661413365081002e-07,-1.3695690986894734e-07,7.778405727125719e-07
1.978853265636715e-06,-2.106375179526946e-06,-1.5840625286179797e-10,7.400425835982551e-08,6.370177556960795e-08,5.718570694784767e-07
2.6720348389782226e-06,-2.844728166537082e-06,-1.584073407096543e-10,-1.417682204133757e-07,-1.3621267975686558e-07,7.795058940203719e-07
2.6679570808996984e-06,-2.840880565542617e-06,-1.5840739888007572e-10,-1.421472552875133e-07,-1.3384259252642427e-07,7.782454097660363e-07
2.6639640345613957e-06,-2.837115005770199e-06,-1.584074572622134e-10,-1.4253185064118433e-07,-1.3150962478265093e-07,7.770101344514276e-07
1.98042807786648e-06,-2.10950751654735e-06,-1.584077855770354e-10,6.71314763898491e-08,6.798686390708051e-08,5.720989584405978e-07
2.669816533968488e-06,-2.8443027223388233e-06,-1.5840854424058146e-10,-1.4753420110453328e-07,-1.3087890231354362e-07,7.786872207906349e-07
2.665794433899332e-06,-2.840484578958055e-06,-1.5840865798432184e-10,-1.478489284938664e-07,-1.28575542709441e-07,7.774431071135586e-07
1.9802793870734e-06,-2.110389492334146e-06,-1.584089395656956e-10,6.259039412819427e-08,7.145733120290219e-08,5.718850747507212e-07
2.6716294822081236e-06,-2.8476180811114495e-06,-1.5840989058963766e-10,-1.5272693400143497e-07,-1.280159940548765e-07,7.791158072535636e-07
2.6675791697932767e-06,-2.843748592698179e-06,-1.584100879786056e-10,-1.5297342656360202e-07,-1.2574194008974214e-07,7.778631197820658e-07
1.980145292736597e-06,-2.1112434437071086e-06,-1.5841016176320172e-10,5.82181212766831e-08,7.481038740195563e-08,5.716782381720834e-07
2.673397207658937e-06,-2.8508287797871077e-06,-1.584109912407458e-10,-1.5772989964303115e-07,-1.2525257339271153e-07,7.795315521297862e-07
2.669319495281742e-06,-2.846909164572565e-06,-1.5841131421480355e-10,-1.579097814113921e-07,-1.2300749435340579e-07,7.782705474660343e-07
2.6653263274333417e-06,-2.8430721084060494e-06,-1.584113891792184e-10,-1.5809674899431525e-07,-1.2079890824600135e-07,7.770347621244289e-07
1.981296307947381e-06,-2.113734233039482e-06,-1.5841160219017914e-10,5.2244173675806905e-08,7.871710760743374e-08,5.718055061702347e-07
2.671188134770215e-06,-2.850151403446029e-06,-1.5841224426391567e-10,-1.62715769008663e-07,-1.2042030637527677e-07,7.787172104677955e-07
2.6671653910665484e-06,-2.8462624825669164e-06,-1.5841248993204006e-10,-1.6283729286580136e-07,-1.1823929755801764e-07,7.774724896500747e-07
1.9813003209895296e-06,-2.1146373975512127e-06,-1.584128500229865e-10,4.8217268511869104e-08,8.177321085029423e-08,5.716464089755571e-07
2.673005831747452e-06,-2.853285035803516e-06,-1.5841371033955874e-10,-1.6733968819608278e-07,-1.1792687754062127e-07,7.791493610812578e-07
2.6689544310887934e-06,-2.8493455967201057e-06,-1.5841400532219518e-10,-1.673974223367163e-07,-1.1577310155346103e-07,7.778959950294282e-07
2.66498692344195e-06,-2.845488515593805e-06,-1.5841426880789904e-10,-1.6746313846422246e-07,-1.1365518347502478e-07,7.766676956723452e-07
1.9822116609041986e-06,-2.116745486373459e-06,-1.5841436960491634e-10,4.281966937022924e-08,8.54139812343564e-08,5.717103382996484e-07
2.670873665474588e-06,-2.8525147860906413e-06,-1.584152743597235e-10,-1.7183724461832314e-07,-1.1345050093919413e-07,7.78359378609712e-07
2.6668753033546634e-06,-2.848605434231691e-06,-1.584155758417371e-10,-1.7184032344242152e-07,-1.1135835486246631e-07,7.771218093785424e-07
1.9823475388396976e-06,-2.117695480559612e-06,-1.5841580766990281e-10,3.911829986644931e-08,8.818479783084595e-08,5.71597099695423e-07
2.672736513652725e-06,-2.8555718126956174e-06,-1.5841672282418367e-10,-1.7610275651014845e-07,-1.112157109262235e-07,7.788066704270291e-07
2.6687083165405015e-06,-2.8516116588314104e-06,-1.5841687474860404e-10,-1.7604487702004058e-07,-1.0914898273278264e-07,7.77560153177457e-07
1.9824903576117227e-06,-2.118613830711057e-06,-1.5841696757532551e-10,3.556537372727466e-08,9.085073381616739e-08,5.714886173200016e-07
2.6745447425327815e-06,-2.8585194660854922e-06,-1.584178314840444e-10,-1.8019852924276096e-07,-1.0906727061150639e-07,7.792384128014165e-07
2.670487689912803e-06,-2.854509946267568e-06,-1.584181368106676e-10,-1.800813555506858e-07,-1.0702558010952444e-07,7.779832585366563e-07
2.6665144618019645e-06,-2.8505833940014145e-06,-1.5841819905937053e-10,-1.799736966189414e-07,-1.0501903333467373e-07,7.767532064955188e-07
1.98302303509e-06,-2.1201448515147483e-06,-1.5841822854436533e-10,3.095294479715395e-08,9.414560344771172e-08,5.714509098053332e-07
2.672403915559021e-06,-2.857504924870544e-06,-1.584192245924138e-10,-1.8401305057829297e-07,-1.0504119949070211e-07,7.78448353451122e-07
2.6683994902541283e-06,-2.853527117492914e-06,-1.5841931351271006e-10,-1.838471879073616e-07,-1.0305811963009884e-07,7.772089974550791e-07
1.983294681690275e-06,-2.121113114423389e-06,-1.5841961665802052e-10,2.7695580516981385e-08,9.654236014851513e-08,5.713873691280076e-07
2.674259944086082e-06,-2.860386993229074e-06,-1.5842028471242604e-10,-1.877826545547016e-07,-1.0313682118703035e-07,7.788962950672247e-07
2.6702254036451107e-06,-2.856359490588221e-06,-1.584205607064304e-10,-1.8756027357300694e-07,-1.0117682604537142e-07,7.776479780107258e-07
1.983569534487674e-06,-2.1220485609209223e-06,-1.5842089116140877e-10,2.4574604132217945e-08,9.88421132148863e-08,5.713274705193108e-07
2.6760577281822464e-06,-2.863159222900063e-06,-1.5842171682228134e-10,-1.9139476013758285e-07,-1.0131090182558368e-07,7.79327689709472e-07
2.671994110684685e-06,-2.8590835473455234e-06,-1.5842178996363853e-10,-1.911175286210318e-07,-9.937358614683456e-08,7.780707426908035e-07
2.668014256399797e-06,-2.855091451314007e-06,-1.5842200683656721e-10,-1.9085132421017654e-07,-9.74706503648582e-08,7.768389336743221e-07
1.9837544454246174e-06,-2.123046596882603e-06,-1.5842217155851039e-10,2.0679599404627214e-08,1.018121589014586e-07,5.711972151033299e-07
2.6739056482135638e-06,-2.8619144117200415e-06,-1.584229418999003e-10,-1.945851794615588e-07,-9.77041441933178e-08,7.785374257033279e-07
2.669894244249593e-06,-2.85787212987624e-06,-1.5842316971374227e-10,-1.9426514836536357e-07,-9.582222542200242e-08,7.772962809546808e-07
1.9841541142896702e-06,-2.1240343472472846e-06,-1.5842359457638827e-10,1.7824879764507457e-08,1.0386017706927111e-07,5.711810695164269e-07
2.6757532699473793e-06,-2.864631959547173e-06,-1.5842427333666555e-10,-1.9790283768597348e-07,-9.610650490554785e-08,7.789859445913298e-07
2.6717114585060353e-06,-2.8605411391149837e-06,-1.5842453383422696e-10,-1.9753066488870424e-07,-9.42452043892144e-08,7.77735827266573e-07
2.6677528301368173e-06,-2.856533755317022e-06,-1.5842470001923943e-10,-1.9717039416415113e-07,-9.241757061533721e-08,7.765107116367279e-07
1.9841613719610603e-06,-2.1247368212509024e-06,-1.5842493050096325e-10,1.4377307106849291e-08,1.0660271400978859e-07,5.710057334288849e-07
2.6736721158025973e-06,-2.8633203943160096e-06,-1.584255955020503e-10,-2.0071598456652775e-07,-9.279708795079662e-08,7.782195875143393e-07
2.669680610527894e-06,-2.859262470387801e-06,-1.584258726607592e-10,-2.0030457378595357e-07,-9.098838264842908e-08,7.769847945375327e-07
1.984677866606474e-06,-2.125773249506676e-06,-1.5842614266499807e-10,1.1770248305292689e-08,1.0841317473439349e-07,5.710309685719379e-07
2.675563537950865e-06,-2.8659833277363113e-06,-1.5842676405887578e-10,-2.0375881662816068e-07,-9.141406871360425e-08,7.786836797853187e-07
2.6715403942948208e-06,-2.861876627521264e-06,-1.5842707824968413e-10,-2.0329796132285827e-07,-8.962390326633636e-08,7.774396027879883e-07
2.6675999120407573e-06,-2.857853278177316e-06,-1.5842704800703901e-10,-2.028498847225792e-07,-8.786669316849538e-08,7.762204064161233e-07
1.984519092380652e-06,-2.1261989215198227e-06,-1.584274239961811e-10,8.738720500465069e-09,1.1094082852133092e-07,5.708140347946234e-07
2.6735441865167908e-06,-2.8646045038922645e-06,-1.5842800739930586e-10,-2.0622042026528671e-07,-8.838329221512988e-08,7.779389125006166e-07
2.6695695981085653e-06,-2.8605303868073324e-06,-1.584280446809544e-10,-2.0572387269668813e-07,-8.664291203272758e-08,7.767097278369191e-07
1.9851444125428185e-06,-2.1272805327650165e-06,-1.584282888623515e-10,6.361041490661064e-09,1.1252821142402834e-07,5.708782805402912e-07
2.675473757554506e-06,-2.8672135083694484e-06,-1.5842919256928021e-10,-2.0900786561589987e-07,-8.720105871086238e-08,7.784171582147356e-07
2.6714663914009756e-06,-2.863090497060961e-06,-1.5842940245630808e-10,-2.0846454904948254e-07,-8.547713476153939e-08,7.771784064800657e-07
1.9857595346378963e-06,-2.1283222742020327e-06,-1.5842962061758114e-10,4.0931403226554305e-09,1.1404015872792291e-07,5.70942178940759e-07
2.6773317808681663e-06,-2.869707670521523e-06,-1.5843048711083483e-10,-2.1166494143500137e-07,-8.607568481818688e-08,7.788751811507794e-07
2.673292907272488e-06,-2.8655375846012417e-06,-1.584307125626402e-10,-2.1107652830937676e-07,-8.436782405957195e-08,7.776272667183007e-07
2.6693367900344953e-06,-2.8614516120735714e-06,-1.5843108091387903e-10,-2.1050237015177778e-07,-8.269212726385511e-08,7.764043099900743e-07
1.9853136424875907e-06,-2.128310626070421e-06,-1.584312984332781e-10,1.624255134805259e-09,1.1630359129335203e-07,5.70650842614156e-07
2.675268715255491e-06,-2.8681082471901556e-06,-1.5843178166017347e-10,-2.1363193437419363e-07,-8.337633252348231e-08,7.781223874134462e-07
2.671278496046043e-06,-2.8639730884406153e-06,-1.5843179707923324e-10,-2.130135648401575e-07,-8.171493725027941e-08,7.768895261348338e-07
1.9860327617859575e-06,-2.1293998266735122e-06,-1.584319106648156e-10,-4.417770136976089e-10,1.176115799558179e-07,5.707523493315778e-07
2.677167863226046e-06,-2.8705615410305455e-06,-1.5843284402474684e-10,-2.1606416859738023e-07,-8.243486430183466e-08,7.785958648835554e-07
2.6731449038359243e-06,-2.8663791262028607e-06,-1.5843285472479695e-10,-2.1540326001440973e-07,-8.078740117027184e-08,7.77353531793986e-07
2.669204219961443e-06,-2.8622807737493837e-06,-1.5843312391171164e-10,-2.1475744084327874e-07,-7.917138496003934e-08,7.761360447205226e-07
1.9854583679289323e-06,-2.12916809515937e-06,-1.584332886236566e-10,-2.5718069084828057e-09,1.1968924883658269e-07,5.704307543754182e-07
2.6751604294000094e-06,-2.8689116457444327e-06,-1.5843396976240536e-10,-2.1774500498352726e-07,-7.997229493156566e-08,7.778638792112236e-07
2.6711844271744544e-06,-2.8647639512686923e-06,-1.584339946168881e-10,-2.1705749453170127e-07,-7.836845306514913e-08,7.76636183137123e-07
1.9862725120596597e-06,-2.13030058689962e-06,-1.584343838787301e-10,-4.452926588751612e-09,1.2080835264919907e-07,5.705672191994116e-07
2.677094552517826e-06,-2.8713247645442386e-06,-1.5843481425647639e-10,-2.1997068542838646e-07,-7.920047703892936e-08,7.783512812231405e-07
2.67308467772368e-06,-2.867129760541495e-06,-1.5843502245872752e-10,-2.19243149917062e-07,-7.76084677557603e-08,7.771138348115991e-07
2.6691566484463593e-06,-2.863018818327136e-06,-1.5843517716396172e-10,-2.1853152671502878e-07,-7.604720440787705e-08,7.759011365780648e-07
1.985581429253178e-06,-2.1298687433888215e-06,-1.5843527846363083e-10,-6.273709607709155e-09,1.2271341383890944e-07,5.702189764366584e-07
2.675133805072354e-06,-2.8696249726898634e-06,-1.5843560570316803e-10,-2.2138923406023069e-07,-7.695552004520183e-08,7.776378947235832e-07
2.671169339696719e-06,-2.86546465912065e-06,-1.5843585666036153e-10,-2.2063838938004852e-07,-7.540434316420749e-08,7.764147130707119e-07
1.9864816056978552e-06,-2.131040478407429e-06,-1.5843602007680868e-10,-7.986324143660294e-09,1.2365867029785996e-07,5.70387746103304e-07
2.677097139468956e-06,-2.871999228802571e-06,-1.5843657207639554e-10,-2.2342623498585766e-07,-7.633926521619e-08,7.781378200708208e-07
2.6730977604643085e-06,-2.867791670571824e-06,-1.5843660750588876e-10,-2.2263782083779478e-07,-7.479786533935956e-08,7.769046379202342e-07
1.987357782599428e-06,-2.132165555462797e-06,-1.5843688659776902e-10,-9.613478169910923e-09,1.24550804475157e-07,5.705520747309322e-07
2.6789779768113964e-06,-2.8742574087340885e-06,-1.584375608679667e-10,-2.253586708543395e-07,-7.575839525255764e-08,7.78614655522512e-07
2.6749451351639097e-06,-2.8700046628380178e-06,-1.5843761509790564e-10,-2.2453430005784755e-07,-7.422644844499279e-08,7.773719344517173e-07
2.6709943506673887e-06,-2.8658368540569132e-06,-1.584377075052468e-10,-2.2372721813554494e-07,-7.272449641182683e-08,7.76154067031573e-07
1.986445465642513e-06,-2.131402554972985e-06,-1.5843785595431554e-10,-1.1018927907188492e-08,1.2625353822430232e-07,5.70149489542043e-07
2.6769457085775477e-06,-2.8723563570122703e-06,-1.5843859812249883e-10,-2.264041737695435e-07,-7.37558293845998e-08,7.77887142029619e-07
2.672958784044521e-06,-2.8681411911145753e-06,-1.5843864089192524e-10,-2.2556182309502602e-07,-7.226157737999186e-08,7.766589683567842e-07
1.9874017558744492e-06,-2.1325687367905636e-06,-1.5843876035347703e-10,-1.2502078968484907e-08,1.2699103303269054e-07,5.70344416023416e-07
2.6788592624326853e-06,-2.874590432621103e-06,-1.5843928251354506e-10,-2.2817602641398424e-07,-7.331409570479485e-08,7.783780425468226e-07
2.6748377287571478e-06,-2.8703300633409487e-06,-1.5843946787360817e-10,-2.2729999948954762e-07,-7.182726206993333e-08,7.771400485960087e-07
2.6708978431512835e-06,-2.8661546465450536e-06,-1.5843968983466388e-10,-2.2644200684318494e-07,-7.036975109301803e-08,7.759268138160714e-07
1.986412182818198e-06,-2.1316666199101767e-06,-1.5843976114086476e-10,-1.3670160968874705e-08,1.285492102427598e-07,5.699272260230342e-07
2.6768687959931962e-06,-2.8726598866293396e-06,-1.584401900250889e-10,-2.2901900764809209e-07,-7.148833533258867e-08,7.776688692161261e-07
2.6728916550859368e-06,-2.8684371386750905e-06,-1.5844031904579345e-10,-2.2812797191400077e-07,-7.003652755939046e-08,7.764450559017806e-07
1.9874385757877674e-06,-2.1328691315236903e-06,-1.5844027698714703e-10,-1.5023752294119915e-08,1.2914685913403203e-07,5.70149798886789e-07
2.6788087159514273e-06,-2.874871070511193e-06,-1.5844070526294274e-10,-2.30646338333638e-07,-7.117205693570622e-08,7.781722906216947e-07
2.6747959218782166e-06,-2.8706032322420756e-06,-1.584412182329231e-10,-2.2972382259313653e-07,-6.97257162696527e-08,7.769384067023537e-07
2.6708644126752676e-06,-2.8664204083108947e-06,-1.5844118061700349e-10,-2.2882006000022466e-07,-6.830805826819575e-08,7.757291998253597e-07
1.986384176157264e-06,-2.1318493467322703e-06,-1.5844108946488902e-10,-1.598119505568449e-08,1.3057243967995164e-07,5.697218352204603e-07
2.6768511468233497e-06,-2.872912519425849e-06,-1.5844154479034896e-10,-2.3130756894070885e-07,-6.950502946722962e-08,7.774793052078176e-07
2.6728813689556857e-06,-2.8686825186308706e-06,-1.5844154031606996e-10,-2.3037289588777027e-07,-6.809116951996223e-08,7.762592780736042e-07
1.9874706548445334e-06,-2.133083550537915e-06,-1.5844171292360054e-10,-1.7218836540340622e-08,1.3104463560955682e-07,5.699691030503266e-07
2.6788114746534173e-06,-2.875102650498467e-06,-1.5844209485851427e-10,-2.3280573560579759e-07,-6.930105681538741e-08,7.779938321936246e-07
2.674805093476618e-06,-2.8708277918503057e-06,-1.5844225935837054e-10,-2.3184167875877576e-07,-6.78908098570357e-08,7.767635124103434e-07
2.67087967475355e-06,-2.8666380509169737e-06,-1.5844242554056819e-10,-2.3089706151031304e-07,-6.650863997368206e-08,7.755577983655596e-07
1.9863644668559944e-06,-2.1319684049658063e-06,-1.584423747870349e-10,-1.7991393340804016e-08,1.3234879262232845e-07,5.695343839915056e-07
2.676878492735003e-06,-2.8731184632238177e-06,-1.584429976950902e-10,-2.333049987628322e-07,-6.777549217008981e-08,7.773150707726544e-07
2.6729138864017355e-06,-2.86888181977525e-06,-1.5844323318055357e-10,-2.323314964344122e-07,-6.6395321651327e-08,7.760983233638527e-07
1.987500982544882e-06,-2.13322977590994e-06,-1.5844354220368205e-10,-1.912576273705745e-08,1.3270942651460016e-07,5.698033869053306e-07
2.6788536074936875e-06,-2.875289949806446e-06,-1.5844385026850418e-10,-2.3468854533000134e-07,-6.767130128858245e-08,7.778394009400793e-07
2.6748515351666055e-06,-2.8710087930911045e-06,-1.5844396848453848e-10,-2.336876377361032e-07,-6.629299997656933e-08,7.766121647896019e-07
2.6709301388499886e-06,-2.8668128943768456e-06,-1.584440928466526e-10,-2.3270681722287577e-07,-6.494220925195711e-08,7.754094726772014e-07
1.986356647578805e-06,-2.1320424219575954e-06,-1.5844426992707402e-10,-1.973807574251463e-08,1.339024018786954e-07,5.693661150797964e-07
2.6769374277890303e-06,-2.8732833023509705e-06,-1.5844471819975338e-10,-2.3504448345929e-07,-6.627085896049574e-08,7.771730670095377e-07
2.67297601328415e-06,-2.8690408886761615e-06,-1.5844460374452624e-10,-2.3403667734680185e-07,-6.492038872445323e-08,7.759591545720744e-07
1.987533098711555e-06,-2.133326526907162e-06,-1.5844454614689293e-10,-2.078080830311754e-08,1.3416475774925223e-07,5.696538792616747e-07
2.678922000576224e-06,-2.8754390750894607e-06,-1.5844499404181775e-10,-2.3632702004215184e-07,-6.625464781077794e-08,7.777059955760786e-07
2.6749223383904148e-06,-2.87115259762695e-06,-1.584449946756515e-10,-2.3529365474310815e-07,-6.490442798390076e-08,7.764814225627015e-07
2.6710018140003743e-06,-2.8669527474125652e-06,8.95379616778038e-07,-1.4423761008466585e-07,-3.7723535087584517e-07,7.752810503765712e-07
1.9863632560215962e-06,-2.132092754603223e-06,1.6489152234952757e-06,1.445525227299811e-07,-4.423178200258621e-07,5.692180812397317e-07
2.6770120411273856e-06,-2.873416919334608e-06,2.2724244949945752e-06,-8.056814785027721e-09,-8.60916012437156e-07,7.770496889700768e-07
2.6730513198633455e-06,-2.8691705174369077e-06,2.77771156777055e-06,4.3785680186122e-08,-1.0365639569878825e-06,7.758380470842462e-07
1.9875680860868042e-06,-2.1333969926764577e-06,3.176411466295409e-06,2.971747014868389e-07,-9.771336462428376e-07,5.695212755318313e-07
2.678999264727081e-06,-2.875561975633823e-06,3.479993005348236e-06,1.1216509575280188e-07,-1.2839172229023253e-06,7.775896558379332e-07
2.6750000049657372e-06,-2.871271671565929e-06,3.699761617621349e-06,1.353236009744161e-07,-1.3595636144588771e-06,7.763672898680963e-07
2.671081046063688e-06,-2.8670669033205295e-06,3.8468620998000356e-06,1.5115438588744727e-07,-1.409785130915318e-06,7.751693912316656e-07
1.9863906605966624e-06,-2.1321394462601637e-06,3.932281380959996e-06,3.728132374404714e-07,-1.2408740155344108e-06,5.690921635178474e-07
2.6770944556624052e-06,-2.8735234372738554e-06,3.9668511759242185e-06,1.6099649805034883e-07,-1.4532403061067963e-06,7.769431166020449e-07
2.6731342803415014e-06,-2.869273037997969e-06,3.961250655047386e-06,1.6149749666759577e-07,-1.4499769853655254e-06,7.757337455157803e-07
1.987616257062037e-06,-2.1334558188348518e-06,3.926009017149029e-06,3.712928236592545e-07,-1.238574462033529e-06,5.694083397323028e-07
2.679083074107967e-06,-2.8756582474920047e-06,3.8852533536724505e-06,1.5029323318087598e-07,-1.4199757638518085e-06,7.774899223949828e-07
2.675083395084227e-06,-2.8713648947552638e-06,3.823420301556829e-06,1.4499271806166007e-07,-1.3964229797759532e-06,7.762696329554983e-07
2.671163711793798e-06,-2.8671574017497417e-06,3.7589993076977257e-06,1.3961123655297175e-07,-1.3726899299814713e-06,7.750737495721938e-07
1.9886887220073134e-06,-2.1346063957503753e-06,3.6891614360068873e-06,3.4502358535791624e-07,-1.1501708772560696e-06,5.696654610379477e-07
2.0103146193823907e-06,-2.1578188088779e-06,3.5816812659852027e-06,3.273613164764101e-07,-1.1187701682144395e-06,5.761582229552489e-07
2.0582910420736586e-06,-2.2093149889297757e-06,3.398910291621009e-06,2.939243252212704e-07,-1.0686460817470413e-06,5.905814702869793e-07
2.145308331254464e-06,-2.302716284244498e-06,3.1044174345634385e-06,2.370968809862484e-07,-9.907213837909103e-07,6.167542352268355e-07
2.2836983005402592e-06,-2.451259154305655e-06,2.6629666661724527e-06,1.4949480649390575e-07,-8.76233537650243e-07,6.583875320039209e-07
2.4854365965022636e-06,-2.6677976668301117e-06,2.0404954680099775e-06,2.396250677321871e-08,-7.167278525193561e-07,7.190850451183977e-07
2.762144157899002e-06,-2.964805019448211e-06,1.2040940798446609e-06,-1.4642962234181488e-07,-5.040506229217675e-07,8.023435521806823e-07
3.1250860482448325e-06,-3.3543757928038612e-06,1.1800089608125903e-06,-2.6200648093363724e-07,-6.009076375050453e-07,9.115526974610332e-07
2.686802728020721e-06,-2.883934824647953e-06,1.1564055428777597e-06,-1.2800847097053641e-07,-4.6546552146976363e-07,7.796238647707735e-07
2.6826488997004547e-06,-2.879475633934758e-06,1.1332741918583647e-06,-1.2917733411882786e-07,-4.561619766558179e-07,7.783441933023242e-07
2.6785782009306556e-06,-2.8751055637753292e-06,1.1106054668891565e-06,-1.303398567037548e-07,-4.470592716919347e-07,7.770821520768549e-07
2.674588974156768e-06,-2.8708228252785898e-06,1.0883901149583381e-06,-1.3150149646090224e-07,-4.3815801464593774e-07,7.758348972085788e-07
2.6706795952119174e-06,-2.866625665590562e-06,1.0666190694671403e-06,-1.3266855145505484e-07,-4.294596254637146e-07,7.745991990670401e-07
2.6668484713834838e-06,-2.862512365815289e-06,1.045283443661587e-06,-1.338482001592338e-07,-4.2096636888729295e-07,7.733714234034069e-07
2.6630940428988398e-06,-2.858481242699244e-06,1.0243745291892396e-06,-1.3504853587159101e-07,-4.126813837924533e-07,7.721475155021105e-07
2.659414780082481e-06,-2.854530645461835e-06,1.003883791991572e-06,-1.3627859857878706e-07,-4.046087081132018e-07,7.709229866639424e-07
2.6558091846505475e-06,-2.8506589572233174e-06,9.838028684530771e-07,-1.3754839882575786e-07,-3.9675329929759873e-07,7.696929024654917e-07
2.6522757871471054e-06,-2.8468645922822006e-06,9.641235626961261e-07,-1.3886893947605524e-07,-3.891210512386271e-07,7.684518742937334e-07
2.6488131485909755e-06,-2.8431459978717932e-06,9.448378419154715e-07,-1.4025223114391185e-07,-3.817188069584659e-07,7.671940523238925e-07
2.6454198576999093e-06,-2.8395016511386024e-06,9.259378345263501e-07,-1.4171130573892585e-07,-3.745543686004692e-07,7.659131213283705e-07
2.642094531997095e-06,-2.8359300603663316e-06,9.074158265746227e-07,-1.4326022423758347e-07,-3.676365038406784e-07,7.646022970824048e-07
2.638835815976449e-06,-2.8324297629860945e-06,8.892642578093935e-07,-1.449140803469529e-07,-3.6097494733109214e-07,7.632543266971312e-07
2.6356423819924318e-06,-2.828999326559242e-06,8.714757193705543e-07,-1.4668900305815504e-07,-3.5458040242049285e-07,7.618614892718334e-07
2.632512927482199e-06,-2.8256373458005185e-06,8.540429511384629e-07,-1.4860215142827168e-07,-3.4846453615842346e-07,7.604155992939774e-07
2.6294461774416255e-06,-2.822342445129014e-06,8.369588371648562e-07,-1.5067171191576432e-07,-3.426399746877499e-07,7.58908010802527e-07
2.6264408810212617e-06,-2.8191132751603177e-06,8.202164048862196e-07,-1.5291688527979687e-07,-3.371202939187747e-07,7.5732962488191e-07
2.6234958132513006e-06,-2.8159485144914375e-06,8.038088201055743e-07,-1.553578783645387e-07,-3.3192000839924183e-07,7.556708962955661e-07
2.620609772553137e-06,-2.812846867029216e-06,7.877293864360719e-07,-1.5801588544736973e-07,-3.270545583524781e-07,7.53921844824048e-07
2.6177815822468708e-06,-2.8098070635782843e-06,7.719715406734415e-07,-1.609130742500238e-07,-3.225402932183312e-07,7.520720645214593e-07
2.615010088648612e-06,-2.806827859854368e-06,7.565288510237241e-07,-1.6407256217976637e-07,-3.183944540561352e-07,7.501107378707339e-07
2.612294161018678e-06,-2.80390803643042e-06,7.413950144158034e-07,-1.6751839634533429e-07,-3.1463515389376456e-07,7.480266479821536e-07
2.6096326909499586e-06,-2.801046398007656e-06,7.265638537054374e-07,-1.712755268005103e-07,-3.112813553566433e-07,7.458081951911107e-07
2.6070245924153956e-06,-2.798241773559095e-06,7.120293154857519e-07,-1.7536978089792553e-07,-3.0835284721429254e-07,7.434434117684926e-07
2.6044688013185276e-06,-2.795493015741891e-06,6.977854673482926e-07,-1.7982783375707775e-07,-3.058702198444098e-07,7.409199804196967e-07
2.6019642738692715e-06,-2.792798999309164e-06,6.838264953649756e-07,-1.8467717640088297e-07,-3.0385483739403976e-07,7.382252528669044e-07
2.5995099880603016e-06,-2.790158622479868e-06,6.701467020572111e-07,-1.8994608422529534e-07,-3.02328809996256e-07,7.35346268181558e-07
2.5971049413793057e-06,-2.787570804728263e-06,6.567405040445502e-07,-1.9566358335950222e-07,-3.013149644325353e-07,7.32269774253211e-07
2.5947481517931525e-06,-2.785034487624975e-06,6.436024296513752e-07,-2.0185941203011593e-07,-3.008368128799981e-07,7.289822487587707e-07
2.592438656542238e-06,-2.7825486336719455e-06,6.307271159578101e-07,-2.0856398714341543e-07,-3.009185210202731e-07,7.254699210199265e-07
2.5901755120132293e-06,-2.7801122261146035e-06,6.181093078284804e-07,-2.1580836176375853e-07,-3.0158487476058527e-07,7.217187956230425e-07
2.587957793381565e-06,-2.7777242685929146e-06,6.057438552161685e-07,-2.236241891423117e-07,-3.02861246843823e-07,7.177146750259815e-07
2.5857845945459785e-06,-2.7753837850289466e-06,5.936257110947528e-07,-2.3204367853012804e-07,-3.047735610716282e-07,7.134431847323061e-07
2.5836550271991653e-06,-2.7730898186578874e-06,5.817499290109246e-07,-2.410995573195005e-07,-3.0734825766546634e-07,7.088897971887339e-07
2.581568220471984e-06,-2.7708414316426857e-06,5.70111662309107e-07,-2.5082502385943836e-07,-3.106122554635625e-07,7.040398579724113e-07
2.5795233209799277e-06,-2.768637705122203e-06,5.587061599967501e-07,-2.612537082647528e-07,-3.145929158664395e-07,6.988786109651215e-07
2.5775194926334386e-06,-2.7664777389759234e-06,5.475287675578557e-07,-2.724196253425594e-07,-3.193180050616136e-07,6.933912246515833e-07
2.57555591539081e-06,-2.7643606505695237e-06,5.365749221316932e-07,-2.8435713195967224e-07,-3.248156554988885e-07,6.875628189451082e-07
2.5736317859606393e-06,-2.762285575417503e-06,5.258401532211341e-07,-2.97100880413197e-07,-3.311143275876971e-07,6.813784915969215e-07
2.5717463165502294e-06,-2.7602516658804352e-06,5.153200791991328e-07,-3.106857737995254e-07,-3.382427711446427e-07,6.748233456324403e-07
2.5698987356589467e-06,-2.758258091993959e-06,5.050104059624134e-07,-3.251469197179966e-07,-3.4622998553652993e-07,6.678825162740729e-07
2.568088286509066e-06,-2.7563040398613886e-06,4.949069260016958e-07,-3.405195840855815e-07,-3.5510518090586367e-07,6.605411986411726e-07
2.566314227746609e-06,-2.7543887122807656e-06,4.850055149331213e-07,-3.568391443964554e-07,-3.6489773828612455e-07,6.527846745756911e-07
2.564575832515524e-06,-2.752511327854381e-06,4.753021317072586e-07,-3.741410445358856e-07,-3.7563717027215915e-07,6.445983405919357e-07
2.5628723886515643e-06,-2.750671121131282e-06,4.6579281568736733e-07,-3.9246074726264863e-07,-3.8735308113545623e-07,6.359677352712102e-07
2.561203197795535e-06,-2.748867341720914e-06,4.5647368541330235e-07,-4.1183368813474196e-07,-4.00075127550048e-07,6.268785661846155e-07
2.559567575642946e-06,-2.747099254470597e-06,4.4734093726912417e-07,-4.322952287689584e-07,-4.1383297834696544e-07,6.173167378150478e-07
2.557964851549001e-06,-2.745366139130784e-06,4.3839084369277293e-07,-4.53880611210688e-07,-4.2865627585076213e-07,6.072683774946765e-07
2.556394368055939e-06,-2.7436672898005502e-06,4.296197514633798e-07,-4.766249126367867e-07,-4.4457459627234795e-07,5.967198628967362e-07
2.554855480752112e-06,-2.7420020147630226e-06,4.2102408088974005e-07,-5.005629983931092e-07,-4.6161741090673575e-07,5.856578487362802e-07
2.5533475581469506e-06,-2.740369636379701e-06,4.126003232671729e-07,-5.257294780296483e-07,-4.798140469144514e-07,5.740692918333612e-07
2.5518699809962145e-06,-2.738769490357736e-06,4.043450400817094e-07,-5.521586598923829e-07,-4.991936494907277e-07,5.619414782578798e-07
2.5504221426219113e-06,-2.737200926092554e-06,3.9625486227215563e-07,-5.798845074914842e-07,-5.197851433408004e-07,5.49262047573975e-07
2.549003448185118e-06,-2.735663305848366e-06,3.8832648755757606e-07,-6.089405945372552e-07,-5.416171956817699e-07,5.360190184860746e-07
2.547613315034254e-06,-2.73415600522183e-06,3.805566802210638e-07,-6.393600627516302e-07,-5.64718178050965e-07,5.222008127502219e-07
2.54625117153585e-06,-2.7326784117649866e-06,3.7294226840653645e-07,-6.711755803458053e-07,-5.891161301959783e-07,5.077962794462286e-07
2.544916457929375e-06,-2.7312299260073227e-06,3.654801443759846e-07,-7.04419297722318e-07,-6.148387238536784e-07,4.927947178065365e-07
2.5436086246859066e-06,-2.7298099596298752e-06,3.5816726247826106e-07,-7.391228081731247e-07,-6.419132268622859e-07,4.771859005446824e-07
2.542327133968556e-06,-2.728417937055414e-06,3.5100063811471393e-07,-7.753171072454178e-07,-6.703664682171407e-07,4.6096009535189904e-07
2.5410714585812595e-06,-2.7270532942992532e-06,3.439773458655649e-07,-8.130325524405055e-07,-7.00224803015446e-07,4.4410808649085746e-07
2.5398410814900755e-06,-2.7257154784703668e-06,3.3709451870891627e-07,-8.522988264654109e-07,-7.315140798157429e-07,4.266211954596065e-07
2.5386354959799e-06,-2.724403947962736e-06,3.3034934794276705e-07,-8.931448963766436e-07,-7.64259605915722e-07,4.084913005452819e-07
2.5374542053967253e-06,-2.723118172074759e-06,3.237390802170491e-07,-9.355989792742891e-07,-7.984861160717194e-07,3.8971085655823785e-07
2.5362967228867575e-06,-2.721857630890019e-06,3.1726101763645723e-07,-9.796885057756546e-07,-8.342177400247267e-07,3.702729125816529e-07
2.5351625712061294e-06,-2.720621814917149e-06,3.1091251600784913e-07,-1.0254400841550467e-06,-8.714779716917286e-07,3.501711300819586e-07
2.5340512826300596e-06,-2.7194102250529577e-06,3.046909840235579e-07,-1.0728794680362678e-06,-9.10289639050936e-07,3.2939979879882976e-07
2.532962398943152e-06,-2.7182223725974745e-06,2.985938823738654e-07,-1.1220315209764854e-06,-9.506748738882337e-07,3.0795385298211427e-07
2.5318954704547315e-06,-2.7170577781409337e-06,2.926187225435629e-07,-1.1729201876004202e-06,-9.926550842636754e-07,2.858288863381395e-07
2.5308500570076565e-06,-2.7159159726874833e-06,2.8676306561793416e-07,-1.2255684609597772e-06,-1.0362509258677566e-06,2.6302116582415885e-07
2.529825726842894e-06,-2.7147964963892004e-06,2.810245214473392e-07,-1.2799983530013028e-06,-1.081482274682195e-06,2.395276445685e-07
2.528822056456044e-06,-2.7136988984182763e-06,2.75400747950767e-07,-1.3362308667001743e-06,-1.1283682017778884e-06,2.1534597401356353e-07
2.5278386312952687e-06,-2.712622737728173e-06,2.698894496405829e-07,-1.3942859685264613e-06,-1.1769269471414311e-06,1.9047451530942098e-07
2.526875044835867e-06,-2.711567582018827e-06,2.6448837689627933e-07,-1.4541825606895437e-06,-1.2271758953612473e-06,1.6491234904207873e-07
2.525930898232746e-06,-2.7105330073769353e-06,2.591953256056951e-07,-1.5159384597107964e-06,-1.279131552729256e-06,1.3865928432337346e-07
2.5250058010817816e-06,-2.7095185991040397e-06,2.5400813479002693e-07,-1.5795703682239235e-06,-1.3328095238706994e-06,1.1171586767269386e-07
2.524099370282471e-06,-2.7085239504773486e-06,2.489246878595313e-07,-1.6450938546578696e-06,-1.3882244896507135e-06,8.408338891498641e-08
2.523211230818981e-06,-2.707548663570434e-06,2.439429091670558e-07,-1.712523332919735e-06,-1.4453901880507518e-06,5.5763888300013173e-08
2.522341014619688e-06,-2.7065923480511157e-06,2.390607662039473e-07,-1.781872038969071e-06,-1.5043193925192507e-06,2.6760161415031193e-08
2.5214883612449017e-06,-2.7056546219169257e-06,2.3427626580145064e-07,-1.8531520137204392e-06,-1.565023893652956e-06,-2.924237331925277e-09
2.520652916938405e-06,-2.704735110460277e-06,2.2958745515860913e-07,-1.9263740855018905e-06,-1.6275144813778531e-06,-3.3284990854064684e-08
2.519834335526199e-06,-2.7038334472168618e-06,2.2499242047989032e-07,-2.0015478528465113e-06,-1.6918009282403196e-06,-6.431701788707729e-08
2.5190322773641336e-06,-2.702949272857348e-06,2.2048928639669808e-07,-2.078681668727255e-06,-1.7578919718100959e-06,-9.601447198997732e-08
2.5182464091740525e-06,-2.702082235009989e-06,2.160762146014607e-07,-2.1577826270122283e-06,-1.825795301246588e-06,-1.283707412814584e-07
2.517476405231446e-06,-2.701231989508338e-06,2.1175140400582437e-07,-2.2388565498081496e-06,-1.8955175423663725e-06,-1.6137844977219228e-07
2.5167219455802865e-06,-2.700398198467973e-06,2.0751308941668207e-07,-2.3219079751368826e-06,-1.967064244459299e-06,-1.9502945922448754e-07
2.5159827168486717e-06,-2.6995805311997238e-06,2.0335954119891512e-07,-2.4069401467213904e-06,-2.0404398679372613e-06,-2.2931487253849524e-07
2.5152584113707915e-06,-2.698778663224511e-06,1.9928906327705108e-07,-2.493955004881911e-06,-2.115647772787868e-06,-2.6422503744372766e-07
2.514548728595999e-06,-2.6979922777935637e-06,1.9529999489165746e-07,-2.582953178431345e-06,-2.1926902091653096e-06,-2.997495516616133e-07
2.513853372940316e-06,-2.6972210635732334e-06,1.9139070765338932e-07,-2.6739339772367663e-06,-2.2715683067877173e-06,-3.358772687341945e-07
2.513172055408557e-06,-2.6964647164002708e-06,1.875596060428368e-07,-2.7668953882226307e-06,-2.3522820676651976e-06,-3.725963056291645e-07
2.512504491980695e-06,-2.6957229375209235e-06,1.8380512635034236e-07,-2.8618340689314976e-06,-2.4348303574678378e-06,-4.0989405003960594e-07
2.511850405032192e-06,-2.6949954351337563e-06,1.8012573591184245e-07,-2.9587453456366607e-06,-2.519210899669276e-06,-4.477571694461917e-07
2.5112095219193834e-06,-2.694281922835696e-06,1.76519933121068e-07,-3.057623210344561e-06,-2.605420269801284e-06,-4.861716208316501e-07
2.5105815757176435e-06,-2.6935821204574476e-06,1.7298624624710103e-07,-3.1584603210168495e-06,-2.6934538908185717e-06,-5.251226616303422e-07
2.5099663047008773e-06,-2.692895753447468e-06,1.6952323302578543e-07,-3.261248000571197e-06,-2.7833060291852443e-06,-5.645948607888656e-07
2.5093634521141903e-06,-2.6922225526880693e-06,1.6612947979476057e-07,-3.365976238546652e-06,-2.874969791988201e-06,-6.045721116862761e-07
2.508772766682499e-06,-2.6915622549652994e-06,1.6280360159105106e-07,-3.4726336938792098e-06,-2.968437125466076e-06,-6.450376450820596e-07
2.5081940019461253e-06,-2.6909146022999e-06,1.5954424057026685e-07,-3.5812076978994393e-06,-3.063698813704715e-06,-6.859740431326975e-07
2.5076269160792456e-06,-2.6902793417379756e-06,1.5635006651531713e-07,-3.6916842598836145e-06,-3.1607444786649046e-06,-7.273632545462031e-07
2.5070712728642053e-06,-2.6896562263712042e-06,1.5321977592870066e-07,-3.804048070384409e-06,-3.2595625803766526e-06,-7.691866100003357e-07
2.5065268397305084e-06,-2.689045013282897e-06,1.5015209132756246e-07,-3.918282511555981e-06,-3.360140419686954e-06,-8.114248385322572e-07
2.5059933896943204e-06,-2.6884454655435593e-06,1.471457600018689e-07,-4.034369661261831e-06,-3.462464139758585e-06,-8.540580847608521e-07
2.505470699355445e-06,-2.6878573501489366e-06,1.4419955497384427e-07,-4.152290303843987e-06,-3.5665187300113685e-06,-8.970659265115066e-07
2.5049585509098806e-06,-2.6872804400897485e-06,1.4131227418717493e-07,-4.272023939448899e-06,-3.6722880310071323e-06,-9.404273933290505e-07
2.5044567294660447e-06,-2.6867145115336234e-06,1.3848273868160308e-07,-4.393548794130487e-06,-3.7797547375860606e-06,-9.841209856984863e-07
2.5039650256338667e-06,-2.6861593465597007e-06,1.3570979398406938e-07,-4.516841832284679e-06,-3.888900406915786e-06,-1.0281246950150897e-06
2.5034832335011283e-06,-2.6856147310083695e-06,1.3299230783746468e-07,-4.6418787683067645e-06,-3.9997054637926916e-06,-1.0724160230410532e-06
2.5030111517031575e-06,-2.685080455599109e-06,1.3032917111174836e-07,-4.768634080580238e-06,-4.11214920944038e-06,-1.1169720037074576e-06
2.5025485824237973e-06,-2.6845563148908417e-06,1.2771929728641707e-07,-4.897081025243591e-06,-4.2262098284763145e-06,-1.161769224069709e-06
2.50209533237792e-06,-2.6840421082829237e-06,1.2516162081138744e-07,-5.027191652066528e-06,-4.341864398848275e-06,-1.2067838463731823e-06
2.501651211350126e-06,-2.6835376385054637e-06,1.2265509767314864e-07,-5.158936819326978e-06,-4.459088901410001e-06,-1.2519916299801032e-06
2.5012160338187754e-06,-2.6830427132997512e-06,1.2019870496308235e-07,-5.292286211796746e-06,-4.577858230745853e-06,-1.2973679550172521e-06
2.5007896172524283e-06,-2.6825571436012435e-06,1.1779143964863293e-07,-5.427208356839768e-06,-4.69814620638401e-06,-1.3428878448857098e-06
2.5003717829615304e-06,-2.682080744494537e-06,1.1543232000471818e-07,-5.563670644618205e-06,-4.819925585175455e-06,-1.3885259902138737e-06
2.499962356315316e-06,-2.6816133353880305e-06,1.131203822275849e-07,-5.701639344745812e-06,-4.943168073006759e-06,-1.4342567725745582e-06
2.49956116556318e-06,-2.6811547387655435e-06,1.1085468321272843e-07,-5.841079628048343e-06,-5.067844340065655e-06,-1.4800542889237375e-06
2.499168042404734e-06,-2.6807047807881718e-06,1.0863429807329348e-07,-5.981955586103505e-06,-5.19392403321996e-06,-1.525892375997654e-06
2.4987828222114743e-06,-2.6802632915523035e-06,1.0645832086121554e-07,-6.1242302520021665e-06,-5.321375792365603e-06,-1.5717446356397324e-06
2.4984053435875305e-06,-2.679830104590792e-06,1.0432586296644988e-07,-6.267865622774881e-06,-5.4501672643598626e-06,-1.6175844590172732e-06
2.4980354481530782e-06,-2.6794050566334483e-06,1.0223605394467623e-07,-6.412822681485364e-06,-5.580265120202065e-06,-1.6633850525034794e-06
2.497672980920676e-06,-2.678987988041824e-06,1.001880409686464e-07,-6.559061419434982e-06,-5.711635071603603e-06,-1.709119462657421e-06
2.4973177902142817e-06,-2.6785787426672128e-06,9.81809880669977e-08,-6.706540860809743e-06,-5.8442418883073995e-06,-1.7547606022725927e-06
2.4969697269114173e-06,-2.6781771670926903e-06,9.62140764784857e-08,-6.855219085994998e-06,-5.978049415518362e-06,-1.8002812753430033e-06
2.4966286452419524e-06,-2.677783111437145e-06,9.428650296621949e-08,-7.005053256000392e-06,-6.113020592777153e-06,-1.8456542033892804e-06
2.4962944018630335e-06,-2.677396428395692e-06,9.239748045450099e-08,-7.155999637772967e-06,-6.2491174729449515e-06,-1.8908520505357813e-06
2.4959668572275536e-06,-2.677016974666504e-06,9.05462385679113e-08,-7.308013629510295e-06,-6.386301241798878e-06,-1.9358474504889465e-06
2.495645873956427e-06,-2.6766446092514166e-06,8.873202136643893e-08,-7.461049787305848e-06,-6.524532238349019e-06,-1.98061303062909e-06
2.4953313174509113e-06,-2.6762791940724965e-06,8.695408835166745e-08,-7.6150618494629214e-06,-6.663769974461601e-06,-2.0251214389471255e-06
2.4950230559826977e-06,-2.675920594077629e-06,8.52117139896635e-08,-7.770002765693526e-06,-6.803973157229938e-06,-2.069345369357584e-06
2.4947209603237998e-06,-2.675568676837906e-06,8.350418675602062e-08,-7.925824722542537e-06,-6.9450997096245635e-06,-2.113257586858987e-06
2.49442490406585e-06,-2.6752233129022422e-06,8.183081007095154e-08,-8.082479171809414e-06,-7.087106792975186e-06,-2.1568309539015757e-06
2.4941347630385036e-06,-2.674884375143056e-06,8.019090094695463e-08,-8.239916858081785e-06,-7.2299508296469854e-06,-2.2000384541737803e-06
2.4938504159309898e-06,-2.6745517394442617e-06,7.85837898475496e-08,-8.398087845935929e-06,-7.373587524773181e-06,-2.2428532190809704e-06
2.49357174357901e-06,-2.674225283937851e-06,7.700882072326908e-08,-8.556941550023854e-06,-7.51797189092971e-06,-2.2852485516151863e-06
2.49329862981344e-06,-2.6739048898814896e-06,7.546535139094766e-08,-8.716426762273787e-06,-7.663058271255594e-06,-2.3271979518624415e-06
2.493030959914453e-06,-2.6735904400329633e-06,7.395275125354127e-08,-8.876491681644188e-06,-7.808800363100636e-06,-2.3686751402202073e-06
2.4927686222631435e-06,-2.673281820389679e-06,7.247040291432888e-08,-9.03708394243446e-06,-7.955151242783404e-06,-2.4096540826687804e-06
2.4925115068944743e-06,-2.6729789186592996e-06,7.101770141947766e-08,-9.198150644372023e-06,-8.102063391043001e-06,-2.4501090137389647e-06
2.49225950670969e-06,-2.672681625558338e-06,6.959405402879058e-08,-9.35963838136712e-06,-8.249488716908883e-06,-2.4900144601181097e-06
2.492012516259061e-06,-2.6723898334753374e-06,6.81988794700932e-08,-9.521493272155006e-06,-8.39737858387431e-06,-2.529345263895344e-06
2.4917704321931476e-06,-2.6721034369807362e-06,6.683160824626487e-08,-9.683660989050739e-06,-8.545683835348186e-06,-2.5680766053627056e-06
2.49153315407092e-06,-2.67182233368184e-06,6.54916824018965e-08,-9.84608678825831e-06,-8.694354820911801e-06,-2.6061840249836032e-06
2.4913005823611087e-06,-2.671546422090355e-06,6.417855517074367e-08,-1.000871554006872e-05,-8.843341421964944e-06,-2.6436434452225184e-06
2.4910726205923356e-06,-2.6712756038929018e-06,6.289169009455022e-08,-1.0171491758725025e-05,-8.99259307898187e-06,-2.680431192693869e-06
2.49084917353888e-06,-2.671009782055756e-06,6.163056237167097e-08,-1.0334359632953481e-05,-9.142058817490483e-06,-2.716524017979427e-06
2.4906301482076726e-06,-2.6707488618246507e-06,6.039465715550782e-08,-1.049726305505141e-05,-9.291687275661332e-06,-2.7518991174302486e-06
2.490415453463806e-06,-2.670492750369521e-06,5.9183470140358943e-08,-1.0660145652528592e-05,-9.441426730952954e-06,-2.786534151887732e-06
2.4902050001104385e-06,-2.6702413568469143e-06,5.7996506753562935e-08,-1.0822950817750235e-05,-9.591225127506615e-06,-2.820407267389209e-06
2.489998700578226e-06,-2.6699945920552512e-06,5.683328260042335e-08,-1.0985621738135062e-05,-9.741030104096118e-06,-2.8534971134726722e-06
2.489796469173545e-06,-2.6697523687391437e-06,5.5693322642590075e-08,-1.1148101425909317e-05,-9.890789020856413e-06,-2.8857828613149696e-06
2.489598222200385e-06,-2.6695146016583025e-06,5.45761620067733e-08,-1.1310332749748149e-05,-1.004044898814938e-05,-2.9172442219532636e-06
2.4894038775273524e-06,-2.6692812071882845e-06,5.348134432112223e-08,-1.1472258463086294e-05,-1.0189956893847507e-05,-2.9478614640068946e-06
2.4892133543536966e-06,-2.669052103023749e-06,5.240842322188547e-08,-1.163382123553744e-05,-1.0339259431145005e-05,-2.9776154292898234e-06
2.489026573818975e-06,-2.668827208840806e-06,5.135696048724735e-08,-1.179496368220411e-05,-1.0488303126951683e-05,-3.0064875497553297e-06
2.488843459025328e-06,-2.668606446322139e-06,5.032652678645586e-08,-1.19556283940978e-05,-1.0637034370203655e-05,-3.0344598622896533e-06
2.4886639341807863e-06,-2.668389738256328e-06,4.931670179079739e-08,-1.2115757966893777e-05,-1.0785399439757653e-05,-3.0615150244909815e-06
2.4884879250934046e-06,-2.6681770090419612e-06,4.832707325546186e-08,-1.2275295032461413e-05,-1.0933344533173548e-05,-3.0876363276589735e-06
2.4883153594414218e-06,-2.6679681849849053e-06,4.735723735045131e-08,-1.2434182285842653e-05,-1.1080815793914788e-05,-3.1128077107834973e-06
2.4881461662707747e-06,-2.6677631937418246e-06,4.64067979382835e-08,-1.2592362517004372e-05,-1.1227759341157887e-05,-3.137013774241935e-06
2.4879802755539514e-06,-2.6675619638916727e-06,4.547536727108208e-08,-1.2749778638149895e-05,-1.137412129710387e-05,-3.160239790179702e-06
2.487817619427994e-06,-2.6673644262178344e-06,4.4562565110402106e-08,-1.2906373714694243e-05,-1.1519847815372233e-05,-3.1824717159299765e-06
2.4876581310918003e-06,-2.6671705125504836e-06,4.366801900631832e-08,-1.306209099179845e-05,-1.1664885109561385e-05,-3.203696203603196e-06
2.487501745310083e-06,-2.666980156283525e-06,4.279136375317046e-08,-1.3216873925011747e-05,-1.1809179481392842e-05,-3.223900610287148e-06
2.4873483979346437e-06,-2.6667932919035342e-06,4.193224187050848e-08,-1.337066620725e-05,-1.1952677348855299e-05,-3.243073008441367e-06
2.4871980261954244e-06,-2.666609855248284e-06,4.109030202646211e-08,-1.3523411798216602e-05,-1.2095325273821473e-05,-3.2612021933910684e-06
2.487050568928327e-06,-2.666429783784513e-06,4.026520115463509e-08,-1.3675054951269918e-05,-1.2237069991080402e-05,-3.278277692000686e-06
2.4869059661335323e-06,-2.6662530161315404e-06,3.9456602036352496e-08,-1.382554024128985e-05,-1.2377858435204812e-05,-3.294289769959647e-06
2.4867641585468926e-06,-2.66607949158579e-06,3.8664175183243615e-08,-1.3974812593210615e-05,-1.2517637768750807e-05,-3.309229438068946e-06
2.4866250888170086e-06,-2.6659091514005996e-06,3.788759649163716e-08,-1.412281730755585e-05,-1.2656355410179955e-05,-3.3230884583750394e-06
2.4864887005545198e-06,-2.6657419377576423e-06,3.712654951705511e-08,-1.4269500088638308e-05,-1.2793959060449126e-05,-3.3358593492490623e-06
2.4863549383400975e-06,-2.665577793781598e-06,3.638072331066175e-08,-1.4414807070317006e-05,-1.2930396731432167e-05,-3.347535389605601e-06
2.486223748517301e-06,-2.665416664371948e-06,3.5649813751812496e-08,-1.4558684842531599e-05,-1.3065616772537544e-05,-3.358110622954934e-06
2.4860950773956673e-06,-2.6652584943066993e-06,3.4933522276890895e-08,-1.4701080477503607e-05,-1.3199567897436923e-05,-3.367579859776086e-06
2.4859688738469415e-06,-2.6651032310011487e-06,3.423155657042865e-08,-1.4841941555049535e-05,-1.3332199211071335e-05,-3.375938680736374e-06
2.4858450866941167e-06,-2.66495082171757e-06,3.354363008423643e-08,-1.4981216188338008e-05,-1.3463460235935713e-05,-3.383183437204852e-06
2.4857236662483753e-06,-2.6648012152147586e-06,3.286946195498534e-08,-1.5118853048092694e-05,-1.3593300939362667e-05,-3.389311252473478e-06
2.4856045638538415e-06,-2.6646543612607384e-06,3.2208777296783324e-08,-1.5254801388238393e-05,-1.3721671757836275e-05,-3.394320022215009e-06
2.485487731737263e-06,-2.6645102104613607e-06,3.1561306433639304e-08,-1.5389011069548816e-05,-1.3848523624636718e-05,-3.3982084131090494e-06
2.4853731236773832e-06,-2.6643687149980497e-06,3.09267849361875e-08,-1.5521432583072295e-05,-1.3973807993626763e-05,-3.4009758623284955e-06
2.485260693771205e-06,-2.664229827286475e-06,3.030495362167622e-08,-1.5652017074667684e-05,-1.4097476865869376e-05,-3.402622574777808e-06
2.485150397155661e-06,-2.6640935007556167e-06,2.969555910329273e-08,-1.5780716367874978e-05,-1.4219482813442029e-05,-3.40314952126108e-06
2.485042190350843e-06,-2.6639596902234125e-06,2.9098352387877728e-08,-1.5907482986119735e-05,-1.4339779005443617e-05,-3.4025584340133145e-06
2.4849360305403814e-06,-2.6638283511228887e-06,2.8513089972858736e-08,-1.6032270175916773e-05,-1.4458319230615346e-05,-3.4008518036472667e-06
2.4848318754769376e-06,-2.6636994393879786e-06,2.7939532618629213e-08,-1.615503192763128e-05,-1.457505792215414e-05,-3.39803287336635e-06
2.4847296845000093e-06,-2.6635729125745405e-06,2.7377446239909457e-08,-1.627572299801639e-05,-1.4689950181638011e-05,-3.394105634856735e-06
2.4846294172541838e-06,-2.663448728447276e-06,2.6826601929325697e-08,-1.6394298931196358e-05,-1.4802951801397019e-05,-3.3890748207239184e-06
2.4845310342054748e-06,-2.663326845574954e-06,2.628677421560424e-08,-1.6510716078872616e-05,-1.4914019288050049e-05,-3.382945899080325e-06
2.484434497044069e-06,-2.6632072237287213e-06,2.5757743081280027e-08,-1.6624931621084912e-05,-1.5023109884487185e-05,-3.375725065204689e-06
2.4843397683415346e-06,-2.6630898235343647e-06,2.5239292472923636e-08,-1.6736903585418203e-05,-1.5130181592379545e-05,-3.3674192342006636e-06
2.484246810869544e-06,-2.662974605736579e-06,2.473121077473859e-08,-1.6846590866764585e-05,-1.5235193193190223e-05,-3.358036032184382e-06
2.4841555885140348e-06,-2.6628615321836623e-06,2.4233291034701513e-08,-1.6953953246419112e-05,-1.5338104270489816e-05,-3.347583786930757e-06
2.4840660663110652e-06,-2.662750565864056e-06,2.3745329485732355e-08,-1.7058951409732344e-05,-1.543887522888569e-05,-3.3360715183879707e-06
2.483978209301091e-06,-2.662641669665716e-06,2.3267127092442304e-08,-1.7161546964984102e-05,-1.553746731672609e-05,-3.3235089278319455e-06
2.4838919839014932e-06,-2.662534807880075e-06,2.2798488551675947e-08,-1.726170246025888e-05,-1.563384264394701e-05,-3.3099063874301803e-06
2.4838073570480015e-06,-2.66242994524337e-06,2.2339223035250637e-08,-1.7359381400432207e-05,-1.5727964202500256e-05,-3.295274928806422e-06
2.4837242961772515e-06,-2.662327046955813e-06,2.188914274595506e-08,-1.745454826393502e-05,-1.581979588519953e-05,-3.279626230328565e-06
2.4836427696171256e-06,-2.662226079069889e-06,2.1448064190745684e-08,-1.7547168519295947e-05,-1.5909302504261156e-05,-3.2629726050487992e-06
2.4835627464439537e-06,-2.662127008359213e-06,2.1015806969474563e-08,-1.7637208639352184e-05,-1.5996449808373797e-05,-3.245326988095609e-06
2.4834841960840107e-06,-2.66202980187646e-06,2.059219484036519e-08,-1.7724636117569703e-05,-1.6081204501683254e-05,-3.226702921713472e-06
2.4834070890586236e-06,-2.6619344277666596e-06,2.0177054918701272e-08,-1.7809419481810045e-05,-1.61635342593634e-05,-3.207114542967092e-06
2.483331396125152e-06,-2.6618408543404956e-06,1.977021785194762e-08,-1.7891528308763194e-05,-1.6243407745046674e-05,-3.1865765680664127e-06
2.483257088754566e-06,-2.6617490505874874e-06,1.9371517379307714e-08,-1.7970933237270183e-05,-1.6320794625728803e-05,-3.1651042779822424e-06
2.4831841394904973e-06,-2.661658986554007e-06,1.898079112215938e-08,-1.804760598153481e-05,-1.6395665588227994e-05,-3.142713502556147e-06
2.4831125208074935e-06,-2.6615706321436105e-06,1.859787933967768e-08,-1.8121519343558045e-05,-1.6467992353256907e-05,-3.1194206056026278e-06
2.4830422063328393e-06,-2.661483958393195e-06,1.8222625672352188e-08,-1.819264722512845e-05,-1.653774768985564e-05,-3.0952424677353025e-06
2.482973169340295e-06,-2.661398935895458e-06,1.7854877158791487e-08,-1.8260964638591314e-05,-1.6604905429075237e-05,-3.0701964704837756e-06
2.4829053849202878e-06,-2.661315537095511e-06,1.749448350309789e-08,-1.8326447719616193e-05,-1.6669440477383655e-05,-3.044300479522257e-06
2.4828388281639902e-06,-2.6612337343645895e-06,1.7141297729777005e-08,-1.838907373496847e-05,-1.6731328829017e-05,-3.0175728266839584e-06
2.482773474395577e-06,-2.661153500241318e-06,1.6795175805192093e-08,-1.844882109516583e-05,-1.679054757844182e-05,-2.9900322931689283e-06
2.4827092997305552e-06,-2.6610748080354495e-06,1.64559762169894e-08,-1.8505669361250634e-05,-1.6847074930430387e-05,-2.9616980912461617e-06
2.4826462809856634e-06,-2.660997631729572e-06,1.612356040999409e-08,-1.8559599255670073e-05,-1.690089021268952e-05,-2.9325898465108184e-06
2.4825843951576582e-06,-2.6609219454213787e-06,1.5797792976948177e-08,-1.861059266915952e-05,-1.6951973885019948e-05,-2.9027275788577658e-06
2.4825236198278597e-06,-2.660847723756123e-06,1.5478540945071467e-08,-1.865863266918021e-05,-1.7000307549419366e-05,-2.872131684433481e-06
2.4824639331371265e-06,-2.6607749419073964e-06,1.5165673738862883e-08,-1.8703703507468718e-05,-1.7045873958825418e-05,-2.8408229164985633e-06
2.4824053136143647e-06,-2.660703575389513e-06,1.4859063950944077e-08,-1.8745790624921917e-05,-1.708865702596983e-05,-2.808822365950246e-06
2.4823477406685143e-06,-2.6606336005841625e-06,1.455858635298627e-08,-1.878488066014569e-05,-1.7128641830705848e-05,-2.7761514433228724e-06
2.4822911933412303e-06,-2.660564993409522e-06,1.4264118262504185e-08,-1.88209614530076e-05,-1.7165814627890863e-05,-2.7428318572842745e-06
2.4822356522372297e-06,-2.6604977313834998e-06,1.397553956845893e-08,-1.8854022051187183e-05,-1.720016285379796e-05,-2.7088855972468506e-06
2.482181097147727e-06,-2.660431791088077e-06,1.3692732617157903e-08,-1.8884052713839652e-05,-1.723167513208343e-05,-2.6743349119056e-06
2.4821275092886867e-06,-2.6603671505569708e-06,1.341558170387796e-08,-1.8911044914926564e-05,-1.7260341279115815e-05,-2.639202290364277e-06
2.48207486983215e-06,-2.6603037877106514e-06,1.3143973723572872e-08,-1.8934991348211765e-05,-1.728615230880545e-05,-2.603510441894652e-06
2.4820231603500248e-06,-2.6602416808288738e-06,1.2877797935915282e-08,-1.895588592903775e-05,-1.7309100437295138e-05,-2.567282276001054e-06
2.48197236301585e-06,-2.6601808087720318e-06,1.2616945609609886e-08,-1.897372379665708e-05,-1.7329179085819043e-05,-2.530540881915928e-06
2.481922460407716e-06,-2.6601211507687082e-06,1.2361310317955696e-08,-1.8988501316452816e-05,-1.734638288428313e-05,-2.4933095092333754e-06
2.481873435139446e-06,-2.6600626860192854e-06,1.2110787763091064e-08,-1.9000216081492815e-05,-1.7360707673568965e-05,-2.455611547245135e-06
2.4818252705924547e-06,-2.6600053944857774e-06,1.186527563738768e-08,-1.9008866911086392e-05,-1.7372150506449628e-05,-2.4174705049496115e-06
2.4817779502581083e-06,-2.6599492561837664e-06,1.1624673702387114e-08,-1.901445385400394e-05,-1.7380709649754694e-05,-2.378909991047053e-06
2.4817314581888048e-06,-2.6598942516713123e-06,1.138888391342204e-08,-1.9016978185923424e-05,-1.7386384584564538e-05,-2.3399536939208333e-06
2.4816857786371765e-06,-2.6598403616591756e-06,1.1157809712641448e-08,-1.9016442409763374e-05,-1.738917600551648e-05,-2.300625361119153e-06
2.4816408963428876e-06,-2.6597875673223996e-06,1.0931357423652705e-08,-1.9012850252685312e-05,-1.738908582094359e-05,-2.260948780314712e-06
2.4815967963182475e-06,-2.6597358500707962e-06,1.0709433818948365e-08,-1.9006206665427522e-05,-1.73861171507375e-05,-2.220947758383948e-06
2.481553463689066e-06,-2.6596851913758564e-06,1.049194859777278e-08,-1.899651781964056e-05,-1.738027432496071e-05,-2.180646102935714e-06
2.4815108844250563e-06,-2.6596355735638814e-06,1.0278813136516625e-08,-1.898379110355731e-05,-1.737156288112652e-05,-2.140067601466833e-06
2.481469044322688e-06,-2.659586978717902e-06,1.0069940344644969e-08,-1.8968035119994598e-05,-1.7359989560785118e-05,-2.0992360027034406e-06
2.481427929762458e-06,-2.6595393894923753e-06,9.86524514939548e-09,-1.8949259681024033e-05,-1.7345562306081954e-05,-2.0581749968945193e-06
2.4813875270464596e-06,-2.659492788408546e-06,9.664643753487783e-09,-1.8927475803642197e-05,-1.7328290254622923e-05,-2.016908197174058e-06
2.481347823296264e-06,-2.65944715881442e-06,9.468054468853593e-09,-1.890269570444147e-05,-1.7308183735921735e-05,-1.9754591199309125e-06
2.481308805729053e-06,-2.6594024841107127e-06,9.27539699353615e-09,-1.8874932793947924e-05,-1.7285254263905908e-05,-1.933851166837103e-06
2.481270461636253e-06,-2.659358747730368e-06,9.08659268382201e-09,-1.884420167007095e-05,-1.7259514532226066e-05,-1.8921076060711784e-06
2.4812327790968324e-06,-2.6593159339025405e-06,8.90156445171768e-09,-1.8810518111552936e-05,-1.723097840678976e-05,-1.8502515536595388e-06
2.4811957457023082e-06,-2.6592740262880277e-06,8.720236396024195e-09,-1.8773899070308695e-05,-1.7199660918267488e-05,-1.808305956316591e-06
2.481159350092495e-06,-2.659233009628728e-06,8.542535225351663e-09,-1.873436266320981e-05,-1.7165578254348863e-05,-1.7662935732856568e-06
2.481123580500297e-06,-2.6591928681839674e-06,8.368388058674502e-09,-1.869192816431302e-05,-1.7128747751193957e-05,-1.7242369585268782e-06
2.481088425886517e-06,-2.6591535869547686e-06,8.197723668850871e-09,-1.8646615995423324e-05,-1.7089187883635592e-05,-1.6821584448063391e-06
2.4810538753377996e-06,-2.6591151510343282e-06,8.030472601052948e-09,-1.8598447716323993e-05,-1.704691825657516e-05,-1.640080125696607e-06
2.4810199178639564e-06,-2.6590775453953834e-06,7.866566694928003e-09,-1.854744601556169e-05,-1.7001959593630524e-05,-1.5980238396589418e-06
2.48098654336517e-06,-2.6590407559271246e-06,7.705938749429786e-09,-1.8493634698678093e-05,-1.695433372650579e-05,-1.5560111542365054e-06
2.4809537414031583e-06,-2.6590047681186505e-06,7.548523304970612e-09,-1.8437038677995827e-05,-1.6904063583306124e-05,-1.5140633498625038e-06
2.4809215019242826e-06,-2.6589695678380228e-06,7.394256153959268e-09,-1.8377683960739035e-05,-1.685117317732453e-05,-1.4722014043448352e-06
2.4808898151201582e-06,-2.6589351411803104e-06,7.2430744641080415e-09,-1.8315597636931954e-05,-1.6795687593552717e-05,-1.43044597866915e-06
2.480858671378084e-06,-2.658901474420084e-06,7.094916220841529e-09,-1.82508078655211e-05,-1.67376329754139e-05,-1.3888174015320903e-06
2.4808288902801045e-06,-2.658867781500314e-06,-6.162556410598829e-07,-1.825194462253037e-05,-1.6452364439439013e-05,-1.3473354687806676e-06
2.4807986175203044e-06,-2.6588357692700637e-06,-4.763353602908696e-07,-1.816641884768093e-05,-1.643974850601525e-05,-1.3060202055390018e-06
2.4807678838470326e-06,-2.658805388794488e-06,3.9857453864081685e-07,-1.799737515679855e-05,-1.6689618487318996e-05,-1.2648908720822076e-06
2.480738832218671e-06,-2.6587746184991416e-06,3.9059975203764687e-07,-1.792293695349694e-05,-1.661874406396811e-05,-1.2239658631608933e-06
2.4807102790424884e-06,-2.658744543186232e-06,3.827844607582486e-07,-1.7845934407299904e-05,-1.6545503226995676e-05,-1.1832638894144546e-06
2.4806822150509276e-06,-2.65871514932765e-06,3.751254748087648e-07,-1.7766402146077305e-05,-1.6469927033914586e-05,-1.142803006315502e-06
2.4806546330385255e-06,-2.658686425583466e-06,3.676196683397677e-07,-1.768437575792993e-05,-1.6392047516347436e-05,-1.1026008480149024e-06
2.4806275241084447e-06,-2.6586583587804472e-06,3.6026397767332443e-07,-1.7599891772648783e-05,-1.6311897661152757e-05,-1.0626746161112968e-06
2.4806008810104818e-06,-2.6586309374912822e-06,3.5305540014466995e-07,-1.7512987646949123e-05,-1.6229511392828105e-05,-1.0230410691351886e-06
2.480574695860301e-06,-2.658604149593112e-06,3.459909939070654e-07,-1.74237017438203e-05,-1.6144923554053332e-05,-9.837165123488587e-07
2.4805489610202206e-06,-2.6585779832103675e-06,3.390678756150428e-07,-1.733207331598345e-05,-1.605816988620626e-05,-9.447167884378726e-07
2.480523669261298e-06,-2.658552426892969e-06,3.322832192544808e-07,-1.7238142486795688e-05,-1.5969287009989304e-05,-9.060572691358806e-07
2.48049881360421e-06,-2.6585274694449206e-06,3.256342555668723e-07,-1.7141950230932155e-05,-1.587831240389119e-05,-8.67752845773898e-07
2.4804743869460073e-06,-2.6585030995273275e-06,3.1911827100876297e-07,-1.704353835462416e-05,-1.578528438448052e-05,-8.298179224177992e-07
2.480450382130523e-06,-2.6584793057361176e-06,3.127326058134491e-07,-1.694294947456484e-05,-1.56902420837572e-05,-7.922664074272036e-07
2.4804267926382095e-06,-2.6584560773391086e-06,3.064746536990893e-07,-1.684022699936854e-05,-1.5593225428779967e-05,-7.551117078558303e-07
2.480403611860093e-06,-2.6584334035065773e-06,3.003418600915006e-07,-1.6735415105034803e-05,-1.5494275117852068e-05,-7.18366722533492e-07
2.4803808333091287e-06,-2.658411273531023e-06,2.943317222661982e-07,-1.6628558715852613e-05,-1.539343259876093e-05,-6.82043836227066e-07
2.480358450528937e-06,-2.658389676737257e-06,2.884417867871509e-07,-1.6519703481307714e-05,-1.5290740045296942e-05,-6.461549146792458e-07
2.4803364576740436e-06,-2.6583686031044192e-06,2.826696498884855e-07,-1.6408895752767963e-05,-1.5186240332995162e-05,-6.107113005562775e-07
2.480314848363692e-06,-2.6583480420383223e-06,2.770129552625775e-07,-1.6296182561167838e-05,-1.5079977016542247e-05,-5.757238082959091e-07
2.480293616627004e-06,-2.658327983385321e-06,2.7146939441223e-07,-1.6181611593027652e-05,-1.4971994303658493e-05,-5.412027217516831e-07
2.4802727569515404e-06,-2.6583084174890963e-06,2.660367041886309e-07,-1.60652311659176e-05,-1.4862337031006008e-05,-5.071577908206958e-07
2.480252263401598e-06,-2.6582893342432074e-06,2.607126678939303e-07,-1.5947090204588013e-05,-1.4751050639153239e-05,-4.735982290566951e-07
2.4802321304223487e-06,-2.6582707239595175e-06,2.5549511175043994e-07,-1.5827238215434198e-05,-1.4638181146318156e-05,-4.4053271178275435e-07
2.480212352714077e-06,-2.658252577230734e-06,2.50381906755644e-07,-1.570572526107238e-05,-1.4523775122389086e-05,-4.0796937579296787e-07
2.4801929249479588e-06,-2.658234884630816e-06,2.453709655887534e-07,-1.5582601934693534e-05,-1.4407879662834476e-05,-3.759158176420841e-07
2.4801738415454594e-06,-2.6582176364762644e-06,2.4046024288772187e-07,-1.5457919334306234e-05,-1.429054236200205e-05,-3.4437909386068226e-07
2.480155097606429e-06,-2.658200823826745e-06,2.356477345558946e-07,-1.533172903409292e-05,-1.4171811285057936e-05,-3.133657220758617e-07
2.480136688111186e-06,-2.658184437630934e-06,2.309314758978126e-07,-1.5204083059429874e-05,-1.4051734941840897e-05,-2.828816816288811e-07
2.4801186078417056e-06,-2.6581684686410754e-06,2.26309542592386e-07,-1.5075033857688372e-05,-1.3930362257691284e-05,-2.5293241461606866e-07
2.480100852247357e-06,-2.6581529083417457e-06,2.2178004728452983e-07,-1.4944634271922427e-05,-1.3807742546528085e-05,-2.2352282989782324e-07
2.4800834162992874e-06,-2.6581377477336142e-06,2.1734114184040637e-07,-1.4812937511003789e-05,-1.3683925481927652e-05,-1.946573038585156e-07
2.4800662955213564e-06,-2.658122978425027e-06,2.1299101407146677e-07,-1.4679997122532515e-05,-1.3558961068174638e-05,-1.6633968419518078e-07
2.48004948522877e-06,-2.658108591827541e-06,2.0872788873327246e-07,-1.454586696186178e-05,-1.343289961170151e-05,-1.3857329515647093e-07
2.4800329808628587e-06,-2.658094579516888e-06,2.045500256584338e-07,-1.4410601164564351e-05,-1.3305791691528897e-05,-1.1136093947000102e-07
2.480016778188565e-06,-2.6580809334403574e-06,2.0045571963807764e-07,-1.4274254116012481e-05,-1.3177688130594028e-05,-8.47049061590858e-08
2.4800008724253564e-06,-2.6580676449913982e-06,1.9644329962244587e-07,-1.413688042062477e-05,-1.3048639964248201e-05,-5.8606972876035164e-08
2.4799852598605715e-06,-2.6580547067419867e-06,1.925111278569607e-07,-1.399853487366649e-05,-1.2918698412612217e-05,-3.306841417336416e-08
2.4799699359500964e-06,-2.6580421103986195e-06,1.8865759917511384e-07,-1.3859272427942929e-05,-1.2787914847963584e-05,-8.090006905833591e-09
2.4799548966368128e-06,-2.6580298482328443e-06,1.8488114096315942e-07,-1.3719148166154867e-05,-1.2656340767230753e-05,1.632796271784723e-08
2.4799401379102186e-06,-2.6580179125973653e-06,1.8118021201419089e-07,-1.3578217265482451e-05,-1.2524027758686387e-05,4.018569156285795e-08
2.4799256557351824e-06,-2.6580062958584385e-06,1.775533013308395e-07,-1.3436534971161923e-05,-1.239102747327591e-05,6.34838517966346e-08
2.4799114461849937e-06,-2.6579949905373586e-06,1.7399892862123297e-07,-1.3294156560847467e-05,-1.2257391592643025e-05,8.622358275119666e-08
2.479897505468111e-06,-2.6579839893359016e-06,1.70515643462279e-07,-1.3151137314968293e-05,-1.212317179887618e-05,1.0840648146015411e-07
2.4798838295487925e-06,-2.657973284750666e-06,1.6710202359555073e-07,-1.3007532484643192e-05,-1.1988419743283492e-05,1.300345943701126e-07
2.479870414971074e-06,-2.657962869929824e-06,1.6375667595272965e-07,-1.2863397258484899e-05,-1.1853187014917978e-05,1.5111040710746717e-07
2.4798572577353767e-06,-2.6579527374911014e-06,1.6047823512673796e-07,-1.2718786731402837e-05,-1.171752510985208e-05,1.7163683417231628e-07
2.479844354206993e-06,-2.657942880488914e-06,1.5726536307251488e-07,-1.2573755871518493e-05,-1.158148540009143e-05,1.916172093332272e-07
2.4798317011078308e-06,-2.657933292409488e-06,1.541167481356769e-07,-1.2428359487857954e-05,-1.1445119101322872e-05,2.1105527336265791e-07
2.4798192947569284e-06,-2.6579239663574813e-06,1.5103110540037623e-07,-1.2282652197489327e-05,-1.1308477242383315e-05,2.2995516481681124e-07
2.479807131525469e-06,-2.657914895542912e-06,1.4800717521508484e-07,-1.2136688393659337e-05,-1.1171610634090207e-05,2.4832140652553276e-07
2.479795208177952e-06,-2.6579060736520133e-06,1.450437234985043e-07,-1.1990522212264652e-05,-1.103456983776671e-05,2.661588948230686e-07
2.4797835212325675e-06,-2.657897494159806e-06,1.4213954091120435e-07,-1.1844207498878243e-05,-1.0897405133766872e-05,2.8347288686020724e-07
2.4797720674303825e-06,-2.657889150839803e-06,1.3929344154143988e-07,-1.1697797776775002e-05,-1.076016649019507e-05,3.0026898856001875e-07
2.4797608431896103e-06,-2.6578810371691577e-06,1.365042642161327e-07,-1.155134621318098e-05,-1.0622903532374879e-05,3.165531410938618e-07
2.479749845691199e-06,-2.65787314751076e-06,1.337708700750626e-07,-1.1404905588076141e-05,-1.0485665512068115e-05,3.32331608358348e-07
2.4797390713998983e-06,-2.6578654755098827e-06,1.31092143911757e-07,-1.1258528260110536e-05,-1.0348501275888985e-05,3.4761096370547265e-07
2.4797285172071666e-06,-2.6578580153350344e-06,1.284669919051608e-07,-1.1112266134518873e-05,-1.0211459234550897e-05,3.623980755122506e-07
2.479718179755413e-06,-2.6578507609457518e-06,1.2589434309827655e-07,-1.0966170631257163e-05,-1.0074587333612076e-05,3.767000953168564e-07
2.4797080562253977e-06,-2.657843706947355e-06,1.233731471248668e-07,-1.0820292651251929e-05,-9.93793302202846e-06,3.9052444137944116e-07
2.4796981433475244e-06,-2.657836847522252e-06,1.2090237455159803e-07,-1.0674682547312403e-05,-9.801543222371983e-06,4.03878786366378e-07
2.4796884383051025e-06,-2.6578301773996783e-06,1.184810177755475e-07,-1.0529390088159322e-05,-9.665464300937785e-06,4.16771042619782e-07
2.479678937647945e-06,-2.6578236907046077e-06,1.16108087802475e-07,-1.0384464430003233e-05,-9.52974203843432e-06,4.2920934778350614e-07
2.479669638656662e-06,-2.6578173824084536e-06,1.1378261613349263e-07,-1.0239954084014997e-05,-9.394421600867738e-06,4.4120204983674973e-07
2.479660538466044e-06,-2.657811247391516e-06,1.1150365397858348e-07,-1.0095906884684425e-05,-9.259547509898915e-06,4.527576928145935e-07
2.4796516339985387e-06,-2.6578052803817432e-06,1.0927027100175282e-07,-9.95236996051044e-06,-9.125163615087858e-06,4.638850027575339e-07
2.479642922116005e-06,-2.6577994761021755e-06,1.07081555550883e-07,-9.8093897016936e-06,-8.991313064861365e-06,4.745928721040978e-07
2.4796344005161524e-06,-2.657793830252286e-06,1.0493661425130205e-07,-9.66701173160338e-06,-8.85803827981214e-06,4.848903449777238e-07
2.4796260658529596e-06,-2.657788337475282e-06,1.028345718222265e-07,-9.525280875802982e-06,-8.72538092386074e-06,4.947866034650039e-07
2.4796179153839183e-06,-2.657782993138589e-06,1.0077457002153605e-07,-9.384241134737854e-06,-8.593381878526123e-06,5.042909515304078e-07
2.4796099464131503e-06,-2.6577777927349706e-06,9.875576807877287e-08,-9.243935652649496e-06,-8.462081216002746e-06,5.134128017143438e-07
2.479602155920418e-06,-2.6577727314756917e-06,9.677734199931262e-08,-9.104406690486002e-06,-8.331518172792731e-06,5.221616592265393e-07
2.4795945415322136e-06,-2.657767805334336e-06,9.483848446871119e-08,-8.965695599700842e-06,-8.201731125808314e-06,5.30547108355294e-07
2.4795871001025708e-06,-2.657763009550703e-06,9.293840415454042e-08,-8.827842791832764e-06,-8.072757565587693e-06,5.385787974334137e-07
2.4795798291838954e-06,-2.6577583401667205e-06,9.107632524262134e-08,-8.690887714413976e-06,-7.944634072647243e-06,5.462664250223888e-07
2.4795727259025017e-06,-2.6577537928498496e-06,8.925148787610553e-08,-8.554868824546854e-06,-7.817396294860734e-06,5.53619725518021e-07
2.479565787613715e-06,-2.6577493635953473e-06,8.746314696297347e-08,-8.419823563368833e-06,-7.69107892333971e-06,5.606484552179331e-07
2.479559011523056e-06,-2.6577450483047014e-06,8.571057284844673e-08,-8.285788331294457e-06,-7.56571567042328e-06,5.673623781106512e-07
2.4795523951896233e-06,-2.657740843331487e-06,8.399305006517598e-08,-8.15279846558888e-06,-7.441339248361842e-06,5.737712532172742e-07
2.4795459358656723e-06,-2.657736744787517e-06,8.230987777833429e-08,-8.020888215165837e-06,-7.317981347973033e-06,5.798848201923379e-07
2.4795396308759076e-06,-2.6577327489325475e-06,8.066036899430464e-08,-7.89009072060364e-06,-7.195672619185031e-06,5.857127867288069e-07
2.4795334777148276e-06,-2.657728852281883e-06,7.904385025368176e-08,-7.76043799116357e-06,-7.074442651080303e-06,5.912648154213925e-07
2.47952747396417e-06,-2.657725051524468e-06,7.74596617624123e-08,-7.631960885361007e-06,-6.954319953743427e-06,5.965505119816601e-07
2.479521616639613e-06,-2.6577213428167372e-06,7.590715709030031e-08,-7.504689090315287e-06,-6.835331940775076e-06,6.015794115982786e-07
2.479515903254671e-06,-2.6577177229274584e-06,7.438570217896076e-08,-7.378651104319212e-06,-6.717504912277814e-06,6.063609684857075e-07
2.4795103314129523e-06,-2.6577141887944184e-06,7.289467632451066e-08,-7.253874218742447e-06,-6.600864039646067e-06,6.109045429487539e-07
2.479504898493121e-06,-2.6577107371938213e-06,7.143347103301359e-08,-7.130384501378174e-06,-6.485433350272739e-06,6.152193910487789e-07
2.47949960226047e-06,-2.657707365386054e-06,7.000148979422684e-08,-7.008206780677937e-06,-6.371235713615926e-06,6.193146529944618e-07
2.479494439551196e-06,-2.657704069719484e-06,6.859814801248409e-08,-6.887364631873882e-06,-6.258292828792156e-06,6.231993435450505e-07
2.4794894085383642e-06,-2.657700848041935e-06,6.722287308426985e-08,-6.767880363767103e-06,-6.146625212919032e-06,6.268823409326167e-07
2.4794845062698825e-06,-2.657697697077413e-06,6.587510358607928e-08,-6.6497750059600925e-06,-6.0362521899852274e-06,6.303723777312917e-07
2.479479730540719e-06,-2.657694614417234e-06,6.455428934889029e-08,-6.533068298087591e-06,-5.927191881441349e-06,6.336780315307292e-07
2.479475078716916e-06,-2.657691597274344e-06,6.325989145246307e-08,-6.417778681378902e-06,-5.819461198511613e-06,6.368077161386439e-07
2.4794705484595116e-06,-2.6576886432463443e-06,6.199138125614376e-08,-6.303923288665894e-06,-5.713075833756144e-06,6.397696730726229e-07
2.4794661374395424e-06,-2.6576857500159744e-06,6.07482415162046e-08,-6.1915179388318935e-06,-5.608050257018656e-06,6.425719637761921e-07
2.4794618431040973e-06,-2.6576829150947084e-06,5.952996422074869e-08,-6.0805771301503624e-06,-5.504397708209992e-06,6.452224622904567e-07
2.4794576630979526e-06,-2.6576801362809544e-06,5.833605265231705e-08,-5.97111403673218e-06,-5.402130196752995e-06,6.4772884831412e-07
2.4794535949632464e-06,-2.6576774113362584e-06,5.716601918663291e-08,-5.863140505306013e-06,-5.301258496891805e-06,6.500986005863695e-07
2.479449636189528e-06,-2.6576747380308193e-06,5.601938640099468e-08,-5.756667054885252e-06,-5.201792149357196e-06,6.523389910699165e-07
2.4794457845399187e-06,-2.6576721145018927e-06,5.4895685955091316e-08,-5.65170287543575e-06,-5.103739460200824e-06,6.544570796919648e-07
2.4794420377550454e-06,-2.6576695389202973e-06,5.379445977053264e-08,-5.5482558320946735e-06,-5.007107504375697e-06,6.564597093762948e-07
2.4794383934830982e-06,-2.657667009440415e-06,5.2715257775452646e-08,-5.446332466280728e-06,-4.911902128733754e-06,6.583535016991965e-07
2.47943484920037e-06,-2.657664524090401e-06,5.16576396338855e-08,-5.345938002133464e-06,-4.8181279568553464e-06,6.601448530453362e-07
2.4794314025610066e-06,-2.657662081158e-06,5.0621173930188586e-08,-5.2470763533966505e-06,-4.725788396820793e-06,6.618399312631216e-07
2.479428051614002e-06,-2.6576596794172454e-06,4.960543725639441e-08,-5.149750131633933e-06,-4.634885648704362e-06,6.634446728617352e-07
2.4794247936656844e-06,-2.657657316912168e-06,4.861001564100168e-08,-5.0539606557767516e-06,-4.545420714566285e-06,6.649647815118104e-07
2.4794216267713313e-06,-2.6576549925507597e-06,4.7634502313449806e-08,-4.959707966668265e-06,-4.457393411081546e-06,6.664057252977804e-07
2.4794185485507424e-06,-2.6576527048353692e-06,4.667849926539093e-08,-4.866990838276601e-06,-4.3708023807808825e-06,6.677727364405624e-07
2.479415556634445e-06,-2.6576504523480846e-06,4.574161621320039e-08,-4.77580679579149e-06,-4.28564510981434e-06,6.690708103673601e-07
2.4794126487016788e-06,-2.6576482337764668e-06,4.482347058110932e-08,-4.686152132055562e-06,-4.201917942245408e-06,6.703047062528288e-07
2.4794098229037327e-06,-2.6576460483659393e-06,4.3923688055104916e-08,-4.59802192865859e-06,-4.1196161003958395e-06,6.714789462006124e-07
2.479407076660942e-06,-2.657643894657002e-06,4.304190122874786e-08,-4.511410077253756e-06,-4.038733705301527e-06,6.725978184902512e-07
2.479404407994343e-06,-2.6576417718739802e-06,4.217774977990535e-08,-4.426309302872339e-06,-3.959263797945498e-06,6.736653770084185e-07
2.4794018147167033e-06,-2.6576396790815297e-06,4.1330881587390694e-08,-4.342711190791107e-06,-3.8811983649318444e-06,6.746854449541926e-07
2.4793992944199425e-06,-2.6576376151569242e-06,4.050095072342715e-08,-4.2606062155091275e-06,-3.804528364076348e-06,6.756616167262603e-07
2.479396845159639e-06,-2.6576355795332455e-06,3.9687618163487776e-08,-4.17998376950254e-06,-3.7292437533000386e-06,6.76597261878056e-07
2.479394464566632e-06,-2.6576335712380303e-06,3.889055228098332e-08,-4.1008321969753314e-06,-3.655333520938294e-06,6.774955277267557e-07
2.47939215084103e-06,-2.657631589958535e-06,3.810942753101417e-08,-4.023138829053393e-06,-3.58278571782628e-06,6.783593453066949e-07
2.4793899017807713e-06,-2.6576296350096043e-06,3.7343925688753935e-08,-3.946890020421877e-06,-3.5115874929093597e-06,6.791914326166421e-07
2.479387715330335e-06,-2.657627705906621e-06,3.6593733455761616e-08,-3.8720711888491216e-06,-3.4417251292143277e-06,6.799943007122489e-07
2.479385589182411e-06,-2.6576258019412303e-06,3.585854527811868e-08,-3.7986668584853427e-06,-3.373184083317836e-06,6.807702594510951e-07
2.479383521495676e-06,-2.6576239229613874e-06,3.5138060764859256e-08,-3.726660703383367e-06,-3.3059490274516164e-06,6.815214238903975e-07
2.479381510060295e-06,-2.6576220684572426e-06,3.443198605470229e-08,-3.6560355946830956e-06,-3.2400038918019773e-06,6.822497207122774e-07
2.4793795530294104e-06,-2.657620238353254e-06,3.374003270332985e-08,-3.5867736516817535e-06,-3.1753319121938905e-06,6.82956895703734e-07
2.4793776480626505e-06,-2.6576184320991004e-06,3.306191836144275e-08,-3.5188562909057344e-06,-3.1119156765815922e-06,6.83644521888905e-07
2.4793746229398982e-06,-2.657617741566693e-06,9.131580566649948e-07,-3.3560172201645225e-06,-3.366502169094731e-06,6.843137422688303e-07
2.479371827541544e-06,-2.6576169063716364e-06,1.65830850599818e-06,-3.2092319807191336e-06,-3.573769561078867e-06,6.849661082115942e-07
2.479369244066924e-06,-2.6576159399709374e-06,2.279749694267664e-06,-3.077252162298936e-06,-3.7377402490580235e-06,6.85602722351964e-07
2.479366855604802e-06,-2.657614856756897e-06,2.7887064556398117e-06,-2.958830195179606e-06,-3.8624319891466125e-06,6.862245494813365e-07
2.4793646450785974e-06,-2.657613670894203e-06,3.196389395397981e-06,-2.852719699302655e-06,-3.951857016817201e-06,6.868324264015377e-07
2.4793625954061564e-06,-2.6576123964934427e-06,3.513992537441681e-06,-2.757675803543169e-06,-4.010021270111674e-06,6.874270734994684e-07
2.4793606898031083e-06,-2.6576110479300313e-06,3.7526912699575607e-06,-2.672455437457113e-06,-4.040923722651592e-06,6.880091045868818e-07
2.4793589113134726e-06,-2.6576096393430036e-06,3.923640601476504e-06,-2.5958175926207994e-06,-4.048555831249531e-06,6.885790380584539e-07
2.479357243298085e-06,-2.6576081851409595e-06,4.037973745454583e-06,-2.5265235503413555e-06,-4.036901102867797e-06,6.891373100342866e-07
2.4793556686373902e-06,-2.6576066991586595e-06,4.106801045381263e-06,-2.463337076624291e-06,-4.009934786476144e-06,6.896842849210231e-07
2.4793541710648694e-06,-2.6576051960634872e-06,4.141209257386406e-06,-2.4050245815090392e-06,-3.971623696859007e-06,6.902202685541172e-07
2.4793527335254466e-06,-2.6576036896197366e-06,4.152261204719302e-06,-2.3503552424364837e-06,-3.9259261733706505e-06,6.907455216036651e-07
2.479351339852474e-06,-2.657602194476577e-06,4.150995821947442e-06,-2.298101087093401e-06,-3.876792181299648e-06,6.912602723278455e-07
2.4793499763214237e-06,-2.6576007225599032e-06,4.146611391423821e-06,-2.2472356127148647e-06,-3.827510007080592e-06,6.917647306358599e-07
2.4793486392723017e-06,-2.6575992754036017e-06,4.140990755141168e-06,-2.1975321151326693e-06,-3.778737337559778e-06,6.92259102126547e-07
2.4793473284844765e-06,-2.657597852903371e-06,4.134180924247601e-06,-2.1489649194982155e-06,-3.730471998334451e-06,6.92743588425474e-07
2.4793460434621572e-06,-2.65759645466468e-06,4.126227595706474e-06,-2.101508905288313e-06,-3.682711724288034e-06,6.932183870358786e-07
2.4793447833852044e-06,-2.657595079936745e-06,4.11717518251425e-06,-2.055139494537166e-06,-3.6354541617001195e-06,6.936836920186987e-07
2.479343547697586e-06,-2.6575937282492054e-06,4.107066848069352e-06,-2.0098326405124545e-06,-3.588696874436489e-06,6.941396928545971e-07
2.4793423359702873e-06,-2.6575923992698014e-06,4.095944534806857e-06,-1.9655648167244467e-06,-3.5424373464753798e-06,6.945865756929745e-07
2.479341147899922e-06,-2.6575910927845724e-06,4.0838489958686625e-06,-1.9223130049359222e-06,-3.496672986126797e-06,6.95024522894012e-07
2.4793399825924217e-06,-2.6575898079546664e-06,4.0708198252261445e-06,-1.8800546860586532e-06,-3.45140112953017e-06,6.954537131813409e-07
2.4793388399006163e-06,-2.657588544735069e-06,4.056895485548714e-06,-1.8387678264979635e-06,-3.4066190440964666e-06,6.958743214200023e-07
2.4793377191976452e-06,-2.6575873025609036e-06,4.042113337441296e-06,-1.7984308717137257e-06,-3.362323932394368e-06,6.962865194213705e-07
2.479336619971774e-06,-2.6575860809911413e-06,4.02650966653282e-06,-1.759022733120011e-06,-3.318512934898444e-06,6.96690475235397e-07
2.4793355418957507e-06,-2.6575848797737986e-06,4.010119710951577e-06,-1.7205227788705126e-06,-3.275183133292429e-06,6.970863537473611e-07
2.479334484372408e-06,-2.6575836983737373e-06,3.992977686923625e-06,-1.6829108246439522e-06,-3.2323315541332796e-06,6.974743163309375e-07
2.4793334471544777e-06,-2.6575825366226983e-06,3.975116815492321e-06,-1.6461671243184649e-06,-3.1899551711274535e-06,6.978545213616807e-07
2.4793324297983768e-06,-2.657581394137635e-06,3.956569347172935e-06,-1.6102723594247244e-06,-3.148050908794942e-06,6.982271238700899e-07
2.479331431503333e-06,-2.6575802701460878e-06,3.937366586584509e-06,-1.575207630597458e-06,-3.1066156443291617e-06,6.985922760828562e-07
2.479330452254409e-06,-2.6575791647336372e-06,3.917538916306569e-06,-1.5409544500261618e-06,-3.0656462120936326e-06,6.98950126742848e-07
2.4793294916262797e-06,-2.657578077517368e-06,3.897115820523198e-06,-1.5074947299089972e-06,-3.0251394038442504e-06,6.993008218585315e-07
2.4793285489429094e-06,-2.657577007866349e-06,3.8761259072712285e-06,-1.474810776679844e-06,-2.9850919736977875e-06,6.996445046484633e-07
2.479327623983801e-06,-2.6575759556145346e-06,3.854596932242037e-06,-1.442885280350365e-06,-2.9455006388259837e-06,6.999813151110849e-07
2.4793267165828985e-06,-2.657574920674096e-06,3.832555819035626e-06,-1.4117013078488595e-06,-2.9063620830084653e-06,7.003113909684227e-07
2.4793258260107874e-06,-2.6575739023322616e-06,3.810028680743392e-06,-1.3812422944717386e-06,-2.867672958686855e-06,7.006348664864844e-07
2.479324952120399e-06,-2.657572900507724e-06,3.787040841734658e-06,-1.35149203633419e-06,-2.8294298891853917e-06,7.009518739324308e-07
2.479324094341139e-06,-2.6575719146579004e-06,3.7636168568298238e-06,-1.3224346813775454e-06,-2.791629470209903e-06,7.012625424921214e-07
2.4793232525895546e-06,-2.657570944768422e-06,3.7397805309681575e-06,-1.2940547242624232e-06,-2.754268274066807e-06,7.015669990750272e-07
2.479322426401648e-06,-2.657569990403181e-06,3.715554940151579e-06,-1.2663369954887057e-06,-2.7173428485530378e-06,7.018653676619868e-07
2.4793216154888188e-06,-2.6575690513204786e-06,3.690962448227488e-06,-1.2392666583980929e-06,-2.680849722229746e-06,7.021577701240025e-07
2.479320819495837e-06,-2.6575681272064434e-06,3.6660247269681975e-06,-1.2128291981830433e-06,-2.644785403700772e-06,7.024443255005981e-07
2.4793200378661406e-06,-2.657567217518913e-06,3.6407627733041715e-06,-1.1870104174460264e-06,-2.609146385554075e-06,7.027251512488311e-07
2.47931927064355e-06,-2.657566322371816e-06,3.61519692659905e-06,-1.1617964292052572e-06,-2.5739291444173415e-06,7.030003614253092e-07
2.4793185173960623e-06,-2.6575654413531493e-06,3.5893468868227575e-06,-1.1371736482350872e-06,-2.539130143872432e-06,7.032700684347959e-07
2.479317777769062e-06,-2.6575645741420345e-06,3.563231729845252e-06,-1.1131287878464865e-06,-2.5047458358987687e-06,7.035343824057167e-07
2.47931705148566e-06,-2.6575637204956624e-06,3.536869925262252e-06,-1.089648850006183e-06,-2.4707726618726264e-06,7.037934112456793e-07
2.479316338355993e-06,-2.657562880263559e-06,3.5102793513188417e-06,-1.0667211220061076e-06,-2.4372070552039935e-06,7.040472604055542e-07
2.4793156381411046e-06,-2.6575620532353478e-06,3.4834773105531115e-06,-1.0443331689139934e-06,-2.404045441725235e-06,7.042960333790839e-07
2.4793149505338357e-06,-2.6575612391373145e-06,3.4564805456190798e-06,-1.0224728276893005e-06,-2.371284241994875e-06,7.045398320359553e-07
2.47931427524114e-06,-2.657560437695639e-06,3.429305253585339e-06,-1.0011282017432286e-06,-2.3389198723246176e-06,7.047787554144376e-07
2.4793136118908123e-06,-2.657559648563929e-06,3.4019671000014386e-06,-9.802876556097421e-07,-2.3069487462504633e-06,7.05012901331211e-07
2.479312960079682e-06,-2.657558871353884e-06,3.374481233919101e-06,-9.599398077292212e-07,-2.2753672757262455e-06,7.052423652433956e-07
2.4793123198604394e-06,-2.6575581061578175e-06,3.3468623010632035e-06,-9.40073526340724e-07,-2.2441718722339167e-06,7.054672407065245e-07
2.479311690931005e-06,-2.6575573526989505e-06,3.319124457547364e-06,-9.206779243750504e-07,-2.213358948837505e-06,7.056876192080104e-07
2.4793110729634217e-06,-2.6575566106661115e-06,3.2912813826493598e-06,-9.017423534596193e-07,-2.1829249204052084e-06,7.059035912496282e-07
2.4793104658858413e-06,-2.657555880018401e-06,3.2633462919399013e-06,-8.832563985894812e-07,-2.152866205024964e-06,7.061152443074764e-07
2.4793098691791176e-06,-2.657555160240015e-06,3.235331949653867e-06,-8.652098737975223e-07,-2.1231792250314484e-06,7.06322665177335e-07
2.479309282785756e-06,-2.6575544513004348e-06,3.2072506807318e-06,-8.475928168254683e-07,-2.093860408477159e-06,7.065259383648432e-07
2.4793087063858457e-06,-2.6575537528971364e-06,3.1791143828366022e-06,-8.303954846830647e-07,-2.0649061896597953e-06,7.067251466267407e-07
2.479308140122141e-06,-2.657553065213126e-06,3.1509345381862468e-06,-8.136083482080468e-07,-2.0363130103157835e-06,7.069203714427154e-07
2.4793075835182624e-06,-2.65755238777324e-06,3.1227222238728586e-06,-7.972220882914487e-07,-2.0080773205639916e-06,7.071116922937673e-07
2.4793070362260687e-06,-2.6575517202293392e-06,3.094488124465257e-06,-7.81227590992682e-07,-1.980195579460861e-06,7.072991874254873e-07
2.479306498201064e-06,-2.6575510625720233e-06,3.0662425412692333e-06,-7.656159425435906e-07,-1.952664256304945e-06,7.074829332929533e-07
2.4793059691776923e-06,-2.657550414540867e-06,3.037995403936895e-06,-7.503784263509047e-07,-1.9254798314140803e-06,7.076630046995102e-07
2.479305449044832e-06,-2.6575497760447836e-06,3.0097562799203266e-06,-7.355065177782445e-07,-1.8986387963474506e-06,7.078394753380133e-07
2.4793049376079614e-06,-2.6575491469046724e-06,2.9815343850632004e-06,-7.20991879927325e-07,-1.8721376555986926e-06,7.080124170830592e-07
2.4793044346950358e-06,-2.6575485269618436e-06,2.953338592327078e-06,-7.06826360307335e-07,-1.8459729265959074e-06,7.081819002546723e-07
2.4793039398664297e-06,-2.657547915766376e-06,2.925177443268093e-06,-6.930019858389772e-07,-1.8201411402567853e-06,7.083479943538324e-07
2.479303453271136e-06,-2.657547313506958e-06,2.897059154639e-06,-6.795109601899791e-07,-1.7946388424319061e-06,7.08510767104909e-07
2.4793029747357516e-06,-2.6575467200216294e-06,2.8689916300430067e-06,-6.663456594452659e-07,-1.769462594432102e-06,7.08670284885878e-07
2.4793025038721238e-06,-2.6575461349080475e-06,2.840982466935526e-06,-6.534986272220144e-07,-1.7446089722235542e-06,7.088266126034291e-07
2.4793020406289757e-06,-2.657545558140744e-06,2.8130389660614744e-06,-6.409625733374283e-07,-1.7200745690645797e-06,7.089798140676628e-07
2.479301584744341e-06,-2.6575449894569662e-06,2.785168138991076e-06,-6.287303685907213e-07,-1.695855994783991e-06,7.091299521863927e-07
2.4793011363560186e-06,-2.6575444290255563e-06,2.757376717802469e-06,-6.167950412104411e-07,-1.6719498765027436e-06,7.092770876189954e-07
2.4793006949223192e-06,-2.6575438762841803e-06,2.7296711614654965e-06,-6.051497744120076e-07,-1.6483528593000718e-06,7.094212807886993e-07
2.479300260504315e-06,-2.657543331316777e-06,2.7020576647847287e-06,-5.937879025119663e-07,-1.6250616067130954e-06,7.095625903699099e-07
2.4792998327860893e-06,-2.657542793799446e-06,2.674542164899483e-06,-5.827029074863233e-07,-1.6020728007645712e-06,7.097010741902641e-07
2.4792994117844993e-06,-2.657542263770324e-06,2.64713034982796e-06,-5.718884160839946e-07,-1.5793831433784315e-06,7.098367886061395e-07
2.479298997521255e-06,-2.65754174126536e-06,2.6198276646732615e-06,-5.613381970512739e-07,-1.5569893557691566e-06,7.099697888357205e-07
2.4792985894278715e-06,-2.657541225696622e-06,2.592639319428948e-06,-5.510461564689197e-07,-1.5348881788303568e-06,7.101001294447302e-07
2.4792981876468575e-06,-2.6575407172246744e-06,2.565570295043985e-06,-5.410063369750246e-07,-1.5130763746058145e-06,7.102278634443703e-07
2.4792977919453792e-06,-2.6575402156184266e-06,2.5386253506544354e-06,-5.312129131020975e-07,-1.4915507252902756e-06,7.103530430268534e-07
2.479297402206366e-06,-2.6575397207621535e-06,2.511809030057234e-06,-5.216601897227759e-07,-1.47030803464499e-06,7.104757192739703e-07
2.4792970183412786e-06,-2.6575392325764915e-06,2.485125667593678e-06,-5.123425977199727e-07,-1.449345127498101e-06,7.105959420738259e-07
2.4792966400574324e-06,-2.6575387507617026e-06,2.4585793948227985e-06,-5.032546922105379e-07,-1.428658850299757e-06,7.107137606620787e-07
2.479296267501681e-06,-2.6575382754794757e-06,2.4321741463531465e-06,-4.943911505468769e-07,-1.4082460718437476e-06,7.108292229835641e-07
2.47929590054132e-06,-2.6575378066071105e-06,2.4059136658828028e-06,-4.857467677650505e-07,-1.3881036828511734e-06,7.109423761502638e-07
2.479295538713815e-06,-2.657537343654965e-06,2.3798015113542005e-06,-4.77316455363544e-07,-1.3682285961369661e-06,7.110532664968229e-07
2.4792951822338275e-06,-2.657536886865875e-06,2.3538410611637734e-06,-4.6909523897181686e-07,-1.3486177482197113e-06,7.111619391087051e-07
2.4792948308949003e-06,-2.6575364360239084e-06,2.328035519534715e-06,-4.610782545755531e-07,-1.3292680972677288e-06,7.112684384050644e-07
2.4792944846500605e-06,-2.657535991087759e-06,2.3023879207486725e-06,-4.5326074773952147e-07,-1.3101766254860497e-06,7.11372807819559e-07
2.479294143371192e-06,-2.6575355519330566e-06,2.276901136065903e-06,-4.456380700548724e-07,-1.291340337673116e-06,7.114750898142318e-07
2.47929380673439e-06,-2.6575351182207792e-06,2.2515778775016467e-06,-4.382056766966572e-07,-1.2727562621089562e-06,7.115753264346257e-07
2.479293474879164e-06,-2.6575346901003347e-06,2.2264207029707327e-06,-4.3095912564668487e-07,-1.2544214511102896e-06,7.116735581024161e-07
2.479293147529536e-06,-2.657534267291249e-06,2.2014320209793813e-06,-4.2389407358570277e-07,-1.2363329800035632e-06,7.117698251697287e-07
2.479292824776738e-06,-2.657533849896163e-06,2.176614095727936e-06,-4.1700627478318544e-07,-1.2184879483184376e-06,7.118641671697412e-07
2.4792925062728097e-06,-2.657533437544377e-06,2.1519690511705886e-06,-4.1029157920996307e-07,-1.200883479399199e-06,7.11956622330963e-07
2.4792921921279123e-06,-2.657533030366175e-06,2.127498875133442e-06,-4.037459292075583e-07,-1.183516720349244e-06,7.120472281739815e-07
2.479291882164533e-06,-2.6575326281716925e-06,2.1032054243022e-06,-3.97365359488195e-07,-1.1663848426972064e-06,7.121360219139233e-07
2.479291576459775e-06,-2.6575322310487456e-06,2.0790904285923222e-06,-3.9114599280493427e-07,-1.149485041952861e-06,7.122230399192202e-07
2.4792912747181764e-06,-2.6575318386922043e-06,2.0551554938205835e-06,-3.850840398406582e-07,-1.132814538134473e-06,7.123083174201802e-07
2.4792909769072862e-06,-2.6575314510611573e-06,2.0314021070260347e-06,-3.7917579598842713e-07,-1.1163705749083677e-06,7.123918894249226e-07
2.4792906830283903e-06,-2.657531068173229e-06,2.0078316398825386e-06,-3.734176406853533e-07,-1.1001504206158823e-06,7.124737897895717e-07
2.479290392790988e-06,-2.6575306897090638e-06,1.98444535231071e-06,-3.678060346370452e-07,-1.0841513681068239e-06,7.125540520647983e-07
2.4792901061544755e-06,-2.657530315635858e-06,1.961244396262603e-06,-3.623375185963669e-07,-1.06837073451742e-06,7.126327092043933e-07
2.479289823275207e-06,-2.6575299461213277e-06,1.9382298191042844e-06,-3.5700871103197505e-07,-1.0528058611870423e-06,7.127097929685243e-07
2.479289543994471e-06,-2.6575295810007158e-06,1.9154025674838913e-06,-3.51816307129118e-07,-1.037454113852493e-06,7.127853348535505e-07
2.479289268014434e-06,-2.6575292199575426e-06,1.8927634903307295e-06,-3.4675707645817293e-07,-1.0223128827035067e-06,7.128593660226328e-07
2.4792889954348215e-06,-2.657528863095506e-06,1.8703133421404724e-06,-3.418278620864689e-07,-1.0073795824660114e-06,7.1293191634817e-07
2.4792887260757918e-06,-2.6575285102325625e-06,1.8480527861224579e-06,-3.3702557846886555e-07,-9.926516520413005e-07,7.130030155359044e-07
2.47928846024957e-06,-2.657528161701724e-06,1.8259823979900853e-06,-3.323472095603748e-07,-9.781265546448038e-07,7.130726924865417e-07
2.479288197399504e-06,-2.6575278169014447e-06,1.8041026676506008e-06,-3.2778980770593996e-07,-9.638017777783246e-07,7.131409758786229e-07
2.4792879375748723e-06,-2.6575274758903936e-06,1.7824140036705561e-06,-3.2335049253021444e-07,-9.496748332855469e-07,7.132078933774929e-07
2.4792877016615208e-06,-2.6575271191172046e-06,1.7464338764002133e-06,-3.206090731928794e-07,-9.305345931453377e-07,7.13273480914725e-07
2.4792875927986576e-06,-2.6575266506448727e-06,1.6248672825578786e-06,-3.273549375467368e-07,-8.807389523461492e-07,7.133379810943275e-07
2.4792877291622297e-06,-2.6575259591572066e-06,1.3355402614956778e-06,-3.525728081156321e-07,-7.70739263055625e-07,7.134025034377895e-07
2.4792882231194747e-06,-2.657524938729023e-06,8.002924157920081e-07,-4.0482118713798374e-07,-5.724416181315992e-07,7.134697869089611e-07
2.4792891820168353e-06,-2.657523489575998e-06,-5.5059558595172593e-08,-4.922414654472715e-07,-2.591982904914283e-07,7.135448674666004e-07
2.4792890490675764e-06,-2.6575230609504813e-06,-5.396203695125339e-08,-4.863227642974062e-07,-2.5420492828219736e-07,7.136352751156894e-07
2.4792889721667587e-06,-2.657522581428574e-06,-5.288646555099866e-08,-4.807371035798973e-07,-2.4951057987159717e-07,7.137524896969556e-07
2.479288958201463e-06,-2.657522042152543e-06,-5.1832405784079226e-08,-4.7559443698571504e-07,-2.4521744968774955e-07,7.139114695519698e-07
2.4792890139166556e-06,-2.6575214348171357e-06,-5.0799426842302984e-08,-4.7103548836413666e-07,-2.4145628769023844e-07,7.141311990796828e-07
2.4792891454869703e-06,-2.657520751224237e-06,-4.9787107591398264e-08,-4.6723366608004784e-07,-2.3838816930769592e-07,7.144348976525678e-07
2.4792893586565736e-06,-2.6575199834749137e-06,-4.8795034587222894e-08,-4.6439647388522547e-07,-2.3620580958123196e-07,7.148501457113799e-07
2.479289658521592e-06,-2.6575191237461615e-06,-4.782280280324978e-08,-4.627664487237147e-07,-2.3513443882518243e-07,7.154089249436563e-07
2.479290049741114e-06,-2.6575181645833607e-06,-4.687001569376033e-08,-4.6262166432908887e-07,-2.3543227771930725e-07,7.161475829123088e-07
2.4792905367749146e-06,-2.657517099163137e-06,-4.593628455290588e-08,-4.6427582648179417e-07,-2.373906367291775e-07,7.171067169176967e-07
2.479291123139253e-06,-2.657515920539793e-06,-4.5021227907853095e-08,-4.6807799822926025e-07,-2.4133367221776464e-07,7.183309865127606e-07
2.47929181208161e-06,-2.657514622403868e-06,-4.4124472275319566e-08,-4.744119811590179e-07,-2.4761782650419927e-07,7.198688512066011e-07
2.4792926061797635e-06,-2.657513198682456e-06,-4.3245651634220115e-08,-4.836953829228804e-07,-2.566309774881085e-07,7.217722428571091e-07
2.4792935075301727e-06,-2.6575116437701287e-06,-4.238440741253481e-08,-4.96378397435492e-07,-2.687913257061255e-07,7.240961723407214e-07
2.4792945179468753e-06,-2.657509952790547e-06,-4.154038805900018e-08,-5.129423272791707e-07,-2.8454604138586223e-07,7.268982754115099e-07
2.4792956384470625e-06,-2.657508121054654e-06,-4.071324887396972e-08,-5.338978714076753e-07,-3.0436969625532006e-07,7.302383032820227e-07
2.4792968689342983e-06,-2.6575061437707016e-06,-3.990265256188216e-08,-5.597832016856217e-07,-3.287625034779419e-07,7.341775605847294e-07
2.4792982101649256e-06,-2.6575040181580376e-06,-3.9108268203741376e-08,-5.911618593497817e-07,-3.5824838500343206e-07,7.387782967823579e-07
2.479299660893904e-06,-2.657501740429723e-06,-3.832977147099678e-08,-6.2862048149529e-07,-3.9337288898290283e-07,7.441030566599203e-07
2.4793012201440226e-06,-2.657499308238278e-06,-3.7566844773856836e-08,-6.727663892281067e-07,-4.3470097534498655e-07,7.502139930192629e-07
2.4793028861908922e-06,-2.657496719603198e-06,-3.681917638499748e-08,-7.242250572456979e-07,-4.828146913210489e-07,7.571721503087866e-07
2.479304656652478e-06,-2.65749397304253e-06,-3.60864614968829e-08,-7.836374778355338e-07,-5.383107504087203e-07,7.650367226271412e-07
2.479306528769728e-06,-2.657491067860104e-06,-3.5368400713581065e-08,-8.516574454926633e-07,-6.017980351463415e-07,7.738642930589242e-07
2.479308499102594e-06,-2.6574880038559943e-06,-3.4664701155364544e-08,-9.28948777033342e-07,-6.738950389639045e-07,7.837080605982743e-07
2.479310563375906e-06,-2.6574847811526126e-06,-3.397507579796079e-08,-1.0161824830808967e-06,-7.552272613768516e-07,7.946170596861036e-07
2.4793127175557866e-06,-2.6574814013496765e-06,-3.3299242441800425e-08,-1.1140339096865872e-06,-8.464245739532558e-07,8.066353802349322e-07
2.4793149561719686e-06,-2.657477865753528e-06,-3.2636925880566216e-08,-1.2231798635191527e-06,-9.481185655475816e-07,8.19801393500556e-07
2.4793172740078494e-06,-2.6574741771510685e-06,-3.19878555806559e-08,-1.3442957367212765e-06,-1.0609398867573063e-06,8.341469885736958e-07
2.479319664698954e-06,-2.6574703383223076e-06,-3.135176663217588e-08,-1.4780526435343799e-06,-1.1855155999306657e-06,8.496968284033467e-07
2.4793221219011556e-06,-2.6574663532814337e-06,-3.072839953341162e-08,-1.6251145822364713e-06,-1.3224665484645622e-06,8.664676295147823e-07
2.4793246385918972e-06,-2.6574622265132625e-06,-3.0117499770068133e-08,-1.786135635160599e-06,-1.4724047577716077e-06,8.844674704143288e-07
2.479327207116392e-06,-2.6574579630037926e-06,-2.9518818049574383e-08,-1.9617572167859113e-06,-1.6359308746886791e-06,9.036951358214994e-07
2.479329819391873e-06,-2.6574535684409045e-06,-2.893210973599136e-08,-2.1526053822247905e-06,-1.8136316582055863e-06,9.241395016768131e-07
2.479332467581674e-06,-2.6574490499200147e-06,-2.8357135801767275e-08,-2.359288203655575e-06,-2.0060775274812956e-06,9.457789654182559e-07
2.4793351423198336e-06,-2.657444414013537e-06,-2.779366112722196e-08,-2.582393225247981e-06,-2.2138201767789063e-06,9.685809259247875e-07
2.4793378347963532e-06,-2.657439668969743e-06,-2.724145618900411e-08,-2.8224850067952603e-06,-2.437390265729326e-06,9.925013190805093e-07
2.479340535193372e-06,-2.6574348230158556e-06,-2.670029533406402e-08,-3.080102755609019e-06,-2.6772951887261555e-06,1.0174842106265478e-06
2.4793432339278625e-06,-2.6574298856517496e-06,-2.6169957285336086e-08,-3.355758067437846e-06,-2.9340169338046352e-06,1.043461453047047e-06
2.4793459205472094e-06,-2.657424866430816e-06,-2.565022608707488e-08,-3.6499327669728568e-06,-3.208010033363864e-06,1.0703524057814813e-06
2.4793485847825138e-06,-2.657419776043033e-06,-2.5140889527589358e-08,-3.9630768659257685e-06,-3.4996996136434332e-06,1.0980637248261943e-06
2.4793512156688313e-06,-2.657414625344464e-06,-2.4641739638590913e-08,-4.295606636570072e-06,-3.8094795480615196e-06,1.1264892232525748e-06
2.4793538024303633e-06,-2.6574094262504772e-06,-2.4152572668505577e-08,-4.647902807517657e-06,-4.1377107171344775e-06,1.1555098033175716e-06
2.4793563336505444e-06,-2.657404190803241e-06,-2.36731892425934e-08,-5.020308883951344e-06,-4.484719378835942e-06,1.1849934630878185e-06
2.4793587979300175e-06,-2.657398931834356e-06,-2.320339338559698e-08,-5.413129597753411e-06,-4.850795654280473e-06,1.2147953779173958e-06
2.479361183742305e-06,-2.6573936627543534e-06,-2.274299344770214e-08,-5.826629486752947e-06,-5.236192129342278e-06,1.244758057570258e-06
2.479363479289083e-06,-2.6573883973566613e-06,-2.229180147419923e-08,-6.261031607199881e-06,-5.641122575484292e-06,1.2747115790376445e-06
2.4793656726806544e-06,-2.6573831499489568e-06,-2.1849633172101848e-08,-6.71651638079793e-06,-6.065760790102804e-06,1.3044738946601645e-06
2.4793677523727613e-06,-2.657377935774026e-06,-2.1416308496606388e-08,-7.193220573631944e-06,-6.5102395616335135e-06,1.3338512144200518e-06
2.4793697062485347e-06,-2.657372769974474e-06,-2.099164976245173e-08,-7.691236414428161e-06,-6.974649754756058e-06,1.362638463650848e-06
2.479371522164562e-06,-2.657367668117935e-06,-2.057548469174828e-08,-8.210610842488376e-06,-7.459039520276646e-06,1.3906198095500228e-06
2.4793731883706664e-06,-2.657362646595719e-06,-2.01676425907461e-08,-8.751344893957853e-06,-7.963413629633362e-06,1.4175692605936884e-06
2.4793746925231458e-06,-2.657357721506622e-06,-1.9767957309394476e-08,-9.313393217434102e-06,-8.487732931054193e-06,1.4432513310748798e-06
2.479376023081842e-06,-2.657352910104237e-06,-1.93762659532549e-08,-9.89666372402357e-06,-9.031913930781781e-06,1.4674217729269047e-06
2.4793771684620756e-06,-2.6573482298239863e-06,-1.8992408444708467e-08,-1.0501017366295185e-05,-9.595828494035824e-06,1.4898283676013932e-06
2.479378116693728e-06,-2.6573436978694894e-06,-1.8616227961420613e-08,-1.1126268042911017e-05,-1.0179303669404552e-05,1.5102117769428719e-06
2.479378856011978e-06,-2.6573393317846714e-06,-1.824757099768478e-08,-1.1772182631043574e-05,-1.0782121630781179e-05,1.528306449887073e-06
2.479379375335165e-06,-2.657335149912895e-06,-1.7886287431542644e-08,-1.2438481140029382e-05,-1.140401973876041e-05,1.5438415795220413e-06
2.479379663198195e-06,-2.6573311701963555e-06,-1.7532229016647636e-08,-1.3124836984038379e-05,-1.2044690717470394e-05,1.5565421069592997e-06
2.479379708925132e-06,-2.6573274113801716e-06,-1.7185252175488222e-08,-1.3830877371649779e-05,-1.2703782944730811e-05,1.5661297681605656e-06
2.4793795013411476e-06,-2.657323891578049e-06,-1.684521464606535e-08,-1.45561838065612e-05,-1.3380900853233297e-05,1.5723241801186551e-06
2.4793790302621866e-06,-2.6573206298117864e-06,-1.6511977926043372e-08,-1.5300292699986155e-05,-1.4075605443549094e-05,1.5748439581492423e-06
2.4793782849602333e-06,-2.6573176443173896e-06,-1.618540580797913e-08,-1.6062696086524348e-05,-1.4787414899388304e-05,1.573407864033162e-06
2.4793772558147416e-06,-2.657314954261185e-06,-1.5865365437493008e-08,-1.6842842442394435e-05,-1.5515805308663436e-05,1.5677359769567645e-06
2.4793759334986273e-06,-2.6573125788147327e-06,-1.555172555344285e-08,-1.764013760047827e-05,-1.6260211484695055e-05,1.557550884152005e-06
2.4793743080949527e-06,-2.6573105361601537e-06,-1.524435863469439e-08,-1.8453945759845077e-05,-1.702002788261912e-05,1.5425788843355622e-06
2.47937237080554e-06,-2.6573088452711477e-06,-1.4943138763712954e-08,-1.9283590584537554e-05,-1.779460961291105e-05,1.522551200352683e-06
2.4793701135004527e-06,-2.6573075253791184e-06,-1.4647943513390795e-08,-2.012835638817821e-05,-1.8583273543089328e-05,1.4972051954467893e-06
2.47936752749645e-06,-2.6573065946207853e-06,-1.4358651986044015e-08,-2.0987489398844828e-05,-1.9385299487348663e-05,1.466285588065173e-06
2.4793646047951215e-06,-2.6573060713143234e-06,-1.4075146276293347e-08,-2.1860199100884424e-05,-2.0199931479793025e-05,1.4295456592056352e-06
2.4793613388121645e-06,-2.657305974697588e-06,-1.3797310810710906e-08,-2.2745659654331745e-05,-2.1026379129020264e-05,1.3867484491155902e-06
2.479357721921731e-06,-2.6573063222500626e-06,-1.3525031983813825e-08,-2.364301137561217e-05,-2.1863819046980504e-05,1.3376679358530026e-06
2.4793537478378155e-06,-2.6573071322030304e-06,-1.3258198697837744e-08,-2.455136229063116e-05,-2.2711396353080107e-05,1.282090192871344e-06
2.479349410385158e-06,-2.6573084221784557e-06,-1.2996702094009837e-08,-2.5469789745706324e-05,-2.356822624678607e-05,1.2198145200980558e-06
2.479344704124623e-06,-2.657310209817143e-06,-1.2740435268497174e-08,-2.6397342075898147e-05,-2.4433395645317494e-05,1.1506545418591783e-06
2.4793396241428647e-06,-2.6573125125113153e-06,-1.2489294110792288e-08,-2.7333040327297495e-05,-2.5305964884425253e-05,1.0744392700610655e-06
2.4793341656838943e-06,-2.65731534697343e-06,-1.2243175461306035e-08,-2.8275880029606383e-05,-2.6184969475987308e-05,9.910141257458087e-07
2.479328324754635e-06,-2.6573187298434454e-06,-1.2001979066565891e-08,-2.922483301423788e-05,-2.7069421921559276e-05,9.002419154399221e-07
2.4793220976722707e-06,-2.657322677162949e-06,-1.1765606736538528e-08,-3.0178849273716397e-05,-2.7958313574968945e-05,8.020037568838828e-07
2.4793154812542855e-06,-2.6573272045450936e-06,-1.1533961939576238e-08,-3.11368588626004e-05,-2.885061655290019e-05,6.961999521719276e-07
2.479308473365616e-06,-2.6573323277234144e-06,-1.130694992668e-08,-3.209777383248903e-05,-2.9745285688220348e-05,5.827508013631888e-07
2.4793010719004925e-06,-2.657338061421653e-06,-1.1084478248633856e-08,-3.306049019711586e-05,-3.0641260521082924e-05,4.6159735512080637e-07
2.4792932753741006e-06,-2.6573444199595132e-06,-1.0866455582732248e-08,-3.4023889929528204e-05,-3.1537467326750715e-05,3.3270210179250886e-07
2.479285082992161e-06,-2.65735141728517e-06,-1.065279376137705e-08,-3.4986842981804e-05,-3.243282117389464e-05,1.9604958426963934e-07
2.479276494566745e-06,-2.657359066851164e-06,-1.0443405285740152e-08,-3.594820932730634e-05,-3.332622800984305e-05,5.1646946333200065e-08
2.4792675102609656e-06,-2.657367381317813e-06,-1.0238204416845552e-08,-3.6906841021922936e-05,-3.421658676861821e-05,-1.0047559774422315e-07
2.4792581310296347e-06,-2.657376372978409e-06,-1.003710755404494e-08,-3.786158427984959e-05,-3.510279149901237e-05,-2.602643717214744e-07
2.4792483582495475e-06,-2.6573860533435103e-06,-9.84003244475146e-09,-3.881128156191928e-05,-3.5983733505514436e-05,-4.27641926000551e-07
2.4792381941750306e-06,-2.6573964335869365e-06,-9.646898900963721e-09,-3.975477367048169e-05,-3.685830350142129e-05,-6.025068089151932e-07
2.4792276414089654e-06,-2.6574075239669847e-06,-9.457628036435968e-09,-4.069090185316467e-05,-3.77253937681662e-05,-7.847334248458723e-07
2.4792167030750514e-06,-2.6574193339543566e-06,-9.272142554202091e-09,-4.161850990585856e-05,-3.8583900315008126e-05,-9.7417197685048e-07
2.4792053831429564e-06,-2.6574318725769524e-06,-9.090366689907966e-09,-4.253644627481256e-05,-3.943272503813775e-05,-1.170648499250834e-06
2.4791936860597057e-06,-2.6574451479781377e-06,-8.912226673752517e-09,-4.344356615384618e-05,-4.027077787176227e-05,-1.3739649776562295e-06
2.4791816169174838e-06,-2.6574591675834267e-06,-8.737649461560147e-09,-4.433873357434434e-05,-4.1096978928615166e-05,-1.5838995607885602e-06
2.4791691813156903e-06,-2.657473937915668e-06,-8.566563278815232e-09,-4.522082348415045e-05,-4.191026062514474e-05,-1.800206861930237e-06
2.479156385699298e-06,-2.6574894649360035e-06,-8.398899106944648e-09,-4.608872380902899e-05,-4.270956978491432e-05,-2.022618350147547e-06
2.479143236807192e-06,-2.6575057534274594e-06,-8.234588380668366e-09,-4.694133749902927e-05,-4.34938697192153e-05,-2.250842833954046e-06
2.4791297423847747e-06,-2.657522807746637e-06,-8.073563933606198e-09,-4.7777584550757435e-05,-4.426214227834212e-05,-2.4845670322791225e-06
2.4791159106875146e-06,-2.6575406312396363e-06,-7.915759582733257e-09,-4.859640400677799e-05,-4.501338986853368e-05,-2.723456235114957e-06
2.4791017501465726e-06,-2.6575592258961024e-06,-7.761111412333451e-09,-4.939675592481736e-05,-4.5746637431833126e-05,-2.967155052572009e-06
2.479087270453e-06,-2.6575785934702904e-06,-7.609556285947931e-09,-5.017762331543729e-05,-4.646093438378681e-05,-3.2152882480200434e-06
2.4790724816112157e-06,-2.6575987344525473e-06,-7.46103223233383e-09,-5.093801404573544e-05,-4.715535650470814e-05,-3.4674616555716144e-06
2.479057394076511e-06,-2.657619648210117e-06,-7.315478764697255e-09,-5.167696270296716e-05,-4.7829007779759895e-05,-3.7232631794168066e-06
2.47904201918286e-06,-2.657641333412752e-06,-7.172836202521408e-09,-5.23935324183102e-05,-4.8481022186273345e-05,-3.98226387031858e-06
2.479026369120362e-06,-2.6576637880107674e-06,-7.033046520123671e-09,-5.3086816642335e-05,-4.911056541944953e-05,-4.244019079116117e-06
2.479010455845028e-06,-2.657687008048887e-06,-6.896052505358184e-09,-5.375594087573292e-05,-4.971683655883047e-05,-4.508069680463854e-06
2.4789942928971595e-06,-2.657710989602861e-06,-6.761798391278519e-09,-5.440006434642092e-05,-5.029906966604713e-05,-4.7739433659455656e-06
2.4789778938903875e-06,-2.6577357271610033e-06,-6.630229357504728e-09,-5.501838163291144e-05,-5.085653531489946e-05,-5.041156000957218e-06
2.4789612725969812e-06,-2.6577612137054133e-06,-6.501291796848383e-09,-5.561012422861857e-05,-5.138854204674597e-05,-5.309213041888905e-06
2.478944444522538e-06,-2.6577874423904426e-06,-6.374932741333922e-09,-5.617456204832158e-05,-5.1894437750731187e-05,-5.577611006431035e-06
2.4789274249824596e-06,-2.657814404511985e-06,-6.2511010893344035e-09,-5.6711004867571156e-05,-5.2373610963494065e-05,-5.845838996713633e-06
2.478910229436203e-06,-2.657842089819333e-06,-6.129745983186515e-09,-5.72188036979247e-05,-5.282549208719186e-05,-6.113380264703585e-06
2.4788928747246527e-06,-2.6578704879085404e-06,-6.010818127116699e-09,-5.769735209201565e-05,-5.324955452259162e-05,-6.379713819263126e-06
2.478875377994e-06,-2.657899587016039e-06,-5.894268555201148e-09,-5.8146087377124554e-05,-5.3645315715092665e-05,-6.644316065335767e-06
2.4788577567421954e-06,-2.657929374132613e-06,-5.7800503460199525e-09,-5.856449181192249e-05,-5.4012338108128426e-05,-6.906662471678951e-06
2.4788400288326603e-06,-2.6579598350152003e-06,-5.668116152754534e-09,-5.8952093668607824e-05,-5.4350230008222503e-05,-7.16622926094019e-06
2.478822212974852e-06,-2.6579909547188856e-06,-5.55842064269492e-09,-5.930846823188717e-05,-5.465864635281669e-05,-7.422495113902606e-06
2.4788043282449504e-06,-2.6580227171121738e-06,-5.4509188266196474e-09,-5.9633238717243045e-05,-5.493728938348045e-05,-7.674942884458286e-06
2.4787863940395677e-06,-2.6580551048498174e-06,-5.345567054530114e-09,-5.9926077103714535e-05,-5.518590922158714e-05,-7.923061316427601e-06
2.4787684302817227e-06,-2.658088099647064e-06,-5.242322642304104e-09,-6.0186704877082785e-05,-5.540430434354283e-05,-8.166346756326423e-06
2.4787504568990206e-06,-2.6581216817355937e-06,-5.1411428866343424e-09,-6.04148936854601e-05,-5.55923219576217e-05,-8.404304856058367e-06
2.4787324951814047e-06,-2.6581558313593654e-06,-5.0419869999814585e-09,-6.061046589995465e-05,-5.5749858276690256e-05,-8.636452257996246e-06
2.4787145656221087e-06,-2.658190526536897e-06,-4.9448140559848635e-09,-6.0773295081299573e-05,-5.5876858690872685e-05,-8.862318254695402e-06
2.47869668951093e-06,-2.6582257447833132e-06,-4.8495845250538775e-09,-6.090330634878212e-05,-5.59733178341344e-05,-9.081446419880032e-06
2.4786788884201162e-06,-2.658261462625832e-06,-4.75625972854555e-09,-6.100047665102931e-05,-5.603927954916946e-05,-9.293396198726393e-06
2.478661184163098e-06,-2.658297655640786e-06,-4.66480149140332e-09,-6.106483493243231e-05,-5.607483674573397e-05,-9.497744455194421e-06
2.4786435988174324e-06,-2.6583342985068647e-06,-4.575172162026499e-09,-6.109646219698634e-05,-5.608013115567379e-05,-9.694086967040412e-06
2.47862615439285e-06,-2.6583713647584313e-06,-4.487335411886086e-09,-6.10954914669922e-05,-5.6055352980954034e-05,-9.882039862682047e-06
2.478608873135691e-06,-2.658408827152857e-06,-4.401255458679366e-09,-6.106210763106867e-05,-5.60007404379665e-05,-1.0061240993254367e-05
2.478591777789193e-06,-2.658446658055717e-06,-4.3168971573000875e-09,-6.0996547186471376e-05,-5.591657919633806e-05,-1.0231351232765233e-05
2.478574890621846e-06,-2.658484828466811e-06,-4.2342259032075385e-09,-6.0899097864616334e-05,-5.580320171243452e-05,-1.0392055701590216e-05
2.478558233760637e-06,-2.6585233084679856e-06,-4.153208311411019e-09,-6.077009814746813e-05,-5.5660986459308437e-05,-1.0543064904716449e-05
2.478541830037255e-06,-2.6585620682367354e-06,-4.073810932018351e-09,-6.060993666757701e-05,-5.549035705281364e-05,-1.0684115782279116e-05
2.478525701406537e-06,-2.6586010764546313e-06,-3.996001242292013e-09,-6.041905149276334e-05,-5.5291781274246974e-05,-1.0814972662620763e-05
2.478509870096505e-06,-2.6586403015921885e-06,-3.919748023117972e-09,-6.0197929292563263e-05,-5.506576999276463e-05,-1.0935428116027427e-05
2.478494357905647e-06,-2.6586797113553738e-06,-3.845019858627268e-09,-5.9947104387212775e-05,-5.4812875985436386e-05,-1.1045303702397205e-05
2.478479186968153e-06,-2.6587192735243824e-06,-3.77178593979786e-09,-5.966715768005807e-05,-5.453369265962778e-05,-1.1144450608788776e-05
2.478464378525096e-06,-2.6587589548136885e-06,-3.700016986081181e-09,-5.9358715467952146e-05,-5.422885267685035e-05,-1.1232750171049153e-05
2.4784499537730464e-06,-2.658798721857131e-06,-3.6296833088221067e-09,-5.902244813374596e-05,-5.389902648182663e-05,-1.1310114279076362e-05
2.478435932878832e-06,-2.658838540328674e-06,-3.5607562443704466e-09,-5.865906872187243e-05,-5.3544920737547194e-05,-1.1376485658209326e-05
2.4784223362732964e-06,-2.658878376404335e-06,-3.4932078888345067e-09,-5.826933139380447e-05,-5.3167276669567086e-05,-1.1431838026522746e-05
2.4784091838522827e-06,-2.6589181960578253e-06,-3.4270102755615624e-09,-5.785402976705036e-05,-5.276686832115153e-05,-1.1476176125223848e-05
2.478396494554767e-06,-2.6589579647373035e-06,-3.362136749678422e-09,-5.7413995138685805e-05,-5.2344500723184486e-05,-1.1509535619639026e-05
2.478384287126053e-06,-2.6589976483117393e-06,-3.2985605584637e-09,-5.695009459464377e-05,-5.190100798067174e-05,-1.153198286966617e-05
2.478372578879154e-06,-2.6590372118862703e-06,-3.2362561678713237e-09,-5.646322900864797e-05,-5.143725128058487e-05,-1.1543614569817804e-05
2.4783613874473897e-06,-2.6590766218011414e-06,-3.1751977196791446e-09,-5.595433092934696e-05,-5.095411682415486e-05,-1.15445572585494e-05
2.4783507288654418e-06,-2.6591158437454e-06,-3.1153605578357753e-09,-5.542436236519618e-05,-5.0452513685668916e-05,-1.1534966696540176e-05
2.47834061862041e-06,-2.6591548439774185e-06,-3.0567198137726326e-09,-5.487431246509009e-05,-4.993337160634725e-05,-1.151502711685422e-05
2.4783310710845405e-06,-2.659193588882826e-06,-2.9992519317582837e-09,-5.4305195101516515e-05,-4.939763872235592e-05,-1.1484950348050757e-05
2.478322100205006e-06,-2.659232045829318e-06,-2.942933579404943e-09,-5.37180463610072e-05,-4.884627923619874e-05,-1.1444974813712853e-05
2.4783137181144207e-06,-2.6592701818496776e-06,-2.887741571432129e-09,-5.3113921947324654e-05,-4.828027103398555e-05,-1.1395364409796352e-05
2.47830593681311e-06,-2.65930796553362e-06,-2.833653495574054e-09,-5.2493894501160046e-05,-4.770060325523901e-05,-1.1336407268111584e-05
2.478298766520691e-06,-2.6593453654160954e-06,-2.7806469477796584e-09,-5.18590508453351e-05,-4.710827382020741e-05,-1.1268414406187959e-05
2.478292216615186e-06,-2.6593823511366073e-06,-2.7287010138156333e-09,-5.121048916205806e-05,-4.650428692029062e-05,-1.1191718272666557e-05
2.4782862952514773e-06,-2.6594188930916686e-06,-2.6777935307063977e-09,-5.0549316106674866e-05,-4.588965047987804e-05,-1.1106671192203863e-05
2.47828100923914e-06,-2.659454962495531e-06,-2.6279041170719226e-09,-4.9876643871904186e-05,-4.5265373593344975e-05,-1.1013643718129915e-05
2.4782763642244712e-06,-2.6594905316481345e-06,-2.5790126594587667e-09,-4.919358720533198e-05,-4.463246394692295e-05,-1.0913022900937743e-05
2.47827236467718e-06,-2.659525574078506e-06,-2.5310990987789786e-09,-4.8501260391489893e-05,-4.399192522971713e-05,-1.0805210479556875e-05
2.4782690134570867e-06,-2.659560064106808e-06,-2.4841437848255884e-09,-4.780077421061881e-05,-4.334475454433564e-05,-1.0690621004597966e-05
2.4782663121712407e-06,-2.659593977460452e-06,-2.438127402042421e-09,-4.709323288111201e-05,-4.269193982362492e-05,-1.0569679904670723e-05
2.478264261244108e-06,-2.659627291313604e-06,-2.3930315489250366e-09,-4.637973099785057e-05,-4.203445726075567e-05,-1.044282150335243e-05
2.478262859494996e-06,-2.6596599840224652e-06,-2.3488377154336467e-09,-4.566135047586769e-05,-4.137326876176324e-05,-1.0310486999227643e-05
2.4782621044068035e-06,-2.659692035445482e-06,-2.305527512957546e-09,-4.493915751788276e-05,-4.070931943228265e-05,-1.017312241896328e-05
2.478261991895677e-06,-2.6597234268079955e-06,-2.263083762502344e-09,-4.421419960581637e-05,-4.004353510000526e-05,-1.00311765547711e-05
2.4782625164755934e-06,-2.6597541409287454e-06,-2.2214887548690894e-09,-4.348750254248711e-05,-3.9376819892202386e-05,-9.885098898261841e-06
2.47826367152769e-06,-2.6597841625709225e-06,-2.1807254662137467e-09,-4.276006754593331e-05,-3.8710053868510395e-05,-9.73533758284791e-06
2.4782654484992493e-06,-2.6598134776796906e-06,-2.140777572844014e-09,-4.2032868416454104e-05,-3.8044090725769166e-05,-9.582337345019746e-06
2.478267837383414e-06,-2.6598420738966225e-06,-2.1016287378775696e-09,-4.1306848786584414e-05,-3.737975558038168e-05,-9.426537519442065e-06
2.478270827244692e-06,-2.6598699411828645e-06,-2.0632626044091954e-09,-4.058291946943559e-05,-3.671784284348855e-05,-9.26837007818126e-06
2.4782744050305096e-06,-2.6598970705967198e-06,-2.0256638960686825e-09,-3.986195592138924e-05,-3.605911419395286e-05,-9.108257726193109e-06
2.4782785567991237e-06,-2.659923455635203e-06,-1.988817406495277e-09,-3.91447958306903e-05,-3.540429666544805e-05,-8.946612067697847e-06
2.4782832667233315e-06,-2.6599490911405507e-06,-1.9527077141268367e-09,-3.8432236849592186e-05,-3.47540808558926e-05,-8.783831851949804e-06
2.4782885179055136e-06,-2.659973974232031e-06,-1.9173201001267317e-09,-3.77250344847088e-05,-3.410911927205385e-05,-8.620301314374744e-06
2.4782942921136863e-06,-2.659998104032466e-06,-1.882640323653126e-09,-3.702390016089443e-05,-3.347002482061819e-05,-8.456388620568997e-06
2.478300569335558e-06,-2.6600214811632676e-06,-1.8486541507890535e-09,-3.632949947375091e-05,-3.2837369458328044e-05,-8.292444428398132e-06
2.4783073285702014e-06,-2.6600441085532085e-06,-1.81534783827084e-09,-3.564245064641576e-05,-3.2211683013620685e-05,-8.128800576258065e-06
2.478314547675716e-06,-2.6600659913473285e-06,-1.7827074569126718e-09,-3.496332320961653e-05,-3.1593452191425574e-05,-7.965768909960904e-06
2.4783222027502483e-06,-2.660087136154652e-06,-1.7507199721396005e-09,-3.429263691609335e-05,-3.0983119775165295e-05,-7.803640257737872e-06
2.4783302689935965e-06,-2.660107551937341e-06,-1.7193722391545082e-09,-3.3630860910594985e-05,-3.0381084039642676e-05,-7.642683562393672e-06
2.4783387203962915e-06,-2.660127249696883e-06,-1.6886514876924146e-09,-3.297841316710592e-05,-2.9787698385667522e-05,-7.483145181450846e-06
2.4783475293353657e-06,-2.6601462419532827e-06,-1.6585450805046247e-09,-3.233566021217801e-05,-2.920327121321407e-05,-7.325248362639343e-06
2.478356667832756e-06,-2.6601645440859083e-06,-1.6290409398586812e-09,-3.1702917153018736e-05,-2.8628066044767265e-05,-7.1691929016700466e-06
2.478366106476824e-06,-2.6601821731129095e-06,-1.6001267575809016e-09,-3.108044802177109e-05,-2.806230191487249e-05,-7.015154994282779e-06
2.4783758143231088e-06,-2.6601991475693547e-06,-1.5717907497581182e-09,-3.0468466455414242e-05,-2.7506154038378658e-05,-6.86328728306823e-06
2.4783857603166894e-06,-2.660215488909589e-06,-1.5440215126979016e-09,-2.9867136728604364e-05,-2.6959754773778458e-05,-6.713719112317057e-06
2.4783959118811658e-06,-2.6602312200488214e-06,-1.5168077000935495e-09,-2.927657515599792e-05,-2.6423194895634388e-05,-6.566556991187649e-06
2.4784062355743825e-06,-2.6602463659398257e-06,-1.490138100084066e-09,-2.8696851878934518e-05,-2.5896525192383107e-05,-6.421885274504404e-06
2.4784166971909388e-06,-2.660260953639314e-06,-1.4640020496529729e-09,-2.8127993055575004e-05,-2.5379758403146157e-05,-6.279767064933518e-06
2.4784272617253223e-06,-2.6602750122768254e-06,-1.4383886987178887e-09,-2.7569983472147568e-05,-2.4872871512337485e-05,-6.1402453415738955e-06
2.4784378929946027e-06,-2.66028857251457e-06,-1.4132873799029582e-09,-2.702276959051174e-05,-2.4375808413752945e-05,-6.0033443196676976e-06
2.4784485546098387e-06,-2.6603016676403133e-06,-1.3886885903523527e-09,-2.6486263051247173e-05,-2.3888482965596744e-05,-5.869071045718691e-06
2.478459209215017e-06,-2.6603143326620177e-06,-1.3645813068047077e-09,-2.5960344652029354e-05,-2.3410782449656622e-05,-5.737417233638914e-06
2.47846981852437e-06,-2.660326604319129e-06,-1.3409561305486615e-09,-2.544486881394847e-05,-2.2942571451669413e-05,-5.608361344144026e-06
2.4784803436307224e-06,-2.66033852141085e-06,-1.3178034862845572e-09,-2.4939668561751038e-05,-2.2483696182111957e-05,-5.481870916764784e-06
2.4784907454152544e-06,-2.660350125185376e-06,-1.2951140722117222e-09,-2.444456103088254e-05,-2.203398925384838e-05,-5.3579051541138e-06
